# Blender 4.0.2
# www.blender.org
mtllib old_lady.mtl
o Hair
v 7.927254 113.770096 -3.919200
v 0.726188 115.754730 -8.222183
v 4.234547 114.344482 -7.008671
v 8.637640 120.880493 0.409412
v 8.503002 118.587387 -1.875168
v 1.644981 120.862930 -7.174225
v 3.318106 123.445602 -4.616360
v 6.589827 119.951111 -5.171673
v 5.787090 123.711166 -2.584171
v 8.379726 112.644287 -1.529739
v 7.716316 120.035202 -4.534008
v 7.647264 116.371735 -3.264691
v 7.572781 115.104523 7.257370
v 8.706945 113.805481 3.334685
v 8.077850 121.644531 -0.618248
v 8.445065 121.955429 4.056335
v 10.363384 117.076294 1.618614
v 8.627878 119.855270 6.350899
v 3.863295 109.299088 10.195381
v 4.780993 109.280777 10.186890
v 5.684956 109.139359 9.417740
v 5.353096 109.120346 9.926918
v 5.572855 109.138611 10.342804
v 5.854336 109.229706 9.618210
v 4.852482 109.188126 10.741745
v 3.798182 109.272507 10.564713
v 3.829928 109.273254 10.375198
v 4.785661 109.247055 10.380692
v 5.768837 109.171997 9.513123
v 5.431900 109.142075 10.051239
v 3.384314 108.936172 9.989059
v 4.204967 108.661118 9.978950
v 5.679882 109.043701 9.408256
v 5.353015 108.703903 9.578846
v 4.798120 108.598129 9.888683
v 3.420769 108.796982 10.165165
v 4.153006 108.386612 10.274948
v 5.803482 109.047821 9.404648
v 5.546690 108.315979 9.959728
v 4.957630 108.231674 10.204658
v 5.407415 108.585983 9.706654
v 4.835438 108.490952 9.984043
v 5.775003 109.062775 9.415642
v 4.136549 108.599915 10.064315
v 3.376890 108.916336 10.097950
v -0.685676 109.225922 11.130241
v -1.532617 109.181122 11.481331
v -2.661458 109.013870 11.125687
v -2.156370 109.004318 11.464134
v -2.196171 109.016129 11.933044
v -2.741165 109.099243 11.377472
v -1.378701 109.086319 12.018799
v -0.480494 109.201126 11.444298
v -0.583907 109.201004 11.282349
v -1.460147 109.147232 11.661102
v -2.702134 109.044052 11.246651
v -2.180758 109.023727 11.609619
v -0.312879 108.892792 10.756836
v -1.061883 108.597412 11.074600
v -2.653974 108.929092 11.126282
v -2.275483 108.601822 11.158752
v -1.640312 108.517578 11.226227
v -0.272546 108.757187 10.934887
v -0.888738 108.331757 11.329788
v -2.769084 108.930084 11.171616
v -2.290925 108.218903 11.590255
v -1.650603 108.155319 11.584335
v -2.271336 108.485855 11.299213
v -1.633588 108.411942 11.329987
v -2.739080 108.946014 11.170296
v -0.963441 108.540070 11.126900
v -0.262567 108.875870 10.854240
v 6.770359 97.214836 0.103394
v 6.103920 97.183380 0.311211
v 2.030898 116.824097 12.259933
v 8.469147 118.027283 7.536125
v 6.437138 97.199104 0.207302
v 4.485216 118.351303 11.851608
v 2.787354 114.720840 13.120567
v 6.311483 112.573822 10.344429
v 6.638628 109.038025 8.376530
v 6.787995 106.130569 3.082054
v 5.966305 101.298309 1.346302
v 7.751158 101.042816 3.646721
v 8.969902 108.171051 3.309906
v 7.482258 111.222900 5.277100
v 7.468504 113.782990 5.749565
v 8.049412 116.474823 6.117698
v 5.883408 101.122879 2.623985
v 8.047165 106.149261 2.306740
v 7.640224 109.993042 6.795125
v 8.299469 113.082611 8.236740
v 7.469200 115.703247 9.633595
v 6.686878 106.290009 2.640282
v 6.254923 106.429932 1.751114
v 7.313398 112.377029 6.060721
v 9.016720 117.132935 4.970657
v 6.995531 105.694611 1.891850
v 8.057514 115.431824 7.714637
v 7.378344 111.205063 5.105056
v 8.403364 113.196762 2.347008
v 8.422232 112.138977 4.179913
v 6.455561 109.301086 4.289863
v 6.919067 110.579102 2.252068
v 7.216093 109.645584 3.432822
v 2.426546 104.850456 -6.827217
v -4.451306 104.527588 -6.815598
v 4.699753 109.266754 -2.593354
v -6.944828 108.591660 -1.532584
v -0.939202 105.403511 -10.289413
v -1.111600 109.270477 -4.594121
v -7.092838 101.972595 6.534294
v -6.144680 102.054871 6.198029
v -8.245096 113.064224 4.669312
v -2.633659 116.758987 12.213028
v -6.652467 101.895966 6.681347
v -6.098559 115.868073 9.838371
v -6.698159 108.870361 5.024445
v -7.499393 106.531845 5.725449
v -5.584350 107.236053 7.115845
v -4.497617 111.118668 10.540432
v -7.092630 106.709610 6.640366
v -7.367009 109.957764 8.257103
v -4.481839 105.261383 -5.944748
v -6.165709 104.587387 0.250079
v -8.150457 109.623199 -2.893498
v -8.065483 111.428970 1.937442
v -5.226295 107.972557 -4.793384
v -7.250561 108.377670 0.832554
v -4.078291 107.326965 -4.949278
v -6.079138 107.274506 0.646137
v -5.325825 104.911339 -3.471370
v -8.602562 109.857880 0.958912
v -7.449098 107.858688 -1.895267
v -5.233813 107.174057 -2.606571
v 4.618231 106.033325 -1.907513
v 1.205987 105.117188 -5.742795
v 6.693688 109.790161 -1.067872
v 2.206751 110.374298 -5.631995
v -10.088231 114.923508 -1.995853
v -11.747022 114.397720 1.760590
v -6.963068 120.027405 -1.903389
v -8.666681 118.847549 5.902214
v -9.405773 118.206543 -1.461739
v -10.829815 117.737564 4.211426
v -11.549967 113.924438 -1.129013
v -7.817121 121.239014 1.946743
v -10.304716 118.793106 1.468094
v 7.924538 113.768707 -3.915466
v 0.726446 115.752533 -8.216667
v 4.233356 114.342850 -7.003662
v 8.634628 120.876160 0.411358
v 8.500046 118.584000 -1.872281
v 1.644861 120.858612 -7.169144
v 3.317292 123.440201 -4.612339
v 6.587662 119.947174 -5.167423
v 5.785257 123.705673 -2.580986
v 8.376820 112.643372 -1.526993
v 7.713686 120.031235 -4.530018
v 7.644663 116.369263 -3.261223
v 7.570210 115.102585 7.256485
v 8.703905 113.804077 3.335418
v 8.075071 121.639877 -0.615876
v 8.442135 121.950653 4.056778
v 10.359661 117.073532 1.620056
v 8.624870 119.851364 6.350388
v 3.862263 109.299698 10.193321
v 4.779581 109.281387 10.184830
v 5.683170 109.140030 9.416008
v 5.351448 109.121017 9.924973
v 5.571117 109.139282 10.340691
v 5.852482 109.230316 9.616379
v 4.851040 109.188782 10.739456
v 3.797175 109.273117 10.562492
v 3.828909 109.273865 10.373062
v 4.784246 109.247681 10.378555
v 5.767017 109.172653 9.511345
v 5.430220 109.142746 10.049240
v 3.383488 108.936768 9.987038
v 4.203802 108.661850 9.976928
v 5.678108 109.044281 9.406470
v 5.351376 108.704605 9.576996
v 4.796709 108.598892 9.886703
v 3.419928 108.797638 10.163071
v 4.151862 108.387436 10.272808
v 5.801657 109.048401 9.402866
v 5.544971 108.316849 9.957718
v 4.956154 108.232574 10.202548
v 5.405753 108.586746 9.704746
v 4.834012 108.491760 9.982018
v 5.773191 109.063339 9.413857
v 4.135411 108.600677 10.062255
v 3.376068 108.916962 10.095879
v -0.684822 109.226562 11.127800
v -1.531412 109.181793 11.478745
v -2.659785 109.014603 11.123253
v -2.154908 109.005051 11.461555
v -2.194692 109.016861 11.930267
v -2.739460 109.099930 11.374924
v -1.377560 109.087021 12.015991
v -0.479724 109.201782 11.441727
v -0.583095 109.201675 11.279839
v -1.458972 109.147919 11.658440
v -2.700445 109.044769 11.244164
v -2.179286 109.024460 11.606979
v -0.312210 108.893387 10.754486
v -1.060905 108.598129 11.072117
v -2.652337 108.929672 11.123779
v -2.274002 108.602539 11.156242
v -1.639094 108.518326 11.223686
v -0.271894 108.757828 10.932465
v -0.887830 108.332581 11.327202
v -2.767400 108.930664 11.169094
v -2.289438 108.219788 11.587565
v -1.649381 108.156219 11.581650
v -2.269856 108.486618 11.296638
v -1.632374 108.412720 11.327404
v -2.737408 108.946594 11.167782
v -0.962504 108.540802 11.124393
v -0.261917 108.876480 10.851849
v 6.768119 97.220291 0.105461
v 6.101955 97.188850 0.313194
v 2.030619 116.821457 12.256979
v 8.466206 118.024139 7.535122
v 6.435036 97.204559 0.209328
v 4.483921 118.348038 11.848827
v 2.786761 114.719070 13.117256
v 6.309434 112.572937 10.342274
v 6.636442 109.038574 8.375175
v 6.785748 106.132324 3.082893
v 5.964397 101.302094 1.347858
v 7.748512 101.046692 3.647327
v 8.966753 108.171997 3.310654
v 7.479723 111.222580 5.277031
v 7.465977 113.781586 5.749302
v 8.046642 116.472321 6.117282
v 5.881535 101.126709 2.625015
v 8.044399 106.151016 2.307899
v 7.637626 109.993210 6.794431
v 8.296598 113.081497 8.235451
v 7.466671 115.701050 9.631729
v 6.684673 106.291718 2.641312
v 6.252895 106.431549 1.752502
v 7.310934 112.376221 6.060328
v 9.013552 117.130157 4.970718
v 6.993198 105.696533 1.893181
v 8.054741 115.429749 7.713561
v 7.375853 111.204742 5.105060
v 8.400450 113.195618 2.348152
v 8.419310 112.138260 4.180302
v 6.453451 109.301544 4.290206
v 6.916765 110.579025 2.253250
v 7.213671 109.645905 3.433517
v 2.425592 104.851997 -6.822174
v -4.449417 104.529274 -6.810559
v 4.697860 109.266464 -2.590066
v -6.941906 108.591660 -1.529731
v -0.938763 105.404831 -10.282938
v -1.111091 109.270203 -4.590002
v -7.089346 101.976074 6.533707
v -6.141581 102.058334 6.197586
v -8.241129 113.063141 4.669502
v -2.632011 116.756378 12.210094
v -6.649158 101.899475 6.680698
v -6.095480 115.865829 9.836426
v -6.694831 108.870987 5.024483
v -7.495734 106.533447 5.725197
v -5.581483 107.237366 7.115017
v -4.495198 111.118362 10.538185
v -7.089140 106.711136 6.639732
v -7.363406 109.957947 8.255806
v -4.479682 105.263123 -5.940126
v -6.162601 104.589798 0.252090
v -8.146528 109.623520 -2.890190
v -8.061591 111.428543 1.938755
v -5.223830 107.973190 -4.789229
v -7.247005 108.378510 0.834328
v -4.076301 107.327858 -4.945067
v -6.076067 107.275787 0.647984
v -5.323319 104.913231 -3.467770
v -8.598447 109.858093 0.960625
v -7.445704 107.859390 -1.892316
v -5.231344 107.175018 -2.603331
v 4.616880 106.035126 -1.904610
v 1.205793 105.119011 -5.738253
v 6.691481 109.790405 -1.065320
v 2.206153 110.373962 -5.627503
v -10.083502 114.921631 -1.992912
v -11.741607 114.396072 1.761978
v -6.959632 120.023422 -1.900494
v -8.662539 118.844086 5.901890
v -9.401327 118.203308 -1.459023
v -10.824780 117.734543 4.211796
v -11.544634 113.922974 -1.126431
v -7.813331 121.234543 1.948051
v -10.299898 118.789642 1.469601
vn 0.7558 0.0310 -0.6541
vn 0.5537 0.0905 -0.8278
vn 0.6562 0.2838 -0.6992
vn 0.8254 0.2410 -0.5105
vn 0.6712 0.4774 -0.5670
vn 0.8399 0.3935 -0.3737
vn 0.3834 0.1291 -0.9145
vn 0.4156 0.2905 -0.8619
vn 0.4410 0.5282 -0.7257
vn 0.9378 -0.2451 -0.2459
vn 0.9488 -0.0439 -0.3128
vn 0.9992 -0.0123 -0.0376
vn 0.9683 -0.2191 0.1203
vn 0.9724 0.0925 0.2143
vn 0.9052 -0.1801 0.3850
vn 0.9306 0.1007 -0.3520
vn 0.9557 0.2129 -0.2032
vn 0.9336 0.3579 0.0182
vn -0.0356 -0.9910 -0.1291
vn -0.0971 -0.9920 -0.0801
vn -0.0930 -0.9927 -0.0772
vn -0.0451 -0.9935 -0.1048
vn 0.0275 -0.9996 0.0114
vn -0.0201 -0.9993 -0.0301
vn 0.2106 -0.9760 0.0560
vn 0.2142 -0.9767 0.0113
vn 0.0200 -0.9982 0.0564
vn 0.2078 -0.9743 0.0872
vn -0.1236 -0.9903 -0.0636
vn -0.0237 -0.9870 -0.1591
vn 0.0306 0.6805 0.7321
vn 0.1953 0.7066 0.6802
vn 0.1945 0.7000 0.6872
vn 0.1107 0.6854 0.7197
vn -0.1526 0.6152 0.7734
vn -0.1066 0.6066 0.7879
vn 0.2582 0.7270 0.6362
vn 0.3079 0.7634 0.5678
vn 0.2779 0.6450 0.7119
vn 0.2249 0.6744 0.7033
vn 0.1966 0.7168 0.6690
vn 0.2345 0.7522 0.6158
vn 0.3210 0.8230 0.4687
vn -0.2500 0.6288 0.7363
vn -0.0683 0.6885 0.7220
vn 0.0084 -0.9895 -0.1442
vn 0.0268 -0.9917 -0.1255
vn 0.0816 -0.9896 -0.1188
vn 0.0842 -0.9888 -0.1231
vn 0.0332 -0.9983 -0.0470
vn 0.0056 -0.9999 0.0097
vn -0.1667 -0.9825 0.0830
vn -0.1460 -0.9817 0.1226
vn 0.0301 -0.9984 0.0482
vn -0.1312 -0.9799 0.1503
vn 0.1150 -0.9863 -0.1183
vn -0.0144 -0.9858 -0.1671
vn 0.2378 0.6976 0.6758
vn 0.1591 0.7003 0.6959
vn 0.0689 0.7119 0.6988
vn 0.0652 0.7184 0.6926
vn 0.4246 0.6380 0.6424
vn 0.3882 0.6285 0.6740
vn -0.0105 0.7361 0.6767
vn 0.0482 0.6861 0.7259
vn 0.0039 0.6555 0.7551
vn -0.0843 0.7695 0.6330
vn 0.0593 0.7283 0.6827
vn 0.0025 0.7614 0.6483
vn -0.1373 0.8263 0.5463
vn 0.4990 0.6531 0.5696
vn 0.3245 0.7078 0.6274
vn 0.8259 0.0349 0.5627
vn 0.9752 0.0720 0.2092
vn 0.8586 0.0867 0.5053
vn 0.5629 0.0998 0.8205
vn 0.5133 0.0507 0.8567
vn 0.4494 0.1001 0.8877
vn -0.9560 -0.0287 -0.2919
vn -0.9539 -0.2519 0.1634
vn -0.7452 -0.1121 0.6574
vn -0.9454 -0.0290 0.3245
vn -0.2449 -0.0358 0.9689
vn 0.3046 -0.4382 0.8457
vn 0.8892 -0.3129 0.3339
vn 0.7631 -0.4206 0.4907
vn 0.9614 -0.0976 0.2574
vn 0.7109 -0.1536 0.6863
vn -0.5476 -0.4462 0.7079
vn -0.6610 -0.0292 0.7498
vn 0.7863 -0.0991 0.6099
vn 0.9966 -0.0790 0.0249
vn 0.9907 0.0175 -0.1350
vn 0.9212 -0.3671 0.1291
vn 0.9627 -0.2566 -0.0864
vn 0.9834 -0.1361 0.1200
vn 0.9514 -0.2150 0.2205
vn 0.7585 -0.4776 0.4434
vn 0.7534 -0.4288 0.4985
vn 0.7819 -0.3831 0.4917
vn 0.9475 -0.3192 0.0197
vn 0.8651 -0.2418 -0.4394
vn 0.9849 -0.0835 -0.1515
vn 0.8179 0.0550 -0.5727
vn 0.7854 -0.2569 0.5632
vn -0.0585 0.7259 -0.6853
vn -0.5118 0.6326 -0.5813
vn -0.0688 0.7256 -0.6847
vn 0.4163 0.6529 -0.6328
vn -0.7994 -0.2376 0.5519
vn -0.5233 -0.1857 0.8317
vn -0.5753 -0.0735 0.8147
vn -0.7269 -0.0712 0.6831
vn -0.9986 0.0370 0.0371
vn -0.9793 -0.0507 0.1957
vn -0.7810 -0.0139 0.6243
vn -0.4030 -0.0583 0.9133
vn -0.7087 -0.1191 0.6954
vn -0.9563 0.0510 0.2880
vn 0.0337 -0.0877 0.9956
vn -0.1953 -0.3978 0.8964
vn -0.6714 -0.7309 -0.1223
vn -0.5816 -0.7516 0.3112
vn -0.6303 -0.6160 0.4725
vn -0.7014 -0.6263 0.3403
vn -0.8472 -0.4401 -0.2975
vn -0.8182 -0.5679 -0.0899
vn -0.9355 0.1864 -0.3001
vn -0.9684 0.0938 -0.2310
vn -0.9026 0.2530 -0.3483
vn -0.8889 -0.1984 -0.4129
vn -0.5105 -0.7981 -0.3200
vn -0.8092 -0.4980 -0.3117
vn 0.7206 -0.1752 -0.6708
vn -0.8008 0.5841 -0.1322
vn -0.8172 0.5674 0.1010
vn -0.6571 0.7166 0.2339
vn -0.6615 0.7455 -0.0813
vn -0.8887 0.3467 -0.3000
vn -0.9481 0.3051 -0.0900
vn -0.8070 0.3682 -0.4618
vn -0.7256 0.5501 -0.4134
vn -0.6123 0.7105 -0.3468
vn -0.7558 -0.0310 0.6541
vn -0.8254 -0.2410 0.5105
vn -0.6562 -0.2838 0.6992
vn -0.5537 -0.0905 0.8278
vn -0.8399 -0.3935 0.3737
vn -0.6712 -0.4774 0.5670
vn -0.4156 -0.2905 0.8619
vn -0.3834 -0.1291 0.9145
vn -0.4410 -0.5282 0.7257
vn -0.9378 0.2451 0.2459
vn -0.9683 0.2191 -0.1203
vn -0.9992 0.0123 0.0376
vn -0.9488 0.0439 0.3128
vn -0.9052 0.1801 -0.3850
vn -0.9724 -0.0925 -0.2143
vn -0.9557 -0.2129 0.2032
vn -0.9306 -0.1007 0.3520
vn -0.9336 -0.3579 -0.0182
vn 0.0356 0.9910 0.1292
vn 0.0451 0.9935 0.1048
vn 0.0930 0.9927 0.0772
vn 0.0970 0.9921 0.0801
vn 0.0202 0.9993 0.0301
vn -0.0274 0.9996 -0.0114
vn -0.2141 0.9768 -0.0113
vn -0.2105 0.9760 -0.0560
vn -0.0200 0.9982 -0.0564
vn -0.2078 0.9743 -0.0872
vn 0.1236 0.9903 0.0636
vn 0.0237 0.9870 0.1592
vn -0.0306 -0.6805 -0.7321
vn -0.1107 -0.6854 -0.7197
vn -0.1945 -0.7000 -0.6872
vn -0.1953 -0.7066 -0.6802
vn 0.1527 -0.6152 -0.7734
vn 0.1066 -0.6066 -0.7878
vn -0.2582 -0.7271 -0.6362
vn -0.2249 -0.6744 -0.7033
vn -0.2779 -0.6450 -0.7119
vn -0.3079 -0.7634 -0.5678
vn -0.1966 -0.7168 -0.6690
vn -0.2345 -0.7522 -0.6158
vn -0.3210 -0.8230 -0.4686
vn 0.2500 -0.6288 -0.7363
vn 0.0683 -0.6885 -0.7220
vn -0.0084 0.9895 0.1442
vn -0.0842 0.9888 0.1231
vn -0.0816 0.9896 0.1189
vn -0.0268 0.9917 0.1256
vn -0.0056 0.9999 -0.0097
vn -0.0332 0.9983 0.0471
vn 0.1460 0.9817 -0.1227
vn 0.1668 0.9825 -0.0829
vn -0.0301 0.9984 -0.0482
vn 0.1312 0.9799 -0.1503
vn -0.1150 0.9863 0.1183
vn 0.0144 0.9858 0.1671
vn -0.2378 -0.6976 -0.6758
vn -0.0652 -0.7184 -0.6926
vn -0.0689 -0.7120 -0.6988
vn -0.1592 -0.7003 -0.6959
vn -0.4246 -0.6380 -0.6424
vn -0.3882 -0.6285 -0.6740
vn 0.0105 -0.7361 -0.6768
vn 0.0843 -0.7695 -0.6331
vn -0.0038 -0.6555 -0.7552
vn -0.0482 -0.6861 -0.7259
vn -0.0593 -0.7282 -0.6827
vn -0.0025 -0.7613 -0.6484
vn 0.1372 -0.8263 -0.5463
vn -0.4990 -0.6531 -0.5696
vn -0.3245 -0.7078 -0.6274
vn -0.8259 -0.0349 -0.5627
vn -0.5629 -0.0998 -0.8205
vn -0.8586 -0.0867 -0.5053
vn -0.9752 -0.0720 -0.2092
vn -0.5133 -0.0507 -0.8567
vn -0.4493 -0.1001 -0.8877
vn 0.9560 0.0287 0.2919
vn 0.9454 0.0290 -0.3245
vn 0.7452 0.1121 -0.6574
vn 0.9539 0.2519 -0.1634
vn -0.3046 0.4382 -0.8457
vn 0.2449 0.0358 -0.9689
vn -0.7631 0.4206 -0.4907
vn -0.8892 0.3129 -0.3339
vn -0.7109 0.1536 -0.6863
vn -0.9614 0.0976 -0.2574
vn 0.6610 0.0292 -0.7498
vn 0.5476 0.4462 -0.7079
vn -0.7863 0.0991 -0.6099
vn -0.9966 0.0790 -0.0249
vn -0.9907 -0.0175 0.1350
vn -0.9212 0.3671 -0.1291
vn -0.9514 0.2150 -0.2205
vn -0.9834 0.1361 -0.1200
vn -0.9627 0.2566 0.0864
vn -0.7585 0.4776 -0.4434
vn -0.7534 0.4288 -0.4985
vn -0.7819 0.3831 -0.4918
vn -0.9475 0.3192 -0.0197
vn -0.8651 0.2418 0.4394
vn -0.9849 0.0835 0.1515
vn -0.8179 -0.0550 0.5727
vn -0.7854 0.2569 -0.5632
vn 0.0585 -0.7259 0.6853
vn 0.0688 -0.7256 0.6847
vn 0.5118 -0.6326 0.5813
vn -0.4163 -0.6529 0.6328
vn 0.7994 0.2376 -0.5519
vn 0.7269 0.0712 -0.6831
vn 0.5753 0.0735 -0.8147
vn 0.5233 0.1857 -0.8317
vn 0.9986 -0.0370 -0.0371
vn 0.9793 0.0507 -0.1957
vn 0.7810 0.0139 -0.6244
vn 0.9563 -0.0510 -0.2880
vn 0.7087 0.1191 -0.6954
vn 0.4030 0.0583 -0.9133
vn 0.1953 0.3978 -0.8964
vn -0.0337 0.0877 -0.9956
vn 0.6715 0.7309 0.1222
vn 0.7014 0.6263 -0.3403
vn 0.6302 0.6160 -0.4726
vn 0.5816 0.7515 -0.3113
vn 0.8472 0.4401 0.2975
vn 0.8182 0.5679 0.0898
vn 0.9355 -0.1864 0.3000
vn 0.9684 -0.0938 0.2309
vn 0.9026 -0.2530 0.3483
vn 0.8889 0.1984 0.4129
vn 0.5105 0.7981 0.3200
vn 0.8093 0.4979 0.3118
vn -0.7206 0.1752 0.6708
vn 0.8008 -0.5841 0.1322
vn 0.6615 -0.7455 0.0813
vn 0.6571 -0.7166 -0.2339
vn 0.8172 -0.5674 -0.1010
vn 0.8887 -0.3467 0.3000
vn 0.9481 -0.3051 0.0900
vn 0.8070 -0.3682 0.4618
vn 0.7256 -0.5501 0.4134
vn 0.6123 -0.7105 0.3468
vt 0.711688 0.346675
vt 0.770334 0.346675
vt 0.770334 0.385772
vt 0.711687 0.385772
vt 0.770334 0.424870
vt 0.711687 0.424870
vt 0.828980 0.346675
vt 0.828980 0.385772
vt 0.828980 0.424870
vt 0.686015 0.977043
vt 0.709790 0.987605
vt 0.708285 0.995218
vt 0.683505 0.981285
vt 0.728300 0.985815
vt 0.729275 0.992931
vt 0.741622 0.976178
vt 0.742636 0.979850
vt 0.727303 0.980683
vt 0.740739 0.972953
vt 0.710733 0.981177
vt 0.688478 0.972953
vt 0.723279 0.947037
vt 0.709036 0.944179
vt 0.710506 0.939312
vt 0.724709 0.941425
vt 0.733955 0.957707
vt 0.734615 0.957353
vt 0.693727 0.947694
vt 0.677133 0.955721
vt 0.677671 0.952581
vt 0.693019 0.944031
vt 0.708866 0.947429
vt 0.695752 0.949630
vt 0.678272 0.957896
vt 0.731788 0.957896
vt 0.722829 0.951165
vt 0.770334 0.444418
vt 0.828980 0.444418
vt 0.828980 0.463967
vt 0.770334 0.463967
vt 0.711687 0.444418
vt 0.711688 0.463967
vt 0.770334 0.366224
vt 0.711687 0.366224
vt 0.770334 0.385772
vt 0.770334 0.405321
vt 0.711687 0.405321
vt 0.770334 0.424870
vt 0.828980 0.366224
vt 0.828980 0.385772
vt 0.828980 0.405321
vt 0.828980 0.424870
vt 0.711688 0.405321
vt 0.711688 0.375998
vt 0.770334 0.375998
vt 0.828980 0.375998
s 1
usemtl Oldady
f 1/1/1 3/2/2 8/3/3 5/4/4
f 5/4/4 8/3/3 9/5/5 4/6/6
f 3/2/2 2/7/7 6/8/8 8/3/3
f 8/3/3 6/8/8 7/9/9 9/5/5
f 10/1/10 12/2/11 17/3/12 14/4/13
f 14/4/13 17/3/12 18/5/14 13/6/15
f 12/2/11 11/7/16 15/8/17 17/3/12
f 17/3/12 15/8/17 16/9/18 18/5/14
f 27/10/19 28/11/20 25/12/21 26/13/22
f 28/11/20 30/14/23 23/15/24 25/12/21
f 30/14/23 29/16/25 24/17/26 23/15/24
f 22/18/27 21/19/28 29/16/25 30/14/23
f 20/20/29 22/18/27 30/14/23 28/11/20
f 19/21/30 20/20/29 28/11/20 27/10/19
f 41/22/31 42/23/32 40/24/33 39/25/34
f 43/26/35 41/22/31 39/25/34 38/27/36
f 44/28/37 45/29/38 36/30/39 37/31/40
f 42/23/32 44/28/37 37/31/40 40/24/33
f 35/32/41 32/33/42 44/28/37 42/23/32
f 32/33/42 31/34/43 45/29/38 44/28/37
f 33/35/44 34/36/45 41/22/31 43/26/35
f 34/36/45 35/32/41 42/23/32 41/22/31
f 54/10/46 53/13/47 52/12/48 55/11/49
f 55/11/49 52/12/48 50/15/50 57/14/51
f 57/14/51 50/15/50 51/17/52 56/16/53
f 49/18/54 57/14/51 56/16/53 48/19/55
f 47/20/56 55/11/49 57/14/51 49/18/54
f 46/21/57 54/10/46 55/11/49 47/20/56
f 68/22/58 66/25/59 67/24/60 69/23/61
f 70/26/62 65/27/63 66/25/59 68/22/58
f 71/28/64 64/31/65 63/30/66 72/29/67
f 69/23/61 67/24/60 64/31/65 71/28/64
f 62/32/68 69/23/61 71/28/64 59/33/69
f 59/33/69 71/28/64 72/29/67 58/34/70
f 60/35/71 70/26/62 68/22/58 61/36/72
f 61/36/72 68/22/58 69/23/61 62/32/68
f 93/37/73 88/38/74 76/39/75 78/40/76
f 79/41/77 93/37/73 78/40/76 75/42/78
f 73/1/79 77/2/80 89/43/81 83/44/82
f 83/44/82 89/43/81 90/45/83 82/4/84
f 82/4/84 90/45/83 91/46/85 81/47/86
f 81/47/86 91/46/85 92/48/87 80/6/88
f 80/6/88 92/48/87 93/37/73 79/41/77
f 77/2/80 74/7/89 84/49/90 89/43/81
f 89/43/81 84/49/90 85/50/91 90/45/83
f 90/45/83 85/50/91 86/51/92 91/46/85
f 91/46/85 86/51/92 87/52/93 92/48/87
f 92/48/87 87/52/93 88/38/74 93/37/73
f 102/46/94 101/51/95 97/39/96 99/40/97
f 100/53/98 102/46/94 99/40/97 96/42/99
f 103/54/100 105/55/101 102/46/94 100/53/98
f 105/55/101 104/56/102 101/51/95 102/46/94
f 98/2/103 95/7/104 104/56/102 105/55/101
f 94/1/105 98/2/103 105/55/101 103/54/100
f 110/2/106 107/7/107 109/39/107 111/40/108
f 106/1/109 110/2/106 111/40/108 108/42/109
f 123/5/110 121/9/111 115/39/112 117/40/113
f 118/6/114 123/5/110 117/40/113 114/42/115
f 112/1/116 116/2/117 122/3/118 119/4/119
f 119/4/119 122/3/118 123/5/110 118/6/114
f 116/2/117 113/7/120 120/8/121 122/3/118
f 122/3/118 120/8/121 121/9/111 123/5/110
f 134/46/122 129/51/123 127/39/124 133/40/125
f 135/55/126 131/56/127 129/51/123 134/46/122
f 132/2/128 125/7/129 131/56/127 135/55/126
f 124/1/130 132/2/128 135/55/126 130/54/131
f 130/54/131 135/55/126 134/46/122 128/53/132
f 128/53/132 134/46/122 133/40/125 126/42/133
f 136/1/134 137/7/134 139/39/134 138/42/134
f 148/46/135 145/51/136 143/39/137 147/40/138
f 146/2/139 141/7/140 145/51/136 148/46/135
f 140/1/141 146/2/139 148/46/135 144/53/142
f 144/53/142 148/46/135 147/40/138 142/42/143
f 149/1/144 153/4/145 156/3/146 151/2/147
f 153/4/145 152/6/148 157/5/149 156/3/146
f 151/2/147 156/3/146 154/8/150 150/7/151
f 156/3/146 157/5/149 155/9/152 154/8/150
f 158/1/153 162/4/154 165/3/155 160/2/156
f 162/4/154 161/6/157 166/5/158 165/3/155
f 160/2/156 165/3/155 163/8/159 159/7/160
f 165/3/155 166/5/158 164/9/161 163/8/159
f 175/10/162 174/13/163 173/12/164 176/11/165
f 176/11/165 173/12/164 171/15/166 178/14/167
f 178/14/167 171/15/166 172/17/168 177/16/169
f 170/18/170 178/14/167 177/16/169 169/19/171
f 168/20/172 176/11/165 178/14/167 170/18/170
f 167/21/173 175/10/162 176/11/165 168/20/172
f 189/22/174 187/25/175 188/24/176 190/23/177
f 191/26/178 186/27/179 187/25/175 189/22/174
f 192/28/180 185/31/181 184/30/182 193/29/183
f 190/23/177 188/24/176 185/31/181 192/28/180
f 183/32/184 190/23/177 192/28/180 180/33/185
f 180/33/185 192/28/180 193/29/183 179/34/186
f 181/35/187 191/26/178 189/22/174 182/36/188
f 182/36/188 189/22/174 190/23/177 183/32/184
f 202/10/189 203/11/190 200/12/191 201/13/192
f 203/11/190 205/14/193 198/15/194 200/12/191
f 205/14/193 204/16/195 199/17/196 198/15/194
f 197/18/197 196/19/198 204/16/195 205/14/193
f 195/20/199 197/18/197 205/14/193 203/11/190
f 194/21/200 195/20/199 203/11/190 202/10/189
f 216/22/201 217/23/202 215/24/203 214/25/204
f 218/26/205 216/22/201 214/25/204 213/27/206
f 219/28/207 220/29/208 211/30/209 212/31/210
f 217/23/202 219/28/207 212/31/210 215/24/203
f 210/32/211 207/33/212 219/28/207 217/23/202
f 207/33/212 206/34/213 220/29/208 219/28/207
f 208/35/214 209/36/215 216/22/201 218/26/205
f 209/36/215 210/32/211 217/23/202 216/22/201
f 241/37/216 226/40/217 224/39/218 236/38/219
f 227/41/220 223/42/221 226/40/217 241/37/216
f 221/1/222 231/44/223 237/43/224 225/2/225
f 231/44/223 230/4/226 238/45/227 237/43/224
f 230/4/226 229/47/228 239/46/229 238/45/227
f 229/47/228 228/6/230 240/48/231 239/46/229
f 228/6/230 227/41/220 241/37/216 240/48/231
f 225/2/225 237/43/224 232/49/232 222/7/233
f 237/43/224 238/45/227 233/50/234 232/49/232
f 238/45/227 239/46/229 234/51/235 233/50/234
f 239/46/229 240/48/231 235/52/236 234/51/235
f 240/48/231 241/37/216 236/38/219 235/52/236
f 250/46/237 247/40/238 245/39/239 249/51/240
f 248/53/241 244/42/242 247/40/238 250/46/237
f 251/54/243 248/53/241 250/46/237 253/55/244
f 253/55/244 250/46/237 249/51/240 252/56/245
f 246/2/246 253/55/244 252/56/245 243/7/247
f 242/1/248 251/54/243 253/55/244 246/2/246
f 258/2/249 259/40/250 257/39/251 255/7/251
f 254/1/252 256/42/252 259/40/250 258/2/249
f 271/5/253 265/40/254 263/39/255 269/9/256
f 266/6/257 262/42/258 265/40/254 271/5/253
f 260/1/259 267/4/260 270/3/261 264/2/262
f 267/4/260 266/6/257 271/5/253 270/3/261
f 264/2/262 270/3/261 268/8/263 261/7/264
f 270/3/261 271/5/253 269/9/256 268/8/263
f 282/46/265 281/40/266 275/39/267 277/51/268
f 283/55/269 282/46/265 277/51/268 279/56/270
f 280/2/271 283/55/269 279/56/270 273/7/272
f 272/1/273 278/54/274 283/55/269 280/2/271
f 278/54/274 276/53/275 282/46/265 283/55/269
f 276/53/275 274/42/276 281/40/266 282/46/265
f 284/1/277 286/42/277 287/39/277 285/7/277
f 296/46/278 295/40/279 291/39/280 293/51/281
f 294/2/282 296/46/278 293/51/281 289/7/283
f 288/1/284 292/53/285 296/46/278 294/2/282
f 292/53/285 290/42/286 295/40/279 296/46/278
o OldLady
v 4.758424 117.568634 11.471570
v 4.897320 121.467834 9.749275
v 3.756392 124.778748 6.447826
v 2.268883 125.449127 0.900501
v 6.776098 116.802551 10.270852
v 7.058243 121.004623 8.440277
v 6.436639 123.869385 4.922287
v 4.653547 124.391617 0.322639
v 8.522297 116.441284 8.373347
v 8.477741 120.223068 6.365623
v 8.220328 122.844696 3.117417
v 6.895142 123.495209 -1.348045
v 4.471535 123.685516 -3.760384
v 6.878088 121.371750 -2.571121
v 1.250239 123.908218 -3.091484
v 7.792015 111.947449 3.571294
v 8.209599 114.844360 5.972751
v 8.728115 112.920090 1.504425
v 9.361036 118.236557 3.606464
v 8.617743 112.694336 -1.281616
v 8.807078 120.643188 0.181589
v 7.651489 111.591080 -1.425056
v 5.314146 108.738594 -2.620615
v 7.245476 113.420914 -4.674503
v 3.524721 108.336258 -4.408768
v 7.194227 115.435944 -4.518077
v 4.500940 113.582733 -7.239736
v 2.827684 109.166077 -9.706367
v 4.449965 116.903809 -6.222580
v 0.855644 113.958710 -7.068039
v -0.144969 111.808533 -12.018144
v 1.086199 118.481689 -7.172777
v 1.201172 113.707947 -10.001320
v 3.637464 110.318054 -8.400879
v 6.111426 111.486343 -4.985790
v 6.787949 110.239365 -2.122257
v 4.368399 120.185486 -6.140530
v 1.434526 120.796799 -6.092010
v 9.649693 116.506546 1.203018
v 6.846074 118.967148 -3.867111
v 8.604321 117.617859 -1.388417
v 8.372530 113.723572 5.095711
v -2.735243 118.508118 -6.490643
v 0.801606 124.306717 7.007744
v 2.194103 117.848358 12.717224
v -0.178946 117.472427 12.573040
v -1.061944 121.101746 10.129013
v -1.987293 123.591476 7.067795
v -3.338705 125.335388 2.188381
v -2.758777 117.435638 12.135902
v -3.403228 120.792572 10.387825
v -4.351234 122.608994 6.844681
v -5.745543 123.502151 2.968128
v -4.729773 116.175781 11.297318
v -6.109528 120.018036 9.791077
v -7.333014 121.940544 5.856321
v -7.285140 121.376450 3.187531
v -6.881979 123.074631 -0.563038
v -8.461978 120.187988 0.742959
v -4.861173 124.020340 -1.580281
v -7.354240 112.160034 6.194934
v -5.724985 114.916969 9.684103
v -8.733752 112.538101 4.832526
v -8.570581 118.744125 7.564446
v -9.837784 112.182205 3.064866
v -9.248384 120.371002 4.368088
v -9.350075 110.807587 1.505737
v -6.383601 108.205032 0.020887
v -10.186087 111.916367 -1.271211
v -5.907372 107.742157 -2.073029
v -10.463731 115.188492 -0.444256
v -9.323884 112.163788 -2.505615
v -9.663275 109.234482 -4.970268
v -8.539306 116.572662 -2.487995
v -5.915382 114.634781 -4.685371
v -8.436934 112.258087 -9.513966
v -5.878924 116.153839 -3.976755
v -7.004869 114.882935 -7.349126
v -9.629879 111.372528 -4.309372
v -8.826234 109.560318 -2.096394
v -8.061992 109.301071 0.585960
v -3.653850 115.216324 -9.452354
v -7.381275 118.845062 -1.892256
v -5.748639 121.022247 -4.377174
v -9.406954 115.888153 6.657104
v -9.907712 118.587234 0.208840
v -10.423855 117.907112 3.114945
v -6.576368 113.594193 8.480392
v -0.384559 125.818481 1.467960
v 1.889463 121.511185 10.397861
v -4.562919 113.027504 -11.413051
v -1.676715 124.546158 -2.699185
v -2.740006 115.393982 -6.597912
v -2.577577 121.117249 -6.009869
v 2.294323 107.109467 -5.550123
v 1.219066 107.354935 -9.870578
v -1.726827 108.795639 -11.181320
v -5.287661 107.371002 -3.244141
v -8.899595 107.677597 -5.721287
v -8.459934 109.028763 -9.452000
v -5.105507 109.413086 -11.224812
v -8.287683 110.100937 -9.281358
v 0.524821 105.455231 -5.744912
v -0.215551 105.778046 -8.669800
v -2.438775 105.767174 -9.328012
v -3.913287 106.695724 -4.143635
v -6.026602 106.169556 -6.465927
v -5.316501 106.105927 -7.653237
v -3.908607 105.768372 -8.340147
v 3.842729 116.471359 11.520759
v 5.367401 116.017258 10.447742
v 6.362409 114.206650 9.118156
v 7.084623 110.686447 4.116460
v 6.972759 113.295120 7.371620
v 7.193092 112.635437 5.407806
v 1.835102 116.420532 12.163723
v -0.201475 116.452164 12.365028
v -2.133163 115.957825 11.999851
v -3.795462 115.163345 10.871492
v -6.144903 110.730515 6.912555
v -4.884226 113.667740 9.616369
v -5.597305 112.433578 8.298706
v 7.158249 111.313301 2.683258
v 6.778182 111.991730 1.402591
v 6.357563 111.691620 0.109492
v 6.024900 110.550140 -0.633297
v 4.602695 108.273499 -1.652485
v 5.500998 109.359100 -1.130175
v 3.463690 108.778885 -3.212356
v 2.256226 107.776756 -4.411030
v 1.015532 107.042320 -5.496811
v 7.002234 110.259048 3.340386
v -6.728473 111.660202 5.614655
v -6.956598 112.253922 4.173697
v -7.076439 111.955185 2.306629
v -6.950187 110.701416 1.338100
v -6.081147 108.039642 0.215340
v -6.589706 109.366409 0.738804
v -6.307684 110.087090 6.045556
v -5.181472 108.040855 -2.496994
v -3.834528 107.939720 -4.344703
v -2.580205 107.715874 -5.012899
v -0.714987 106.905182 -6.060694
v -2.042140 105.118362 -6.152197
v -2.860946 105.155838 -7.773889
v -0.768190 102.824051 9.245094
v 3.200547 102.882904 8.430405
v -0.610477 103.717148 10.077909
v 3.358261 103.776001 9.263222
v -0.223371 90.388062 -1.795067
v 1.132272 90.233109 -1.769399
v 2.286383 89.767250 -1.647356
v 3.063260 89.061386 -1.447521
v 3.344630 88.223007 -1.200315
v 3.087656 87.379745 -0.943373
v 2.331461 86.659958 -0.715815
v 1.191169 86.173248 -0.552279
v -0.159622 85.993706 -0.477665
v -1.515265 86.148666 -0.503334
v -2.669377 86.614525 -0.625378
v -3.446255 87.320374 -0.825212
v -3.727624 88.158752 -1.072419
v -3.470650 89.002029 -1.329363
v -2.714455 89.721809 -1.556921
v -1.574161 90.208519 -1.720454
v -0.233892 90.632828 -2.253855
v 1.338227 90.453125 -2.224090
v 2.676631 89.912872 -2.082557
v 3.577563 89.094315 -1.850808
v 3.903863 88.122055 -1.564127
v 3.605855 87.144127 -1.266154
v 2.728907 86.309418 -1.002260
v 1.406528 85.744980 -0.812611
v -0.159963 85.536766 -0.726082
v -1.732081 85.716461 -0.755852
v -3.070486 86.256729 -0.897383
v -3.971419 87.075279 -1.129128
v -4.297719 88.047539 -1.415810
v -3.999710 89.025467 -1.713783
v -3.122761 89.860184 -1.977681
v -1.800381 90.424622 -2.167329
v -0.164729 86.719864 -0.395193
v -0.172485 87.483170 -0.440613
v -0.183864 88.339981 -0.639406
v -0.196881 89.164810 -0.944765
v -0.209806 89.827148 -1.326737
v 2.646670 109.281235 8.239285
v 2.668644 109.182144 8.847548
v 2.907024 109.133423 9.413673
v 3.349289 109.151947 9.845566
v 3.917469 109.218491 10.079556
v 4.224800 109.270844 10.107456
v 3.255527 108.370071 7.989786
v 3.324944 108.199921 8.579809
v 3.520603 108.233368 9.163626
v 3.820286 108.454239 9.660269
v 4.172108 108.842468 9.980556
v 4.355350 109.079102 10.062305
v 4.334513 108.181892 7.726090
v 4.486683 107.997437 8.296087
v 4.598560 108.043564 8.898877
v 4.641533 108.308929 9.458759
v 4.619823 108.763107 9.871023
v 4.578114 109.039886 10.007213
v 5.247246 108.820923 7.603610
v 5.471241 108.686966 8.159048
v 5.510344 108.674805 8.775667
v 5.342033 108.801102 9.355463
v 4.996593 109.027924 9.815389
v 4.769447 109.174973 9.973133
v 5.460598 109.915497 7.687775
v 5.702816 109.868256 8.255299
v 5.724789 109.770187 8.861614
v 5.507267 109.634827 9.428154
v 5.086952 109.481857 9.858049
v 4.816784 109.408432 9.998564
v 4.850163 110.817551 7.936853
v 5.043430 110.846588 8.522598
v 5.112327 110.670761 9.112046
v 5.033630 110.326157 9.612389
v 4.833328 109.858887 9.954944
v 4.686428 109.601059 10.046007
v 3.771915 111.007385 8.202079
v 3.882248 111.051041 8.807594
v 4.034794 110.860657 9.374147
v 4.213707 110.470490 9.814444
v 4.386112 109.937637 10.064823
v 4.464100 109.640198 10.100790
v 2.858963 110.373093 8.326532
v 2.899374 110.361679 8.944093
v 3.122287 110.228424 9.500626
v 3.515568 109.986099 9.917944
v 4.008705 109.671753 10.121531
v 4.272091 109.504318 10.132692
v -0.389756 109.178719 8.810452
v -0.149111 109.088516 9.370197
v -0.121326 109.049652 9.984539
v -0.335541 109.076645 10.564072
v -0.748575 109.148926 11.018143
v -1.014391 109.202820 11.174385
v -1.044373 108.265030 8.860287
v -0.853279 108.104523 9.425636
v -0.779610 108.147934 10.036316
v -0.837976 108.377762 10.609928
v -1.019716 108.772293 11.043980
v -1.150995 109.010849 11.192677
v -2.131418 108.076553 9.088118
v -2.023636 107.901733 9.671131
v -1.866194 107.957825 10.262794
v -1.665712 108.232208 10.782650
v -1.470829 108.692795 11.138439
v -1.375706 108.971573 11.239136
v -3.010712 108.716827 9.359017
v -2.974213 108.592499 9.958885
v -2.744893 108.590286 10.532730
v -2.344526 108.725204 10.982128
v -1.835969 108.958054 11.245655
v -1.563637 109.106766 11.288311
v -3.171231 109.813347 9.509173
v -3.146318 109.775986 10.126404
v -2.905642 109.687683 10.684959
v -2.465572 109.560547 11.105423
v -1.900908 109.412918 11.315739
v -1.596317 109.340775 11.327881
v -2.516212 110.717056 9.457840
v -2.439537 110.756088 10.069305
v -2.248404 110.589737 10.634239
v -1.961183 110.253006 11.057579
v -1.631598 109.790543 11.288422
v -1.458906 109.533676 11.311726
v -1.429157 110.907227 9.231671
v -1.269144 110.960892 9.825170
v -1.163137 110.780090 10.405315
v -1.134403 110.397598 10.885929
v -1.180782 109.869415 11.194504
v -1.234722 109.572891 11.265179
v -0.548859 110.271713 8.962395
v -0.320318 110.270309 9.537709
v -0.282377 110.146683 10.138026
v -0.457663 109.912445 10.687531
v -0.814604 109.603119 11.087994
v -1.047113 109.436829 11.213760
v 13.179457 65.796608 16.210268
v 11.685377 65.188622 15.368347
v 14.542261 65.267288 15.967796
v 15.472879 64.496857 15.322470
v 11.910870 64.261337 14.469344
v 12.882925 63.244453 13.817242
v 15.606033 63.126144 13.586746
v 15.811605 62.629639 15.146395
v 15.546108 63.665878 16.446186
v 14.645338 64.300270 17.258474
v 13.068314 64.837219 17.829313
v 11.151464 64.945526 17.433407
v 5.771648 60.486725 20.209393
v 5.425800 59.880653 20.691360
v 5.804653 60.167755 21.204315
v 6.238838 60.605511 20.821075
v 5.066826 59.517937 21.075176
v 5.278599 59.633797 21.407238
v 6.078598 61.007713 19.862230
v 6.600903 61.095425 20.532429
v 6.644016 61.610130 19.331074
v 7.097111 61.804447 19.989914
v 7.201778 61.980869 18.867920
v 7.806343 62.361431 19.495865
v 7.955915 62.756508 17.815098
v 8.506725 63.051262 19.029846
v 8.600178 61.896648 19.901205
v 9.149242 62.552296 19.758026
v 8.185730 61.359249 20.238659
v 7.357006 60.676765 20.727371
v 7.079517 60.307697 20.970428
v 6.534191 59.788445 21.389179
v 5.884533 59.497185 21.526905
v 8.880997 62.441525 16.767231
v 8.238720 61.710129 17.637131
v 7.379898 61.070053 18.689732
v 6.675880 60.400459 19.273836
v 6.090118 59.860802 19.663109
v 5.743500 59.378204 20.076321
v 5.205143 59.156845 20.644833
v 8.534740 60.985374 18.880157
v 7.645119 60.422153 19.459160
v 7.049015 59.789253 19.897331
v 6.290840 59.240746 20.426083
v 5.773014 59.114559 20.812710
v 8.715603 61.071205 19.506111
v 7.683361 60.453506 20.253242
v 7.306770 60.136318 20.602097
v 6.586563 59.555885 21.157959
v 5.868729 59.226505 21.221584
v 8.560814 55.874207 25.310484
v 8.357937 55.177887 25.331558
v 8.727142 54.991077 25.256210
v 9.097511 55.553780 25.236137
v 9.247757 57.182281 25.370239
v 9.808006 56.837933 25.281979
v 9.705620 58.150940 25.065228
v 10.257812 57.805462 25.000214
v 10.199501 59.056850 24.817560
v 10.921993 58.568172 24.708763
v 10.472492 59.788616 24.121284
v 11.269234 59.306213 23.982969
v 10.766277 60.418144 23.559067
v 11.582710 59.931664 23.459400
v 8.084068 54.812363 25.079330
v 8.082390 55.856579 25.024399
v 8.570107 56.990349 24.888416
v 9.065918 58.014526 24.577393
v 9.560776 59.130836 24.015694
v 9.856441 59.689430 23.576744
v 10.079056 60.191708 23.120789
v 8.111931 54.967342 24.674843
v 8.284645 55.582401 24.361603
v 8.708122 56.531105 24.197582
v 9.192966 57.301064 23.896023
v 9.873848 58.398232 23.456434
v 10.112476 58.991985 22.857300
v 10.347752 59.645489 22.290798
v 8.630264 54.723457 24.787537
v 8.919186 55.282795 24.357918
v 9.566093 56.355900 24.341064
v 10.158131 57.264668 23.943920
v 10.555870 58.191948 23.432449
v 10.747753 58.653896 22.976349
v 11.146816 59.260155 22.056126
v 11.536076 59.159245 22.719032
v 11.247665 58.763355 23.198097
v 10.992199 58.178154 23.725397
v 10.463753 57.335541 24.313108
v 9.901562 56.433418 24.653347
v 9.304291 55.302475 24.890913
v 8.634666 54.583900 25.105606
v 12.789127 57.967197 23.856510
v 13.381275 57.802345 23.715229
v 13.682915 58.972416 23.023357
v 12.909599 59.183216 23.095358
v 12.473705 56.859379 24.538378
v 12.903919 56.601822 24.453766
v 11.777622 55.377247 24.946957
v 12.167450 55.043758 24.872032
v 11.170265 54.308712 25.248178
v 11.653152 53.997173 25.110434
v 10.681061 53.498985 25.221710
v 11.133789 53.292015 25.084541
v 10.321037 52.996174 25.326675
v 10.714745 52.727066 25.205658
v 10.159554 53.534565 24.994637
v 10.150383 52.812042 25.252747
v 10.712719 54.426411 24.963354
v 11.268364 55.473377 24.706133
v 11.831512 56.951046 24.199911
v 12.128349 57.961582 23.557890
v 12.252151 58.757408 22.998201
v 10.541325 52.484032 25.118980
v 11.218185 52.804035 24.657990
v 11.687313 53.518444 24.524572
v 12.257519 54.520405 24.225105
v 13.033203 55.949017 23.664299
v 13.494659 57.188148 22.954155
v 13.654076 58.155899 22.271606
v 10.197929 53.156693 24.496277
v 10.132675 52.758152 24.854431
v 10.506073 53.903366 24.245472
v 11.076260 55.074558 24.019104
v 11.640862 56.379845 23.368359
v 11.948116 57.393040 22.714916
v 12.024654 57.982128 22.198624
v 10.760120 52.951206 24.229721
v 10.456577 52.528183 24.738953
v 11.214191 53.528904 24.050598
v 11.769405 54.457428 23.823568
v 12.301304 55.978634 23.098436
v 12.595257 56.945065 22.482002
v 12.758484 57.807571 21.653908
v 13.274876 53.014870 23.684898
v 13.044941 52.466515 23.770660
v 13.354759 52.279259 23.623016
v 13.642658 52.682522 23.492203
v 13.669189 53.869476 23.690422
v 14.111053 53.481567 23.436346
v 14.121037 54.656570 23.662256
v 14.583565 54.452827 23.155027
v 14.594337 56.329674 23.168102
v 15.240269 56.092583 22.691963
v 14.780926 57.167534 22.771257
v 15.373962 56.882969 22.209003
v 14.921158 58.265995 22.102764
v 15.586906 58.134113 21.496454
v 15.509125 53.851364 20.784542
v 15.105953 53.158546 20.691521
v 15.547184 52.959045 20.289017
v 15.923344 53.805691 20.358498
v 15.934837 54.906960 20.952745
v 16.303829 54.729877 20.411743
v 16.192802 55.883545 20.887260
v 16.482773 55.611347 20.366444
v 16.310673 56.929802 20.734936
v 16.730139 56.521614 20.233278
v 16.300945 57.510101 20.523872
v 16.682024 57.290493 19.959461
v 16.314535 58.324108 20.353983
v 16.704432 58.106819 19.515751
v 12.583130 52.269653 23.561340
v 12.789177 53.292183 23.428040
v 13.174221 54.224316 23.465252
v 13.534328 55.086628 23.227295
v 13.948692 56.375698 22.988295
v 14.063377 57.246590 22.581942
v 14.189873 58.061890 22.161280
v 13.827908 52.682053 22.966362
v 13.093132 51.883858 23.308929
v 14.186939 53.445683 22.833515
v 14.582684 54.379734 22.607405
v 15.163292 55.927155 21.915497
v 15.113426 56.638107 21.431702
v 15.153248 57.423729 20.715832
v 13.398735 52.992500 22.542786
v 13.085983 52.240479 22.866837
v 13.845959 53.593624 22.456865
v 14.239101 54.506023 22.177097
v 14.617619 55.965828 21.657703
v 14.605560 56.600681 21.211300
v 14.613358 57.217037 20.713863
v 13.051270 53.133671 22.618675
v 12.748196 52.417015 23.008186
v 13.399464 53.871983 22.488653
v 13.662117 54.738083 22.273771
v 14.040791 56.117092 21.893827
v 14.000401 56.757294 21.574039
v 13.933334 57.367771 21.044273
v 15.845428 53.966049 19.944447
v 15.355793 53.079018 20.030968
v 16.086285 54.661304 19.948059
v 16.304705 55.649158 19.873524
v 16.439499 56.267773 19.725063
v 16.418005 56.942402 19.433109
v 16.324499 57.517742 19.033775
v 14.904312 53.306957 20.480133
v 15.038445 53.964222 20.737190
v 15.442684 55.002377 20.899403
v 15.496281 55.903145 20.796173
v 15.572079 56.937172 20.540409
v 15.543583 57.472046 20.409348
v 15.548344 57.699554 20.287422
v 15.220882 54.289352 19.911924
v 15.033054 53.382076 20.012634
v 15.475937 54.941738 19.954721
v 15.596203 55.735817 19.816996
v 15.724085 56.357517 19.637232
v 15.653395 56.892754 19.444601
v 15.603785 57.273232 19.222965
v 14.950932 54.285820 20.357008
v 14.815037 53.527462 20.134460
v 15.212875 55.048519 20.391956
v 15.296406 55.850502 20.257725
v 15.397335 56.629013 20.086826
v 15.360336 57.145298 19.806734
v 15.289127 57.427868 19.693729
v 9.050138 63.914715 17.148739
v 10.235277 63.282860 15.905053
v 9.634672 64.091064 18.149414
v 9.829651 63.120651 19.558084
v 15.905003 58.927429 20.633415
v 15.233959 57.895275 20.326773
v 14.406273 59.200401 21.822138
v 14.151402 58.428940 21.901628
v 12.584942 60.064888 22.622011
v 11.860809 58.967354 22.319378
v 11.683140 58.882187 21.597233
v 13.531124 58.071590 20.866447
v 14.821941 57.775002 19.573044
v 10.250259 60.788864 22.380795
v 10.954361 60.821896 23.328453
v 10.221474 62.135971 20.744663
v 11.183449 62.627781 21.119318
v 16.603588 58.781002 19.437531
v 13.204277 62.132767 20.933937
v 14.506752 61.656448 20.161671
v 15.738535 61.082535 19.232059
v 16.324869 60.262054 18.184317
v 15.480207 61.842911 14.287081
v 16.250547 57.950718 18.755466
v 16.184975 59.456467 17.001705
v 10.425266 60.134823 22.046463
v 9.655472 61.479248 19.721064
v 10.126291 61.204468 18.278278
v 10.926311 61.936115 16.253006
v 11.977318 62.687336 15.054892
v 14.627634 62.609585 13.430862
v 13.319998 61.747139 14.618177
v 11.190075 61.565571 22.459354
v 10.357479 61.489174 21.683773
v 12.839764 60.803810 22.205318
v 14.509247 60.172218 21.393723
v 15.817066 60.016228 20.086699
v 16.407429 59.414703 18.908400
v 16.278910 58.539349 18.101988
v 10.434071 60.536591 21.426163
v 11.515274 59.319878 21.013218
v 13.410240 58.720760 20.159946
v 11.578537 60.188709 19.888655
v 13.181849 59.741234 19.219589
v 14.595558 58.396885 18.660698
v 14.455162 59.427216 17.611572
v 15.623022 57.607166 18.851107
v 15.530148 58.271732 17.775505
v 15.385305 59.153805 16.343643
v 14.857037 60.557327 15.069273
v 11.667700 60.989662 18.158749
v 12.363768 61.572273 16.252464
v 13.749767 60.487907 16.385029
v 13.105494 60.639023 17.864426
v -19.890129 64.977875 9.784433
v -18.178175 64.481049 9.419622
v -21.086575 64.314621 9.211878
v -21.737913 63.436909 8.385190
v -18.072098 63.504627 8.550774
v -18.741400 62.377899 7.721453
v -21.275637 61.996902 6.765437
v -21.864546 61.540585 8.237250
v -22.052816 62.644424 9.494779
v -21.465525 63.390282 10.481901
v -20.154612 64.094246 11.428450
v -18.217093 64.362671 11.563769
v -13.484964 60.510696 15.957291
v -13.239895 59.955956 16.550102
v -13.766684 60.225628 16.922729
v -14.110632 60.608360 16.410652
v -12.973963 59.641098 17.037834
v -13.277494 59.749039 17.292294
v -13.723419 60.989090 15.509577
v -14.415648 61.052917 16.005972
v -14.164946 61.518589 14.809997
v -14.795973 61.694363 15.308025
v -14.600031 61.820599 14.191499
v -15.382032 62.166931 14.607637
v -15.091700 62.486874 12.929313
v -15.977619 62.773502 13.928740
v -16.218540 61.646881 14.808386
v -16.755661 62.245296 14.482906
v -15.873156 61.161545 15.277003
v -15.161449 60.574699 16.012184
v -14.934231 60.241138 16.342934
v -14.487318 59.788616 16.924164
v -13.880463 59.562450 17.250420
v -15.664053 62.052841 11.689956
v -15.232597 61.413525 12.743214
v -14.651054 60.891647 14.025674
v -14.086166 60.309734 14.817785
v -13.590811 59.839508 15.382917
v -13.335566 59.405258 15.902602
v -12.959709 59.253899 16.608192
v -15.803436 60.709572 13.899336
v -15.067545 60.250137 14.730762
v -14.568586 59.689789 15.351182
v -13.945879 59.231327 16.097713
v -13.546824 59.166374 16.617405
v -16.156199 60.800858 14.446245
v -15.325903 60.306099 15.481187
v -15.036966 60.036919 15.937447
v -14.455660 59.544193 16.701572
v -13.760088 59.283646 16.977459
v -17.195089 55.867554 20.383499
v -16.951077 55.194466 20.501343
v -17.268871 54.971348 20.339760
v -17.662893 55.495876 20.185356
v -17.973827 57.107010 20.174196
v -18.458431 56.708809 19.957726
v -18.405163 58.016865 19.697678
v -18.888397 57.619167 19.505796
v -18.881847 58.863014 19.270214
v -19.504627 58.305328 18.998600
v -19.008966 59.540199 18.482756
v -19.695168 58.980721 18.162178
v -19.184925 60.118584 17.824577
v -19.900219 59.556454 17.534979
v -16.589840 54.847187 20.355980
v -16.656355 55.884285 20.240211
v -17.176231 56.961796 19.907837
v -17.646673 57.923122 19.411823
v -18.054178 58.967075 18.669758
v -18.260403 59.479210 18.133743
v -18.387465 59.941528 17.604717
v -16.516945 54.984020 19.950569
v -16.644718 55.568413 19.565331
v -17.080551 56.466774 19.234768
v -17.522827 57.176529 18.766296
v -18.140738 58.188511 18.091969
v -18.250809 58.735119 17.415535
v -18.371471 59.342670 16.767725
v -17.025038 54.697041 19.932388
v -17.227440 55.210892 19.407120
v -17.927895 56.217510 19.149439
v -18.457441 57.051872 18.551537
v -18.770756 57.918663 17.895647
v -18.865137 58.343708 17.377319
v -19.040890 58.877800 16.347034
v -19.588564 58.766869 16.883593
v -19.413857 58.414433 17.447330
v -19.268572 57.874851 18.058903
v -18.857943 57.107300 18.818468
v -18.341757 56.274673 19.353188
v -17.745310 55.213928 19.812805
v -17.106152 54.569374 20.245094
v -20.994633 57.527122 17.721821
v -21.509314 57.296238 17.439732
v -21.709888 58.394852 16.608494
v -21.006472 58.686176 16.869827
v -20.783932 56.490520 18.542038
v -21.151007 56.186703 18.364462
v -20.101831 55.108009 19.228762
v -20.426352 54.733334 19.076820
v -19.510782 54.122387 19.758463
v -19.909184 53.757061 19.519676
v -18.965559 53.366478 19.922859
v -19.344175 53.108170 19.685081
v -18.606272 52.908527 20.156631
v -18.927427 52.595261 19.954674
v -18.406891 53.444412 19.841553
v -18.406816 52.739517 20.144653
v -19.004641 54.272671 19.598579
v -19.556320 55.244221 19.126558
v -20.083998 56.631287 18.381903
v -20.279451 57.574966 17.612019
v -20.313749 58.325359 16.983101
v -18.716801 52.367390 19.935486
v -19.266773 52.594635 19.288216
v -19.740936 53.250370 18.982525
v -20.291168 54.173717 18.469288
v -21.003386 55.487782 17.618921
v -21.357513 56.638622 16.722908
v -21.407646 57.551811 15.951622
v -18.275200 53.041622 19.379990
v -18.276428 52.669075 19.770615
v -18.565798 53.740337 19.002209
v -19.150463 54.835278 18.546879
v -19.625311 56.044117 17.675537
v -19.827850 56.988865 16.891708
v -19.811209 57.541016 16.331549
v -18.723471 52.767536 18.988510
v -18.535564 52.402077 19.589790
v -19.159021 53.286808 18.652882
v -19.708408 54.142124 18.218605
v -20.150072 55.565346 17.268805
v -20.345976 56.466724 16.527487
v -20.351177 57.267723 15.622896
v -21.031296 52.522831 17.711990
v -20.791088 52.001858 17.890327
v -21.031975 51.781212 17.675522
v -21.303642 52.150772 17.446953
v -21.478615 53.336483 17.557894
v -21.800482 52.899975 17.217115
v -21.966320 54.076347 17.359886
v -22.252605 53.811913 16.759186
v -22.416300 55.678757 16.654707
v -22.884159 55.365143 16.035919
v -22.552010 56.480484 16.171864
v -22.941593 56.121422 15.487683
v -22.588814 57.535652 15.425425
v -23.048143 57.320358 14.669383
v -22.434877 53.040520 14.267323
v -21.967766 52.385475 14.329967
v -22.262970 52.131065 13.835377
v -22.709982 52.940819 13.748138
v -22.973331 54.057137 14.248686
v -23.162821 53.826725 13.639419
v -23.280169 55.002300 14.056146
v -23.391985 54.685383 13.493576
v -23.434366 56.026711 13.814159
v -23.664642 55.563076 13.242973
v -23.412937 56.597290 13.578858
v -23.604134 56.322586 12.946408
v -23.443884 57.399719 13.362535
v -23.567932 57.116524 12.464603
v -20.275209 51.841522 17.827118
v -20.517218 52.834763 17.580811
v -20.970625 53.727573 17.454966
v -21.318413 54.543201 17.075926
v -21.751930 55.778324 16.655155
v -21.818787 56.619282 16.180771
v -21.887974 57.402954 15.694395
v -21.335464 52.113808 16.891563
v -20.662960 51.400795 17.469238
v -21.703444 52.835194 16.619755
v -22.094364 53.719292 16.238018
v -22.582350 55.179417 15.321353
v -22.457432 55.873783 14.827160
v -22.360121 56.625607 14.081134
v -20.832027 52.447342 16.582893
v -20.562204 51.740162 17.024994
v -21.284479 53.000511 16.341991
v -21.656324 53.861359 15.910750
v -21.991531 55.259476 15.220134
v -21.907104 55.875969 14.756166
v -21.826082 56.470345 14.238908
v -20.531548 52.623032 16.741852
v -20.291939 51.952541 17.242020
v -20.887915 53.320354 16.477249
v -21.149071 54.149696 16.146683
v -21.516581 55.472496 15.594830
v -21.440481 56.101578 15.259846
v -21.278250 56.695740 14.732661
v -22.533566 53.092552 13.362022
v -22.017843 52.258911 13.632434
v -22.820694 53.761921 13.257603
v -23.088053 54.721664 13.066471
v -23.225418 55.319141 12.849586
v -23.177856 55.981720 12.534080
v -23.023693 56.548332 12.141121
v -21.728012 52.544270 14.172909
v -21.980045 53.195057 14.343244
v -22.494888 54.196117 14.325750
v -22.589521 55.083565 14.157260
v -22.673828 56.095970 13.828157
v -22.652943 56.626026 13.677552
v -22.641916 56.847488 13.545346
v -21.952286 53.471390 13.481305
v -21.727898 52.589920 13.684339
v -22.260435 54.098221 13.413253
v -22.400846 54.872028 13.199965
v -22.523167 55.472084 12.954706
v -22.444868 56.004200 12.756459
v -22.366381 56.379311 12.534018
v -21.816681 53.509346 13.982463
v -21.564440 52.759392 13.851888
v -22.138052 54.244991 13.898284
v -22.244883 55.030220 13.697875
v -22.356361 55.789146 13.458952
v -22.284613 56.296062 13.168687
v -22.207687 56.579739 13.062399
v -16.045486 63.516964 11.923187
v -16.788143 62.737106 10.443892
v -16.895426 63.674980 12.714809
v -17.396303 62.742439 14.072145
v -23.177195 58.048470 13.705759
v -22.367363 57.073044 13.656891
v -22.092857 58.502026 15.239813
v -21.808054 57.760700 15.435489
v -20.640089 59.569836 16.443245
v -19.772486 58.535728 16.422157
v -19.397322 58.434364 15.783573
v -20.899736 57.425419 14.630589
v -21.754601 56.964375 13.052698
v -18.394257 60.492676 16.811201
v -19.333433 60.494301 17.527336
v -18.022320 61.772736 15.164722
v -19.085777 62.187752 15.233352
v -23.503513 57.793880 12.375984
v -20.930428 61.500835 14.534575
v -21.925461 60.877239 13.467808
v -22.801897 60.157143 12.274461
v -23.007931 59.247791 11.158494
v -21.246584 60.757442 7.550223
v -22.910408 56.975891 11.867708
v -22.482370 58.416199 10.109990
v -18.417130 59.813385 16.482239
v -17.146824 61.131401 14.373718
v -17.177912 60.763275 12.876126
v -17.440882 61.346485 10.670410
v -18.172670 61.953403 9.190243
v -20.254345 61.568687 6.913724
v -19.262024 60.876209 8.462504
v -19.378088 61.180515 16.583044
v -18.360445 61.152763 16.069466
v -20.828287 60.260250 15.931723
v -22.150896 59.443924 14.740074
v -23.028551 59.120052 13.138544
v -23.219778 58.423412 11.882810
v -22.803673 57.535069 11.196688
v -18.286541 60.188889 15.859199
v -19.110073 58.863091 15.242275
v -20.640741 58.058109 13.943572
v -18.929182 59.680290 14.092281
v -20.243086 59.061066 13.040617
v -21.334925 57.571003 12.200498
v -20.992331 58.570992 11.168696
v -22.308531 56.696198 12.151398
v -21.974926 57.326859 11.103461
v -21.510319 58.165783 9.714365
v -20.763721 59.565102 8.549263
v -18.600159 60.405842 12.357866
v -18.785126 60.851326 10.302713
v -20.062006 59.647507 10.118619
v -19.866543 59.912033 11.705554
v 21.517849 8.596586 6.331250
v 23.604078 9.647353 5.004050
v 23.568760 10.101551 2.155781
v 21.636063 10.752063 0.502821
v 20.407366 10.498835 -0.437385
v 20.002304 8.388447 5.307866
v 19.932196 9.317193 1.597648
v 19.392332 8.401009 3.975775
v 22.846352 5.241130 9.493262
v 20.062561 5.183329 9.290177
v 23.040897 4.253482 12.840322
v 19.692711 4.533482 13.079205
v 18.208347 3.457556 8.237329
v 17.232361 3.053565 12.798737
v 22.227022 5.481058 -1.684279
v 23.934891 5.780926 -1.453243
v 21.067142 4.690164 0.559844
v 22.468916 0.243749 -1.364824
v 24.727196 0.416342 -1.429260
v 20.467270 0.065113 0.298394
v 24.692060 5.768878 0.730513
v 25.595030 0.329575 1.109639
v 24.866690 4.734539 4.208884
v 25.673187 0.166720 3.835872
v 24.574526 3.066017 9.062922
v 25.646212 0.043586 8.541698
v 24.935385 2.522265 12.019375
v 25.135885 0.043586 12.789923
v 19.878439 4.097589 3.008228
v 19.534950 0.010476 2.138319
v 18.015205 0.043586 8.474546
v 16.220364 0.043586 13.512513
v 22.069210 0.043586 18.462830
v 22.451603 2.694817 18.141979
v 19.384762 2.794617 19.127396
v 19.015320 0.043586 19.709576
v 16.759377 1.332600 17.087097
v 16.500332 0.043586 17.742481
v 24.161583 0.043586 16.299969
v 23.993071 1.542800 15.519303
v 22.025133 0.107320 1.069618
v 20.267748 0.043586 8.452679
v 19.043461 0.043586 13.358840
v 22.443504 0.043586 12.998502
v 23.289724 0.043586 7.974147
v 19.764986 4.048384 16.140869
v 22.873634 3.771585 15.467788
v 17.132427 2.598381 15.058404
v 24.613613 1.855000 13.961258
v 24.492661 0.043586 14.526435
v 16.325871 0.043586 15.814471
v 18.921158 0.043586 16.880928
v 22.160831 0.043586 16.036156
v 24.543819 0.219409 1.315005
v -13.470116 9.448582 6.111275
v -15.340763 9.633393 4.243158
v -14.764940 9.648654 1.436782
v -12.729174 10.538857 0.047310
v -10.315331 10.237055 0.208938
v -11.789293 9.551160 5.462504
v -11.042173 9.842299 1.720959
v -10.892511 9.524954 4.304159
v -13.133711 5.240921 9.488708
v -10.378181 5.208922 9.139286
v -13.119949 4.253480 12.848208
v -9.763491 4.533481 12.888466
v -8.568359 3.457554 7.967212
v -7.324061 3.053564 12.462843
v -12.420630 5.306215 -1.380236
v -14.100611 5.339537 -1.302765
v -11.571661 4.732929 0.719920
v -12.920528 0.129684 -1.166808
v -15.127999 0.176438 -1.189237
v -11.023222 0.057696 0.349577
v -14.977461 5.327687 0.758057
v -16.008129 0.116637 1.314852
v -15.371075 4.619403 4.280612
v -16.128361 0.058859 4.009704
v -14.874500 3.066016 9.168219
v -15.975161 0.043584 8.711351
v -15.059711 2.522263 12.140848
v -15.214245 0.043585 12.921915
v -10.436962 4.176205 2.998008
v -10.090563 0.029643 2.086409
v -8.361513 0.043584 8.192581
v -6.271586 0.043586 13.115458
v -11.817126 0.043586 18.403332
v -12.217845 2.694817 18.105682
v -9.098044 2.794617 18.907818
v -8.694789 0.043586 19.467110
v -6.598042 1.332600 16.715683
v -6.300656 0.043586 17.354584
v -14.033865 0.043586 16.368130
v -13.911862 1.542799 15.578856
v -12.575411 0.061391 1.144293
v -10.611400 0.043584 8.304094
v -9.098829 0.043586 13.129176
v -12.514239 0.043585 12.970744
v -13.656406 0.043584 8.005297
v -9.654398 4.048385 15.949039
v -12.797441 3.771585 15.461164
v -7.090533 2.598381 14.712632
v -14.623550 1.854999 14.060280
v -14.469353 0.043585 14.617303
v -6.240634 0.043586 15.419625
v -8.768241 0.043586 16.637848
v -12.052244 0.043586 15.986339
v -15.032871 0.087521 1.480659
v 7.623013 88.408157 -2.213067
v 1.907918 74.158363 -3.675244
v 6.649181 74.293259 -5.365825
v 2.091946 85.982780 -3.439234
v 7.221972 85.983727 -2.619738
v 12.074518 80.633133 -5.868922
v 11.122580 85.491882 -3.398873
v 10.138859 83.363098 -1.700755
v 10.873217 79.786575 -3.523306
v 7.317869 76.333649 -5.092304
v 7.704449 77.287804 -2.623307
v 4.027595 78.571381 -1.653080
v 1.691555 78.308372 -2.828949
v 3.762473 81.848373 -0.732470
v 6.866670 82.931839 -0.741465
v 8.798969 79.021500 -1.097813
v 8.622161 80.013657 -0.825178
v 7.815600 78.560997 -0.886911
v 6.746709 78.636810 -0.879946
v 7.511992 80.116104 -0.643978
v 6.670558 79.723167 -0.644257
v 13.607285 84.682770 -5.885611
v 12.485818 80.812157 -7.033366
v 13.457487 87.810120 -4.434230
v 11.750391 86.986153 -3.197518
v 1.948003 90.463486 -3.233681
v 10.713127 77.082062 -7.672482
v 10.136832 74.787415 -7.996181
v 3.849460 109.393784 10.490476
v 3.850195 109.259079 10.128683
v 4.754962 109.265259 10.058960
v 4.797355 109.477921 10.351269
v 3.140122 108.857323 10.232094
v 3.389559 108.919388 9.999977
v 3.889059 108.415077 10.066355
v 4.205830 108.659775 9.983237
v 5.521265 108.481430 9.429993
v 6.063101 109.350494 9.015915
v 5.686342 109.165092 9.437509
v 5.353015 108.703903 9.578846
v 5.425147 109.443024 9.894904
v 5.353122 109.120956 9.927086
v 4.702639 108.291489 9.889614
v 4.798120 108.598129 9.888683
v 7.269817 110.461105 -1.100787
v 7.341878 111.970398 -0.218253
v 7.100353 107.934631 -0.508827
v 6.981106 110.051498 3.169365
v 6.704523 108.512650 2.970650
v 5.828017 105.400856 2.334689
v 7.217941 111.723465 1.124512
v 6.888178 106.214417 0.489353
v 7.306438 110.914932 0.325443
v 7.140193 110.520432 0.963246
v 6.268108 109.747650 0.744377
v 7.374805 110.056213 -0.143116
v 7.130846 108.097443 -0.114256
v 7.054611 107.425079 0.363029
v 6.969053 109.957336 1.635155
v 6.623284 109.149277 1.746525
v 6.998318 107.318802 0.972874
v 2.375450 103.058228 10.571184
v 2.267408 103.354034 10.829173
v 2.455470 102.432602 9.985251
v 2.161825 102.000626 9.415342
v 3.457726 102.787315 8.955872
v 3.766660 102.825905 8.796982
v 3.826564 103.084251 8.896792
v 3.504701 102.865776 9.149097
v 3.334628 102.649284 9.078346
v 3.461847 102.475464 8.783351
v 3.077867 103.456673 10.065324
v 3.061372 103.060806 10.018011
v 2.856861 102.177933 9.216228
v 3.022782 102.545395 9.493876
v 2.440496 102.918427 10.103071
v 2.975851 102.925415 9.629911
v 2.359780 102.926620 9.872596
v 2.912364 102.899506 9.324736
v 2.600642 109.270828 11.786101
v 3.419214 110.634079 12.493114
v 4.117188 102.833908 8.268031
v 3.526019 102.205124 8.568003
v 2.062427 101.775925 9.274704
v 2.859416 101.919907 9.005432
v 6.341642 109.479248 8.549749
v 5.629320 108.134659 9.023403
v 2.813440 108.759979 10.640356
v 3.628626 109.922661 11.441876
v 4.923007 110.059326 11.040800
v 5.232648 110.800018 11.533360
v 5.803624 109.842171 10.293311
v 6.229523 110.625778 10.064459
v 6.620282 110.136238 8.235933
v 4.515040 107.805054 9.767066
v 3.610185 108.066086 10.097304
v 2.832449 105.040085 12.701881
v 2.682430 106.274651 12.395957
v 2.726460 104.449127 12.462673
v 2.434731 104.348495 12.139876
v 2.992702 104.920151 11.870403
v 2.740988 104.940445 11.629917
v 3.193359 105.143143 10.719398
v 2.764514 105.040268 10.759003
v 3.152074 105.094589 10.091019
v 2.773779 104.671249 10.505427
v 2.331267 103.723892 10.848434
v 2.264836 104.257568 11.091801
v 2.310825 104.559052 11.498264
v 3.160631 105.528076 11.578011
v 2.981082 106.137680 11.312370
v 3.193286 105.579468 10.745583
v 2.323067 99.556137 7.367340
v 2.039130 99.444092 5.387577
v 3.163213 100.189407 6.208999
v 2.753660 99.808510 6.983474
v 1.839761 99.348190 7.563807
v 1.134722 99.145462 5.227134
v 3.681891 100.794617 6.585579
v 3.093292 100.623962 7.486320
v 2.590251 100.480827 8.291580
v 2.008904 100.371353 8.798378
v 4.332260 103.756180 8.623907
v 4.108835 104.819717 9.354568
v 3.605900 104.155731 9.585571
v 4.839355 101.748871 4.519608
v 5.405626 104.605209 8.166145
v 5.419643 102.917633 6.572201
v 4.972633 106.102325 9.185312
v 6.262879 106.442276 8.211083
v 6.925859 108.222473 6.931007
v 7.025215 109.960487 6.533902
v 5.537668 103.817749 2.766038
v 5.904022 104.519379 5.233810
v 6.394669 105.569870 6.968746
v 6.716743 107.172913 5.239655
v 6.259901 106.415939 3.810455
v 3.194374 105.869400 10.383392
v 2.956963 103.919960 10.306060
v 7.162745 112.318298 5.743359
v 6.948935 113.075424 7.551636
v 6.975149 109.231094 4.532883
v 2.532972 107.846741 11.913215
v 2.905401 107.496887 10.987167
v 3.345947 107.108322 10.301105
v 7.094835 111.188919 4.054733
v 3.635696 113.402954 12.372719
v 5.180431 113.499710 11.166759
v 6.199387 113.351288 9.649727
v 1.224418 98.110313 -2.256363
v 0.943428 99.334320 0.520275
v 2.919896 99.113708 -2.701241
v 2.510922 100.179115 0.251138
v 3.960681 100.720711 -2.927798
v 3.645016 102.031281 -0.492578
v 4.281075 102.821518 -3.342240
v 4.092877 103.725761 -1.331015
v 4.068685 96.878258 -2.765377
v 6.634552 97.217781 -2.072227
v 8.411248 100.477142 -4.529432
v 3.309464 101.040428 2.237251
v 2.200979 99.973877 3.209640
v 0.879870 99.413635 2.955199
v 4.544108 103.652115 1.197341
v 6.505784 106.332550 1.567925
v 4.012018 105.049545 -1.493059
v 4.693716 105.106125 0.734698
v 3.791342 116.460876 11.568798
v 3.267084 119.615616 9.293503
v 2.509737 121.326111 6.082244
v 1.442884 121.981506 1.510391
v 5.382447 116.483780 10.344173
v 5.238131 118.891296 8.357788
v 4.468646 120.630615 5.276516
v 3.406681 121.328522 0.893650
v 6.538402 115.968872 8.470827
v 6.403651 118.105110 6.381652
v 5.675285 119.405777 3.539534
v 4.751791 120.131729 0.652827
v 3.084219 119.828415 -1.689278
v 4.713428 118.946640 -0.589402
v 1.130938 120.554260 -1.999828
v 6.720409 111.671257 1.444962
v 6.389092 111.313156 0.131325
v 7.146526 111.072769 2.482296
v 6.252298 110.262085 -0.176304
v 5.988674 107.742203 0.064376
v 5.382304 106.381088 0.732262
v 7.211670 112.760986 3.052898
v 7.120770 115.574753 6.317719
v 6.990883 113.707321 1.346905
v 6.998128 116.918396 4.007909
v 5.855231 113.484665 -1.294953
v 6.150276 118.131836 1.614287
v 5.248184 111.553680 -2.187228
v 4.512290 108.420502 -2.183571
v 4.241062 106.944870 -1.760428
v 3.937896 112.878944 -3.784322
v 3.161912 108.675537 -3.695947
v 3.132353 107.194588 -3.385421
v 4.345530 114.822525 -3.331493
v 2.314331 113.772552 -5.000874
v 2.006058 109.164619 -4.460406
v 2.161260 107.338898 -4.375908
v 2.594824 115.868240 -4.420101
v 0.761652 114.328079 -5.337761
v 0.820996 109.638084 -4.862244
v 1.019056 107.864632 -4.979311
v 0.869879 116.345978 -4.755791
v 3.328476 105.311584 -3.674863
v 6.922503 109.796021 2.546124
v 2.595300 105.720764 -4.863036
v 1.050058 106.074730 -6.009433
v 7.556419 102.207344 -7.320654
v 7.331464 110.704926 2.243091
v 5.693738 102.883186 -10.336969
v 2.509040 102.100815 -11.971302
v 12.603704 99.075859 -2.810558
v 10.338847 95.484131 -0.950904
v 9.197790 92.848396 -1.062195
v 3.529690 70.177223 -5.684728
v 7.888297 70.873337 -8.544600
v 10.052503 73.197144 -19.956932
v 12.213058 72.951019 -16.908957
v 9.536902 78.056282 -18.489067
v 11.729165 78.153145 -14.148379
v 6.440218 72.694435 -22.183983
v 5.933986 76.849693 -21.427073
v 13.624011 101.671539 -6.893655
v 7.409810 101.372826 -13.343451
v 2.487228 100.169395 -14.324738
v 12.591292 82.513474 -14.334751
v 9.756041 83.213493 -18.542492
v 10.736943 87.967804 -18.365324
v 14.417986 87.246735 -14.439270
v 5.591776 81.722183 -20.702974
v 5.235737 86.543961 -20.730850
v 12.245704 71.877335 -13.332182
v 11.981503 77.277039 -10.404371
v 13.022064 80.742004 -9.555547
v 14.278611 84.265038 -8.839378
v 14.295553 85.592148 -8.743294
v 15.561457 88.181450 -13.151732
v 19.779026 96.240433 -2.714137
v 17.292595 93.001053 -0.523849
v 15.198545 95.346992 -15.674849
v 10.759997 94.743088 -18.199360
v 4.341910 93.173981 -19.375324
v 18.234362 94.957024 -13.886323
v 21.042759 97.370216 -7.529544
v 14.449762 88.730759 -2.504962
v 13.700756 85.943359 -7.079950
v 16.067276 88.068542 -12.728420
v 18.783440 94.001671 -12.975901
v 19.972433 95.547546 -3.211868
v 18.059271 92.549637 -1.429958
v 21.221306 96.273499 -7.672132
v 16.331730 90.267441 -1.816575
v 4.105869 108.851105 9.469803
v 3.265401 109.157990 9.347998
v 3.793329 109.406860 9.779273
v 4.671675 109.400818 9.692368
v 5.433569 109.284607 9.204326
v 5.089581 108.956223 9.096255
v 5.161794 109.348618 9.382018
v 4.618073 108.828629 9.335999
v 16.490120 79.426109 -4.328793
v 16.928417 71.927704 -3.585235
v 20.123070 80.344345 -2.310729
v 22.349236 80.508942 -3.741276
v 21.644440 78.851006 -10.554134
v 18.427864 78.435837 -10.488652
v 16.072243 78.793549 -7.210851
v 23.527924 80.011703 -6.743763
v 17.964790 80.023201 -2.523095
v 22.060471 73.047417 -1.663474
v 24.287989 72.092377 -3.506062
v 22.406998 69.834579 -8.802185
v 19.018215 70.426346 -8.697756
v 16.527685 71.452789 -6.309708
v 24.390923 71.683174 -6.470397
v 19.238510 72.673050 -1.760366
v 20.643555 70.394043 3.518731
v 22.255207 67.567215 2.330369
v 17.993452 71.721367 3.699783
v 15.777760 65.253502 0.312456
v 15.189550 71.474731 3.279737
v 17.661779 63.512058 -0.476542
v 21.841782 64.426788 -0.127285
v 15.290449 68.119873 1.183968
v 1.665834 95.443436 -2.714153
v 8.328648 90.728065 -1.690056
v 3.291785 102.870094 8.799046
v 3.268675 102.825272 8.649410
v 3.193510 102.807838 8.784279
v 2.792139 102.964172 8.978431
v 2.302375 102.979919 9.541592
v 2.904666 103.039154 9.288370
v 2.359831 103.006989 9.781165
v 3.289813 102.762367 9.120854
v 3.366303 102.814339 8.982468
v 3.391193 102.809532 9.148136
v 6.242023 106.344604 1.869890
v 7.195602 109.167068 -0.874916
v 0.652328 112.228409 -5.465458
v 2.082538 111.840363 -5.072480
v 3.597153 110.782883 -3.943668
v 4.774310 109.781586 -2.420494
v 7.316202 109.128281 -0.169365
v 6.241926 108.473831 0.591457
v 6.934046 107.970673 1.319614
v 6.750591 108.022324 2.060486
v 6.113234 109.028030 -0.057602
v 2.958381 118.205704 -3.078018
v 1.034197 118.687485 -3.442009
v 7.113016 115.304184 2.401901
v 4.709959 117.272903 -1.927265
v 6.328246 116.180542 0.309439
v 7.324463 114.078568 4.363998
v 12.671225 88.999474 -2.464206
v 14.788233 90.456360 -1.346401
v 2.447099 93.528687 -2.297630
v 1.893679 96.892517 -3.164112
v 1.576060 104.713608 -8.087246
v 3.064238 103.861679 -6.735945
v 4.994722 103.286880 -5.777834
v 5.337176 102.004181 -4.673081
v 4.978929 100.095879 -3.585405
v 3.468864 98.829407 -3.167406
v 1.707213 98.233673 -3.098386
v 1.630789 92.211334 -2.999743
v 3.384931 95.284836 -2.299278
v 1.918434 109.297501 12.265121
v 1.807758 96.149536 -2.834903
v 5.080362 94.966484 -1.660011
v 3.571776 92.827202 -2.287910
v 16.514235 87.208397 -12.215811
v 14.562266 88.057709 -2.899673
v 13.909979 85.594238 -6.629651
v 19.520458 91.020882 -11.982044
v 16.319664 89.295418 -1.959972
v 21.325016 90.297836 -3.903940
v 22.492744 91.557419 -8.196672
v 18.981564 90.439034 -2.139624
v 15.421137 59.504860 13.405073
v 10.662989 68.257599 15.200350
v 14.253407 68.263596 16.946966
v 11.588379 59.293617 12.271763
v 9.339706 62.973286 12.243207
v 17.112617 64.312546 17.272619
v 9.420938 66.350616 13.629812
v 16.955503 61.760189 16.046083
v 3.308594 65.748970 -8.329959
v 9.077984 66.055817 -10.649815
v 11.913053 65.544739 -23.024897
v 14.260849 65.305618 -20.138023
v 7.296453 65.594818 -25.152115
v 14.575468 65.752884 -15.856359
v 3.810123 60.752224 -5.272211
v 10.827870 62.073212 -8.729738
v 14.160357 59.901882 -23.116083
v 16.580097 60.969608 -18.138208
v 8.962354 59.946491 -26.338491
v 16.226473 61.859653 -11.646588
v 4.053559 57.500366 -3.274858
v 12.631920 57.930847 -4.999204
v 15.950400 54.568409 -23.290497
v 19.317955 55.519131 -17.684816
v 10.484540 53.865784 -27.563782
v 18.418913 56.921936 -10.695641
v 7.112515 61.478523 -6.285160
v 15.289206 59.172718 -7.728580
v 14.634003 41.869961 -17.825100
v 18.975622 46.386013 -14.825792
v 8.867342 41.258232 -22.438019
v 20.227840 51.986797 -10.927756
v 6.912720 61.868938 -1.204580
v 15.411814 57.318264 -0.865149
v 13.114017 37.880531 -10.773772
v 18.451679 42.201813 -7.445789
v 7.824743 36.684315 -14.947988
v 19.828609 49.331322 -3.749908
v 7.167635 40.311829 32.281384
v 16.057880 39.464241 28.329752
v 8.835586 36.180695 5.014283
v 14.590209 37.838261 10.302552
v 2.919884 34.311859 2.884929
v 18.244524 38.680874 18.029411
v 22.902782 -7.312084 27.710644
v 35.512482 -0.506805 15.424494
v 23.993443 4.446843 -10.453186
v 32.526299 6.265624 -6.068895
v 15.438951 2.169461 -12.846132
v 37.153332 5.183985 1.838003
v 16.890060 41.524437 18.193743
v 16.788918 43.593395 12.001291
v 17.885693 45.893925 3.594273
v 14.735880 55.190041 6.801670
v 13.389368 52.239643 15.550695
v 12.892486 48.333927 23.145817
v 14.065471 35.974739 13.417240
v 14.441977 36.812317 8.280396
v 17.067741 38.811996 0.156135
v 2.120567 36.525154 5.765798
v 3.783784 34.213760 3.018654
v 5.122412 34.365860 -4.857230
v 11.205250 35.086388 -2.512602
v 8.643452 33.849068 5.822053
v 7.066210 35.350765 8.673912
v 4.769327 52.453213 24.782829
v 5.160004 58.650894 15.564491
v 6.089169 61.007179 6.979354
v 32.244576 16.301998 6.469138
v 28.479153 23.388144 9.486952
v 22.933342 31.457182 14.265820
v 20.558764 28.602463 26.201654
v 25.979975 18.650484 22.240564
v 29.385094 10.390631 19.759476
v 28.113241 17.515930 -3.812727
v 23.459969 25.815460 -0.592415
v 18.404591 32.511909 5.132165
v 11.466400 12.712692 -10.050832
v 8.525734 20.061237 -5.612011
v 5.339314 27.660776 -1.115169
v 11.987138 30.419498 0.770179
v 15.849850 23.313623 -4.847777
v 19.354568 15.187283 -7.781304
v 17.814804 4.008086 29.956427
v 14.546284 13.992399 32.284512
v 10.336494 26.258003 33.537617
v 14.567604 60.295033 14.467524
v 11.109461 67.633957 15.328497
v 13.875481 67.750900 17.008780
v 11.686197 59.940319 13.268496
v 9.860008 62.863434 13.090536
v 16.363165 64.024963 17.268026
v 9.839157 65.609329 13.921664
v 16.004635 62.211735 16.854765
v 24.950363 -5.866768 21.810228
v 33.255104 -0.473272 13.024136
v 23.646107 3.648275 -7.832332
v 30.767288 5.000330 -4.298947
v 16.445290 1.624776 -9.604185
v 34.599110 4.161394 1.953150
v -8.193953 89.180916 -0.341728
v -5.245929 73.810928 -5.062293
v -8.870908 73.495392 -8.220809
v -3.071141 86.149734 -1.021376
v -8.316094 86.530472 -0.339302
v -14.276519 79.311920 -7.896089
v -12.333611 85.744080 -1.076180
v -13.690447 82.427567 -4.010116
v -13.696964 78.678482 -5.507717
v -9.783108 75.356354 -6.186420
v -10.791509 76.417389 -3.743804
v -7.671487 78.000923 -2.214844
v -5.042966 77.899086 -2.620846
v -7.811953 81.402847 -1.408733
v -10.812611 82.286209 -2.257549
v -12.361906 78.148491 -2.909521
v -12.315882 79.188759 -2.634827
v -11.458781 77.765907 -2.427809
v -10.453708 77.918495 -2.161003
v -11.331576 79.369408 -2.242943
v -10.510985 79.032806 -2.002893
v -15.567546 83.669853 -6.349154
v -14.321379 79.331581 -11.657728
v -14.408805 87.407822 -2.267348
v -12.400151 87.666214 -0.541893
v -2.541148 90.472733 -2.303560
v -12.052565 75.851624 -11.631210
v -11.215890 73.589401 -11.730417
v -0.636594 85.922638 -2.998131
v -1.485446 79.843689 -3.520818
v 1.956910 104.132675 12.079495
v -1.622271 117.004059 -4.432409
v -1.607831 74.615417 -4.646063
v 2.185341 104.667221 13.230873
v 1.524749 102.855515 9.884696
v 1.550939 102.972061 10.017943
v -0.247560 98.070724 -3.131185
v 2.133009 106.534065 13.110837
v -0.809928 108.148628 -5.248923
v -0.695361 106.145157 -6.474301
v 1.606106 102.834198 10.276726
v 0.501939 121.637314 6.256054
v 2.126222 72.003342 -23.940271
v -0.557387 109.328506 11.395088
v -0.698682 109.186317 11.063274
v -1.558346 109.166412 11.353249
v -1.485234 109.384933 11.640954
v 0.007820 108.810959 10.875116
v -0.314187 108.869301 10.764664
v -0.732921 108.346542 11.015088
v -1.060943 108.596146 11.078902
v -2.484976 108.362839 11.073690
v -3.170599 109.213715 10.911544
v -2.653373 109.045906 11.150520
v -2.275483 108.601822 11.158752
v -2.240799 109.329544 11.468659
v -2.156314 109.004974 11.464335
v -1.546451 108.198883 11.172432
v -1.640312 108.517578 11.226227
v -8.295541 110.230301 2.094409
v -8.057165 111.742050 2.942695
v -7.834814 107.713165 2.557007
v -6.336759 109.854019 5.903206
v -6.117142 108.322525 5.602631
v -5.482814 105.230782 4.641726
v -7.407320 111.506592 4.126728
v -7.197788 106.005554 3.380867
v -7.780350 110.691208 3.422401
v -7.365182 110.305344 3.940852
v -6.628193 109.556412 3.391682
v -8.003279 109.828186 3.013641
v -7.712054 107.877350 2.932631
v -7.434896 107.210236 3.337379
v -6.927287 109.751282 4.487740
v -6.542763 108.954041 4.449200
v -7.139953 107.109161 3.875126
v 1.008892 103.037964 10.851707
v 1.201351 103.338226 11.048011
v 0.722394 102.406906 10.341011
v 0.777850 101.980095 9.699270
v -0.613935 102.726936 9.791691
v -0.961442 102.755791 9.767550
v -0.984712 103.012894 9.884374
v -0.583220 102.805153 9.988251
v -0.448677 102.593178 9.854973
v -0.677370 102.414047 9.632874
v 0.152974 103.413307 10.665732
v 0.160766 103.017792 10.613438
v 0.056575 102.136398 9.790840
v 0.004444 102.500641 10.113472
v 0.768736 102.893646 10.446247
v 0.090330 102.882629 10.222240
v 0.751880 102.902786 10.202660
v 0.029193 102.856750 9.916584
v 1.103832 109.248657 12.093381
v 0.588015 110.615067 13.079144
v -1.492046 102.750732 9.419476
v -0.812968 102.140778 9.458669
v 0.822222 101.757523 9.529281
v -0.020803 101.877182 9.596549
v -3.606328 109.325211 10.593706
v -2.734577 108.010635 10.740314
v 0.471527 108.725243 11.121082
v 0.011939 109.885063 12.192242
v -1.337857 109.970367 12.331072
v -1.445734 110.676514 12.903194
v -2.432579 109.714096 11.987539
v -2.940661 110.475876 11.945949
v -3.994349 109.950409 10.415558
v -1.408577 107.717209 10.983042
v -0.454619 108.005814 10.931712
v 1.371862 105.018433 13.001701
v 1.354072 106.254967 12.668638
v 1.391833 104.429337 12.736641
v 1.535576 104.335159 12.324447
v 0.900553 104.889130 12.299873
v 1.036512 104.915176 11.979805
v 0.256515 105.099594 11.322266
v 0.669034 105.009201 11.189156
v 0.048326 105.048553 10.728142
v 0.571144 104.638596 10.957576
v 1.139674 103.706223 11.093037
v 1.281447 104.242981 11.293667
v 1.390711 104.545410 11.687141
v 0.613811 105.490326 12.100807
v 0.656797 106.103210 11.789490
v 0.254481 105.535904 11.348854
v -0.105237 99.520126 7.865814
v -0.950132 99.375092 5.829000
v -1.351362 100.122467 7.135728
v -0.659208 99.757896 7.684058
v 0.422076 99.327171 7.854819
v -0.141886 99.114525 5.410505
v -1.696774 100.714859 7.689690
v -0.796383 100.566284 8.284775
v -0.012986 100.442230 8.825966
v 0.723839 100.352295 9.062172
v -1.575711 103.668579 9.836673
v -1.112920 104.742279 10.426472
v -0.540983 104.094238 10.436829
v -3.603114 101.623291 6.250002
v -2.766294 104.484039 9.843643
v -3.358963 102.787460 8.374241
v -2.009748 105.998795 10.618604
v -3.588443 106.296188 10.233331
v -4.752372 108.049301 9.328270
v -5.049624 109.781456 9.012585
v -5.029068 103.652023 4.876866
v -4.376698 104.366943 7.344200
v -4.174019 105.413162 9.138245
v -5.196560 106.996262 7.685173
v -5.318228 106.244247 6.187168
v 0.102575 105.823563 11.018065
v 0.345695 103.881233 10.842085
v -5.554313 112.129730 8.353867
v -4.667198 112.903168 9.936150
v -5.770900 109.042084 7.149342
v 1.256646 107.827774 12.175034
v 0.559568 107.462097 11.468712
v -0.104337 107.057159 11.009365
v -6.124887 110.992889 6.768433
v 0.266316 113.352997 13.064369
v -1.630614 113.398712 12.564903
v -3.160045 113.212494 11.570992
v -1.815306 97.969162 -2.254295
v -1.328342 99.309425 0.549260
v -3.597079 98.811096 -2.696801
v -2.986150 100.075531 0.429974
v -4.780149 100.318382 -2.928161
v -4.381987 101.813522 -0.155359
v -5.268417 102.416504 -3.404002
v -5.108430 103.415695 -0.887127
v -4.501730 96.948761 -3.544313
v -7.019757 97.518143 -3.102389
v -8.950001 100.262604 -5.343136
v -3.314175 100.877945 2.999101
v -1.767648 99.893555 3.808702
v -0.633268 99.379890 3.134908
v -4.969405 103.394363 2.351705
v -6.432500 106.138702 4.212034
v -5.214811 104.702972 -0.975129
v -5.371171 104.820839 1.933759
v 1.772017 116.759308 12.090851
v -0.280319 116.400497 12.404613
v -0.784595 119.555542 10.125214
v -1.402283 121.268112 6.885283
v -2.241494 121.926880 2.266704
v -2.225103 116.370987 11.905823
v -2.943389 118.769989 10.037258
v -3.499545 120.512451 6.912197
v -4.270020 121.214691 2.469498
v -4.010283 115.812485 10.636210
v -4.770152 117.939423 8.675369
v -5.257410 119.243683 5.783760
v -5.570627 119.976974 2.771858
v -4.948422 119.709305 -0.040367
v -5.991485 118.786270 1.608572
v -3.296859 120.488617 -1.090908
v -6.822539 111.470436 4.224992
v -7.025348 111.114243 2.884987
v -6.788406 110.866135 5.342807
v -6.990930 110.065704 2.542217
v -6.582245 107.555779 2.644877
v -5.813878 106.185272 2.850019
v -6.671546 112.555130 5.902790
v -5.382177 115.389359 8.884274
v -7.167565 113.497375 4.253300
v -6.217495 116.722427 6.720761
v -7.159842 113.291321 1.374736
v -6.416073 117.946823 4.195634
v -6.905240 111.370132 0.288445
v -6.130768 108.262352 -0.000846
v -5.681291 106.646835 -0.700400
v -6.377349 112.707260 -1.787195
v -5.474682 108.536430 -1.994284
v -4.757701 106.889633 -2.982401
v -6.611615 114.660049 -1.082253
v -5.373143 113.658569 -3.422818
v -4.407589 108.995621 -3.622082
v -3.855934 107.097839 -4.123602
v -5.461716 115.748779 -2.766285
v -4.095152 114.256058 -4.340775
v -3.218490 109.513718 -4.450344
v -2.609841 107.703094 -4.931652
v -4.022774 116.273422 -3.751442
v -4.579597 104.944366 -3.669454
v -6.521127 109.596680 5.305778
v -3.889109 105.419655 -4.858615
v -2.384839 105.915237 -6.007085
v -8.281774 101.756836 -7.863774
v -7.042072 110.491791 5.193631
v -6.638338 102.444160 -10.688635
v -3.529583 101.880882 -12.071203
v -12.940782 99.137177 -3.713548
v -10.682257 96.341972 -1.634931
v -9.604034 93.791374 -0.866604
v -6.095522 69.697235 -7.812432
v -9.235573 69.919350 -12.320728
v -6.916599 72.247849 -23.182220
v -10.160643 71.604187 -21.300289
v -7.434957 77.121735 -21.417486
v -10.934470 76.930283 -18.089733
v -2.569001 72.247375 -23.852680
v -2.949032 76.360207 -22.960590
v -14.017386 100.974625 -7.785842
v -8.251829 100.754524 -13.426779
v -3.900542 99.906715 -14.319719
v -0.543198 99.766357 -14.954399
v -12.479443 80.828094 -17.420568
v -8.518868 82.391388 -21.015053
v -10.343325 87.057381 -19.920181
v -14.982866 85.592316 -15.244535
v -3.536540 81.230225 -22.208010
v -4.079521 86.152573 -21.946053
v -11.513441 70.455765 -18.256628
v -12.336278 75.990387 -14.739100
v -13.965805 79.272781 -14.215360
v -15.776414 82.745842 -10.227173
v -15.451427 84.896835 -6.936341
v -16.029375 88.293587 -12.870276
v -20.168453 96.262047 -2.203399
v -17.790108 93.886444 0.164626
v -15.554224 94.379646 -15.247400
v -11.293367 93.990288 -17.996202
v -5.121245 92.802017 -19.348623
v -18.366608 94.709305 -13.122253
v -21.145777 97.313042 -6.949889
v -15.412558 88.531601 -0.724806
v -15.076122 85.599976 -7.046843
v -16.549036 88.470657 -12.431223
v -18.882391 94.112991 -12.022865
v -20.409616 95.527916 -2.583548
v -18.681562 92.991867 -0.549750
v -21.355335 96.336807 -6.943163
v -17.158880 90.388008 -0.402311
v -1.177370 108.776993 10.565117
v -0.463495 109.101944 10.116042
v -0.787067 109.335800 10.721177
v -1.628845 109.304413 10.984886
v -2.516326 109.168777 10.836487
v -2.231564 108.848419 10.608091
v -2.199695 109.238235 10.890627
v -1.699874 108.738541 10.644302
v -19.174362 79.378349 -7.380295
v -20.804794 72.334785 -9.126966
v -22.900154 80.290382 -5.536194
v -24.841492 81.280685 -7.046112
v -23.370087 81.654442 -13.927666
v -20.291374 80.660927 -13.687968
v -18.424973 79.579071 -10.257653
v -25.617172 81.934822 -10.148033
v -20.802147 79.661163 -5.630433
v -25.985741 73.649567 -7.497648
v -28.008984 73.668640 -9.755880
v -25.435465 72.466286 -15.183892
v -22.189779 72.710144 -14.583432
v -20.031223 72.583557 -11.790100
v -27.697218 74.147278 -12.681562
v -23.267790 72.874329 -7.424850
v -25.565266 70.644211 -2.886333
v -26.707275 67.954178 -4.770061
v -23.134514 72.110725 -2.077832
v -19.809166 66.499657 -6.055528
v -20.281952 72.160767 -2.061094
v -21.404602 64.781967 -7.434683
v -25.687595 65.344284 -7.641120
v -19.751669 69.191635 -4.674736
v -2.091725 95.482773 -3.344036
v -0.239668 97.167419 -3.908929
v -8.818128 91.555786 -0.693615
v -0.525605 102.813484 9.582668
v -0.562036 102.768486 9.435768
v -0.439932 102.753937 9.529996
v 0.000273 102.922760 9.551360
v 0.672731 102.955750 9.876118
v 0.017969 102.996353 9.880943
v 0.713536 102.982574 10.119110
v -0.393978 102.707756 9.877052
v -0.520238 102.756706 9.780285
v -0.477717 102.752159 9.942337
v -6.068374 106.161003 4.390701
v -8.101578 108.940247 2.265228
v -3.985270 112.159637 -4.513466
v -5.133420 111.733368 -3.591218
v -6.050244 110.639832 -1.963287
v -6.503317 109.614357 -0.105485
v -7.933376 108.902145 2.961009
v -6.628126 108.282990 3.233376
v -6.962882 107.764603 4.172325
v -6.504000 107.825790 4.781342
v -6.781304 108.836823 2.589340
v -1.726073 112.778931 -5.429163
v -5.333624 118.082748 -1.375866
v -3.722898 118.616943 -2.465488
v -6.909676 115.096252 5.280426
v -6.463060 117.107224 0.366291
v -7.055208 115.980614 3.042275
v -6.296256 113.876602 7.160007
v -13.319952 89.520988 -0.493181
v -15.370777 91.257446 0.115129
v -2.919696 93.683884 -2.560406
v -2.350401 96.865974 -3.811234
v -0.228014 95.092064 -3.432106
v -0.594213 104.595581 -8.338273
v -2.759755 104.533157 -8.074562
v -4.835664 103.593956 -6.331687
v -5.924057 102.893974 -6.144259
v -6.120686 101.678345 -5.152048
v -5.572448 99.981659 -4.173075
v -4.003687 98.761299 -3.645840
v -2.207114 98.217049 -3.319086
v 1.494590 101.945946 9.673482
v 1.460088 101.749710 9.487084
v 2.151356 104.047760 13.020570
v 1.994259 113.477768 12.934979
v -2.173049 92.167397 -2.754086
v -0.284148 97.798920 -2.110737
v -0.446764 122.137451 1.670590
v -0.522936 101.663239 -12.483502
v -0.321605 90.493088 -3.752453
v 1.762573 103.229782 11.067535
v -0.293201 91.892914 -3.542284
v -3.798153 95.437180 -3.030636
v 1.622069 102.406715 10.323625
v 1.808558 104.199234 11.361576
v 2.020227 107.933823 12.661469
v 1.285972 119.804199 9.943039
v -0.467765 92.682373 -19.470665
v -0.265847 93.228867 -3.323251
v 1.623755 102.911331 10.368282
v -1.245269 109.814331 -5.001176
v -2.236281 96.156723 -3.564215
v 0.529367 99.107040 5.294666
v -1.081020 120.750610 -1.519360
v -1.380758 69.746712 -5.651996
v 1.220958 81.077652 -22.265564
v 1.984262 110.296631 12.657605
v 0.124658 99.283516 3.029339
v -0.227121 96.197220 -3.640520
v 0.613774 86.528885 -21.692917
v 1.136357 99.315437 7.746250
v -1.743707 114.740311 -5.182893
v 1.688450 76.033707 -23.151417
v -1.416852 119.082428 -3.275860
v -5.468523 95.395493 -2.308228
v -4.057198 93.083458 -2.240040
v 1.768322 103.732330 11.131847
v 1.376260 100.272842 8.972016
v -0.166317 99.111977 0.800832
v 1.735069 103.018631 10.918297
v 2.060595 104.012878 12.575919
v -17.055391 88.217789 -12.168613
v -15.990321 87.051376 -2.068682
v -15.397819 85.239395 -6.872922
v -19.597334 92.317902 -11.154097
v -17.733465 88.279282 -1.365601
v -22.414413 90.314774 -3.907319
v -22.824533 92.763351 -7.742766
v -20.273678 89.692505 -1.806438
v -20.772022 58.652538 5.877943
v -17.263456 67.306656 9.785573
v -21.054630 66.734840 10.899946
v -16.812382 58.935982 5.368090
v -14.976803 62.728134 6.288713
v -23.506750 62.577927 10.125933
v -15.611603 65.800018 8.158533
v -22.906330 60.294548 8.554564
v 3.377918 65.111206 -26.829319
v -6.862501 65.355011 -11.473411
v -10.725458 65.133698 -16.460081
v -6.965811 64.435776 -27.306061
v -10.662930 63.650078 -25.831194
v -1.032041 65.309235 -27.294167
v -13.168919 64.079376 -23.106428
v -1.795217 65.327225 -9.881535
v 4.266195 58.781925 -28.983242
v -9.818688 60.453255 -9.772354
v -13.707998 61.273727 -16.565353
v -7.358576 59.360416 -29.848862
v -12.393086 60.209648 -27.182634
v -1.080332 59.740372 -29.579283
v -16.075781 61.025375 -21.822742
v -3.278956 60.069946 -6.496435
v 4.704722 53.109261 -29.869606
v -11.237986 57.264442 -8.431675
v -17.023338 57.322311 -14.646731
v -8.338594 54.030434 -30.938156
v -14.542602 54.698009 -28.200632
v -1.350811 53.648640 -31.365051
v -18.270430 55.958645 -22.108540
v -3.963121 53.710983 -4.312038
v 4.204218 42.984901 -26.405001
v -11.637768 61.496315 -12.857653
v -17.137672 58.085186 -17.041735
v -8.935862 41.011482 -23.478355
v -15.063116 44.291641 -22.278267
v -1.587754 41.360912 -25.566669
v -18.672703 49.702324 -19.845512
v -3.074192 58.948208 -7.292227
v 3.350438 36.273201 -18.318289
v -12.147047 62.485138 -7.693180
v -18.247602 57.058960 -9.901996
v -8.519094 38.129528 -15.410526
v -15.427848 41.238396 -14.264332
v -2.045176 37.470158 -17.522291
v -19.420921 48.054909 -12.270369
v -3.010379 62.527176 -4.476204
v 0.759241 35.122795 2.185382
v -14.085199 44.372208 28.137983
v -21.541101 43.642262 21.340504
v -8.146267 38.509750 1.011728
v -15.304840 39.656769 4.500607
v -1.462042 36.661602 1.081718
v -20.846558 40.616756 11.075462
v -4.068432 45.927158 31.178278
v 7.424227 0.350645 -12.946846
v -15.208318 -6.829572 27.337835
v -26.590820 -1.734469 14.156212
v -10.500392 1.009475 -11.041311
v -19.987703 1.280285 -8.091651
v -0.839108 0.238288 -12.833379
v -26.194117 0.926880 -0.418787
v 3.690964 -9.617821 32.052521
v -20.305946 43.884464 10.783499
v -19.149689 45.221958 4.486019
v -18.613811 46.158524 -4.190711
v -18.790377 56.121819 -1.890860
v -19.007019 54.738888 7.231977
v -19.489195 52.179482 15.255556
v -15.091398 38.755333 7.752012
v -14.333445 38.981846 2.604343
v -15.220523 39.258026 -6.064849
v -1.965838 39.323895 3.719104
v -2.233510 36.746971 1.264827
v -1.583067 36.463497 -6.836605
v -8.125238 36.802620 -6.546651
v -7.540970 37.274452 2.074346
v -7.202361 39.272980 4.798373
v -13.124161 55.939381 19.555239
v -12.879925 61.615185 9.568779
v -12.622019 62.768272 0.648455
v -3.487150 63.589752 2.057148
v -4.161963 62.230705 12.717213
v -4.529175 56.929802 21.987659
v 0.137231 37.703049 4.511714
v 0.892371 35.223099 1.454811
v 2.042094 34.401894 -6.933954
v -25.513708 13.596121 2.441782
v -24.393623 21.931540 4.584051
v -22.504599 31.835999 8.242235
v -22.432234 31.652607 20.829344
v -24.104801 20.080276 18.152344
v -24.566442 10.637603 16.855787
v -19.420036 14.315234 -6.828642
v -17.918161 23.985836 -4.762420
v -16.271854 32.678322 0.125382
v -0.710956 12.145596 -9.928871
v -0.951126 20.510103 -6.059650
v -1.043529 29.244408 -2.232457
v -8.584541 31.357492 -2.371296
v -9.006067 22.577200 -7.035849
v -9.495723 13.351078 -8.950171
v -13.814482 5.091984 28.614758
v -14.080151 17.023520 30.340021
v -13.690393 30.027197 30.678379
v -2.251070 28.806620 36.310081
v -0.210387 14.609650 36.076393
v 1.724821 2.485525 34.240131
v 5.314478 9.242408 -5.503685
v 3.816854 18.167107 -3.471531
v 2.240194 27.055006 -0.717342
v -20.172012 59.311623 7.176897
v -17.657139 66.637695 9.738933
v -20.639143 66.249893 10.941098
v -17.123434 59.392029 6.424753
v -15.603004 62.434288 7.011399
v -22.739262 62.354156 10.198725
v -15.989670 64.989517 8.257372
v -22.137913 60.672241 9.568899
v 7.103943 -0.496447 -9.122740
v -16.523518 -4.210099 22.654871
v -23.890543 -1.433012 12.288262
v -10.421116 0.605239 -8.224179
v -18.454515 0.848401 -5.790081
v -2.446283 -0.240600 -9.542388
v -23.575642 0.733175 0.411315
v 4.065478 -8.614890 27.533859
v 4.058086 4.283717 11.613464
vn 0.6657 0.4723 0.5777
vn 0.3836 0.5735 0.7239
vn 0.4422 0.0309 0.8964
vn 0.6249 -0.0821 0.7764
vn 0.5424 0.8079 0.2306
vn 0.2494 0.8944 0.3714
vn 0.3420 0.9261 -0.1592
vn 0.1615 0.9805 -0.1122
vn 0.9053 0.2894 0.3110
vn 0.8740 -0.1387 0.4657
vn 0.7894 0.6118 0.0499
vn 0.6361 0.7093 -0.3036
vn 0.3269 0.7422 -0.5850
vn 0.7569 0.4242 -0.4971
vn 0.0796 0.8300 -0.5521
vn 0.9122 -0.2866 0.2930
vn 0.9944 0.0590 0.0880
vn 0.9969 -0.0532 -0.0582
vn 0.8891 -0.3394 0.3070
vn 0.8550 -0.5078 0.1051
vn 0.8498 -0.5255 -0.0414
vn 0.9278 0.2821 -0.2442
vn 0.3962 0.3506 -0.8486
vn 0.0408 0.4760 -0.8785
vn 0.9281 0.0969 -0.3595
vn 0.9094 -0.3712 -0.1875
vn 0.7926 -0.3787 -0.4779
vn 0.7937 -0.6077 -0.0279
vn 0.5443 -0.8287 -0.1305
vn 0.5775 -0.8161 -0.0221
vn 0.7859 0.0693 -0.6145
vn 0.8409 -0.5246 0.1333
vn 0.8221 -0.1430 -0.5510
vn 0.7690 0.2028 -0.6062
vn 0.8286 -0.1209 -0.5466
vn 0.7237 -0.3149 -0.6141
vn 0.4265 0.1474 -0.8924
vn 0.5763 0.1882 -0.7953
vn 0.4691 0.6561 -0.5912
vn 0.2838 0.1775 -0.9423
vn 0.0263 0.1627 -0.9863
vn 0.2728 0.5631 -0.7801
vn -0.0602 0.9980 -0.0211
vn -0.0562 0.8763 0.4785
vn -0.2098 0.7191 -0.6625
vn -0.0467 0.9118 -0.4080
vn -0.2563 0.4561 -0.8522
vn -0.3591 0.1173 -0.9259
vn 0.0297 0.6326 0.7739
vn 0.1557 0.1219 0.9803
vn -0.1108 0.8561 -0.5048
vn -0.2403 0.3890 -0.8893
vn -0.2609 0.6141 0.7448
vn -0.2393 0.1197 0.9635
vn -0.0858 0.1292 0.9879
vn -0.1497 0.6527 0.7426
vn -0.3768 0.8186 0.4334
vn -0.2385 0.8368 0.4928
vn -0.5864 0.7899 0.1795
vn -0.3363 0.9355 0.1087
vn -0.5739 0.4242 0.7004
vn -0.4885 -0.1554 0.8586
vn -0.5889 0.7575 0.2817
vn -0.6459 0.7632 0.0203
vn -0.7663 0.6129 -0.1930
vn -0.7918 0.5653 -0.2314
vn -0.5017 0.7880 -0.3568
vn -0.8042 0.2125 0.5550
vn -0.5832 -0.2829 0.7615
vn -0.8432 -0.1323 0.5211
vn -0.6373 -0.7056 0.3097
vn -0.6952 -0.6306 0.3449
vn -0.6253 -0.3582 0.6933
vn -0.7940 0.5967 0.1166
vn -0.6210 0.3685 -0.6917
vn -0.7398 0.3098 -0.5973
vn -0.9742 0.1922 0.1181
vn -0.7614 -0.5483 0.3459
vn -0.7919 -0.5995 0.1164
vn -0.1892 -0.9396 0.2853
vn -0.2357 -0.8761 0.4205
vn -0.4572 -0.7211 0.5206
vn -0.9523 0.0673 -0.2978
vn -0.9604 -0.2256 -0.1637
vn -0.6112 -0.6157 0.4974
vn -0.8760 0.3577 -0.3236
vn -0.9746 0.2232 0.0167
vn -0.9378 -0.3375 0.0819
vn -0.6856 0.2218 -0.6934
vn -0.9137 0.1875 -0.3606
vn -0.5473 0.8187 -0.1739
vn -0.7783 0.2896 -0.5571
vn -0.6104 0.1365 -0.7802
vn -0.6307 0.6194 -0.4676
vn -0.9055 -0.3723 -0.2037
vn -0.7139 -0.6992 0.0368
vn 0.0764 -0.8076 0.5847
vn -0.3051 -0.3245 -0.8953
vn 0.4881 -0.6006 -0.6332
vn 0.0249 -0.3969 -0.9175
vn 0.5809 -0.7806 0.2305
vn -0.4190 -0.8246 -0.3800
vn -0.5681 -0.0395 0.8220
vn -0.4071 -0.9123 0.0447
vn 0.1954 -0.5644 0.8021
vn -0.2755 -0.8208 -0.5003
vn 0.3244 -0.8352 -0.4442
vn -0.0575 -0.7507 -0.6582
vn 0.2773 -0.7875 0.5504
vn -0.0668 -0.2326 0.9703
vn 0.1768 -0.3267 0.9285
vn -0.4566 -0.4631 0.7597
vn -0.3478 -0.4369 0.8296
vn -0.2130 -0.2714 0.9386
vn -0.6006 -0.4406 0.6672
vn -0.8188 -0.4645 0.3373
vn 0.3625 -0.3631 0.8583
vn 0.6818 -0.4700 0.5606
vn 0.7881 -0.4884 0.3746
vn 0.4559 -0.4012 0.7945
vn 0.7816 -0.4660 0.4147
vn 0.8909 -0.4463 0.0846
vn 0.5492 -0.7690 0.3271
vn 0.6483 -0.5787 0.4948
vn 0.6811 -0.6701 0.2951
vn 0.5019 -0.8603 -0.0892
vn 0.7461 -0.6274 -0.2230
vn 0.3657 -0.9247 0.1062
vn 0.3034 -0.7876 0.5363
vn -0.0343 -0.3631 0.9311
vn 0.0850 -0.9916 0.0972
vn 0.9048 -0.4053 -0.1308
vn -0.6885 -0.7251 -0.0150
vn -0.8881 -0.4537 0.0743
vn 0.0366 -0.5665 0.8232
vn 0.0308 -0.8477 0.5296
vn -0.1091 -0.5135 0.8511
vn -0.1897 -0.9799 0.0612
vn 0.0008 -0.8685 0.4957
vn 0.5220 -0.1683 0.8362
vn 0.5680 -0.0060 0.8230
vn 0.5134 -0.7466 0.4230
vn 0.0944 -0.8733 0.4779
vn -0.0997 -0.9886 -0.1128
vn 0.0603 -0.0904 0.9941
vn 0.1557 -0.6882 0.7086
vn 0.0005 0.8823 0.4707
vn 0.0049 0.7599 0.6501
vn 0.1390 0.7425 0.6553
vn 0.1968 0.8447 0.4978
vn 0.2551 0.6453 0.7201
vn 0.3769 0.7224 0.5797
vn 0.3552 0.4870 0.7979
vn 0.5093 0.5126 0.6913
vn 0.4016 0.2683 0.8756
vn 0.5594 0.2455 0.7917
vn 0.3616 0.0419 0.9314
vn 0.5172 -0.0341 0.8552
vn 0.2664 -0.1357 0.9542
vn 0.3914 -0.2741 0.8785
vn 0.1535 -0.2556 0.9545
vn 0.2152 -0.4260 0.8788
vn 0.0199 -0.2766 0.9608
vn 0.0202 -0.4775 0.8784
vn -0.1142 -0.2580 0.9594
vn -0.1755 -0.4295 0.8858
vn -0.2293 -0.1402 0.9632
vn -0.3543 -0.2809 0.8919
vn -0.3284 0.0356 0.9439
vn -0.4852 -0.0432 0.8733
vn -0.3745 0.2613 0.8897
vn -0.5348 0.2355 0.8115
vn -0.3349 0.4807 0.8104
vn -0.4932 0.5035 0.7094
vn -0.2406 0.6407 0.7291
vn -0.3688 0.7156 0.5932
vn 0.0177 0.0402 0.9990
vn 0.0162 0.1730 0.9848
vn -0.1939 0.8411 0.5049
vn -0.1287 0.7400 0.6601
vn 0.0147 0.2873 0.9577
vn 0.0130 0.3977 0.9174
vn 0.0108 0.5164 0.8563
vn -0.4257 -0.8262 0.3691
vn -0.8130 -0.2503 0.5257
vn -0.9572 -0.2202 0.1877
vn -0.5403 -0.8412 0.0211
vn -0.9813 -0.1926 0.0046
vn -0.5735 -0.8026 -0.1639
vn 0.5830 0.7389 0.3378
vn -0.0951 0.8586 0.5038
vn 0.0142 0.6292 0.7771
vn 0.5403 0.5368 0.6480
vn 0.1126 0.3382 0.9343
vn 0.4363 0.2815 0.8546
vn -0.4391 0.3075 0.8441
vn -0.1685 0.1317 0.9769
vn -0.6755 0.4528 0.5819
vn -0.1864 0.9689 0.1626
vn -0.8096 0.5322 0.2476
vn -0.2261 0.9737 -0.0267
vn -0.8366 0.5442 0.0621
vn 0.7555 -0.4995 -0.4239
vn 0.8993 0.2399 -0.3656
vn 0.9571 0.2214 -0.1870
vn 0.8099 -0.5320 -0.2470
vn 0.9704 0.1628 0.1782
vn 0.8325 -0.5403 0.1224
vn 0.8450 0.0807 0.5287
vn 0.7395 -0.4698 0.4821
vn 0.6218 -0.0078 0.7831
vn 0.5608 -0.3503 0.7502
vn 0.1451 -0.9291 -0.3403
vn 0.1880 -0.9695 -0.1576
vn 0.2547 -0.9456 0.2022
vn 0.5402 0.8414 -0.0161
vn 0.4908 0.8474 -0.2027
vn 0.2840 -0.7904 0.5428
vn -0.2480 -0.6966 0.6732
vn 0.2827 -0.5446 0.7896
vn -0.0561 -0.4853 0.8725
vn -0.5500 -0.2425 0.7992
vn -0.2429 -0.2085 0.9474
vn 0.3073 0.0468 0.9505
vn 0.3753 -0.0837 0.9231
vn 0.1864 0.0686 0.9801
vn 0.3569 -0.2160 0.9088
vn 0.2532 -0.2730 0.9281
vn 0.1179 -0.2502 0.9610
vn 0.0398 -0.1608 0.9862
vn 0.0736 -0.0296 0.9968
vn 0.5458 -0.8217 0.1638
vn 0.5001 -0.8427 -0.1994
vn 0.9459 -0.2207 -0.2376
vn 0.9608 -0.2448 0.1298
vn 0.4505 -0.8072 -0.3814
vn 0.8892 -0.1955 -0.4136
vn -0.3844 0.7462 0.5435
vn -0.2118 0.5489 0.8086
vn 0.3184 0.6415 0.6980
vn 0.2990 0.8661 0.4006
vn -0.0284 0.2966 0.9546
vn 0.2980 0.3534 0.8867
vn 0.5709 0.1466 0.8078
vn 0.7578 0.3194 0.5690
vn 0.8583 0.4596 0.2284
vn 0.2347 0.9707 0.0515
vn 0.8356 0.5332 -0.1320
vn 0.1893 0.9724 -0.1366
vn 0.7804 0.5423 -0.3112
vn -0.8625 -0.5034 -0.0507
vn -0.8356 -0.5330 0.1329
vn -0.9455 0.2218 0.2383
vn -0.9701 0.2373 0.0519
vn -0.8007 0.1691 0.5748
vn -0.6975 -0.5353 0.4764
vn -0.4594 -0.4594 0.7602
vn -0.5366 0.0920 0.8388
vn -0.1833 -0.3364 0.9237
vn -0.2256 0.0069 0.9742
vn -0.2339 -0.9712 -0.0462
vn -0.2737 -0.9338 -0.2303
vn -0.1399 -0.9414 0.3070
vn -0.4978 0.8430 0.2039
vn -0.5333 0.8458 0.0140
vn -0.0208 -0.7806 0.6246
vn 0.5154 -0.6867 0.5127
vn 0.4268 -0.4716 0.7717
vn 0.0855 -0.5309 0.8431
vn 0.8406 -0.2317 0.4896
vn 0.6267 -0.1943 0.7547
vn 0.1301 0.0630 0.9895
vn 0.0575 -0.0677 0.9961
vn 0.2520 0.0849 0.9640
vn 0.0684 -0.2002 0.9774
vn 0.1706 -0.2573 0.9512
vn 0.3068 -0.2345 0.9224
vn 0.3878 -0.1450 0.9103
vn 0.3613 -0.0135 0.9323
vn 0.9893 0.0615 -0.1320
vn 0.3666 0.8093 0.4589
vn -0.1091 0.5098 0.8534
vn 0.8717 0.4161 0.2589
vn -0.0674 0.2127 0.9748
vn 0.5935 0.6363 0.4929
vn -0.3341 0.3442 0.8774
vn 0.2042 0.8288 0.5210
vn -0.2545 0.9165 0.3086
vn -0.8411 0.3221 0.4345
vn -0.8627 0.4668 -0.1946
vn -0.8321 0.5074 -0.2241
vn -0.3507 0.6919 0.6311
vn -0.3274 0.6916 0.6439
vn -0.9722 -0.0899 0.2162
vn -0.6443 0.0440 0.7635
vn -0.8361 0.5010 -0.2235
vn -0.3087 0.6802 0.6649
vn -0.7969 0.5130 -0.3192
vn -0.3259 0.7746 0.5420
vn -0.8075 0.4808 -0.3416
vn -0.3966 0.7677 0.5033
vn -0.8349 0.4186 -0.3573
vn -0.4757 0.7570 0.4480
vn -0.0473 0.1759 0.9833
vn -0.3805 0.4425 0.8120
vn 0.3747 0.0997 0.9218
vn 0.4478 0.1826 0.8753
vn 0.5046 0.1283 0.8537
vn 0.4078 -0.0242 0.9127
vn 0.0201 -0.3142 0.9491
vn -0.5703 -0.2976 -0.7656
vn -0.4888 -0.5611 -0.6680
vn -0.4031 -0.4662 -0.7875
vn -0.3330 -0.3821 -0.8621
vn -0.4223 -0.3710 -0.8271
vn -0.4484 -0.5453 -0.7083
vn -0.7413 -0.6209 -0.2548
vn 0.1929 -0.9453 -0.2632
vn 0.3835 -0.8411 -0.3813
vn 0.4698 -0.8063 -0.3594
vn 0.3403 -0.9160 -0.2127
vn 0.0159 -0.9931 0.1162
vn 0.4598 -0.7768 0.4303
vn 0.7337 -0.5816 0.3513
vn 0.7731 -0.5217 0.3608
vn 0.5931 -0.6839 0.4249
vn 0.0663 -0.8784 0.4733
vn -0.2794 0.0950 0.9555
vn -0.2790 -0.0851 0.9565
vn 0.2921 -0.3250 0.8995
vn 0.4667 -0.2507 0.8481
vn -0.2163 0.2572 0.9419
vn 0.5492 -0.1685 0.8185
vn -0.2216 0.3917 0.8930
vn 0.5981 -0.1028 0.7948
vn -0.0953 0.5424 0.8347
vn 0.7284 0.0025 0.6852
vn -0.0792 0.6873 0.7221
vn 0.8164 0.1175 0.5654
vn -0.0862 0.6749 0.7328
vn 0.6738 0.1124 0.7304
vn -0.7493 -0.5849 0.3106
vn -0.9310 0.2456 0.2702
vn -0.8788 0.4239 0.2191
vn -0.8771 0.4680 0.1086
vn -0.8861 0.4588 0.0648
vn -0.8894 0.4514 0.0714
vn -0.8955 0.4314 0.1096
vn -0.6930 -0.4280 -0.5801
vn -0.6027 -0.0705 -0.7949
vn -0.5324 0.0650 -0.8440
vn -0.5091 -0.0868 -0.8563
vn -0.5856 -0.2279 -0.7779
vn -0.6925 -0.3455 -0.6333
vn -0.7651 -0.3362 -0.5492
vn 0.1415 -0.8021 -0.5802
vn 0.3142 -0.4763 -0.8212
vn 0.4166 -0.4485 -0.7908
vn 0.3350 -0.5592 -0.7583
vn 0.1860 -0.6484 -0.7383
vn 0.0547 -0.7557 -0.6526
vn -0.4279 -0.7759 -0.4635
vn 0.5251 -0.8235 0.2147
vn 0.7720 -0.6168 -0.1537
vn 0.8048 -0.5709 -0.1624
vn 0.8282 -0.5586 -0.0448
vn 0.8555 -0.5177 -0.0067
vn 0.8243 -0.5636 0.0543
vn 0.1738 -0.9384 0.2986
vn -0.0133 0.5225 0.8525
vn 0.7603 0.1664 0.6278
vn 0.6969 0.3210 0.6413
vn -0.0194 0.5957 0.8030
vn 0.0065 0.4032 0.9151
vn 0.6889 0.0231 0.7245
vn -0.0310 0.2771 0.9603
vn 0.6468 -0.1256 0.7523
vn -0.0684 0.1641 0.9841
vn 0.5862 -0.2392 0.7740
vn -0.0909 0.1179 0.9889
vn 0.5144 -0.3090 0.8000
vn -0.1331 0.0739 0.9883
vn 0.4266 -0.3436 0.8366
vn -0.8638 0.3634 0.3489
vn -0.6915 -0.3279 0.6437
vn -0.7466 0.4548 0.4855
vn -0.7272 0.4754 0.4951
vn -0.7233 0.4814 0.4951
vn -0.7535 0.4624 0.4674
vn -0.7422 0.3248 0.5862
vn 0.0200 -0.9049 0.4252
vn 0.6709 -0.7388 -0.0638
vn 0.8167 -0.5713 -0.0815
vn 0.8494 -0.5080 -0.1431
vn 0.8653 -0.4753 -0.1589
vn 0.8849 -0.4165 -0.2087
vn 0.8019 -0.5962 0.0396
vn -0.8213 -0.0678 -0.5665
vn -0.8582 -0.4612 -0.2253
vn -0.7258 0.2165 -0.6529
vn -0.8195 0.1783 -0.5447
vn -0.8728 0.0341 -0.4868
vn -0.9167 -0.0995 -0.3869
vn -0.8959 -0.3324 -0.2946
vn -0.0367 -0.5443 -0.8381
vn -0.2611 -0.8686 -0.4210
vn 0.1496 -0.3564 -0.9223
vn 0.1514 -0.3975 -0.9050
vn 0.0201 -0.4936 -0.8695
vn 0.0003 -0.5962 -0.8028
vn -0.1348 -0.7764 -0.6157
vn -0.0041 0.0483 0.9988
vn -0.0616 -0.1451 0.9875
vn 0.5031 -0.5100 0.6977
vn 0.7037 -0.3640 0.6101
vn 0.0645 0.0357 0.9973
vn 0.7453 -0.3171 0.5865
vn 0.1998 0.1160 0.9730
vn 0.8544 -0.2507 0.4552
vn 0.2443 0.2820 0.9278
vn 0.9173 -0.0709 0.3918
vn 0.3042 0.4079 0.8609
vn 0.9621 0.0242 0.2716
vn 0.3638 0.4318 0.8254
vn 0.9473 0.0633 0.3139
vn 0.2475 -0.2693 0.9307
vn -0.1618 -0.6672 0.7271
vn 0.4658 -0.8813 0.0794
vn 0.8849 -0.4381 0.1583
vn 0.3720 -0.1383 0.9179
vn 0.9410 -0.2998 0.1571
vn 0.4007 0.0308 0.9157
vn 0.9685 -0.2063 0.1394
vn 0.3893 0.2106 0.8967
vn 0.9896 -0.0739 0.1233
vn 0.4071 0.2803 0.8693
vn 0.9980 0.0207 0.0605
vn 0.6287 0.1190 0.7685
vn 0.9956 0.0543 -0.0767
vn -0.8304 -0.3859 0.4020
vn -0.8843 0.3101 0.3492
vn -0.8130 0.3619 0.4562
vn -0.8241 0.3667 0.4318
vn -0.7603 0.3491 0.5478
vn -0.7365 0.3513 0.5781
vn -0.6293 0.2544 0.7343
vn 0.7580 -0.5825 -0.2934
vn 0.0239 -0.9997 0.0012
vn 0.8253 -0.4759 -0.3041
vn 0.8275 -0.4500 -0.3359
vn 0.8077 -0.3946 -0.4381
vn 0.7162 -0.4480 -0.5351
vn 0.7217 -0.5702 -0.3924
vn 0.0839 -0.3429 -0.9356
vn -0.1082 -0.6066 -0.7876
vn 0.2396 -0.3217 -0.9160
vn 0.1684 -0.3661 -0.9152
vn 0.0312 -0.4686 -0.8829
vn -0.0973 -0.6066 -0.7890
vn -0.1062 -0.7357 -0.6690
vn -0.6695 0.0586 -0.7405
vn -0.7933 -0.2452 -0.5574
vn -0.6386 0.1046 -0.7624
vn -0.7229 0.0348 -0.6901
vn -0.8256 -0.1213 -0.5510
vn -0.8980 -0.2436 -0.3664
vn -0.8587 -0.4404 -0.2622
vn 0.5194 -0.2404 -0.8200
vn 0.0006 -0.7392 -0.6734
vn 0.5706 -0.1985 -0.7969
vn 0.5644 -0.2682 -0.7807
vn 0.5919 -0.3027 -0.7470
vn 0.5672 -0.3512 -0.7449
vn 0.5511 -0.4200 -0.7211
vn -0.8045 -0.5004 0.3199
vn -0.6741 0.0346 0.7378
vn -0.5336 0.1015 0.8396
vn -0.6160 0.1738 0.7683
vn -0.6530 0.2001 0.7305
vn -0.6553 0.1858 0.7321
vn -0.4585 -0.1761 0.8711
vn -0.4326 0.1337 -0.8916
vn -0.5361 -0.3733 -0.7571
vn -0.4530 0.0629 -0.8893
vn -0.4696 -0.1062 -0.8765
vn -0.4176 -0.2722 -0.8669
vn -0.4830 -0.4474 -0.7527
vn -0.4022 -0.6324 -0.6621
vn -0.9612 0.2625 -0.0846
vn -0.9493 -0.1190 -0.2911
vn -0.9772 0.2068 -0.0474
vn -0.9895 0.0839 -0.1174
vn -0.9960 -0.0157 -0.0877
vn -0.9819 -0.1686 -0.0862
vn -0.8411 -0.5408 -0.0093
vn -0.6859 0.6568 -0.3133
vn -0.9024 -0.4064 0.1432
vn -0.6067 -0.0407 -0.7939
vn -0.4271 0.8444 0.3235
vn -0.3251 0.7329 0.5977
vn 0.7889 0.1594 0.5934
vn 0.4469 -0.8578 0.2538
vn 0.5737 0.3029 0.7610
vn 0.0773 -0.3782 0.9225
vn 0.3845 0.3400 0.8582
vn -0.6262 -0.5220 0.5792
vn -0.6795 -0.6771 -0.2826
vn -0.5490 -0.7848 -0.2876
vn -0.4973 -0.8060 -0.3210
vn -0.9310 0.3371 0.1396
vn -0.0378 0.6704 0.7411
vn -0.6887 0.3706 0.6232
vn -0.1380 0.7599 0.6352
vn 0.9796 0.1781 0.0932
vn 0.3808 0.6672 0.6402
vn 0.5962 0.5546 0.5804
vn 0.8214 0.4215 0.3842
vn 0.9878 0.1525 0.0312
vn 0.7010 -0.4236 -0.5737
vn 0.5883 -0.4652 -0.6614
vn 0.8483 -0.3371 -0.4084
vn -0.8870 -0.3037 -0.3477
vn -0.3957 -0.7949 0.4599
vn -0.1760 -0.9351 -0.3075
vn -0.3272 -0.7203 -0.6117
vn -0.5043 -0.5037 -0.7014
vn -0.6559 -0.6845 0.3184
vn -0.3904 -0.6627 -0.6391
vn -0.5009 -0.5106 0.6988
vn -0.0782 0.7147 0.6950
vn -0.8370 0.3844 0.3895
vn 0.4574 0.4981 0.7366
vn 0.5931 0.4007 0.6984
vn 0.7796 0.3898 0.4902
vn 0.9850 0.1524 0.0816
vn 0.8285 -0.4062 -0.3855
vn -0.9032 -0.4019 -0.1509
vn -0.5982 -0.6804 -0.4233
vn -0.5679 -0.6687 -0.4800
vn -0.4824 -0.7789 -0.4007
vn -0.5484 -0.6918 -0.4697
vn -0.6172 -0.6629 -0.4239
vn -0.6467 -0.6531 -0.3939
vn -0.1646 -0.7798 -0.6040
vn -0.0505 -0.8210 -0.5687
vn -0.0025 -0.7709 -0.6370
vn -0.0309 -0.7315 -0.6812
vn -0.3325 -0.8778 -0.3449
vn -0.4038 -0.8125 -0.4204
vn -0.5496 -0.7491 -0.3698
vn -0.5149 -0.7856 -0.3432
vn -0.9158 -0.0360 -0.4001
vn -0.9396 0.3419 -0.0143
vn -0.0993 0.6725 0.7334
vn 0.7438 -0.3240 0.5846
vn -0.7556 0.5955 0.2728
vn -0.0014 0.1980 0.9802
vn -0.4052 0.8247 0.3945
vn 0.2338 0.2250 0.9459
vn 0.0873 0.9465 0.3106
vn 0.7487 0.2588 0.6103
vn 0.8441 0.5357 0.0203
vn 0.0824 0.7408 0.6666
vn 0.1082 0.7428 0.6607
vn 0.8198 0.5724 -0.0188
vn 0.8786 0.0063 0.4775
vn 0.4030 0.1293 0.9060
vn 0.8240 0.5664 -0.0167
vn 0.0595 0.7285 0.6824
vn 0.8119 0.5713 -0.1200
vn 0.1027 0.8197 0.5635
vn 0.8308 0.5395 -0.1367
vn 0.1817 0.8178 0.5460
vn 0.8662 0.4795 -0.1407
vn 0.2737 0.8124 0.5150
vn -0.2398 0.2143 0.9469
vn 0.1067 0.5042 0.8570
vn -0.6213 0.0981 0.7774
vn -0.6849 0.1723 0.7080
vn -0.7291 0.1123 0.6751
vn -0.6409 -0.0286 0.7671
vn -0.2570 -0.2809 0.9247
vn 0.7809 -0.2717 -0.5625
vn 0.6960 -0.5381 -0.4755
vn 0.6396 -0.4555 -0.6192
vn 0.5866 -0.3808 -0.7148
vn 0.6616 -0.3604 -0.6576
vn 0.6673 -0.5273 -0.5261
vn 0.8285 -0.5599 -0.0063
vn -0.0395 -0.9676 -0.2495
vn -0.1971 -0.8854 -0.4209
vn -0.2885 -0.8578 -0.4254
vn -0.1965 -0.9500 -0.2428
vn 0.0294 -0.9857 0.1659
vn -0.4997 -0.7993 0.3338
vn -0.7549 -0.6328 0.1721
vn -0.7999 -0.5764 0.1670
vn -0.6326 -0.7193 0.2871
vn -0.1263 -0.8634 0.4884
vn -0.0044 0.1555 0.9878
vn -0.6616 -0.2621 0.7025
vn -0.5027 -0.3178 0.8039
vn 0.0092 -0.0237 0.9997
vn -0.0741 0.3104 0.9477
vn -0.7390 -0.1891 0.6466
vn -0.0662 0.4430 0.8941
vn -0.7845 -0.1292 0.6065
vn -0.1830 0.5790 0.7945
vn -0.8874 -0.0406 0.4593
vn -0.1788 0.7175 0.6732
vn -0.9478 0.0613 0.3128
vn -0.1741 0.7064 0.6861
vn -0.8572 0.0752 0.5095
vn 0.6782 -0.5006 0.5380
vn 0.7971 0.3412 0.4982
vn 0.7471 0.5119 0.4241
vn 0.7725 0.5515 0.3148
vn 0.7940 0.5417 0.2758
vn 0.7959 0.5349 0.2835
vn 0.7928 0.5169 0.3230
vn 0.8584 -0.3822 -0.3422
vn 0.8028 -0.0428 -0.5948
vn 0.7382 0.0836 -0.6693
vn 0.7314 -0.0700 -0.6783
vn 0.7943 -0.2004 -0.5736
vn 0.8659 -0.3022 -0.3985
vn 0.9114 -0.2832 -0.2986
vn 0.0891 -0.8324 -0.5469
vn -0.0356 -0.5332 -0.8452
vn -0.1443 -0.5140 -0.8456
vn -0.0663 -0.6154 -0.7854
vn 0.0778 -0.6894 -0.7202
vn 0.1878 -0.7807 -0.5960
vn 0.5983 -0.7503 -0.2812
vn -0.4997 -0.8592 0.1101
vn -0.6480 -0.6906 -0.3212
vn -0.6803 -0.6490 -0.3406
vn -0.7361 -0.6348 -0.2347
vn -0.7761 -0.5953 -0.2081
vn -0.7594 -0.6358 -0.1382
vn -0.1743 -0.9390 0.2964
vn -0.2648 0.5608 0.7845
vn -0.2513 0.6311 0.7339
vn -0.8707 0.2773 0.4061
vn -0.9142 0.1172 0.3880
vn -0.8599 -0.0134 0.5102
vn -0.2907 0.4430 0.8481
vn -0.2563 0.3236 0.9108
vn -0.8144 -0.1555 0.5590
vn -0.7527 -0.2612 0.6044
vn -0.2173 0.2163 0.9519
vn -0.1931 0.1729 0.9658
vn -0.6849 -0.3220 0.6536
vn -0.1488 0.1334 0.9798
vn -0.6079 -0.3457 0.7148
vn 0.7013 0.4657 0.5398
vn 0.5148 -0.2250 0.8273
vn 0.5438 0.5509 0.6330
vn 0.5209 0.5699 0.6356
vn 0.5166 0.5755 0.6340
vn 0.5548 0.5587 0.6165
vn 0.5233 0.4259 0.7381
vn -0.0579 -0.8812 0.4691
vn -0.5622 -0.8056 -0.1869
vn -0.7114 -0.6549 -0.2551
vn -0.7313 -0.5982 -0.3277
vn -0.7451 -0.5681 -0.3495
vn -0.7553 -0.5144 -0.4061
vn -0.7289 -0.6710 -0.1362
vn 0.9474 -0.0101 -0.3198
vn 0.9233 -0.3813 0.0466
vn 0.8553 0.2586 -0.4490
vn 0.9187 0.2352 -0.3172
vn 0.9664 0.1002 -0.2368
vn 0.9926 -0.0230 -0.1193
vn 0.9672 -0.2534 -0.0195
vn 0.3107 -0.5764 -0.7558
vn 0.4395 -0.8563 -0.2714
vn 0.1391 -0.4127 -0.9002
vn 0.1362 -0.4529 -0.8811
vn 0.2605 -0.5333 -0.8048
vn 0.2702 -0.6306 -0.7276
vn 0.3612 -0.7869 -0.5004
vn -0.2763 0.0848 0.9573
vn -0.8137 -0.4057 0.4162
vn -0.6342 -0.5290 0.5639
vn -0.2028 -0.1026 0.9738
vn -0.3406 0.0658 0.9379
vn -0.8507 -0.3638 0.3794
vn -0.4698 0.1323 0.8728
vn -0.9241 -0.3127 0.2196
vn -0.5132 0.2916 0.8072
vn -0.9812 -0.1420 0.1306
vn -0.5622 0.4086 0.7190
vn -0.9984 -0.0559 -0.0028
vn -0.6119 0.4254 0.6668
vn -0.9991 -0.0141 0.0395
vn -0.4731 -0.2571 0.8427
vn -0.8562 -0.5128 -0.0625
vn -0.3977 -0.9175 0.0029
vn 0.0070 -0.6222 0.7828
vn -0.5992 -0.1389 0.7884
vn -0.9206 -0.3805 -0.0873
vn -0.6396 0.0266 0.7682
vn -0.9496 -0.2907 -0.1175
vn -0.6378 0.2058 0.7422
vn -0.9759 -0.1615 -0.1467
vn -0.6528 0.2725 0.7068
vn -0.9741 -0.0705 -0.2151
vn -0.8242 0.0877 0.5594
vn -0.9365 -0.0418 -0.3482
vn 0.7147 -0.2917 0.6357
vn 0.7254 0.4039 0.5574
vn 0.6234 0.4527 0.6375
vn 0.6404 0.4576 0.6169
vn 0.5486 0.4384 0.7120
vn 0.5172 0.4391 0.7346
vn 0.3782 0.3377 0.8619
vn -0.5982 -0.6611 -0.4529
vn 0.0566 -0.9969 0.0554
vn -0.6681 -0.5617 -0.4880
vn -0.6635 -0.5373 -0.5207
vn -0.6207 -0.4841 -0.6168
vn -0.5020 -0.5322 -0.6818
vn -0.5370 -0.6491 -0.5387
vn 0.2060 -0.3832 -0.9004
vn 0.3700 -0.6222 -0.6899
vn 0.0498 -0.3759 -0.9253
vn 0.1213 -0.4134 -0.9024
vn 0.2519 -0.5014 -0.8278
vn 0.3599 -0.6233 -0.6943
vn 0.3454 -0.7465 -0.5687
vn 0.8414 0.0938 -0.5323
vn 0.9335 -0.1901 -0.3042
vn 0.8142 0.1359 -0.5645
vn 0.8805 0.0770 -0.4678
vn 0.9528 -0.0636 -0.2968
vn 0.9807 -0.1721 -0.0923
vn 0.9295 -0.3688 0.0088
vn -0.2512 -0.3176 -0.9143
vn 0.2448 -0.7601 -0.6019
vn -0.3100 -0.2799 -0.9086
vn -0.3030 -0.3481 -0.8872
vn -0.3359 -0.3837 -0.8602
vn -0.3090 -0.4296 -0.8485
vn -0.2947 -0.4957 -0.8170
vn 0.7218 -0.4110 0.5568
vn 0.4386 0.1243 0.8901
vn 0.2705 0.1815 0.9455
vn 0.3634 0.2585 0.8950
vn 0.4072 0.2868 0.8672
vn 0.4101 0.2728 0.8703
vn 0.2121 -0.1006 0.9721
vn 0.6503 0.1410 -0.7465
vn 0.7527 -0.3490 -0.5582
vn 0.6749 0.0725 -0.7343
vn 0.7008 -0.0938 -0.7072
vn 0.6615 -0.2634 -0.7021
vn 0.7065 -0.4274 -0.5640
vn 0.6189 -0.6157 -0.4877
vn 0.9229 0.3480 0.1647
vn 0.9991 -0.0403 -0.0137
vn 0.9324 0.2954 0.2081
vn 0.9734 0.1717 0.1518
vn 0.9793 0.0743 0.1881
vn 0.9776 -0.0792 0.1950
vn 0.8512 -0.4598 0.2531
vn 0.6928 0.7047 -0.1532
vn 0.8039 -0.0131 -0.5946
vn 0.8877 -0.3728 0.2702
vn 0.2549 0.8906 0.3766
vn 0.0905 0.7806 0.6185
vn -0.9325 0.1065 0.3452
vn -0.4297 -0.8860 0.1741
vn -0.7840 0.2757 0.5562
vn -0.2978 -0.3503 0.8880
vn -0.6335 0.3374 0.6963
vn 0.4812 -0.4379 0.7594
vn 0.7834 -0.6198 -0.0454
vn 0.6680 -0.7402 -0.0770
vn 0.6293 -0.7672 -0.1239
vn 0.8261 0.4279 0.3668
vn -0.2225 0.6978 0.6809
vn 0.4594 0.4556 0.7625
vn -0.1030 0.7923 0.6014
vn -0.9781 0.0890 -0.1882
vn -0.5949 0.6516 0.4707
vn -0.7759 0.5171 0.3613
vn -0.9266 0.3565 0.1196
vn -0.9668 0.0605 -0.2484
vn -0.4787 -0.5079 -0.7161
vn -0.3432 -0.5419 -0.7671
vn -0.6724 -0.4296 -0.6028
vn 0.9699 -0.2319 -0.0739
vn 0.3142 -0.7384 0.5966
vn 0.3260 -0.9257 -0.1918
vn 0.5391 -0.7086 -0.4552
vn 0.7172 -0.4796 -0.5057
vn 0.6642 -0.6685 0.3347
vn 0.6037 -0.6461 -0.4670
vn 0.3437 -0.7353 0.5841
vn -0.1743 0.7441 0.6449
vn 0.6641 0.4750 0.5774
vn -0.6816 0.4799 0.5524
vn -0.7931 0.3687 0.4849
vn -0.9133 0.3328 0.2346
vn -0.9779 0.0625 -0.1993
vn -0.6543 -0.4956 -0.5712
vn 0.9388 -0.3209 0.1253
vn 0.7442 -0.6367 -0.2020
vn 0.7301 -0.6296 -0.2656
vn 0.6346 -0.7448 -0.2062
vn 0.7104 -0.6542 -0.2596
vn 0.7612 -0.6173 -0.1987
vn 0.7805 -0.6038 -0.1623
vn 0.3870 -0.7826 -0.4877
vn 0.2713 -0.8329 -0.4824
vn 0.2402 -0.7900 -0.5641
vn 0.2765 -0.7497 -0.6012
vn 0.4833 -0.8551 -0.1877
vn 0.5677 -0.7861 -0.2445
vn 0.6885 -0.7074 -0.1598
vn 0.6508 -0.7459 -0.1416
vn 0.5053 0.7625 0.4040
vn 0.4952 -0.7727 -0.3971
vn -0.9645 -0.2588 -0.0531
vn -0.3791 0.8436 0.3803
vn 0.4635 0.8635 0.1989
vn -0.2702 0.9524 0.1407
vn -0.9245 0.3725 -0.0806
vn -0.7799 -0.4343 -0.4508
vn -0.8267 0.5610 -0.0430
vn -0.3566 0.0804 -0.9308
vn -0.0523 -0.9872 0.1505
vn 0.4976 -0.7937 -0.3500
vn 0.5824 0.2636 -0.7690
vn -0.8802 -0.0244 -0.4740
vn -0.4645 -0.8824 -0.0749
vn -0.2818 -0.6500 -0.7057
vn 0.5407 -0.5198 -0.6614
vn -0.6369 -0.6383 -0.4322
vn 0.9380 0.2673 -0.2206
vn 0.4612 -0.8196 -0.3399
vn 0.8026 -0.5749 -0.1590
vn 0.9639 0.2442 0.1061
vn 0.7790 -0.6271 0.0021
vn 0.9191 0.3719 0.1303
vn 0.7905 -0.6113 0.0385
vn 0.8926 0.4286 0.1399
vn 0.7690 -0.6240 0.1386
vn -0.9503 0.0656 -0.3043
vn -0.5613 -0.7677 -0.3091
vn -0.7097 -0.6471 -0.2785
vn -0.7055 -0.6809 -0.1964
vn -0.8169 -0.5713 -0.0792
vn 0.4489 -0.6240 0.6396
vn 0.5422 0.5113 0.6668
vn -0.1736 0.6110 0.7724
vn -0.1830 -0.5147 0.8376
vn -0.8242 0.4590 0.3316
vn -0.7475 -0.5065 0.4297
vn 0.6984 -0.6056 0.3815
vn 0.8848 0.2526 0.3915
vn 0.0376 -0.9989 -0.0271
vn 0.0098 -1.0000 -0.0016
vn -0.0000 -1.0000 -0.0000
vn 0.0079 -0.9999 -0.0105
vn -0.2056 0.9364 0.2844
vn 0.5132 0.7997 0.3116
vn -0.7756 0.6148 0.1430
vn 0.9026 0.3255 0.2817
vn 0.6989 -0.6856 0.2038
vn -0.8084 -0.5877 0.0323
vn 0.0592 -0.9972 -0.0463
vn -0.5456 0.7039 0.4548
vn 0.3418 0.8538 0.3926
vn 0.7955 -0.5856 0.1557
vn -0.1011 -0.9837 -0.1486
vn -0.4518 0.8627 0.2272
vn 0.2783 0.9523 0.1253
vn 0.9088 0.3987 -0.1231
vn 0.7920 -0.3935 -0.4668
vn 0.8229 0.5607 -0.0918
vn 0.4990 0.0332 -0.8660
vn -0.4763 0.1773 -0.8612
vn 0.0266 -0.9818 -0.1881
vn 0.2993 -0.8638 0.4054
vn 0.9315 -0.0073 -0.3638
vn 0.6300 -0.7749 0.0510
vn 0.3064 -0.6542 -0.6915
vn -0.5196 -0.5407 -0.6616
vn 0.6522 -0.6318 -0.4189
vn -0.9362 0.1610 -0.3124
vn -0.2683 -0.9547 -0.1288
vn -0.7814 -0.5998 -0.1725
vn -0.9816 0.1711 0.0846
vn -0.7799 -0.6258 0.0090
vn -0.9219 0.3443 0.1777
vn -0.7910 -0.6067 0.0792
vn -0.8828 0.4283 0.1927
vn -0.7595 -0.6240 0.1839
vn 0.9480 0.1481 -0.2817
vn 0.5918 -0.7169 -0.3685
vn 0.7092 -0.6398 -0.2961
vn 0.6951 -0.6804 -0.2321
vn 0.8108 -0.5713 -0.1275
vn -0.4103 -0.6240 0.6650
vn 0.2322 -0.5147 0.8253
vn 0.2190 0.6110 0.7608
vn -0.5018 0.5113 0.6977
vn 0.7716 -0.5065 0.3847
vn 0.8424 0.4590 0.2822
vn -0.6746 -0.6056 0.4222
vn -0.8601 0.2526 0.4432
vn -0.0109 -0.9998 -0.0147
vn -0.0029 -1.0000 -0.0002
vn -0.0006 -1.0000 -0.0025
vn 0.2221 0.9364 0.2717
vn -0.4939 0.7997 0.3414
vn 0.7827 0.6148 0.0968
vn -0.8844 0.3255 0.3346
vn -0.6856 -0.6856 0.2448
vn 0.8089 -0.5877 -0.0156
vn -0.0158 -0.9997 -0.0202
vn 0.7671 -0.3903 0.5092
vn 0.5507 -0.0892 0.8299
vn 0.5802 0.1934 0.7912
vn 0.8074 -0.4428 0.3899
vn 0.4772 -0.5602 0.6771
vn 0.2737 -0.8767 0.3956
vn -0.3766 -0.5564 0.7407
vn -0.3931 0.1123 0.9126
vn -0.1607 0.0929 0.9826
vn -0.2452 -0.2468 0.9375
vn 0.0515 0.3160 0.9474
vn 0.0079 0.2010 0.9796
vn 0.5835 -0.4266 0.6910
vn 0.4527 -0.0694 0.8890
vn 0.2258 -0.5635 0.7947
vn -0.1155 -0.5332 0.8381
vn 0.1205 -0.0248 0.9924
vn -0.0808 -0.1413 0.9867
vn 0.7721 -0.3789 0.5103
vn 0.8169 -0.3929 0.4223
vn 0.0681 -0.2902 0.9545
vn 0.4850 -0.3273 0.8110
vn 0.8696 -0.2273 0.4382
vn 0.0011 -0.7206 0.6933
vn 0.3505 -0.3808 0.8557
vn -0.0478 -0.1942 0.9798
vn -0.1715 -0.1047 0.9796
vn 0.7279 -0.3345 0.5986
vn 0.1363 -0.1825 0.9737
vn 0.2701 -0.0057 0.9628
vn 0.3346 -0.8187 0.4666
vn 0.3393 -0.9400 0.0373
vn 0.0417 -0.9721 0.2308
vn 0.2408 -0.7679 0.5936
vn 0.5709 -0.3228 0.7549
vn 0.7926 -0.0804 0.6044
vn 0.3135 0.0849 0.9458
vn 0.2512 0.5851 0.7711
vn 0.6801 -0.3166 0.6612
vn 0.7433 -0.4761 0.4699
vn 0.5167 -0.3531 0.7800
vn 0.3208 0.2935 0.9005
vn 0.5530 -0.5707 0.6070
vn 0.2463 -0.8833 0.3989
vn 0.3858 -0.2427 0.8901
vn 0.3088 0.4509 0.8374
vn 0.9791 -0.1420 0.1457
vn 0.9381 -0.3456 0.0211
vn 0.9471 -0.2936 0.1292
vn 0.9611 -0.1728 0.2153
vn 0.2873 0.9440 0.1622
vn 0.1246 0.7123 0.6907
vn 0.1416 0.6818 0.7177
vn 0.3350 0.9408 0.0513
vn 0.9352 -0.0750 0.3461
vn 0.9503 0.2134 0.2269
vn 0.9897 0.1377 -0.0383
vn 0.9628 -0.0723 -0.2604
vn 0.9753 -0.2120 0.0627
vn 0.9717 -0.1530 0.1797
vn 0.8853 -0.4116 -0.2165
vn 0.9886 0.0018 0.1509
vn 0.6538 0.7419 0.1486
vn 0.3892 0.8159 -0.4277
vn 0.3357 0.1736 -0.9259
vn 0.3762 -0.1742 -0.9100
vn 0.5865 -0.5301 0.6125
vn 0.6813 -0.4795 0.5531
vn 0.7412 -0.3741 0.5574
vn 0.5635 -0.6814 0.4671
vn 0.7199 -0.1578 0.6759
vn 0.6586 -0.4551 0.5992
vn 0.7397 -0.2104 0.6392
vn 0.5444 -0.2789 0.7911
vn 0.4342 -0.7040 0.5620
vn 0.5780 -0.6115 0.5403
vn 0.5279 -0.6116 0.5893
vn 0.7004 -0.1699 0.6932
vn 0.3355 -0.7088 0.6205
vn 0.5213 -0.3096 0.7953
vn 0.0791 -0.9953 0.0565
vn -0.0179 -0.9968 0.0774
vn -0.0709 -0.9871 0.1435
vn -0.4345 -0.0920 0.8960
vn 0.5293 0.6806 0.5065
vn 0.4681 0.7906 0.3947
vn 0.3214 0.7590 0.5662
vn 0.7350 -0.4821 0.4769
vn 0.7116 -0.4748 0.5178
vn 0.5733 -0.4796 0.6643
vn 0.3748 -0.4906 0.7867
vn 0.8911 -0.2294 0.3915
vn 0.7442 -0.2198 0.6307
vn 0.7903 -0.2557 0.5568
vn 0.4372 -0.7177 0.5420
vn 0.6923 -0.3412 0.6358
vn 0.4132 -0.3067 0.8575
vn 0.4054 -0.6764 0.6149
vn 0.6433 -0.2367 0.7281
vn 0.6367 -0.5714 0.5178
vn 0.8842 -0.1508 0.4420
vn 0.9568 -0.0943 0.2750
vn 0.4618 -0.2135 0.8609
vn 0.5297 0.0025 0.8482
vn 0.8386 -0.5427 -0.0465
vn 0.7915 -0.5988 0.1226
vn 0.5192 -0.8057 -0.2853
vn 0.4705 -0.8512 -0.2326
vn 0.8655 -0.4952 0.0759
vn 0.6166 -0.7740 0.1440
vn 0.7632 -0.2439 0.5984
vn 0.7859 -0.2955 0.5431
vn 0.6890 -0.7245 -0.0181
vn 0.7144 -0.4323 0.5502
vn 0.9787 0.0753 0.1909
vn 0.9492 0.1731 0.2629
vn 0.8603 0.2010 0.4685
vn 0.8626 -0.0355 0.5046
vn 0.9966 0.0650 0.0501
vn 0.5605 -0.7924 0.2410
vn 0.4721 -0.8761 -0.0985
vn 0.6538 -0.7567 0.0009
vn 0.6743 -0.7223 0.1536
vn 0.3120 -0.9003 0.3036
vn 0.2212 -0.9733 -0.0618
vn 0.7324 -0.6481 0.2087
vn 0.7452 -0.5405 0.3905
vn 0.6285 -0.5381 0.5616
vn 0.4038 -0.5490 0.7318
vn 0.6898 -0.3747 0.6195
vn 0.6039 -0.2622 0.7527
vn 0.7107 -0.1957 0.6757
vn 0.9641 -0.2528 -0.0808
vn 0.9052 -0.3180 -0.2818
vn 0.8270 -0.5619 -0.0198
vn 0.9808 -0.1948 0.0137
vn 0.7573 -0.3897 0.5240
vn 0.8472 -0.4744 0.2391
vn 0.6135 -0.2139 0.7602
vn 0.9486 -0.3152 -0.0268
vn 0.8854 -0.3676 -0.2843
vn 0.7984 -0.5978 -0.0726
vn 0.9355 -0.3072 0.1746
vn 0.8322 -0.2238 0.5073
vn 0.9764 -0.2090 -0.0552
vn 0.9706 -0.1146 0.2116
vn 0.8726 -0.0370 0.4870
vn 0.7327 -0.1116 0.6713
vn 0.6048 -0.1825 0.7752
vn 0.8814 -0.2599 -0.3945
vn 0.5685 -0.6060 -0.5565
vn 0.9910 -0.1221 -0.0550
vn 0.9910 -0.0624 0.1186
vn 0.9082 0.0916 0.4084
vn 0.8856 0.1433 0.4419
vn 0.7209 -0.0217 0.6927
vn 0.9911 -0.1248 0.0465
vn 0.9968 -0.0802 0.0031
vn 0.9957 -0.0431 0.0824
vn 0.4205 0.1120 0.9004
vn 0.7122 0.1136 0.6927
vn 0.9024 0.0643 0.4261
vn 0.9749 0.0039 0.2224
vn 0.5892 -0.6222 0.5155
vn 0.6881 -0.7073 0.1619
vn 0.3627 -0.9055 0.2203
vn 0.3194 -0.9252 0.2049
vn 0.8063 -0.1858 0.5616
vn 0.9185 -0.3879 0.0769
vn 0.9412 0.1821 0.2846
vn 0.9948 -0.0594 -0.0825
vn 0.7669 -0.6246 -0.1474
vn 0.5477 -0.8306 -0.1011
vn 0.2837 -0.9576 -0.0507
vn 0.8855 -0.3449 -0.3113
vn 0.8330 -0.2460 -0.4955
vn 0.9553 -0.0251 -0.2947
vn 0.8823 0.3461 -0.3190
vn 0.7933 -0.0155 -0.6086
vn 0.6665 0.6198 0.4142
vn 0.3690 0.7432 0.5581
vn 0.4419 0.3854 0.8100
vn 0.7124 0.3358 0.6162
vn 0.5681 0.8103 0.1439
vn 0.2853 0.9265 0.2454
vn 0.4697 0.8492 -0.2414
vn 0.1912 0.9694 -0.1541
vn 0.8733 0.4582 0.1652
vn 0.9118 0.2072 0.3545
vn 0.8004 0.5982 -0.0386
vn 0.7247 0.6282 -0.2831
vn 0.4603 0.6574 -0.5966
vn 0.7389 0.4881 -0.4646
vn 0.1433 0.7821 -0.6064
vn 0.8855 0.4526 -0.1049
vn 0.4417 0.4724 -0.7627
vn 0.9869 0.1180 0.1104
vn 0.2052 0.0217 -0.9785
vn 0.1847 -0.1901 -0.9642
vn 0.4650 -0.3181 -0.8262
vn 0.2213 -0.3970 -0.8907
vn 0.5154 -0.7732 -0.3695
vn 0.5976 -0.7602 0.2551
vn 0.9595 0.0123 -0.2815
vn 0.9941 -0.0470 -0.0982
vn 0.9807 0.1315 0.1446
vn 0.9561 0.2904 -0.0391
vn 0.9750 0.1292 -0.1808
vn 0.9999 0.0166 0.0028
vn 0.8762 0.0407 -0.4802
vn 0.8872 0.3899 -0.2467
vn 0.4786 0.4650 -0.7448
vn 0.1516 0.5555 -0.8176
vn 0.8958 0.2185 -0.3870
vn 0.7708 -0.1748 -0.6126
vn 0.7571 -0.2602 -0.5993
vn 0.8194 -0.0686 -0.5691
vn 0.6297 -0.1439 -0.7634
vn 0.6452 -0.1768 -0.7433
vn 0.7224 0.1498 -0.6750
vn 0.6855 -0.0024 -0.7281
vn 0.7499 0.3257 -0.5758
vn 0.3894 -0.1034 -0.9152
vn 0.4445 -0.1031 -0.8898
vn 0.6367 0.1823 -0.7492
vn 0.4505 0.2884 -0.8449
vn 0.4277 0.0850 -0.8999
vn 0.1067 -0.0691 -0.9919
vn 0.1790 -0.0684 -0.9815
vn 0.3571 0.2694 -0.8944
vn 0.1334 0.3718 -0.9187
vn 0.1178 0.1714 -0.9781
vn 0.6652 0.5348 -0.5210
vn 0.4001 0.6368 -0.6590
vn 0.4577 0.8336 -0.3092
vn 0.1861 0.9443 -0.2716
vn 0.0368 0.8466 -0.5309
vn 0.2285 0.8432 -0.4866
vn 0.5984 0.7935 0.1107
vn 0.6094 0.5223 0.5965
vn 0.3186 0.2653 0.9100
vn -0.1087 0.3732 0.9214
vn 0.1541 -0.0926 0.9837
vn -0.1888 0.2889 0.9386
vn -0.0452 0.2533 0.9663
vn -0.2248 0.0988 0.9694
vn -0.1241 -0.1430 0.9819
vn 0.0443 -0.4010 0.9150
vn 0.3156 -0.0597 0.9470
vn 0.6425 0.3490 -0.6822
vn 0.7189 0.1264 -0.6835
vn 0.9614 -0.0176 -0.2745
vn 0.9153 0.2873 -0.2822
vn 0.3951 0.3244 -0.8595
vn 0.4303 0.1877 -0.8830
vn -0.1093 -0.5435 0.8323
vn 0.1471 -0.3868 0.9103
vn 0.1073 -0.5173 0.8490
vn -0.1101 -0.2657 0.9577
vn 0.9406 -0.3351 0.0552
vn 0.9620 -0.2123 0.1720
vn 0.1639 0.8111 -0.5615
vn 0.0022 0.6983 -0.7158
vn 0.8935 -0.2310 -0.3851
vn 0.7996 -0.2645 -0.5391
vn 0.9540 -0.2964 0.0458
vn 0.6454 -0.0731 -0.7604
vn 0.3961 0.0771 -0.9150
vn 0.2698 0.1124 -0.9563
vn 0.5286 -0.0472 -0.8475
vn 0.9414 0.0005 0.3373
vn 0.7968 -0.3734 -0.4752
vn 0.9287 -0.3594 0.0917
vn 0.6383 0.3938 0.6614
vn -0.3555 -0.0499 0.9333
vn -0.8496 -0.1452 0.5071
vn -0.9779 0.1643 0.1289
vn -0.5361 0.6297 0.5622
vn 0.1006 0.3884 -0.9160
vn 0.3710 0.3696 -0.8519
vn -0.9409 0.1545 -0.3015
vn -0.6832 0.7206 -0.1186
vn -0.7482 -0.2777 0.6026
vn -0.9345 -0.3561 0.0013
vn -0.9554 -0.1995 -0.2178
vn 0.3863 -0.0362 0.9217
vn 0.5448 -0.1965 0.8152
vn -0.1435 -0.2069 0.9678
vn 0.8147 0.1139 0.5686
vn 0.8756 0.0521 0.4802
vn 0.5613 -0.4996 -0.6598
vn -0.7662 -0.6426 -0.0026
vn -0.9106 -0.2110 -0.3554
vn -0.7330 -0.4970 -0.4644
vn 0.7608 -0.0397 -0.6478
vn 0.6706 0.2719 -0.6901
vn 0.5717 0.3658 -0.7345
vn 0.8159 0.5762 -0.0474
vn -0.2581 -0.4065 -0.8765
vn 0.6269 -0.0349 -0.7783
vn 0.2260 0.9253 0.3047
vn 0.9249 0.3779 -0.0427
vn 0.3724 -0.8397 -0.3952
vn -0.1632 -0.9323 -0.3227
vn -0.8277 -0.3574 0.4326
vn -0.2756 0.7706 0.5746
vn -0.2897 -0.9212 -0.2598
vn 0.0755 0.9229 0.3776
vn 0.9793 0.1693 -0.1108
vn 0.9753 0.1545 -0.1579
vn 0.9836 0.0974 -0.1516
vn 0.5036 -0.0761 -0.8606
vn 0.8137 0.1419 0.5637
vn 0.2814 0.0760 0.9566
vn 0.3973 0.5393 0.7425
vn 0.8875 0.1843 0.4223
vn -0.4126 -0.2115 -0.8860
vn 0.5379 -0.4770 -0.6951
vn -0.3542 -0.4747 -0.8057
vn 0.9883 -0.0722 -0.1341
vn 0.9641 -0.0639 0.2577
vn 0.6897 -0.7007 -0.1826
vn 0.0010 0.9688 0.2479
vn 0.6717 0.5953 0.4409
vn -0.0728 -0.8930 -0.4442
vn -0.9200 0.2764 0.2779
vn -0.9787 -0.1996 -0.0478
vn -0.4702 0.6530 0.5937
vn 0.2121 0.5824 0.7847
vn -0.6027 -0.7971 -0.0379
vn -0.5812 0.7809 0.2292
vn 0.0199 0.9945 0.1024
vn -0.1242 -0.9649 -0.2313
vn -0.3660 -0.9169 -0.1590
vn 0.2921 0.9538 0.0700
vn 0.0794 0.9892 0.1232
vn -0.7667 -0.6322 0.1118
vn -0.2741 -0.0645 0.9595
vn -0.2228 0.2007 0.9540
vn -0.2534 0.2725 0.9282
vn -0.3062 0.1346 0.9424
vn 0.9548 -0.0313 0.2956
vn 0.9899 0.0448 0.1343
vn 0.9873 0.0172 0.1582
vn -0.2329 -0.1521 0.9605
vn 0.1155 -0.6191 0.7768
vn -0.1916 0.1295 0.9729
vn -0.1529 0.2709 0.9504
vn -0.1153 0.1698 0.9787
vn 0.5833 -0.3515 0.7322
vn 0.1430 -0.7523 0.6432
vn 0.1811 -0.5029 0.8452
vn -0.0259 0.7997 -0.5998
vn -0.0308 0.8173 -0.5754
vn -0.0251 0.6644 -0.7469
vn 0.1746 0.4377 0.8820
vn 0.1987 0.1089 0.9740
vn -0.0405 -0.8980 0.4381
vn -0.1225 -0.0863 0.9887
vn -0.0346 0.6845 -0.7282
vn -0.0393 0.3083 -0.9505
vn 0.1384 0.6767 0.7231
vn 0.0059 0.9950 0.1001
vn 0.1916 0.2422 0.9511
vn 0.2003 -0.1839 0.9623
vn 0.1279 -0.8156 0.5643
vn -0.0443 0.9885 -0.1445
vn 0.0410 0.9622 0.2691
vn -0.0971 -0.3204 0.9423
vn 0.0273 -0.9910 0.1309
vn 0.2176 -0.4472 0.8675
vn 0.0810 -0.1128 0.9903
vn -0.2642 -0.2176 0.9396
vn -0.0268 -0.0262 0.9993
vn 0.2099 0.0081 0.9777
vn -0.1685 -0.4846 0.8584
vn -0.2000 0.2057 -0.9580
vn -0.1856 -0.0189 -0.9824
vn 0.1710 -0.5874 0.7910
vn 0.1947 -0.3109 0.9303
vn 0.0149 -0.9998 -0.0160
vn 0.0203 -0.9733 0.2288
vn -0.0038 -0.9959 -0.0906
vn 0.0904 -0.9270 0.3639
vn -0.1704 0.5927 -0.7872
vn -0.1890 0.4124 -0.8912
vn -0.0158 -0.9888 -0.1485
vn 0.1357 -0.7853 0.6041
vn 0.1193 0.7621 0.6364
vn 0.0942 0.2013 -0.9750
vn 0.0115 0.4405 -0.8977
vn 0.1982 -0.2269 0.9535
vn 0.1975 -0.2695 0.9425
vn 0.1929 -0.3574 0.9138
vn -0.1251 0.8258 -0.5499
vn -0.1220 -0.0316 -0.9920
vn 0.0214 -0.9992 0.0323
vn -0.0287 -0.9772 -0.2103
vn 0.1363 -0.7826 0.6074
vn 0.1929 -0.3586 0.9133
vn 0.0232 -0.9997 -0.0116
vn 0.1920 0.2375 0.9522
vn 0.1731 0.3273 -0.9289
vn 0.1585 0.1927 -0.9684
vn 0.1507 0.1289 -0.9801
vn 0.5661 -0.6656 0.4864
vn 0.1323 -0.9847 0.1134
vn -0.6100 -0.3510 0.7104
vn -0.4218 -0.5012 0.7556
vn 0.6631 0.0065 0.7485
vn -0.3478 -0.0357 0.9369
vn -0.5551 -0.0887 0.8271
vn -0.6622 -0.2643 0.7012
vn 0.5531 0.2220 0.8030
vn 0.8923 0.3918 0.2242
vn 0.8671 0.3530 -0.3515
vn 0.6070 0.3433 -0.7168
vn 0.3843 0.3533 -0.8529
vn -0.2864 -0.0372 0.9574
vn 0.1310 0.0153 0.9913
vn 0.2252 0.3774 -0.8983
vn 0.3843 0.6035 0.6986
vn 0.7292 0.5714 0.3766
vn 0.8918 0.3776 -0.2493
vn 0.6778 0.2846 -0.6779
vn 0.4422 0.2670 -0.8563
vn -0.2879 0.4588 0.8406
vn -0.0064 0.5429 0.8398
vn 0.2807 0.2735 -0.9200
vn 0.8477 0.4994 0.1787
vn 0.8445 0.4931 0.2091
vn 0.9402 0.1349 -0.3128
vn 0.7326 -0.0185 -0.6805
vn 0.5248 -0.0591 -0.8492
vn -0.1406 -0.8707 0.4714
vn 0.5864 -0.5316 0.6112
vn 0.2969 -0.0962 -0.9500
vn 0.7409 0.6684 0.0654
vn 0.9896 0.1427 0.0158
vn 0.9072 -0.3057 -0.2890
vn 0.6535 -0.5847 -0.4807
vn 0.4618 -0.6217 -0.6326
vn 0.3539 0.0615 -0.9333
vn 0.1794 0.4415 -0.8792
vn 0.2305 -0.5563 -0.7983
vn 0.7193 0.6632 0.2066
vn 0.9842 0.1043 0.1433
vn 0.8755 -0.4755 -0.0854
vn 0.5231 -0.8150 -0.2492
vn 0.3054 -0.8985 -0.3155
vn 0.1086 0.9603 -0.2569
vn 0.2869 0.9578 -0.0136
vn 0.0402 -0.9145 -0.4025
vn 0.9113 0.4088 0.0498
vn 0.6805 0.5620 0.4701
vn 0.7020 0.3716 0.6075
vn 0.7147 0.6971 -0.0576
vn 0.8240 0.5334 -0.1912
vn 0.1742 0.9488 -0.2637
vn -0.9420 0.2492 0.2250
vn -0.6388 -0.0569 0.7673
vn 0.0303 0.8950 -0.4451
vn 0.1762 0.6965 -0.6956
vn 0.3068 0.6819 0.6640
vn -0.0508 0.7609 0.6469
vn -0.1063 0.4495 0.8869
vn 0.2959 0.3554 0.8866
vn 0.7846 -0.6200 0.0039
vn 0.5156 0.5378 -0.6670
vn 0.9020 0.4318 0.0015
vn 0.8027 0.2002 0.5618
vn 0.8658 -0.4364 0.2449
vn 0.9371 -0.2557 -0.2375
vn 0.6087 0.4823 -0.6300
vn 0.6972 -0.2469 -0.6730
vn -0.1954 0.3294 -0.9237
vn 0.2066 0.3892 -0.8977
vn 0.4061 -0.3838 -0.8293
vn 0.1151 -0.4592 -0.8809
vn 0.4582 -0.0246 0.8885
vn -0.0449 -0.1408 0.9890
vn -0.0065 -0.8110 0.5851
vn 0.4742 -0.6996 0.5346
vn -0.0124 0.3653 -0.9308
vn 0.0555 -0.5225 -0.8509
vn 0.0619 -0.9935 -0.0961
vn -0.1817 -0.9795 -0.0873
vn -0.2454 -0.9536 0.1744
vn -0.4294 -0.8773 0.2143
vn 0.3738 0.9066 0.1957
vn 0.7737 0.5752 0.2655
vn 0.3747 0.8385 0.3957
vn 0.7623 0.5651 0.3154
vn 0.8170 -0.5763 0.0188
vn 0.3775 -0.9191 -0.1127
vn 0.6986 -0.7126 0.0646
vn 0.1137 -0.9862 0.1200
vn 0.0584 0.9971 0.0489
vn 0.0155 0.9400 0.3407
vn 0.9815 0.0037 0.1915
vn 0.9929 -0.0049 0.1186
vn -0.1041 0.4607 -0.8814
vn 0.2341 0.3853 -0.8926
vn -0.2677 0.3656 -0.8915
vn 0.0720 0.3217 -0.9441
vn 0.3751 0.0920 0.9224
vn 0.7673 0.2502 0.5905
vn 0.4471 -0.0093 0.8945
vn 0.8023 0.2184 0.5555
vn 0.4844 0.7243 -0.4906
vn 0.1159 0.6406 -0.7591
vn 0.5262 0.6397 -0.5603
vn 0.1096 0.5384 -0.8355
vn -0.1149 0.0978 0.9886
vn -0.0806 -0.0898 0.9927
vn 0.8296 0.5583 -0.0021
vn 0.8629 0.5049 0.0214
vn -0.4061 -0.4582 0.7907
vn -0.3676 -0.4537 0.8118
vn -0.2217 -0.2999 0.9278
vn 0.0875 -0.9049 -0.4165
vn -0.0014 -0.9611 -0.2763
vn 0.0473 -0.9987 -0.0208
vn 0.1513 -0.9684 0.1983
vn 0.2921 -0.9486 0.1217
vn -0.0151 -0.9026 -0.4303
vn 0.1395 -0.9071 -0.3971
vn 0.0871 -0.9930 0.0800
vn -0.0419 -0.9321 -0.3597
vn -0.8622 -0.4608 0.2105
vn -0.9029 -0.4021 0.1521
vn -0.8925 0.0229 0.4504
vn -0.4560 -0.3493 0.8186
vn -0.5088 -0.7405 0.4391
vn -0.3089 -0.8636 0.3984
vn 0.0920 -0.5527 0.8283
vn 0.1428 -0.4290 0.8920
vn 0.3383 -0.0378 0.9403
vn -0.0060 -0.1748 0.9846
vn -0.2855 -0.1473 0.9470
vn -0.0205 -0.1183 0.9928
vn -0.7150 -0.4266 0.5539
vn -0.6536 -0.0631 0.7542
vn -0.3996 -0.5164 0.7574
vn -0.0792 -0.4487 0.8902
vn -0.3692 0.0039 0.9294
vn -0.1746 -0.0949 0.9801
vn -0.8649 -0.4927 0.0962
vn -0.8521 -0.4983 0.1600
vn -0.2782 -0.4660 0.8399
vn -0.6777 -0.5087 0.5310
vn -0.9500 -0.1684 0.2630
vn -0.6733 -0.4842 0.5587
vn -0.2363 -0.2374 0.9422
vn 0.1128 0.0854 0.9899
vn 0.4078 0.1174 0.9055
vn -0.8534 -0.4308 0.2935
vn -0.0964 -0.8223 0.5609
vn 0.0370 -0.7691 0.6381
vn 0.0799 -0.9711 0.2250
vn -0.2652 -0.9502 0.1635
vn -0.2096 -0.3348 0.9187
vn -0.4721 -0.1213 0.8731
vn 0.0914 0.0646 0.9937
vn 0.0648 0.5725 0.8174
vn -0.3582 -0.3383 0.8702
vn 0.0433 0.2843 0.9578
vn -0.1710 -0.3603 0.9170
vn -0.4845 -0.4966 0.7202
vn -0.2506 -0.5845 0.7717
vn -0.0495 -0.8891 0.4551
vn 0.0031 -0.2682 0.9634
vn 0.0335 0.4356 0.8995
vn -0.8381 -0.1690 0.5187
vn -0.7933 -0.1989 0.5754
vn -0.8109 -0.3197 0.4901
vn -0.8438 -0.3721 0.3869
vn -0.3564 0.9245 0.1352
vn -0.3472 0.9365 -0.0487
vn -0.1059 0.7848 0.6106
vn -0.1665 0.7488 0.6416
vn -0.7207 -0.0995 0.6861
vn -0.7897 0.1876 0.5841
vn -0.9283 0.1091 0.3556
vn -0.8176 -0.1799 0.5469
vn -0.8652 -0.2393 0.4405
vn -0.9850 -0.1012 0.1395
vn -0.8869 -0.4378 0.1473
vn -0.8489 -0.0254 0.5280
vn -0.5633 0.7238 0.3985
vn -0.5492 0.8019 -0.2350
vn -0.6780 0.1585 -0.7178
vn -0.6991 -0.1902 -0.6893
vn -0.2825 -0.5429 0.7909
vn -0.3143 -0.6945 0.6473
vn -0.4508 -0.3918 0.8020
vn -0.3945 -0.4954 0.7739
vn -0.3564 -0.4700 0.8075
vn -0.3907 -0.1738 0.9040
vn -0.4218 -0.2277 0.8776
vn -0.3008 -0.6246 0.7207
vn -0.1575 -0.7128 0.6835
vn -0.1806 -0.2897 0.9399
vn -0.2359 -0.6226 0.7462
vn -0.3656 -0.1854 0.9121
vn -0.0439 -0.7144 0.6983
vn -0.1568 -0.3194 0.9346
vn -0.0221 -0.9968 0.0773
vn 0.0753 -0.9955 0.0583
vn 0.1498 -0.9838 0.0982
vn -0.3062 0.6681 0.6782
vn 0.7550 -0.0745 0.6515
vn -0.2970 0.7792 0.5520
vn -0.0939 0.7528 0.6515
vn -0.4737 -0.5000 0.7249
vn -0.4365 -0.4919 0.7533
vn -0.2516 -0.4921 0.8334
vn -0.0205 -0.4968 0.8676
vn -0.6577 -0.2513 0.7101
vn -0.4295 -0.2370 0.8714
vn -0.4989 -0.2730 0.8225
vn -0.1662 -0.7261 0.6672
vn -0.3783 -0.3546 0.8551
vn -0.0327 -0.3096 0.9503
vn -0.1063 -0.6861 0.7197
vn -0.2948 -0.2576 0.9202
vn -0.3610 -0.5897 0.7225
vn -0.6344 -0.1752 0.7529
vn -0.7667 -0.1201 0.6307
vn -0.0791 -0.2215 0.9719
vn -0.1526 -0.0076 0.9883
vn -0.7734 -0.5666 0.2844
vn -0.4997 -0.8656 -0.0335
vn -0.5664 -0.8217 -0.0625
vn -0.6618 -0.6203 0.4210
vn -0.7511 -0.5192 0.4078
vn -0.4877 -0.7904 0.3707
vn -0.4585 -0.2620 0.8492
vn -0.4997 -0.3146 0.8070
vn -0.6195 -0.7439 0.2505
vn -0.4274 -0.4492 0.7846
vn -0.8261 0.0485 0.5614
vn -0.5928 -0.0571 0.8033
vn -0.6115 0.1793 0.7706
vn -0.7734 0.1476 0.6165
vn -0.8977 0.0369 0.4390
vn -0.3893 -0.7972 0.4615
vn -0.5473 -0.7118 0.4401
vn -0.5893 -0.7539 0.2903
vn -0.4738 -0.8735 0.1120
vn -0.1283 -0.9052 0.4052
vn -0.1952 -0.9806 0.0205
vn -0.5155 -0.5592 0.6493
vn -0.5719 -0.6633 0.4827
vn -0.3409 -0.5525 0.7606
vn -0.0672 -0.5559 0.8285
vn -0.3791 -0.3905 0.8389
vn -0.3812 -0.2119 0.8999
vn -0.2509 -0.2749 0.9282
vn -0.9105 -0.2788 0.3053
vn -0.8902 -0.2224 0.3977
vn -0.7701 -0.5405 0.3389
vn -0.9372 -0.3069 0.1655
vn -0.4783 -0.4080 0.7776
vn -0.6699 -0.4969 0.5517
vn -0.2582 -0.2269 0.9391
vn -0.8726 -0.3413 0.3494
vn -0.9117 -0.3819 0.1515
vn -0.7394 -0.6142 0.2759
vn -0.7820 -0.3327 0.5271
vn -0.5584 -0.2442 0.7928
vn -0.9128 -0.2371 0.3326
vn -0.8050 -0.1398 0.5766
vn -0.6088 -0.0590 0.7911
vn -0.4056 -0.1285 0.9050
vn -0.2452 -0.1951 0.9496
vn -0.7842 -0.5592 -0.2689
vn -0.9664 -0.2557 -0.0247
vn -0.9287 -0.1505 0.3390
vn -0.8611 -0.0893 0.5005
vn -0.6761 0.0681 0.7336
vn -0.6436 0.1206 0.7558
vn -0.3889 -0.0382 0.9205
vn -0.9123 -0.1085 0.3949
vn -0.8887 -0.1527 0.4324
vn -0.8805 -0.0713 0.4686
vn -0.0355 0.1054 0.9938
vn -0.3853 0.0965 0.9177
vn -0.6631 0.0393 0.7475
vn -0.8078 -0.0238 0.5890
vn -0.5707 -0.7598 0.3115
vn -0.2622 -0.9515 0.1608
vn -0.3108 -0.9078 0.2818
vn -0.6153 -0.7413 0.2681
vn -0.8321 -0.3742 0.4094
vn -0.8612 -0.4675 0.1996
vn -0.9689 0.0477 0.2426
vn -0.9861 -0.1610 0.0414
vn -0.7528 -0.6492 0.1089
vn -0.5389 -0.8384 0.0816
vn -0.2619 -0.9648 0.0254
vn -0.9236 -0.3813 0.0389
vn -0.9522 -0.2007 -0.2302
vn -0.8875 -0.0244 -0.4601
vn -0.9331 0.2600 -0.2482
vn -0.9885 -0.0844 -0.1252
vn -0.4669 0.6030 0.6468
vn -0.4214 0.3190 0.8489
vn -0.0979 0.3774 0.9209
vn -0.1403 0.7357 0.6626
vn -0.4883 0.7946 0.3608
vn -0.1918 0.9194 0.3434
vn -0.5506 0.8342 -0.0320
vn -0.2640 0.9626 -0.0607
vn -0.7503 0.4342 0.4986
vn -0.7040 0.1833 0.6862
vn -0.7674 0.5750 0.2836
vn -0.7950 0.6059 0.0291
vn -0.6764 0.6406 -0.3636
vn -0.8751 0.4651 -0.1336
vn -0.3927 0.7742 -0.4964
vn -0.8678 0.4265 0.2551
vn -0.7204 0.4559 -0.5226
vn -0.8665 0.0906 0.4908
vn -0.5753 0.0087 -0.8179
vn -0.5440 -0.2019 -0.8144
vn -0.5861 -0.3607 -0.7256
vn -0.7544 -0.3237 -0.5711
vn -0.6094 -0.7838 -0.1190
vn -0.4287 -0.7734 0.4671
vn -0.9926 -0.0187 0.1203
vn -0.9506 -0.0758 0.3010
vn -0.9017 0.2630 0.3431
vn -0.8478 0.1044 0.5199
vn -0.9703 0.0995 0.2204
vn -0.9180 -0.0118 0.3965
vn -0.9956 0.0141 -0.0928
vn -0.9228 0.3640 0.1262
vn -0.4770 0.5462 -0.6885
vn -0.7462 0.4468 -0.4935
vn -0.9818 0.1901 -0.0015
vn -0.9442 -0.2038 -0.2587
vn -0.9347 -0.2513 -0.2513
vn -0.9755 -0.0984 -0.1970
vn -0.8768 -0.1684 -0.4505
vn -0.8744 -0.1700 -0.4545
vn -0.9335 0.1319 -0.3333
vn -0.9122 -0.0266 -0.4089
vn -0.9244 0.3015 -0.2335
vn -0.7139 -0.1020 -0.6927
vn -0.7000 -0.0931 -0.7081
vn -0.7267 0.1404 -0.6724
vn -0.7529 0.2747 -0.5981
vn -0.7445 0.0707 -0.6638
vn -0.4698 -0.0531 -0.8812
vn -0.4318 -0.0452 -0.9009
vn -0.4435 0.2521 -0.8601
vn -0.4950 0.3625 -0.7897
vn -0.4976 0.1615 -0.8523
vn -0.7129 0.4982 -0.4936
vn -0.4409 0.6132 -0.6554
vn -0.5400 0.7959 -0.2736
vn -0.2660 0.8358 -0.4803
vn -0.0900 0.8341 -0.5441
vn -0.2413 0.9212 -0.3054
vn -0.6704 0.7304 0.1307
vn -0.7080 0.4440 0.5492
vn -0.5140 0.1307 0.8478
vn 0.0923 0.4656 0.8801
vn -0.3330 -0.3608 0.8712
vn 0.1428 0.2752 0.9507
vn 0.0979 0.4874 0.8676
vn 0.1768 0.1983 0.9641
vn 0.2584 0.3451 0.9023
vn -0.2560 0.2129 0.9430
vn -0.0155 -0.0722 0.9973
vn -0.3515 0.3656 -0.8619
vn -0.7129 0.3297 -0.6190
vn -0.8027 -0.0224 -0.5960
vn -0.4584 0.1325 -0.8788
vn -0.0699 0.3356 -0.9394
vn -0.1263 0.1813 -0.9753
vn -0.1275 -0.4987 0.8573
vn -0.0291 -0.1962 0.9801
vn -0.2490 -0.2821 0.9265
vn 0.1650 0.0985 0.9814
vn -0.9034 -0.3452 -0.2545
vn -0.9489 -0.2722 -0.1597
vn -0.2156 0.7817 -0.5852
vn -0.0530 0.6851 -0.7265
vn -0.9700 -0.2324 -0.0720
vn -0.8548 -0.0960 -0.5100
vn -0.7817 -0.1604 -0.6027
vn -0.4685 -0.0012 -0.8834
vn -0.4754 0.0928 -0.8748
vn -0.1137 0.1915 -0.9749
vn -0.1330 0.0938 -0.9867
vn -0.9981 0.0438 -0.0431
vn -0.9261 -0.1733 -0.3350
vn -0.9913 -0.0788 0.1055
vn -0.5967 0.5110 0.6188
vn 0.1551 -0.4071 0.9001
vn 0.5172 0.5070 0.6895
vn 0.9628 0.0742 0.2598
vn 0.7157 -0.4672 0.5191
vn -0.3951 0.4044 -0.8249
vn -0.0936 0.4374 -0.8944
vn 0.6220 0.7814 0.0511
vn 0.9447 0.2930 -0.1470
vn 0.5076 -0.6146 0.6038
vn 0.9379 -0.2985 -0.1768
vn 0.8096 -0.5866 -0.0224
vn -0.5192 -0.1336 0.8442
vn -0.1431 -0.4202 0.8961
vn -0.5521 -0.0674 0.8311
vn -0.8503 0.1124 0.5141
vn -0.8603 0.1554 0.4855
vn -0.7180 -0.3955 -0.5728
vn -0.3840 -0.9231 0.0208
vn 0.8296 -0.3716 -0.4168
vn 0.9234 -0.2365 -0.3024
vn -0.8013 -0.0022 -0.5982
vn -0.7272 0.2796 -0.6269
vn -0.6459 0.3427 -0.6822
vn -0.7887 0.6091 -0.0831
vn 0.1768 -0.2930 -0.9396
vn -0.6103 0.1765 -0.7722
vn -0.8786 0.3587 0.3154
vn -0.1135 0.9263 0.3592
vn -0.4687 -0.8541 -0.2254
vn 0.0483 -0.9271 -0.3716
vn 0.4513 0.7923 0.4106
vn 0.9421 -0.3300 0.0602
vn 0.1816 -0.9143 -0.3622
vn 0.0491 0.9299 0.3645
vn -0.9659 0.2310 -0.1169
vn -0.3599 0.2769 -0.8910
vn -0.9235 0.3149 -0.2191
vn -0.9294 0.3223 -0.1795
vn -0.8618 0.1115 0.4949
vn -0.9381 0.1361 0.3186
vn -0.4945 0.4521 0.7424
vn -0.4237 -0.1675 0.8902
vn 0.5121 -0.0015 -0.8589
vn 0.4285 -0.3046 -0.8507
vn -0.4567 -0.2648 -0.8493
vn -0.9576 0.0765 -0.2777
vn -0.6135 -0.6810 -0.3998
vn -0.9850 -0.1528 0.0804
vn -0.0738 0.9416 0.3285
vn -0.7619 0.5040 0.4068
vn 0.1886 -0.8048 -0.5628
vn 0.8354 0.2944 0.4641
vn 0.9903 -0.1128 0.0808
vn 0.3068 0.5759 0.7578
vn -0.3844 0.4215 0.8213
vn 0.6808 -0.7296 -0.0641
vn -0.0055 0.9942 0.1078
vn 0.6033 0.7974 -0.0142
vn 0.2998 -0.9070 -0.2957
vn 0.0504 -0.9624 -0.2671
vn -0.2683 0.9453 0.1855
vn -0.0525 0.9872 0.1503
vn 0.7664 -0.6095 -0.2030
vn 0.2660 0.1765 0.9477
vn 0.1468 0.2616 0.9540
vn 0.0928 0.3123 0.9454
vn 0.2185 0.3572 0.9081
vn -0.7599 -0.0568 0.6475
vn -0.8579 0.0174 0.5136
vn -0.8451 -0.0102 0.5345
vn 0.2808 0.1859 0.9416
vn -0.1809 -0.7950 0.5790
vn 0.0349 0.0410 0.9985
vn -0.8069 -0.3513 0.4750
vn -0.5022 -0.4751 0.7225
vn 0.3612 0.0246 0.9322
vn -0.0460 -0.9968 -0.0650
vn -0.5615 -0.7791 0.2788
vn 0.5637 -0.4137 0.7150
vn 0.3652 -0.6172 0.6969
vn -0.7635 -0.1707 0.6228
vn 0.2367 -0.2115 0.9483
vn 0.4124 -0.2091 0.8867
vn 0.5739 -0.3127 0.7569
vn -0.8254 0.4980 -0.2660
vn -0.8641 0.2667 0.4269
vn -0.5546 0.4629 -0.6915
vn 0.0246 0.4119 -0.9109
vn -0.2387 0.4478 -0.8617
vn -0.6374 0.0718 0.7672
vn -0.8162 0.5570 -0.1534
vn -0.7247 0.6046 0.3306
vn -0.5564 0.4050 -0.7255
vn 0.0786 0.3156 -0.9456
vn -0.1940 0.3468 -0.9177
vn -0.5085 0.5416 0.6694
vn -0.9494 0.1940 -0.2471
vn -0.9605 0.2494 -0.1233
vn -0.6330 -0.0186 -0.7739
vn 0.0307 -0.0947 -0.9950
vn -0.2578 -0.0998 -0.9610
vn -0.8164 -0.5595 0.1429
vn -0.9480 -0.1710 -0.2683
vn -0.9633 0.2202 -0.1538
vn -0.6558 -0.5533 -0.5135
vn -0.0736 -0.6858 -0.7241
vn -0.3034 -0.7376 -0.6032
vn 0.1757 0.4416 -0.8798
vn -0.9805 -0.1779 -0.0833
vn -0.8832 0.4672 -0.0406
vn -0.6810 -0.7070 -0.1910
vn -0.1673 -0.9361 -0.3094
vn -0.2703 -0.9333 -0.2365
vn -0.2616 0.9451 -0.1959
vn -0.9631 0.1207 -0.2406
vn -0.8429 0.4034 -0.3562
vn -0.8902 0.2556 0.3772
vn -0.8711 0.4343 0.2292
vn -0.7992 0.1803 -0.5734
vn -0.3436 0.7717 -0.5352
vn 0.6884 0.3467 0.6371
vn 0.3895 0.5932 -0.7046
vn -0.0196 0.7605 -0.6490
vn 0.4121 0.3566 0.8384
vn -0.4710 0.6915 0.5478
vn -0.5236 0.3462 0.7784
vn -0.9534 0.1465 -0.2637
vn -0.7752 -0.5411 -0.3259
vn -0.7737 -0.6243 0.1079
vn -0.9249 0.0198 0.3796
vn -0.5565 0.1979 -0.8069
vn -0.4702 -0.5383 -0.6994
vn 0.2362 0.3279 -0.9147
vn 0.0575 -0.5131 -0.8564
vn -0.2007 -0.5520 -0.8093
vn -0.1231 0.2231 -0.9670
vn -0.5637 -0.1023 0.8196
vn -0.4897 -0.7531 0.4395
vn -0.2590 -0.9645 -0.0515
vn -0.2681 -0.9012 0.3405
vn -0.9227 0.3855 0.0079
vn -0.4228 0.9059 0.0228
vn -0.9168 0.3946 0.0614
vn -0.4575 0.8567 0.2382
vn -0.2098 -0.9765 -0.0501
vn -0.6372 -0.7686 -0.0564
vn -0.0778 -0.9629 0.2583
vn -0.5146 -0.8571 0.0242
vn -0.9665 -0.2556 -0.0232
vn -0.9582 -0.2682 -0.0998
vn 0.3823 0.3967 -0.8345
vn 0.3644 0.3552 -0.8609
vn -0.9224 0.0857 0.3766
vn -0.5727 0.0561 0.8179
vn -0.9357 0.0395 0.3506
vn -0.5969 -0.0793 0.7984
vn -0.0284 0.4613 -0.8868
vn -0.5053 0.4585 -0.7311
vn -0.0290 0.3638 -0.9310
vn -0.5152 0.3639 -0.7760
vn -0.9179 0.2768 -0.2842
vn -0.9409 0.2246 -0.2535
vn 0.2467 -0.5879 0.7704
vn 0.3378 -0.5331 0.7757
vn 0.1743 -0.4313 0.8852
vn 0.2960 -0.9552 -0.0089
vn 0.2648 -0.9071 -0.3271
vn 0.1605 -0.9605 0.2273
vn -0.1121 -0.9685 0.2223
vn -0.0048 -0.9411 0.3382
vn 0.0841 -0.8747 -0.4772
vt 0.755079 0.209114
vt 0.766504 0.223110
vt 0.739965 0.255314
vt 0.720245 0.233967
vt 0.774806 0.189714
vt 0.786197 0.201736
vt 0.790934 0.172314
vt 0.800841 0.178819
vt 0.748546 0.192072
vt 0.714029 0.206546
vt 0.768588 0.177142
vt 0.783853 0.161223
vt 0.796953 0.155707
vt 0.782164 0.149845
vt 0.809179 0.161721
vt 0.696824 0.178636
vt 0.739509 0.167882
vt 0.738563 0.143956
vt 0.689037 0.162786
vt 0.675720 0.129997
vt 0.709771 0.118212
vt 0.765783 0.157354
vt 0.800179 0.137699
vt 0.812982 0.143184
vt 0.760614 0.136315
vt 0.735860 0.098403
vt 0.781092 0.075300
vt 0.745824 0.059442
vt 0.761922 0.031939
vt 0.800642 0.026585
vt 0.776353 0.111817
vt 0.735119 0.080066
vt 0.774021 0.095527
vt 0.781861 0.135286
vt 0.819805 0.071847
vt 0.832465 0.069536
vt 0.799584 0.119635
vt 0.805626 0.095456
vt 0.832592 0.096047
vt 0.844622 0.088881
vt 0.817731 0.131586
vt 0.825596 0.109820
vt 0.811603 0.183799
vt 0.800075 0.209945
vt 0.843593 0.123133
vt 0.851324 0.109585
vt 0.829243 0.149571
vt 0.835322 0.138820
vt 0.785245 0.236003
vt 0.769019 0.273816
vt 0.820632 0.167364
vt 0.858137 0.099358
vt 0.825934 0.243146
vt 0.827211 0.281299
vt 0.795023 0.285588
vt 0.807776 0.241310
vt 0.830784 0.216038
vt 0.815560 0.214541
vt 0.837667 0.193802
vt 0.824030 0.188619
vt 0.847106 0.239622
vt 0.856790 0.280389
vt 0.848475 0.209775
vt 0.851310 0.195121
vt 0.842808 0.177212
vt 0.859903 0.180955
vt 0.833183 0.173319
vt 0.868557 0.225213
vt 0.884080 0.276020
vt 0.892767 0.223009
vt 0.933209 0.210478
vt 0.941211 0.238328
vt 0.908417 0.265120
vt 0.863096 0.201965
vt 0.841912 0.158161
vt 0.859653 0.163084
vt 0.879780 0.193929
vt 0.932423 0.185648
vt 0.922602 0.119684
vt 0.946353 0.082285
vt 0.970477 0.108112
vt 0.953507 0.136264
vt 0.891662 0.165599
vt 0.910564 0.144910
vt 0.939419 0.161688
vt 0.872028 0.176756
vt 0.896519 0.120784
vt 0.900881 0.106961
vt 0.873187 0.155353
vt 0.901077 0.135126
vt 0.865774 0.117907
vt 0.872723 0.104996
vt 0.860986 0.141906
vt 0.865351 0.133180
vt 0.879405 0.094129
vt 0.899292 0.094903
vt 0.933104 0.069040
vt 0.866503 0.088443
vt 0.879144 0.094029
vt 0.845176 0.064139
vt 0.855789 0.079059
vt 0.827930 0.028215
vt 0.989404 0.064647
vt 0.976634 0.042028
vt 0.989404 0.006848
vt 0.997840 0.039635
vt 0.884453 0.073598
vt 0.892930 0.075611
vt 0.918021 0.049725
vt 0.877470 0.068067
vt 0.857940 0.056155
vt 0.868091 0.065559
vt 0.856789 0.029036
vt 0.795019 0.300251
vt 0.763483 0.294664
vt 0.897817 0.293620
vt 0.862084 0.299960
vt 0.827279 0.305322
vt 0.925882 0.279799
vt 0.959400 0.264790
vt 0.735756 0.275226
vt 0.679260 0.230575
vt 0.666379 0.198390
vt 0.712307 0.254732
vt 0.664701 0.163325
vt 0.649537 0.125201
vt 0.704585 0.071948
vt 0.719450 0.051677
vt 0.735113 0.031683
vt 0.691356 0.091507
vt 0.671895 0.108630
vt 0.759668 0.013519
vt 0.832975 0.006848
vt 0.860430 0.016182
vt 0.798899 0.011239
vt 0.649537 0.109499
vt 0.956943 0.237421
vt 0.975414 0.257401
vt 0.975421 0.158129
vt 0.972117 0.184470
vt 0.975927 0.131318
vt 0.961754 0.212726
vt 0.976566 0.105122
vt 0.918427 0.039820
vt 0.935096 0.054835
vt 0.953239 0.075205
vt 0.881046 0.043700
vt 0.876982 0.059299
vt 0.886734 0.027202
vt 0.495120 0.185898
vt 0.495120 0.183979
vt 0.497067 0.183979
vt 0.497067 0.185898
vt 0.654802 0.480821
vt 0.646947 0.480872
vt 0.644881 0.464252
vt 0.652054 0.459616
vt 0.639264 0.450258
vt 0.644657 0.441769
vt 0.630999 0.440987
vt 0.633783 0.429963
vt 0.621341 0.437755
vt 0.621265 0.425923
vt 0.611725 0.441111
vt 0.608799 0.430123
vt 0.603580 0.450488
vt 0.598079 0.442069
vt 0.598143 0.464553
vt 0.590912 0.460009
vt 0.596292 0.481197
vt 0.588437 0.481248
vt 0.598357 0.497817
vt 0.591185 0.502453
vt 0.603974 0.511811
vt 0.598581 0.520300
vt 0.612239 0.521082
vt 0.609455 0.532106
vt 0.621897 0.524314
vt 0.621973 0.536146
vt 0.631513 0.520958
vt 0.634439 0.531945
vt 0.639658 0.511581
vt 0.645160 0.520000
vt 0.603712 0.481150
vt 0.611932 0.481097
vt 0.652327 0.502060
vt 0.645095 0.497516
vt 0.621619 0.481034
vt 0.631306 0.480972
vt 0.639527 0.480919
vt 0.928926 0.333708
vt 0.907550 0.354806
vt 0.902262 0.352889
vt 0.926359 0.329554
vt 0.897964 0.350838
vt 0.923123 0.325472
vt 0.962238 0.410463
vt 0.928194 0.410339
vt 0.932729 0.401671
vt 0.957486 0.402362
vt 0.938274 0.389241
vt 0.952848 0.389323
vt 0.915939 0.384747
vt 0.928411 0.378790
vt 0.907941 0.388571
vt 0.925267 0.414853
vt 0.902551 0.391550
vt 0.923319 0.419543
vt 0.897995 0.394188
vt 0.991808 0.350920
vt 0.991643 0.395250
vt 0.988046 0.393261
vt 0.988706 0.352095
vt 0.981934 0.389777
vt 0.983872 0.355496
vt 0.975276 0.385510
vt 0.975657 0.359403
vt 0.962804 0.379264
vt 0.962753 0.364968
vt 0.966134 0.324576
vt 0.964825 0.328668
vt 0.962835 0.334007
vt 0.964598 0.414472
vt 0.967288 0.418636
vt 0.958496 0.342530
vt 0.933214 0.342211
vt 0.953075 0.354857
vt 0.938511 0.354600
vt 0.915785 0.358846
vt 0.928709 0.364597
vt 0.949230 0.380882
vt 0.954363 0.375770
vt 0.941954 0.380779
vt 0.954384 0.368421
vt 0.949302 0.363216
vt 0.941995 0.363134
vt 0.936924 0.368266
vt 0.936883 0.375574
vt 0.423836 0.401242
vt 0.412116 0.405102
vt 0.416334 0.389118
vt 0.426790 0.389010
vt 0.416373 0.378981
vt 0.428419 0.379069
vt 0.414953 0.368153
vt 0.428877 0.366532
vt 0.424862 0.353047
vt 0.409508 0.355644
vt 0.449800 0.306469
vt 0.453585 0.302729
vt 0.456231 0.305771
vt 0.453891 0.309685
vt 0.455927 0.301283
vt 0.456957 0.302416
vt 0.446903 0.309956
vt 0.451302 0.313452
vt 0.442574 0.314763
vt 0.446668 0.318597
vt 0.438439 0.318927
vt 0.442656 0.324828
vt 0.430156 0.326442
vt 0.438397 0.331622
vt 0.448795 0.329159
vt 0.445769 0.334636
vt 0.452322 0.324925
vt 0.456246 0.317258
vt 0.458431 0.314130
vt 0.461025 0.308461
vt 0.460309 0.303180
vt 0.419779 0.327046
vt 0.426094 0.319657
vt 0.434924 0.312703
vt 0.440615 0.306482
vt 0.445445 0.302065
vt 0.449556 0.298687
vt 0.455596 0.298176
vt 0.326433 0.279311
vt 0.323233 0.288081
vt 0.316882 0.289809
vt 0.318556 0.282922
vt 0.320895 0.293933
vt 0.314952 0.295012
vt 0.318562 0.299487
vt 0.314842 0.299485
vt 0.317739 0.302819
vt 0.314817 0.304315
vt 0.331353 0.281935
vt 0.326825 0.292196
vt 0.325454 0.295846
vt 0.322786 0.301340
vt 0.319702 0.303761
vt 0.324213 0.302532
vt 0.321098 0.305524
vt 0.326941 0.298251
vt 0.328862 0.295670
vt 0.333049 0.289377
vt 0.504574 0.316088
vt 0.508305 0.313662
vt 0.510263 0.315269
vt 0.507823 0.318837
vt 0.498288 0.322772
vt 0.501544 0.325458
vt 0.493251 0.327654
vt 0.496565 0.330527
vt 0.489097 0.332410
vt 0.493065 0.335793
vt 0.484093 0.336353
vt 0.488706 0.341177
vt 0.479162 0.340595
vt 0.484219 0.346118
vt 0.510082 0.310832
vt 0.503461 0.312499
vt 0.496610 0.317504
vt 0.490710 0.322782
vt 0.483817 0.328576
vt 0.480129 0.332271
vt 0.476275 0.335281
vt 0.408042 0.286354
vt 0.410209 0.287783
vt 0.403998 0.289869
vt 0.404864 0.285509
vt 0.396154 0.287782
vt 0.399309 0.283477
vt 0.389018 0.285046
vt 0.393402 0.280312
vt 0.380778 0.281676
vt 0.384040 0.275663
vt 0.375863 0.280009
vt 0.378034 0.273090
vt 0.371350 0.278426
vt 0.371584 0.270970
vt 0.409761 0.284067
vt 0.406344 0.282360
vt 0.400532 0.277914
vt 0.393504 0.273969
vt 0.385536 0.270650
vt 0.380914 0.268577
vt 0.372695 0.263280
vt 0.491540 0.349890
vt 0.493552 0.345640
vt 0.497125 0.341156
vt 0.501439 0.333918
vt 0.505995 0.327699
vt 0.510758 0.320134
vt 0.512742 0.313834
vt 0.408354 0.279135
vt 0.411855 0.284185
vt 0.400992 0.274873
vt 0.394758 0.270909
vt 0.387382 0.267564
vt 0.382445 0.264899
vt 0.378767 0.262065
vt 0.502596 0.365610
vt 0.502128 0.370269
vt 0.491511 0.370768
vt 0.491357 0.364051
vt 0.511514 0.365746
vt 0.511820 0.369277
vt 0.523343 0.365256
vt 0.524240 0.368899
vt 0.531645 0.364702
vt 0.531852 0.368730
vt 0.538226 0.364566
vt 0.537889 0.368287
vt 0.542418 0.364304
vt 0.542624 0.367410
vt 0.539903 0.360743
vt 0.544189 0.363887
vt 0.532301 0.360889
vt 0.523671 0.361126
vt 0.511706 0.360555
vt 0.502780 0.360288
vt 0.495787 0.359353
vt 0.544719 0.367565
vt 0.540713 0.372057
vt 0.534590 0.373240
vt 0.526402 0.374587
vt 0.514078 0.376214
vt 0.503557 0.377316
vt 0.495176 0.378507
vt 0.417775 0.261004
vt 0.419998 0.261387
vt 0.421371 0.262910
vt 0.417195 0.264196
vt 0.413877 0.260486
vt 0.411079 0.264517
vt 0.406215 0.259052
vt 0.404115 0.263386
vt 0.397003 0.256281
vt 0.394538 0.261950
vt 0.387993 0.254064
vt 0.387365 0.260926
vt 0.381804 0.252869
vt 0.381566 0.261256
vt 0.417824 0.258274
vt 0.420393 0.259709
vt 0.414854 0.256397
vt 0.408858 0.254071
vt 0.398445 0.251379
vt 0.390227 0.248581
vt 0.381054 0.244706
vt 0.419983 0.255659
vt 0.422458 0.259979
vt 0.415804 0.252873
vt 0.409545 0.250394
vt 0.400418 0.246148
vt 0.392790 0.242277
vt 0.387210 0.238190
vt 0.530922 0.391799
vt 0.534585 0.392686
vt 0.534384 0.394946
vt 0.531283 0.395446
vt 0.524408 0.390667
vt 0.524896 0.395206
vt 0.518642 0.390592
vt 0.517605 0.395480
vt 0.506473 0.388815
vt 0.505117 0.394401
vt 0.500351 0.388262
vt 0.499117 0.394467
vt 0.490714 0.387169
vt 0.487719 0.394010
vt 0.497502 0.429296
vt 0.499768 0.432387
vt 0.498123 0.433473
vt 0.494605 0.431594
vt 0.493121 0.424182
vt 0.490151 0.427548
vt 0.488500 0.419320
vt 0.485970 0.423187
vt 0.484161 0.414164
vt 0.481710 0.418718
vt 0.481315 0.410788
vt 0.477574 0.414769
vt 0.476942 0.405190
vt 0.471706 0.411027
vt 0.537879 0.391191
vt 0.531481 0.387436
vt 0.524266 0.385948
vt 0.517284 0.384831
vt 0.507458 0.384158
vt 0.500614 0.382906
vt 0.493929 0.382254
vt 0.530460 0.399353
vt 0.537969 0.396282
vt 0.524221 0.399543
vt 0.516842 0.399385
vt 0.504126 0.399863
vt 0.498075 0.400592
vt 0.490696 0.402420
vt 0.408552 0.199465
vt 0.407992 0.195042
vt 0.415410 0.194701
vt 0.412788 0.197157
vt 0.404005 0.201120
vt 0.402599 0.197727
vt 0.397538 0.205011
vt 0.396369 0.201190
vt 0.387825 0.211875
vt 0.385662 0.208032
vt 0.382278 0.215552
vt 0.381143 0.211672
vt 0.375704 0.218201
vt 0.374078 0.213621
vt 0.409936 0.201304
vt 0.414154 0.198930
vt 0.405578 0.204349
vt 0.399985 0.208682
vt 0.391047 0.215660
vt 0.386036 0.220259
vt 0.379550 0.224844
vt 0.417923 0.198889
vt 0.414128 0.205025
vt 0.409620 0.210297
vt 0.404250 0.214334
vt 0.397725 0.221230
vt 0.392897 0.225989
vt 0.389215 0.231348
vt 0.492660 0.433406
vt 0.498346 0.435605
vt 0.488504 0.430582
vt 0.483112 0.425639
vt 0.479442 0.422481
vt 0.475156 0.419238
vt 0.470454 0.417186
vt 0.501485 0.432766
vt 0.500604 0.428156
vt 0.495901 0.422158
vt 0.492673 0.416687
vt 0.488210 0.410698
vt 0.486037 0.407509
vt 0.485035 0.405950
vt 0.372057 0.185493
vt 0.368919 0.182329
vt 0.374089 0.178480
vt 0.374674 0.181078
vt 0.369538 0.189830
vt 0.366114 0.186563
vt 0.366671 0.195076
vt 0.362369 0.192640
vt 0.363582 0.199773
vt 0.359472 0.196295
vt 0.361391 0.204079
vt 0.356662 0.200529
vt 0.359120 0.207255
vt 0.353710 0.204151
vt 0.375070 0.186494
vt 0.375573 0.182311
vt 0.372796 0.191604
vt 0.370107 0.196817
vt 0.367460 0.202662
vt 0.365021 0.207165
vt 0.364132 0.210019
vt 0.377632 0.180998
vt 0.378381 0.185687
vt 0.376511 0.192870
vt 0.373738 0.198410
vt 0.370957 0.205006
vt 0.370586 0.208648
vt 0.370129 0.210465
vt 0.424507 0.336759
vt 0.400650 0.351896
vt 0.411622 0.337669
vt 0.430935 0.341437
vt 0.443163 0.340753
vt 0.476873 0.397745
vt 0.486343 0.403486
vt 0.483877 0.380010
vt 0.490873 0.380823
vt 0.482633 0.358887
vt 0.493607 0.353465
vt 0.377147 0.258661
vt 0.371635 0.255661
vt 0.387204 0.234053
vt 0.375328 0.233547
vt 0.369994 0.212839
vt 0.363436 0.216397
vt 0.470092 0.337759
vt 0.476499 0.342961
vt 0.455125 0.340764
vt 0.456206 0.349308
vt 0.468099 0.407031
vt 0.459996 0.365153
vt 0.458506 0.377763
vt 0.455579 0.390900
vt 0.453066 0.402395
vt 0.466919 0.415646
vt 0.421916 0.410150
vt 0.449480 0.412906
vt 0.365296 0.276504
vt 0.367178 0.271115
vt 0.340477 0.276464
vt 0.350930 0.281168
vt 0.342428 0.287539
vt 0.337049 0.286720
vt 0.331286 0.264542
vt 0.317324 0.273350
vt 0.313085 0.265715
vt 0.317769 0.251282
vt 0.309595 0.240888
vt 0.307657 0.255112
vt 0.298098 0.241920
vt 0.302005 0.232533
vt 0.313376 0.229612
vt 0.304109 0.220190
vt 0.468830 0.346787
vt 0.463519 0.340208
vt 0.474989 0.360948
vt 0.474308 0.378495
vt 0.466268 0.393267
vt 0.461507 0.405082
vt 0.460494 0.414433
vt 0.360497 0.270183
vt 0.358606 0.278144
vt 0.364738 0.256084
vt 0.364970 0.235345
vt 0.351705 0.254951
vt 0.350538 0.238884
vt 0.353235 0.220723
vt 0.341386 0.224526
vt 0.355338 0.209546
vt 0.350924 0.206188
vt 0.346128 0.213518
vt 0.345083 0.207695
vt 0.334675 0.216163
vt 0.335374 0.209313
vt 0.322146 0.219332
vt 0.312018 0.215024
vt 0.335512 0.250491
vt 0.321960 0.240384
vt 0.328983 0.229223
vt 0.337039 0.238269
vt 0.411754 0.413458
vt 0.338421 0.046912
vt 0.341375 0.059144
vt 0.330919 0.059036
vt 0.326701 0.043051
vt 0.343004 0.069085
vt 0.330958 0.069173
vt 0.343462 0.081621
vt 0.329538 0.080000
vt 0.339447 0.095106
vt 0.324093 0.092509
vt 0.364385 0.141685
vt 0.368476 0.138469
vt 0.370816 0.142383
vt 0.368170 0.145425
vt 0.370512 0.146871
vt 0.371542 0.145738
vt 0.361488 0.138198
vt 0.365887 0.134701
vt 0.357159 0.133391
vt 0.361253 0.129557
vt 0.353024 0.129226
vt 0.357241 0.123325
vt 0.344742 0.121711
vt 0.352983 0.116532
vt 0.363380 0.118995
vt 0.360354 0.113518
vt 0.366907 0.123229
vt 0.370830 0.130895
vt 0.373016 0.134023
vt 0.375610 0.139693
vt 0.374894 0.144974
vt 0.334365 0.121107
vt 0.340679 0.128496
vt 0.349509 0.135450
vt 0.355200 0.141672
vt 0.360030 0.146088
vt 0.364141 0.149467
vt 0.370181 0.149977
vt 0.292670 0.404180
vt 0.284126 0.402731
vt 0.280727 0.396512
vt 0.287309 0.396537
vt 0.277516 0.391986
vt 0.283536 0.391490
vt 0.276252 0.387693
vt 0.279845 0.386729
vt 0.274977 0.383035
vt 0.278187 0.383723
vt 0.296742 0.400373
vt 0.289713 0.391633
vt 0.287444 0.388463
vt 0.283445 0.383846
vt 0.279840 0.382305
vt 0.280732 0.380241
vt 0.284515 0.382325
vt 0.288258 0.385754
vt 0.290782 0.387750
vt 0.296455 0.392744
vt 0.419159 0.132065
vt 0.422409 0.129316
vt 0.424849 0.132884
vt 0.422891 0.134491
vt 0.412873 0.125381
vt 0.416129 0.122695
vt 0.407837 0.120499
vt 0.411150 0.117627
vt 0.403683 0.115743
vt 0.407651 0.112360
vt 0.398679 0.111800
vt 0.403291 0.106976
vt 0.393747 0.107558
vt 0.398804 0.102035
vt 0.424667 0.137322
vt 0.418046 0.135654
vt 0.411195 0.130649
vt 0.405295 0.125372
vt 0.398402 0.119577
vt 0.394714 0.115883
vt 0.390860 0.112873
vt 0.369675 0.376255
vt 0.366824 0.377894
vt 0.364859 0.373907
vt 0.371399 0.374314
vt 0.361984 0.381295
vt 0.357823 0.377953
vt 0.357098 0.385881
vt 0.351637 0.382442
vt 0.349258 0.392794
vt 0.344551 0.387830
vt 0.344123 0.396834
vt 0.340234 0.390713
vt 0.338441 0.400552
vt 0.336284 0.393410
vt 0.371927 0.378020
vt 0.369068 0.380553
vt 0.364606 0.386352
vt 0.358838 0.391981
vt 0.352000 0.397249
vt 0.348072 0.400448
vt 0.341504 0.407692
vt 0.406126 0.098264
vt 0.408137 0.102513
vt 0.411711 0.106998
vt 0.416024 0.114235
vt 0.420580 0.120455
vt 0.425342 0.128020
vt 0.427327 0.134320
vt 0.371845 0.383148
vt 0.373919 0.377364
vt 0.365836 0.389170
vt 0.360841 0.394613
vt 0.354583 0.399752
vt 0.350503 0.403604
vt 0.347684 0.407294
vt 0.417181 0.082543
vt 0.405942 0.084102
vt 0.406096 0.077386
vt 0.416713 0.077885
vt 0.426405 0.078877
vt 0.426099 0.082407
vt 0.437928 0.082898
vt 0.438825 0.079255
vt 0.446437 0.079424
vt 0.446230 0.083452
vt 0.452811 0.083588
vt 0.452474 0.079866
vt 0.457003 0.083849
vt 0.457208 0.080744
vt 0.454488 0.087411
vt 0.458774 0.084266
vt 0.446886 0.087264
vt 0.438256 0.087028
vt 0.426292 0.087599
vt 0.417365 0.087865
vt 0.410372 0.088800
vt 0.459304 0.080589
vt 0.455298 0.076097
vt 0.449175 0.074914
vt 0.440987 0.073566
vt 0.428663 0.071940
vt 0.418142 0.070837
vt 0.409761 0.069646
vt 0.385637 0.398222
vt 0.384251 0.395289
vt 0.388618 0.395451
vt 0.387685 0.397277
vt 0.382006 0.399731
vt 0.378260 0.396563
vt 0.374976 0.403100
vt 0.371826 0.399457
vt 0.366796 0.408161
vt 0.362947 0.403323
vt 0.358666 0.412634
vt 0.356284 0.406168
vt 0.352998 0.415390
vt 0.350597 0.407351
vt 0.386392 0.400847
vt 0.388502 0.398795
vt 0.384008 0.403429
vt 0.378819 0.407227
vt 0.369457 0.412522
vt 0.362243 0.417352
vt 0.354386 0.423469
vt 0.390426 0.398000
vt 0.389153 0.402814
vt 0.385837 0.406586
vt 0.380434 0.410601
vt 0.372716 0.417065
vt 0.366351 0.422778
vt 0.362018 0.428170
vt 0.445507 0.056354
vt 0.445868 0.052708
vt 0.448970 0.053207
vt 0.449170 0.055468
vt 0.438993 0.057487
vt 0.439481 0.052947
vt 0.433227 0.057561
vt 0.432190 0.052673
vt 0.421059 0.059338
vt 0.419702 0.053753
vt 0.414936 0.059892
vt 0.413702 0.053686
vt 0.405299 0.060984
vt 0.402305 0.054143
vt 0.412087 0.018857
vt 0.409190 0.016559
vt 0.412708 0.014680
vt 0.414353 0.015767
vt 0.407706 0.023972
vt 0.404736 0.020605
vt 0.403085 0.028834
vt 0.400555 0.024966
vt 0.398746 0.033990
vt 0.396296 0.029436
vt 0.395901 0.037365
vt 0.392159 0.033385
vt 0.391527 0.042964
vt 0.386292 0.037126
vt 0.452465 0.056963
vt 0.446066 0.060718
vt 0.438851 0.062205
vt 0.431869 0.063322
vt 0.422043 0.063995
vt 0.415199 0.065247
vt 0.408514 0.065900
vt 0.445045 0.048801
vt 0.452554 0.051872
vt 0.438806 0.048610
vt 0.431427 0.048769
vt 0.418711 0.048291
vt 0.412660 0.047561
vt 0.405281 0.045733
vt 0.392656 0.460051
vt 0.397345 0.461185
vt 0.400513 0.462878
vt 0.393260 0.464468
vt 0.387835 0.459629
vt 0.387355 0.463271
vt 0.380582 0.457545
vt 0.380441 0.461539
vt 0.369424 0.453429
vt 0.368329 0.457701
vt 0.363113 0.451313
vt 0.363021 0.455355
vt 0.356078 0.450456
vt 0.355693 0.455300
vt 0.393517 0.457917
vt 0.398205 0.459118
vt 0.388519 0.456104
vt 0.381996 0.453366
vt 0.371556 0.448939
vt 0.365525 0.445794
vt 0.358074 0.443043
vt 0.396603 0.453238
vt 0.401857 0.458182
vt 0.390884 0.449312
vt 0.384652 0.446802
vt 0.376565 0.441831
vt 0.370670 0.438483
vt 0.365726 0.434259
vt 0.407245 0.014748
vt 0.412931 0.012548
vt 0.403089 0.017571
vt 0.397697 0.022515
vt 0.394027 0.025672
vt 0.389741 0.028916
vt 0.385040 0.030968
vt 0.416070 0.015387
vt 0.415189 0.019998
vt 0.410487 0.025996
vt 0.407258 0.031466
vt 0.402795 0.037455
vt 0.400623 0.040645
vt 0.399621 0.042204
vt 0.361021 0.482993
vt 0.364691 0.486580
vt 0.364799 0.489241
vt 0.358809 0.486861
vt 0.357465 0.479456
vt 0.355004 0.483498
vt 0.353338 0.475131
vt 0.349813 0.478597
vt 0.349139 0.471393
vt 0.346069 0.475816
vt 0.345907 0.467801
vt 0.342259 0.472454
vt 0.342892 0.465321
vt 0.338470 0.469719
vt 0.363672 0.481246
vt 0.365241 0.485157
vt 0.360153 0.476899
vt 0.356207 0.472559
vt 0.352136 0.467598
vt 0.348616 0.463881
vt 0.347018 0.461354
vt 0.367079 0.481169
vt 0.367569 0.485892
vt 0.363414 0.474715
vt 0.359302 0.470081
vt 0.354908 0.464430
vt 0.353607 0.461008
vt 0.352695 0.459371
vt 0.339092 0.111395
vt 0.326207 0.110484
vt 0.315235 0.096258
vt 0.345520 0.106716
vt 0.357748 0.107401
vt 0.391458 0.050408
vt 0.400928 0.044668
vt 0.398462 0.068144
vt 0.405458 0.067331
vt 0.397218 0.089267
vt 0.408192 0.094688
vt 0.347000 0.411001
vt 0.342452 0.415325
vt 0.363084 0.432167
vt 0.351743 0.435730
vt 0.351950 0.457113
vt 0.344694 0.455374
vt 0.384677 0.110394
vt 0.391084 0.105192
vt 0.369710 0.107390
vt 0.370791 0.098846
vt 0.382684 0.041122
vt 0.374581 0.083001
vt 0.373092 0.070390
vt 0.370164 0.057253
vt 0.367651 0.045759
vt 0.381504 0.032507
vt 0.336501 0.038003
vt 0.364066 0.035248
vt 0.334147 0.401551
vt 0.330935 0.396833
vt 0.306972 0.403295
vt 0.301006 0.394276
vt 0.305990 0.392093
vt 0.315851 0.396047
vt 0.301179 0.417190
vt 0.291555 0.433496
vt 0.283295 0.420767
vt 0.285414 0.412296
vt 0.286349 0.445652
vt 0.281181 0.455687
vt 0.274977 0.447631
vt 0.280797 0.432414
vt 0.292921 0.455566
vt 0.286407 0.467065
vt 0.383415 0.101367
vt 0.378104 0.107945
vt 0.389574 0.087205
vt 0.388893 0.069658
vt 0.380853 0.054887
vt 0.376092 0.043071
vt 0.375079 0.033721
vt 0.327936 0.404181
vt 0.324048 0.396981
vt 0.335681 0.416702
vt 0.341273 0.436673
vt 0.323385 0.421169
vt 0.326417 0.436991
vt 0.333721 0.453835
vt 0.321293 0.453229
vt 0.338646 0.464087
vt 0.335251 0.468473
vt 0.328722 0.462634
vt 0.329220 0.468529
vt 0.316975 0.463043
vt 0.319423 0.469479
vt 0.304052 0.463226
vt 0.295384 0.470007
vt 0.308898 0.429668
vt 0.298424 0.442939
vt 0.308096 0.451901
vt 0.313537 0.441079
vt 0.326339 0.034695
vt 0.621889 0.305843
vt 0.651915 0.337667
vt 0.638889 0.345652
vt 0.606210 0.319368
vt 0.606944 0.288114
vt 0.591618 0.299252
vt 0.591597 0.330647
vt 0.636552 0.356235
vt 0.577803 0.306564
vt 0.700409 0.319306
vt 0.690367 0.345566
vt 0.681516 0.343876
vt 0.690589 0.315962
vt 0.607398 0.380616
vt 0.637125 0.379863
vt 0.640433 0.393342
vt 0.611814 0.395864
vt 0.709872 0.292213
vt 0.697230 0.288399
vt 0.580004 0.383794
vt 0.582963 0.398101
vt 0.677158 0.313752
vt 0.668301 0.337232
vt 0.682726 0.284505
vt 0.659226 0.307072
vt 0.668551 0.280757
vt 0.633314 0.289631
vt 0.643718 0.272049
vt 0.618824 0.277793
vt 0.619755 0.262574
vt 0.602136 0.364546
vt 0.636142 0.364837
vt 0.578071 0.372271
vt 0.570876 0.335395
vt 0.559870 0.307334
vt 0.580353 0.258437
vt 0.586053 0.270950
vt 0.574626 0.275632
vt 0.563910 0.267614
vt 0.563794 0.287206
vt 0.556890 0.283806
vt 0.598289 0.257260
vt 0.600926 0.266763
vt 0.632049 0.035219
vt 0.619491 0.018606
vt 0.634746 0.021858
vt 0.650275 0.033851
vt 0.575110 0.038296
vt 0.570304 0.021578
vt 0.536076 0.039298
vt 0.529113 0.018606
vt 0.545766 0.063857
vt 0.584900 0.059798
vt 0.585534 0.078505
vt 0.552868 0.083464
vt 0.583207 0.285952
vt 0.596184 0.278835
vt 0.571994 0.295975
vt 0.609577 0.270610
vt 0.608967 0.259545
vt 0.557355 0.294633
vt 0.509613 0.045648
vt 0.512200 0.024136
vt 0.488757 0.052179
vt 0.498211 0.029408
vt 0.522577 0.068015
vt 0.504330 0.072336
vt 0.538619 0.082256
vt 0.524738 0.083448
vt 0.634606 0.054625
vt 0.618549 0.068147
vt 0.654502 0.051061
vt 0.637357 0.062046
vt 0.207231 0.906622
vt 0.199239 0.928811
vt 0.195463 0.919321
vt 0.197614 0.907700
vt 0.188416 0.893474
vt 0.186738 0.902818
vt 0.174839 0.905562
vt 0.173510 0.916427
vt 0.163647 0.929740
vt 0.165012 0.902919
vt 0.184054 0.919590
vt 0.183374 0.931787
vt 0.188799 0.908547
vt 0.188579 0.911198
vt 0.186118 0.907806
vt 0.183320 0.907684
vt 0.185377 0.911653
vt 0.182831 0.910636
vt 0.209711 0.891953
vt 0.215631 0.904658
vt 0.165886 0.885787
vt 0.187719 0.884556
vt 0.213802 0.920252
vt 0.212632 0.932786
vt 0.200970 0.935579
vt 0.183804 0.940788
vt 0.160403 0.945090
vt 0.205579 0.884661
vt 0.150126 0.907184
vt 0.150120 0.928120
vt 0.733158 0.837614
vt 0.734519 0.835385
vt 0.741118 0.837439
vt 0.740444 0.839879
vt 0.729840 0.831516
vt 0.732205 0.831777
vt 0.734828 0.827276
vt 0.737460 0.828688
vt 0.748824 0.826845
vt 0.757359 0.834435
vt 0.751006 0.834319
vt 0.747052 0.828934
vt 0.746858 0.838908
vt 0.746016 0.837076
vt 0.740927 0.825687
vt 0.741734 0.827975
vt 0.934225 0.549744
vt 0.919061 0.551585
vt 0.911186 0.531619
vt 0.934540 0.533173
vt 0.124324 0.476541
vt 0.117966 0.483658
vt 0.105378 0.479370
vt 0.111736 0.466348
vt 0.930782 0.516689
vt 0.906770 0.512925
vt 0.889056 0.503123
vt 0.887892 0.531532
vt 0.874671 0.556509
vt 0.871690 0.507820
vt 0.898440 0.549619
vt 0.896717 0.576600
vt 0.936723 0.572962
vt 0.948892 0.554437
vt 0.950398 0.534559
vt 0.944069 0.513411
vt 0.721060 0.779345
vt 0.725537 0.778558
vt 0.726561 0.781193
vt 0.722433 0.781487
vt 0.719416 0.777036
vt 0.722662 0.775049
vt 0.718500 0.791393
vt 0.711567 0.793738
vt 0.712246 0.791343
vt 0.716965 0.789006
vt 0.716624 0.771693
vt 0.715613 0.774646
vt 0.712300 0.769552
vt 0.711928 0.773254
vt 0.713103 0.788581
vt 0.716652 0.786471
vt 0.721416 0.781374
vt 0.719434 0.780345
vt 0.718505 0.777695
vt 0.714937 0.776847
vt 0.711497 0.775357
vt 0.731363 0.776050
vt 0.724111 0.771993
vt 0.717676 0.769551
vt 0.712186 0.767818
vt 0.763741 0.834574
vt 0.751559 0.822600
vt 0.725889 0.831668
vt 0.728046 0.843307
vt 0.716966 0.838671
vt 0.721132 0.852307
vt 0.739266 0.846679
vt 0.738789 0.854663
vt 0.748804 0.844861
vt 0.754046 0.851599
vt 0.770814 0.842306
vt 0.739536 0.821504
vt 0.732129 0.824944
vt 0.713635 0.807943
vt 0.710346 0.808138
vt 0.710153 0.806568
vt 0.713925 0.806246
vt 0.719911 0.805275
vt 0.717611 0.803514
vt 0.723563 0.802446
vt 0.718539 0.800842
vt 0.711922 0.803561
vt 0.712358 0.800176
vt 0.716452 0.809938
vt 0.718988 0.813128
vt 0.712608 0.815327
vt 0.710866 0.810189
vt 0.721176 0.808043
vt 0.716971 0.748727
vt 0.722527 0.739297
vt 0.729157 0.745149
vt 0.721509 0.748086
vt 0.713128 0.748529
vt 0.714318 0.736029
vt 0.732736 0.752476
vt 0.724100 0.755568
vt 0.717462 0.757981
vt 0.712295 0.758679
vt 0.733938 0.785351
vt 0.732181 0.797063
vt 0.725871 0.793438
vt 0.794676 0.782305
vt 0.801650 0.762128
vt 0.812884 0.769550
vt 0.815605 0.798977
vt 0.746184 0.790069
vt 0.750149 0.769326
vt 0.741984 0.805992
vt 0.770509 0.773803
vt 0.786370 0.750988
vt 0.756116 0.746514
vt 0.762834 0.792725
vt 0.756201 0.805048
vt 0.785840 0.798215
vt 0.775130 0.815877
vt 0.724516 0.808826
vt 0.718339 0.795160
vt 0.712516 0.795967
vt 0.815601 0.745491
vt 0.824843 0.758317
vt 0.802952 0.815015
vt 0.785849 0.831094
vt 0.722524 0.822288
vt 0.715143 0.825933
vt 0.728138 0.817995
vt 0.821503 0.817309
vt 0.816605 0.833796
vt 0.802811 0.852373
vt 0.725331 0.880867
vt 0.745127 0.880131
vt 0.763620 0.875426
vt 0.786128 0.866623
vt 0.766669 0.659531
vt 0.755294 0.694104
vt 0.726775 0.690234
vt 0.733512 0.659047
vt 0.796464 0.668525
vt 0.790949 0.703352
vt 0.827693 0.681773
vt 0.819844 0.712547
vt 0.758590 0.721612
vt 0.735805 0.718163
vt 0.718548 0.713462
vt 0.797537 0.736435
vt 0.853440 0.742833
vt 0.836132 0.725558
vt 0.861161 0.706696
vt 0.873681 0.731024
vt 0.811317 0.938970
vt 0.810416 0.963057
vt 0.766950 0.956459
vt 0.776651 0.935003
vt 0.847464 0.938975
vt 0.849352 0.961452
vt 0.888609 0.928571
vt 0.895450 0.948513
vt 0.822445 0.916463
vt 0.789209 0.910639
vt 0.854267 0.916377
vt 0.882349 0.914152
vt 0.908471 0.909535
vt 0.890552 0.900966
vt 0.923610 0.923200
vt 0.936656 0.590978
vt 0.979464 0.566095
vt 0.895917 0.590979
vt 0.983670 0.527632
vt 0.970419 0.488728
vt 0.928712 0.491932
vt 0.939929 0.459028
vt 0.900409 0.469407
vt 0.879701 0.467323
vt 0.869844 0.463825
vt 0.898616 0.436811
vt 0.854453 0.852675
vt 0.833258 0.847361
vt 0.833831 0.826241
vt 0.849063 0.829545
vt 0.808138 0.890440
vt 0.838052 0.893264
vt 0.847940 0.871943
vt 0.823693 0.866129
vt 0.884515 0.845258
vt 0.864451 0.822196
vt 0.865450 0.897089
vt 0.919091 0.892422
vt 0.936370 0.902810
vt 0.872036 0.875478
vt 0.900068 0.803436
vt 0.867874 0.793994
vt 0.867763 0.778128
vt 0.900087 0.786949
vt 0.865782 0.759700
vt 0.900089 0.767184
vt 0.868111 0.809247
vt 0.895013 0.823812
vt 0.921501 0.815080
vt 0.924361 0.790251
vt 0.925357 0.766075
vt 0.911342 0.857496
vt 0.918294 0.837294
vt 0.899626 0.882431
vt 0.941792 0.827238
vt 0.943686 0.792535
vt 0.942766 0.765199
vt 0.931315 0.868799
vt 0.938210 0.847570
vt 0.958043 0.832335
vt 0.960029 0.795757
vt 0.960079 0.768109
vt 0.948220 0.877153
vt 0.954358 0.855333
vt 0.881999 0.701986
vt 0.889234 0.725976
vt 0.909906 0.701752
vt 0.905697 0.728677
vt 0.889596 0.663465
vt 0.902179 0.613323
vt 0.939353 0.622433
vt 0.916871 0.670545
vt 0.859048 0.653408
vt 0.868178 0.612457
vt 0.834005 0.647297
vt 0.799875 0.631793
vt 0.796452 0.588340
vt 0.838870 0.602716
vt 0.768583 0.626725
vt 0.765252 0.591368
vt 0.199155 0.979925
vt 0.185053 0.984124
vt 0.177052 0.971679
vt 0.191801 0.966947
vt 0.171333 0.963134
vt 0.188379 0.957388
vt 0.211652 0.950399
vt 0.217964 0.960866
vt 0.114287 0.358902
vt 0.114916 0.375885
vt 0.095392 0.379026
vt 0.096257 0.363097
vt 0.133013 0.353128
vt 0.133920 0.369972
vt 0.214750 0.941119
vt 0.219269 0.949437
vt 0.204703 0.942482
vt 0.185770 0.949332
vt 0.224940 0.900846
vt 0.220484 0.888723
vt 0.129334 0.458514
vt 0.132104 0.470203
vt 0.142336 0.456613
vt 0.142628 0.466322
vt 0.078963 0.390278
vt 0.095508 0.393404
vt 0.093718 0.408672
vt 0.071695 0.399632
vt 0.115511 0.393906
vt 0.134089 0.388663
vt 0.135289 0.405664
vt 0.114841 0.409498
vt 0.080345 0.378096
vt 0.079135 0.362930
vt 0.224081 0.912784
vt 0.089738 0.412665
vt 0.070020 0.402691
vt 0.225131 0.973851
vt 0.323776 0.666462
vt 0.313289 0.663325
vt 0.315716 0.624915
vt 0.329965 0.626062
vt 0.137950 0.428045
vt 0.120608 0.431177
vt 0.317111 0.586540
vt 0.331913 0.585225
vt 0.307454 0.710525
vt 0.295376 0.692035
vt 0.300912 0.659235
vt 0.329592 0.718649
vt 0.326099 0.731433
vt 0.316341 0.723454
vt 0.316965 0.714919
vt 0.225107 0.916267
vt 0.342703 0.717470
vt 0.339672 0.741232
vt 0.087727 0.414092
vt 0.065851 0.405041
vt 0.303158 0.626147
vt 0.305436 0.583445
vt 0.097461 0.435178
vt 0.101216 0.436052
vt 0.227724 0.972088
vt 0.222439 0.959492
vt 0.109694 0.433628
vt 0.093795 0.453753
vt 0.084884 0.466754
vt 0.424639 0.693616
vt 0.424639 0.696574
vt 0.401887 0.714771
vt 0.400412 0.709678
vt 0.382417 0.738742
vt 0.383340 0.725548
vt 0.227041 0.920359
vt 0.737712 0.830453
vt 0.733658 0.832255
vt 0.734906 0.834864
vt 0.741104 0.836513
vt 0.748508 0.833983
vt 0.745330 0.831362
vt 0.745553 0.834924
vt 0.741530 0.830449
vt 0.091184 0.451660
vt 0.361886 0.724072
vt 0.360639 0.668405
vt 0.379750 0.666551
vt 0.345978 0.669023
vt 0.333809 0.667721
vt 0.342890 0.629059
vt 0.355994 0.628624
vt 0.393369 0.665690
vt 0.381246 0.631719
vt 0.392648 0.630949
vt 0.367224 0.632012
vt 0.410328 0.663589
vt 0.406933 0.630146
vt 0.365348 0.594332
vt 0.378657 0.596837
vt 0.342079 0.589399
vt 0.353071 0.592384
vt 0.402412 0.588706
vt 0.392866 0.591817
vt 0.082945 0.464408
vt 0.333610 0.540921
vt 0.323262 0.536939
vt 0.340258 0.542965
vt 0.349853 0.544175
vt 0.310542 0.526149
vt 0.715945 0.779939
vt 0.716016 0.779623
vt 0.712947 0.786609
vt 0.716004 0.784632
vt 0.714632 0.778723
vt 0.711681 0.776779
vt 0.716506 0.780334
vt 0.741873 0.547456
vt 0.753024 0.570641
vt 0.733253 0.583181
vt 0.731266 0.572480
vt 0.861285 0.572202
vt 0.922313 0.498087
vt 0.907478 0.488550
vt 0.894322 0.488488
vt 0.850584 0.525772
vt 0.782954 0.902054
vt 0.757454 0.912682
vt 0.732878 0.915166
vt 0.166021 0.954528
vt 0.738808 0.625054
vt 0.735651 0.595430
vt 0.708032 0.583133
vt 0.707988 0.566022
vt 0.191444 0.870602
vt 0.217519 0.873399
vt 0.708276 0.769216
vt 0.708273 0.767700
vt 0.972139 0.638303
vt 0.943633 0.680941
vt 0.152971 0.455524
vt 0.152971 0.465088
vt 0.707696 0.919560
vt 0.707897 0.882401
vt 0.708129 0.626108
vt 0.708071 0.599450
vt 0.932512 0.705684
vt 0.927910 0.734295
vt 0.708290 0.774528
vt 0.708292 0.775983
vt 0.708146 0.816542
vt 0.708169 0.809760
vt 0.708174 0.808347
vt 0.906500 0.965352
vt 0.856954 0.982278
vt 0.150130 0.887351
vt 0.708187 0.659586
vt 0.171324 0.868807
vt 0.707871 0.523190
vt 0.732708 0.529289
vt 0.707918 0.539907
vt 0.755577 0.540115
vt 0.773814 0.566305
vt 0.150116 0.944298
vt 0.150133 0.868150
vt 0.982083 0.865816
vt 0.986303 0.840485
vt 0.708260 0.758387
vt 0.708030 0.851176
vt 0.708239 0.712988
vt 0.708225 0.692560
vt 0.708178 0.807322
vt 0.708252 0.748518
vt 0.958853 0.919786
vt 0.973409 0.893352
vt 0.708185 0.805533
vt 0.708205 0.800806
vt 0.809485 0.986430
vt 0.765999 0.981201
vt 0.152970 0.405985
vt 0.152970 0.428592
vt 0.708179 0.839676
vt 0.708229 0.796887
vt 0.708261 0.793642
vt 0.939605 0.942179
vt 0.985496 0.797194
vt 0.983359 0.770133
vt 0.708334 0.789061
vt 0.708389 0.787022
vt 0.708279 0.792211
vt 0.708286 0.772936
vt 0.708247 0.734074
vt 0.708117 0.826128
vt 0.306680 0.719302
vt 0.152968 0.350347
vt 0.152968 0.366953
vt 0.152969 0.386414
vt 0.707822 0.506247
vt 0.738810 0.509128
vt 0.359074 0.743294
vt 0.292997 0.693264
vt 0.367620 0.542576
vt 0.378566 0.541526
vt 0.390887 0.531587
vt 0.324579 0.533678
vt 0.315151 0.523631
vt 0.361594 0.543304
vt 0.349719 0.542419
vt 0.341112 0.540834
vt 0.333178 0.537970
vt 0.194726 0.847234
vt 0.220640 0.853140
vt 0.071890 0.343769
vt 0.092689 0.338903
vt 0.112059 0.333846
vt 0.135279 0.327229
vt 0.150137 0.842844
vt 0.171095 0.843753
vt 0.152967 0.323849
vt 0.201335 0.826080
vt 0.229387 0.833194
vt 0.061337 0.324526
vt 0.087404 0.317935
vt 0.109091 0.312591
vt 0.132784 0.310609
vt 0.150141 0.813953
vt 0.175907 0.815553
vt 0.152966 0.306597
vt 0.208005 0.807196
vt 0.238101 0.814100
vt 0.053317 0.305574
vt 0.082080 0.298241
vt 0.105948 0.295227
vt 0.130551 0.292355
vt 0.150144 0.783711
vt 0.177883 0.799573
vt 0.152965 0.289565
vt 0.215552 0.778929
vt 0.251352 0.785829
vt 0.050888 0.274197
vt 0.077211 0.272896
vt 0.102829 0.268562
vt 0.130270 0.267267
vt 0.150145 0.769948
vt 0.183857 0.772661
vt 0.152964 0.266147
vt 0.221805 0.752951
vt 0.257590 0.760404
vt 0.044171 0.248510
vt 0.073858 0.245414
vt 0.101597 0.242942
vt 0.127499 0.242553
vt 0.150147 0.749186
vt 0.185900 0.749820
vt 0.152963 0.242593
vt 0.274714 0.681221
vt 0.230290 0.678531
vt 0.231493 0.654685
vt 0.278639 0.654556
vt 0.062070 0.163434
vt 0.029094 0.169612
vt 0.023158 0.143801
vt 0.058201 0.138307
vt 0.122204 0.156855
vt 0.092517 0.158396
vt 0.088419 0.134669
vt 0.121274 0.133395
vt 0.189733 0.677582
vt 0.150152 0.678100
vt 0.150154 0.654993
vt 0.190497 0.653990
vt 0.152960 0.156969
vt 0.152959 0.136702
vt 0.285045 0.559241
vt 0.233640 0.563494
vt 0.232825 0.533476
vt 0.281095 0.523732
vt 0.049529 0.048420
vt 0.011562 0.049916
vt 0.015379 0.016519
vt 0.049309 0.021774
vt 0.118891 0.047702
vt 0.084633 0.048015
vt 0.083333 0.021362
vt 0.119659 0.022639
vt 0.189172 0.563926
vt 0.150156 0.565243
vt 0.150156 0.538613
vt 0.189010 0.537228
vt 0.152956 0.046302
vt 0.152955 0.020850
vt 0.127128 0.212275
vt 0.152962 0.211862
vt 0.125058 0.185392
vt 0.152961 0.184593
vt 0.188190 0.724998
vt 0.227066 0.728471
vt 0.189541 0.701443
vt 0.229571 0.702228
vt 0.070166 0.217861
vt 0.098752 0.213941
vt 0.067143 0.188781
vt 0.095265 0.184919
vt 0.150149 0.725323
vt 0.150151 0.701596
vt 0.041156 0.220576
vt 0.035385 0.193661
vt 0.263626 0.732786
vt 0.268814 0.705611
vt 0.120419 0.103564
vt 0.152958 0.103266
vt 0.119411 0.074419
vt 0.152957 0.073945
vt 0.189506 0.622491
vt 0.234178 0.622831
vt 0.189162 0.591837
vt 0.236032 0.590759
vt 0.054734 0.108391
vt 0.086004 0.105450
vt 0.052535 0.078162
vt 0.085698 0.075811
vt 0.150155 0.623931
vt 0.150156 0.593939
vt 0.016164 0.112321
vt 0.011918 0.078634
vt 0.281404 0.622479
vt 0.284846 0.588452
vt 0.365695 0.539497
vt 0.375822 0.536309
vt 0.386511 0.528479
vt 0.361538 0.541257
vt 0.235403 0.524445
vt 0.276435 0.516141
vt 0.020091 0.008813
vt 0.049451 0.013692
vt 0.079826 0.012411
vt 0.111936 0.012766
vt 0.150156 0.523691
vt 0.195996 0.526155
vt 0.152955 0.007912
vt 0.501783 0.244005
vt 0.466654 0.256381
vt 0.446624 0.229036
vt 0.497941 0.236470
vt 0.499997 0.231827
vt 0.440508 0.190881
vt 0.508095 0.245588
vt 0.515496 0.243102
vt 0.521627 0.265579
vt 0.497770 0.270075
vt 0.516206 0.235668
vt 0.512971 0.232078
vt 0.555659 0.190939
vt 0.551428 0.223889
vt 0.497376 0.190910
vt 0.505307 0.230478
vt 0.539336 0.246775
vt 0.093026 0.906602
vt 0.102640 0.907683
vt 0.104786 0.919303
vt 0.101007 0.928791
vt 0.111842 0.893462
vt 0.113517 0.902806
vt 0.125414 0.905553
vt 0.135241 0.902914
vt 0.136593 0.929734
vt 0.126738 0.916418
vt 0.116193 0.919576
vt 0.116867 0.931772
vt 0.111454 0.908533
vt 0.111673 0.911184
vt 0.114135 0.907793
vt 0.116933 0.907672
vt 0.114874 0.911639
vt 0.117420 0.910623
vt 0.084627 0.904636
vt 0.090551 0.891934
vt 0.134374 0.885782
vt 0.112543 0.884544
vt 0.086450 0.920228
vt 0.087614 0.932759
vt 0.099273 0.935556
vt 0.116433 0.940772
vt 0.139828 0.945084
vt 0.094685 0.884645
vt 0.683025 0.837433
vt 0.675739 0.839643
vt 0.675083 0.837205
vt 0.681681 0.835200
vt 0.686376 0.831368
vt 0.684014 0.831613
vt 0.681424 0.827104
vt 0.678789 0.828497
vt 0.667466 0.826590
vt 0.669220 0.828684
vt 0.665243 0.834029
vt 0.658911 0.834103
vt 0.669348 0.838630
vt 0.670200 0.836810
vt 0.675348 0.825482
vt 0.674529 0.827760
vt 0.470141 0.544422
vt 0.474760 0.528504
vt 0.497523 0.533953
vt 0.484075 0.550680
vt 0.181619 0.476541
vt 0.194208 0.466348
vt 0.200567 0.479369
vt 0.187978 0.483658
vt 0.483243 0.513878
vt 0.507290 0.517413
vt 0.527115 0.513312
vt 0.542303 0.522953
vt 0.525002 0.568562
vt 0.519792 0.540786
vt 0.504350 0.554926
vt 0.497985 0.581202
vt 0.460863 0.565850
vt 0.454742 0.544548
vt 0.459206 0.525118
vt 0.471529 0.506803
vt 0.695371 0.779486
vt 0.693994 0.781563
vt 0.689897 0.781265
vt 0.690930 0.778650
vt 0.693797 0.775183
vt 0.697009 0.777240
vt 0.697916 0.791173
vt 0.699451 0.788721
vt 0.704294 0.791210
vt 0.704933 0.793657
vt 0.699920 0.771739
vt 0.700968 0.774675
vt 0.704250 0.769568
vt 0.704647 0.773265
vt 0.703482 0.788339
vt 0.699736 0.786009
vt 0.694984 0.781430
vt 0.697919 0.777930
vt 0.696945 0.780522
vt 0.701697 0.776825
vt 0.705090 0.775364
vt 0.685134 0.776117
vt 0.692355 0.772094
vt 0.698850 0.769593
vt 0.704357 0.767831
vt 0.652553 0.834199
vt 0.664765 0.822342
vt 0.690321 0.831545
vt 0.688088 0.843155
vt 0.699189 0.838605
vt 0.694925 0.852199
vt 0.676865 0.846437
vt 0.677281 0.854408
vt 0.667366 0.844553
vt 0.662090 0.851232
vt 0.645459 0.841852
vt 0.676760 0.821316
vt 0.684132 0.824792
vt 0.702714 0.807901
vt 0.702435 0.806200
vt 0.706209 0.806552
vt 0.706004 0.808122
vt 0.696445 0.805185
vt 0.698760 0.803434
vt 0.692802 0.802332
vt 0.697845 0.800745
vt 0.704460 0.803527
vt 0.704053 0.800128
vt 0.699881 0.809878
vt 0.705469 0.810169
vt 0.703692 0.815297
vt 0.697324 0.813055
vt 0.695164 0.807950
vt 0.699532 0.748737
vt 0.694991 0.748098
vt 0.687346 0.745166
vt 0.693970 0.739311
vt 0.703376 0.748535
vt 0.702177 0.736035
vt 0.692400 0.755587
vt 0.683768 0.752491
vt 0.699049 0.757998
vt 0.704223 0.758687
vt 0.682540 0.785320
vt 0.690521 0.793302
vt 0.684225 0.796926
vt 0.622035 0.782085
vt 0.601222 0.798559
vt 0.603969 0.769412
vt 0.615118 0.762035
vt 0.670303 0.789950
vt 0.666395 0.769290
vt 0.674405 0.805820
vt 0.646096 0.773690
vt 0.630314 0.750960
vt 0.660448 0.746521
vt 0.653689 0.792536
vt 0.660240 0.804827
vt 0.630767 0.797918
vt 0.641334 0.815525
vt 0.691818 0.808717
vt 0.698074 0.795006
vt 0.703943 0.795893
vt 0.592075 0.758281
vt 0.601229 0.745516
vt 0.613687 0.814526
vt 0.630579 0.830599
vt 0.693739 0.822194
vt 0.701094 0.825885
vt 0.688155 0.817872
vt 0.600006 0.833079
vt 0.595269 0.816686
vt 0.613561 0.851635
vt 0.690487 0.880694
vt 0.670738 0.879766
vt 0.652350 0.874902
vt 0.630025 0.865939
vt 0.649763 0.659719
vt 0.682871 0.659127
vt 0.689679 0.690273
vt 0.661211 0.694202
vt 0.620071 0.668792
vt 0.625676 0.703505
vt 0.588993 0.682109
vt 0.596916 0.712740
vt 0.657967 0.721665
vt 0.680696 0.718197
vt 0.697934 0.713475
vt 0.619184 0.736475
vt 0.563588 0.742994
vt 0.543397 0.731329
vt 0.555757 0.707057
vt 0.580745 0.725745
vt 0.604328 0.937564
vt 0.638777 0.933941
vt 0.648213 0.955329
vt 0.605003 0.961484
vt 0.568443 0.937242
vt 0.566365 0.959538
vt 0.527691 0.926543
vt 0.520720 0.946278
vt 0.593484 0.915120
vt 0.626532 0.909640
vt 0.561893 0.914746
vt 0.534034 0.912285
vt 0.508146 0.907467
vt 0.526010 0.899122
vt 0.492994 0.920897
vt 0.455578 0.583074
vt 0.422088 0.546603
vt 0.494480 0.595170
vt 0.429491 0.508626
vt 0.453695 0.475411
vt 0.491628 0.456102
vt 0.492570 0.490852
vt 0.526285 0.477746
vt 0.537674 0.447151
vt 0.557128 0.481491
vt 0.546678 0.481904
vt 0.562275 0.851505
vt 0.567827 0.828595
vt 0.582970 0.825447
vt 0.583362 0.846412
vt 0.578198 0.891946
vt 0.607924 0.889415
vt 0.568572 0.870689
vt 0.592697 0.865127
vt 0.532499 0.843876
vt 0.552618 0.821165
vt 0.550964 0.895498
vt 0.480511 0.900542
vt 0.497757 0.890385
vt 0.544618 0.873985
vt 0.517434 0.802226
vt 0.517562 0.785862
vt 0.549725 0.777395
vt 0.549473 0.793143
vt 0.517737 0.766243
vt 0.551856 0.759122
vt 0.522270 0.822496
vt 0.549102 0.808279
vt 0.496057 0.813592
vt 0.493439 0.788922
vt 0.492667 0.764917
vt 0.505761 0.855786
vt 0.499040 0.835671
vt 0.517168 0.880642
vt 0.475807 0.825479
vt 0.474237 0.791016
vt 0.475395 0.763892
vt 0.485834 0.866826
vt 0.479180 0.845693
vt 0.459630 0.830393
vt 0.457987 0.794068
vt 0.458184 0.766624
vt 0.468979 0.874967
vt 0.463082 0.853254
vt 0.534986 0.702457
vt 0.527890 0.726374
vt 0.507196 0.702349
vt 0.511511 0.729141
vt 0.527249 0.664126
vt 0.500116 0.671302
vt 0.477498 0.623488
vt 0.514481 0.614238
vt 0.557633 0.653972
vt 0.548344 0.613212
vt 0.582561 0.647774
vt 0.616522 0.632166
vt 0.577496 0.603359
vt 0.619717 0.588794
vt 0.647727 0.626974
vt 0.650886 0.591650
vt 0.101063 0.979892
vt 0.108423 0.966921
vt 0.123165 0.971659
vt 0.115159 0.984096
vt 0.111850 0.957366
vt 0.128888 0.963119
vt 0.082270 0.960830
vt 0.088586 0.950368
vt 0.191649 0.358899
vt 0.209679 0.363093
vt 0.210546 0.379022
vt 0.191021 0.375882
vt 0.172923 0.353127
vt 0.172017 0.369970
vt 0.085493 0.941090
vt 0.095537 0.942456
vt 0.080971 0.949403
vt 0.114463 0.949312
vt 0.075322 0.900821
vt 0.079781 0.888702
vt 0.176608 0.458513
vt 0.173839 0.470204
vt 0.163606 0.456613
vt 0.163314 0.466322
vt 0.226976 0.390273
vt 0.234245 0.399627
vt 0.212222 0.408669
vt 0.210431 0.393400
vt 0.190427 0.393903
vt 0.191099 0.409495
vt 0.170651 0.405663
vt 0.171850 0.388662
vt 0.226802 0.362925
vt 0.225593 0.378091
vt 0.076176 0.912758
vt 0.216202 0.412662
vt 0.235921 0.402686
vt 0.075098 0.973808
vt 0.368838 0.913768
vt 0.362649 0.873368
vt 0.376898 0.872221
vt 0.379326 0.910631
vt 0.185333 0.431176
vt 0.167991 0.428045
vt 0.360701 0.832532
vt 0.375504 0.833847
vt 0.385161 0.957831
vt 0.391703 0.906541
vt 0.397239 0.939341
vt 0.363023 0.965955
vt 0.375650 0.962225
vt 0.376275 0.970760
vt 0.366517 0.978739
vt 0.075149 0.916239
vt 0.349912 0.964776
vt 0.352943 0.988538
vt 0.218214 0.414088
vt 0.240090 0.405036
vt 0.387179 0.830752
vt 0.389457 0.873453
vt 0.208481 0.435175
vt 0.204726 0.436049
vt 0.072507 0.972044
vt 0.077797 0.959455
vt 0.196248 0.433626
vt 0.212148 0.453751
vt 0.221061 0.466752
vt 0.267975 0.940923
vt 0.292203 0.956985
vt 0.290728 0.962078
vt 0.267975 0.943881
vt 0.309275 0.972855
vt 0.310198 0.986049
vt 0.073214 0.920331
vt 0.682561 0.832081
vt 0.678526 0.830257
vt 0.681298 0.834677
vt 0.675103 0.836281
vt 0.670922 0.831117
vt 0.667736 0.833710
vt 0.670676 0.834667
vt 0.674717 0.830229
vt 0.214759 0.451658
vt 0.312864 0.913857
vt 0.331976 0.915712
vt 0.330729 0.971378
vt 0.346637 0.916329
vt 0.336620 0.875931
vt 0.349724 0.876365
vt 0.358806 0.915028
vt 0.299245 0.912996
vt 0.299967 0.878255
vt 0.311369 0.879026
vt 0.325390 0.879318
vt 0.282287 0.910896
vt 0.285681 0.877452
vt 0.313957 0.844143
vt 0.327266 0.841639
vt 0.350536 0.836705
vt 0.339544 0.839691
vt 0.290203 0.836013
vt 0.299749 0.839124
vt 0.223000 0.464405
vt 0.359004 0.788227
vt 0.369353 0.784246
vt 0.352356 0.790271
vt 0.342761 0.791482
vt 0.382072 0.773455
vt 0.700229 0.779918
vt 0.700326 0.780343
vt 0.700480 0.783874
vt 0.703731 0.786282
vt 0.702077 0.778562
vt 0.704910 0.776783
vt 0.699879 0.780643
vt 0.674010 0.547643
vt 0.684748 0.572601
vt 0.682817 0.583308
vt 0.662993 0.570878
vt 0.533125 0.587521
vt 0.496853 0.498630
vt 0.513851 0.493926
vt 0.526432 0.497774
vt 0.557128 0.546362
vt 0.632838 0.901222
vt 0.658111 0.912094
vt 0.682590 0.914862
vt 0.134205 0.954518
vt 0.677460 0.625180
vt 0.680482 0.595563
vt 0.082750 0.873381
vt 0.108823 0.870590
vt 0.473511 0.681781
vt 0.444918 0.639449
vt 0.484703 0.706369
vt 0.489418 0.734837
vt 0.558630 0.980144
vt 0.509598 0.962894
vt 0.128943 0.868801
vt 0.683071 0.529429
vt 0.642197 0.566661
vt 0.660271 0.540383
vt 0.435469 0.863410
vt 0.431507 0.838230
vt 0.458042 0.917191
vt 0.443831 0.890821
vt 0.648932 0.979900
vt 0.605715 0.984696
vt 0.476947 0.939592
vt 0.432695 0.795266
vt 0.435058 0.768425
vt 0.385935 0.966608
vt 0.676854 0.509306
vt 0.333541 0.990600
vt 0.399618 0.940570
vt 0.314048 0.788833
vt 0.324995 0.789883
vt 0.301727 0.778894
vt 0.368035 0.780984
vt 0.377463 0.770937
vt 0.331021 0.790611
vt 0.342895 0.789725
vt 0.351503 0.788140
vt 0.359436 0.785277
vt 0.079635 0.853124
vt 0.105548 0.847223
vt 0.213245 0.338899
vt 0.234045 0.343764
vt 0.170655 0.327228
vt 0.193875 0.333843
vt 0.129180 0.843748
vt 0.070893 0.833178
vt 0.098945 0.826070
vt 0.218529 0.317930
vt 0.244597 0.324520
vt 0.173148 0.310607
vt 0.196841 0.312588
vt 0.124374 0.815548
vt 0.062185 0.814083
vt 0.092280 0.807186
vt 0.223851 0.298236
vt 0.252614 0.305567
vt 0.175379 0.292353
vt 0.199983 0.295224
vt 0.122403 0.799568
vt 0.048940 0.785812
vt 0.084739 0.778919
vt 0.228718 0.272890
vt 0.255041 0.274190
vt 0.175659 0.267265
vt 0.203100 0.268559
vt 0.116434 0.772656
vt 0.042707 0.760388
vt 0.078491 0.752941
vt 0.232069 0.245408
vt 0.261756 0.248503
vt 0.178427 0.242551
vt 0.204329 0.242939
vt 0.114395 0.749815
vt 0.025595 0.681210
vt 0.021672 0.654546
vt 0.068817 0.654679
vt 0.070017 0.678523
vt 0.243850 0.163428
vt 0.247717 0.138302
vt 0.282760 0.143793
vt 0.276826 0.169604
vt 0.183715 0.156854
vt 0.184643 0.133393
vt 0.217499 0.134665
vt 0.213402 0.158392
vt 0.110572 0.677579
vt 0.109810 0.653987
vt 0.015274 0.559238
vt 0.019225 0.523732
vt 0.067490 0.533476
vt 0.066675 0.563493
vt 0.256383 0.048414
vt 0.256600 0.021769
vt 0.290530 0.016513
vt 0.294349 0.049909
vt 0.187020 0.047700
vt 0.186251 0.022637
vt 0.222577 0.021358
vt 0.221279 0.048012
vt 0.111141 0.563926
vt 0.111303 0.537228
vt 0.178796 0.212273
vt 0.180864 0.185390
vt 0.073235 0.728462
vt 0.112109 0.724994
vt 0.070733 0.702219
vt 0.110761 0.701439
vt 0.207171 0.213937
vt 0.235758 0.217856
vt 0.210656 0.184915
vt 0.238779 0.188776
vt 0.264768 0.220569
vt 0.270537 0.193654
vt 0.036675 0.732771
vt 0.031492 0.705598
vt 0.185497 0.103562
vt 0.186502 0.074417
vt 0.066134 0.622826
vt 0.110804 0.622489
vt 0.064282 0.590756
vt 0.111150 0.591835
vt 0.219912 0.105446
vt 0.251181 0.108385
vt 0.220215 0.075808
vt 0.253378 0.078156
vt 0.289751 0.112313
vt 0.293995 0.078626
vt 0.018911 0.622471
vt 0.015471 0.588446
vt 0.316792 0.783615
vt 0.326919 0.786804
vt 0.306103 0.775785
vt 0.331077 0.788563
vt 0.023884 0.516142
vt 0.064913 0.524446
vt 0.256458 0.013688
vt 0.285817 0.008806
vt 0.193974 0.012764
vt 0.226083 0.012408
vt 0.104318 0.526156
vt 0.500038 0.149995
vt 0.505347 0.151349
vt 0.501837 0.137819
vt 0.497987 0.145351
vt 0.446662 0.152732
vt 0.466720 0.125407
vt 0.508150 0.136242
vt 0.497850 0.111745
vt 0.516251 0.146170
vt 0.551462 0.157986
vt 0.513013 0.149758
vt 0.515548 0.138736
vt 0.539393 0.135087
vt 0.521702 0.116265
vt 0.707966 0.839675
vt 0.348332 0.535785
vt 0.354005 0.535313
vt 0.358812 0.534442
vt 0.367982 0.530336
vt 0.371787 0.526972
vt 0.336074 0.529598
vt 0.331448 0.524234
vt 0.340479 0.533767
vt 0.327831 0.516191
vt 0.338609 0.782619
vt 0.344282 0.783091
vt 0.333802 0.781748
vt 0.320828 0.774278
vt 0.324632 0.777642
vt 0.356540 0.776904
vt 0.361166 0.771541
vt 0.352135 0.781073
vt 0.364783 0.763497
s 1
usemtl Oldady
f 302/57/287 298/58/288 297/59/289 301/60/290
f 303/61/291 299/62/292 298/58/288 302/57/287
f 304/63/293 300/64/294 299/62/292 303/61/291
f 306/65/295 302/57/287 301/60/290 305/66/296
f 307/67/297 303/61/291 302/57/287 306/65/295
f 308/68/298 304/63/293 303/61/291 307/67/297
f 309/69/299 304/63/293 308/68/298 310/70/300
f 311/71/301 300/64/294 304/63/293 309/69/299
f 306/65/295 305/66/296 313/72/302 315/73/303
f 335/74/304 338/75/305 312/76/306 314/77/307
f 307/67/297 306/65/295 315/73/303 317/78/308
f 309/69/299 333/79/309 334/80/310 311/71/301
f 337/81/311 335/74/304 314/77/307 316/82/312
f 331/83/313 332/84/314 319/85/315 321/86/316
f 322/87/317 316/82/312 318/88/318 320/89/319
f 336/90/320 337/81/311 316/82/312 322/87/317
f 330/91/321 331/83/313 321/86/316 324/92/322
f 325/93/323 322/87/317 320/89/319 323/94/324
f 333/79/309 336/90/320 322/87/317 325/93/323
f 329/95/325 330/91/321 324/92/322 327/96/326
f 328/97/327 325/93/323 323/94/324 326/98/328
f 334/80/310 333/79/309 325/93/323 328/97/327
f 333/79/309 309/69/299 310/70/300 336/90/320
f 317/78/308 310/70/300 308/68/298 307/67/297
f 310/70/300 317/78/308 337/81/311 336/90/320
f 315/73/303 335/74/304 337/81/311 317/78/308
f 313/72/302 338/75/305 335/74/304 315/73/303
f 320/89/319 318/88/318 332/84/314 331/83/313
f 323/94/324 320/89/319 331/83/313 330/91/321
f 326/98/328 323/94/324 330/91/321 329/95/325
f 300/64/294 385/99/329 340/100/330 299/62/292
f 389/101/331 326/98/328 329/95/325 378/102/332
f 390/103/333 334/80/310 328/97/327 339/104/334
f 298/58/288 386/105/335 341/106/336 297/59/289
f 339/104/334 328/97/327 326/98/328 389/101/331
f 388/107/337 311/71/301 334/80/310 390/103/333
f 299/62/292 340/100/330 386/105/335 298/58/288
f 388/107/337 385/99/329 300/64/294 311/71/301
f 378/102/332 329/95/325 327/96/326 387/108/338
f 347/109/339 346/110/340 342/111/341 343/112/342
f 348/113/343 347/109/339 343/112/342 344/114/344
f 349/115/345 348/113/343 344/114/344 345/116/346
f 351/117/347 350/118/348 346/110/340 347/109/339
f 352/119/349 351/117/347 347/109/339 348/113/343
f 353/120/350 352/119/349 348/113/343 349/115/345
f 354/121/351 355/122/352 353/120/350 349/115/345
f 356/123/353 354/121/351 349/115/345 345/116/346
f 351/117/347 360/124/354 358/125/355 350/118/348
f 381/126/356 359/127/357 357/128/358 384/129/359
f 352/119/349 362/130/360 360/124/354 351/117/347
f 354/121/351 356/123/353 380/131/361 379/132/362
f 383/133/363 361/134/364 359/127/357 381/126/356
f 376/135/365 366/136/366 364/137/367 377/138/368
f 367/139/369 365/140/370 363/141/371 361/134/364
f 382/142/372 367/139/369 361/134/364 383/133/363
f 375/143/373 369/144/374 366/136/366 376/135/365
f 370/145/375 368/146/376 365/140/370 367/139/369
f 379/132/362 370/145/375 367/139/369 382/142/372
f 374/147/377 372/148/378 369/144/374 375/143/373
f 373/149/379 371/150/380 368/146/376 370/145/375
f 380/131/361 373/149/379 370/145/375 379/132/362
f 379/132/362 382/142/372 355/122/352 354/121/351
f 362/130/360 352/119/349 353/120/350 355/122/352
f 355/122/352 382/142/372 383/133/363 362/130/360
f 360/124/354 362/130/360 383/133/363 381/126/356
f 358/125/355 360/124/354 381/126/356 384/129/359
f 365/140/370 376/135/365 377/138/368 363/141/371
f 368/146/376 375/143/373 376/135/365 365/140/370
f 371/150/380 374/147/377 375/143/373 368/146/376
f 345/116/346 344/114/344 340/100/330 385/99/329
f 389/101/331 378/102/332 374/147/377 371/150/380
f 390/103/333 339/104/334 373/149/379 380/131/361
f 343/112/342 342/111/341 341/106/336 386/105/335
f 339/104/334 389/101/331 371/150/380 373/149/379
f 388/107/337 390/103/333 380/131/361 356/123/353
f 344/114/344 343/112/342 386/105/335 340/100/330
f 388/107/337 356/123/353 345/116/346 385/99/329
f 378/102/332 387/108/338 372/148/378 374/147/377
f 369/144/374 372/148/378 396/151/381 395/152/382
f 366/136/366 369/144/374 395/152/382 394/153/383
f 372/148/378 387/108/338 397/154/384 396/155/381
f 327/96/326 324/92/322 392/156/385 393/157/386
f 324/92/322 321/86/316 391/158/387 392/156/385
f 387/108/338 327/96/326 393/157/386 397/154/384
f 372/159/378 396/160/381 404/161/388 398/162/389
f 395/152/382 396/151/381 404/163/388 403/164/390
f 394/153/383 395/152/382 403/164/390 402/165/391
f 396/155/381 397/154/384 405/166/392 404/163/388
f 393/157/386 392/156/385 400/167/393 401/168/394
f 392/156/385 391/158/387 399/169/395 400/167/393
f 397/154/384 393/157/386 401/168/394 405/166/392
f 341/106/336 342/111/341 413/170/396 412/171/397
f 350/118/348 358/125/355 417/172/398 415/173/399
f 342/111/341 346/110/340 414/174/400 413/170/396
f 358/125/355 384/129/359 418/175/401 417/172/398
f 346/110/340 350/118/348 415/173/399 414/174/400
f 384/129/359 357/128/358 416/176/402 418/175/401
f 297/59/289 341/106/336 412/171/397 406/177/403
f 313/72/302 305/66/296 408/178/404 410/179/405
f 301/60/290 297/59/289 406/177/403 407/180/406
f 338/75/305 313/72/302 410/179/405 411/181/407
f 305/66/296 301/60/290 407/180/406 408/178/404
f 312/76/306 338/75/305 411/181/407 409/182/408
f 318/88/318 316/82/312 421/183/409 422/184/410
f 332/84/314 318/88/318 422/184/410 424/185/411
f 316/82/312 314/77/307 420/186/412 421/183/409
f 314/77/307 312/76/306 419/187/413 420/186/412
f 319/85/315 332/84/314 424/185/411 423/188/414
f 399/169/395 391/158/387 426/189/415 427/190/416
f 391/158/387 321/86/316 425/191/417 426/189/415
f 321/86/316 319/85/315 423/188/414 425/191/417
f 312/76/306 409/182/408 428/192/418 419/187/413
f 416/176/402 357/128/358 429/193/419 435/194/420
f 361/134/364 363/141/371 432/195/421 431/196/422
f 363/141/371 377/138/368 434/197/423 432/195/421
f 359/127/357 361/134/364 431/196/422 430/198/424
f 357/128/358 359/127/357 430/198/424 429/193/419
f 377/138/368 364/137/367 433/199/425 434/197/423
f 394/153/383 402/165/391 438/200/426 437/201/427
f 366/136/366 394/153/383 437/201/427 436/202/428
f 366/136/366 436/202/428 433/199/425 364/137/367
f 440/203/429 441/204/430 400/167/393 399/169/395
f 404/163/388 405/166/392 441/204/430 403/164/390
f 405/166/392 401/168/394 400/167/393 441/204/430
f 402/165/391 403/164/390 441/204/430 440/203/429
f 439/205/431 440/203/429 399/169/395 427/190/416
f 438/200/426 402/165/391 440/203/429 439/205/431
s 0
f 442/206/432 443/207/432 445/208/432 444/209/432
s 1
f 462/210/433 446/211/434 447/212/435 463/213/436
f 463/213/436 447/212/435 448/214/437 464/215/438
f 464/215/438 448/214/437 449/216/439 465/217/440
f 465/217/440 449/216/439 450/218/441 466/219/442
f 466/219/442 450/218/441 451/220/443 467/221/444
f 467/221/444 451/220/443 452/222/445 468/223/446
f 468/223/446 452/222/445 453/224/447 469/225/448
f 469/225/448 453/224/447 454/226/449 470/227/450
f 470/227/450 454/226/449 455/228/451 471/229/452
f 471/229/452 455/228/451 456/230/453 472/231/454
f 472/231/454 456/230/453 457/232/455 473/233/456
f 473/233/456 457/232/455 458/234/457 474/235/458
f 474/235/458 458/234/457 459/236/459 475/237/460
f 475/237/460 459/236/459 460/238/461 476/239/462
f 478/240/463 479/241/464 457/232/455 456/230/453
f 477/242/465 461/243/466 446/211/434 462/210/433
f 476/239/462 460/238/461 461/243/466 477/242/465
f 479/241/464 480/244/467 458/234/457 457/232/455
f 480/244/467 481/245/468 459/236/459 458/234/457
f 481/245/468 482/246/469 460/238/461 459/236/459
f 449/216/439 448/214/437 482/246/469 481/245/468
f 450/218/441 449/216/439 481/245/468 480/244/467
f 451/220/443 450/218/441 480/244/467 479/241/464
f 452/222/445 451/220/443 479/241/464 478/240/463
f 446/211/434 482/246/469 448/214/437 447/212/435
f 460/238/461 482/246/469 446/211/434 461/243/466
f 455/228/451 454/226/449 478/240/463 456/230/453
f 452/222/445 478/240/463 454/226/449 453/224/447
f 491/247/470 485/248/471 484/249/472 490/250/473
f 490/250/473 484/249/472 483/251/474 489/252/475
f 515/253/476 521/254/477 522/255/478 516/256/479
f 516/256/479 522/255/478 523/257/480 517/258/481
f 522/255/478 528/259/482 529/260/483 523/257/480
f 521/254/477 527/261/484 528/259/482 522/255/478
f 520/262/485 526/263/486 527/261/484 521/254/477
f 519/264/487 525/265/488 526/263/486 520/262/485
f 501/266/489 507/267/490 508/268/491 502/269/492
f 509/270/493 503/271/494 502/269/492 508/268/491
f 509/270/493 510/272/495 504/273/496 503/271/494
f 510/272/495 511/274/497 505/275/498 504/273/496
f 516/256/479 517/258/481 511/274/497 510/272/495
f 515/253/476 516/256/479 510/272/495 509/270/493
f 489/252/475 495/276/499 496/277/500 490/250/473
f 497/278/501 491/247/470 490/250/473 496/277/500
f 514/279/502 515/253/476 509/270/493 508/268/491
f 514/279/502 508/268/491 507/267/490 513/280/503
f 498/281/504 492/282/505 491/247/470 497/278/501
f 492/282/505 498/281/504 499/283/506 493/284/507
f 484/249/472 526/263/486 525/265/488 483/251/474
f 485/248/471 527/261/484 526/263/486 484/249/472
f 498/281/504 504/273/496 505/275/498 499/283/506
f 504/273/496 498/281/504 497/278/501 503/271/494
f 528/259/482 527/261/484 485/248/471 486/285/508
f 529/260/483 528/259/482 486/285/508 487/286/509
f 503/271/494 497/278/501 496/277/500 502/269/492
f 495/276/499 501/266/489 502/269/492 496/277/500
f 518/287/510 512/288/511 511/274/497 517/258/481
f 524/289/512 518/287/510 517/258/481 523/257/480
f 492/282/505 493/284/507 487/286/509 486/285/508
f 491/247/470 492/282/505 486/285/508 485/248/471
f 513/280/503 519/264/487 520/262/485 514/279/502
f 514/279/502 520/262/485 521/254/477 515/253/476
f 511/274/497 512/288/511 506/290/513 505/275/498
f 505/275/498 506/290/513 500/291/514 499/283/506
f 499/283/506 500/291/514 494/292/515 493/284/507
f 493/284/507 494/292/515 488/293/516 487/286/509
f 488/293/516 530/294/517 529/260/483 487/286/509
f 530/294/517 524/289/512 523/257/480 529/260/483
f 524/289/512 530/294/517 512/288/511 518/287/510
f 530/294/517 488/293/516 506/290/513 512/288/511
f 488/293/516 494/292/515 500/291/514 506/290/513
f 539/247/518 538/250/519 532/249/520 533/248/521
f 538/250/519 537/252/522 531/251/523 532/249/520
f 563/253/524 564/256/525 570/255/526 569/254/527
f 564/256/525 565/258/528 571/257/529 570/255/526
f 570/255/526 571/257/529 577/260/530 576/259/531
f 569/254/527 570/255/526 576/259/531 575/261/532
f 568/262/533 569/254/527 575/261/532 574/263/534
f 567/264/535 568/262/533 574/263/534 573/265/536
f 549/266/537 550/269/538 556/268/539 555/267/540
f 557/270/541 556/268/539 550/269/538 551/271/542
f 557/270/541 551/271/542 552/273/543 558/272/544
f 558/272/544 552/273/543 553/275/545 559/274/546
f 564/256/525 558/272/544 559/274/546 565/258/528
f 563/253/524 557/270/541 558/272/544 564/256/525
f 537/252/522 538/250/519 544/277/547 543/276/548
f 545/278/549 544/277/547 538/250/519 539/247/518
f 562/279/550 556/268/539 557/270/541 563/253/524
f 562/279/550 561/280/551 555/267/540 556/268/539
f 546/281/552 545/278/549 539/247/518 540/282/553
f 540/282/553 541/284/554 547/283/555 546/281/552
f 532/249/520 531/251/523 573/265/536 574/263/534
f 533/248/521 532/249/520 574/263/534 575/261/532
f 546/281/552 547/283/555 553/275/545 552/273/543
f 552/273/543 551/271/542 545/278/549 546/281/552
f 576/259/531 534/285/556 533/248/521 575/261/532
f 577/260/530 535/286/557 534/285/556 576/259/531
f 551/271/542 550/269/538 544/277/547 545/278/549
f 543/276/548 544/277/547 550/269/538 549/266/537
f 566/287/558 565/258/528 559/274/546 560/288/559
f 572/289/560 571/257/529 565/258/528 566/287/558
f 540/282/553 534/285/556 535/286/557 541/284/554
f 539/247/518 533/248/521 534/285/556 540/282/553
f 561/280/551 562/279/550 568/262/533 567/264/535
f 562/279/550 563/253/524 569/254/527 568/262/533
f 559/274/546 553/275/545 554/290/561 560/288/559
f 553/275/545 547/283/555 548/291/562 554/290/561
f 547/283/555 541/284/554 542/292/563 548/291/562
f 541/284/554 535/286/557 536/293/564 542/292/563
f 536/293/564 535/286/557 577/260/530 578/294/565
f 578/294/565 577/260/530 571/257/529 572/289/560
f 572/289/560 566/287/558 560/288/559 578/294/565
f 578/294/565 560/288/559 554/290/561 536/293/564
f 536/293/564 554/290/561 548/291/562 542/292/563
f 586/295/566 585/296/567 582/297/568 587/298/569
f 587/298/569 582/297/568 581/299/570 588/300/571
f 588/300/571 581/299/570 579/301/572 589/302/573
f 590/303/574 589/302/573 579/301/572 580/304/575
f 591/305/576 592/306/577 593/307/578 594/308/579
f 595/309/580 596/310/581 593/307/578 592/306/577
f 597/311/582 591/305/576 594/308/579 598/312/583
f 599/313/584 597/311/582 598/312/583 600/314/585
f 601/315/586 599/313/584 600/314/585 602/316/587
f 603/317/588 601/315/586 602/316/587 604/318/589
f 605/319/590 606/320/591 604/318/589 602/316/587
f 607/321/592 605/319/590 602/316/587 600/314/585
f 608/322/593 607/321/592 600/314/585 598/312/583
f 609/323/594 608/322/593 598/312/583 594/308/579
f 610/324/595 609/323/594 594/308/579 593/307/578
f 611/325/596 610/324/595 593/307/578 596/310/581
f 612/326/597 613/327/598 601/315/586 603/317/588
f 613/327/598 614/328/599 599/313/584 601/315/586
f 614/328/599 615/329/600 597/311/582 599/313/584
f 615/329/600 616/330/601 591/305/576 597/311/582
f 616/330/601 617/331/602 592/306/577 591/305/576
f 617/331/602 618/332/603 595/309/580 592/306/577
f 619/333/604 620/334/605 615/335/600 614/336/599
f 620/334/605 621/337/606 616/338/601 615/335/600
f 621/337/606 622/339/607 617/340/602 616/338/601
f 622/339/607 623/341/608 618/342/603 617/340/602
f 624/343/609 625/344/610 620/334/605 619/333/604
f 625/344/610 626/345/611 621/337/606 620/334/605
f 626/345/611 627/346/612 622/339/607 621/337/606
f 627/346/612 628/347/613 623/341/608 622/339/607
f 628/347/613 627/346/612 610/348/595 611/349/596
f 627/346/612 626/345/611 609/350/594 610/348/595
f 626/345/611 625/344/610 608/351/593 609/350/594
f 625/344/610 624/343/609 607/352/592 608/351/593
f 629/353/614 630/354/615 631/355/616 632/356/617
f 633/357/618 629/353/614 632/356/617 634/358/619
f 635/359/620 633/357/618 634/358/619 636/360/621
f 637/361/622 635/359/620 636/360/621 638/362/623
f 639/363/624 637/361/622 638/362/623 640/364/625
f 641/365/626 639/363/624 640/364/625 642/366/627
f 643/367/628 630/354/615 629/353/614 644/368/629
f 644/368/629 629/353/614 633/357/618 645/369/630
f 645/369/630 633/357/618 635/359/620 646/370/631
f 646/370/631 635/359/620 637/361/622 647/371/632
f 647/371/632 637/361/622 639/363/624 648/372/633
f 648/372/633 639/363/624 641/365/626 649/373/634
f 650/374/635 643/375/628 644/376/629 651/377/636
f 651/377/636 644/376/629 645/378/630 652/379/637
f 652/379/637 645/378/630 646/380/631 653/381/638
f 653/381/638 646/380/631 647/382/632 654/383/639
f 654/383/639 647/382/632 648/384/633 655/385/640
f 655/385/640 648/384/633 649/386/634 656/387/641
f 657/388/642 650/374/635 651/377/636 658/389/643
f 658/389/643 651/377/636 652/379/637 659/390/644
f 659/390/644 652/379/637 653/381/638 660/391/645
f 660/391/645 653/381/638 654/383/639 661/392/646
f 661/392/646 654/383/639 655/385/640 662/393/647
f 662/393/647 655/385/640 656/387/641 663/394/648
f 664/395/649 642/366/627 640/364/625 665/396/650
f 665/396/650 640/364/625 638/362/623 666/397/651
f 666/397/651 638/362/623 636/360/621 667/398/652
f 667/398/652 636/360/621 634/358/619 668/399/653
f 668/399/653 634/358/619 632/356/617 669/400/654
f 669/400/654 632/356/617 631/355/616 670/401/655
f 669/402/654 670/403/655 657/388/642 658/389/643
f 668/404/653 669/402/654 658/389/643 659/390/644
f 667/405/652 668/404/653 659/390/644 660/391/645
f 666/406/651 667/405/652 660/391/645 661/392/646
f 665/407/650 666/406/651 661/392/646 662/393/647
f 664/408/649 665/407/650 662/393/647 663/394/648
f 671/409/656 672/410/657 673/411/658 674/412/659
f 671/409/656 675/413/660 676/414/661 672/410/657
f 677/415/662 678/416/663 676/414/661 675/413/660
f 677/415/662 679/417/664 680/418/665 678/416/663
f 681/419/666 682/420/667 680/418/665 679/417/664
f 683/421/668 684/422/669 682/420/667 681/419/666
f 685/423/670 686/424/671 683/421/668 681/419/666
f 687/425/672 685/423/670 681/419/666 679/417/664
f 688/426/673 687/425/672 679/417/664 677/415/662
f 689/427/674 688/426/673 677/415/662 675/413/660
f 690/428/675 689/427/674 675/413/660 671/409/656
f 691/429/676 690/428/675 671/409/656 674/412/659
f 692/430/677 693/431/678 682/420/667 684/422/669
f 693/431/678 694/432/679 680/418/665 682/420/667
f 694/432/679 695/433/680 678/416/663 680/418/665
f 695/433/680 696/434/681 676/414/661 678/416/663
f 696/434/681 697/435/682 672/410/657 676/414/661
f 697/435/682 698/436/683 673/411/658 672/410/657
f 699/437/684 700/438/685 686/439/671 685/440/670
f 701/441/686 699/437/684 685/440/670 687/442/672
f 702/443/687 701/441/686 687/442/672 688/444/673
f 703/445/688 702/443/687 688/444/673 689/446/674
f 704/447/689 703/445/688 689/446/674 690/448/675
f 705/449/690 704/447/689 690/448/675 691/450/676
f 706/451/691 707/452/692 700/438/685 699/437/684
f 708/453/693 706/451/691 699/437/684 701/441/686
f 709/454/694 708/453/693 701/441/686 702/443/687
f 710/455/695 709/454/694 702/443/687 703/445/688
f 711/456/696 710/455/695 703/445/688 704/447/689
f 712/457/697 711/456/696 704/447/689 705/449/690
f 707/452/692 706/451/691 693/458/678 692/459/677
f 708/453/693 694/460/679 693/458/678 706/451/691
f 709/454/694 695/461/680 694/460/679 708/453/693
f 710/455/695 696/462/681 695/461/680 709/454/694
f 711/456/696 697/463/682 696/462/681 710/455/695
f 712/457/697 698/464/683 697/463/682 711/456/696
f 713/465/698 714/466/699 715/467/700 716/468/701
f 717/469/702 713/465/698 716/468/701 718/470/703
f 719/471/704 717/469/702 718/470/703 720/472/705
f 721/473/706 719/471/704 720/472/705 722/474/707
f 723/475/708 721/473/706 722/474/707 724/476/709
f 725/477/710 723/475/708 724/476/709 726/478/711
f 727/479/712 728/480/713 729/481/714 730/482/715
f 731/483/716 727/479/712 730/482/715 732/484/717
f 733/485/718 731/483/716 732/484/717 734/486/719
f 735/487/720 733/485/718 734/486/719 736/488/721
f 737/489/722 735/487/720 736/488/721 738/490/723
f 739/491/724 737/489/722 738/490/723 740/492/725
f 741/493/726 714/466/699 713/465/698 742/494/727
f 742/494/727 713/465/698 717/469/702 743/495/728
f 743/495/728 717/469/702 719/471/704 744/496/729
f 744/496/729 719/471/704 721/473/706 745/497/730
f 745/497/730 721/473/706 723/475/708 746/498/731
f 746/498/731 723/475/708 725/477/710 747/499/732
f 748/500/733 716/468/701 715/467/700 749/501/734
f 750/502/735 718/470/703 716/468/701 748/500/733
f 751/503/736 720/472/705 718/470/703 750/502/735
f 752/504/737 722/474/707 720/472/705 751/503/736
f 753/505/738 724/476/709 722/474/707 752/504/737
f 754/506/739 726/478/711 724/476/709 753/505/738
f 755/507/740 748/508/733 749/509/734 756/510/741
f 757/511/742 750/512/735 748/508/733 755/507/740
f 758/513/743 751/514/736 750/512/735 757/511/742
f 759/515/744 752/516/737 751/514/736 758/513/743
f 760/517/745 753/518/738 752/516/737 759/515/744
f 761/519/746 754/520/739 753/518/738 760/517/745
f 762/521/747 755/507/740 756/510/741 763/522/748
f 764/523/749 757/511/742 755/507/740 762/521/747
f 765/524/750 758/513/743 757/511/742 764/523/749
f 766/525/751 759/515/744 758/513/743 765/524/750
f 767/526/752 760/517/745 759/515/744 766/525/751
f 768/527/753 761/519/746 760/517/745 767/526/752
f 762/521/747 763/522/748 741/528/726 742/529/727
f 764/523/749 762/521/747 742/529/727 743/530/728
f 765/524/750 764/523/749 743/530/728 744/531/729
f 766/525/751 765/524/750 744/531/729 745/532/730
f 767/526/752 766/525/751 745/532/730 746/533/731
f 768/527/753 767/526/752 746/533/731 747/534/732
f 769/535/754 730/482/715 729/481/714 770/536/755
f 771/537/756 732/484/717 730/482/715 769/535/754
f 772/538/757 734/486/719 732/484/717 771/537/756
f 773/539/758 736/488/721 734/486/719 772/538/757
f 774/540/759 738/490/723 736/488/721 773/539/758
f 775/541/760 740/492/725 738/490/723 774/540/759
f 776/542/761 728/480/713 727/479/712 777/543/762
f 777/543/762 727/479/712 731/483/716 778/544/763
f 778/544/763 731/483/716 733/485/718 779/545/764
f 779/545/764 733/485/718 735/487/720 780/546/765
f 780/546/765 735/487/720 737/489/722 781/547/766
f 781/547/766 737/489/722 739/491/724 782/548/767
f 783/549/768 769/550/754 770/551/755 784/552/769
f 785/553/770 771/554/756 769/550/754 783/549/768
f 786/555/771 772/556/757 771/554/756 785/553/770
f 787/557/772 773/558/758 772/556/757 786/555/771
f 788/559/773 774/560/759 773/558/758 787/557/772
f 789/561/774 775/562/760 774/560/759 788/559/773
f 790/563/775 783/549/768 784/552/769 791/564/776
f 792/565/777 785/553/770 783/549/768 790/563/775
f 793/566/778 786/555/771 785/553/770 792/565/777
f 794/567/779 787/557/772 786/555/771 793/566/778
f 795/568/780 788/559/773 787/557/772 794/567/779
f 796/569/781 789/561/774 788/559/773 795/568/780
f 790/563/775 791/564/776 776/570/761 777/571/762
f 792/565/777 790/563/775 777/571/762 778/572/763
f 793/566/778 792/565/777 778/572/763 779/573/764
f 794/567/779 793/566/778 779/573/764 780/574/765
f 795/568/780 794/567/779 780/574/765 781/575/766
f 796/569/781 795/568/780 781/575/766 782/576/767
f 797/577/782 580/304/575 583/578/783 798/579/784
f 798/579/784 612/326/597 603/317/588 797/577/782
f 799/580/785 590/303/574 580/304/575 797/577/782
f 797/577/782 603/317/588 604/318/589 799/580/785
f 800/581/786 799/580/785 604/318/589 606/320/591
f 618/332/603 611/325/596 596/310/581 595/309/580
f 628/347/613 611/349/596 618/342/603 623/341/608
f 643/367/628 670/401/655 631/355/616 630/354/615
f 657/388/642 670/403/655 643/375/628 650/374/635
f 686/424/671 692/430/677 684/422/669 683/421/668
f 707/452/692 692/459/677 686/439/671 700/438/685
f 741/493/726 749/501/734 715/467/700 714/466/699
f 763/522/748 756/510/741 749/509/734 741/528/726
f 776/542/761 770/536/755 729/481/714 728/480/713
f 791/564/776 784/552/769 770/551/755 776/570/761
f 801/582/787 726/478/711 754/506/739 802/583/788
f 802/583/788 782/548/767 739/491/724 801/582/787
f 803/584/789 673/411/658 698/436/683 804/585/790
f 804/585/790 747/499/732 725/477/710 803/584/789
f 805/586/791 642/366/627 664/395/649 806/587/792
f 806/587/792 691/429/676 674/412/659 805/586/791
f 806/588/792 664/408/649 663/394/648 807/589/793
f 807/589/793 705/449/690 691/450/676 806/588/792
f 804/590/790 698/464/683 712/457/697 808/591/794
f 808/591/794 768/527/753 747/534/732 804/590/790
f 802/592/788 754/520/739 761/519/746 809/593/795
f 802/592/788 809/593/795 796/569/781 782/576/767
f 810/594/796 649/373/634 641/365/626 811/595/797
f 812/596/798 813/597/799 800/581/786 606/320/591
f 811/595/797 641/365/626 642/366/627 805/586/791
f 805/586/791 674/412/659 673/411/658 803/584/789
f 803/584/789 725/477/710 726/478/711 801/582/787
f 801/582/787 739/491/724 740/492/725 814/598/800
f 815/599/801 816/600/802 588/300/571 589/302/573
f 816/600/802 817/601/803 587/298/569 588/300/571
f 817/601/803 818/602/804 586/295/566 587/298/569
f 813/597/799 815/599/801 589/302/573 590/303/574
f 800/581/786 813/597/799 590/303/574 799/580/785
f 820/603/805 814/598/800 740/492/725 775/541/760
f 819/604/806 586/295/566 818/602/804 821/605/807
f 808/591/794 809/593/795 761/519/746 768/527/753
f 808/591/794 712/457/697 705/449/690 807/589/793
f 656/387/641 649/386/634 810/606/796 822/607/808
f 823/608/809 812/609/798 606/610/591 605/611/590
f 822/607/808 807/589/793 663/394/648 656/387/641
f 824/612/810 613/613/598 612/614/597 825/615/811
f 619/333/604 614/336/599 613/613/598 824/612/810
f 826/616/812 798/617/784 583/618/783 584/619/813
f 825/615/811 612/614/597 798/617/784 826/616/812
f 823/608/809 605/611/590 607/352/592 624/343/609
f 828/620/814 826/616/812 584/619/813 827/621/815
f 829/622/816 830/623/817 810/594/796 811/595/797
f 813/597/799 812/596/798 830/623/817 829/622/816
f 831/624/818 832/625/819 816/600/802 815/599/801
f 805/586/791 803/584/789 832/625/819 831/624/818
f 832/625/819 833/626/820 817/601/803 816/600/802
f 803/584/789 801/582/787 833/626/820 832/625/819
f 833/626/820 834/627/821 818/602/804 817/601/803
f 801/582/787 814/598/800 834/627/821 833/626/820
f 829/622/816 831/624/818 815/599/801 813/597/799
f 811/595/797 805/586/791 831/624/818 829/622/816
f 835/628/822 834/627/821 814/598/800 820/603/805
f 821/605/807 818/602/804 834/627/821 835/628/822
f 836/629/823 830/630/817 812/609/798 823/608/809
f 822/607/808 810/606/796 830/630/817 836/629/823
f 837/631/824 838/632/825 808/591/794 807/589/793
f 839/633/826 840/634/827 838/632/825 837/631/824
f 836/629/823 837/631/824 807/589/793 822/607/808
f 823/608/809 839/633/826 837/631/824 836/629/823
f 838/632/825 841/635/828 809/593/795 808/591/794
f 840/634/827 842/636/829 841/635/828 838/632/825
f 824/612/810 823/608/809 624/343/609 619/333/604
f 843/637/830 820/638/805 775/562/760 789/561/774
f 844/639/831 835/640/822 820/638/805 843/637/830
f 845/641/832 821/642/807 835/640/822 844/639/831
f 846/643/833 819/644/806 821/642/807 845/641/832
f 843/637/830 789/561/774 796/569/781 809/593/795
f 844/639/831 843/637/830 809/593/795 841/635/828
f 844/639/831 841/635/828 842/636/829 845/641/832
f 847/645/834 824/612/810 825/615/811 848/646/835
f 848/646/835 825/615/811 826/616/812 828/620/814
f 847/645/834 839/633/826 823/608/809 824/612/810
f 849/647/836 842/636/829 840/634/827 850/648/837
f 850/648/837 840/634/827 839/633/826 847/645/834
f 846/643/833 845/641/832 842/636/829 849/647/836
f 850/648/837 847/645/834 848/646/835 849/647/836
f 846/643/833 849/647/836 848/646/835 828/620/814
f 827/649/815 585/296/567 586/295/566 819/604/806
f 827/621/815 819/644/806 846/643/833 828/620/814
f 858/650/838 859/651/839 854/652/840 857/653/841
f 859/651/839 860/654/842 853/655/843 854/652/840
f 860/654/842 861/656/844 851/657/845 853/655/843
f 862/658/846 852/659/847 851/657/845 861/656/844
f 863/660/848 866/661/849 865/662/850 864/663/851
f 867/664/852 864/663/851 865/662/850 868/665/853
f 869/666/854 870/667/855 866/661/849 863/660/848
f 871/668/856 872/669/857 870/667/855 869/666/854
f 873/670/858 874/671/859 872/669/857 871/668/856
f 875/672/860 876/673/861 874/671/859 873/670/858
f 877/674/862 874/671/859 876/673/861 878/675/863
f 879/676/864 872/669/857 874/671/859 877/674/862
f 880/677/865 870/667/855 872/669/857 879/676/864
f 881/678/866 866/661/849 870/667/855 880/677/865
f 882/679/867 865/662/850 866/661/849 881/678/866
f 883/680/868 868/665/853 865/662/850 882/679/867
f 884/681/869 875/672/860 873/670/858 885/682/870
f 885/682/870 873/670/858 871/668/856 886/683/871
f 886/683/871 871/668/856 869/666/854 887/684/872
f 887/684/872 869/666/854 863/660/848 888/685/873
f 888/685/873 863/660/848 864/663/851 889/686/874
f 889/686/874 864/663/851 867/664/852 890/687/875
f 891/688/876 886/689/871 887/690/872 892/691/877
f 892/691/877 887/690/872 888/692/873 893/693/878
f 893/693/878 888/692/873 889/694/874 894/695/879
f 894/695/879 889/694/874 890/696/875 895/697/880
f 896/698/881 891/688/876 892/691/877 897/699/882
f 897/699/882 892/691/877 893/693/878 898/700/883
f 898/700/883 893/693/878 894/695/879 899/701/884
f 899/701/884 894/695/879 895/697/880 900/702/885
f 900/702/885 883/703/868 882/704/867 899/701/884
f 899/701/884 882/704/867 881/705/866 898/700/883
f 898/700/883 881/705/866 880/706/865 897/699/882
f 897/699/882 880/706/865 879/707/864 896/698/881
f 901/708/886 904/709/887 903/710/888 902/711/889
f 905/712/890 906/713/891 904/709/887 901/708/886
f 907/714/892 908/715/893 906/713/891 905/712/890
f 909/716/894 910/717/895 908/715/893 907/714/892
f 911/718/896 912/719/897 910/717/895 909/716/894
f 913/720/898 914/721/899 912/719/897 911/718/896
f 915/722/900 916/723/901 901/708/886 902/711/889
f 916/723/901 917/724/902 905/712/890 901/708/886
f 917/724/902 918/725/903 907/714/892 905/712/890
f 918/725/903 919/726/904 909/716/894 907/714/892
f 919/726/904 920/727/905 911/718/896 909/716/894
f 920/727/905 921/728/906 913/720/898 911/718/896
f 922/729/907 923/730/908 916/731/901 915/732/900
f 923/730/908 924/733/909 917/734/902 916/731/901
f 924/733/909 925/735/910 918/736/903 917/734/902
f 925/735/910 926/737/911 919/738/904 918/736/903
f 926/737/911 927/739/912 920/740/905 919/738/904
f 927/739/912 928/741/913 921/742/906 920/740/905
f 929/743/914 930/744/915 923/730/908 922/729/907
f 930/744/915 931/745/916 924/733/909 923/730/908
f 931/745/916 932/746/917 925/735/910 924/733/909
f 932/746/917 933/747/918 926/737/911 925/735/910
f 933/747/918 934/748/919 927/739/912 926/737/911
f 934/748/919 935/749/920 928/741/913 927/739/912
f 936/750/921 937/751/922 912/719/897 914/721/899
f 937/751/922 938/752/923 910/717/895 912/719/897
f 938/752/923 939/753/924 908/715/893 910/717/895
f 939/753/924 940/754/925 906/713/891 908/715/893
f 940/754/925 941/755/926 904/709/887 906/713/891
f 941/755/926 942/756/927 903/710/888 904/709/887
f 941/757/926 930/744/915 929/743/914 942/758/927
f 940/759/925 931/745/916 930/744/915 941/757/926
f 939/760/924 932/746/917 931/745/916 940/759/925
f 938/761/923 933/747/918 932/746/917 939/760/924
f 937/762/922 934/748/919 933/747/918 938/761/923
f 936/763/921 935/749/920 934/748/919 937/762/922
f 943/764/928 946/765/929 945/766/930 944/767/931
f 943/764/928 944/767/931 948/768/932 947/769/933
f 949/770/934 947/769/933 948/768/932 950/771/935
f 949/770/934 950/771/935 952/772/936 951/773/937
f 953/774/938 951/773/937 952/772/936 954/775/939
f 955/776/940 953/774/938 954/775/939 956/777/941
f 957/778/942 953/774/938 955/776/940 958/779/943
f 959/780/944 951/773/937 953/774/938 957/778/942
f 960/781/945 949/770/934 951/773/937 959/780/944
f 961/782/946 947/769/933 949/770/934 960/781/945
f 962/783/947 943/764/928 947/769/933 961/782/946
f 963/784/948 946/765/929 943/764/928 962/783/947
f 964/785/949 956/777/941 954/775/939 965/786/950
f 965/786/950 954/775/939 952/772/936 966/787/951
f 966/787/951 952/772/936 950/771/935 967/788/952
f 967/788/952 950/771/935 948/768/932 968/789/953
f 968/789/953 948/768/932 944/767/931 969/790/954
f 969/790/954 944/767/931 945/766/930 970/791/955
f 971/792/956 957/793/942 958/794/943 972/795/957
f 973/796/958 959/797/944 957/793/942 971/792/956
f 974/798/959 960/799/945 959/797/944 973/796/958
f 975/800/960 961/801/946 960/799/945 974/798/959
f 976/802/961 962/803/947 961/801/946 975/800/960
f 977/804/962 963/805/948 962/803/947 976/802/961
f 978/806/963 971/792/956 972/795/957 979/807/964
f 980/808/965 973/796/958 971/792/956 978/806/963
f 981/809/966 974/798/959 973/796/958 980/808/965
f 982/810/967 975/800/960 974/798/959 981/809/966
f 983/811/968 976/802/961 975/800/960 982/810/967
f 984/812/969 977/804/962 976/802/961 983/811/968
f 979/807/964 964/813/949 965/814/950 978/806/963
f 980/808/965 978/806/963 965/814/950 966/815/951
f 981/809/966 980/808/965 966/815/951 967/816/952
f 982/810/967 981/809/966 967/816/952 968/817/953
f 983/811/968 982/810/967 968/817/953 969/818/954
f 984/812/969 983/811/968 969/818/954 970/819/955
f 985/820/970 988/821/971 987/822/972 986/823/973
f 989/824/974 990/825/975 988/821/971 985/820/970
f 991/826/976 992/827/977 990/825/975 989/824/974
f 993/828/978 994/829/979 992/827/977 991/826/976
f 995/830/980 996/831/981 994/829/979 993/828/978
f 997/832/982 998/833/983 996/831/981 995/830/980
f 999/834/984 1002/835/985 1001/836/986 1000/837/987
f 1003/838/988 1004/839/989 1002/835/985 999/834/984
f 1005/840/990 1006/841/991 1004/839/989 1003/838/988
f 1007/842/992 1008/843/993 1006/841/991 1005/840/990
f 1009/844/994 1010/845/995 1008/843/993 1007/842/992
f 1011/846/996 1012/847/997 1010/845/995 1009/844/994
f 1013/848/998 1014/849/999 985/820/970 986/823/973
f 1014/849/999 1015/850/1000 989/824/974 985/820/970
f 1015/850/1000 1016/851/1001 991/826/976 989/824/974
f 1016/851/1001 1017/852/1002 993/828/978 991/826/976
f 1017/852/1002 1018/853/1003 995/830/980 993/828/978
f 1018/853/1003 1019/854/1004 997/832/982 995/830/980
f 1020/855/1005 1021/856/1006 987/822/972 988/821/971
f 1022/857/1007 1020/855/1005 988/821/971 990/825/975
f 1023/858/1008 1022/857/1007 990/825/975 992/827/977
f 1024/859/1009 1023/858/1008 992/827/977 994/829/979
f 1025/860/1010 1024/859/1009 994/829/979 996/831/981
f 1026/861/1011 1025/860/1010 996/831/981 998/833/983
f 1027/862/1012 1028/863/1013 1021/864/1006 1020/865/1005
f 1029/866/1014 1027/862/1012 1020/865/1005 1022/867/1007
f 1030/868/1015 1029/866/1014 1022/867/1007 1023/869/1008
f 1031/870/1016 1030/868/1015 1023/869/1008 1024/871/1009
f 1032/872/1017 1031/870/1016 1024/871/1009 1025/873/1010
f 1033/874/1018 1032/872/1017 1025/873/1010 1026/875/1011
f 1034/876/1019 1035/877/1020 1028/863/1013 1027/862/1012
f 1036/878/1021 1034/876/1019 1027/862/1012 1029/866/1014
f 1037/879/1022 1036/878/1021 1029/866/1014 1030/868/1015
f 1038/880/1023 1037/879/1022 1030/868/1015 1031/870/1016
f 1039/881/1024 1038/880/1023 1031/870/1016 1032/872/1017
f 1040/882/1025 1039/881/1024 1032/872/1017 1033/874/1018
f 1034/876/1019 1014/883/999 1013/884/998 1035/877/1020
f 1036/878/1021 1015/885/1000 1014/883/999 1034/876/1019
f 1037/879/1022 1016/886/1001 1015/885/1000 1036/878/1021
f 1038/880/1023 1017/887/1002 1016/886/1001 1037/879/1022
f 1039/881/1024 1018/888/1003 1017/887/1002 1038/880/1023
f 1040/882/1025 1019/889/1004 1018/888/1003 1039/881/1024
f 1041/890/1026 1042/891/1027 1001/836/986 1002/835/985
f 1043/892/1028 1041/890/1026 1002/835/985 1004/839/989
f 1044/893/1029 1043/892/1028 1004/839/989 1006/841/991
f 1045/894/1030 1044/893/1029 1006/841/991 1008/843/993
f 1046/895/1031 1045/894/1030 1008/843/993 1010/845/995
f 1047/896/1032 1046/895/1031 1010/845/995 1012/847/997
f 1048/897/1033 1049/898/1034 999/834/984 1000/837/987
f 1049/898/1034 1050/899/1035 1003/838/988 999/834/984
f 1050/899/1035 1051/900/1036 1005/840/990 1003/838/988
f 1051/900/1036 1052/901/1037 1007/842/992 1005/840/990
f 1052/901/1037 1053/902/1038 1009/844/994 1007/842/992
f 1053/902/1038 1054/903/1039 1011/846/996 1009/844/994
f 1055/904/1040 1056/905/1041 1042/906/1027 1041/907/1026
f 1057/908/1042 1055/904/1040 1041/907/1026 1043/909/1028
f 1058/910/1043 1057/908/1042 1043/909/1028 1044/911/1029
f 1059/912/1044 1058/910/1043 1044/911/1029 1045/913/1030
f 1060/914/1045 1059/912/1044 1045/913/1030 1046/915/1031
f 1061/916/1046 1060/914/1045 1046/915/1031 1047/917/1032
f 1062/918/1047 1063/919/1048 1056/905/1041 1055/904/1040
f 1064/920/1049 1062/918/1047 1055/904/1040 1057/908/1042
f 1065/921/1050 1064/920/1049 1057/908/1042 1058/910/1043
f 1066/922/1051 1065/921/1050 1058/910/1043 1059/912/1044
f 1067/923/1052 1066/922/1051 1059/912/1044 1060/914/1045
f 1068/924/1053 1067/923/1052 1060/914/1045 1061/916/1046
f 1062/918/1047 1049/925/1034 1048/926/1033 1063/919/1048
f 1064/920/1049 1050/927/1035 1049/925/1034 1062/918/1047
f 1065/921/1050 1051/928/1036 1050/927/1035 1064/920/1049
f 1066/922/1051 1052/929/1037 1051/928/1036 1065/921/1050
f 1067/923/1052 1053/930/1038 1052/929/1037 1066/922/1051
f 1068/924/1053 1054/931/1039 1053/930/1038 1067/923/1052
f 1069/932/1054 1070/933/1055 855/934/1056 852/659/847
f 1070/933/1055 1069/932/1054 875/672/860 884/681/869
f 1071/935/1057 1069/932/1054 852/659/847 862/658/846
f 1069/932/1054 1071/935/1057 876/673/861 875/672/860
f 1072/936/1058 878/675/863 876/673/861 1071/935/1057
f 890/687/875 867/664/852 868/665/853 883/680/868
f 900/702/885 895/697/880 890/696/875 883/703/868
f 915/722/900 902/711/889 903/710/888 942/756/927
f 929/743/914 922/729/907 915/732/900 942/758/927
f 958/779/943 955/776/940 956/777/941 964/785/949
f 979/807/964 972/795/957 958/794/943 964/813/949
f 1013/848/998 986/823/973 987/822/972 1021/856/1006
f 1035/877/1020 1013/884/998 1021/864/1006 1028/863/1013
f 1048/897/1033 1000/837/987 1001/836/986 1042/891/1027
f 1063/919/1048 1048/926/1033 1042/906/1027 1056/905/1041
f 1073/937/1059 1074/938/1060 1026/861/1011 998/833/983
f 1074/938/1060 1073/937/1059 1011/846/996 1054/903/1039
f 1075/939/1061 1076/940/1062 970/791/955 945/766/930
f 1076/940/1062 1075/939/1061 997/832/982 1019/854/1004
f 1077/941/1063 1078/942/1064 936/750/921 914/721/899
f 1078/942/1064 1077/941/1063 946/765/929 963/784/948
f 1078/943/1064 1079/944/1065 935/749/920 936/763/921
f 1079/944/1065 1078/943/1064 963/805/948 977/804/962
f 1076/945/1062 1080/946/1066 984/812/969 970/819/955
f 1080/946/1066 1076/945/1062 1019/889/1004 1040/882/1025
f 1074/947/1060 1081/948/1067 1033/874/1018 1026/875/1011
f 1074/947/1060 1054/931/1039 1068/924/1053 1081/948/1067
f 1082/949/1068 1083/950/1069 913/720/898 921/728/906
f 1084/951/1070 878/675/863 1072/936/1058 1085/952/1071
f 1083/950/1069 1077/941/1063 914/721/899 913/720/898
f 1077/941/1063 1075/939/1061 945/766/930 946/765/929
f 1075/939/1061 1073/937/1059 998/833/983 997/832/982
f 1073/937/1059 1086/953/1072 1012/847/997 1011/846/996
f 1087/954/1073 861/656/844 860/654/842 1088/955/1074
f 1088/955/1074 860/654/842 859/651/839 1089/956/1075
f 1089/956/1075 859/651/839 858/650/838 1090/957/1076
f 1085/952/1071 862/658/846 861/656/844 1087/954/1073
f 1072/936/1058 1071/935/1057 862/658/846 1085/952/1071
f 1092/958/1077 1047/896/1032 1012/847/997 1086/953/1072
f 1091/959/1078 1093/960/1079 1090/957/1076 858/650/838
f 1080/946/1066 1040/882/1025 1033/874/1018 1081/948/1067
f 1080/946/1066 1079/944/1065 977/804/962 984/812/969
f 928/741/913 1094/961/1080 1082/962/1068 921/742/906
f 1095/963/1081 877/964/862 878/965/863 1084/966/1070
f 1094/961/1080 928/741/913 935/749/920 1079/944/1065
f 1096/967/1082 1097/968/1083 884/969/869 885/970/870
f 891/688/876 1096/967/1082 885/970/870 886/689/871
f 1098/971/1084 856/972/1085 855/973/1056 1070/974/1055
f 1097/968/1083 1098/971/1084 1070/974/1055 884/969/869
f 1095/963/1081 896/698/881 879/707/864 877/964/862
f 1100/975/1086 1099/976/1087 856/972/1085 1098/971/1084
f 1101/977/1088 1083/950/1069 1082/949/1068 1102/978/1089
f 1085/952/1071 1101/977/1088 1102/978/1089 1084/951/1070
f 1103/979/1090 1087/954/1073 1088/955/1074 1104/980/1091
f 1077/941/1063 1103/979/1090 1104/980/1091 1075/939/1061
f 1104/980/1091 1088/955/1074 1089/956/1075 1105/981/1092
f 1075/939/1061 1104/980/1091 1105/981/1092 1073/937/1059
f 1105/981/1092 1089/956/1075 1090/957/1076 1106/982/1093
f 1073/937/1059 1105/981/1092 1106/982/1093 1086/953/1072
f 1101/977/1088 1085/952/1071 1087/954/1073 1103/979/1090
f 1083/950/1069 1101/977/1088 1103/979/1090 1077/941/1063
f 1107/983/1094 1092/958/1077 1086/953/1072 1106/982/1093
f 1093/960/1079 1107/983/1094 1106/982/1093 1090/957/1076
f 1108/984/1095 1095/963/1081 1084/966/1070 1102/985/1089
f 1094/961/1080 1108/984/1095 1102/985/1089 1082/962/1068
f 1109/986/1096 1079/944/1065 1080/946/1066 1110/987/1097
f 1111/988/1098 1109/986/1096 1110/987/1097 1112/989/1099
f 1108/984/1095 1094/961/1080 1079/944/1065 1109/986/1096
f 1095/963/1081 1108/984/1095 1109/986/1096 1111/988/1098
f 1110/987/1097 1080/946/1066 1081/948/1067 1113/990/1100
f 1112/989/1099 1110/987/1097 1113/990/1100 1114/991/1101
f 1096/967/1082 891/688/876 896/698/881 1095/963/1081
f 1115/992/1102 1061/916/1046 1047/917/1032 1092/993/1077
f 1116/994/1103 1115/992/1102 1092/993/1077 1107/995/1094
f 1117/996/1104 1116/994/1103 1107/995/1094 1093/997/1079
f 1118/998/1105 1117/996/1104 1093/997/1079 1091/999/1078
f 1115/992/1102 1081/948/1067 1068/924/1053 1061/916/1046
f 1116/994/1103 1113/990/1100 1081/948/1067 1115/992/1102
f 1116/994/1103 1117/996/1104 1114/991/1101 1113/990/1100
f 1119/1000/1106 1120/1001/1107 1097/968/1083 1096/967/1082
f 1120/1001/1107 1100/975/1086 1098/971/1084 1097/968/1083
f 1119/1000/1106 1096/967/1082 1095/963/1081 1111/988/1098
f 1121/1002/1108 1122/1003/1109 1112/989/1099 1114/991/1101
f 1122/1003/1109 1119/1000/1106 1111/988/1098 1112/989/1099
f 1118/998/1105 1121/1002/1108 1114/991/1101 1117/996/1104
f 1122/1003/1109 1121/1002/1108 1120/1001/1107 1119/1000/1106
f 1118/998/1105 1100/975/1086 1120/1001/1107 1121/1002/1108
f 1099/1004/1087 1091/959/1078 858/650/838 857/653/841
f 1099/976/1087 1100/975/1086 1118/998/1105 1091/999/1078
f 1131/1005/1110 1124/1006/1111 1123/1007/1112 1132/1008/1113
f 1133/1009/1114 1131/1005/1110 1132/1008/1113 1134/1010/1115
f 1135/1011/1116 1132/1008/1113 1123/1007/1112 1128/1012/1117
f 1136/1013/1118 1134/1010/1115 1132/1008/1113 1135/1011/1116
f 1137/1014/1119 1127/1015/1120 1126/1016/1121 1138/1017/1122
f 1139/1018/1123 1129/1019/1124 1127/1020/1120 1137/1021/1119
f 1140/1022/1125 1137/1014/1119 1138/1017/1122 1141/1023/1126
f 1142/1024/1127 1139/1018/1123 1137/1021/1119 1140/1025/1125
f 1143/1026/1128 1138/1017/1122 1126/1016/1121 1125/1027/1129
f 1144/1028/1130 1141/1023/1126 1138/1017/1122 1143/1026/1128
f 1145/1029/1131 1143/1026/1128 1125/1027/1129 1124/1006/1111
f 1146/1030/1132 1144/1028/1130 1143/1026/1128 1145/1029/1131
f 1145/1029/1131 1124/1006/1111 1131/1005/1110 1147/1031/1133
f 1146/1030/1132 1145/1029/1131 1147/1031/1133 1148/1032/1134
f 1147/1031/1133 1131/1005/1110 1133/1009/1114 1149/1033/1135
f 1148/1032/1134 1147/1031/1133 1149/1033/1135 1150/1034/1136
f 1151/1035/1137 1130/1036/1138 1129/1019/1124 1139/1018/1123
f 1135/1011/1116 1128/1012/1117 1130/1036/1138 1151/1035/1137
f 1152/1037/1139 1151/1035/1137 1139/1018/1123 1142/1024/1127
f 1153/1038/1140 1135/1011/1116 1151/1035/1137 1152/1037/1139
f 1154/1039/1141 1136/1013/1118 1135/1011/1116 1153/1038/1140
f 1155/1040/1142 1156/1041/1143 1157/1042/1144 1158/1043/1145
f 1158/1043/1145 1157/1042/1144 1159/1044/1146 1160/1045/1147
f 1161/1046/1148 1162/1047/1149 1156/1041/1143 1155/1040/1142
f 1163/1048/1150 1152/1049/1139 1142/1050/1127 1140/1051/1125
f 1164/1052/1151 1153/1053/1140 1152/1049/1139 1163/1048/1150
f 1165/1054/1152 1154/1055/1141 1153/1053/1140 1164/1052/1151
f 1166/1056/1152 1165/1054/1152 1164/1052/1151 1167/1057/1153
f 1166/1056/1152 1167/1057/1153 1148/1058/1134 1150/1059/1136
f 1168/1060/1154 1169/1061/1155 1133/1009/1114 1134/1010/1115
f 1157/1042/1144 1156/1041/1143 1169/1061/1155 1168/1060/1154
f 1170/1062/1156 1168/1060/1154 1134/1010/1115 1136/1013/1118
f 1159/1044/1146 1157/1042/1144 1168/1060/1154 1170/1062/1156
f 1171/1063/1157 1169/1061/1155 1156/1041/1143 1162/1047/1149
f 1149/1033/1135 1133/1009/1114 1169/1061/1155 1171/1063/1157
f 1172/1064/1158 1171/1063/1157 1162/1047/1149 1161/1046/1148
f 1150/1034/1136 1149/1033/1135 1171/1063/1157 1172/1064/1158
f 1173/1065/1159 1170/1062/1156 1136/1013/1118 1154/1039/1141
f 1160/1045/1147 1159/1044/1146 1170/1062/1156 1173/1065/1159
f 1174/1066/1152 1173/1067/1159 1154/1055/1141 1165/1054/1152
f 1158/1068/1145 1160/1069/1147 1173/1067/1159 1174/1066/1152
f 1175/1070/1152 1174/1066/1152 1165/1054/1152 1166/1056/1152
f 1155/1071/1142 1158/1068/1145 1174/1066/1152 1175/1070/1152
f 1172/1072/1158 1175/1070/1152 1166/1056/1152 1150/1059/1136
f 1161/1073/1148 1155/1071/1142 1175/1070/1152 1172/1072/1158
f 1167/1057/1153 1164/1052/1151 1163/1048/1150 1176/1074/1160
f 1146/1075/1132 1148/1058/1134 1167/1057/1153 1176/1074/1160
f 1140/1051/1125 1141/1076/1126 1176/1074/1160 1163/1048/1150
f 1176/1074/1160 1141/1076/1126 1144/1077/1130 1146/1075/1132
f 1185/1005/1161 1186/1008/1162 1177/1007/1163 1178/1006/1164
f 1187/1009/1165 1188/1010/1166 1186/1008/1162 1185/1005/1161
f 1189/1011/1167 1182/1012/1168 1177/1007/1163 1186/1008/1162
f 1190/1013/1169 1189/1011/1167 1186/1008/1162 1188/1010/1166
f 1191/1014/1170 1192/1017/1171 1180/1016/1172 1181/1015/1173
f 1193/1018/1174 1191/1021/1170 1181/1020/1173 1183/1019/1175
f 1194/1022/1176 1195/1023/1177 1192/1017/1171 1191/1014/1170
f 1196/1024/1178 1194/1025/1176 1191/1021/1170 1193/1018/1174
f 1197/1026/1179 1179/1027/1180 1180/1016/1172 1192/1017/1171
f 1198/1028/1181 1197/1026/1179 1192/1017/1171 1195/1023/1177
f 1199/1029/1182 1178/1006/1164 1179/1027/1180 1197/1026/1179
f 1200/1030/1183 1199/1029/1182 1197/1026/1179 1198/1028/1181
f 1199/1029/1182 1201/1031/1184 1185/1005/1161 1178/1006/1164
f 1200/1030/1183 1202/1032/1185 1201/1031/1184 1199/1029/1182
f 1201/1031/1184 1203/1033/1186 1187/1009/1165 1185/1005/1161
f 1202/1032/1185 1204/1034/1187 1203/1033/1186 1201/1031/1184
f 1205/1035/1188 1193/1018/1174 1183/1019/1175 1184/1036/1189
f 1189/1011/1167 1205/1035/1188 1184/1036/1189 1182/1012/1168
f 1206/1037/1190 1196/1024/1178 1193/1018/1174 1205/1035/1188
f 1207/1038/1191 1206/1037/1190 1205/1035/1188 1189/1011/1167
f 1208/1039/1192 1207/1038/1191 1189/1011/1167 1190/1013/1169
f 1209/1040/1193 1212/1043/1194 1211/1042/1195 1210/1041/1196
f 1212/1043/1194 1214/1045/1197 1213/1044/1198 1211/1042/1195
f 1215/1046/1199 1209/1040/1193 1210/1041/1196 1216/1047/1200
f 1217/1048/1201 1194/1051/1176 1196/1050/1178 1206/1049/1190
f 1218/1052/1202 1217/1048/1201 1206/1049/1190 1207/1053/1191
f 1219/1054/1152 1218/1052/1202 1207/1053/1191 1208/1055/1192
f 1220/1056/1152 1221/1057/1203 1218/1052/1202 1219/1054/1152
f 1220/1056/1152 1204/1059/1187 1202/1058/1185 1221/1057/1203
f 1222/1060/1204 1188/1010/1166 1187/1009/1165 1223/1061/1205
f 1211/1042/1195 1222/1060/1204 1223/1061/1205 1210/1041/1196
f 1224/1062/1206 1190/1013/1169 1188/1010/1166 1222/1060/1204
f 1213/1044/1198 1224/1062/1206 1222/1060/1204 1211/1042/1195
f 1225/1063/1207 1216/1047/1200 1210/1041/1196 1223/1061/1205
f 1203/1033/1186 1225/1063/1207 1223/1061/1205 1187/1009/1165
f 1226/1064/1208 1215/1046/1199 1216/1047/1200 1225/1063/1207
f 1204/1034/1187 1226/1064/1208 1225/1063/1207 1203/1033/1186
f 1227/1065/1209 1208/1039/1192 1190/1013/1169 1224/1062/1206
f 1214/1045/1197 1227/1065/1209 1224/1062/1206 1213/1044/1198
f 1228/1066/1152 1219/1054/1152 1208/1055/1192 1227/1067/1209
f 1212/1068/1194 1228/1066/1152 1227/1067/1209 1214/1069/1197
f 1229/1070/1152 1220/1056/1152 1219/1054/1152 1228/1066/1152
f 1209/1071/1193 1229/1070/1152 1228/1066/1152 1212/1068/1194
f 1226/1072/1208 1204/1059/1187 1220/1056/1152 1229/1070/1152
f 1215/1073/1199 1226/1072/1208 1229/1070/1152 1209/1071/1193
f 1221/1057/1203 1230/1074/1210 1217/1048/1201 1218/1052/1202
f 1200/1075/1183 1230/1074/1210 1221/1057/1203 1202/1058/1185
f 1194/1051/1176 1217/1048/1201 1230/1074/1210 1195/1076/1177
f 1230/1074/1210 1200/1075/1183 1198/1077/1181 1195/1076/1177
f 1236/1078/1211 1237/1079/1212 1238/1080/1213 1239/1081/1214
f 1240/1082/1215 1236/1078/1211 1239/1081/1214 1241/1083/1216
f 1242/1084/1217 1244/1085/1218 1234/1086/1219 1243/1087/1220
f 1245/1088/1221 1235/1089/1222 1234/1086/1219 1244/1085/1218
f 1246/1090/1223 1239/1081/1214 1238/1080/1213 1247/1091/1224
f 1248/1092/1225 1241/1083/1216 1239/1081/1214 1246/1090/1223
f 1249/1093/1226 1242/1084/1217 1241/1083/1216 1248/1092/1225
f 1247/1091/1224 1238/1080/1213 1245/1088/1221 1250/1094/1227
f 1250/1094/1227 1245/1088/1221 1244/1085/1218 1251/1095/1228
f 1251/1095/1228 1244/1085/1218 1242/1084/1217 1249/1093/1226
f 1250/1094/1227 1248/1092/1225 1246/1090/1223 1247/1091/1224
f 1249/1093/1226 1248/1092/1225 1250/1094/1227 1251/1095/1228
f 1238/1080/1213 1237/1079/1212 1235/1089/1222 1245/1088/1221
f 1236/1078/1211 1240/1082/1215 1257/1096/1229 1253/1097/1230
f 1232/1098/1231 1233/1099/1232 1240/1082/1215 1243/1087/1220
f 1236/1078/1211 1253/1097/1230 1252/1100/1233 1237/1079/1212
f 1254/1101/1234 1255/1102/1235 1237/1079/1212 1252/1100/1233
f 1241/1083/1216 1242/1084/1217 1243/1087/1220 1240/1082/1215
f 1255/1102/1235 1231/1103/1236 1235/1089/1222 1237/1079/1212
f 1256/1104/1237 1234/1086/1219 1235/1089/1222 1231/1103/1236
f 1240/1082/1215 1233/1099/1232 1258/1105/1238 1257/1096/1229
f 1704/1106/1239 1243/1087/1220 1234/1086/1219 1703/1107/1240
f 1259/1108/1241 1260/1109/1242 1261/1110/1243 1262/1111/1244
f 1263/1112/1245 1264/1113/1246 1260/1109/1242 1259/1108/1241
f 1265/1114/1247 1266/1115/1248 1264/1113/1246 1263/1112/1245
f 1267/1116/1249 1268/1117/1250 1269/1118/1251 1270/1119/1252
f 1271/1120/1253 1262/1111/1244 1261/1110/1243 1272/1121/1254
f 1268/1117/1250 1271/1120/1253 1272/1121/1254 1269/1118/1251
f 1273/1122/1255 1267/1116/1249 1270/1119/1252 1274/1123/1256
f 1265/1114/1247 1273/1122/1255 1274/1123/1256 1266/1115/1248
f 1283/1124/1257 1284/1125/1258 1285/1126/1259 1286/1127/1260
f 1444/1128/1261 1390/1129/1262 1448/1130/1263 1459/1131/1264
f 1539/1132/1265 1286/1127/1260 1285/1126/1259 1540/1133/1266
f 1541/1134/1267 1290/1135/1268 1441/1136/1269 1542/1137/1270
f 1289/1138/1271 1445/1139/1272 1441/1136/1269 1290/1135/1268
f 1289/1138/1271 1290/1135/1268 1285/1126/1259 1284/1125/1258
f 1284/1125/1258 1281/1140/1273 1445/1139/1272 1289/1138/1271
f 1283/1124/1257 1276/1141/1274 1281/1140/1273 1284/1125/1258
f 1541/1134/1267 1540/1133/1266 1285/1126/1259 1290/1135/1268
f 1286/1127/1260 1275/1142/1275 1276/1141/1274 1283/1124/1257
f 1534/1143/1276 1275/1142/1275 1286/1127/1260 1539/1132/1265
f 1296/1144/1277 1297/1145/1278 1298/1146/1279 1299/1147/1280
f 1296/1144/1277 1300/1148/1281 1301/1149/1282 1297/1145/1278
f 1302/1150/1283 1293/1151/1284 1292/1152/1285 1303/1153/1286
f 1298/1146/1279 1302/1150/1283 1303/1153/1286 1299/1147/1280
f 1304/1154/1287 1301/1149/1282 1300/1148/1281 1305/1155/1288
f 1295/1156/1289 1304/1154/1287 1305/1155/1288 1294/1157/1290
f 1306/1158/1291 1307/1159/1292 1303/1153/1286 1292/1152/1285
f 1299/1147/1280 1303/1153/1286 1307/1159/1292 1532/1160/1293
f 1296/1144/1277 1531/1161/1294 1530/1162/1295 1300/1148/1281
f 1309/1163/1296 1308/1164/1297 1294/1157/1290 1305/1155/1288
f 1312/1165/1298 1297/1145/1278 1301/1149/1282 1313/1166/1299
f 1313/1166/1299 1301/1149/1282 1304/1154/1287 1315/1167/1300
f 1315/1167/1300 1304/1154/1287 1295/1156/1289 1314/1168/1301
f 1316/1169/1302 1268/1117/1250 1267/1116/1249 1317/1170/1303
f 1318/1171/1304 1263/1112/1245 1259/1108/1241 1319/1172/1305
f 1310/1173/1306 1318/1171/1304 1319/1172/1305 1311/1174/1307
f 1319/1172/1305 1259/1108/1241 1262/1111/1244 1320/1175/1308
f 1311/1174/1307 1319/1172/1305 1320/1175/1308 1321/1176/1309
f 1320/1175/1308 1262/1111/1244 1271/1120/1253 1322/1177/1310
f 1321/1176/1309 1320/1175/1308 1322/1177/1310 1323/1178/1311
f 1322/1177/1310 1271/1120/1253 1268/1117/1250 1316/1169/1302
f 1323/1178/1311 1322/1177/1310 1316/1169/1302 1324/1179/1312
f 1325/1180/1313 1273/1122/1255 1265/1114/1247 1326/1181/1314
f 1326/1181/1314 1265/1114/1247 1263/1112/1245 1318/1171/1304
f 1317/1170/1303 1267/1116/1249 1273/1122/1255 1325/1180/1313
f 1331/1182/1315 1329/1183/1316 1330/1184/1317 1332/1185/1318
f 1333/1186/1319 1331/1182/1315 1332/1185/1318 1334/1187/1320
f 1335/1188/1321 1333/1186/1319 1334/1187/1320 1336/1189/1322
f 1334/1187/1320 1332/1185/1318 1330/1184/1317 1339/1190/1323
f 1338/1191/1324 1336/1189/1322 1334/1187/1320 1339/1190/1323
f 1340/1192/1325 1341/1193/1326 1328/1194/1327 1327/1195/1328
f 1331/1182/1315 1340/1192/1325 1327/1195/1328 1329/1183/1316
f 1333/1186/1319 1342/1196/1329 1340/1192/1325 1331/1182/1315
f 1343/1197/1330 1344/1198/1331 1345/1199/1332 1346/1200/1333
f 1347/1201/1334 1348/1202/1335 1344/1198/1331 1343/1197/1330
f 1345/1199/1332 1349/1203/1336 1350/1204/1337 1346/1200/1333
f 1351/1205/1338 1343/1197/1330 1346/1200/1333 1350/1204/1337
f 1352/1206/1339 1347/1201/1334 1343/1197/1330 1351/1205/1338
f 1312/1165/1298 1353/1207/1340 1298/1146/1279 1297/1145/1278
f 1353/1207/1340 1354/1208/1341 1355/1209/1342 1298/1146/1279
f 1367/1210/1343 1280/1211/1344 1533/1212/1345 1279/1213/1346
f 1357/1214/1347 1353/1207/1340 1312/1165/1298 1358/1215/1348
f 1359/1216/1349 1354/1208/1341 1353/1207/1340 1357/1214/1347
f 1364/1217/1350 1363/1218/1351 1280/1211/1344 1367/1210/1343
f 1358/1215/1348 1356/1219/1352 1363/1218/1351 1364/1217/1350
f 1312/1165/1298 1349/1203/1336 1356/1219/1352 1358/1215/1348
f 1364/1217/1350 1365/1220/1353 1357/1214/1347 1358/1215/1348
f 1349/1203/1336 1312/1165/1298 1313/1166/1299 1350/1204/1337
f 1365/1220/1353 1360/1221/1354 1359/1216/1349 1357/1214/1347
f 1366/1222/1355 1365/1220/1353 1364/1217/1350 1367/1210/1343
f 1361/1223/1356 1360/1221/1354 1365/1220/1353 1366/1222/1355
f 1368/1224/1357 1341/1193/1326 1340/1192/1325 1342/1196/1329
f 1355/1209/1342 1369/1225/1358 1302/1150/1283 1298/1146/1279
f 1369/1225/1358 1337/1226/1359 1293/1151/1284 1302/1150/1283
f 1533/1212/1345 1280/1211/1344 1397/1227/1360 1418/1228/1361
f 1372/1229/1362 1366/1222/1355 1367/1210/1343 1279/1213/1346
f 1362/1230/1363 1361/1223/1356 1366/1222/1355 1372/1229/1362
f 1368/1224/1357 1342/1196/1329 1333/1186/1319 1335/1188/1321
f 1374/1231/1364 1373/1232/1365 1328/1194/1327 1341/1193/1326
f 1375/1233/1366 1374/1231/1364 1341/1193/1326 1368/1224/1357
f 1337/1226/1359 1369/1225/1358 1336/1189/1322 1338/1191/1324
f 1354/1208/1341 1368/1224/1357 1335/1188/1321 1355/1209/1342
f 1355/1209/1342 1335/1188/1321 1336/1189/1322 1369/1225/1358
f 1368/1224/1357 1354/1208/1341 1359/1216/1349 1375/1233/1366
f 1372/1229/1362 1279/1213/1346 1278/1234/1367 1376/1235/1368
f 1372/1229/1362 1376/1235/1368 1370/1236/1369 1362/1230/1363
f 1377/1237/1370 1311/1174/1307 1321/1176/1309 1378/1238/1371
f 1378/1238/1371 1321/1176/1309 1323/1178/1311 1379/1239/1372
f 1379/1239/1372 1323/1178/1311 1324/1179/1312 1371/1240/1373
f 1382/1241/1374 1383/1242/1375 1381/1243/1376 1380/1244/1377
f 1384/1245/1378 1385/1246/1379 1383/1242/1375 1382/1241/1374
f 1386/1247/1380 1387/1248/1381 1385/1246/1379 1384/1245/1378
f 1391/1249/1382 1345/1199/1332 1344/1198/1331 1392/1250/1383
f 1392/1250/1383 1344/1198/1331 1348/1202/1335 1393/1251/1384
f 1392/1250/1383 1393/1251/1384 1381/1243/1376 1383/1242/1375
f 1391/1249/1382 1392/1250/1383 1383/1242/1375 1385/1246/1379
f 1356/1219/1352 1349/1203/1336 1345/1199/1332 1391/1249/1382
f 1394/1252/1385 1363/1218/1351 1356/1219/1352 1391/1249/1382
f 1394/1252/1385 1391/1249/1382 1385/1246/1379 1387/1248/1381
f 1427/1253/1386 1396/1254/1387 1440/1255/1388 1430/1256/1389
f 1280/1211/1344 1363/1218/1351 1394/1252/1385 1397/1227/1360
f 1397/1227/1360 1394/1252/1385 1387/1248/1381 1396/1254/1387
f 1403/1257/1390 1399/1258/1391 1398/1259/1392 1402/1260/1393
f 1404/1261/1394 1400/1262/1395 1399/1258/1391 1403/1257/1390
f 1405/1263/1396 1401/1264/1397 1400/1262/1395 1404/1261/1394
f 1407/1265/1398 1403/1257/1390 1402/1260/1393 1406/1266/1399
f 1408/1267/1400 1404/1261/1394 1403/1257/1390 1407/1265/1398
f 1409/1268/1401 1405/1263/1396 1404/1261/1394 1408/1267/1400
f 1410/1269/1402 1405/1263/1396 1409/1268/1401 1411/1270/1403
f 1412/1271/1404 1401/1264/1397 1405/1263/1396 1410/1269/1402
f 1413/1272/1405 1281/1140/1273 1276/1141/1274 1414/1273/1406
f 1445/1139/1272 1281/1140/1273 1413/1272/1405 1415/1274/1407
f 1414/1273/1406 1276/1141/1274 1275/1142/1275 1416/1275/1408
f 1543/1276/1409 1534/1143/1276 1277/1277/1410 1417/1278/1411
f 1282/1279/1412 1395/1280/1413 1533/1281/1345 1418/1282/1361
f 1417/1278/1411 1277/1277/1410 1282/1279/1412 1418/1282/1361
f 1421/1283/1414 1419/1284/1415 1415/1285/1407 1413/1286/1405
f 1407/1265/1398 1406/1266/1399 1420/1287/1416 1422/1288/1417
f 1546/1289/1418 1549/1290/1419 1419/1284/1415 1421/1283/1414
f 1423/1291/1420 1421/1283/1414 1413/1286/1405 1414/1292/1406
f 1408/1267/1400 1407/1265/1398 1422/1288/1417 1424/1293/1421
f 1410/1269/1402 1544/1294/1422 1545/1295/1423 1412/1271/1404
f 1548/1296/1424 1546/1289/1418 1421/1283/1414 1423/1291/1420
f 1538/1297/1425 1543/1298/1409 1417/1299/1411 1426/1300/1426
f 1427/1253/1386 1418/1228/1361 1397/1227/1360 1396/1254/1387
f 1426/1300/1426 1417/1299/1411 1418/1301/1361 1427/1302/1386
f 1423/1291/1420 1414/1292/1406 1416/1303/1408 1425/1304/1427
f 1537/1305/1428 1538/1297/1425 1426/1300/1426 1429/1306/1429
f 1429/1306/1429 1426/1300/1426 1427/1302/1386 1430/1307/1389
f 1431/1308/1430 1423/1291/1420 1425/1304/1427 1428/1309/1431
f 1547/1310/1432 1548/1296/1424 1423/1291/1420 1431/1308/1430
f 1536/1311/1433 1537/1305/1428 1429/1306/1429 1433/1312/1434
f 1433/1312/1434 1429/1306/1429 1430/1307/1389 1434/1313/1435
f 1435/1314/1436 1431/1308/1430 1428/1309/1431 1432/1315/1437
f 1544/1294/1422 1547/1310/1432 1431/1308/1430 1435/1314/1436
f 1535/1316/1438 1536/1311/1433 1433/1312/1434 1437/1317/1439
f 1437/1317/1439 1433/1312/1434 1434/1313/1435 1438/1318/1440
f 1439/1319/1441 1435/1314/1436 1432/1315/1437 1436/1320/1442
f 1545/1295/1423 1544/1294/1422 1435/1314/1436 1439/1319/1441
f 1544/1294/1422 1410/1269/1402 1411/1270/1403 1547/1310/1432
f 1424/1293/1421 1411/1270/1403 1409/1268/1401 1408/1267/1400
f 1411/1270/1403 1424/1293/1421 1548/1296/1424 1547/1310/1432
f 1422/1288/1417 1546/1289/1418 1548/1296/1424 1424/1293/1421
f 1387/1248/1381 1386/1247/1380 1440/1255/1388 1396/1254/1387
f 1442/1321/1443 1434/1322/1435 1430/1256/1389 1440/1255/1388
f 1443/1323/1444 1438/1324/1440 1434/1322/1435 1442/1321/1443
f 1555/1325/1445 1446/1326/1446 1447/1327/1447 1554/1328/1448
f 1556/1329/1449 1444/1330/1261 1446/1326/1446 1555/1325/1445
f 1557/1331/1450 1556/1329/1449 1440/1255/1388 1386/1247/1380
f 1558/1332/1451 1389/1333/1452 1390/1334/1262 1557/1331/1450
f 1559/1335/1453 1388/1336/1454 1389/1333/1452 1558/1332/1451
f 1448/1337/1263 1390/1338/1262 1389/1339/1452 1449/1340/1455
f 1449/1340/1455 1389/1339/1452 1565/1341/1456 1450/1342/1457
f 1449/1340/1455 1450/1342/1457 1551/1343/1458 1475/1344/1459
f 1453/1345/1460 1455/1346/1461 1456/1347/1462 1454/1348/1463
f 1457/1349/1464 1458/1350/1465 1455/1346/1461 1453/1345/1460
f 1481/1351/1466 1488/1352/1467 1551/1343/1458 1550/1353/1468
f 1231/1103/1236 1255/1102/1235 1550/1353/1468 1522/1354/1469
f 1470/1355/1470 1253/1097/1230 1257/1096/1229 1469/1356/1471
f 1460/1357/1472 1446/1358/1446 1444/1128/1261 1459/1131/1264
f 1461/1359/1473 1447/1360/1447 1446/1358/1446 1460/1357/1472
f 1470/1361/1470 1462/1362/1474 1465/1363/1475 1471/1364/1476
f 1456/1347/1462 1455/1346/1461 1463/1365/1477 1462/1362/1474
f 1463/1365/1477 1466/1366/1478 1467/1367/1479 1464/1368/1480
f 1455/1346/1461 1458/1350/1465 1466/1366/1478 1463/1365/1477
f 1454/1348/1463 1456/1347/1462 1469/1369/1471 1468/1370/1481
f 1456/1347/1462 1462/1362/1474 1470/1361/1470 1469/1369/1471
f 1253/1097/1230 1470/1355/1470 1471/1371/1476 1252/1100/1233
f 1473/1372/1482 1472/1373/1483 1471/1364/1476 1465/1363/1475
f 1474/1374/1484 1448/1337/1263 1449/1340/1455 1475/1344/1459
f 1505/1375/1485 1497/1376/1486 1498/1377/1487 1512/1378/1488
f 1464/1368/1480 1467/1367/1479 1478/1379/1489 1477/1380/1490
f 1498/1377/1487 1520/1381/1491 1517/1382/1492 1512/1378/1488
f 1460/1357/1472 1477/1380/1490 1478/1379/1489 1461/1359/1473
f 1568/1383/1493 1569/1384/1494 1503/1385/1495 1497/1376/1486
f 1574/1386/1496 1486/1387/1497 1488/1388/1467 1571/1389/1498
f 1472/1390/1483 1254/1101/1234 1252/1100/1233 1471/1371/1476
f 1572/1391/1499 1485/1392/1500 1486/1387/1497 1574/1386/1496
f 1483/1393/1501 1482/1394/1502 1472/1373/1483 1473/1372/1482
f 1520/1381/1491 1498/1377/1487 1510/1395/1503 1516/1396/1504
f 1498/1377/1487 1497/1376/1486 1503/1385/1495 1510/1395/1503
f 1484/1397/1505 1483/1393/1501 1473/1372/1482 1479/1398/1506
f 1485/1399/1500 1474/1374/1484 1475/1344/1459 1486/1400/1497
f 1459/1131/1264 1476/1401/1507 1477/1380/1490 1460/1357/1472
f 1476/1401/1507 1459/1131/1264 1480/1402/1508 1479/1398/1506
f 1459/1131/1264 1448/1130/1263 1474/1403/1484 1480/1402/1508
f 1569/1404/1494 1482/1405/1502 1483/1406/1501 1567/1407/1509
f 1567/1407/1509 1483/1406/1501 1484/1408/1505 1570/1409/1510
f 1482/1410/1502 1481/1351/1466 1254/1101/1234 1472/1390/1483
f 1264/1113/1246 1266/1115/1248 1489/1411/1511 1490/1412/1512
f 1260/1109/1242 1264/1113/1246 1490/1412/1512 1491/1413/1513
f 1261/1110/1243 1260/1109/1242 1491/1413/1513 1492/1414/1514
f 1270/1119/1252 1269/1118/1251 1493/1415/1515 1494/1416/1516
f 1272/1121/1254 1261/1110/1243 1492/1414/1514 1495/1417/1517
f 1269/1118/1251 1272/1121/1254 1495/1417/1517 1493/1415/1515
f 1274/1123/1256 1270/1119/1252 1494/1416/1516 1496/1418/1518
f 1266/1115/1248 1274/1123/1256 1496/1418/1518 1489/1411/1511
f 1479/1398/1506 1480/1402/1508 1487/1419/1519 1484/1397/1505
f 1570/1409/1510 1573/1420/1520 1504/1421/1521 1501/1422/1522
f 1500/1423/1523 1499/1424/1524 1506/1425/1525 1507/1426/1526
f 1462/1362/1474 1463/1365/1477 1464/1368/1480 1465/1363/1475
f 1473/1372/1482 1465/1363/1475 1476/1401/1507 1479/1398/1506
f 1476/1401/1507 1465/1363/1475 1464/1368/1480 1477/1380/1490
f 1502/1427/1527 1501/1422/1522 1508/1428/1528 1509/1429/1529
f 1501/1422/1522 1504/1421/1521 1511/1430/1530 1508/1428/1528
f 1499/1424/1524 1505/1375/1485 1512/1378/1488 1506/1425/1525
f 1503/1431/1495 1502/1427/1527 1509/1429/1529 1510/1432/1503
f 1511/1430/1530 1514/1433/1531 1519/1434/1532 1508/1428/1528
f 1515/1435/1533 1506/1425/1525 1512/1378/1488 1517/1382/1492
f 1513/1436/1534 1507/1426/1526 1506/1425/1525 1515/1435/1533
f 1516/1437/1504 1510/1432/1503 1509/1429/1529 1518/1438/1535
f 1480/1402/1508 1474/1403/1484 1485/1439/1500 1487/1419/1519
f 1572/1391/1499 1500/1423/1523 1504/1421/1521 1573/1420/1520
f 1507/1426/1526 1511/1430/1530 1504/1421/1521 1500/1423/1523
f 1514/1433/1531 1511/1430/1530 1507/1426/1526 1513/1436/1534
f 1581/1440/1536 1517/1382/1492 1520/1381/1491 1579/1441/1537
f 1576/1442/1538 1515/1435/1533 1517/1382/1492 1581/1440/1536
f 1518/1438/1535 1509/1429/1529 1508/1428/1528 1519/1434/1532
f 1577/1443/1539 1513/1436/1534 1515/1435/1533 1576/1442/1538
f 1571/1389/1498 1568/1383/1493 1497/1376/1486 1505/1375/1485
f 1579/1441/1537 1520/1381/1491 1516/1396/1504 1578/1444/1540
f 1530/1162/1295 1531/1161/1294 1524/1445/1541 1525/1446/1542
f 1307/1159/1292 1306/1158/1291 1529/1447/1543 1528/1448/1544
f 1309/1163/1296 1530/1162/1295 1525/1446/1542 1526/1449/1545
f 1308/1164/1297 1309/1163/1296 1526/1449/1545 1527/1450/1546
f 1532/1160/1293 1307/1159/1292 1528/1448/1544 1523/1451/1547
f 1531/1161/1294 1532/1160/1293 1523/1451/1547 1524/1445/1541
f 1305/1155/1288 1300/1148/1281 1530/1162/1295 1309/1163/1296
f 1531/1161/1294 1296/1144/1277 1299/1147/1280 1532/1160/1293
f 1314/1168/1301 1352/1206/1339 1351/1205/1338 1315/1167/1300
f 1350/1204/1337 1313/1166/1299 1315/1167/1300 1351/1205/1338
f 1420/1287/1416 1549/1290/1419 1546/1289/1418 1422/1288/1417
f 1370/1236/1369 1549/1290/1419 1420/1287/1416 1371/1240/1373
f 1552/1452/1548 1562/1453/1549 1564/1454/1550 1521/1455/1551
f 1550/1353/1468 1551/1343/1458 1450/1342/1457 1522/1354/1469
f 1441/1136/1269 1445/1139/1272 1415/1274/1407 1278/1456/1367
f 1278/1234/1367 1415/1285/1407 1419/1284/1415 1376/1235/1368
f 1534/1143/1276 1539/1132/1265 1287/1457/1552 1277/1277/1410
f 1277/1277/1410 1287/1457/1552 1288/1458/1553 1282/1279/1412
f 1287/1457/1552 1539/1132/1265 1540/1133/1266 1288/1458/1553
f 1291/1459/1554 1395/1280/1413 1282/1279/1412 1288/1458/1553
f 1291/1459/1554 1288/1458/1553 1540/1133/1266 1541/1134/1267
f 1541/1134/1267 1542/1137/1270 1395/1280/1413 1291/1459/1554
f 1416/1275/1408 1275/1142/1275 1534/1143/1276 1543/1276/1409
f 1425/1304/1427 1416/1303/1408 1543/1298/1409 1538/1297/1425
f 1428/1309/1431 1425/1304/1427 1538/1297/1425 1537/1305/1428
f 1432/1315/1437 1428/1309/1431 1537/1305/1428 1536/1311/1433
f 1436/1320/1442 1432/1315/1437 1536/1311/1433 1535/1316/1438
f 1441/1136/1269 1278/1456/1367 1279/1460/1346 1542/1137/1270
f 1395/1280/1413 1542/1137/1270 1279/1460/1346 1533/1281/1345
f 1324/1179/1312 1362/1230/1363 1370/1236/1369 1371/1240/1373
f 1316/1169/1302 1361/1223/1356 1362/1230/1363 1324/1179/1312
f 1361/1223/1356 1316/1169/1302 1317/1170/1303 1360/1221/1354
f 1360/1221/1354 1317/1170/1303 1325/1180/1313 1359/1216/1349
f 1359/1216/1349 1325/1180/1313 1326/1181/1314 1375/1233/1366
f 1318/1171/1304 1374/1231/1364 1375/1233/1366 1326/1181/1314
f 1549/1290/1419 1370/1236/1369 1376/1235/1368 1419/1284/1415
f 1310/1173/1306 1373/1232/1365 1374/1231/1364 1318/1171/1304
f 1406/1461/1399 1379/1239/1372 1371/1240/1373 1420/1287/1416
f 1402/1462/1393 1378/1238/1371 1379/1239/1372 1406/1461/1399
f 1398/1463/1392 1377/1237/1370 1378/1238/1371 1402/1462/1393
f 1486/1400/1497 1475/1344/1459 1551/1343/1458 1488/1352/1467
f 1565/1341/1456 1566/1464/1555 1522/1354/1469 1450/1342/1457
f 1560/1465/1556 1553/1466/1557 1388/1336/1454 1559/1335/1453
f 2053/1467/1558 2017/1468/1559 1521/1455/1551 1564/1454/1550
f 1442/1321/1443 1555/1325/1445 1554/1328/1448 1443/1323/1444
f 1440/1255/1388 1556/1329/1449 1555/1325/1445 1442/1321/1443
f 1390/1334/1262 1444/1330/1261 1556/1329/1449 1557/1331/1450
f 1384/1245/1378 1558/1332/1451 1557/1331/1450 1386/1247/1380
f 1382/1241/1374 1559/1335/1453 1558/1332/1451 1384/1245/1378
f 1380/1244/1377 1560/1465/1556 1559/1335/1453 1382/1241/1374
f 1233/1099/1232 1452/1469/1560 1468/1470/1481 1258/1105/1238
f 1258/1105/1238 1468/1470/1481 1469/1356/1471 1257/1096/1229
f 1314/1168/1301 1295/1156/1289 2026/1471/1561 2027/1472/1562
f 1554/1328/1448 1447/1327/1447 2033/1473/1563 2018/1474/1564
f 1922/1475/1565 2033/1476/1563 1447/1360/1447 1461/1359/1473
f 1857/1477/1566 2029/1478/1567 1377/1237/1370 1398/1463/1392
f 1711/1479/1568 1983/1480/1569 1553/1466/1557 1560/1465/1556
f 1714/1481/1570 1713/1482/1571 1438/1324/1440 1443/1323/1444
f 1715/1483/1572 1308/1164/1297 1527/1450/1546 1709/1484/1573
f 1327/1195/1328 1328/1194/1327 1712/1485/1574 1708/1486/1575
f 1327/1195/1328 1708/1486/1575 2028/1487/1576 1329/1183/1316
f 1401/1264/1397 2032/1488/1577 1716/1489/1578 1400/1262/1395
f 1704/1106/1239 1707/1490/1579 1232/1098/1231 1243/1087/1220
f 1443/1323/1444 1554/1328/1448 2018/1474/1564 1714/1481/1570
f 2031/1491/1580 1711/1479/1568 1560/1465/1556 1380/1244/1377
f 1233/1099/1232 1232/1098/1231 1451/1492/1581 1452/1469/1560
f 1254/1101/1234 1481/1351/1466 1550/1353/1468 1255/1102/1235
f 2036/1493/1582 1561/1494/1583 1552/1452/1548 2043/1495/1584
f 1562/1453/1549 1552/1452/1548 1566/1496/1555 1565/1497/1456
f 2034/1498/1585 1703/1107/1240 1234/1086/1219 1256/1104/1237
f 1451/1492/1581 1232/1098/1231 1707/1490/1579 2049/1499/1586
f 2056/1500/1587 1436/1320/1442 1535/1316/1438 2006/1501/1588
f 2027/1472/1562 2062/1502/1589 1352/1206/1339 1314/1168/1301
f 2029/1478/1567 2051/1503/1590 1311/1174/1307 1377/1237/1370
f 1393/1251/1384 2052/1504/1591 2063/1505/1592 1381/1243/1376
f 1329/1183/1316 2028/1487/1576 2065/1506/1593 1330/1184/1317
f 2062/1502/1589 2055/1507/1594 1347/1201/1334 1352/1206/1339
f 1380/1244/1377 1381/1243/1376 2063/1505/1592 2031/1491/1580
f 2058/1508/1595 1545/1295/1423 1439/1319/1441 1706/1509/1596
f 1705/1510/1597 2039/1511/1598 1338/1191/1324 1339/1190/1323
f 1399/1258/1391 2041/1512/1599 1857/1513/1566 1398/1259/1392
f 1706/1509/1596 1439/1319/1441 1436/1320/1442 2056/1500/1587
f 1467/1367/1479 2054/1514/1600 2042/1515/1601 1478/1379/1489
f 1461/1359/1473 1478/1379/1489 2042/1515/1601 1922/1475/1565
f 2017/1468/1559 2043/1495/1584 1552/1452/1548 1521/1455/1551
f 2051/1503/1590 1563/1516/1602 1310/1173/1306 1311/1174/1307
f 1337/1226/1359 2061/1517/1603 2035/1518/1604 1293/1151/1284
f 2048/1519/1605 1412/1271/1404 1545/1295/1423 2058/1508/1595
f 2045/1520/1606 1437/1317/1439 1438/1318/1440 1713/1521/1571
f 1388/1336/1454 1562/1453/1549 1565/1497/1456 1389/1333/1452
f 1562/1453/1549 1388/1336/1454 1553/1466/1557 1564/1454/1550
f 1306/1158/1291 2044/1522/1607 1710/1523/1608 1529/1447/1543
f 1292/1152/1285 1293/1151/1284 2035/1518/1604 2064/1524/1609
f 1294/1157/1290 2038/1525/1610 2026/1471/1561 1295/1156/1289
f 2044/1522/1607 1306/1158/1291 1292/1152/1285 2064/1524/1609
f 1308/1164/1297 1715/1483/1572 2038/1525/1610 1294/1157/1290
f 2061/1517/1603 1337/1226/1359 1338/1191/1324 2039/1511/1598
f 1705/1510/1597 1339/1190/1323 1330/1184/1317 2065/1506/1593
f 2055/1507/1594 2047/1526/1611 1348/1202/1335 1347/1201/1334
f 1712/1485/1574 1328/1194/1327 1373/1232/1365 2040/1527/1612
f 1393/1251/1384 1348/1202/1335 2047/1526/1611 2052/1504/1591
f 1400/1262/1395 1716/1489/1578 2041/1512/1599 1399/1258/1391
f 2048/1519/1605 2032/1488/1577 1401/1264/1397 1412/1271/1404
f 2006/1501/1588 1535/1316/1438 1437/1317/1439 2045/1520/1606
f 1488/1388/1467 1481/1528/1466 1568/1383/1493 1571/1389/1498
f 1717/1529/1613 2057/1530/1614 1458/1350/1465 1457/1349/1464
f 1466/1366/1478 2050/1531/1615 2054/1514/1600 1467/1367/1479
f 1458/1350/1465 2057/1530/1614 2050/1531/1615 1466/1366/1478
f 1983/1480/1569 2053/1467/1558 1564/1454/1550 1553/1466/1557
f 1563/1516/1602 2040/1527/1612 1373/1232/1365 1310/1173/1306
f 1256/1104/1237 1231/1103/1236 1522/1354/1469 1566/1464/1555
f 2034/1532/1585 1256/1533/1237 1561/1494/1583 2036/1493/1582
f 1485/1392/1500 1572/1391/1499 1573/1420/1520 1487/1534/1519
f 1256/1533/1237 1566/1496/1555 1552/1452/1548 1561/1494/1583
f 1484/1408/1505 1487/1534/1519 1573/1420/1520 1570/1409/1510
f 1502/1427/1527 1567/1407/1509 1570/1409/1510 1501/1422/1522
f 1503/1431/1495 1569/1404/1494 1567/1407/1509 1502/1427/1527
f 1500/1423/1523 1572/1391/1499 1574/1386/1496 1499/1424/1524
f 1499/1424/1524 1574/1386/1496 1571/1389/1498 1505/1375/1485
f 1481/1528/1466 1482/1535/1502 1569/1384/1494 1568/1383/1493
f 1519/1434/1532 1582/1536/1616 1575/1537/1617 1518/1438/1535
f 1518/1438/1535 1575/1537/1617 1578/1538/1540 1516/1437/1504
f 1665/1539/1618 1579/1441/1537 1578/1444/1540 1664/1540/1619
f 1514/1433/1531 1580/1541/1620 1582/1536/1616 1519/1434/1532
f 1513/1436/1534 1577/1443/1539 1580/1541/1620 1514/1433/1531
f 1663/1542/1621 1577/1443/1539 1576/1442/1538 1662/1543/1622
f 1662/1543/1622 1576/1442/1538 1581/1440/1536 1667/1544/1623
f 1667/1544/1623 1581/1440/1536 1579/1441/1537 1665/1539/1618
f 1468/1470/1481 1452/1469/1560 1584/1545/1624 1588/1546/1625
f 1454/1348/1463 1468/1370/1481 1588/1547/1625 1586/1548/1626
f 1457/1349/1464 1453/1345/1460 1585/1549/1627 1587/1550/1628
f 1451/1492/1581 2049/1499/1586 2089/1551/1629 1583/1552/1630
f 1453/1345/1460 1454/1348/1463 1586/1548/1626 1585/1549/1627
f 1452/1469/1560 1451/1492/1581 1583/1552/1630 1584/1545/1624
f 1717/1529/1613 1457/1349/1464 1587/1550/1628 2082/1553/1631
f 1588/1546/1625 1584/1545/1624 1590/1554/1632 1594/1555/1633
f 1586/1548/1626 1588/1547/1625 1594/1556/1633 1592/1557/1634
f 1587/1550/1628 1585/1549/1627 1591/1558/1635 1593/1559/1636
f 1583/1552/1630 2089/1551/1629 2097/1560/1637 1589/1561/1638
f 1585/1549/1627 1586/1548/1626 1592/1557/1634 1591/1558/1635
f 1584/1545/1624 1583/1552/1630 1589/1561/1638 1590/1554/1632
f 2082/1553/1631 1587/1550/1628 1593/1559/1636 2090/1562/1639
f 1594/1555/1633 1590/1554/1632 1596/1563/1640 1600/1564/1641
f 1592/1557/1634 1594/1556/1633 1600/1565/1641 1598/1566/1642
f 1593/1559/1636 1591/1558/1635 1597/1567/1643 1599/1568/1644
f 1589/1561/1638 2097/1560/1637 2105/1569/1645 1595/1570/1646
f 1591/1558/1635 1592/1557/1634 1598/1566/1642 1597/1567/1643
f 1590/1554/1632 1589/1561/1638 1595/1570/1646 1596/1563/1640
f 2090/1562/1639 1593/1559/1636 1599/1568/1644 2098/1571/1647
f 1600/1564/1641 1596/1563/1640 1602/1572/1648 1606/1573/1649
f 1598/1566/1642 1600/1565/1641 1606/1574/1649 1604/1575/1650
f 1599/1568/1644 1597/1567/1643 1603/1576/1651 1605/1577/1652
f 1595/1570/1646 2105/1569/1645 2113/1578/1653 1601/1579/1654
f 1597/1567/1643 1598/1566/1642 1604/1575/1650 1603/1576/1651
f 1596/1563/1640 1595/1570/1646 1601/1579/1654 1602/1572/1648
f 2098/1571/1647 1599/1568/1644 1605/1577/1652 2106/1580/1655
f 1606/1573/1649 1602/1572/1648 1608/1581/1656 1612/1582/1657
f 1604/1575/1650 1606/1574/1649 1612/1583/1657 1610/1584/1658
f 1605/1577/1652 1603/1576/1651 1609/1585/1659 1611/1586/1660
f 1601/1579/1654 2113/1578/1653 2121/1587/1661 1607/1588/1662
f 1603/1576/1651 1604/1575/1650 1610/1584/1658 1609/1585/1659
f 1602/1572/1648 1601/1579/1654 1607/1588/1662 1608/1581/1656
f 2106/1580/1655 1605/1577/1652 1611/1586/1660 2114/1589/1663
f 1625/1590/1664 1630/1591/1665 1614/1592/1666 1618/1593/1667
f 1631/1594/1668 1625/1595/1664 1618/1596/1667 1616/1597/1669
f 1634/1598/1670 1639/1599/1671 1615/1600/1672 1617/1601/1673
f 1640/1602/1674 2158/1603/1675 2129/1604/1676 1613/1605/1677
f 1639/1599/1671 1631/1594/1668 1616/1597/1669 1615/1600/1672
f 1630/1591/1665 1640/1602/1674 1613/1605/1677 1614/1592/1666
f 2159/1606/1678 1634/1598/1670 1617/1601/1673 2122/1607/1679
f 1643/1608/1680 1648/1609/1681 1620/1610/1682 1624/1611/1683
f 1649/1612/1684 1643/1613/1680 1624/1614/1683 1622/1615/1685
f 1652/1616/1686 1657/1617/1687 1621/1618/1688 1623/1619/1689
f 1658/1620/1690 2182/1621/1691 2137/1622/1692 1619/1623/1693
f 1657/1617/1687 1649/1612/1684 1622/1615/1685 1621/1618/1688
f 1648/1609/1681 1658/1620/1690 1619/1623/1693 1620/1610/1682
f 2183/1624/1694 1652/1616/1686 1623/1619/1689 2130/1625/1695
f 2114/1589/1663 1611/1586/1660 1636/1626/1696 2161/1627/1697
f 2161/1627/1697 1636/1626/1696 1635/1628/1698 2160/1629/1699
f 2160/1629/1699 1635/1628/1698 1634/1598/1670 2159/1606/1678
f 1608/1581/1656 1607/1588/1662 1642/1630/1700 1628/1631/1701
f 1628/1631/1701 1642/1630/1700 1641/1632/1702 1629/1633/1703
f 1629/1633/1703 1641/1632/1702 1640/1602/1674 1630/1591/1665
f 1609/1585/1659 1610/1584/1658 1633/1634/1704 1637/1635/1705
f 1637/1635/1705 1633/1634/1704 1632/1636/1706 1638/1637/1707
f 1638/1637/1707 1632/1636/1706 1631/1594/1668 1639/1599/1671
f 1607/1588/1662 2121/1587/1661 2156/1638/1708 1642/1630/1700
f 1642/1630/1700 2156/1638/1708 2157/1639/1709 1641/1632/1702
f 1641/1632/1702 2157/1639/1709 2158/1603/1675 1640/1602/1674
f 1611/1586/1660 1609/1585/1659 1637/1635/1705 1636/1626/1696
f 1636/1626/1696 1637/1635/1705 1638/1637/1707 1635/1628/1698
f 1635/1628/1698 1638/1637/1707 1639/1599/1671 1634/1598/1670
f 1610/1584/1658 1612/1583/1657 1627/1640/1710 1633/1634/1704
f 1633/1634/1704 1627/1640/1710 1626/1641/1711 1632/1636/1706
f 1632/1636/1706 1626/1641/1711 1625/1595/1664 1631/1594/1668
f 1612/1582/1657 1608/1581/1656 1628/1631/1701 1627/1642/1710
f 1627/1642/1710 1628/1631/1701 1629/1633/1703 1626/1643/1711
f 1626/1643/1711 1629/1633/1703 1630/1591/1665 1625/1590/1664
f 2122/1607/1679 1617/1601/1673 1654/1644/1712 2185/1645/1713
f 2185/1645/1713 1654/1644/1712 1653/1646/1714 2184/1647/1715
f 2184/1647/1715 1653/1646/1714 1652/1616/1686 2183/1624/1694
f 1614/1592/1666 1613/1605/1677 1660/1648/1716 1646/1649/1717
f 1646/1649/1717 1660/1648/1716 1659/1650/1718 1647/1651/1719
f 1647/1651/1719 1659/1650/1718 1658/1620/1690 1648/1609/1681
f 1615/1600/1672 1616/1597/1669 1651/1652/1720 1655/1653/1721
f 1655/1653/1721 1651/1652/1720 1650/1654/1722 1656/1655/1723
f 1656/1655/1723 1650/1654/1722 1649/1612/1684 1657/1617/1687
f 1613/1605/1677 2129/1604/1676 2180/1656/1724 1660/1648/1716
f 1660/1648/1716 2180/1656/1724 2181/1657/1725 1659/1650/1718
f 1659/1650/1718 2181/1657/1725 2182/1621/1691 1658/1620/1690
f 1617/1601/1673 1615/1600/1672 1655/1653/1721 1654/1644/1712
f 1654/1644/1712 1655/1653/1721 1656/1655/1723 1653/1646/1714
f 1653/1646/1714 1656/1655/1723 1657/1617/1687 1652/1616/1686
f 1616/1597/1669 1618/1596/1667 1645/1658/1726 1651/1652/1720
f 1651/1652/1720 1645/1658/1726 1644/1659/1727 1650/1654/1722
f 1650/1654/1722 1644/1659/1727 1643/1613/1680 1649/1612/1684
f 1618/1593/1667 1614/1592/1666 1646/1649/1717 1645/1660/1726
f 1645/1660/1726 1646/1649/1717 1647/1651/1719 1644/1661/1727
f 1644/1661/1727 1647/1651/1719 1648/1609/1681 1643/1608/1680
f 1582/1536/1616 1668/1662/1728 1661/1663/1729 1575/1537/1617
f 1575/1537/1617 1661/1663/1729 1664/1664/1619 1578/1538/1540
f 1580/1541/1620 1666/1665/1730 1668/1662/1728 1582/1536/1616
f 1577/1443/1539 1663/1542/1621 1666/1665/1730 1580/1541/1620
f 1624/1611/1683 1620/1610/1682 1670/1666/1731 1674/1667/1732
f 1622/1615/1685 1624/1614/1683 1674/1668/1732 1672/1669/1733
f 1623/1619/1689 1621/1618/1688 1671/1670/1734 1673/1671/1735
f 1619/1623/1693 2137/1622/1692 2201/1672/1736 1669/1673/1737
f 1621/1618/1688 1622/1615/1685 1672/1669/1733 1671/1670/1734
f 1620/1610/1682 1619/1623/1693 1669/1673/1737 1670/1666/1731
f 2130/1625/1695 1623/1619/1689 1673/1671/1735 2194/1674/1738
f 1124/1675/1111 1670/1676/1731 1669/1677/1737 1123/1678/1112
f 1128/1679/1117 1123/1678/1112 1669/1677/1737 2201/1680/1736
f 1125/1681/1129 1126/1682/1121 1672/1683/1733 1674/1684/1732
f 1127/1685/1120 1129/1686/1124 2194/1687/1738 1673/1688/1735
f 1128/1679/1117 2201/1680/1736 2202/1689/1739 1130/1690/1138
f 1130/1690/1138 2202/1689/1739 2194/1687/1738 1129/1686/1124
f 1127/1685/1120 1673/1688/1735 1671/1691/1734 1126/1682/1121
f 1680/1692/1740 1683/1693/1741 1682/1694/1742 1681/1695/1743
f 1684/1696/1744 1685/1697/1745 1683/1693/1741 1680/1692/1740
f 1686/1698/1746 1687/1699/1747 1678/1700/1748 1688/1701/1749
f 1689/1702/1750 1688/1701/1749 1678/1700/1748 1679/1703/1751
f 1690/1704/1752 1691/1705/1753 1682/1694/1742 1683/1693/1741
f 1692/1706/1754 1690/1704/1752 1683/1693/1741 1685/1697/1745
f 1693/1707/1755 1692/1706/1754 1685/1697/1745 1686/1698/1746
f 1691/1705/1753 1694/1708/1756 1689/1702/1750 1682/1694/1742
f 1694/1708/1756 1695/1709/1757 1688/1701/1749 1689/1702/1750
f 1695/1709/1757 1693/1707/1755 1686/1698/1746 1688/1701/1749
f 1694/1708/1756 1691/1705/1753 1690/1704/1752 1692/1706/1754
f 1693/1707/1755 1695/1709/1757 1694/1708/1756 1692/1706/1754
f 1682/1694/1742 1689/1702/1750 1679/1703/1751 1681/1695/1743
f 1680/1692/1740 1697/1710/1758 1701/1711/1759 1684/1696/1744
f 1676/1712/1760 1687/1699/1747 1684/1696/1744 1677/1713/1761
f 1680/1692/1740 1681/1695/1743 1696/1714/1762 1697/1710/1758
f 1698/1715/1763 1696/1714/1762 1681/1695/1743 1699/1716/1764
f 1685/1697/1745 1684/1696/1744 1687/1699/1747 1686/1698/1746
f 1699/1716/1764 1681/1695/1743 1679/1703/1751 1675/1717/1765
f 1700/1718/1766 1675/1717/1765 1679/1703/1751 1678/1700/1748
f 1684/1696/1744 1701/1711/1759 1702/1719/1767 1677/1713/1761
f 1704/1106/1239 1703/1107/1240 1678/1700/1748 1687/1699/1747
f 1718/1720/1768 1721/1721/1769 1720/1722/1770 1719/1723/1771
f 1722/1724/1772 1718/1720/1768 1719/1723/1771 1723/1725/1773
f 1724/1726/1774 1722/1724/1772 1723/1725/1773 1725/1727/1775
f 1726/1728/1776 1729/1729/1777 1728/1730/1778 1727/1731/1779
f 1730/1732/1780 1731/1733/1781 1720/1722/1770 1721/1721/1769
f 1727/1731/1779 1728/1730/1778 1731/1733/1781 1730/1732/1780
f 1732/1734/1782 1733/1735/1783 1729/1729/1777 1726/1728/1776
f 1724/1726/1774 1725/1727/1775 1733/1735/1783 1732/1734/1782
f 1742/1736/1784 1745/1737/1785 1744/1738/1786 1743/1739/1787
f 1904/1740/1788 1919/1741/1789 1908/1742/1790 1849/1743/1791
f 2001/1744/1792 2002/1745/1793 1744/1738/1786 1745/1737/1785
f 2003/1746/1794 2004/1747/1795 1901/1748/1796 1749/1749/1797
f 1748/1750/1798 1749/1749/1797 1901/1748/1796 1905/1751/1799
f 1748/1750/1798 1743/1739/1787 1744/1738/1786 1749/1749/1797
f 1743/1739/1787 1748/1750/1798 1905/1751/1799 1740/1752/1800
f 1742/1736/1784 1743/1739/1787 1740/1752/1800 1735/1753/1801
f 2003/1746/1794 1749/1749/1797 1744/1738/1786 2002/1745/1793
f 1745/1737/1785 1742/1736/1784 1735/1753/1801 1734/1754/1802
f 1996/1755/1803 2001/1744/1792 1745/1737/1785 1734/1754/1802
f 1755/1756/1804 1758/1757/1805 1757/1758/1806 1756/1759/1807
f 1755/1756/1804 1756/1759/1807 1760/1760/1808 1759/1761/1809
f 1761/1762/1810 1762/1763/1811 1751/1764/1812 1752/1765/1813
f 1757/1758/1806 1758/1757/1805 1762/1763/1811 1761/1762/1810
f 1763/1766/1814 1764/1767/1815 1759/1761/1809 1760/1760/1808
f 1754/1768/1816 1753/1769/1817 1764/1767/1815 1763/1766/1814
f 1765/1770/1818 1751/1764/1812 1762/1763/1811 1766/1771/1819
f 1758/1757/1805 1994/1772/1820 1766/1771/1819 1762/1763/1811
f 1755/1756/1804 1759/1761/1809 1992/1773/1821 1993/1774/1822
f 1768/1775/1823 1764/1767/1815 1753/1769/1817 1767/1776/1824
f 1771/1777/1825 1772/1778/1826 1760/1760/1808 1756/1759/1807
f 1772/1778/1826 1774/1779/1827 1763/1766/1814 1760/1760/1808
f 1774/1779/1827 1773/1780/1828 1754/1768/1816 1763/1766/1814
f 1775/1781/1829 1776/1782/1830 1726/1728/1776 1727/1731/1779
f 1777/1783/1831 1778/1784/1832 1718/1720/1768 1722/1724/1772
f 1769/1785/1833 1770/1786/1834 1778/1784/1832 1777/1783/1831
f 1778/1784/1832 1779/1787/1835 1721/1721/1769 1718/1720/1768
f 1770/1786/1834 1780/1788/1836 1779/1787/1835 1778/1784/1832
f 1779/1787/1835 1781/1789/1837 1730/1732/1780 1721/1721/1769
f 1780/1788/1836 1782/1790/1838 1781/1789/1837 1779/1787/1835
f 1781/1789/1837 1775/1781/1829 1727/1731/1779 1730/1732/1780
f 1782/1790/1838 1783/1791/1839 1775/1781/1829 1781/1789/1837
f 1784/1792/1840 1785/1793/1841 1724/1726/1774 1732/1734/1782
f 1785/1793/1841 1777/1783/1831 1722/1724/1772 1724/1726/1774
f 1776/1782/1830 1784/1792/1840 1732/1734/1782 1726/1728/1776
f 1790/1794/1842 1791/1795/1843 1789/1796/1844 1788/1797/1845
f 1792/1798/1846 1793/1799/1847 1791/1795/1843 1790/1794/1842
f 1794/1800/1848 1795/1801/1849 1793/1799/1847 1792/1798/1846
f 1793/1799/1847 1798/1802/1850 1789/1796/1844 1791/1795/1843
f 1797/1803/1851 1798/1802/1850 1793/1799/1847 1795/1801/1849
f 1799/1804/1852 1786/1805/1853 1787/1806/1854 1800/1807/1855
f 1790/1794/1842 1788/1797/1845 1786/1805/1853 1799/1804/1852
f 1792/1798/1846 1790/1794/1842 1799/1804/1852 1801/1808/1856
f 1802/1809/1857 1805/1810/1858 1804/1811/1859 1803/1812/1860
f 1806/1813/1861 1802/1809/1857 1803/1812/1860 1807/1814/1862
f 1804/1811/1859 1805/1810/1858 1809/1815/1863 1808/1816/1864
f 1810/1817/1865 1809/1815/1863 1805/1810/1858 1802/1809/1857
f 1811/1818/1866 1810/1817/1865 1802/1809/1857 1806/1813/1861
f 1771/1777/1825 1756/1759/1807 1757/1758/1806 1812/1819/1867
f 1812/1819/1867 1757/1758/1806 1814/1820/1868 1813/1821/1869
f 1826/1822/1870 1738/1823/1871 1995/1824/1872 1739/1825/1873
f 1816/1826/1874 1817/1827/1875 1771/1777/1825 1812/1819/1867
f 1818/1828/1876 1816/1826/1874 1812/1819/1867 1813/1821/1869
f 1823/1829/1877 1826/1822/1870 1739/1825/1873 1822/1830/1878
f 1817/1827/1875 1823/1829/1877 1822/1830/1878 1815/1831/1879
f 1771/1777/1825 1817/1827/1875 1815/1831/1879 1808/1816/1864
f 1823/1829/1877 1817/1827/1875 1816/1826/1874 1824/1832/1880
f 1808/1816/1864 1809/1815/1863 1772/1778/1826 1771/1777/1825
f 1824/1832/1880 1816/1826/1874 1818/1828/1876 1819/1833/1881
f 1825/1834/1882 1826/1822/1870 1823/1829/1877 1824/1832/1880
f 1820/1835/1883 1825/1834/1882 1824/1832/1880 1819/1833/1881
f 1827/1836/1884 1801/1808/1856 1799/1804/1852 1800/1807/1855
f 1814/1820/1868 1757/1758/1806 1761/1762/1810 1828/1837/1885
f 1828/1837/1885 1761/1762/1810 1752/1765/1813 1796/1838/1886
f 1995/1824/1872 1878/1839/1887 1856/1840/1888 1739/1825/1873
f 1831/1841/1889 1738/1823/1871 1826/1822/1870 1825/1834/1882
f 1821/1842/1890 1831/1841/1889 1825/1834/1882 1820/1835/1883
f 1827/1836/1884 1794/1800/1848 1792/1798/1846 1801/1808/1856
f 1833/1843/1891 1800/1807/1855 1787/1806/1854 1832/1844/1892
f 1834/1845/1893 1827/1836/1884 1800/1807/1855 1833/1843/1891
f 1796/1838/1886 1797/1803/1851 1795/1801/1849 1828/1837/1885
f 1813/1821/1869 1814/1820/1868 1794/1800/1848 1827/1836/1884
f 1814/1820/1868 1828/1837/1885 1795/1801/1849 1794/1800/1848
f 1827/1836/1884 1834/1845/1893 1818/1828/1876 1813/1821/1869
f 1831/1841/1889 1835/1846/1894 1737/1847/1895 1738/1823/1871
f 1831/1841/1889 1821/1842/1890 1829/1848/1896 1835/1846/1894
f 1836/1849/1897 1837/1850/1898 1780/1788/1836 1770/1786/1834
f 1837/1850/1898 1838/1851/1899 1782/1790/1838 1780/1788/1836
f 1838/1851/1899 1830/1852/1900 1783/1791/1839 1782/1790/1838
f 1841/1853/1901 1839/1854/1902 1840/1855/1903 1842/1856/1904
f 1843/1857/1905 1841/1853/1901 1842/1856/1904 1844/1858/1906
f 1845/1859/1907 1843/1857/1905 1844/1858/1906 1846/1860/1908
f 1850/1861/1909 1851/1862/1910 1803/1812/1860 1804/1811/1859
f 1851/1862/1910 1852/1863/1911 1807/1814/1862 1803/1812/1860
f 1851/1862/1910 1842/1856/1904 1840/1855/1903 1852/1863/1911
f 1850/1861/1909 1844/1858/1906 1842/1856/1904 1851/1862/1910
f 1815/1831/1879 1850/1861/1909 1804/1811/1859 1808/1816/1864
f 1853/1864/1912 1850/1861/1909 1815/1831/1879 1822/1830/1878
f 1853/1864/1912 1846/1860/1908 1844/1858/1906 1850/1861/1909
f 1887/1865/1913 1890/1866/1914 1900/1867/1915 1855/1868/1916
f 1739/1825/1873 1856/1840/1888 1853/1864/1912 1822/1830/1878
f 1856/1840/1888 1855/1868/1916 1846/1860/1908 1853/1864/1912
f 1863/1869/1917 1862/1870/1918 1858/1871/1919 1859/1872/1920
f 1864/1873/1921 1863/1869/1917 1859/1872/1920 1860/1874/1922
f 1865/1875/1923 1864/1873/1921 1860/1874/1922 1861/1876/1924
f 1867/1877/1925 1866/1878/1926 1862/1870/1918 1863/1869/1917
f 1868/1879/1927 1867/1877/1925 1863/1869/1917 1864/1873/1921
f 1869/1880/1928 1868/1879/1927 1864/1873/1921 1865/1875/1923
f 1870/1881/1929 1871/1882/1930 1869/1880/1928 1865/1875/1923
f 1872/1883/1931 1870/1881/1929 1865/1875/1923 1861/1876/1924
f 1873/1884/1932 1874/1885/1933 1735/1753/1801 1740/1752/1800
f 1905/1751/1799 1875/1886/1934 1873/1884/1932 1740/1752/1800
f 1874/1885/1933 1876/1887/1935 1734/1754/1802 1735/1753/1801
f 2005/1888/1936 1877/1889/1937 1736/1890/1938 1996/1755/1803
f 1741/1891/1939 1878/1892/1887 1995/1893/1872 1854/1894/1940
f 1877/1889/1937 1878/1892/1887 1741/1891/1939 1736/1890/1938
f 1881/1895/1941 1873/1896/1932 1875/1897/1934 1879/1898/1942
f 1867/1877/1925 1882/1899/1943 1880/1900/1944 1866/1878/1926
f 2009/1901/1945 1881/1895/1941 1879/1898/1942 2012/1902/1946
f 1883/1903/1947 1874/1904/1933 1873/1896/1932 1881/1895/1941
f 1868/1879/1927 1884/1905/1948 1882/1899/1943 1867/1877/1925
f 1870/1881/1929 1872/1883/1931 2008/1906/1949 2007/1907/1950
f 2011/1908/1951 1883/1903/1947 1881/1895/1941 2009/1901/1945
f 2000/1909/1952 1886/1910/1953 1877/1911/1937 2005/1912/1936
f 1887/1865/1913 1855/1868/1916 1856/1840/1888 1878/1839/1887
f 1886/1910/1953 1887/1913/1913 1878/1914/1887 1877/1911/1937
f 1883/1903/1947 1885/1915/1954 1876/1916/1935 1874/1904/1933
f 1999/1917/1955 1889/1918/1956 1886/1910/1953 2000/1909/1952
f 1889/1918/1956 1890/1919/1914 1887/1913/1913 1886/1910/1953
f 1891/1920/1957 1888/1921/1958 1885/1915/1954 1883/1903/1947
f 2010/1922/1959 1891/1920/1957 1883/1903/1947 2011/1908/1951
f 1998/1923/1960 1893/1924/1961 1889/1918/1956 1999/1917/1955
f 1893/1924/1961 1894/1925/1962 1890/1919/1914 1889/1918/1956
f 1895/1926/1963 1892/1927/1964 1888/1921/1958 1891/1920/1957
f 2007/1907/1950 1895/1926/1963 1891/1920/1957 2010/1922/1959
f 1997/1928/1965 1897/1929/1966 1893/1924/1961 1998/1923/1960
f 1897/1929/1966 1898/1930/1967 1894/1925/1962 1893/1924/1961
f 1899/1931/1968 1896/1932/1969 1892/1927/1964 1895/1926/1963
f 2008/1906/1949 1899/1931/1968 1895/1926/1963 2007/1907/1950
f 2007/1907/1950 2010/1922/1959 1871/1882/1930 1870/1881/1929
f 1884/1905/1948 1868/1879/1927 1869/1880/1928 1871/1882/1930
f 1871/1882/1930 2010/1922/1959 2011/1908/1951 1884/1905/1948
f 1882/1899/1943 1884/1905/1948 2011/1908/1951 2009/1901/1945
f 1846/1860/1908 1855/1868/1916 1900/1867/1915 1845/1859/1907
f 1902/1933/1970 1900/1867/1915 1890/1866/1914 1894/1934/1962
f 1903/1935/1971 1902/1933/1970 1894/1934/1962 1898/1936/1967
f 2020/1937/1972 2019/1938/1973 1907/1939/1974 1906/1940/1975
f 2021/1941/1976 2020/1937/1972 1906/1940/1975 1904/1942/1788
f 2022/1943/1977 1845/1859/1907 1900/1867/1915 2021/1941/1976
f 2023/1944/1978 2022/1943/1977 1849/1945/1791 1848/1946/1979
f 2024/1947/1980 2023/1944/1978 1848/1946/1979 1847/1948/1981
f 1908/1949/1790 1909/1950/1982 1848/1951/1979 1849/1952/1791
f 1909/1950/1982 1910/1953/1983 2059/1954/1984 1848/1951/1979
f 1909/1950/1982 1936/1955/1985 2014/1956/1986 1910/1953/1983
f 1913/1957/1987 1914/1958/1988 1916/1959/1989 1915/1960/1990
f 1917/1961/1991 1913/1957/1987 1915/1960/1990 1918/1962/1992
f 1942/1963/1993 2013/1964/1994 2014/1956/1986 1949/1965/1995
f 1675/1717/1765 1984/1966/1996 2013/1964/1994 1699/1716/1764
f 1931/1967/1997 1930/1968/1998 1701/1711/1759 1697/1710/1758
f 1920/1969/1999 1919/1741/1789 1904/1740/1788 1906/1970/1975
f 1921/1971/2000 1920/1969/1999 1906/1970/1975 1907/1972/1974
f 1931/1973/1997 1932/1974/2001 1926/1975/2002 1923/1976/2003
f 1916/1959/1989 1923/1976/2003 1924/1977/2004 1915/1960/1990
f 1924/1977/2004 1925/1978/2005 1928/1979/2006 1927/1980/2007
f 1915/1960/1990 1924/1977/2004 1927/1980/2007 1918/1962/1992
f 1914/1958/1988 1929/1981/2008 1930/1982/1998 1916/1959/1989
f 1916/1959/1989 1930/1982/1998 1931/1973/1997 1923/1976/2003
f 1697/1710/1758 1696/1714/1762 1932/1983/2001 1931/1967/1997
f 1934/1984/2009 1926/1975/2002 1932/1974/2001 1933/1985/2010
f 1935/1986/2011 1936/1955/1985 1909/1950/1982 1908/1949/1790
f 1966/1987/2012 1973/1988/2013 1959/1989/2014 1958/1990/2015
f 1925/1978/2005 1938/1991/2016 1939/1992/2017 1928/1979/2006
f 1959/1989/2014 1973/1988/2013 1978/1993/2018 1981/1994/2019
f 1920/1969/1999 1921/1971/2000 1939/1992/2017 1938/1991/2016
f 2067/1995/2020 1958/1990/2015 1964/1996/2021 2068/1997/2022
f 2073/1998/2023 2070/1999/2024 1949/2000/1995 1947/2001/2025
f 1933/2002/2010 1932/1983/2001 1696/1714/1762 1698/1715/1763
f 2071/2003/2026 2073/1998/2023 1947/2001/2025 1946/2004/2027
f 1944/2005/2028 1934/1984/2009 1933/1985/2010 1943/2006/2029
f 1981/1994/2019 1977/2007/2030 1971/2008/2031 1959/1989/2014
f 1959/1989/2014 1971/2008/2031 1964/1996/2021 1958/1990/2015
f 1945/2009/2032 1940/2010/2033 1934/1984/2009 1944/2005/2028
f 1946/2011/2027 1947/2012/2025 1936/1955/1985 1935/1986/2011
f 1919/1741/1789 1920/1969/1999 1938/1991/2016 1937/2013/2034
f 1937/2013/2034 1940/2010/2033 1941/2014/2035 1919/1741/1789
f 1919/1741/1789 1941/2014/2035 1935/2015/2011 1908/1742/1790
f 2068/2016/2022 2066/2017/2036 1944/2018/2028 1943/2019/2029
f 2066/2017/2036 2069/2020/2037 1945/2021/2032 1944/2018/2028
f 1943/2022/2029 1933/2002/2010 1698/1715/1763 1942/1963/1993
f 1723/1725/1773 1951/2023/2038 1950/2024/2039 1725/1727/1775
f 1719/1723/1771 1952/2025/2040 1951/2023/2038 1723/1725/1773
f 1720/1722/1770 1953/2026/2041 1952/2025/2040 1719/1723/1771
f 1729/1729/1777 1955/2027/2042 1954/2028/2043 1728/1730/1778
f 1731/1733/1781 1956/2029/2044 1953/2026/2041 1720/1722/1770
f 1728/1730/1778 1954/2028/2043 1956/2029/2044 1731/1733/1781
f 1733/1735/1783 1957/2030/2045 1955/2027/2042 1729/1729/1777
f 1725/1727/1775 1950/2024/2039 1957/2030/2045 1733/1735/1783
f 1940/2010/2033 1945/2009/2032 1948/2031/2046 1941/2014/2035
f 2069/2020/2037 1962/2032/2047 1965/2033/2048 2072/2034/2049
f 1961/2035/2050 1968/2036/2051 1967/2037/2052 1960/2038/2053
f 1923/1976/2003 1926/1975/2002 1925/1978/2005 1924/1977/2004
f 1934/1984/2009 1940/2010/2033 1937/2013/2034 1926/1975/2002
f 1937/2013/2034 1938/1991/2016 1925/1978/2005 1926/1975/2002
f 1963/2039/2054 1970/2040/2055 1969/2041/2056 1962/2032/2047
f 1962/2032/2047 1969/2041/2056 1972/2042/2057 1965/2033/2048
f 1960/2038/2053 1967/2037/2052 1973/1988/2013 1966/1987/2012
f 1964/2043/2021 1971/2044/2031 1970/2040/2055 1963/2039/2054
f 1972/2042/2057 1969/2041/2056 1980/2045/2058 1975/2046/2059
f 1976/2047/2060 1978/1993/2018 1973/1988/2013 1967/2037/2052
f 1974/2048/2061 1976/2047/2060 1967/2037/2052 1968/2036/2051
f 1977/2049/2030 1979/2050/2062 1970/2040/2055 1971/2044/2031
f 1941/2014/2035 1948/2031/2046 1946/2051/2027 1935/2015/2011
f 2071/2003/2026 2072/2034/2049 1965/2033/2048 1961/2035/2050
f 1968/2036/2051 1961/2035/2050 1965/2033/2048 1972/2042/2057
f 1975/2046/2059 1974/2048/2061 1968/2036/2051 1972/2042/2057
f 2080/2052/2063 2078/2053/2064 1981/1994/2019 1978/1993/2018
f 2075/2054/2065 2080/2052/2063 1978/1993/2018 1976/2047/2060
f 1979/2050/2062 1980/2045/2058 1969/2041/2056 1970/2040/2055
f 2076/2055/2066 2075/2054/2065 1976/2047/2060 1974/2048/2061
f 2070/1999/2024 1966/1987/2012 1958/1990/2015 2067/1995/2020
f 2078/2053/2064 2077/2056/2067 1977/2007/2030 1981/1994/2019
f 1992/1773/1821 1987/2057/2068 1986/2058/2069 1993/1774/1822
f 1766/1771/1819 1990/2059/2070 1991/2060/2071 1765/1770/1818
f 1768/1775/1823 1988/2061/2072 1987/2057/2068 1992/1773/1821
f 1767/1776/1824 1989/2062/2073 1988/2061/2072 1768/1775/1823
f 1994/1772/1820 1985/2063/2074 1990/2059/2070 1766/1771/1819
f 1993/1774/1822 1986/2058/2069 1985/2063/2074 1994/1772/1820
f 1764/1767/1815 1768/1775/1823 1992/1773/1821 1759/1761/1809
f 1993/1774/1822 1994/1772/1820 1758/1757/1805 1755/1756/1804
f 1773/1780/1828 1774/1779/1827 1810/1817/1865 1811/1818/1866
f 1809/1815/1863 1810/1817/1865 1774/1779/1827 1772/1778/1826
f 1880/1900/1944 1882/1899/1943 2009/1901/1945 2012/1902/1946
f 1829/1848/1896 1830/1852/1900 1880/1900/1944 2012/1902/1946
f 2015/2064/2075 1982/2065/2076 2046/2066/2077 2037/2067/2078
f 2013/1964/1994 1984/1966/1996 1910/1953/1983 2014/1956/1986
f 1901/1748/1796 1737/2068/1895 1875/1886/1934 1905/1751/1799
f 1737/1847/1895 1835/1846/1894 1879/1898/1942 1875/1897/1934
f 1996/1755/1803 1736/1890/1938 1746/2069/2079 2001/1744/1792
f 1736/1890/1938 1741/1891/1939 1747/2070/2080 1746/2069/2079
f 1746/2069/2079 1747/2070/2080 2002/1745/1793 2001/1744/1792
f 1750/2071/2081 1747/2070/2080 1741/1891/1939 1854/1894/1940
f 1750/2071/2081 2003/1746/1794 2002/1745/1793 1747/2070/2080
f 2003/1746/1794 1750/2071/2081 1854/1894/1940 2004/1747/1795
f 1876/1887/1935 2005/1888/1936 1996/1755/1803 1734/1754/1802
f 1885/1915/1954 2000/1909/1952 2005/1912/1936 1876/1916/1935
f 1888/1921/1958 1999/1917/1955 2000/1909/1952 1885/1915/1954
f 1892/1927/1964 1998/1923/1960 1999/1917/1955 1888/1921/1958
f 1896/1932/1969 1997/1928/1965 1998/1923/1960 1892/1927/1964
f 1901/1748/1796 2004/1747/1795 1738/2072/1871 1737/2068/1895
f 1854/1894/1940 1995/1893/1872 1738/2072/1871 2004/1747/1795
f 1783/1791/1839 1830/1852/1900 1829/1848/1896 1821/1842/1890
f 1775/1781/1829 1783/1791/1839 1821/1842/1890 1820/1835/1883
f 1820/1835/1883 1819/1833/1881 1776/1782/1830 1775/1781/1829
f 1819/1833/1881 1818/1828/1876 1784/1792/1840 1776/1782/1830
f 1818/1828/1876 1834/1845/1893 1785/1793/1841 1784/1792/1840
f 1777/1783/1831 1785/1793/1841 1834/1845/1893 1833/1843/1891
f 2012/1902/1946 1879/1898/1942 1835/1846/1894 1829/1848/1896
f 1769/1785/1833 1777/1783/1831 1833/1843/1891 1832/1844/1892
f 1866/2073/1926 1880/1900/1944 1830/1852/1900 1838/1851/1899
f 1862/2074/1918 1866/2073/1926 1838/1851/1899 1837/1850/1898
f 1858/2075/1919 1862/2074/1918 1837/1850/1898 1836/1849/1897
f 1947/2012/2025 1949/1965/1995 2014/1956/1986 1936/1955/1985
f 2059/1954/1984 1910/1953/1983 1984/1966/1996 2060/2076/2082
f 2025/2077/2083 2024/1947/1980 1847/1948/1981 2016/2078/2084
f 2053/1467/1558 2046/2066/2077 1982/2065/2076 2017/1468/1559
f 1902/1933/1970 1903/1935/1971 2019/1938/1973 2020/1937/1972
f 1900/1867/1915 1902/1933/1970 2020/1937/1972 2021/1941/1976
f 1849/1945/1791 2022/1943/1977 2021/1941/1976 1904/1942/1788
f 1843/1857/1905 1845/1859/1907 2022/1943/1977 2023/1944/1978
f 1841/1853/1901 1843/1857/1905 2023/1944/1978 2024/1947/1980
f 1839/1854/1902 1841/1853/1901 2024/1947/1980 2025/2077/2083
f 1677/1713/1761 1702/1719/1767 1929/2079/2008 1912/2080/2085
f 1702/1719/1767 1701/1711/1759 1930/1968/1998 1929/2079/2008
f 1773/1780/1828 2027/1472/1562 2026/1471/1561 1754/1768/1816
f 2019/1938/1973 2018/2081/1564 2033/2082/1563 1907/1939/1974
f 1922/1475/1565 1921/1971/2000 1907/1972/1974 2033/1476/1563
f 1857/1477/1566 1858/2075/1919 1836/1849/1897 2029/1478/1567
f 1711/1479/1568 2025/2077/2083 2016/2078/2084 1983/1480/1569
f 1714/2083/1570 1903/1935/1971 1898/1936/1967 1713/2084/1571
f 1715/1483/1572 1709/1484/1573 1989/2062/2073 1767/1776/1824
f 1786/1805/1853 1708/1486/1575 1712/1485/1574 1787/1806/1854
f 1786/1805/1853 1788/1797/1845 2028/1487/1576 1708/1486/1575
f 1861/1876/1924 1860/1874/1922 1716/2085/1578 2032/2086/1577
f 1704/1106/1239 1687/1699/1747 1676/1712/1760 1707/1490/1579
f 1903/1935/1971 1714/2083/1570 2018/2081/1564 2019/1938/1973
f 2031/1491/1580 1839/1854/1902 2025/2077/2083 1711/1479/1568
f 1677/1713/1761 1912/2080/2085 1911/2087/2086 1676/1712/1760
f 1698/1715/1763 1699/1716/1764 2013/1964/1994 1942/1963/1993
f 2036/1493/1582 2043/1495/1584 2015/2064/2075 2030/2088/2087
f 2037/2067/2078 2059/2089/1984 2060/2090/2082 2015/2064/2075
f 2034/1498/1585 1700/1718/1766 1678/1700/1748 1703/1107/1240
f 1911/2087/2086 2049/1499/1586 1707/1490/1579 1676/1712/1760
f 2056/2091/1587 2006/2092/1588 1997/1928/1965 1896/1932/1969
f 2027/1472/1562 1773/1780/1828 1811/1818/1866 2062/1502/1589
f 2029/1478/1567 1836/1849/1897 1770/1786/1834 2051/1503/1590
f 1852/1863/1911 1840/1855/1903 2063/1505/1592 2052/1504/1591
f 1788/1797/1845 1789/1796/1844 2065/1506/1593 2028/1487/1576
f 2062/1502/1589 1811/1818/1866 1806/1813/1861 2055/1507/1594
f 1839/1854/1902 2031/1491/1580 2063/1505/1592 1840/1855/1903
f 2058/2093/1595 1706/2094/1596 1899/1931/1968 2008/1906/1949
f 1705/1510/1597 1798/1802/1850 1797/1803/1851 2039/1511/1598
f 1859/1872/1920 1858/1871/1919 1857/2095/1566 2041/2096/1599
f 1706/2094/1596 2056/2091/1587 1896/1932/1969 1899/1931/1968
f 1928/1979/2006 1939/1992/2017 2042/1515/1601 2054/1514/1600
f 1921/1971/2000 1922/1475/1565 2042/1515/1601 1939/1992/2017
f 2017/1468/1559 1982/2065/2076 2015/2064/2075 2043/1495/1584
f 1796/1838/1886 1752/1765/1813 2035/1518/1604 2061/1517/1603
f 2048/2097/1605 2058/2093/1595 2008/1906/1949 1872/1883/1931
f 2045/2098/1606 1713/2099/1571 1898/1930/1967 1897/1929/1966
f 1847/1948/1981 1848/1946/1979 2059/2089/1984 2037/2067/2078
f 2037/2067/2078 2046/2066/2077 2016/2078/2084 1847/1948/1981
f 1765/1770/1818 1991/2060/2071 1710/1523/1608 2044/1522/1607
f 1751/1764/1812 2064/1524/1609 2035/1518/1604 1752/1765/1813
f 1753/1769/1817 1754/1768/1816 2026/1471/1561 2038/1525/1610
f 2044/1522/1607 2064/1524/1609 1751/1764/1812 1765/1770/1818
f 1767/1776/1824 1753/1769/1817 2038/1525/1610 1715/1483/1572
f 2061/1517/1603 2039/1511/1598 1797/1803/1851 1796/1838/1886
f 1705/1510/1597 2065/1506/1593 1789/1796/1844 1798/1802/1850
f 2055/1507/1594 1806/1813/1861 1807/1814/1862 2047/1526/1611
f 1712/1485/1574 2040/1527/1612 1832/1844/1892 1787/1806/1854
f 1852/1863/1911 2052/1504/1591 2047/1526/1611 1807/1814/1862
f 1860/1874/1922 1859/1872/1920 2041/2096/1599 1716/2085/1578
f 2048/2097/1605 1872/1883/1931 1861/1876/1924 2032/2086/1577
f 2006/2092/1588 2045/2098/1606 1897/1929/1966 1997/1928/1965
f 1949/2000/1995 2070/1999/2024 2067/1995/2020 1942/2100/1993
f 1717/1529/1613 1917/1961/1991 1918/1962/1992 2057/1530/1614
f 1927/1980/2007 1928/1979/2006 2054/1514/1600 2050/1531/1615
f 1918/1962/1992 1927/1980/2007 2050/1531/1615 2057/1530/1614
f 1983/1480/1569 2016/2078/2084 2046/2066/2077 2053/1467/1558
f 1700/1718/1766 2060/2076/2082 1984/1966/1996 1675/1717/1765
f 2034/1532/1585 2036/1493/1582 2030/2088/2087 1700/2101/1766
f 1946/2004/2027 1948/2102/2046 2072/2034/2049 2071/2003/2026
f 1700/2101/1766 2030/2088/2087 2015/2064/2075 2060/2090/2082
f 1945/2021/2032 2069/2020/2037 2072/2034/2049 1948/2102/2046
f 1963/2039/2054 1962/2032/2047 2069/2020/2037 2066/2017/2036
f 1964/2043/2021 1963/2039/2054 2066/2017/2036 2068/2016/2022
f 1961/2035/2050 1960/2038/2053 2073/1998/2023 2071/2003/2026
f 1960/2038/2053 1966/1987/2012 2070/1999/2024 2073/1998/2023
f 1942/2100/1993 2067/1995/2020 2068/1997/2022 1943/2103/2029
f 1980/2045/2058 1979/2050/2062 2074/2104/2088 2081/2105/2089
f 1979/2050/2062 1977/2049/2030 2077/2106/2067 2074/2104/2088
f 2190/2107/2090 2189/2108/2091 2077/2056/2067 2078/2053/2064
f 1975/2046/2059 1980/2045/2058 2081/2105/2089 2079/2109/2092
f 1974/2048/2061 1975/2046/2059 2079/2109/2092 2076/2055/2066
f 2188/2110/2093 2187/2111/2094 2075/2054/2065 2076/2055/2066
f 2187/2111/2094 2192/2112/2095 2080/2052/2063 2075/2054/2065
f 2192/2112/2095 2190/2107/2090 2078/2053/2064 2080/2052/2063
f 1929/2079/2008 2088/2113/2096 2084/2114/2097 1912/2080/2085
f 1914/1958/1988 2086/2115/2098 2088/2116/2096 1929/1981/2008
f 1917/1961/1991 2087/2117/2099 2085/2118/2100 1913/1957/1987
f 1911/2087/2086 2083/2119/2101 2089/1551/1629 2049/1499/1586
f 1913/1957/1987 2085/2118/2100 2086/2115/2098 1914/1958/1988
f 1912/2080/2085 2084/2114/2097 2083/2119/2101 1911/2087/2086
f 1717/1529/1613 2082/1553/1631 2087/2117/2099 1917/1961/1991
f 2088/2113/2096 2096/2120/2102 2092/2121/2103 2084/2114/2097
f 2086/2115/2098 2094/2122/2104 2096/2123/2102 2088/2116/2096
f 2087/2117/2099 2095/2124/2105 2093/2125/2106 2085/2118/2100
f 2083/2119/2101 2091/2126/2107 2097/1560/1637 2089/1551/1629
f 2085/2118/2100 2093/2125/2106 2094/2122/2104 2086/2115/2098
f 2084/2114/2097 2092/2121/2103 2091/2126/2107 2083/2119/2101
f 2082/1553/1631 2090/1562/1639 2095/2124/2105 2087/2117/2099
f 2096/2120/2102 2104/2127/2108 2100/2128/2109 2092/2121/2103
f 2094/2122/2104 2102/2129/2110 2104/2130/2108 2096/2123/2102
f 2095/2124/2105 2103/2131/2111 2101/2132/2112 2093/2125/2106
f 2091/2126/2107 2099/2133/2113 2105/1569/1645 2097/1560/1637
f 2093/2125/2106 2101/2132/2112 2102/2129/2110 2094/2122/2104
f 2092/2121/2103 2100/2128/2109 2099/2133/2113 2091/2126/2107
f 2090/1562/1639 2098/1571/1647 2103/2131/2111 2095/2124/2105
f 2104/2127/2108 2112/2134/2114 2108/2135/2115 2100/2128/2109
f 2102/2129/2110 2110/2136/2116 2112/2137/2114 2104/2130/2108
f 2103/2131/2111 2111/2138/2117 2109/2139/2118 2101/2132/2112
f 2099/2133/2113 2107/2140/2119 2113/1578/1653 2105/1569/1645
f 2101/2132/2112 2109/2139/2118 2110/2136/2116 2102/2129/2110
f 2100/2128/2109 2108/2135/2115 2107/2140/2119 2099/2133/2113
f 2098/1571/1647 2106/1580/1655 2111/2138/2117 2103/2131/2111
f 2112/2134/2114 2120/2141/2120 2116/2142/2121 2108/2135/2115
f 2110/2136/2116 2118/2143/2122 2120/2144/2120 2112/2137/2114
f 2111/2138/2117 2119/2145/2123 2117/2146/2124 2109/2139/2118
f 2107/2140/2119 2115/2147/2125 2121/1587/1661 2113/1578/1653
f 2109/2139/2118 2117/2146/2124 2118/2143/2122 2110/2136/2116
f 2108/2135/2115 2116/2142/2121 2115/2147/2125 2107/2140/2119
f 2106/1580/1655 2114/1589/1663 2119/2145/2123 2111/2138/2117
f 2138/2148/2126 2128/2149/2127 2124/2150/2128 2143/2151/2129
f 2144/2152/2130 2126/2153/2131 2128/2154/2127 2138/2155/2126
f 2147/2156/2132 2127/2157/2133 2125/2158/2134 2152/2159/2135
f 2153/2160/2136 2123/2161/2137 2129/1604/1676 2158/1603/1675
f 2152/2159/2135 2125/2158/2134 2126/2153/2131 2144/2152/2130
f 2143/2151/2129 2124/2150/2128 2123/2161/2137 2153/2160/2136
f 2159/1606/1678 2122/1607/1679 2127/2157/2133 2147/2156/2132
f 2162/2162/2138 2136/2163/2139 2132/2164/2140 2167/2165/2141
f 2168/2166/2142 2134/2167/2143 2136/2168/2139 2162/2169/2138
f 2171/2170/2144 2135/2171/2145 2133/2172/2146 2176/2173/2147
f 2177/2174/2148 2131/2175/2149 2137/1622/1692 2182/1621/1691
f 2176/2173/2147 2133/2172/2146 2134/2167/2143 2168/2166/2142
f 2167/2165/2141 2132/2164/2140 2131/2175/2149 2177/2174/2148
f 2183/1624/1694 2130/1625/1695 2135/2171/2145 2171/2170/2144
f 2114/1589/1663 2161/1627/1697 2149/2176/2150 2119/2145/2123
f 2161/1627/1697 2160/1629/1699 2148/2177/2151 2149/2176/2150
f 2160/1629/1699 2159/1606/1678 2147/2156/2132 2148/2177/2151
f 2116/2142/2121 2141/2178/2152 2155/2179/2153 2115/2147/2125
f 2141/2178/2152 2142/2180/2154 2154/2181/2155 2155/2179/2153
f 2142/2180/2154 2143/2151/2129 2153/2160/2136 2154/2181/2155
f 2117/2146/2124 2150/2182/2156 2146/2183/2157 2118/2143/2122
f 2150/2182/2156 2151/2184/2158 2145/2185/2159 2146/2183/2157
f 2151/2184/2158 2152/2159/2135 2144/2152/2130 2145/2185/2159
f 2115/2147/2125 2155/2179/2153 2156/1638/1708 2121/1587/1661
f 2155/2179/2153 2154/2181/2155 2157/1639/1709 2156/1638/1708
f 2154/2181/2155 2153/2160/2136 2158/1603/1675 2157/1639/1709
f 2119/2145/2123 2149/2176/2150 2150/2182/2156 2117/2146/2124
f 2149/2176/2150 2148/2177/2151 2151/2184/2158 2150/2182/2156
f 2148/2177/2151 2147/2156/2132 2152/2159/2135 2151/2184/2158
f 2118/2143/2122 2146/2183/2157 2140/2186/2160 2120/2144/2120
f 2146/2183/2157 2145/2185/2159 2139/2187/2161 2140/2186/2160
f 2145/2185/2159 2144/2152/2130 2138/2155/2126 2139/2187/2161
f 2120/2141/2120 2140/2188/2160 2141/2178/2152 2116/2142/2121
f 2140/2188/2160 2139/2189/2161 2142/2180/2154 2141/2178/2152
f 2139/2189/2161 2138/2148/2126 2143/2151/2129 2142/2180/2154
f 2122/1607/1679 2185/1645/1713 2173/2190/2162 2127/2157/2133
f 2185/1645/1713 2184/1647/1715 2172/2191/2163 2173/2190/2162
f 2184/1647/1715 2183/1624/1694 2171/2170/2144 2172/2191/2163
f 2124/2150/2128 2165/2192/2164 2179/2193/2165 2123/2161/2137
f 2165/2192/2164 2166/2194/2166 2178/2195/2167 2179/2193/2165
f 2166/2194/2166 2167/2165/2141 2177/2174/2148 2178/2195/2167
f 2125/2158/2134 2174/2196/2168 2170/2197/2169 2126/2153/2131
f 2174/2196/2168 2175/2198/2170 2169/2199/2171 2170/2197/2169
f 2175/2198/2170 2176/2173/2147 2168/2166/2142 2169/2199/2171
f 2123/2161/2137 2179/2193/2165 2180/1656/1724 2129/1604/1676
f 2179/2193/2165 2178/2195/2167 2181/1657/1725 2180/1656/1724
f 2178/2195/2167 2177/2174/2148 2182/1621/1691 2181/1657/1725
f 2127/2157/2133 2173/2190/2162 2174/2196/2168 2125/2158/2134
f 2173/2190/2162 2172/2191/2163 2175/2198/2170 2174/2196/2168
f 2172/2191/2163 2171/2170/2144 2176/2173/2147 2175/2198/2170
f 2126/2153/2131 2170/2197/2169 2164/2200/2172 2128/2154/2127
f 2170/2197/2169 2169/2199/2171 2163/2201/2173 2164/2200/2172
f 2169/2199/2171 2168/2166/2142 2162/2169/2138 2163/2201/2173
f 2128/2149/2127 2164/2202/2172 2165/2192/2164 2124/2150/2128
f 2164/2202/2172 2163/2203/2173 2166/2194/2166 2165/2192/2164
f 2163/2203/2173 2162/2162/2138 2167/2165/2141 2166/2194/2166
f 2081/2105/2089 2074/2104/2088 2186/2204/2174 2193/2205/2175
f 2074/2104/2088 2077/2106/2067 2189/2206/2091 2186/2204/2174
f 2079/2109/2092 2081/2105/2089 2193/2205/2175 2191/2207/2176
f 2076/2055/2066 2079/2109/2092 2191/2207/2176 2188/2110/2093
f 2136/2163/2139 2200/2208/2177 2196/2209/2178 2132/2164/2140
f 2134/2167/2143 2198/2210/2179 2200/2211/2177 2136/2168/2139
f 2135/2171/2145 2199/2212/2180 2197/2213/2181 2133/2172/2146
f 2131/2175/2149 2195/2214/2182 2201/1672/1736 2137/1622/1692
f 2133/2172/2146 2197/2213/2181 2198/2210/2179 2134/2167/2143
f 2132/2164/2140 2196/2209/2178 2195/2214/2182 2131/2175/2149
f 2130/1625/1695 2194/1674/1738 2199/2212/2180 2135/2171/2145
f 1182/2215/1168 1184/2216/1189 2202/1689/1739 2201/1680/1736
f 1178/2217/1164 1177/2218/1163 2195/2219/2182 2196/2220/2178
f 1179/2221/1180 1178/2217/1164 2196/2220/2178 2200/2222/2177
f 1671/1691/1734 1672/1683/1733 1126/1682/1121
f 1181/2223/1173 2199/2224/2180 2194/1687/1738 1183/2225/1175
f 1181/2223/1173 1180/2226/1172 2197/2227/2181 2199/2224/2180
f 1179/2221/1180 2200/2222/2177 2198/2228/2179 1180/2226/1172
f 1184/2216/1189 1183/2225/1175 2194/1687/1738 2202/1689/1739
f 1182/2215/1168 2201/1680/1736 2195/2219/2182 1177/2218/1163
f 2051/1503/1590 1770/1786/1834 1769/1785/1833 1563/2229/1602
f 1563/2229/1602 1769/1785/1833 1832/1844/1892 2040/1527/1612
f 1125/1681/1129 1674/1684/1732 1670/1676/1731 1124/1675/1111
f 2197/2227/2181 1180/2226/1172 2198/2228/2179
f 1663/1542/1621 579/2230/572 581/2231/570 1666/1665/1730
f 1666/1665/1730 581/2231/570 582/2232/568 1668/1662/1728
f 1661/1663/1729 585/2233/567 827/2234/815 1664/1664/1619
f 1668/1662/1728 582/2232/568 585/2233/567 1661/1663/1729
f 583/2235/783 1667/1544/1623 1665/1539/1618 584/2236/813
f 580/2237/575 1662/1543/1622 1667/1544/1623 583/2235/783
f 579/2230/572 1663/1542/1621 1662/1543/1622 580/2237/575
f 584/2236/813 1665/1539/1618 1664/1540/1619 827/2238/815
f 2188/2110/2093 2191/2207/2176 853/2239/843 851/2240/845
f 2191/2207/2176 2193/2205/2175 854/2241/840 853/2239/843
f 2186/2204/2174 2189/2206/2091 1099/2242/1087 857/2243/841
f 2193/2205/2175 2186/2204/2174 857/2243/841 854/2241/840
f 855/2244/1056 856/2245/1085 2190/2107/2090 2192/2112/2095
f 852/2246/847 855/2244/1056 2192/2112/2095 2187/2111/2094
f 851/2240/845 852/2246/847 2187/2111/2094 2188/2110/2093
f 856/2245/1085 1099/2247/1087 2189/2108/2091 2190/2107/2090
