path	duration_s	category	reason
ambient_horror_techiew/ambient_horror.ogg	22.187	UNVERIFIED	generic-or-unlabeled-source
ambient_loops_rubberduck/alarm_01.ogg	1.979	UNVERIFIED	generic-or-unlabeled-source
ambient_loops_rubberduck/alarm_02.ogg	0.683	UNVERIFIED	generic-or-unlabeled-source
ambient_loops_rubberduck/alarm_03.ogg	1.054	UNVERIFIED	generic-or-unlabeled-source
ambient_loops_rubberduck/ambient_01.ogg	8.234	UNVERIFIED	generic-or-unlabeled-source
ambient_loops_rubberduck/ambient_02.ogg	3.17	UNVERIFIED	generic-or-unlabeled-source
ambient_loops_rubberduck/ambient_03.ogg	7.042	UNVERIFIED	generic-or-unlabeled-source
ambient_loops_rubberduck/machine_01.ogg	1.196	UNVERIFIED	generic-or-unlabeled-source
ambient_loops_rubberduck/machine_02.ogg	0.629	UNVERIFIED	generic-or-unlabeled-source
ambient_loops_rubberduck/machine_03.ogg	0.787	UNVERIFIED	generic-or-unlabeled-source
ambient_loops_rubberduck/machine_04.ogg	0.625	UNVERIFIED	generic-or-unlabeled-source
ambient_loops_rubberduck/machine_05.ogg	1.19	UNVERIFIED	generic-or-unlabeled-source
ambient_loops_rubberduck/machine_06.ogg	3.171	UNVERIFIED	generic-or-unlabeled-source
ambient_loops_rubberduck/machine_07.ogg	1.35	UNVERIFIED	generic-or-unlabeled-source
ambient_loops_rubberduck/machine_08.ogg	4.525	UNVERIFIED	generic-or-unlabeled-source
ambient_loops_rubberduck/machine_09.ogg	2.705	UNVERIFIED	generic-or-unlabeled-source
ambient_loops_rubberduck/machine_10.ogg	1.346	UNVERIFIED	generic-or-unlabeled-source
ambient_loops_rubberduck/machine_11.ogg	5.672	UNVERIFIED	generic-or-unlabeled-source
ambient_loops_rubberduck/noise_01.ogg	7.232	UNVERIFIED	generic-or-unlabeled-source
ambient_loops_rubberduck/noise_02.ogg	3.863	UNVERIFIED	generic-or-unlabeled-source
ambient_loops_rubberduck/noise_03.ogg	2.674	UNVERIFIED	generic-or-unlabeled-source
ambient_loops_rubberduck/pump_01.ogg	3.103	UNVERIFIED	generic-or-unlabeled-source
ambient_loops_rubberduck/pump_02.ogg	2.114	UNVERIFIED	generic-or-unlabeled-source
ambient_loops_rubberduck/rain.ogg	3.991	rain	filename-semantic-match
ambient_loops_rubberduck/rolling.ogg	1.056	UNVERIFIED	generic-or-unlabeled-source
ambient_loops_rubberduck/saw.ogg	2.339	UNVERIFIED	generic-or-unlabeled-source
ambient_loops_rubberduck/water_boiling.ogg	4.492	UNVERIFIED	generic-or-unlabeled-source
ambient_loops_rubberduck/water_flowing.ogg	1.883	UNVERIFIED	generic-or-unlabeled-source
ambient_loops_rubberduck/weird_01.ogg	1.153	UNVERIFIED	generic-or-unlabeled-source
ambient_loops_rubberduck/weird_02.ogg	2.278	UNVERIFIED	generic-or-unlabeled-source
ambient_loops_rubberduck/weird_03.ogg	3.467	UNVERIFIED	generic-or-unlabeled-source
breaking_falling_hits/bfh1_breaking_01.ogg	1.063	UNVERIFIED	generic-or-unlabeled-source
breaking_falling_hits/bfh1_breaking_02.ogg	0.542	UNVERIFIED	generic-or-unlabeled-source
breaking_falling_hits/bfh1_breaking_03.ogg	0.612	UNVERIFIED	generic-or-unlabeled-source
breaking_falling_hits/bfh1_falling_01.ogg	1.069	UNVERIFIED	generic-or-unlabeled-source
breaking_falling_hits/bfh1_falling_02.ogg	1.044	UNVERIFIED	generic-or-unlabeled-source
breaking_falling_hits/bfh1_falling_03.ogg	0.812	UNVERIFIED	generic-or-unlabeled-source
breaking_falling_hits/bfh1_falling_04.ogg	1.489	UNVERIFIED	generic-or-unlabeled-source
breaking_falling_hits/bfh1_falling_05.ogg	0.927	UNVERIFIED	generic-or-unlabeled-source
breaking_falling_hits/bfh1_falling_06.ogg	0.626	UNVERIFIED	generic-or-unlabeled-source
breaking_falling_hits/bfh1_falling_07.ogg	1.112	UNVERIFIED	generic-or-unlabeled-source
breaking_falling_hits/bfh1_glass_breaking_01.ogg	0.761	glass_break	filename-semantic-match
breaking_falling_hits/bfh1_glass_breaking_02.ogg	0.388	glass_break	filename-semantic-match
breaking_falling_hits/bfh1_glass_breaking_03.ogg	0.776	glass_break	filename-semantic-match
breaking_falling_hits/bfh1_glass_breaking_04.ogg	0.763	glass_break	filename-semantic-match
breaking_falling_hits/bfh1_glass_breaking_05.ogg	0.438	glass_break	filename-semantic-match
breaking_falling_hits/bfh1_glass_breaking_06.ogg	0.916	glass_break	filename-semantic-match
breaking_falling_hits/bfh1_glass_falling_01.ogg	0.431	glass_break	filename-semantic-match
breaking_falling_hits/bfh1_glass_falling_02.ogg	0.825	glass_break	filename-semantic-match
breaking_falling_hits/bfh1_glass_falling_03.ogg	0.554	glass_break	filename-semantic-match
breaking_falling_hits/bfh1_glass_falling_04.ogg	0.589	glass_break	filename-semantic-match
breaking_falling_hits/bfh1_glass_hit_01.ogg	0.302	glass_break	filename-semantic-match
breaking_falling_hits/bfh1_glass_hit_02.ogg	0.333	glass_break	filename-semantic-match
breaking_falling_hits/bfh1_hit_01.ogg	0.729	UNVERIFIED	generic-or-unlabeled-source
breaking_falling_hits/bfh1_hit_02.ogg	0.797	UNVERIFIED	generic-or-unlabeled-source
breaking_falling_hits/bfh1_hit_03.ogg	0.485	UNVERIFIED	generic-or-unlabeled-source
breaking_falling_hits/bfh1_hit_04.ogg	0.497	UNVERIFIED	generic-or-unlabeled-source
breaking_falling_hits/bfh1_hit_05.ogg	0.276	UNVERIFIED	generic-or-unlabeled-source
breaking_falling_hits/bfh1_hit_06.ogg	0.595	UNVERIFIED	generic-or-unlabeled-source
breaking_falling_hits/bfh1_hit_07.ogg	0.456	UNVERIFIED	generic-or-unlabeled-source
breaking_falling_hits/bfh1_hit_08.ogg	0.39	UNVERIFIED	generic-or-unlabeled-source
breaking_falling_hits/bfh1_hit_09.ogg	0.262	UNVERIFIED	generic-or-unlabeled-source
breaking_falling_hits/bfh1_hit_10.ogg	0.303	UNVERIFIED	generic-or-unlabeled-source
breaking_falling_hits/bfh1_hit_11.ogg	0.302	UNVERIFIED	generic-or-unlabeled-source
breaking_falling_hits/bfh1_hit_12.ogg	0.511	UNVERIFIED	generic-or-unlabeled-source
breaking_falling_hits/bfh1_hit_13.ogg	0.377	UNVERIFIED	generic-or-unlabeled-source
breaking_falling_hits/bfh1_metal_falling_01.ogg	1.16	UNVERIFIED	generic-or-unlabeled-source
breaking_falling_hits/bfh1_metal_falling_02.ogg	0.741	UNVERIFIED	generic-or-unlabeled-source
breaking_falling_hits/bfh1_metal_falling_03.ogg	0.42	UNVERIFIED	generic-or-unlabeled-source
breaking_falling_hits/bfh1_metal_falling_04.ogg	0.43	UNVERIFIED	generic-or-unlabeled-source
breaking_falling_hits/bfh1_metal_falling_05.ogg	0.403	UNVERIFIED	generic-or-unlabeled-source
breaking_falling_hits/bfh1_metal_hit_01.ogg	0.238	UNVERIFIED	generic-or-unlabeled-source
breaking_falling_hits/bfh1_metal_hit_02.ogg	0.55	UNVERIFIED	generic-or-unlabeled-source
breaking_falling_hits/bfh1_metal_hit_03.ogg	0.46	UNVERIFIED	generic-or-unlabeled-source
breaking_falling_hits/bfh1_metal_hit_04.ogg	0.406	UNVERIFIED	generic-or-unlabeled-source
breaking_falling_hits/bfh1_metal_hit_05.ogg	0.33	UNVERIFIED	generic-or-unlabeled-source
breaking_falling_hits/bfh1_metal_hit_06.ogg	0.371	UNVERIFIED	generic-or-unlabeled-source
breaking_falling_hits/bfh1_misc_01.ogg	0.518	UNVERIFIED	generic-or-unlabeled-source
breaking_falling_hits/bfh1_misc_02.ogg	0.935	UNVERIFIED	generic-or-unlabeled-source
breaking_falling_hits/bfh1_misc_03.ogg	0.415	UNVERIFIED	generic-or-unlabeled-source
breaking_falling_hits/bfh1_misc_04.ogg	0.258	UNVERIFIED	generic-or-unlabeled-source
breaking_falling_hits/bfh1_misc_05.ogg	0.238	UNVERIFIED	generic-or-unlabeled-source
breaking_falling_hits/bfh1_misc_06.ogg	0.99	UNVERIFIED	generic-or-unlabeled-source
breaking_falling_hits/bfh1_misc_07.ogg	0.729	UNVERIFIED	generic-or-unlabeled-source
breaking_falling_hits/bfh1_rock_breaking_01.ogg	1.147	UNVERIFIED	generic-or-unlabeled-source
breaking_falling_hits/bfh1_rock_breaking_02.ogg	0.865	UNVERIFIED	generic-or-unlabeled-source
breaking_falling_hits/bfh1_rock_breaking_03.ogg	0.455	UNVERIFIED	generic-or-unlabeled-source
breaking_falling_hits/bfh1_rock_falling_01.ogg	0.916	UNVERIFIED	generic-or-unlabeled-source
breaking_falling_hits/bfh1_rock_falling_02.ogg	0.506	UNVERIFIED	generic-or-unlabeled-source
breaking_falling_hits/bfh1_rock_falling_03.ogg	0.851	UNVERIFIED	generic-or-unlabeled-source
breaking_falling_hits/bfh1_rock_falling_04.ogg	0.32	UNVERIFIED	generic-or-unlabeled-source
breaking_falling_hits/bfh1_rock_falling_05.ogg	0.565	UNVERIFIED	generic-or-unlabeled-source
breaking_falling_hits/bfh1_rock_falling_06.ogg	0.464	UNVERIFIED	generic-or-unlabeled-source
breaking_falling_hits/bfh1_rock_falling_07.ogg	0.352	UNVERIFIED	generic-or-unlabeled-source
breaking_falling_hits/bfh1_rock_falling_08.ogg	0.393	UNVERIFIED	generic-or-unlabeled-source
breaking_falling_hits/bfh1_rock_falling_09.ogg	0.685	UNVERIFIED	generic-or-unlabeled-source
breaking_falling_hits/bfh1_rock_hit_01.ogg	0.109	UNVERIFIED	generic-or-unlabeled-source
breaking_falling_hits/bfh1_wood_breaking_01.ogg	0.298	wood_break	filename-semantic-match
breaking_falling_hits/bfh1_wood_breaking_02.ogg	0.249	wood_break	filename-semantic-match
breaking_falling_hits/bfh1_wood_breaking_03.ogg	0.487	wood_break	filename-semantic-match
breaking_falling_hits/bfh1_wood_breaking_04.ogg	0.32	wood_break	filename-semantic-match
breaking_falling_hits/bfh1_wood_falling_01.ogg	0.697	wood_break	filename-semantic-match
breaking_falling_hits/bfh1_wood_falling_02.ogg	0.45	wood_break	filename-semantic-match
breaking_falling_hits/bfh1_wood_hit_01.ogg	0.248	wood_break	filename-semantic-match
breaking_falling_hits/bfh1_wood_hit_02.ogg	0.281	wood_break	filename-semantic-match
breaking_falling_hits/bfh1_wood_hit_03.ogg	0.403	wood_break	filename-semantic-match
creature_rubberduck_01/alien_01.ogg	0.695	UNVERIFIED	generic-or-unlabeled-source
creature_rubberduck_01/alien_02.ogg	0.783	UNVERIFIED	generic-or-unlabeled-source
creature_rubberduck_01/alien_03.ogg	0.829	UNVERIFIED	generic-or-unlabeled-source
creature_rubberduck_01/alien_04.ogg	0.72	UNVERIFIED	generic-or-unlabeled-source
creature_rubberduck_01/alien_05.ogg	0.453	UNVERIFIED	generic-or-unlabeled-source
creature_rubberduck_01/alien_06.ogg	0.417	UNVERIFIED	generic-or-unlabeled-source
creature_rubberduck_01/barking_01.ogg	0.398	UNVERIFIED	generic-or-unlabeled-source
creature_rubberduck_01/barking_02.ogg	0.459	UNVERIFIED	generic-or-unlabeled-source
creature_rubberduck_01/breath.ogg	0.67	UNVERIFIED	generic-or-unlabeled-source
creature_rubberduck_01/bug_01.ogg	0.579	UNVERIFIED	generic-or-unlabeled-source
creature_rubberduck_01/bug_02.ogg	0.574	UNVERIFIED	generic-or-unlabeled-source
creature_rubberduck_01/bug_03.ogg	0.354	UNVERIFIED	generic-or-unlabeled-source
creature_rubberduck_01/bug_04.ogg	0.445	UNVERIFIED	generic-or-unlabeled-source
creature_rubberduck_01/burble_01.ogg	0.992	UNVERIFIED	generic-or-unlabeled-source
creature_rubberduck_01/burble_02.ogg	0.926	UNVERIFIED	generic-or-unlabeled-source
creature_rubberduck_01/burp_01.ogg	0.688	UNVERIFIED	generic-or-unlabeled-source
creature_rubberduck_01/burp_02.ogg	0.819	UNVERIFIED	generic-or-unlabeled-source
creature_rubberduck_01/cough_01.ogg	0.428	UNVERIFIED	generic-or-unlabeled-source
creature_rubberduck_01/cough_02.ogg	0.35	UNVERIFIED	generic-or-unlabeled-source
creature_rubberduck_01/cough_03.ogg	0.835	UNVERIFIED	generic-or-unlabeled-source
creature_rubberduck_01/cute_01.ogg	0.39	UNVERIFIED	generic-or-unlabeled-source
creature_rubberduck_01/cute_02.ogg	0.462	UNVERIFIED	generic-or-unlabeled-source
creature_rubberduck_01/cute_03.ogg	0.611	UNVERIFIED	generic-or-unlabeled-source
creature_rubberduck_01/cute_04.ogg	0.514	UNVERIFIED	generic-or-unlabeled-source
creature_rubberduck_01/cute_05.ogg	0.507	UNVERIFIED	generic-or-unlabeled-source
creature_rubberduck_01/cute_06.ogg	0.442	UNVERIFIED	generic-or-unlabeled-source
creature_rubberduck_01/cute_07.ogg	0.293	UNVERIFIED	generic-or-unlabeled-source
creature_rubberduck_01/cute_08.ogg	0.384	UNVERIFIED	generic-or-unlabeled-source
creature_rubberduck_01/cute_09.ogg	0.605	UNVERIFIED	generic-or-unlabeled-source
creature_rubberduck_01/cute_10.ogg	0.481	UNVERIFIED	generic-or-unlabeled-source
creature_rubberduck_01/eat_01.ogg	0.582	UNVERIFIED	generic-or-unlabeled-source
creature_rubberduck_01/eat_02.ogg	0.39	UNVERIFIED	generic-or-unlabeled-source
creature_rubberduck_01/eat_03.ogg	0.272	UNVERIFIED	generic-or-unlabeled-source
creature_rubberduck_01/eat_04.ogg	0.45	UNVERIFIED	generic-or-unlabeled-source
creature_rubberduck_01/grunt_01.ogg	0.933	UNVERIFIED	generic-or-unlabeled-source
creature_rubberduck_01/grunt_02.ogg	0.535	UNVERIFIED	generic-or-unlabeled-source
creature_rubberduck_01/grunt_03.ogg	0.666	UNVERIFIED	generic-or-unlabeled-source
creature_rubberduck_01/grunt_04.ogg	0.611	UNVERIFIED	generic-or-unlabeled-source
creature_rubberduck_01/grunt_05.ogg	0.65	UNVERIFIED	generic-or-unlabeled-source
creature_rubberduck_01/howl.ogg	0.717	UNVERIFIED	generic-or-unlabeled-source
creature_rubberduck_01/hurt_01.ogg	0.495	zombie_pain	filename-semantic-match
creature_rubberduck_01/hurt_02.ogg	0.48	zombie_pain	filename-semantic-match
creature_rubberduck_01/hurt_03.ogg	0.458	zombie_pain	filename-semantic-match
creature_rubberduck_01/hurt_04.ogg	0.349	zombie_pain	filename-semantic-match
creature_rubberduck_01/hurt_05.ogg	0.45	zombie_pain	filename-semantic-match
creature_rubberduck_01/misc_01.ogg	0.579	UNVERIFIED	generic-or-unlabeled-source
creature_rubberduck_01/misc_02.ogg	0.378	UNVERIFIED	generic-or-unlabeled-source
creature_rubberduck_01/misc_03.ogg	0.248	UNVERIFIED	generic-or-unlabeled-source
creature_rubberduck_01/misc_04.ogg	0.485	UNVERIFIED	generic-or-unlabeled-source
creature_rubberduck_01/misc_05.ogg	0.789	UNVERIFIED	generic-or-unlabeled-source
creature_rubberduck_01/misc_06.ogg	0.456	UNVERIFIED	generic-or-unlabeled-source
creature_rubberduck_01/misc_07.ogg	0.478	UNVERIFIED	generic-or-unlabeled-source
creature_rubberduck_01/misc_08.ogg	0.501	UNVERIFIED	generic-or-unlabeled-source
creature_rubberduck_01/misc_09.ogg	0.651	UNVERIFIED	generic-or-unlabeled-source
creature_rubberduck_01/monster_01.ogg	0.998	UNVERIFIED	generic-or-unlabeled-source
creature_rubberduck_01/monster_02.ogg	0.577	UNVERIFIED	generic-or-unlabeled-source
creature_rubberduck_01/monster_03.ogg	0.779	UNVERIFIED	generic-or-unlabeled-source
creature_rubberduck_01/monster_04.ogg	1.275	UNVERIFIED	generic-or-unlabeled-source
creature_rubberduck_01/monster_05.ogg	0.428	UNVERIFIED	generic-or-unlabeled-source
creature_rubberduck_01/monster_06.ogg	0.834	UNVERIFIED	generic-or-unlabeled-source
creature_rubberduck_01/monster_07.ogg	1.131	UNVERIFIED	generic-or-unlabeled-source
creature_rubberduck_01/nose.ogg	0.349	UNVERIFIED	generic-or-unlabeled-source
creature_rubberduck_01/ooh.ogg	0.739	UNVERIFIED	generic-or-unlabeled-source
creature_rubberduck_01/roar_01.ogg	0.373	UNVERIFIED	generic-or-unlabeled-source
creature_rubberduck_01/roar_02.ogg	0.903	UNVERIFIED	generic-or-unlabeled-source
creature_rubberduck_01/roar_03.ogg	0.458	UNVERIFIED	generic-or-unlabeled-source
creature_rubberduck_01/scream_01.ogg	0.96	UNVERIFIED	generic-or-unlabeled-source
creature_rubberduck_01/scream_02.ogg	0.96	UNVERIFIED	generic-or-unlabeled-source
creature_rubberduck_01/snore.ogg	0.442	UNVERIFIED	generic-or-unlabeled-source
creature_rubberduck_01/spit_01.ogg	0.488	UNVERIFIED	generic-or-unlabeled-source
creature_rubberduck_01/spit_02.ogg	0.687	UNVERIFIED	generic-or-unlabeled-source
creature_rubberduck_01/spit_03.ogg	0.363	UNVERIFIED	generic-or-unlabeled-source
creature_rubberduck_01/troll_01.ogg	0.571	UNVERIFIED	generic-or-unlabeled-source
creature_rubberduck_01/troll_02.ogg	0.794	UNVERIFIED	generic-or-unlabeled-source
creature_rubberduck_01/troll_03.ogg	0.42	UNVERIFIED	generic-or-unlabeled-source
creature_rubberduck_01/weird_01.ogg	0.604	UNVERIFIED	generic-or-unlabeled-source
creature_rubberduck_01/weird_02.ogg	0.458	UNVERIFIED	generic-or-unlabeled-source
creature_rubberduck_01/weird_03.ogg	0.388	UNVERIFIED	generic-or-unlabeled-source
creature_rubberduck_01/weird_04.ogg	0.304	UNVERIFIED	generic-or-unlabeled-source
creature_rubberduck_01/weird_05.ogg	0.673	UNVERIFIED	generic-or-unlabeled-source
creature_rubberduck_02/alien_07.ogg	0.538	UNVERIFIED	generic-or-unlabeled-source
creature_rubberduck_02/alien_08.ogg	0.655	UNVERIFIED	generic-or-unlabeled-source
creature_rubberduck_02/alien_09.ogg	0.602	UNVERIFIED	generic-or-unlabeled-source
creature_rubberduck_02/alien_10.ogg	0.611	UNVERIFIED	generic-or-unlabeled-source
creature_rubberduck_02/alien_11.ogg	0.309	UNVERIFIED	generic-or-unlabeled-source
creature_rubberduck_02/alien_12.ogg	0.443	UNVERIFIED	generic-or-unlabeled-source
creature_rubberduck_02/attack_01.ogg	0.188	zombie_attack	filename-semantic-match
creature_rubberduck_02/attack_02.ogg	0.69	zombie_attack	filename-semantic-match
creature_rubberduck_02/attack_03.ogg	0.51	zombie_attack	filename-semantic-match
creature_rubberduck_02/attack_04.ogg	1.019	zombie_attack	filename-semantic-match
creature_rubberduck_02/attack_05.ogg	0.133	zombie_attack	filename-semantic-match
creature_rubberduck_02/breath_02.ogg	0.356	UNVERIFIED	generic-or-unlabeled-source
creature_rubberduck_02/bug_05.ogg	0.335	UNVERIFIED	generic-or-unlabeled-source
creature_rubberduck_02/bug_06.ogg	0.419	UNVERIFIED	generic-or-unlabeled-source
creature_rubberduck_02/bug_07.ogg	0.455	UNVERIFIED	generic-or-unlabeled-source
creature_rubberduck_02/bug_08.ogg	0.35	UNVERIFIED	generic-or-unlabeled-source
creature_rubberduck_02/bug_09.ogg	0.3	UNVERIFIED	generic-or-unlabeled-source
creature_rubberduck_02/bug_10.ogg	0.378	UNVERIFIED	generic-or-unlabeled-source
creature_rubberduck_02/bug_11.ogg	0.345	UNVERIFIED	generic-or-unlabeled-source
creature_rubberduck_02/bug_12.ogg	0.304	UNVERIFIED	generic-or-unlabeled-source
creature_rubberduck_02/bug_13.ogg	0.281	UNVERIFIED	generic-or-unlabeled-source
creature_rubberduck_02/die_01.ogg	0.472	zombie_death	filename-semantic-match
creature_rubberduck_02/die_02.ogg	0.656	zombie_death	filename-semantic-match
creature_rubberduck_02/die_03.ogg	0.656	zombie_death	filename-semantic-match
creature_rubberduck_02/die_04.ogg	0.781	zombie_death	filename-semantic-match
creature_rubberduck_02/grunt_06.ogg	0.629	UNVERIFIED	generic-or-unlabeled-source
creature_rubberduck_02/grunt_07.ogg	0.775	UNVERIFIED	generic-or-unlabeled-source
creature_rubberduck_02/grunt_08.ogg	0.571	UNVERIFIED	generic-or-unlabeled-source
creature_rubberduck_02/grunt_09.ogg	0.679	UNVERIFIED	generic-or-unlabeled-source
creature_rubberduck_02/human_01.ogg	0.623	UNVERIFIED	generic-or-unlabeled-source
creature_rubberduck_02/human_02.ogg	0.75	UNVERIFIED	generic-or-unlabeled-source
creature_rubberduck_02/human_03.ogg	0.772	UNVERIFIED	generic-or-unlabeled-source
creature_rubberduck_02/human_04.ogg	0.657	UNVERIFIED	generic-or-unlabeled-source
creature_rubberduck_02/human_05.ogg	0.623	UNVERIFIED	generic-or-unlabeled-source
creature_rubberduck_02/human_06.ogg	0.75	UNVERIFIED	generic-or-unlabeled-source
creature_rubberduck_02/human_07.ogg	0.772	UNVERIFIED	generic-or-unlabeled-source
creature_rubberduck_02/human_08.ogg	0.657	UNVERIFIED	generic-or-unlabeled-source
creature_rubberduck_02/misc_10.ogg	0.793	UNVERIFIED	generic-or-unlabeled-source
creature_rubberduck_02/misc_11.ogg	0.723	UNVERIFIED	generic-or-unlabeled-source
creature_rubberduck_02/misc_12.ogg	0.313	UNVERIFIED	generic-or-unlabeled-source
creature_rubberduck_02/misc_13.ogg	0.653	UNVERIFIED	generic-or-unlabeled-source
creature_rubberduck_02/misc_14.ogg	0.481	UNVERIFIED	generic-or-unlabeled-source
creature_rubberduck_02/misc_15.ogg	0.352	UNVERIFIED	generic-or-unlabeled-source
creature_rubberduck_02/misc_16.ogg	0.562	UNVERIFIED	generic-or-unlabeled-source
creature_rubberduck_02/misc_17.ogg	0.451	UNVERIFIED	generic-or-unlabeled-source
creature_rubberduck_02/misc_18.ogg	0.452	UNVERIFIED	generic-or-unlabeled-source
creature_rubberduck_02/misc_19.ogg	0.301	UNVERIFIED	generic-or-unlabeled-source
creature_rubberduck_02/misc_20.ogg	0.364	UNVERIFIED	generic-or-unlabeled-source
creature_rubberduck_02/misc_21.ogg	0.355	UNVERIFIED	generic-or-unlabeled-source
creature_rubberduck_02/misc_22.ogg	0.333	UNVERIFIED	generic-or-unlabeled-source
creature_rubberduck_02/monster_08.ogg	0.481	UNVERIFIED	generic-or-unlabeled-source
creature_rubberduck_02/monster_09.ogg	0.55	UNVERIFIED	generic-or-unlabeled-source
creature_rubberduck_02/monster_10.ogg	0.493	UNVERIFIED	generic-or-unlabeled-source
creature_rubberduck_02/monster_11.ogg	0.407	UNVERIFIED	generic-or-unlabeled-source
creature_rubberduck_02/monster_12.ogg	0.609	UNVERIFIED	generic-or-unlabeled-source
creature_rubberduck_02/monster_13.ogg	0.696	UNVERIFIED	generic-or-unlabeled-source
creature_rubberduck_02/monster_14.ogg	0.518	UNVERIFIED	generic-or-unlabeled-source
creature_rubberduck_02/monster_15.ogg	0.395	UNVERIFIED	generic-or-unlabeled-source
creature_rubberduck_02/monster_16.ogg	0.72	UNVERIFIED	generic-or-unlabeled-source
creature_rubberduck_02/monster_17.ogg	0.871	UNVERIFIED	generic-or-unlabeled-source
creature_rubberduck_02/monster_18.ogg	0.788	UNVERIFIED	generic-or-unlabeled-source
creature_rubberduck_02/monster_19.ogg	1.422	UNVERIFIED	generic-or-unlabeled-source
creature_rubberduck_02/monster_20.ogg	1.523	UNVERIFIED	generic-or-unlabeled-source
creature_rubberduck_02/roar_04.ogg	0.906	UNVERIFIED	generic-or-unlabeled-source
creature_rubberduck_02/roar_05.ogg	1.127	UNVERIFIED	generic-or-unlabeled-source
creature_rubberduck_02/roar_06.ogg	0.946	UNVERIFIED	generic-or-unlabeled-source
creature_rubberduck_02/slime_01.ogg	0.539	UNVERIFIED	generic-or-unlabeled-source
creature_rubberduck_02/slime_02.ogg	0.534	UNVERIFIED	generic-or-unlabeled-source
creature_rubberduck_02/slime_03.ogg	0.454	UNVERIFIED	generic-or-unlabeled-source
creature_rubberduck_02/slime_04.ogg	0.537	UNVERIFIED	generic-or-unlabeled-source
creature_rubberduck_02/slime_05.ogg	0.603	UNVERIFIED	generic-or-unlabeled-source
creature_rubberduck_02/slime_06.ogg	0.448	UNVERIFIED	generic-or-unlabeled-source
creature_rubberduck_02/slime_07.ogg	0.376	UNVERIFIED	generic-or-unlabeled-source
creature_rubberduck_02/slime_08.ogg	0.63	UNVERIFIED	generic-or-unlabeled-source
creature_rubberduck_02/snore_02.ogg	0.931	UNVERIFIED	generic-or-unlabeled-source
creature_rubberduck_02/stomp_01.ogg	0.443	UNVERIFIED	generic-or-unlabeled-source
creature_rubberduck_02/weird_06.ogg	0.922	UNVERIFIED	generic-or-unlabeled-source
creature_rubberduck_02/weird_07.ogg	0.423	UNVERIFIED	generic-or-unlabeled-source
creature_rubberduck_02/weird_08.ogg	0.383	UNVERIFIED	generic-or-unlabeled-source
creature_rubberduck_02/weird_09.ogg	0.328	UNVERIFIED	generic-or-unlabeled-source
footsteps_snow_gravel/Corsica_S-Walking_in_Snow/Corsica_S-Walking_on_snow_covered_gravel_01.flac	0.477	footstep	filename-semantic-match
footsteps_snow_gravel/Corsica_S-Walking_in_Snow/Corsica_S-Walking_on_snow_covered_gravel_02.flac	0.694	footstep	filename-semantic-match
footsteps_snow_gravel/Corsica_S-Walking_in_Snow/Corsica_S-Walking_on_snow_covered_gravel_03.flac	0.65	footstep	filename-semantic-match
footsteps_snow_gravel/Corsica_S-Walking_in_Snow/Corsica_S-Walking_on_snow_covered_gravel_04.flac	0.679	footstep	filename-semantic-match
footsteps_snow_gravel/Corsica_S-Walking_in_Snow/Corsica_S-Walking_on_snow_covered_gravel_05.flac	0.641	footstep	filename-semantic-match
footsteps_snow_gravel/Corsica_S-Walking_in_Snow/Corsica_S-Walking_on_snow_covered_gravel_06.flac	0.666	footstep	filename-semantic-match
footsteps_snow_gravel/Corsica_S-Walking_in_Snow/Corsica_S-Walking_on_snow_covered_gravel_07.flac	0.69	footstep	filename-semantic-match
footsteps_snow_gravel/Corsica_S-Walking_in_Snow/Corsica_S-Walking_on_snow_covered_gravel_08.flac	0.614	footstep	filename-semantic-match
footsteps_snow_gravel/Corsica_S-Walking_in_Snow/Corsica_S-Walking_on_snow_covered_gravel_09.flac	0.614	footstep	filename-semantic-match
footsteps_snow_gravel/Corsica_S-Walking_in_Snow/Corsica_S-Walking_on_snow_covered_gravel_10.flac	0.656	footstep	filename-semantic-match
footsteps_snow_gravel/Corsica_S-Walking_in_Snow/Corsica_S-Walking_on_snow_covered_gravel_11.flac	0.627	footstep	filename-semantic-match
footsteps_snow_gravel/Corsica_S-Walking_in_Snow/Corsica_S-Walking_on_snow_covered_gravel_12.flac	0.554	footstep	filename-semantic-match
footsteps_snow_gravel/Corsica_S-Walking_in_Snow/Corsica_S-Walking_on_snow_covered_gravel_13.flac	0.72	footstep	filename-semantic-match
footsteps_snow_gravel/Corsica_S-Walking_in_Snow/Corsica_S-Walking_on_snow_covered_gravel_14.flac	0.67	footstep	filename-semantic-match
footsteps_snow_gravel/Corsica_S-Walking_in_Snow/Corsica_S-Walking_on_snow_covered_gravel_15.flac	0.586	footstep	filename-semantic-match
footsteps_snow_gravel/Corsica_S-Walking_in_Snow/Corsica_S-Walking_on_snow_covered_gravel_16.flac	0.589	footstep	filename-semantic-match
footsteps_snow_gravel/Corsica_S-Walking_in_Snow/Corsica_S-Walking_on_snow_covered_gravel_17.flac	0.708	footstep	filename-semantic-match
footsteps_snow_gravel/Corsica_S-Walking_in_Snow/Corsica_S-Walking_on_snow_covered_gravel_18.flac	0.448	footstep	filename-semantic-match
footsteps_snow_gravel/Corsica_S-Walking_in_Snow/Corsica_S-Walking_on_snow_covered_gravel_and_ice_01.flac	0.442	footstep	filename-semantic-match
footsteps_snow_gravel/Corsica_S-Walking_in_Snow/Corsica_S-Walking_on_snow_covered_gravel_and_ice_02.flac	0.63	footstep	filename-semantic-match
footsteps_snow_gravel/Corsica_S-Walking_in_Snow/Corsica_S-Walking_on_snow_covered_gravel_and_ice_03.flac	0.637	footstep	filename-semantic-match
footsteps_snow_gravel/Corsica_S-Walking_in_Snow/Corsica_S-Walking_on_snow_covered_gravel_and_ice_04.flac	0.609	footstep	filename-semantic-match
footsteps_snow_gravel/Corsica_S-Walking_in_Snow/Corsica_S-Walking_on_snow_covered_gravel_and_ice_05.flac	0.621	footstep	filename-semantic-match
footsteps_snow_gravel/Corsica_S-Walking_in_Snow/Corsica_S-Walking_on_snow_covered_gravel_and_ice_06.flac	0.675	footstep	filename-semantic-match
footsteps_snow_gravel/Corsica_S-Walking_in_Snow/Corsica_S-Walking_on_snow_covered_gravel_and_ice_07.flac	0.603	footstep	filename-semantic-match
footsteps_snow_gravel/Corsica_S-Walking_in_Snow/Corsica_S-Walking_on_snow_covered_gravel_and_ice_08.flac	0.534	footstep	filename-semantic-match
footsteps_snow_gravel/Corsica_S-Walking_in_Snow/Corsica_S-Walking_on_snow_covered_gravel_and_ice_09.flac	0.58	footstep	filename-semantic-match
footsteps_snow_gravel/Corsica_S-Walking_in_Snow/Corsica_S-Walking_on_snow_covered_gravel_and_ice_10.flac	0.678	footstep	filename-semantic-match
footsteps_snow_gravel/Corsica_S-Walking_in_Snow/Corsica_S-Walking_on_snow_covered_gravel_and_ice_11.flac	0.619	footstep	filename-semantic-match
footsteps_snow_gravel/Corsica_S-Walking_in_Snow/Corsica_S-Walking_on_snow_covered_gravel_and_ice_12.flac	0.603	footstep	filename-semantic-match
footsteps_snow_gravel/Corsica_S-Walking_in_Snow/Corsica_S-Walking_on_snow_covered_gravel_and_ice_13.flac	0.6	footstep	filename-semantic-match
footsteps_snow_gravel/Corsica_S-Walking_in_Snow/Corsica_S-Walking_on_snow_covered_gravel_and_ice_14.flac	0.573	footstep	filename-semantic-match
footsteps_snow_gravel/Corsica_S-Walking_in_Snow/Corsica_S-Walking_on_snow_covered_gravel_and_ice_15.flac	0.507	footstep	filename-semantic-match
footsteps_snow_gravel/Corsica_S-Walking_in_Snow/Corsica_S-Walking_on_snow_covered_gravel_and_ice_16.flac	0.706	footstep	filename-semantic-match
footsteps_snow_gravel/Corsica_S-Walking_in_Snow/Corsica_S-Walking_on_snow_covered_gravel_and_ice_17.flac	0.525	footstep	filename-semantic-match
footsteps_snow_gravel/Corsica_S-Walking_in_Snow/Corsica_S-Walking_on_snow_covered_gravel_and_ice_18.flac	0.701	footstep	filename-semantic-match
footsteps_snow_gravel/Corsica_S-Walking_in_Snow/Corsica_S-Walking_on_snow_covered_gravel_and_ice_19.flac	0.626	footstep	filename-semantic-match
footsteps_snow_gravel/Corsica_S-Walking_in_Snow/Corsica_S-Walking_on_snow_covered_gravel_and_ice_20.flac	0.512	footstep	filename-semantic-match
footsteps_snow_gravel/Corsica_S-Walking_in_Snow/Corsica_S-Walking_on_snow_covered_gravel_and_ice_21.flac	0.675	footstep	filename-semantic-match
footsteps_snow_gravel/Corsica_S-Walking_in_Snow/Corsica_S-Walking_on_snow_covered_gravel_and_ice_22.flac	0.659	footstep	filename-semantic-match
footsteps_snow_gravel/Corsica_S-Walking_in_Snow/Corsica_S-Walking_on_snow_covered_gravel_and_ice_23.flac	0.557	footstep	filename-semantic-match
footsteps_snow_gravel/Corsica_S-Walking_in_Snow/Corsica_S-Walking_on_snow_covered_gravel_and_ice_24.flac	0.437	footstep	filename-semantic-match
footsteps_snow_shoes/Corsica_S-Snow_Shoes/Corsica_S-Snow_Shoes-01.flac	0.732	footstep	filename-semantic-match
footsteps_snow_shoes/Corsica_S-Snow_Shoes/Corsica_S-Snow_Shoes-02.flac	0.613	footstep	filename-semantic-match
footsteps_snow_shoes/Corsica_S-Snow_Shoes/Corsica_S-Snow_Shoes-03.flac	0.76	footstep	filename-semantic-match
footsteps_snow_shoes/Corsica_S-Snow_Shoes/Corsica_S-Snow_Shoes-04.flac	0.714	footstep	filename-semantic-match
footsteps_snow_shoes/Corsica_S-Snow_Shoes/Corsica_S-Snow_Shoes-05.flac	0.813	footstep	filename-semantic-match
footsteps_snow_shoes/Corsica_S-Snow_Shoes/Corsica_S-Snow_Shoes-06.flac	0.724	footstep	filename-semantic-match
footsteps_snow_shoes/Corsica_S-Snow_Shoes/Corsica_S-Snow_Shoes-07.flac	0.75	footstep	filename-semantic-match
footsteps_snow_shoes/Corsica_S-Snow_Shoes/Corsica_S-Snow_Shoes-08.flac	0.743	footstep	filename-semantic-match
footsteps_snow_shoes/Corsica_S-Snow_Shoes/Corsica_S-Snow_Shoes-09.flac	0.756	footstep	filename-semantic-match
footsteps_snow_shoes/Corsica_S-Snow_Shoes/Corsica_S-Snow_Shoes-10.flac	0.594	footstep	filename-semantic-match
footsteps_snow_shoes/Corsica_S-Snow_Shoes/Corsica_S-Snow_Shoes-11.flac	0.68	footstep	filename-semantic-match
footsteps_snow_shoes/Corsica_S-Snow_Shoes/Corsica_S-Snow_Shoes-12.flac	0.414	footstep	filename-semantic-match
footsteps_snow_shoes/Corsica_S-Snow_Shoes/Corsica_S-Snow_Shoes-13.flac	0.793	footstep	filename-semantic-match
footsteps_snow_shoes/Corsica_S-Snow_Shoes/Corsica_S-Snow_Shoes-14.flac	0.732	footstep	filename-semantic-match
footsteps_snow_shoes/Corsica_S-Snow_Shoes/Corsica_S-Snow_Shoes-15.flac	0.783	footstep	filename-semantic-match
footsteps_snow_shoes/Corsica_S-Snow_Shoes/Corsica_S-Snow_Shoes-16.flac	0.795	footstep	filename-semantic-match
footsteps_snow_shoes/Corsica_S-Snow_Shoes/Corsica_S-Snow_Shoes-17.flac	0.84	footstep	filename-semantic-match
footsteps_snow_shoes/Corsica_S-Snow_Shoes/Corsica_S-Snow_Shoes-18.flac	0.62	footstep	filename-semantic-match
footsteps_snow_shoes/Corsica_S-Snow_Shoes/Corsica_S-Snow_Shoes-19.flac	0.69	footstep	filename-semantic-match
footsteps_snow_shoes/Corsica_S-Snow_Shoes/Corsica_S-Snow_Shoes-20.flac	0.658	footstep	filename-semantic-match
footsteps_snow_shoes/Corsica_S-Snow_Shoes/Corsica_S-Snow_Shoes-21.flac	0.864	footstep	filename-semantic-match
footsteps_snow_shoes/Corsica_S-Snow_Shoes/Corsica_S-Snow_Shoes-22.flac	0.675	footstep	filename-semantic-match
footsteps_snow_shoes/Corsica_S-Snow_Shoes/Corsica_S-Snow_Shoes-23.flac	0.727	footstep	filename-semantic-match
footsteps_snow_shoes/Corsica_S-Snow_Shoes/Corsica_S-Snow_Shoes-24.flac	0.653	footstep	filename-semantic-match
footsteps_snow_shoes/Corsica_S-Snow_Shoes/Corsica_S-Snow_Shoes-25.flac	0.799	footstep	filename-semantic-match
footsteps_snow_shoes/Corsica_S-Snow_Shoes/Corsica_S-Snow_Shoes-26.flac	0.73	footstep	filename-semantic-match
footsteps_snow_shoes/Corsica_S-Snow_Shoes/Corsica_S-Snow_Shoes-27.flac	0.811	footstep	filename-semantic-match
footsteps_snow_shoes/Corsica_S-Snow_Shoes/Corsica_S-Snow_Shoes-28.flac	0.685	footstep	filename-semantic-match
footsteps_snow_shoes/Corsica_S-Snow_Shoes/Corsica_S-Snow_Shoes-29.flac	0.802	footstep	filename-semantic-match
footsteps_snow_shoes/Corsica_S-Snow_Shoes/Corsica_S-Snow_Shoes-30.flac	0.632	footstep	filename-semantic-match
footsteps_snow_shoes/Corsica_S-Snow_Shoes/Corsica_S-Snow_Shoes-31.flac	0.753	footstep	filename-semantic-match
footsteps_snow_shoes/Corsica_S-Snow_Shoes/Corsica_S-Snow_Shoes-32.flac	0.806	footstep	filename-semantic-match
footsteps_snow_shoes/Corsica_S-Snow_Shoes/Corsica_S-Snow_Shoes-33.flac	0.747	footstep	filename-semantic-match
footsteps_snow_shoes/Corsica_S-Snow_Shoes/Corsica_S-Snow_Shoes-34.flac	0.492	footstep	filename-semantic-match
footsteps_snow_shoes/Corsica_S-Snow_Shoes/Corsica_S-Snow_Shoes-35.flac	0.742	footstep	filename-semantic-match
footsteps_snow_shoes/Corsica_S-Snow_Shoes/Corsica_S-Snow_Shoes-36.flac	0.523	footstep	filename-semantic-match
footsteps_snow_shoes/Corsica_S-Snow_Shoes/Corsica_S-Snow_Shoes-37.flac	0.819	footstep	filename-semantic-match
footsteps_snow_shoes/Corsica_S-Snow_Shoes/Corsica_S-Snow_Shoes-38.flac	0.736	footstep	filename-semantic-match
footsteps_snow_shoes/Corsica_S-Snow_Shoes/Corsica_S-Snow_Shoes-39.flac	0.685	footstep	filename-semantic-match
footsteps_snow_shoes/Corsica_S-Snow_Shoes/Corsica_S-Snow_Shoes-40.flac	0.611	footstep	filename-semantic-match
footsteps_snow_shoes/Corsica_S-Snow_Shoes/Corsica_S-Snow_Shoes-41.flac	0.76	footstep	filename-semantic-match
general_sfx_rubberduck_01/bell_01.ogg	1.3	UNVERIFIED	generic-or-unlabeled-source
general_sfx_rubberduck_01/bell_02.ogg	0.531	UNVERIFIED	generic-or-unlabeled-source
general_sfx_rubberduck_01/bell_03.ogg	1.783	UNVERIFIED	generic-or-unlabeled-source
general_sfx_rubberduck_01/dishes_01.ogg	0.794	UNVERIFIED	generic-or-unlabeled-source
general_sfx_rubberduck_01/dishes_02.ogg	0.612	UNVERIFIED	generic-or-unlabeled-source
general_sfx_rubberduck_01/dishes_03.ogg	0.729	UNVERIFIED	generic-or-unlabeled-source
general_sfx_rubberduck_01/dishes_04.ogg	0.612	UNVERIFIED	generic-or-unlabeled-source
general_sfx_rubberduck_01/door_01.ogg	2.78	door	filename-semantic-match
general_sfx_rubberduck_01/door_02.ogg	2.643	door	filename-semantic-match
general_sfx_rubberduck_01/door_close_01.ogg	0.497	door	filename-semantic-match
general_sfx_rubberduck_01/door_close_02.ogg	0.859	door	filename-semantic-match
general_sfx_rubberduck_01/door_close_03.ogg	0.424	door	filename-semantic-match
general_sfx_rubberduck_01/door_close_04.ogg	0.537	door	filename-semantic-match
general_sfx_rubberduck_01/door_open.ogg	0.452	door	filename-semantic-match
general_sfx_rubberduck_01/explosion.ogg	0.562	UNVERIFIED	generic-or-unlabeled-source
general_sfx_rubberduck_01/glass_01.ogg	0.39	UNVERIFIED	generic-or-unlabeled-source
general_sfx_rubberduck_01/glass_02.ogg	0.366	UNVERIFIED	generic-or-unlabeled-source
general_sfx_rubberduck_01/glass_03.ogg	0.414	UNVERIFIED	generic-or-unlabeled-source
general_sfx_rubberduck_01/glass_04.ogg	0.956	UNVERIFIED	generic-or-unlabeled-source
general_sfx_rubberduck_01/glass_05.ogg	1.032	UNVERIFIED	generic-or-unlabeled-source
general_sfx_rubberduck_01/gong_01.ogg	1.424	UNVERIFIED	generic-or-unlabeled-source
general_sfx_rubberduck_01/gong_02.ogg	1.193	UNVERIFIED	generic-or-unlabeled-source
general_sfx_rubberduck_01/hit_01.ogg	0.265	UNVERIFIED	generic-or-unlabeled-source
general_sfx_rubberduck_01/hit_02.ogg	0.327	UNVERIFIED	generic-or-unlabeled-source
general_sfx_rubberduck_01/hit_03.ogg	0.426	UNVERIFIED	generic-or-unlabeled-source
general_sfx_rubberduck_01/hit_04.ogg	0.451	UNVERIFIED	generic-or-unlabeled-source
general_sfx_rubberduck_01/key_open_01.ogg	0.432	UNVERIFIED	generic-or-unlabeled-source
general_sfx_rubberduck_01/key_open_02.ogg	0.337	UNVERIFIED	generic-or-unlabeled-source
general_sfx_rubberduck_01/machine_01.ogg	0.554	UNVERIFIED	generic-or-unlabeled-source
general_sfx_rubberduck_01/machine_02.ogg	0.526	UNVERIFIED	generic-or-unlabeled-source
general_sfx_rubberduck_01/machine_03.ogg	0.462	UNVERIFIED	generic-or-unlabeled-source
general_sfx_rubberduck_01/metal_01.ogg	0.607	UNVERIFIED	generic-or-unlabeled-source
general_sfx_rubberduck_01/metal_02.ogg	0.286	UNVERIFIED	generic-or-unlabeled-source
general_sfx_rubberduck_01/metal_03.ogg	0.35	UNVERIFIED	generic-or-unlabeled-source
general_sfx_rubberduck_01/metal_04.ogg	1.003	UNVERIFIED	generic-or-unlabeled-source
general_sfx_rubberduck_01/metal_05.ogg	0.837	UNVERIFIED	generic-or-unlabeled-source
general_sfx_rubberduck_01/metal_06.ogg	0.679	UNVERIFIED	generic-or-unlabeled-source
general_sfx_rubberduck_01/metal_07.ogg	0.736	UNVERIFIED	generic-or-unlabeled-source
general_sfx_rubberduck_01/metal_08.ogg	0.834	UNVERIFIED	generic-or-unlabeled-source
general_sfx_rubberduck_01/metal_09.ogg	0.667	UNVERIFIED	generic-or-unlabeled-source
general_sfx_rubberduck_01/metal_10.ogg	0.727	UNVERIFIED	generic-or-unlabeled-source
general_sfx_rubberduck_01/metal_11.ogg	0.415	UNVERIFIED	generic-or-unlabeled-source
general_sfx_rubberduck_01/metal_12.ogg	1.232	UNVERIFIED	generic-or-unlabeled-source
general_sfx_rubberduck_01/microwave_door_close.ogg	0.725	door	filename-semantic-match
general_sfx_rubberduck_01/microwave_door_open.ogg	0.747	door	filename-semantic-match
general_sfx_rubberduck_01/noise_01.ogg	0.412	UNVERIFIED	generic-or-unlabeled-source
general_sfx_rubberduck_01/noise_02.ogg	0.508	UNVERIFIED	generic-or-unlabeled-source
general_sfx_rubberduck_01/other_01.ogg	0.805	UNVERIFIED	generic-or-unlabeled-source
general_sfx_rubberduck_01/other_02.ogg	0.306	UNVERIFIED	generic-or-unlabeled-source
general_sfx_rubberduck_01/other_03.ogg	0.523	UNVERIFIED	generic-or-unlabeled-source
general_sfx_rubberduck_01/other_04.ogg	0.306	UNVERIFIED	generic-or-unlabeled-source
general_sfx_rubberduck_01/other_05.ogg	0.437	UNVERIFIED	generic-or-unlabeled-source
general_sfx_rubberduck_01/other_06.ogg	0.234	UNVERIFIED	generic-or-unlabeled-source
general_sfx_rubberduck_01/other_07.ogg	0.507	UNVERIFIED	generic-or-unlabeled-source
general_sfx_rubberduck_01/paper_01.ogg	0.421	UNVERIFIED	generic-or-unlabeled-source
general_sfx_rubberduck_01/paper_02.ogg	0.548	UNVERIFIED	generic-or-unlabeled-source
general_sfx_rubberduck_01/paper_03.ogg	0.55	UNVERIFIED	generic-or-unlabeled-source
general_sfx_rubberduck_01/paper_04.ogg	0.609	UNVERIFIED	generic-or-unlabeled-source
general_sfx_rubberduck_01/plop_01.ogg	0.3	UNVERIFIED	generic-or-unlabeled-source
general_sfx_rubberduck_01/plop_02.ogg	0.359	UNVERIFIED	generic-or-unlabeled-source
general_sfx_rubberduck_01/pot_01.ogg	0.406	UNVERIFIED	generic-or-unlabeled-source
general_sfx_rubberduck_01/pot_02.ogg	0.629	UNVERIFIED	generic-or-unlabeled-source
general_sfx_rubberduck_01/shot_01.ogg	0.752	UNVERIFIED	generic-or-unlabeled-source
general_sfx_rubberduck_01/shot_02.ogg	0.325	UNVERIFIED	generic-or-unlabeled-source
general_sfx_rubberduck_01/slam_01.ogg	0.474	UNVERIFIED	generic-or-unlabeled-source
general_sfx_rubberduck_01/slam_02.ogg	0.637	UNVERIFIED	generic-or-unlabeled-source
general_sfx_rubberduck_01/slam_03.ogg	0.563	UNVERIFIED	generic-or-unlabeled-source
general_sfx_rubberduck_01/slam_04.ogg	0.302	UNVERIFIED	generic-or-unlabeled-source
general_sfx_rubberduck_01/slam_05.ogg	0.359	UNVERIFIED	generic-or-unlabeled-source
general_sfx_rubberduck_01/slam_06.ogg	0.447	UNVERIFIED	generic-or-unlabeled-source
general_sfx_rubberduck_01/slam_07.ogg	0.672	UNVERIFIED	generic-or-unlabeled-source
general_sfx_rubberduck_01/splash_01.ogg	0.739	UNVERIFIED	generic-or-unlabeled-source
general_sfx_rubberduck_01/splash_02.ogg	0.649	UNVERIFIED	generic-or-unlabeled-source
general_sfx_rubberduck_01/spring_01.ogg	1.301	UNVERIFIED	generic-or-unlabeled-source
general_sfx_rubberduck_01/spring_02.ogg	1.314	UNVERIFIED	generic-or-unlabeled-source
general_sfx_rubberduck_01/spring_03.ogg	0.497	UNVERIFIED	generic-or-unlabeled-source
general_sfx_rubberduck_01/spring_04.ogg	0.555	UNVERIFIED	generic-or-unlabeled-source
general_sfx_rubberduck_01/spring_05.ogg	0.651	UNVERIFIED	generic-or-unlabeled-source
general_sfx_rubberduck_01/spring_06.ogg	0.91	UNVERIFIED	generic-or-unlabeled-source
general_sfx_rubberduck_01/spring_07.ogg	0.596	UNVERIFIED	generic-or-unlabeled-source
general_sfx_rubberduck_01/spring_08.ogg	0.703	UNVERIFIED	generic-or-unlabeled-source
general_sfx_rubberduck_01/spring_09.ogg	0.606	UNVERIFIED	generic-or-unlabeled-source
general_sfx_rubberduck_01/switch_01.ogg	0.231	UNVERIFIED	generic-or-unlabeled-source
general_sfx_rubberduck_01/switch_02.ogg	0.457	UNVERIFIED	generic-or-unlabeled-source
general_sfx_rubberduck_01/toilet_01.ogg	7.016	UNVERIFIED	generic-or-unlabeled-source
general_sfx_rubberduck_01/toilet_02.ogg	4.125	UNVERIFIED	generic-or-unlabeled-source
general_sfx_rubberduck_01/tools_01.ogg	0.51	UNVERIFIED	generic-or-unlabeled-source
general_sfx_rubberduck_01/tools_02.ogg	0.555	UNVERIFIED	generic-or-unlabeled-source
general_sfx_rubberduck_01/tools_03.ogg	0.63	UNVERIFIED	generic-or-unlabeled-source
general_sfx_rubberduck_01/tools_04.ogg	0.528	UNVERIFIED	generic-or-unlabeled-source
general_sfx_rubberduck_01/tools_05.ogg	0.569	UNVERIFIED	generic-or-unlabeled-source
general_sfx_rubberduck_01/weird_01.ogg	0.231	UNVERIFIED	generic-or-unlabeled-source
general_sfx_rubberduck_01/weird_02.ogg	0.71	UNVERIFIED	generic-or-unlabeled-source
general_sfx_rubberduck_01/weird_03.ogg	0.548	UNVERIFIED	generic-or-unlabeled-source
general_sfx_rubberduck_01/weird_04.ogg	1.075	UNVERIFIED	generic-or-unlabeled-source
general_sfx_rubberduck_01/weird_05.ogg	0.687	UNVERIFIED	generic-or-unlabeled-source
general_sfx_rubberduck_01/wooded_box_open.ogg	0.374	UNVERIFIED	generic-or-unlabeled-source
general_sfx_rubberduck_01/wooden_01.ogg	0.374	UNVERIFIED	generic-or-unlabeled-source
general_sfx_rubberduck_01/wooden_02.ogg	0.4	UNVERIFIED	generic-or-unlabeled-source
general_sfx_rubberduck_01/wooden_03.ogg	0.426	UNVERIFIED	generic-or-unlabeled-source
general_sfx_rubberduck_02/sfx100v2_air_01.ogg	2.638	UNVERIFIED	generic-or-unlabeled-source
general_sfx_rubberduck_02/sfx100v2_air_02.ogg	1.105	UNVERIFIED	generic-or-unlabeled-source
general_sfx_rubberduck_02/sfx100v2_air_03.ogg	0.285	UNVERIFIED	generic-or-unlabeled-source
general_sfx_rubberduck_02/sfx100v2_door_01.ogg	0.415	door	filename-semantic-match
general_sfx_rubberduck_02/sfx100v2_door_02.ogg	0.304	door	filename-semantic-match
general_sfx_rubberduck_02/sfx100v2_door_03.ogg	0.753	door	filename-semantic-match
general_sfx_rubberduck_02/sfx100v2_door_04.ogg	0.201	door	filename-semantic-match
general_sfx_rubberduck_02/sfx100v2_door_05.ogg	0.306	door	filename-semantic-match
general_sfx_rubberduck_02/sfx100v2_footstep_01.ogg	0.417	footstep	filename-semantic-match
general_sfx_rubberduck_02/sfx100v2_footstep_02.ogg	0.355	footstep	filename-semantic-match
general_sfx_rubberduck_02/sfx100v2_footstep_wet_01.ogg	0.283	footstep	filename-semantic-match
general_sfx_rubberduck_02/sfx100v2_footstep_wet_02.ogg	0.402	footstep	filename-semantic-match
general_sfx_rubberduck_02/sfx100v2_footstep_wet_03.ogg	0.385	footstep	filename-semantic-match
general_sfx_rubberduck_02/sfx100v2_footstep_wood_01.ogg	0.265	footstep	filename-semantic-match
general_sfx_rubberduck_02/sfx100v2_footstep_wood_02.ogg	0.247	footstep	filename-semantic-match
general_sfx_rubberduck_02/sfx100v2_footstep_wood_03.ogg	0.256	footstep	filename-semantic-match
general_sfx_rubberduck_02/sfx100v2_footstep_wood_04.ogg	0.373	footstep	filename-semantic-match
general_sfx_rubberduck_02/sfx100v2_glass_01.ogg	0.364	UNVERIFIED	generic-or-unlabeled-source
general_sfx_rubberduck_02/sfx100v2_glass_02.ogg	0.665	UNVERIFIED	generic-or-unlabeled-source
general_sfx_rubberduck_02/sfx100v2_glass_03.ogg	0.609	UNVERIFIED	generic-or-unlabeled-source
general_sfx_rubberduck_02/sfx100v2_glass_04.ogg	0.235	UNVERIFIED	generic-or-unlabeled-source
general_sfx_rubberduck_02/sfx100v2_glass_05.ogg	0.547	UNVERIFIED	generic-or-unlabeled-source
general_sfx_rubberduck_02/sfx100v2_glass_06.ogg	0.395	UNVERIFIED	generic-or-unlabeled-source
general_sfx_rubberduck_02/sfx100v2_hit_01.ogg	0.481	UNVERIFIED	generic-or-unlabeled-source
general_sfx_rubberduck_02/sfx100v2_hit_02.ogg	0.457	UNVERIFIED	generic-or-unlabeled-source
general_sfx_rubberduck_02/sfx100v2_hit_03.ogg	0.224	UNVERIFIED	generic-or-unlabeled-source
general_sfx_rubberduck_02/sfx100v2_items_01.ogg	0.57	UNVERIFIED	generic-or-unlabeled-source
general_sfx_rubberduck_02/sfx100v2_items_02.ogg	0.508	UNVERIFIED	generic-or-unlabeled-source
general_sfx_rubberduck_02/sfx100v2_lock_open_01.ogg	0.643	UNVERIFIED	generic-or-unlabeled-source
general_sfx_rubberduck_02/sfx100v2_loop_ambient_01.ogg	10.086	UNVERIFIED	generic-or-unlabeled-source
general_sfx_rubberduck_02/sfx100v2_loop_ambient_02.ogg	2.998	UNVERIFIED	generic-or-unlabeled-source
general_sfx_rubberduck_02/sfx100v2_loop_ambient_03.ogg	3.511	UNVERIFIED	generic-or-unlabeled-source
general_sfx_rubberduck_02/sfx100v2_loop_ambient_04.ogg	10.125	UNVERIFIED	generic-or-unlabeled-source
general_sfx_rubberduck_02/sfx100v2_loop_construction_site.ogg	14.52	UNVERIFIED	generic-or-unlabeled-source
general_sfx_rubberduck_02/sfx100v2_loop_highway.ogg	16.669	UNVERIFIED	generic-or-unlabeled-source
general_sfx_rubberduck_02/sfx100v2_loop_machine_01.ogg	7.558	UNVERIFIED	generic-or-unlabeled-source
general_sfx_rubberduck_02/sfx100v2_loop_machine_02.ogg	10.652	UNVERIFIED	generic-or-unlabeled-source
general_sfx_rubberduck_02/sfx100v2_loop_machine_03.ogg	1.839	UNVERIFIED	generic-or-unlabeled-source
general_sfx_rubberduck_02/sfx100v2_loop_machine_04.ogg	4.576	UNVERIFIED	generic-or-unlabeled-source
general_sfx_rubberduck_02/sfx100v2_loop_water_01.ogg	6.367	UNVERIFIED	generic-or-unlabeled-source
general_sfx_rubberduck_02/sfx100v2_loop_water_02.ogg	8.734	UNVERIFIED	generic-or-unlabeled-source
general_sfx_rubberduck_02/sfx100v2_loop_water_03.ogg	9.707	UNVERIFIED	generic-or-unlabeled-source
general_sfx_rubberduck_02/sfx100v2_metal_01.ogg	0.58	UNVERIFIED	generic-or-unlabeled-source
general_sfx_rubberduck_02/sfx100v2_metal_02.ogg	0.319	UNVERIFIED	generic-or-unlabeled-source
general_sfx_rubberduck_02/sfx100v2_metal_03.ogg	0.285	UNVERIFIED	generic-or-unlabeled-source
general_sfx_rubberduck_02/sfx100v2_metal_04.ogg	0.382	UNVERIFIED	generic-or-unlabeled-source
general_sfx_rubberduck_02/sfx100v2_metal_05.ogg	0.475	UNVERIFIED	generic-or-unlabeled-source
general_sfx_rubberduck_02/sfx100v2_metal_06.ogg	0.287	UNVERIFIED	generic-or-unlabeled-source
general_sfx_rubberduck_02/sfx100v2_metal_hit_01.ogg	0.811	UNVERIFIED	generic-or-unlabeled-source
general_sfx_rubberduck_02/sfx100v2_metal_hit_02.ogg	0.21	UNVERIFIED	generic-or-unlabeled-source
general_sfx_rubberduck_02/sfx100v2_misc_01.ogg	0.258	UNVERIFIED	generic-or-unlabeled-source
general_sfx_rubberduck_02/sfx100v2_misc_02.ogg	0.814	UNVERIFIED	generic-or-unlabeled-source
general_sfx_rubberduck_02/sfx100v2_misc_03.ogg	0.927	UNVERIFIED	generic-or-unlabeled-source
general_sfx_rubberduck_02/sfx100v2_misc_04.ogg	0.464	UNVERIFIED	generic-or-unlabeled-source
general_sfx_rubberduck_02/sfx100v2_misc_05.ogg	0.542	UNVERIFIED	generic-or-unlabeled-source
general_sfx_rubberduck_02/sfx100v2_misc_06.ogg	0.381	UNVERIFIED	generic-or-unlabeled-source
general_sfx_rubberduck_02/sfx100v2_misc_07.ogg	0.178	UNVERIFIED	generic-or-unlabeled-source
general_sfx_rubberduck_02/sfx100v2_misc_08.ogg	0.268	UNVERIFIED	generic-or-unlabeled-source
general_sfx_rubberduck_02/sfx100v2_misc_09.ogg	0.665	UNVERIFIED	generic-or-unlabeled-source
general_sfx_rubberduck_02/sfx100v2_misc_10.ogg	1.058	UNVERIFIED	generic-or-unlabeled-source
general_sfx_rubberduck_02/sfx100v2_misc_11.ogg	0.359	UNVERIFIED	generic-or-unlabeled-source
general_sfx_rubberduck_02/sfx100v2_misc_12.ogg	2.473	UNVERIFIED	generic-or-unlabeled-source
general_sfx_rubberduck_02/sfx100v2_misc_13.ogg	0.672	UNVERIFIED	generic-or-unlabeled-source
general_sfx_rubberduck_02/sfx100v2_misc_14.ogg	0.368	UNVERIFIED	generic-or-unlabeled-source
general_sfx_rubberduck_02/sfx100v2_misc_15.ogg	0.529	UNVERIFIED	generic-or-unlabeled-source
general_sfx_rubberduck_02/sfx100v2_misc_16.ogg	0.796	UNVERIFIED	generic-or-unlabeled-source
general_sfx_rubberduck_02/sfx100v2_misc_17.ogg	0.432	UNVERIFIED	generic-or-unlabeled-source
general_sfx_rubberduck_02/sfx100v2_misc_18.ogg	0.514	UNVERIFIED	generic-or-unlabeled-source
general_sfx_rubberduck_02/sfx100v2_misc_19.ogg	0.466	UNVERIFIED	generic-or-unlabeled-source
general_sfx_rubberduck_02/sfx100v2_misc_20.ogg	0.329	UNVERIFIED	generic-or-unlabeled-source
general_sfx_rubberduck_02/sfx100v2_misc_21.ogg	1.414	UNVERIFIED	generic-or-unlabeled-source
general_sfx_rubberduck_02/sfx100v2_misc_22.ogg	3.222	UNVERIFIED	generic-or-unlabeled-source
general_sfx_rubberduck_02/sfx100v2_misc_23.ogg	0.694	UNVERIFIED	generic-or-unlabeled-source
general_sfx_rubberduck_02/sfx100v2_misc_24.ogg	0.686	UNVERIFIED	generic-or-unlabeled-source
general_sfx_rubberduck_02/sfx100v2_misc_25.ogg	0.75	UNVERIFIED	generic-or-unlabeled-source
general_sfx_rubberduck_02/sfx100v2_misc_26.ogg	0.342	UNVERIFIED	generic-or-unlabeled-source
general_sfx_rubberduck_02/sfx100v2_misc_27.ogg	0.337	UNVERIFIED	generic-or-unlabeled-source
general_sfx_rubberduck_02/sfx100v2_misc_28.ogg	2.042	UNVERIFIED	generic-or-unlabeled-source
general_sfx_rubberduck_02/sfx100v2_misc_29.ogg	0.333	UNVERIFIED	generic-or-unlabeled-source
general_sfx_rubberduck_02/sfx100v2_misc_30.ogg	0.306	UNVERIFIED	generic-or-unlabeled-source
general_sfx_rubberduck_02/sfx100v2_misc_31.ogg	0.284	UNVERIFIED	generic-or-unlabeled-source
general_sfx_rubberduck_02/sfx100v2_misc_32.ogg	0.598	UNVERIFIED	generic-or-unlabeled-source
general_sfx_rubberduck_02/sfx100v2_misc_33.ogg	0.618	UNVERIFIED	generic-or-unlabeled-source
general_sfx_rubberduck_02/sfx100v2_misc_34.ogg	0.819	UNVERIFIED	generic-or-unlabeled-source
general_sfx_rubberduck_02/sfx100v2_misc_35.ogg	0.756	UNVERIFIED	generic-or-unlabeled-source
general_sfx_rubberduck_02/sfx100v2_misc_36.ogg	0.45	UNVERIFIED	generic-or-unlabeled-source
general_sfx_rubberduck_02/sfx100v2_misc_37.ogg	4.854	UNVERIFIED	generic-or-unlabeled-source
general_sfx_rubberduck_02/sfx100v2_stones_01.ogg	0.489	UNVERIFIED	generic-or-unlabeled-source
general_sfx_rubberduck_02/sfx100v2_stones_02.ogg	0.555	UNVERIFIED	generic-or-unlabeled-source
general_sfx_rubberduck_02/sfx100v2_stones_03.ogg	0.534	UNVERIFIED	generic-or-unlabeled-source
general_sfx_rubberduck_02/sfx100v2_switch_01.ogg	0.227	UNVERIFIED	generic-or-unlabeled-source
general_sfx_rubberduck_02/sfx100v2_switch_02.ogg	0.233	UNVERIFIED	generic-or-unlabeled-source
general_sfx_rubberduck_02/sfx100v2_thunder_01.ogg	5.265	thunder	filename-semantic-match
general_sfx_rubberduck_02/sfx100v2_wood_01.ogg	0.532	UNVERIFIED	generic-or-unlabeled-source
general_sfx_rubberduck_02/sfx100v2_wood_02.ogg	0.451	UNVERIFIED	generic-or-unlabeled-source
general_sfx_rubberduck_02/sfx100v2_wood_03.ogg	0.678	UNVERIFIED	generic-or-unlabeled-source
general_sfx_rubberduck_02/sfx100v2_wood_04.ogg	0.227	UNVERIFIED	generic-or-unlabeled-source
general_sfx_rubberduck_02/sfx100v2_wood_hit_01.ogg	0.35	UNVERIFIED	generic-or-unlabeled-source
general_sfx_rubberduck_02/sfx100v2_wood_hit_02.ogg	0.357	UNVERIFIED	generic-or-unlabeled-source
general_sfx_rubberduck_02/sfx100v2_wood_hit_03.ogg	0.469	UNVERIFIED	generic-or-unlabeled-source
horror_hits_psychhead/Horror Hit Soundpack 1/Sound/Pitches/Bassy/Bassy 1.wav	5.285	horror_stinger	filename-semantic-match
horror_hits_psychhead/Horror Hit Soundpack 1/Sound/Pitches/Bassy/Bassy 10.wav	4.967	horror_stinger	filename-semantic-match
horror_hits_psychhead/Horror Hit Soundpack 1/Sound/Pitches/Bassy/Bassy 11.wav	3.802	horror_stinger	filename-semantic-match
horror_hits_psychhead/Horror Hit Soundpack 1/Sound/Pitches/Bassy/Bassy 2.wav	5.483	horror_stinger	filename-semantic-match
horror_hits_psychhead/Horror Hit Soundpack 1/Sound/Pitches/Bassy/Bassy 3.wav	4.259	horror_stinger	filename-semantic-match
horror_hits_psychhead/Horror Hit Soundpack 1/Sound/Pitches/Bassy/Bassy 4.wav	5.021	horror_stinger	filename-semantic-match
horror_hits_psychhead/Horror Hit Soundpack 1/Sound/Pitches/Bassy/Bassy 5.wav	6.456	horror_stinger	filename-semantic-match
horror_hits_psychhead/Horror Hit Soundpack 1/Sound/Pitches/Bassy/Bassy 6.wav	5.944	horror_stinger	filename-semantic-match
horror_hits_psychhead/Horror Hit Soundpack 1/Sound/Pitches/Bassy/Bassy 7.wav	5.453	horror_stinger	filename-semantic-match
horror_hits_psychhead/Horror Hit Soundpack 1/Sound/Pitches/Bassy/Bassy 8.wav	5.488	horror_stinger	filename-semantic-match
horror_hits_psychhead/Horror Hit Soundpack 1/Sound/Pitches/Bassy/Bassy 9.wav	5.23	horror_stinger	filename-semantic-match
horror_hits_psychhead/Horror Hit Soundpack 1/Sound/Pitches/High/High 1.wav	4.151	horror_stinger	filename-semantic-match
horror_hits_psychhead/Horror Hit Soundpack 1/Sound/Pitches/High/High 10.wav	6.11	horror_stinger	filename-semantic-match
horror_hits_psychhead/Horror Hit Soundpack 1/Sound/Pitches/High/High 11.wav	5.746	horror_stinger	filename-semantic-match
horror_hits_psychhead/Horror Hit Soundpack 1/Sound/Pitches/High/High 12.wav	3.496	horror_stinger	filename-semantic-match
horror_hits_psychhead/Horror Hit Soundpack 1/Sound/Pitches/High/High 13.wav	3.105	horror_stinger	filename-semantic-match
horror_hits_psychhead/Horror Hit Soundpack 1/Sound/Pitches/High/High 14.wav	3.895	horror_stinger	filename-semantic-match
horror_hits_psychhead/Horror Hit Soundpack 1/Sound/Pitches/High/High 15.wav	3.89	horror_stinger	filename-semantic-match
horror_hits_psychhead/Horror Hit Soundpack 1/Sound/Pitches/High/High 16.wav	4.247	horror_stinger	filename-semantic-match
horror_hits_psychhead/Horror Hit Soundpack 1/Sound/Pitches/High/High 17.wav	4.888	horror_stinger	filename-semantic-match
horror_hits_psychhead/Horror Hit Soundpack 1/Sound/Pitches/High/High 18.wav	5.182	horror_stinger	filename-semantic-match
horror_hits_psychhead/Horror Hit Soundpack 1/Sound/Pitches/High/High 19.wav	3.477	horror_stinger	filename-semantic-match
horror_hits_psychhead/Horror Hit Soundpack 1/Sound/Pitches/High/High 2.wav	4.17	horror_stinger	filename-semantic-match
horror_hits_psychhead/Horror Hit Soundpack 1/Sound/Pitches/High/High 20.wav	4.296	horror_stinger	filename-semantic-match
horror_hits_psychhead/Horror Hit Soundpack 1/Sound/Pitches/High/High 3.wav	4.897	horror_stinger	filename-semantic-match
horror_hits_psychhead/Horror Hit Soundpack 1/Sound/Pitches/High/High 4.wav	4.617	horror_stinger	filename-semantic-match
horror_hits_psychhead/Horror Hit Soundpack 1/Sound/Pitches/High/High 5.wav	4.295	horror_stinger	filename-semantic-match
horror_hits_psychhead/Horror Hit Soundpack 1/Sound/Pitches/High/High 6.wav	5.434	horror_stinger	filename-semantic-match
horror_hits_psychhead/Horror Hit Soundpack 1/Sound/Pitches/High/High 7.wav	5.193	horror_stinger	filename-semantic-match
horror_hits_psychhead/Horror Hit Soundpack 1/Sound/Pitches/High/High 8.wav	5.17	horror_stinger	filename-semantic-match
horror_hits_psychhead/Horror Hit Soundpack 1/Sound/Pitches/High/High 9.wav	5.557	horror_stinger	filename-semantic-match
horror_hits_psychhead/Horror Hit Soundpack 1/Sound/Pitches/Mid/Mid 1.wav	5.319	horror_stinger	filename-semantic-match
horror_hits_psychhead/Horror Hit Soundpack 1/Sound/Pitches/Mid/Mid 10.wav	5.292	horror_stinger	filename-semantic-match
horror_hits_psychhead/Horror Hit Soundpack 1/Sound/Pitches/Mid/Mid 11.wav	3.797	horror_stinger	filename-semantic-match
horror_hits_psychhead/Horror Hit Soundpack 1/Sound/Pitches/Mid/Mid 12.wav	4.789	horror_stinger	filename-semantic-match
horror_hits_psychhead/Horror Hit Soundpack 1/Sound/Pitches/Mid/Mid 13.wav	5.508	horror_stinger	filename-semantic-match
horror_hits_psychhead/Horror Hit Soundpack 1/Sound/Pitches/Mid/Mid 14.wav	5.014	horror_stinger	filename-semantic-match
horror_hits_psychhead/Horror Hit Soundpack 1/Sound/Pitches/Mid/Mid 15.wav	3.674	horror_stinger	filename-semantic-match
horror_hits_psychhead/Horror Hit Soundpack 1/Sound/Pitches/Mid/Mid 16.wav	3.841	horror_stinger	filename-semantic-match
horror_hits_psychhead/Horror Hit Soundpack 1/Sound/Pitches/Mid/Mid 17.wav	3.835	horror_stinger	filename-semantic-match
horror_hits_psychhead/Horror Hit Soundpack 1/Sound/Pitches/Mid/Mid 18.wav	5.032	horror_stinger	filename-semantic-match
horror_hits_psychhead/Horror Hit Soundpack 1/Sound/Pitches/Mid/Mid 19.wav	4.523	horror_stinger	filename-semantic-match
horror_hits_psychhead/Horror Hit Soundpack 1/Sound/Pitches/Mid/Mid 2.wav	4.519	horror_stinger	filename-semantic-match
horror_hits_psychhead/Horror Hit Soundpack 1/Sound/Pitches/Mid/Mid 20.wav	3.767	horror_stinger	filename-semantic-match
horror_hits_psychhead/Horror Hit Soundpack 1/Sound/Pitches/Mid/Mid 3.wav	4.712	horror_stinger	filename-semantic-match
horror_hits_psychhead/Horror Hit Soundpack 1/Sound/Pitches/Mid/Mid 4.wav	5.027	horror_stinger	filename-semantic-match
horror_hits_psychhead/Horror Hit Soundpack 1/Sound/Pitches/Mid/Mid 5.wav	4.938	horror_stinger	filename-semantic-match
horror_hits_psychhead/Horror Hit Soundpack 1/Sound/Pitches/Mid/Mid 6.wav	5.969	horror_stinger	filename-semantic-match
horror_hits_psychhead/Horror Hit Soundpack 1/Sound/Pitches/Mid/Mid 7.wav	5.88	horror_stinger	filename-semantic-match
horror_hits_psychhead/Horror Hit Soundpack 1/Sound/Pitches/Mid/Mid 8.wav	4.345	horror_stinger	filename-semantic-match
horror_hits_psychhead/Horror Hit Soundpack 1/Sound/Pitches/Mid/Mid 9.wav	5.513	horror_stinger	filename-semantic-match
horror_hits_psychhead/Horror Hit Soundpack 1/Sound/Pitches/Very Bassy/Very Bassy 1.wav	4.775	horror_stinger	filename-semantic-match
horror_hits_psychhead/Horror Hit Soundpack 1/Sound/Pitches/Very Bassy/Very Bassy 2.wav	5.816	horror_stinger	filename-semantic-match
horror_hits_psychhead/Horror Hit Soundpack 1/Sound/Pitches/Very Bassy/Very Bassy 3.wav	5.169	horror_stinger	filename-semantic-match
horror_hits_psychhead/Horror Hit Soundpack 1/Sound/Pitches/Very Bassy/Very Bassy 4.wav	4.358	horror_stinger	filename-semantic-match
household_foley_owlishmedia/Camera/Camera_01.wav	0.478	UNVERIFIED	generic-or-unlabeled-source
household_foley_owlishmedia/Camera/Camera_02.wav	0.374	UNVERIFIED	generic-or-unlabeled-source
household_foley_owlishmedia/Camera/Camera_03.wav	1.909	UNVERIFIED	generic-or-unlabeled-source
household_foley_owlishmedia/Cloth/Cloth_01.wav	1.725	UNVERIFIED	generic-or-unlabeled-source
household_foley_owlishmedia/Cloth/Cloth_02.wav	1.503	UNVERIFIED	generic-or-unlabeled-source
household_foley_owlishmedia/Cloth/Cloth_03.wav	1.75	UNVERIFIED	generic-or-unlabeled-source
household_foley_owlishmedia/Cloth/Cloth_04.wav	0.574	UNVERIFIED	generic-or-unlabeled-source
household_foley_owlishmedia/Cloth/Cloth_05.wav	0.397	UNVERIFIED	generic-or-unlabeled-source
household_foley_owlishmedia/Cloth/Cloth_06.wav	1.32	UNVERIFIED	generic-or-unlabeled-source
household_foley_owlishmedia/Cloth/Cloth_07.wav	1.012	UNVERIFIED	generic-or-unlabeled-source
household_foley_owlishmedia/Drink/Drink_01.wav	0.499	UNVERIFIED	generic-or-unlabeled-source
household_foley_owlishmedia/Drink/Drink_02.wav	0.444	UNVERIFIED	generic-or-unlabeled-source
household_foley_owlishmedia/Drink/Drink_03.wav	0.45	UNVERIFIED	generic-or-unlabeled-source
household_foley_owlishmedia/Drink/Drink_04.wav	0.448	UNVERIFIED	generic-or-unlabeled-source
household_foley_owlishmedia/Drink/Drink_05.wav	1.825	UNVERIFIED	generic-or-unlabeled-source
household_foley_owlishmedia/Drink/Drink_06.wav	0.897	UNVERIFIED	generic-or-unlabeled-source
household_foley_owlishmedia/Keys, Locks, Door/Key_Lock_Door_01.wav	2.636	door	filename-semantic-match
household_foley_owlishmedia/Keys, Locks, Door/Key_Lock_Door_02.wav	0.954	door	filename-semantic-match
household_foley_owlishmedia/Keys, Locks, Door/Key_Lock_Door_03.wav	0.977	door	filename-semantic-match
household_foley_owlishmedia/Keys, Locks, Door/Key_Lock_Door_04.wav	0.604	door	filename-semantic-match
household_foley_owlishmedia/Keys, Locks, Door/Key_Lock_Door_05.wav	0.981	door	filename-semantic-match
household_foley_owlishmedia/Keys, Locks, Door/Key_Lock_Door_06.wav	0.665	door	filename-semantic-match
household_foley_owlishmedia/Keys, Locks, Door/Key_Lock_Door_07.wav	1.192	door	filename-semantic-match
household_foley_owlishmedia/Keys, Locks, Door/Key_Lock_Door_08.wav	1.213	door	filename-semantic-match
household_foley_owlishmedia/Keys, Locks, Door/Key_Lock_Door_09.wav	1.182	door	filename-semantic-match
household_foley_owlishmedia/Keys, Locks, Door/Key_Lock_Door_10.wav	1.15	door	filename-semantic-match
household_foley_owlishmedia/Keys, Locks, Door/Key_Lock_Door_11.wav	0.612	door	filename-semantic-match
household_foley_owlishmedia/Keys, Locks, Door/Key_Lock_Door_12.wav	1.192	door	filename-semantic-match
household_foley_owlishmedia/Keys, Locks, Door/Key_Lock_Door_13.wav	0.781	door	filename-semantic-match
household_foley_owlishmedia/Keys, Locks, Door/Key_Lock_Door_14.wav	1.868	door	filename-semantic-match
household_foley_owlishmedia/Keys, Locks, Door/Key_Lock_Door_15.wav	1.72	door	filename-semantic-match
household_foley_owlishmedia/Keys, Locks, Door/Key_Lock_Door_16.wav	0.749	door	filename-semantic-match
household_foley_owlishmedia/Keys, Locks, Door/Key_Lock_Door_17.wav	1.266	door	filename-semantic-match
household_foley_owlishmedia/Keys, Locks, Door/Key_Lock_Door_18.wav	0.834	door	filename-semantic-match
household_foley_owlishmedia/Keys, Locks, Door/Key_Lock_Door_19.wav	2.237	door	filename-semantic-match
household_foley_owlishmedia/Keys, Locks, Door/Key_Lock_Door_20.wav	1.477	door	filename-semantic-match
household_foley_owlishmedia/Keys, Locks, Door/Key_Lock_Door_21.wav	1.15	door	filename-semantic-match
household_foley_owlishmedia/Keys, Locks, Door/Key_Lock_Door_22.wav	0.907	door	filename-semantic-match
household_foley_owlishmedia/Keys, Locks, Door/Key_Lock_Door_23.wav	0.749	door	filename-semantic-match
household_foley_owlishmedia/Keys, Locks, Door/Key_Lock_Door_24.wav	3.471	door	filename-semantic-match
household_foley_owlishmedia/Keys, Locks, Door/Key_Lock_Door_25.wav	0.76	door	filename-semantic-match
household_foley_owlishmedia/Keys, Locks, Door/Key_Lock_Door_26.wav	1.034	door	filename-semantic-match
household_foley_owlishmedia/Keys, Locks, Door/Key_Lock_Door_27.wav	2.272	door	filename-semantic-match
household_foley_owlishmedia/Keys, Locks, Door/Key_Lock_Door_28.wav	2.226	door	filename-semantic-match
household_foley_owlishmedia/Keys, Locks, Door/Key_Lock_Door_29.wav	1.393	door	filename-semantic-match
household_foley_owlishmedia/Keys, Locks, Door/Key_Lock_Door_30.wav	0.253	door	filename-semantic-match
household_foley_owlishmedia/Keys, Locks, Door/Key_Lock_Door_31.wav	0.897	door	filename-semantic-match
household_foley_owlishmedia/Keys, Locks, Door/Key_Lock_Door_32.wav	0.506	door	filename-semantic-match
household_foley_owlishmedia/Keys, Locks, Door/Key_Lock_Door_33.wav	1.076	door	filename-semantic-match
household_foley_owlishmedia/Keys, Locks, Door/Key_Lock_Door_34.wav	0.696	door	filename-semantic-match
household_foley_owlishmedia/Keys, Locks, Door/Key_Lock_Door_35.wav	0.623	door	filename-semantic-match
household_foley_owlishmedia/Keys, Locks, Door/Key_Lock_Door_36.wav	0.781	door	filename-semantic-match
household_foley_owlishmedia/Keys, Locks, Door/Key_Lock_Door_37.wav	1.403	door	filename-semantic-match
household_foley_owlishmedia/Keys, Locks, Door/Key_Lock_Door_38.wav	1.034	door	filename-semantic-match
household_foley_owlishmedia/Keys, Locks, Door/Key_Lock_Door_39.wav	0.443	door	filename-semantic-match
household_foley_owlishmedia/Keys, Locks, Door/Key_Lock_Door_40.wav	1.034	door	filename-semantic-match
household_foley_owlishmedia/Keys, Locks, Door/Key_Lock_Door_41.wav	1.403	door	filename-semantic-match
household_foley_owlishmedia/Keys, Locks, Door/Key_Lock_Door_42.wav	1.611	door	filename-semantic-match
household_foley_owlishmedia/Keys, Locks, Door/Key_Lock_Door_43.wav	0.819	door	filename-semantic-match
household_foley_owlishmedia/Keys, Locks, Door/Key_Lock_Door_44.wav	5.484	door	filename-semantic-match
household_foley_owlishmedia/Keys, Locks, Door/Key_Lock_Door_45.wav	1.986	door	filename-semantic-match
household_foley_owlishmedia/Keys, Locks, Door/Key_Lock_Door_46.wav	9.215	door	filename-semantic-match
household_foley_owlishmedia/Keys, Locks, Door/Key_Lock_Door_47.wav	1.692	door	filename-semantic-match
household_foley_owlishmedia/Keys, Locks, Door/Key_Lock_Door_48.wav	1.551	door	filename-semantic-match
household_foley_owlishmedia/Keys, Locks, Door/Key_Lock_Door_49.wav	2.656	door	filename-semantic-match
household_foley_owlishmedia/Keys, Locks, Door/Key_Lock_Door_50.wav	0.704	door	filename-semantic-match
household_foley_owlishmedia/Keys, Locks, Door/Key_Lock_Door_51.wav	0.495	door	filename-semantic-match
household_foley_owlishmedia/Kitchen/Kitchen_01.wav	0.699	UNVERIFIED	generic-or-unlabeled-source
household_foley_owlishmedia/Kitchen/Kitchen_02.wav	0.46	UNVERIFIED	generic-or-unlabeled-source
household_foley_owlishmedia/Kitchen/Kitchen_03.wav	0.401	UNVERIFIED	generic-or-unlabeled-source
household_foley_owlishmedia/Kitchen/Kitchen_04.wav	1.575	UNVERIFIED	generic-or-unlabeled-source
household_foley_owlishmedia/Kitchen/Kitchen_05.wav	0.736	UNVERIFIED	generic-or-unlabeled-source
household_foley_owlishmedia/Kitchen/Kitchen_06.wav	1.336	UNVERIFIED	generic-or-unlabeled-source
household_foley_owlishmedia/Kitchen/Kitchen_07.wav	2.0	UNVERIFIED	generic-or-unlabeled-source
household_foley_owlishmedia/Kitchen/Kitchen_08.wav	1.546	UNVERIFIED	generic-or-unlabeled-source
household_foley_owlishmedia/Kitchen/Kitchen_09.wav	0.911	UNVERIFIED	generic-or-unlabeled-source
household_foley_owlishmedia/Kitchen/Kitchen_10.wav	0.91	UNVERIFIED	generic-or-unlabeled-source
household_foley_owlishmedia/Kitchen/Kitchen_11.wav	1.474	UNVERIFIED	generic-or-unlabeled-source
household_foley_owlishmedia/Kitchen/Kitchen_12.wav	1.171	UNVERIFIED	generic-or-unlabeled-source
household_foley_owlishmedia/Kitchen/Kitchen_13.wav	0.722	UNVERIFIED	generic-or-unlabeled-source
household_foley_owlishmedia/Kitchen/Kitchen_14.wav	0.728	UNVERIFIED	generic-or-unlabeled-source
household_foley_owlishmedia/Kitchen/Kitchen_15.wav	2.007	UNVERIFIED	generic-or-unlabeled-source
household_foley_owlishmedia/Kitchen/Kitchen_16.wav	2.318	UNVERIFIED	generic-or-unlabeled-source
household_foley_owlishmedia/Kitchen/Kitchen_17.wav	0.96	UNVERIFIED	generic-or-unlabeled-source
household_foley_owlishmedia/Kitchen/Kitchen_18.wav	0.841	UNVERIFIED	generic-or-unlabeled-source
household_foley_owlishmedia/Kitchen/Kitchen_19.wav	1.028	UNVERIFIED	generic-or-unlabeled-source
household_foley_owlishmedia/Kitchen/Kitchen_20.wav	1.358	UNVERIFIED	generic-or-unlabeled-source
household_foley_owlishmedia/Kitchen/Kitchen_21.wav	0.951	UNVERIFIED	generic-or-unlabeled-source
household_foley_owlishmedia/Kitchen/Kitchen_22.wav	0.82	UNVERIFIED	generic-or-unlabeled-source
household_foley_owlishmedia/Kitchen/Kitchen_23.wav	2.16	UNVERIFIED	generic-or-unlabeled-source
household_foley_owlishmedia/Kitchen/Kitchen_24.wav	1.62	UNVERIFIED	generic-or-unlabeled-source
household_foley_owlishmedia/Misc/Fidget_Spinner1.wav	7.377	UNVERIFIED	generic-or-unlabeled-source
household_foley_owlishmedia/Misc/Fidget_Spinner2.wav	25.764	UNVERIFIED	generic-or-unlabeled-source
household_foley_owlishmedia/Misc/Nasal_Spray.wav	0.357	UNVERIFIED	generic-or-unlabeled-source
household_foley_owlishmedia/Money/Money_01.wav	0.785	UNVERIFIED	generic-or-unlabeled-source
household_foley_owlishmedia/Money/Money_02.wav	0.253	UNVERIFIED	generic-or-unlabeled-source
household_foley_owlishmedia/Money/Money_03.wav	0.621	UNVERIFIED	generic-or-unlabeled-source
household_foley_owlishmedia/Money/Money_04.wav	0.528	UNVERIFIED	generic-or-unlabeled-source
household_foley_owlishmedia/Money/Money_05.wav	0.358	UNVERIFIED	generic-or-unlabeled-source
household_foley_owlishmedia/Money/Money_06.wav	0.537	UNVERIFIED	generic-or-unlabeled-source
household_foley_owlishmedia/Money/Money_07.wav	0.241	UNVERIFIED	generic-or-unlabeled-source
household_foley_owlishmedia/Money/Money_08.wav	0.261	UNVERIFIED	generic-or-unlabeled-source
household_foley_owlishmedia/Money/Money_09.wav	0.232	UNVERIFIED	generic-or-unlabeled-source
household_foley_owlishmedia/Money/Money_10.wav	0.394	UNVERIFIED	generic-or-unlabeled-source
household_foley_owlishmedia/Money/Money_11.wav	0.546	UNVERIFIED	generic-or-unlabeled-source
household_foley_owlishmedia/Money/Money_12.wav	0.16	UNVERIFIED	generic-or-unlabeled-source
household_foley_owlishmedia/Money/Money_13.wav	0.264	UNVERIFIED	generic-or-unlabeled-source
household_foley_owlishmedia/Money/Money_14.wav	0.299	UNVERIFIED	generic-or-unlabeled-source
household_foley_owlishmedia/Money/Money_15.wav	0.297	UNVERIFIED	generic-or-unlabeled-source
household_foley_owlishmedia/Money/Money_16.wav	1.228	UNVERIFIED	generic-or-unlabeled-source
household_foley_owlishmedia/Money/Money_17.wav	0.517	UNVERIFIED	generic-or-unlabeled-source
household_foley_owlishmedia/Money/Money_18.wav	1.09	UNVERIFIED	generic-or-unlabeled-source
household_foley_owlishmedia/Money/Money_19.wav	0.504	UNVERIFIED	generic-or-unlabeled-source
household_foley_owlishmedia/Money/Money_20.wav	0.538	UNVERIFIED	generic-or-unlabeled-source
household_foley_owlishmedia/Money/Money_21.wav	0.489	UNVERIFIED	generic-or-unlabeled-source
household_foley_owlishmedia/Money/Money_22.wav	0.431	UNVERIFIED	generic-or-unlabeled-source
household_foley_owlishmedia/Money/Money_23.wav	0.366	UNVERIFIED	generic-or-unlabeled-source
household_foley_owlishmedia/Money/Money_24.wav	0.485	UNVERIFIED	generic-or-unlabeled-source
household_foley_owlishmedia/Money/Money_25.wav	0.296	UNVERIFIED	generic-or-unlabeled-source
household_foley_owlishmedia/Money/Money_26.wav	0.433	UNVERIFIED	generic-or-unlabeled-source
household_foley_owlishmedia/Money/Money_27.wav	0.345	UNVERIFIED	generic-or-unlabeled-source
household_foley_owlishmedia/Money/Money_28.wav	0.409	UNVERIFIED	generic-or-unlabeled-source
household_foley_owlishmedia/Money/Money_29.wav	0.344	UNVERIFIED	generic-or-unlabeled-source
household_foley_owlishmedia/Money/Money_30.wav	0.409	UNVERIFIED	generic-or-unlabeled-source
household_foley_owlishmedia/Money/Money_31.wav	0.914	UNVERIFIED	generic-or-unlabeled-source
household_foley_owlishmedia/Money/Money_32.wav	1.029	UNVERIFIED	generic-or-unlabeled-source
household_foley_owlishmedia/Money/Money_33.wav	0.56	UNVERIFIED	generic-or-unlabeled-source
household_foley_owlishmedia/Money/Money_34.wav	0.32	UNVERIFIED	generic-or-unlabeled-source
household_foley_owlishmedia/Money/Money_35.wav	1.023	UNVERIFIED	generic-or-unlabeled-source
household_foley_owlishmedia/Money/Money_36.wav	1.421	UNVERIFIED	generic-or-unlabeled-source
household_foley_owlishmedia/Money/Money_37.wav	1.82	UNVERIFIED	generic-or-unlabeled-source
household_foley_owlishmedia/Money/Money_38.wav	0.958	UNVERIFIED	generic-or-unlabeled-source
household_foley_owlishmedia/Paper & Stationery/Stationery_01.wav	0.822	UNVERIFIED	generic-or-unlabeled-source
household_foley_owlishmedia/Paper & Stationery/Stationery_02.wav	1.453	UNVERIFIED	generic-or-unlabeled-source
household_foley_owlishmedia/Paper & Stationery/Stationery_03.wav	0.727	UNVERIFIED	generic-or-unlabeled-source
household_foley_owlishmedia/Paper & Stationery/Stationery_04.wav	0.771	UNVERIFIED	generic-or-unlabeled-source
household_foley_owlishmedia/Paper & Stationery/Stationery_05.wav	0.746	UNVERIFIED	generic-or-unlabeled-source
household_foley_owlishmedia/Paper & Stationery/Stationery_06.wav	1.312	UNVERIFIED	generic-or-unlabeled-source
household_foley_owlishmedia/Paper & Stationery/Stationery_07.wav	1.468	UNVERIFIED	generic-or-unlabeled-source
household_foley_owlishmedia/Paper & Stationery/Stationery_08.wav	1.02	UNVERIFIED	generic-or-unlabeled-source
household_foley_owlishmedia/Paper & Stationery/Stationery_09.wav	1.275	UNVERIFIED	generic-or-unlabeled-source
household_foley_owlishmedia/Paper & Stationery/Stationery_10.wav	0.469	UNVERIFIED	generic-or-unlabeled-source
household_foley_owlishmedia/Paper & Stationery/Stationery_11.wav	0.743	UNVERIFIED	generic-or-unlabeled-source
household_foley_owlishmedia/Paper & Stationery/Stationery_12.wav	0.712	UNVERIFIED	generic-or-unlabeled-source
household_foley_owlishmedia/Paper & Stationery/Stationery_13.wav	1.646	UNVERIFIED	generic-or-unlabeled-source
household_foley_owlishmedia/Paper & Stationery/Stationery_14.wav	0.875	UNVERIFIED	generic-or-unlabeled-source
household_foley_owlishmedia/Paper & Stationery/Stationery_15.wav	0.62	UNVERIFIED	generic-or-unlabeled-source
household_foley_owlishmedia/Paper & Stationery/Stationery_16.wav	0.247	UNVERIFIED	generic-or-unlabeled-source
household_foley_owlishmedia/Paper & Stationery/Stationery_17.wav	0.251	UNVERIFIED	generic-or-unlabeled-source
household_foley_owlishmedia/Paper & Stationery/Stationery_18.wav	0.546	UNVERIFIED	generic-or-unlabeled-source
household_foley_owlishmedia/Paper & Stationery/Stationery_19.wav	0.222	UNVERIFIED	generic-or-unlabeled-source
household_foley_owlishmedia/Paper & Stationery/Stationery_20.wav	0.561	UNVERIFIED	generic-or-unlabeled-source
household_foley_owlishmedia/Paper & Stationery/Stationery_21.wav	0.984	UNVERIFIED	generic-or-unlabeled-source
household_foley_owlishmedia/Paper & Stationery/Stationery_22.wav	1.379	UNVERIFIED	generic-or-unlabeled-source
household_foley_owlishmedia/Paper & Stationery/Stationery_23.wav	0.138	UNVERIFIED	generic-or-unlabeled-source
household_foley_owlishmedia/Paper & Stationery/Stationery_24.wav	0.379	UNVERIFIED	generic-or-unlabeled-source
household_foley_owlishmedia/Paper & Stationery/Stationery_25.wav	0.77	UNVERIFIED	generic-or-unlabeled-source
household_foley_owlishmedia/Paper & Stationery/Stationery_26.wav	1.38	UNVERIFIED	generic-or-unlabeled-source
household_foley_owlishmedia/Paper & Stationery/Stationery_27.wav	0.46	UNVERIFIED	generic-or-unlabeled-source
household_foley_owlishmedia/Paper & Stationery/Stationery_28.wav	0.968	UNVERIFIED	generic-or-unlabeled-source
household_foley_owlishmedia/Paper & Stationery/Stationery_29.wav	1.015	UNVERIFIED	generic-or-unlabeled-source
household_foley_owlishmedia/Paper & Stationery/Stationery_30.wav	0.289	UNVERIFIED	generic-or-unlabeled-source
household_foley_owlishmedia/Paper & Stationery/Stationery_31.wav	0.752	UNVERIFIED	generic-or-unlabeled-source
household_foley_owlishmedia/Paper & Stationery/Stationery_32.wav	1.19	UNVERIFIED	generic-or-unlabeled-source
household_foley_owlishmedia/Paper & Stationery/Stationery_33.wav	0.334	UNVERIFIED	generic-or-unlabeled-source
household_foley_owlishmedia/Paper & Stationery/Stationery_34.wav	0.516	UNVERIFIED	generic-or-unlabeled-source
household_foley_owlishmedia/Paper & Stationery/Stationery_35.wav	0.413	UNVERIFIED	generic-or-unlabeled-source
household_foley_owlishmedia/Paper & Stationery/Stationery_36.wav	0.613	UNVERIFIED	generic-or-unlabeled-source
household_foley_owlishmedia/Paper & Stationery/Stationery_37.wav	1.014	UNVERIFIED	generic-or-unlabeled-source
household_foley_owlishmedia/Paper & Stationery/Stationery_38.wav	0.902	UNVERIFIED	generic-or-unlabeled-source
household_foley_owlishmedia/Paper & Stationery/Stationery_39.wav	0.423	UNVERIFIED	generic-or-unlabeled-source
household_foley_owlishmedia/Paper & Stationery/Stationery_40.wav	1.563	UNVERIFIED	generic-or-unlabeled-source
household_foley_owlishmedia/Paper & Stationery/Stationery_41.wav	0.754	UNVERIFIED	generic-or-unlabeled-source
household_foley_owlishmedia/Paper & Stationery/Stationery_42.wav	0.606	UNVERIFIED	generic-or-unlabeled-source
household_foley_owlishmedia/Paper & Stationery/Stationery_43.wav	0.242	UNVERIFIED	generic-or-unlabeled-source
household_foley_owlishmedia/Paper & Stationery/Stationery_44.wav	3.999	UNVERIFIED	generic-or-unlabeled-source
household_foley_owlishmedia/Phone/Phone1.wav	1.193	UNVERIFIED	generic-or-unlabeled-source
household_foley_owlishmedia/Phone/Phone2.wav	0.169	UNVERIFIED	generic-or-unlabeled-source
household_foley_owlishmedia/Phone/Phone3.wav	10.597	UNVERIFIED	generic-or-unlabeled-source
household_foley_owlishmedia/Plastic/Plastic_01.wav	0.676	UNVERIFIED	generic-or-unlabeled-source
household_foley_owlishmedia/Plastic/Plastic_02.wav	0.676	UNVERIFIED	generic-or-unlabeled-source
household_foley_owlishmedia/Plastic/Plastic_03.wav	1.147	UNVERIFIED	generic-or-unlabeled-source
household_foley_owlishmedia/Plastic/Plastic_04.wav	1.11	UNVERIFIED	generic-or-unlabeled-source
household_foley_owlishmedia/Plastic/Plastic_05.wav	0.419	UNVERIFIED	generic-or-unlabeled-source
household_foley_owlishmedia/Plastic/Plastic_06.wav	1.205	UNVERIFIED	generic-or-unlabeled-source
household_foley_owlishmedia/Plastic/Plastic_07.wav	0.398	UNVERIFIED	generic-or-unlabeled-source
household_foley_owlishmedia/Plastic/Plastic_08.wav	0.241	UNVERIFIED	generic-or-unlabeled-source
household_foley_owlishmedia/Plastic/Plastic_09.wav	0.435	UNVERIFIED	generic-or-unlabeled-source
household_foley_owlishmedia/Plastic/Plastic_10.wav	0.65	UNVERIFIED	generic-or-unlabeled-source
household_foley_owlishmedia/Plastic/Plastic_11.wav	0.361	UNVERIFIED	generic-or-unlabeled-source
household_foley_owlishmedia/Plastic/Plastic_12.wav	1.069	UNVERIFIED	generic-or-unlabeled-source
household_foley_owlishmedia/Plastic/Plastic_13.wav	2.85	UNVERIFIED	generic-or-unlabeled-source
household_foley_owlishmedia/Plastic/Plastic_14.wav	7.031	UNVERIFIED	generic-or-unlabeled-source
household_foley_owlishmedia/Plastic/Plastic_15.wav	3.129	UNVERIFIED	generic-or-unlabeled-source
household_foley_owlishmedia/Plastic/Plastic_16.wav	2.393	UNVERIFIED	generic-or-unlabeled-source
household_foley_owlishmedia/Plastic/Plastic_17.wav	1.497	UNVERIFIED	generic-or-unlabeled-source
household_foley_owlishmedia/Plastic/Plastic_18.wav	0.589	UNVERIFIED	generic-or-unlabeled-source
household_foley_owlishmedia/Plastic/Plastic_19.wav	1.632	UNVERIFIED	generic-or-unlabeled-source
household_foley_owlishmedia/Plastic/Plastic_20.wav	1.141	UNVERIFIED	generic-or-unlabeled-source
household_foley_owlishmedia/Velcro/Velcro_01.wav	1.043	UNVERIFIED	generic-or-unlabeled-source
household_foley_owlishmedia/Velcro/Velcro_02.wav	0.849	UNVERIFIED	generic-or-unlabeled-source
household_foley_owlishmedia/Velcro/Velcro_03.wav	0.66	UNVERIFIED	generic-or-unlabeled-source
rain_thunder_kindland/dark_rainy_night.ogg	278.774	UNVERIFIED	ambiguous-multiple-matches
rpg_sfx_rubberduck/blade_01.ogg	0.291	UNVERIFIED	generic-or-unlabeled-source
rpg_sfx_rubberduck/blade_02.ogg	0.313	UNVERIFIED	generic-or-unlabeled-source
rpg_sfx_rubberduck/blade_03.ogg	0.396	UNVERIFIED	generic-or-unlabeled-source
rpg_sfx_rubberduck/book_01.ogg	0.723	UNVERIFIED	generic-or-unlabeled-source
rpg_sfx_rubberduck/book_02.ogg	0.885	UNVERIFIED	generic-or-unlabeled-source
rpg_sfx_rubberduck/book_03.ogg	1.215	UNVERIFIED	generic-or-unlabeled-source
rpg_sfx_rubberduck/book_04.ogg	1.152	UNVERIFIED	generic-or-unlabeled-source
rpg_sfx_rubberduck/chain_01.ogg	0.506	UNVERIFIED	generic-or-unlabeled-source
rpg_sfx_rubberduck/chain_02.ogg	0.492	UNVERIFIED	generic-or-unlabeled-source
rpg_sfx_rubberduck/chain_03.ogg	0.927	UNVERIFIED	generic-or-unlabeled-source
rpg_sfx_rubberduck/creature_die_01.ogg	1.06	zombie_death	filename-semantic-match
rpg_sfx_rubberduck/creature_hurt_01.ogg	0.621	zombie_pain	filename-semantic-match
rpg_sfx_rubberduck/creature_hurt_02.ogg	0.678	zombie_pain	filename-semantic-match
rpg_sfx_rubberduck/creature_misc_01.ogg	0.255	UNVERIFIED	generic-or-unlabeled-source
rpg_sfx_rubberduck/creature_misc_02.ogg	0.189	UNVERIFIED	generic-or-unlabeled-source
rpg_sfx_rubberduck/creature_misc_03.ogg	0.637	UNVERIFIED	generic-or-unlabeled-source
rpg_sfx_rubberduck/creature_misc_04.ogg	0.549	UNVERIFIED	generic-or-unlabeled-source
rpg_sfx_rubberduck/creature_misc_05.ogg	0.601	UNVERIFIED	generic-or-unlabeled-source
rpg_sfx_rubberduck/creature_misc_06.ogg	0.418	UNVERIFIED	generic-or-unlabeled-source
rpg_sfx_rubberduck/creature_misc_07.ogg	0.349	UNVERIFIED	generic-or-unlabeled-source
rpg_sfx_rubberduck/creature_misc_08.ogg	0.461	UNVERIFIED	generic-or-unlabeled-source
rpg_sfx_rubberduck/creature_monster_01.ogg	0.258	UNVERIFIED	generic-or-unlabeled-source
rpg_sfx_rubberduck/creature_monster_02.ogg	0.236	UNVERIFIED	generic-or-unlabeled-source
rpg_sfx_rubberduck/creature_monster_03.ogg	0.991	UNVERIFIED	generic-or-unlabeled-source
rpg_sfx_rubberduck/creature_monster_04.ogg	0.721	UNVERIFIED	generic-or-unlabeled-source
rpg_sfx_rubberduck/creature_roar_01.ogg	0.64	UNVERIFIED	generic-or-unlabeled-source
rpg_sfx_rubberduck/creature_roar_02.ogg	1.043	UNVERIFIED	generic-or-unlabeled-source
rpg_sfx_rubberduck/creature_roar_03.ogg	1.163	UNVERIFIED	generic-or-unlabeled-source
rpg_sfx_rubberduck/creature_slime_01.ogg	0.672	UNVERIFIED	generic-or-unlabeled-source
rpg_sfx_rubberduck/creature_slime_02.ogg	0.741	UNVERIFIED	generic-or-unlabeled-source
rpg_sfx_rubberduck/creature_slime_03.ogg	0.482	UNVERIFIED	generic-or-unlabeled-source
rpg_sfx_rubberduck/creature_slime_04.ogg	0.625	UNVERIFIED	generic-or-unlabeled-source
rpg_sfx_rubberduck/item_coins_01.ogg	0.406	UNVERIFIED	generic-or-unlabeled-source
rpg_sfx_rubberduck/item_coins_02.ogg	0.616	UNVERIFIED	generic-or-unlabeled-source
rpg_sfx_rubberduck/item_coins_03.ogg	0.482	UNVERIFIED	generic-or-unlabeled-source
rpg_sfx_rubberduck/item_coins_04.ogg	1.61	UNVERIFIED	generic-or-unlabeled-source
rpg_sfx_rubberduck/item_gem_01.ogg	0.247	UNVERIFIED	generic-or-unlabeled-source
rpg_sfx_rubberduck/item_gem_02.ogg	0.2	UNVERIFIED	generic-or-unlabeled-source
rpg_sfx_rubberduck/item_gem_03.ogg	0.288	UNVERIFIED	generic-or-unlabeled-source
rpg_sfx_rubberduck/item_gem_04.ogg	0.592	UNVERIFIED	generic-or-unlabeled-source
rpg_sfx_rubberduck/item_misc_01.ogg	0.408	UNVERIFIED	generic-or-unlabeled-source
rpg_sfx_rubberduck/item_misc_02.ogg	0.438	UNVERIFIED	generic-or-unlabeled-source
rpg_sfx_rubberduck/item_misc_03.ogg	0.341	UNVERIFIED	generic-or-unlabeled-source
rpg_sfx_rubberduck/item_misc_04.ogg	0.383	UNVERIFIED	generic-or-unlabeled-source
rpg_sfx_rubberduck/item_misc_05.ogg	0.393	UNVERIFIED	generic-or-unlabeled-source
rpg_sfx_rubberduck/item_misc_06.ogg	0.716	UNVERIFIED	generic-or-unlabeled-source
rpg_sfx_rubberduck/item_stone_01.ogg	0.735	UNVERIFIED	generic-or-unlabeled-source
rpg_sfx_rubberduck/item_stone_02.ogg	0.298	UNVERIFIED	generic-or-unlabeled-source
rpg_sfx_rubberduck/item_stone_03.ogg	0.393	UNVERIFIED	generic-or-unlabeled-source
rpg_sfx_rubberduck/item_stone_04.ogg	0.298	UNVERIFIED	generic-or-unlabeled-source
rpg_sfx_rubberduck/item_wood_01.ogg	0.542	UNVERIFIED	generic-or-unlabeled-source
rpg_sfx_rubberduck/item_wood_02.ogg	0.263	UNVERIFIED	generic-or-unlabeled-source
rpg_sfx_rubberduck/item_wood_03.ogg	0.326	UNVERIFIED	generic-or-unlabeled-source
rpg_sfx_rubberduck/lock_01.ogg	0.411	UNVERIFIED	generic-or-unlabeled-source
rpg_sfx_rubberduck/lock_02.ogg	0.397	UNVERIFIED	generic-or-unlabeled-source
rpg_sfx_rubberduck/lock_03.ogg	0.34	UNVERIFIED	generic-or-unlabeled-source
rpg_sfx_rubberduck/metal_01.ogg	0.576	UNVERIFIED	generic-or-unlabeled-source
rpg_sfx_rubberduck/metal_02.ogg	0.564	UNVERIFIED	generic-or-unlabeled-source
rpg_sfx_rubberduck/metal_03.ogg	0.426	UNVERIFIED	generic-or-unlabeled-source
rpg_sfx_rubberduck/misc_01.ogg	0.342	UNVERIFIED	generic-or-unlabeled-source
rpg_sfx_rubberduck/misc_02.ogg	0.543	UNVERIFIED	generic-or-unlabeled-source
rpg_sfx_rubberduck/misc_03.ogg	0.237	UNVERIFIED	generic-or-unlabeled-source
rpg_sfx_rubberduck/spell_01.ogg	0.633	UNVERIFIED	generic-or-unlabeled-source
rpg_sfx_rubberduck/spell_02.ogg	0.546	UNVERIFIED	generic-or-unlabeled-source
rpg_sfx_rubberduck/spell_fire_01.ogg	1.057	UNVERIFIED	generic-or-unlabeled-source
rpg_sfx_rubberduck/spell_fire_02.ogg	1.072	UNVERIFIED	generic-or-unlabeled-source
rpg_sfx_rubberduck/spell_fire_03.ogg	1.927	UNVERIFIED	generic-or-unlabeled-source
rpg_sfx_rubberduck/spell_fire_04.ogg	1.595	UNVERIFIED	generic-or-unlabeled-source
rpg_sfx_rubberduck/spell_fire_05.ogg	1.245	UNVERIFIED	generic-or-unlabeled-source
rpg_sfx_rubberduck/spell_fire_06.ogg	1.005	UNVERIFIED	generic-or-unlabeled-source
rpg_sfx_rubberduck/spell_fire_07.ogg	0.651	UNVERIFIED	generic-or-unlabeled-source
rpg_sfx_rubberduck/stones_01.ogg	0.681	UNVERIFIED	generic-or-unlabeled-source
rpg_sfx_rubberduck/stones_02.ogg	0.777	UNVERIFIED	generic-or-unlabeled-source
rpg_sfx_rubberduck/stones_03.ogg	1.2	UNVERIFIED	generic-or-unlabeled-source
rpg_sfx_rubberduck/stones_04.ogg	0.383	UNVERIFIED	generic-or-unlabeled-source
rpg_sfx_rubberduck/wood_01.ogg	0.239	UNVERIFIED	generic-or-unlabeled-source
rpg_sfx_rubberduck/wood_02.ogg	0.188	UNVERIFIED	generic-or-unlabeled-source
rpg_sfx_rubberduck/wood_03.ogg	0.298	UNVERIFIED	generic-or-unlabeled-source
rpg_sfx_rubberduck/wood_04.ogg	0.649	UNVERIFIED	generic-or-unlabeled-source
rpg_sfx_rubberduck/wood_05.ogg	0.388	UNVERIFIED	generic-or-unlabeled-source
water_splash_slime/bubble_01.ogg	0.696	UNVERIFIED	generic-or-unlabeled-source
water_splash_slime/bubble_02.ogg	0.36	UNVERIFIED	generic-or-unlabeled-source
water_splash_slime/bubble_03.ogg	0.547	UNVERIFIED	generic-or-unlabeled-source
water_splash_slime/loop_bubbles_02.ogg	7.334	UNVERIFIED	generic-or-unlabeled-source
water_splash_slime/loop_bubbles_1.ogg	4.407	UNVERIFIED	generic-or-unlabeled-source
water_splash_slime/loop_rain.ogg	6.827	rain	filename-semantic-match
water_splash_slime/loop_water_01.ogg	3.38	UNVERIFIED	generic-or-unlabeled-source
water_splash_slime/loop_water_02.ogg	7.014	UNVERIFIED	generic-or-unlabeled-source
water_splash_slime/loop_water_03.ogg	3.541	UNVERIFIED	generic-or-unlabeled-source
water_splash_slime/slime_01.ogg	0.473	UNVERIFIED	generic-or-unlabeled-source
water_splash_slime/slime_02.ogg	0.45	UNVERIFIED	generic-or-unlabeled-source
water_splash_slime/slime_03.ogg	0.571	UNVERIFIED	generic-or-unlabeled-source
water_splash_slime/slime_04.ogg	0.472	UNVERIFIED	generic-or-unlabeled-source
water_splash_slime/slime_05.ogg	0.456	UNVERIFIED	generic-or-unlabeled-source
water_splash_slime/slime_06.ogg	0.414	UNVERIFIED	generic-or-unlabeled-source
water_splash_slime/slime_07.ogg	0.45	UNVERIFIED	generic-or-unlabeled-source
water_splash_slime/slime_08.ogg	0.529	UNVERIFIED	generic-or-unlabeled-source
water_splash_slime/slime_09.ogg	0.654	UNVERIFIED	generic-or-unlabeled-source
water_splash_slime/slime_10.ogg	0.585	UNVERIFIED	generic-or-unlabeled-source
water_splash_slime/slime_11.ogg	0.41	UNVERIFIED	generic-or-unlabeled-source
water_splash_slime/slime_12.ogg	0.23	UNVERIFIED	generic-or-unlabeled-source
water_splash_slime/slime_13.ogg	0.574	UNVERIFIED	generic-or-unlabeled-source
water_splash_slime/slime_14.ogg	0.448	UNVERIFIED	generic-or-unlabeled-source
water_splash_slime/slime_15.ogg	0.495	UNVERIFIED	generic-or-unlabeled-source
water_splash_slime/slime_16.ogg	0.432	UNVERIFIED	generic-or-unlabeled-source
water_splash_slime/splash_01.ogg	1.381	UNVERIFIED	generic-or-unlabeled-source
water_splash_slime/splash_02.ogg	0.718	UNVERIFIED	generic-or-unlabeled-source
water_splash_slime/splash_03.ogg	0.772	UNVERIFIED	generic-or-unlabeled-source
water_splash_slime/splash_04.ogg	1.011	UNVERIFIED	generic-or-unlabeled-source
water_splash_slime/splash_05.ogg	1.177	UNVERIFIED	generic-or-unlabeled-source
water_splash_slime/splash_06.ogg	0.457	UNVERIFIED	generic-or-unlabeled-source
water_splash_slime/splash_07.ogg	1.26	UNVERIFIED	generic-or-unlabeled-source
water_splash_slime/splash_08.ogg	0.693	UNVERIFIED	generic-or-unlabeled-source
water_splash_slime/splash_09.ogg	0.36	UNVERIFIED	generic-or-unlabeled-source
water_splash_slime/splash_10.ogg	0.318	UNVERIFIED	generic-or-unlabeled-source
water_splash_slime/splash_11.ogg	1.127	UNVERIFIED	generic-or-unlabeled-source
water_splash_slime/splash_12.ogg	0.786	UNVERIFIED	generic-or-unlabeled-source
water_splash_slime/splash_13.ogg	0.764	UNVERIFIED	generic-or-unlabeled-source
water_splash_slime/splash_14.ogg	0.559	UNVERIFIED	generic-or-unlabeled-source
water_splash_slime/splash_15.ogg	0.48	UNVERIFIED	generic-or-unlabeled-source
weird_horror_sources/weird_01.ogg	0.513	UNVERIFIED	generic-or-unlabeled-source
weird_horror_sources/weird_02.ogg	0.292	UNVERIFIED	generic-or-unlabeled-source
weird_horror_sources/weird_03.ogg	0.735	UNVERIFIED	generic-or-unlabeled-source
weird_horror_sources/weird_04.ogg	0.381	UNVERIFIED	generic-or-unlabeled-source
weird_horror_sources/weird_05.ogg	0.525	UNVERIFIED	generic-or-unlabeled-source
weird_horror_sources/weird_06.ogg	0.447	UNVERIFIED	generic-or-unlabeled-source
weird_horror_sources/weird_07.ogg	0.785	UNVERIFIED	generic-or-unlabeled-source
weird_horror_sources/weird_08.ogg	0.416	UNVERIFIED	generic-or-unlabeled-source
weird_horror_sources/weird_09.ogg	0.748	UNVERIFIED	generic-or-unlabeled-source
weird_horror_sources/weird_10.ogg	0.715	UNVERIFIED	generic-or-unlabeled-source
weird_horror_sources/weird_11.ogg	0.63	UNVERIFIED	generic-or-unlabeled-source
weird_horror_sources/weird_12.ogg	1.166	UNVERIFIED	generic-or-unlabeled-source
weird_horror_sources/weird_13.ogg	0.311	UNVERIFIED	generic-or-unlabeled-source
weird_horror_sources/weird_14.ogg	0.548	UNVERIFIED	generic-or-unlabeled-source
weird_horror_sources/weird_15.ogg	0.789	UNVERIFIED	generic-or-unlabeled-source
weird_horror_sources/weird_16.ogg	0.477	UNVERIFIED	generic-or-unlabeled-source
weird_horror_sources/weird_17.ogg	0.528	UNVERIFIED	generic-or-unlabeled-source
weird_horror_sources/weird_18.ogg	0.961	UNVERIFIED	generic-or-unlabeled-source
weird_horror_sources/weird_19.ogg	0.563	UNVERIFIED	generic-or-unlabeled-source
weird_horror_sources/weird_20.ogg	0.706	UNVERIFIED	generic-or-unlabeled-source
weird_horror_sources/weird_21.ogg	0.409	UNVERIFIED	generic-or-unlabeled-source
weird_horror_sources/weird_22.ogg	1.26	UNVERIFIED	generic-or-unlabeled-source
weird_horror_sources/weird_23.ogg	0.295	UNVERIFIED	generic-or-unlabeled-source
weird_horror_sources/weird_24.ogg	0.441	UNVERIFIED	generic-or-unlabeled-source
weird_horror_sources/weird_25.ogg	0.516	UNVERIFIED	generic-or-unlabeled-source
weird_horror_sources/weird_26.ogg	0.543	UNVERIFIED	generic-or-unlabeled-source
weird_horror_sources/weird_27.ogg	0.505	UNVERIFIED	generic-or-unlabeled-source
weird_horror_sources/weird_28.ogg	0.979	UNVERIFIED	generic-or-unlabeled-source
weird_horror_sources/weird_29.ogg	0.544	UNVERIFIED	generic-or-unlabeled-source
weird_horror_sources/weird_30.ogg	0.997	UNVERIFIED	generic-or-unlabeled-source
wood_metal_rubberduck/door_open_01.ogg	0.433	door	filename-semantic-match
wood_metal_rubberduck/hammer_01.ogg	0.504	UNVERIFIED	generic-or-unlabeled-source
wood_metal_rubberduck/hammer_02.ogg	0.237	UNVERIFIED	generic-or-unlabeled-source
wood_metal_rubberduck/hammer_03.ogg	0.227	UNVERIFIED	generic-or-unlabeled-source
wood_metal_rubberduck/hammer_04.ogg	0.259	UNVERIFIED	generic-or-unlabeled-source
wood_metal_rubberduck/keys_01.ogg	0.41	UNVERIFIED	generic-or-unlabeled-source
wood_metal_rubberduck/keys_02.ogg	0.459	UNVERIFIED	generic-or-unlabeled-source
wood_metal_rubberduck/keys_03.ogg	0.482	UNVERIFIED	generic-or-unlabeled-source
wood_metal_rubberduck/keys_04.ogg	0.379	UNVERIFIED	generic-or-unlabeled-source
wood_metal_rubberduck/keys_05.ogg	0.57	UNVERIFIED	generic-or-unlabeled-source
wood_metal_rubberduck/keys_06.ogg	0.637	UNVERIFIED	generic-or-unlabeled-source
wood_metal_rubberduck/keys_07.ogg	0.569	UNVERIFIED	generic-or-unlabeled-source
wood_metal_rubberduck/lock_open_01.ogg	0.737	UNVERIFIED	generic-or-unlabeled-source
wood_metal_rubberduck/metal_close_01.ogg	0.869	UNVERIFIED	generic-or-unlabeled-source
wood_metal_rubberduck/metal_falling_01.ogg	1.786	UNVERIFIED	generic-or-unlabeled-source
wood_metal_rubberduck/metal_falling_02.ogg	0.956	UNVERIFIED	generic-or-unlabeled-source
wood_metal_rubberduck/metal_hit_01.ogg	0.269	UNVERIFIED	generic-or-unlabeled-source
wood_metal_rubberduck/metal_hit_02.ogg	0.435	UNVERIFIED	generic-or-unlabeled-source
wood_metal_rubberduck/metal_hit_03.ogg	0.395	UNVERIFIED	generic-or-unlabeled-source
wood_metal_rubberduck/metal_hit_04.ogg	0.373	UNVERIFIED	generic-or-unlabeled-source
wood_metal_rubberduck/metal_hit_05.ogg	0.329	UNVERIFIED	generic-or-unlabeled-source
wood_metal_rubberduck/metal_open_01.ogg	1.15	UNVERIFIED	generic-or-unlabeled-source
wood_metal_rubberduck/metal_sheet_01.ogg	0.442	UNVERIFIED	generic-or-unlabeled-source
wood_metal_rubberduck/metal_sheet_02.ogg	0.432	UNVERIFIED	generic-or-unlabeled-source
wood_metal_rubberduck/metal_sheet_03.ogg	0.577	UNVERIFIED	generic-or-unlabeled-source
wood_metal_rubberduck/metal_sheet_04.ogg	0.4	UNVERIFIED	generic-or-unlabeled-source
wood_metal_rubberduck/metal_sheet_05.ogg	0.271	UNVERIFIED	generic-or-unlabeled-source
wood_metal_rubberduck/metal_sheet_06.ogg	0.616	UNVERIFIED	generic-or-unlabeled-source
wood_metal_rubberduck/metal_slam_01.ogg	0.573	UNVERIFIED	generic-or-unlabeled-source
wood_metal_rubberduck/metal_spring_01.ogg	0.585	UNVERIFIED	generic-or-unlabeled-source
wood_metal_rubberduck/metal_spring_02.ogg	0.473	UNVERIFIED	generic-or-unlabeled-source
wood_metal_rubberduck/misc_01.ogg	0.955	UNVERIFIED	generic-or-unlabeled-source
wood_metal_rubberduck/misc_02.ogg	0.307	UNVERIFIED	generic-or-unlabeled-source
wood_metal_rubberduck/misc_03.ogg	0.623	UNVERIFIED	generic-or-unlabeled-source
wood_metal_rubberduck/misc_04.ogg	0.593	UNVERIFIED	generic-or-unlabeled-source
wood_metal_rubberduck/misc_05.ogg	0.678	UNVERIFIED	generic-or-unlabeled-source
wood_metal_rubberduck/misc_06.ogg	0.911	UNVERIFIED	generic-or-unlabeled-source
wood_metal_rubberduck/misc_07.ogg	0.946	UNVERIFIED	generic-or-unlabeled-source
wood_metal_rubberduck/misc_08.ogg	0.375	UNVERIFIED	generic-or-unlabeled-source
wood_metal_rubberduck/misc_09.ogg	0.742	UNVERIFIED	generic-or-unlabeled-source
wood_metal_rubberduck/misc_10.ogg	0.526	UNVERIFIED	generic-or-unlabeled-source
wood_metal_rubberduck/misc_11.ogg	0.563	UNVERIFIED	generic-or-unlabeled-source
wood_metal_rubberduck/misc_12.ogg	0.322	UNVERIFIED	generic-or-unlabeled-source
wood_metal_rubberduck/misc_13.ogg	0.37	UNVERIFIED	generic-or-unlabeled-source
wood_metal_rubberduck/misc_14.ogg	0.506	UNVERIFIED	generic-or-unlabeled-source
wood_metal_rubberduck/misc_15.ogg	0.49	UNVERIFIED	generic-or-unlabeled-source
wood_metal_rubberduck/misc_16.ogg	0.416	UNVERIFIED	generic-or-unlabeled-source
wood_metal_rubberduck/misc_17.ogg	0.29	UNVERIFIED	generic-or-unlabeled-source
wood_metal_rubberduck/tools_01.ogg	0.594	UNVERIFIED	generic-or-unlabeled-source
wood_metal_rubberduck/tools_02.ogg	0.45	UNVERIFIED	generic-or-unlabeled-source
wood_metal_rubberduck/tools_03.ogg	0.474	UNVERIFIED	generic-or-unlabeled-source
wood_metal_rubberduck/tools_04.ogg	0.809	UNVERIFIED	generic-or-unlabeled-source
wood_metal_rubberduck/tools_05.ogg	0.45	UNVERIFIED	generic-or-unlabeled-source
wood_metal_rubberduck/tools_06.ogg	0.521	UNVERIFIED	generic-or-unlabeled-source
wood_metal_rubberduck/tools_07.ogg	0.388	UNVERIFIED	generic-or-unlabeled-source
wood_metal_rubberduck/tools_08.ogg	0.503	UNVERIFIED	generic-or-unlabeled-source
wood_metal_rubberduck/tools_09.ogg	0.592	UNVERIFIED	generic-or-unlabeled-source
wood_metal_rubberduck/tools_10.ogg	0.573	UNVERIFIED	generic-or-unlabeled-source
wood_metal_rubberduck/tools_11.ogg	0.398	UNVERIFIED	generic-or-unlabeled-source
wood_metal_rubberduck/tools_12.ogg	0.412	UNVERIFIED	generic-or-unlabeled-source
wood_metal_rubberduck/wood_breaking_01.ogg	0.565	wood_break	filename-semantic-match
wood_metal_rubberduck/wood_breaking_02.ogg	0.568	wood_break	filename-semantic-match
wood_metal_rubberduck/wood_close_01.ogg	0.397	UNVERIFIED	generic-or-unlabeled-source
wood_metal_rubberduck/wood_close_02.ogg	0.44	UNVERIFIED	generic-or-unlabeled-source
wood_metal_rubberduck/wood_cracking_01.ogg	0.185	wood_break	filename-semantic-match
wood_metal_rubberduck/wood_cracking_02.ogg	0.251	wood_break	filename-semantic-match
wood_metal_rubberduck/wood_cracking_03.ogg	0.314	wood_break	filename-semantic-match
wood_metal_rubberduck/wood_cracking_04.ogg	0.25	wood_break	filename-semantic-match
wood_metal_rubberduck/wood_falling_01.ogg	0.639	UNVERIFIED	generic-or-unlabeled-source
wood_metal_rubberduck/wood_falling_02.ogg	0.481	UNVERIFIED	generic-or-unlabeled-source
wood_metal_rubberduck/wood_falling_03.ogg	0.462	UNVERIFIED	generic-or-unlabeled-source
wood_metal_rubberduck/wood_falling_04.ogg	0.362	UNVERIFIED	generic-or-unlabeled-source
wood_metal_rubberduck/wood_falling_05.ogg	0.681	UNVERIFIED	generic-or-unlabeled-source
wood_metal_rubberduck/wood_falling_06.ogg	0.655	UNVERIFIED	generic-or-unlabeled-source
wood_metal_rubberduck/wood_hammer_01.ogg	0.313	UNVERIFIED	generic-or-unlabeled-source
wood_metal_rubberduck/wood_hammer_02.ogg	0.232	UNVERIFIED	generic-or-unlabeled-source
wood_metal_rubberduck/wood_hit_01.ogg	0.338	UNVERIFIED	generic-or-unlabeled-source
wood_metal_rubberduck/wood_hit_02.ogg	0.385	UNVERIFIED	generic-or-unlabeled-source
wood_metal_rubberduck/wood_hit_03.ogg	0.407	UNVERIFIED	generic-or-unlabeled-source
wood_metal_rubberduck/wood_hit_04.ogg	0.303	UNVERIFIED	generic-or-unlabeled-source
wood_metal_rubberduck/wood_hit_05.ogg	0.308	UNVERIFIED	generic-or-unlabeled-source
wood_metal_rubberduck/wood_hit_06.ogg	0.284	UNVERIFIED	generic-or-unlabeled-source
wood_metal_rubberduck/wood_hit_07.ogg	0.288	UNVERIFIED	generic-or-unlabeled-source
wood_metal_rubberduck/wood_hit_08.ogg	0.367	UNVERIFIED	generic-or-unlabeled-source
wood_metal_rubberduck/wood_hit_09.ogg	0.258	UNVERIFIED	generic-or-unlabeled-source
wood_metal_rubberduck/wood_misc_01.ogg	0.42	UNVERIFIED	generic-or-unlabeled-source
wood_metal_rubberduck/wood_misc_02.ogg	0.343	UNVERIFIED	generic-or-unlabeled-source
wood_metal_rubberduck/wood_misc_03.ogg	0.452	UNVERIFIED	generic-or-unlabeled-source
wood_metal_rubberduck/wood_misc_04.ogg	0.469	UNVERIFIED	generic-or-unlabeled-source
wood_metal_rubberduck/wood_misc_05.ogg	0.304	UNVERIFIED	generic-or-unlabeled-source
wood_metal_rubberduck/wood_misc_06.ogg	0.426	UNVERIFIED	generic-or-unlabeled-source
wood_metal_rubberduck/wood_misc_07.ogg	0.441	UNVERIFIED	generic-or-unlabeled-source
wood_metal_rubberduck/wood_misc_08.ogg	0.295	UNVERIFIED	generic-or-unlabeled-source
wood_metal_rubberduck/wood_misc_09.ogg	0.738	UNVERIFIED	generic-or-unlabeled-source
wood_metal_rubberduck/wood_slam_01.ogg	0.377	UNVERIFIED	generic-or-unlabeled-source
wood_metal_rubberduck/wood_slam_02.ogg	0.483	UNVERIFIED	generic-or-unlabeled-source
wood_metal_rubberduck/wood_slam_03.ogg	0.444	UNVERIFIED	generic-or-unlabeled-source
wood_metal_rubberduck/wood_slam_04.ogg	0.39	UNVERIFIED	generic-or-unlabeled-source
wood_metal_rubberduck/wood_squeak_01.ogg	0.478	UNVERIFIED	generic-or-unlabeled-source
wood_metal_rubberduck/wood_squeak_02.ogg	0.386	UNVERIFIED	generic-or-unlabeled-source
zombie_moans_darsycho/zombie_moans.ogg	15.813	zombie_idle	filename-semantic-match
zombies_artisticdude/__MACOSX/zombies/._zombie-1.wav		UNVERIFIED	generic-or-unlabeled-source
zombies_artisticdude/__MACOSX/zombies/._zombie-10.wav		UNVERIFIED	generic-or-unlabeled-source
zombies_artisticdude/__MACOSX/zombies/._zombie-11.wav		UNVERIFIED	generic-or-unlabeled-source
zombies_artisticdude/__MACOSX/zombies/._zombie-12.wav		UNVERIFIED	generic-or-unlabeled-source
zombies_artisticdude/__MACOSX/zombies/._zombie-13.wav		UNVERIFIED	generic-or-unlabeled-source
zombies_artisticdude/__MACOSX/zombies/._zombie-14.wav		UNVERIFIED	generic-or-unlabeled-source
zombies_artisticdude/__MACOSX/zombies/._zombie-15.wav		UNVERIFIED	generic-or-unlabeled-source
zombies_artisticdude/__MACOSX/zombies/._zombie-16.wav		UNVERIFIED	generic-or-unlabeled-source
zombies_artisticdude/__MACOSX/zombies/._zombie-17.wav		UNVERIFIED	generic-or-unlabeled-source
zombies_artisticdude/__MACOSX/zombies/._zombie-18.wav		UNVERIFIED	generic-or-unlabeled-source
zombies_artisticdude/__MACOSX/zombies/._zombie-19.wav		UNVERIFIED	generic-or-unlabeled-source
zombies_artisticdude/__MACOSX/zombies/._zombie-2.wav		UNVERIFIED	generic-or-unlabeled-source
zombies_artisticdude/__MACOSX/zombies/._zombie-20.wav		UNVERIFIED	generic-or-unlabeled-source
zombies_artisticdude/__MACOSX/zombies/._zombie-21.wav		UNVERIFIED	generic-or-unlabeled-source
zombies_artisticdude/__MACOSX/zombies/._zombie-22.wav		UNVERIFIED	generic-or-unlabeled-source
zombies_artisticdude/__MACOSX/zombies/._zombie-23.wav		UNVERIFIED	generic-or-unlabeled-source
zombies_artisticdude/__MACOSX/zombies/._zombie-24.wav		UNVERIFIED	generic-or-unlabeled-source
zombies_artisticdude/__MACOSX/zombies/._zombie-3.wav		UNVERIFIED	generic-or-unlabeled-source
zombies_artisticdude/__MACOSX/zombies/._zombie-4.wav		UNVERIFIED	generic-or-unlabeled-source
zombies_artisticdude/__MACOSX/zombies/._zombie-5.wav		UNVERIFIED	generic-or-unlabeled-source
zombies_artisticdude/__MACOSX/zombies/._zombie-6.wav		UNVERIFIED	generic-or-unlabeled-source
zombies_artisticdude/__MACOSX/zombies/._zombie-7.wav		UNVERIFIED	generic-or-unlabeled-source
zombies_artisticdude/__MACOSX/zombies/._zombie-8.wav		UNVERIFIED	generic-or-unlabeled-source
zombies_artisticdude/__MACOSX/zombies/._zombie-9.wav		UNVERIFIED	generic-or-unlabeled-source
zombies_artisticdude/zombies/zombie-1.wav	0.854	UNVERIFIED	generic-numbered-zombie-vocal-requires-listening
zombies_artisticdude/zombies/zombie-10.wav	0.688	UNVERIFIED	generic-numbered-zombie-vocal-requires-listening
zombies_artisticdude/zombies/zombie-11.wav	0.5	UNVERIFIED	generic-numbered-zombie-vocal-requires-listening
zombies_artisticdude/zombies/zombie-12.wav	0.792	UNVERIFIED	generic-numbered-zombie-vocal-requires-listening
zombies_artisticdude/zombies/zombie-13.wav	0.563	UNVERIFIED	generic-numbered-zombie-vocal-requires-listening
zombies_artisticdude/zombies/zombie-14.wav	0.667	UNVERIFIED	generic-numbered-zombie-vocal-requires-listening
zombies_artisticdude/zombies/zombie-15.wav	0.875	UNVERIFIED	generic-numbered-zombie-vocal-requires-listening
zombies_artisticdude/zombies/zombie-16.wav	1.438	UNVERIFIED	generic-numbered-zombie-vocal-requires-listening
zombies_artisticdude/zombies/zombie-17.wav	1.583	UNVERIFIED	generic-numbered-zombie-vocal-requires-listening
zombies_artisticdude/zombies/zombie-18.wav	1.104	UNVERIFIED	generic-numbered-zombie-vocal-requires-listening
zombies_artisticdude/zombies/zombie-19.wav	0.979	UNVERIFIED	generic-numbered-zombie-vocal-requires-listening
zombies_artisticdude/zombies/zombie-2.wav	0.708	UNVERIFIED	generic-numbered-zombie-vocal-requires-listening
zombies_artisticdude/zombies/zombie-20.wav	0.958	UNVERIFIED	generic-numbered-zombie-vocal-requires-listening
zombies_artisticdude/zombies/zombie-21.wav	1.083	UNVERIFIED	generic-numbered-zombie-vocal-requires-listening
zombies_artisticdude/zombies/zombie-22.wav	0.667	UNVERIFIED	generic-numbered-zombie-vocal-requires-listening
zombies_artisticdude/zombies/zombie-23.wav	0.812	UNVERIFIED	generic-numbered-zombie-vocal-requires-listening
zombies_artisticdude/zombies/zombie-24.wav	0.333	UNVERIFIED	generic-numbered-zombie-vocal-requires-listening
zombies_artisticdude/zombies/zombie-3.wav	0.583	UNVERIFIED	generic-numbered-zombie-vocal-requires-listening
zombies_artisticdude/zombies/zombie-4.wav	0.729	UNVERIFIED	generic-numbered-zombie-vocal-requires-listening
zombies_artisticdude/zombies/zombie-5.wav	0.5	UNVERIFIED	generic-numbered-zombie-vocal-requires-listening
zombies_artisticdude/zombies/zombie-6.wav	0.542	UNVERIFIED	generic-numbered-zombie-vocal-requires-listening
zombies_artisticdude/zombies/zombie-7.wav	0.583	UNVERIFIED	generic-numbered-zombie-vocal-requires-listening
zombies_artisticdude/zombies/zombie-8.wav	0.833	UNVERIFIED	generic-numbered-zombie-vocal-requires-listening
zombies_artisticdude/zombies/zombie-9.wav	0.875	UNVERIFIED	generic-numbered-zombie-vocal-requires-listening
