# File produced by Open Asset Import Library (http://www.assimp.sf.net)
# (assimp v5.3.0)

mtllib nightmare_02.mtl

# 2645 vertex positions
v 0.618895888 87.260704 -172.061279
v 0 87.716774 -172.069489
v 0 84.973114 -165.671204
v 0.762063265 84.6352539 -165.763947
v 1.497756 84.2245865 -165.898544
v 1.17913342 86.8493423 -172.006256
v 0.942765176 88.4085999 -175.707947
v 0.54782033 88.8406982 -176.418793
v 0 89.3292542 -176.753983
v 10.0791368 132.129333 -32.9808617
v 10.668704 138.769806 -27.6369324
v 14.7092419 132.728287 -24.5301857
v 12.9415674 127.311829 -29.6069851
v 13.052124 119.933723 -34.5610046
v 10.2431326 123.728821 -38.0497589
v 6.3744545 126.564323 -40.6220589
v 6.04126596 135.919861 -35.3137436
v 6.54993057 144.847748 -29.3554497
v 1.89284229 85.3821335 -172.757217
v 1.93119049 85.8964691 -172.405777
v 2.56663108 82.8935776 -166.496048
v 2.5658102 82.098793 -166.876678
v 2.10068369 81.3054657 -167.225479
v 1.56386197 84.7871552 -172.949402
v 1.2002542 86.9859009 -176.353165
v 1.31924009 87.655426 -176.592392
v 1.4713943 87.7235184 -175.927124
v 12.7516012 143.274994 -23.3688583
v 17.8734398 140.63208 -21.7625027
v 12.1865673 148.851578 -22.6547985
v 19.4958401 148.397018 -15.0191927
v 1.63182759 86.4540634 -172.262131
v 2.15073228 83.6453247 -166.172745
v 1.1731267 88.2881393 -176.297394
v 10.1310787 117.568077 -43.2991409
v 12.8487062 114.014839 -39.9361687
v 12.5616102 108.05397 -45.2369957
v 9.94644165 111.406532 -48.4923401
v 6.32526731 113.887909 -50.9290428
v 6.39891195 120.20327 -45.804039
v 9.70522785 105.652199 -53.8881989
v 12.2049704 102.443497 -50.7969017
v 11.8053007 96.8394394 -56.3749428
v 9.4210434 99.9106445 -59.3165169
v 6.07534027 102.190125 -61.5078316
v 6.21907997 108.027939 -56.1966324
v 9.08833694 94.11203 -64.5094299
v 11.3572521 91.1266632 -61.7701759
v 10.8670025 85.6761551 -67.2990341
v 8.7132988 88.6121979 -69.763649
v 5.66558552 90.80159 -71.5905838
v 5.88903427 96.3271408 -66.5473404
v 8.30211353 83.5981827 -75.344696
v 10.3407269 80.6402817 -73.1476822
v 9.7845974 76.0672226 -79.4241867
v 7.86097336 78.9904099 -81.4120255
v 5.12895727 81.1498947 -82.9385681
v 5.41041803 85.8038635 -77.0035019
v 7.39606333 74.7121353 -87.1985397
v 9.20479488 71.6980057 -85.6895981
v 8.60748863 68.7520599 -92.6014709
v 6.91357088 71.5033798 -93.6647644
v 4.5088501 73.5218048 -94.5438614
v 4.8266263 76.8724594 -88.4045334
v 6.41968679 69.1342316 -100.577065
v 7.99885845 66.6485214 -99.9078217
v 7.38507652 64.8568573 -107.45742
v 5.92059803 67.1546555 -107.827873
v 3.84865999 68.8322754 -108.156502
v 4.18105268 70.9696655 -101.128311
v 5.42248917 67.3272858 -114.986641
v 6.77231693 65.0330963 -115.224205
v 6.16675758 66.1437225 -122.716621
v 4.93155098 68.2730789 -122.280418
v 3.19177961 69.8560867 -121.96196
v 3.51709414 69.0131149 -114.818771
v 4.45397329 70.0778198 -129.778503
v 5.57457209 68.1487045 -130.274033
v 5.00193691 70.5353012 -137.828644
v 3.99594021 72.2484741 -137.292313
v 2.58160543 73.4945602 -136.867401
v 2.8781414 71.4638748 -129.43367
v 3.5636425 74.4239349 -144.712921
v 4.45502567 72.9313507 -145.268311
v 3.94001293 76.0230331 -152.471344
v 3.16326761 77.3025436 -151.929062
v 2.0615325 78.2619629 -151.519562
v 2.30759382 75.5517883 -144.270859
v 2.8010025 80.4899673 -159.106613
v 3.46307611 79.4137344 -159.595596
v 1.84884524 81.2913284 -158.742462
v 3.2002182 57.8988724 -115.919571
v 3.4907639 57.7196732 -107.123863
v 0 56.4977188 -107.178589
v 0 56.7298431 -116.032784
v 0 58.5885239 -124.259369
v 2.9132843 59.6589127 -124.050827
v 5.21103764 61.8086014 -123.616653
v 5.72365522 60.2541656 -115.691994
v 6.2425909 60.1808548 -107.137985
v 12.352622 124.366745 -27.0301418
v 12.4243002 128.10144 -23.0804577
v 7.85861921 124.632545 -19.4010906
v 9.09383011 120.945404 -25.0091381
v 10.6259375 112.820183 -27.9548054
v 13.124959 116.413643 -31.2150631
v 13.0779905 110.580696 -36.6631546
v 10.7821045 107.114731 -33.4460831
v 10.6025038 101.21653 -38.6547089
v 12.7979326 104.63623 -41.9454231
v 12.4306183 99.1705017 -47.6632004
v 10.307169 95.8903961 -44.5246811
v 9.97414017 90.5807114 -50.3965263
v 12.0202427 93.7131805 -53.3884277
v 11.5615654 88.0930939 -59.0002899
v 9.59887695 85.0310211 -56.2232857
v 9.18677139 79.719696 -62.2825584
v 11.0607548 82.6988602 -64.7921906
v 10.523982 77.6241074 -70.9312592
v 8.74322033 74.5988235 -68.7355652
v 8.27361965 70.0528183 -75.516571
v 9.95741463 73.0684052 -77.4449234
v 9.36721897 68.554306 -84.3320312
v 7.78335953 65.3747177 -83.1676178
v 7.27783871 62.9891205 -90.9494629
v 8.7595644 65.9010925 -91.6917267
v 8.14061928 64.0859299 -99.3518448
v 6.76245117 61.43573 -98.8900146
v 7.51655245 62.537056 -107.202873
v 6.89353037 62.6478424 -115.457985
v 6.27772379 63.9786835 -123.16584
v 5.67529964 66.1860962 -130.777771
v 4.71013165 64.1787491 -131.276825
v 4.22633457 67.0419159 -138.932709
v 5.09242725 68.7934265 -138.371429
v 4.5352726 71.4190903 -145.828903
v 3.76503754 69.9299469 -146.38942
v 3.33163881 73.44384 -153.564896
v 4.01000547 74.7305756 -153.018509
v 3.52279401 78.3213425 -160.091873
v 2.93153238 77.2290726 -160.588104
v 2.81027555 136.708282 -36.1202774
v 0 136.355042 -36.1403313
v 0 144.401245 -31.9371052
v 2.64462519 145.090408 -31.6650581
v 3.04344893 127.616501 -41.4997978
v 0 127.730667 -41.5106926
v 3.08908367 121.147385 -46.6587639
v 0 121.216347 -46.6766739
v 3.07092524 114.708878 -51.7473907
v 0 114.707603 -51.7486191
v 3.03421926 108.815231 -56.9685059
v 0 108.813034 -56.9690399
v 2.97606444 102.946327 -62.2386208
v 0 102.944016 -62.2383575
v 2.89356112 97.0635452 -67.2140656
v 0 97.0619583 -67.2131195
v 2.78980875 91.5334778 -72.1957855
v 0 91.5331802 -72.1964035
v 2.66791296 86.5039597 -77.5147705
v 0 86.4831467 -77.4873657
v 2.53097105 81.8299713 -83.3695145
v 0 81.8042984 -83.3168716
v 2.38208771 77.6028824 -88.7736511
v 0 77.6027985 -88.7427673
v 2.22436643 74.1902313 -94.8502731
v 0 74.1893692 -94.8523712
v 2.06090498 71.5516205 -101.328773
v 0 71.5334396 -101.321098
v 1.89480782 69.4305954 -108.235558
v 0 69.4603271 -108.195923
v 1.729177 69.5504303 -114.760361
v 0 69.5221939 -114.752312
v 1.5671134 70.380127 -121.861565
v 0 70.3797607 -121.86174
v 1.41171813 71.7412338 -129.394531
v 0 71.6835327 -129.411301
v 1.26609659 73.883255 -136.698456
v 0 73.8444824 -136.662766
v 1.13334656 75.9460144 -144.087524
v 0 75.9992905 -143.995285
v 1.01657212 78.6227646 -151.351868
v 0 78.6968384 -151.29631
v 0.918875635 81.5906067 -158.602844
v 0 81.5304718 -158.636902
v 20.8049412 153.055786 -4.08984137
v 20.0824795 151.530991 5.00617886
v 17.7077866 142.540909 7.68713808
v 21.8965607 146.540039 -2.8941803
v 18.6026077 154.490204 -14.032918
v 20.8031197 159.778656 -13.5620222
v 23.1337852 159.043121 -4.29333544
v 21.1203842 157.642792 4.83635235
v 2.87612534 152.310028 -31.0596199
v 6.88878918 152.562225 -29.0584545
v 0 151.939209 -31.3871365
v 0 160.540604 -31.7125664
v 3.78677845 160.379379 -31.3241348
v 8.50972271 159.942947 -28.8428802
v 12.9472513 154.085022 -23.0031109
v 15.0456743 160.082138 -22.4179077
v 26.9718475 187.51033 -8.07552624
v 31.9087715 187.3871 -0.680160403
v 30.5243969 178.587067 -5.13129663
v 24.1820164 177.967941 -14.5600624
v 15.9980726 175.881287 -23.1732464
v 19.8171692 187.676773 -16.4459553
v 20.5421352 196.321823 -10.2681389
v 26.6828156 197.341431 -3.77899265
v 31.5687485 197.727707 5.76915121
v 27.2977047 168.103729 -2.198915
v 26.1201286 166.492859 4.3433938
v 25.5644016 169.551117 -10.5768805
v 30.954277 174.562607 -0.026796028
v 28.8782921 174.106049 7.39050436
v 5.75104332 168.137665 -30.9713173
v 11.8671122 167.104187 -27.1879578
v 0 168.818832 -31.9213257
v 0 179.517563 -28.7686234
v 8.21115112 177.996429 -27.6050549
v 19.6066246 168.785568 -19.5994568
v 56.807827 188.403549 4.08005428
v 57.2877655 184.927383 -1.50300515
v 52.0969276 184.840195 -3.62141371
v 51.7616348 188.706573 3.06656051
v 50.9690285 189.244583 10.9714003
v 55.7552109 188.491882 10.8078213
v 60.8542099 187.435272 10.6851902
v 61.8828125 187.869629 5.17199945
v 62.2151146 184.902298 0.701639593
v 10.5361547 191.525528 -19.626585
v 2.98023224e-06 194.183014 -20.028614
v 7.4505806e-06 209.902863 -7.46924353
v 14.0439014 202.428726 -10.5421305
v 54.9120369 183.761765 14.0236959
v 50.4027138 184.692093 14.6079512
v 50.0585632 178.818466 13.6906958
v 54.4440765 177.964722 13.4124508
v 59.0854645 176.945969 13.0988464
v 59.7963791 182.565399 13.4367924
v 54.5171509 174.85228 8.65883732
v 49.9324379 175.393021 7.93403292
v 50.2636185 175.295959 0.960492194
v 55.1628723 175.127655 2.76052856
v 59.8060837 174.981613 4.54504395
v 59.0976105 174.262955 9.3433609
v 0.723695755 88.7540817 -177.901993
v 0 89.3832932 -178.577301
v 0.697949529 87.3065948 -177.053436
v 0 87.4448242 -177.335617
v 0.88507086 84.4959793 -173.283432
v 1.18038356 80.6740265 -167.551971
v 0 80.4074631 -167.692001
v 0 84.389473 -173.425034
v 4.94468498 115.632545 -21.3172531
v 3.75756311 119.477325 -15.9565964
v 0 116.846191 -13.0034542
v 0 112.928146 -18.8377323
v 0 107.276115 -23.1557808
v 5.92001963 109.10331 -24.6875362
v 6.03416252 103.595795 -30.1964531
v 0 101.873924 -28.6167641
v 0 96.1988373 -33.7821007
v 5.92241573 97.8594894 -35.4015045
v 5.75961018 92.6622009 -41.4172287
v 0 91.064415 -39.8676453
v 0 85.9635468 -45.9705162
v 5.5752635 87.4942017 -47.4410057
v 5.36678886 82.0710297 -53.4869156
v 0 80.6101379 -52.1197891
v 0 75.3455734 -58.5736237
v 5.13726616 76.7930374 -59.8066483
v 4.88978004 71.5699692 -66.5976791
v 0 70.0109634 -65.565361
v 0 65.4672699 -72.9049225
v 4.6274128 67.045723 -73.7191315
v 4.35324287 62.2743759 -82.0869064
v 0 60.7551041 -81.5526428
v 0 58.6452026 -89.9803696
v 4.0703578 60.0871658 -90.3015823
v 3.78183722 58.6832886 -98.5984268
v 0 57.2786255 -98.4812012
v 2.63304567 62.1370926 -131.798843
v 0 61.1445389 -132.058136
v 0 64.4707642 -139.850723
v 2.36258221 65.3204803 -139.53006
v 2.10497665 68.4788589 -146.955887
v 0 67.7698593 -147.246002
v 0 71.5795822 -154.370361
v 1.86330974 72.2010803 -154.10141
v 1.64066696 76.1532745 -161.076813
v 0 75.6194916 -161.31926
v 56.4129333 179.494064 -1.28480351
v 51.2913589 179.407501 -3.6073699
v 61.1840553 179.567169 1.07856834
v 72.7661438 175.263809 0.789426863
v 71.4999542 170.814667 4.60125208
v 69.2147751 172.365173 4.84707308
v 70.5471497 177.076294 1.10942006
v 71.8966446 182.494568 0.974152446
v 74.1984024 180.502411 0.680134952
v 76.1687164 179.038467 0.319181383
v 74.7093353 173.93399 0.48668319
v 73.5097427 169.687531 4.3387413
v 20.0160103 204.260971 -3.61173558
v 17.1336555 206.619858 -0.38447085
v 0.999623537 179.666443 22.3691769
v 3.45695615 190.133545 27.4362659
v 5.96046448e-06 193.373505 26.1963501
v 2.98023224e-06 180.76355 20.0283413
v 2.98023224e-06 167.63147 12.2431011
v 1.24534369 168.4505 16.067173
v 4.76086569 171.585785 19.6021347
v 3.76233006 178.692841 24.5487537
v 5.56976938 186.043579 27.1419201
v 11.7620268 195.696854 23.9985027
v 4.47034836e-06 196.655838 25.7240791
v 15.7303886 193.136627 23.2267685
v 31.1837616 190.536469 18.1478958
v 21.1265469 195.672623 20.1801567
v 14.7977695 199.910187 22.2860699
v 7.96042395 198.790237 25.9750805
v 2.98023224e-06 198.650955 27.205122
v 34.6552505 178.406754 -0.990421951
v 34.5813293 176.894821 3.96163344
v 35.331707 182.405762 -2.55516839
v 40.0496063 184.761261 -3.39373589
v 39.1765633 180.356445 -2.97215748
v 38.7991562 177.255722 1.22347653
v 35.4350777 179.227982 9.78985023
v 36.5700798 183.760605 13.5658274
v 32.9409409 181.845398 13.3527517
v 39.4984398 177.62915 7.16093349
v 40.4042206 180.55397 12.0810947
v 37.2005997 188.61879 12.5194817
v 37.148037 190.817703 8.05170918
v 33.08218 194.686508 13.0196381
v 41.0346909 185.657562 12.7756271
v 41.2616539 189.544022 9.40336323
v 36.281662 187.539612 1.81519997
v 40.9440575 188.713806 2.26032138
v 44.9374924 179.770554 -3.78745508
v 44.3110428 176.173843 0.669543922
v 45.8116302 184.709198 -3.9988513
v 44.6733932 176.464005 7.26740408
v 45.3414116 179.697296 12.7397871
v 45.8438988 185.217392 13.5711136
v 46.1472359 189.444321 10.0025301
v 46.2287292 188.701492 2.31590867
v 66.2909622 178.636002 1.54121971
v 64.9034348 173.907471 5.03444624
v 67.4934692 184.02626 1.25434172
v 67.4681931 186.894043 5.91211176
v 66.6692734 186.29451 11.5907888
v 71.7083206 184.927689 12.5465603
v 72.2095108 185.451324 6.24242783
v 64.3736954 173.024872 9.99569798
v 64.617569 175.609573 13.9360771
v 68.9532547 171.52977 10.3858709
v 69.5057831 174.174759 14.8888102
v 65.5509109 181.282913 14.366601
v 70.6156158 179.904785 15.5188751
v 74.7523804 183.515976 6.10494375
v 74.4793167 183.192871 12.574482
v 76.7541428 181.935059 12.1728163
v 76.8722534 182.098999 5.70937204
v 71.4441757 170.169388 10.283864
v 72.2154465 172.860764 14.9217596
v 73.5855942 169.201004 10.0022669
v 74.4831238 171.938965 14.592576
v 73.4304276 178.421555 15.599369
v 75.7485275 177.366013 15.224968
v 90.2344971 166.128998 10.4377756
v 90.924263 168.569885 13.9206171
v 83.3697586 170.939682 14.3063784
v 82.508934 168.19632 9.95866108
v 82.3978195 168.917068 4.3831706
v 90.1610413 167.11142 5.67793894
v 97.6779022 165.233871 6.6427002
v 97.7266159 164.116501 10.7354641
v 98.2711411 166.179703 13.5651474
v 91.9508591 174.086029 13.812398
v 92.7356033 179.046951 10.7398968
v 85.5066299 181.623703 11.4155035
v 84.5814819 176.667419 14.6468868
v 99.134079 171.192535 13.1805773
v 99.7890625 175.847885 10.3103867
v 92.6998138 179.822067 5.32990551
v 92.0476685 177.173935 1.196872
v 84.7591171 179.017715 -0.0925913379
v 85.5077286 182.052765 5.04756975
v 99.7097931 176.83873 5.68315744
v 99.1347198 174.649033 2.31900001
v 90.983429 171.865051 1.95527041
v 83.4351654 173.58168 0.359355807
v 98.3023376 169.762726 3.23803425
v 78.1380615 173.822296 0.106572464
v 76.994873 169.41539 4.10141945
v 79.5775299 179.0914 -0.161768496
v 80.3446045 182.211517 5.26549625
v 80.3046951 181.999191 11.8398056
v 79.3231277 177.271027 15.0126095
v 78.0452957 171.680664 14.4588947
v 77.1165695 168.881805 9.85368443
v 113.947929 170.411667 6.46892786
v 112.071594 169.198135 1.39261794
v 107.462669 170.741989 1.15764582
v 108.442047 172.352829 5.78353071
v 108.492088 172.219406 12.3223047
v 112.910751 171.289505 12.2332811
v 116.225143 170.479736 13.7807608
v 116.594681 170.53093 10.5840826
v 117.21833 169.927521 10.3905964
v 116.547798 170.030975 8.04854774
v 117.156349 169.27179 7.08305693
v 116.500938 169.531021 5.51301241
v 117.094337 168.616089 3.77555203
v 116.454079 169.031082 2.97751594
v 115.856125 168.111481 0.904429257
v 110.922882 166.612244 0.809939742
v 110.927948 164.527557 3.85365438
v 106.106987 164.455795 4.64181089
v 106.541374 167.40416 1.28032148
v 115.227219 166.095993 0.782320499
v 114.900375 164.344543 2.24976182
v 123.297569 167.82045 1.91389954
v 123.163078 167.171356 1.02672029
v 121.513687 167.421661 0.935936391
v 121.653786 168.096619 1.85084367
v 121.554314 167.847961 3.0765059
v 123.202393 167.583817 3.09779096
v 124.533821 167.187378 3.16090631
v 124.624657 167.413498 2.03335333
v 124.496414 166.794708 1.18925619
v 118.692947 166.647858 4.21558666
v 117.226257 166.680054 4.46545219
v 116.097305 164.813431 5.47522402
v 118.283699 165.029266 4.41440296
v 120.841072 165.1194 4.17556572
v 121.205368 166.561783 4.01060486
v 119.085335 168.094986 3.17272568
v 118.120827 164.230164 3.23324585
v 115.208641 164.21698 4.9453373
v 118.227173 164.468491 1.69923246
v 120.789574 164.608368 1.70136631
v 120.695541 164.402054 3.09383678
v 118.625549 165.962097 0.83943671
v 119.040764 167.627167 0.823688865
v 121.143959 165.93689 0.934088886
v 119.197655 168.379776 1.82177448
v 122.46479 165.12645 7.19926453
v 122.601891 165.796051 8.16713715
v 120.924606 165.949829 8.20145893
v 120.781792 165.253662 7.20313883
v 120.873108 165.438797 5.7272563
v 122.552063 165.30159 5.77325344
v 123.992935 164.986465 5.89000082
v 123.909592 164.818863 7.24803305
v 124.040367 165.457153 8.16896057
v 118.843651 168.181671 11.7670059
v 117.376999 168.213882 12.0169086
v 116.262672 166.446991 13.3589563
v 118.452332 166.70253 12.5150061
v 121.008133 166.780289 12.2274284
v 121.356094 168.095612 11.5620022
v 121.688698 169.254669 10.12745
v 119.218147 169.489349 10.1749439
v 118.295456 165.949921 11.5169249
v 115.341011 165.517776 11.2014112
v 116.17997 165.630188 9.41708279
v 118.395821 166.141724 9.79981518
v 120.956627 166.269257 9.75321674
v 120.868042 166.105316 11.3125105
v 118.776276 167.495895 8.39081383
v 117.301605 167.44696 8.24115849
v 119.173576 169.021515 7.82587671
v 121.648094 168.828384 7.98689127
v 121.294678 167.470703 8.48548603
v 119.324478 169.727646 8.64090729
v 121.78273 169.460999 8.73497772
v 122.959221 167.280533 8.57041454
v 122.635307 166.12999 9.79106998
v 123.298004 168.58223 8.09392929
v 124.730919 168.115738 8.29132652
v 124.407722 166.873947 8.74642181
v 124.098656 165.776062 9.90995216
v 118.919037 168.948578 15.5427399
v 116.522156 168.740982 16.153944
v 115.256523 166.983719 17.0923119
v 118.536674 167.539185 16.5653477
v 121.091667 167.610733 16.253376
v 121.43148 168.862503 15.3377275
v 121.755943 169.958054 13.6529465
v 119.284584 170.186523 13.6760693
v 118.382767 166.809814 15.6587791
v 115.407181 166.168198 14.3294744
v 118.480171 166.978394 13.8501482
v 121.040176 167.099701 13.7791758
v 120.954308 166.95694 15.4218769
v 118.851662 168.262817 12.1665545
v 119.240013 169.718689 11.3269968
v 121.715309 169.531738 11.5123835
v 121.370079 168.23761 12.2612104
v 119.387947 170.401596 12.0505056
v 121.84726 170.143173 12.1770735
v 122.636536 166.824203 15.3962727
v 122.768387 167.45282 16.2027607
v 122.718559 166.958374 13.8088837
v 124.158646 166.637299 13.9023438
v 124.080315 166.508743 15.4140244
v 124.206055 167.108032 16.1813011
v 118.768295 167.414734 7.99125481
v 118.368004 165.865906 8.4647007
v 121.280739 167.328674 7.78626394
v 121.621513 168.5513 6.60194302
v 119.151733 168.792145 6.67380095
v 118.208145 165.090027 7.3750596
v 115.274796 164.867371 8.07336807
v 118.311523 165.305099 5.74950075
v 118.70092 166.728989 4.61509562
v 119.107185 168.32431 4.32473755
v 121.580902 168.124985 4.46138716
v 121.219322 166.703781 4.70974493
v 119.261078 169.053696 5.23132229
v 121.718262 168.778793 5.2928834
v 129.793869 162.885193 3.5632503
v 129.854385 163.182495 4.0050993
v 127.454063 163.959351 3.95109749
v 127.366516 163.528809 3.30833292
v 127.42337 163.6548 2.47652626
v 129.833252 162.972855 2.99017549
v 131.317551 162.601303 3.36806893
v 131.807404 162.386108 3.77588391
v 131.330017 162.725616 3.97257924
v 130.536179 165.844284 15.2501831
v 130.671707 166.302811 14.5534763
v 128.551239 167.431213 14.151144
v 128.355438 166.769211 15.1610146
v 128.150482 166.014099 15.7124767
v 130.394333 165.321686 15.6314144
v 131.697205 164.967239 15.4826174
v 132.220642 165.097122 15.2938137
v 131.865799 165.56517 14.8398762
v 130.568222 164.917511 6.66853285
v 130.511063 164.646271 6.32931089
v 128.386093 165.719086 5.62230396
v 128.468781 166.111755 6.11592579
v 128.410294 165.97316 6.8980341
v 130.52771 164.821152 7.2073946
v 131.719162 164.062973 7.4130187
v 132.165619 163.881134 7.20301962
v 131.70871 163.954102 6.86932898
v 130.006271 163.783295 3.93180943
v 130.15184 164.320007 3.54302025
v 127.884003 165.603683 3.28453851
v 127.673615 164.828064 3.8470037
v 131.91861 162.856308 3.96883607
v 131.510788 163.418411 3.70339251
v 123.034599 168.04744 12.3461351
v 123.365486 169.287643 11.6275606
v 124.775864 168.85994 11.8227634
v 124.460197 167.676682 12.5083323
v 123.427223 169.190323 8.81971264
v 123.337296 168.994675 10.1650076
v 124.768326 168.508408 10.2629786
v 124.854156 168.695496 8.98176384
v 122.883896 166.513626 4.79471731
v 123.230576 167.876785 4.56032801
v 124.640228 167.443192 4.73234558
v 124.309517 166.142868 4.95696115
v 123.492073 169.875259 12.2726183
v 123.404785 169.700119 13.6986256
v 124.813293 169.252609 13.7944221
v 124.896637 169.420181 12.4363794
v 123.362419 168.505371 5.36680222
v 123.269882 168.289261 6.6314168
v 124.677635 167.835846 6.7040062
v 124.765991 168.042465 5.49961233
v 122.867943 166.351303 3.99562168
v 122.518631 164.967636 4.14931297
v 123.881508 164.691635 4.1649127
v 124.214729 166.011444 4.01712704
v 123.018631 167.885147 11.5470467
v 122.68512 166.624435 12.1849384
v 124.14608 166.24678 12.1889
v 124.464272 167.449539 11.5801582
v 122.378883 164.277557 3.10071802
v 122.468803 164.473206 1.75544107
v 123.834061 164.220932 1.88595295
v 123.748245 164.033829 3.16715479
v 123.094025 168.652023 15.3227673
v 124.516739 168.252258 15.3420687
v 122.550629 165.975342 11.2977591
v 124.017807 165.627975 11.3448038
v 122.943321 167.118225 7.77136135
v 124.366066 166.71846 7.7906971
v 122.808525 165.746704 1.01900172
v 124.158165 165.435883 1.18339133
v 132.551468 162.50058 3.7510407
v 132.016617 163.192307 3.50107074
v 131.905396 162.722122 3.30810666
v 131.50032 163.309525 3.15971494
v 132.702164 164.034424 11.302496
v 132.261475 164.594009 10.9208117
v 131.833145 164.750381 11.1509457
v 132.168152 164.294403 11.5318909
v 131.660492 164.12085 11.6691475
v 132.06163 163.860596 11.4822273
v 131.648041 163.996521 11.0646381
v 132.154968 164.160202 10.8711605
v 131.822678 164.64151 10.6072435
v 132.777512 164.801331 15.0781898
v 132.31163 165.37854 14.6110783
v 132.116455 164.681503 15.3157959
v 131.684753 164.842896 14.8780956
v 132.207458 164.962921 14.6330843
v 131.855331 165.456284 14.2961864
v 132.626816 163.267517 7.52681589
v 132.069916 163.563309 7.74241781
v 131.54245 163.40184 7.8067193
v 131.96109 163.111328 7.62113428
v 131.530014 163.277481 7.202209
v 132.056732 163.429123 7.08171225
v 130.337173 165.050446 15.2922039
v 128.067825 165.621445 15.2188578
v 128.119797 165.709549 14.2379055
v 130.373215 165.112061 14.6164904
v 129.981064 163.526962 2.6698122
v 127.637009 164.455643 2.0134697
v 127.859787 165.349625 2.00880837
v 130.135162 164.145126 2.66493654
v 130.510986 165.587952 13.9881859
v 128.318863 166.396805 13.3274689
v 128.527039 167.177139 12.8754139
v 130.655045 166.127945 13.6754169
v 130.193451 164.425049 3.03835964
v 127.944092 165.754898 2.55212855
v 130.709961 166.381805 13.946188
v 128.606491 167.544571 13.2696152
v 130.552322 164.934082 11.5296021
v 130.691208 165.418671 10.9355354
v 128.618027 166.487213 10.6072426
v 128.417374 165.787338 11.4679708
v 128.207565 164.994354 11.8703251
v 130.40715 164.385406 11.8081818
v 130.385468 164.310501 7.6988349
v 128.204758 165.235413 7.60964251
v 127.990089 164.404572 7.86285496
v 130.236954 163.735764 7.87476397
v 130.348862 164.105499 11.4347591
v 128.12326 164.58905 11.3269691
v 128.176865 164.689789 10.3957424
v 130.386032 164.175781 10.7932577
v 130.177551 163.447174 7.4671278
v 127.904167 163.986649 7.26980066
v 127.959396 164.100006 6.38827181
v 130.21582 163.526138 6.859828
v 130.527145 164.67775 10.2676048
v 128.380768 165.414902 9.63442421
v 128.593857 166.233124 9.33150101
v 130.674545 165.24379 10.0574627
v 130.360321 164.054153 6.43682575
v 128.168182 164.862991 5.77609634
v 130.730606 165.506348 10.3624477
v 128.674881 166.61319 9.7754364
v 126.635063 168.600342 12.76754
v 126.53186 168.122101 12.2482777
v 126.563606 168.455383 13.9216919
v 126.261757 167.109756 12.8348112
v 126.00367 166.219498 14.0226154
v 125.936485 166.107666 15.3071766
v 126.043915 166.619003 15.9568319
v 126.309776 167.598282 15.2399063
v 126.659729 167.756363 9.30777836
v 126.554398 167.261566 8.72330666
v 126.586151 167.594849 10.3967304
v 126.277946 166.199539 9.11423111
v 126.013443 165.259613 10.1064091
v 125.944138 165.13121 11.3257647
v 126.053711 165.659103 12.0406275
v 126.32592 166.688034 11.5193148
v 126.111076 165.575943 5.28343964
v 125.840233 164.586349 6.08000851
v 126.393936 166.687653 5.08815098
v 125.768784 164.441391 7.23415709
v 125.880478 164.985855 8.01422691
v 126.159073 166.064468 7.68853331
v 126.425705 167.020935 6.76155138
v 126.501396 167.19899 5.73780441
v 126.130676 166.738022 2.23162222
v 126.021088 166.210144 1.51677191
v 126.052834 166.543411 3.19016027
v 125.731865 165.048752 1.5164398
v 125.45462 164.00946 2.11738443
v 125.779854 165.537247 3.9215095
v 125.494888 164.408981 4.05160427
v 125.38105 163.847961 3.20632696
v 114.7089 168.947479 20.3775921
v 115.636635 167.806931 20.0679169
v 114.676582 168.319916 18.4609222
v 113.393738 169.473862 18.5539875
v 111.826721 169.896591 19.0272694
v 113.495338 169.500809 21.0059834
v 115.731453 168.979614 22.3997841
v 116.705513 168.463638 21.745966
v 117.406868 167.438721 21.3885307
v 112.760185 170.615707 16.0504246
v 114.769341 169.395676 16.3784447
v 110.414742 170.731354 16.3159485
v 115.206184 168.070435 17.3875141
v 114.083733 166.913452 18.3216019
v 114.969925 167.332443 18.8925171
v 114.190987 166.684494 19.5350456
v 118.678268 166.118225 23.6854916
v 118.103264 166.574203 24.0058441
v 114.589859 167.12674 23.3552341
v 115.61499 166.42775 22.9314938
v 116.912735 166.237686 22.2113495
v 119.429565 165.995071 23.1647491
v 121.027077 165.903168 23.6302872
v 121.375206 165.887909 24.0203629
v 120.425987 166.203781 24.1076965
v 112.462448 168.623398 21.712162
v 110.680725 168.690445 19.73629
v 110.607086 167.144806 20.2343826
v 112.266983 167.320786 22.0697708
v 114.827469 168.255676 23.0571041
v 113.565735 166.598465 21.6525402
v 112.256935 166.549042 20.0748215
v 115.150261 166.463379 20.9165478
v 115.812157 166.922531 20.3179512
v 117.493011 166.635727 21.6203461
v 122.325325 165.954651 24.0418682
v 121.628204 166.435989 23.6848125
v 120.790161 166.830322 23.7589722
v 121.3032 166.339752 24.1012573
v 121.700203 165.984116 23.6039047
v 121.201233 166.355423 23.3244934
v 119.772552 166.267014 22.7561932
v 119.744698 166.797363 22.6119041
v 119.38343 167.449387 22.8839417
v 118.845894 167.768631 23.3563766
v 118.289146 167.300613 23.8132362
v 102.418793 163.595505 10.2962208
v 102.972755 165.377686 13.503499
v 102.341759 164.519958 5.93440199
v 106.588364 164.013367 9.73243332
v 106.814865 165.345444 14.7954016
v 102.911423 168.365051 2.55136061
v 103.711723 172.531998 1.88618994
v 104.326607 174.422089 5.67797947
v 104.464508 173.605515 10.6243305
v 103.833961 169.652542 13.4228525
v 106.846786 168.993652 14.6786604
v 111.41497 166.19812 18.4245625
v 109.082504 166.587204 17.9340134
v 111.385132 165.602142 15.3892679
v 112.512802 164.817505 9.65642548
v 108.968971 168.743408 17.0874825
v 29.2611561 137.789703 -2.14314532
v 29.7049103 140.238586 -15.2731791
v 24.5934792 131.120438 8.00031662
v 30.5477314 118.556984 11.377079
v 37.4262543 125.330444 -0.865359783
v 38.6161728 129.347855 -16.1892586
v 23.7218285 80.4962921 -16.8109455
v 19.7709293 80.0042572 -11.3733454
v 17.2265015 87.6334305 -14.3474283
v 21.9135723 89.5524902 -20.5386105
v 27.7235069 91.483223 -21.5342007
v 28.4945068 81.2032623 -17.227581
v 28.0786934 74.7793427 -10.7293034
v 24.3351498 74.2772293 -10.5689659
v 21.1571827 74.3059769 -6.47966051
v 38.0692253 82.1968384 5.86714458
v 38.9771347 81.4763412 -7.90864563
v 41.2718887 92.335289 -10.9789991
v 40.4909172 91.1143723 2.91842175
v 34.0207939 88.8074875 14.9965525
v 32.8335953 82.0793915 18.1738338
v 31.5279007 78.5940704 18.8299122
v 35.4402962 77.5446243 7.93639612
v 35.789505 75.189415 -3.47971272
v 34.6869087 81.323143 -14.9495192
v 35.5624199 92.4300308 -18.6903419
v 32.6095657 74.6663818 -9.00496101
v 14.8195314 124.979683 -23.2096157
v 11.1334219 119.600471 -18.127739
v 19.4757786 129.910385 -25.0501919
v 23.8181572 123.649887 -27.8976727
v 17.9265747 117.312714 -25.5112324
v 13.5381851 110.759232 -18.5552959
v 25.3298721 136.628128 -23.1895332
v 32.3506813 128.266953 -25.1985397
v 42.0531235 107.503822 0.997450233
v 43.2441902 109.959457 -15.117959
v 34.1159592 103.153389 14.5185966
v 36.1839485 109.395271 -24.4679794
v 26.5033035 106.553085 -27.4009781
v 21.0097332 98.7499084 15.469573
v 19.645546 111.063538 11.4857712
v 10.5644493 106.025108 3.79322553
v 10.5608044 95.7500687 7.65912628
v 12.7048512 86.5164032 10.4323788
v 22.4662018 87.6811981 18.9128685
v 19.5802116 102.205864 -25.1102734
v 14.4720268 97.9352951 -17.6198559
v 16.0228214 80.4663391 0.863801718
v 16.3256931 81.5945892 13.2622404
v 12.5082121 86.9006348 -2.09375811
v 18.2628613 75.4810638 3.6157186
v 18.330904 78.3818359 14.4163542
v 10.0103464 95.8136902 -5.05212784
v 9.79484463 106.51577 -7.4575901
v 8.4999218 114.838821 -9.61212254
v 9.36934662 114.00116 -0.623275161
v 6.65777636 118.848488 -2.9471643
v 5.90634346 119.478783 -10.5029259
v 22.9741631 56.5586319 10.939826
v 30.7562046 56.6459427 9.5897398
v 30.1468048 67.0529709 15.7147131
v 22.4753952 67.2177658 17.0298958
v 16.3521862 65.9562073 11.6543217
v 16.9884109 56.3117218 5.77736139
v 19.4416637 46.3845711 1.74372101
v 24.1856194 45.975811 6.09077978
v 30.6526814 46.0746574 4.93903208
v 23.903019 81.7992401 21.2682419
v 24.3810291 78.5585632 21.1515369
v 19.3006496 39.7602768 -7.73479462
v 20.3673935 38.7699089 -1.02092111
v 18.1315842 47.0730515 -6.63079643
v 19.5630989 47.6629524 -15.220911
v 20.4476452 40.7995148 -14.5509272
v 19.6679211 34.7459946 -13.8107338
v 18.630846 33.7577896 -8.22906399
v 19.7320309 32.9766045 -2.50199342
v 20.9996738 56.3252182 -19.9055119
v 16.786375 56.402298 -13.7942638
v 16.5068073 64.2226715 -7.2455039
v 20.4228783 64.0132294 -13.0485868
v 26.3913479 64.1878586 -15.2569466
v 27.4332047 56.3468857 -21.9826622
v 28.3701687 47.7456131 -21.5754528
v 23.0161304 47.7776604 -20.2296677
v 15.1948566 56.2675781 -3.90839243
v 14.8377943 64.8050079 2.21501994
v 37.9476509 56.5977707 -0.632240772
v 40.8298492 56.6459198 -12.6037521
v 38.3900795 64.744957 -6.89778566
v 36.3307343 65.7669678 5.02375126
v 37.1333847 46.9091454 -3.17963338
v 39.9821053 47.7520752 -12.9652824
v 35.6841469 56.4539032 -19.5901375
v 33.8131027 64.244812 -13.287219
v 35.5355759 47.8834152 -19.126627
v 32.3597908 70.2311859 -8.15812874
v 27.0277863 70.2958298 -9.56217766
v 35.8730965 70.7425995 -2.81383944
v 34.8096924 72.6808167 7.91747665
v 30.3340263 74.451973 17.4808865
v 17.237648 71.0159302 4.66922426
v 18.0936489 73.081955 13.8189354
v 19.3242397 70.0089722 -4.11848068
v 22.6351089 69.9115067 -8.52430248
v 23.6105595 74.57621 18.9273071
v 6.05023193 129.482956 5.99329376
v 11.4403324 127.78067 4.40330601
v 8.87545395 142.649445 10.9846811
v 0 143.190414 13.6075201
v 0 129.341141 7.72838831
v 0 118.799385 0.621587932
v 3.71123838 119.479271 -1.24139857
v 16.393425 121.330719 7.06137609
v 3.21336842 118.881233 -8.48027229
v 0 117.586159 -6.29005766
v 32.9366341 29.8111362 -5.48521757
v 33.9916801 30.3763924 -12.7364969
v 33.5656776 35.2956047 -11.9287701
v 32.03302 33.9252396 -5.48259449
v 27.9832401 32.7981491 0.0284517035
v 28.9291954 29.3334999 0.585059822
v 30.8379345 26.4094353 2.84383774
v 35.2337303 26.1794796 -4.2832098
v 35.9903679 25.9496326 -12.9287291
v 34.2043533 39.6598244 -4.83666277
v 36.5176353 41.1117249 -12.4225798
v 29.0399551 38.3883781 1.50247014
v 33.0013466 41.652565 -16.9657974
v 27.2635937 41.64991 -18.8200188
v 30.5866566 35.9917946 -15.2538576
v 25.6923046 36.1165314 -16.5252228
v 24.0690117 38.2316818 2.31740975
v 23.4444447 32.6242867 0.546008468
v 23.0973969 41.4142685 -18.0807056
v 22.0483627 35.6166534 -16.2278156
v 25.182972 21.5758686 7.34630108
v 32.8638992 21.5389194 6.97317934
v 23.859333 26.1067677 2.8156333
v 17.5820255 25.6872005 -1.78529
v 18.3551846 21.2346439 2.51345348
v 19.1135674 15.975523 9.42530251
v 26.6011658 17.3718758 12.4961767
v 34.9277229 15.1645126 13.4474049
v 30.5699406 30.9963951 -16.3732414
v 25.2050514 31.2331696 -17.6411915
v 31.8726921 25.5820789 -17.4121246
v 25.6810703 25.1058292 -18.9491158
v 23.3382969 29.1473751 0.712177873
v 18.3702164 29.0588951 -3.02709603
v 20.8746796 30.6703186 -17.4561863
v 17.9722023 29.8634415 -15.0037193
v 20.4984531 25.6919289 -18.6147099
v 16.9353256 25.2771931 -15.652153
v 16.8206043 29.3050785 -9.22081184
v 15.5849295 25.3081551 -8.95982933
v 38.5293312 7.52822113 9.35407448
v 38.720192 6.55480385 0.930207729
v 38.9254684 13.6502123 -5.61070871
v 38.5668907 14.425765 3.6139667
v 36.6718178 8.16013908 18.3127403
v 34.0803604 2.22244453 20.9734039
v 35.5714989 1.55156326 12.3845129
v 36.23246 2.4794445 5.79741049
v 21.658432 18.0535164 -16.4574852
v 17.9768124 19.7778072 -13.1049509
v 26.9602928 15.9615841 -16.7922001
v 28.128212 13.6388006 -11.8151798
v 23.1070404 13.5016489 -11.4698572
v 19.6440163 13.3731279 -8.03336906
v 16.418972 20.4121094 -5.52387285
v 18.0232048 14.4947929 -0.180795804
v 37.4331818 20.9696846 -1.00434828
v 37.9342194 20.3361893 -10.4389
v 33.4108582 19.290699 -15.219449
v 34.4234657 13.7390757 -10.280899
v 27.9195938 -0.829469681 10.928091
v 24.4170074 -0.347688675 3.266155
v 28.3173885 1.25044441 0.751588404
v 32.4304504 0.113563538 3.93376136
v 26.951643 0.329042435 20.1494675
v 20.0061684 2.19850159 17.8233185
v 20.6604385 1.35831833 10.0046139
v 21.1869717 1.74829102 4.06938696
v 34.3475342 6.07259178 -3.38301659
v 28.2883644 5.79515457 -4.81846333
v 22.3063469 12.6111975 38.1478806
v 25.720686 10.7947989 39.9682999
v 25.7665215 11.98946 34.718399
v 22.3587303 14.0317955 32.7476845
v 18.8689003 12.4956112 33.0774231
v 18.8230686 11.2028055 38.3258362
v 19.6684742 9.20322418 41.9534225
v 22.2366505 9.90168953 42.9253273
v 24.7778244 8.9957943 43.1735268
v 23.4196968 5.57409859 -4.57521677
v 20.0292244 5.85350227 -1.4153378
v 18.404665 7.48653412 5.91975975
v 17.8454094 8.65148354 14.1270113
v 26.628994 1.43580627 26.6675034
v 19.7860451 2.99741745 23.4567566
v 33.5812836 2.99857521 26.795826
v 34.5616264 3.1478138 31.7031517
v 30.199522 1.63657379 31.7440872
v 26.7382946 2.65195084 31.4480247
v 23.1801815 1.48095894 30.0112343
v 18.9202919 3.10307884 27.8894081
v 17.5700493 6.27683449 41.0400162
v 17.596241 7.02436447 36.2475357
v 18.6227856 1.47390747 39.9608803
v 18.6162376 1.29139328 44.3032112
v 19.527792 2.45153236 45.9038506
v 18.6985149 5.70719719 44.5519753
v 36.0445137 8.2074604 24.2162209
v 33.9081116 13.3506975 20.5872726
v 34.8678665 12.235858 25.9719181
v 36.1519051 7.64979458 29.1556416
v 22.1402798 5.46812439 46.4610291
v 25.5961361 5.5703392 46.2124596
v 22.0580044 1.37585449 47.8391075
v 24.6371384 2.43540382 47.1417923
v 22.0305767 -0.299543381 46.1405334
v 22.0305767 -0.302696228 41.9478798
v 25.5204048 1.50018311 41.6365738
v 25.5138607 1.33463669 45.9804916
v 32.7356491 5.30906296 48.6771965
v 36.1382828 5.38988686 48.473259
v 35.2784004 8.57520676 45.4506531
v 32.7786636 9.43328094 45.1611214
v 30.1690483 8.78177261 44.2304688
v 29.2406597 5.52635765 46.8127251
v 30.0287094 2.47760391 48.2176895
v 32.6002731 1.48296928 50.1248589
v 35.1380539 2.46165276 49.4556503
v 27.3016415 7.45934677 32.8757515
v 28.3119164 2.40766716 36.3612823
v 28.7245579 1.5262661 42.4681435
v 27.6974373 6.68238831 38.7302513
v 28.9695168 11.7647982 35.5432396
v 28.5905743 12.4072695 29.9204998
v 27.0761662 13.3163767 25.1829643
v 26.9469738 7.87889004 29.6134052
v 26.8152771 7.47576141 32.6908607
v 25.8053837 12.6517086 29.1931858
v 26.7930679 6.7076664 38.4528999
v 25.5259609 2.37350845 35.6194191
v 37.1493416 5.79146767 45.6452675
v 35.8967056 1.41243362 48.3996696
v 35.6221771 1.55311203 44.143898
v 36.8942604 6.38751221 40.9337578
v 35.8671341 11.2956266 37.1727486
v 36.1027641 10.2274227 42.3384209
v 32.4135551 -0.114292145 48.5678864
v 28.9990845 1.3687973 46.7223473
v 32.1325417 -0.125391006 44.4640236
v 32.6883011 11.9249573 40.5128822
v 32.459156 13.1952915 35.1999855
v 29.2051487 10.6126719 40.7010994
v 27.0615044 15.3693323 18.6184711
v 20.1128674 14.5352077 17.1187096
v 19.2267246 13.8516922 22.1250591
v 23.5879478 14.9381065 22.4574471
v 30.6070328 14.0791254 24.2041302
v 17.6508598 8.98982334 19.7931862
v 17.6366577 8.5898056 24.6952343
v 26.7668781 6.03605461 43.2505989
v 22.0305767 0.621768951 35.8437004
v 18.6283379 2.36304092 33.9451981
v 17.6184464 7.97961044 30.4721527
v 18.9077625 13.4457254 27.4559193
v 22.4031448 14.7868128 27.2462902
v 32.0858231 13.7713518 29.6380978
v 35.4881897 11.940917 31.5192127
v 31.7142849 0.812612534 38.2716293
v 35.2095337 2.42960739 38.0361137
v 36.4984665 7.15554047 35.068058
v 27.9525166 6.01919937 43.4355011
v 8.31731606 200.287964 30.3191166
v 0 198.609756 32.0756989
v 14.6901112 203.934387 25.8245506
v 14.1975565 208.370682 27.6034088
v 8.34448814 203.408386 32.9191589
v 0 200.968597 35.4513893
v 14.1888943 208.924438 1.60921776
v 24.1723709 202.777267 7.95434332
v 5.96046448e-06 212.45134 -1.58698511
v 2.98023224e-06 214.572983 1.65120089
v 11.4285412 211.83429 4.02196884
v 19.1329136 206.815201 9.4220562
v 25.8902493 198.303787 14.5339766
v 19.388958 202.71283 16.139246
v 7.99522972 206.213593 34.6464767
v 0 203.714691 37.6703491
v 13.3005037 211.229309 28.829565
v 12.4193268 214.331924 30.4536667
v 7.48207855 209.927032 36.2798958
v 0 207.772644 39.3493538
v 18.4249516 208.585022 19.2525997
v 17.6517563 213.557312 12.2527752
v 14.7707939 218.661758 15.3247633
v 16.5157948 213.738159 21.3898468
v 10.3742657 217.954254 7.04189539
v 0 219.994553 5.12517166
v 0 223.041519 10.094779
v 8.40619469 221.870636 11.3662014
v 5.93729591 247.465683 92.7215042
v 6.16908979 241.115829 90.5643997
v 9.86264324 245.904846 87.7743301
v 10.7491674 250.495361 88.9514694
v 10.7491674 250.495361 88.9514771
v 9.72552013 254.145493 87.5331879
v 6.06440163 254.499451 90.3280487
v 0 254.515762 91.2039032
v 0 245.629562 93.8129654
v 0 245.629562 93.8129578
v 0 237.493774 91.7290115
v 14.9559097 216.583237 22.6883545
v 12.9063826 221.313629 17.0568829
v 11.8962307 223.849991 19.0948753
v 13.9198198 219.276718 24.4099674
v 7.16317272 224.021408 13.80826
v 0 224.842438 12.9448414
v 0 227.356674 15.6876316
v 6.50795412 226.546509 16.306385
v 16.8898525 180.261307 20.3850994
v 16.1718407 172.802292 15.534255
v 25.5070629 175.588043 13.113224
v 27.9948807 181.899139 16.6985874
v 25.6931038 186.592316 20.1616192
v 17.4843636 187.604172 23.9086323
v 16.0028381 171.064316 11.8615465
v 15.5499029 170.641541 9.34391594
v 28.6453667 175.167053 10.3211575
v 17.380558 191.204193 24.0076485
v 28.8530025 188.860672 19.6107712
v 31.8570614 182.449814 14.7671022
v 7.07311344 150.504044 14.6306801
v 2.01508093 150.571548 14.9913254
v 3.06022763 146.84256 14.4466171
v 6.72162485 145.57692 13.7641487
v 11.3237324 146.827225 12.5829039
v 12.9182978 150.462646 12.8518925
v 12.7682343 154.07695 12.3168068
v 8.14991856 155.366364 13.8763466
v 3.82264256 154.212875 13.8330269
v 7.65125465 143.74791 12.6439505
v 13.7586279 145.48378 11.6449327
v 0.691927969 144.280579 14.461031
v 17.3328876 150.63736 10.0970984
v 16.3203888 155.517349 9.31441498
v 9.71478271 157.064468 10.9894037
v 10.6396198 156.962524 8.72263622
v 0 157.008804 10.3301191
v 1.75292635 156.230209 12.7112188
v 0.237569213 150.514389 14.0260725
v 0 150.468094 13.1816635
v 8.97898674 161.745285 13.3873453
v 2.62092638 160.897186 14.7207947
v 3.89662242 158.09079 13.6796551
v 8.52954102 157.225845 12.5457096
v 14.2777739 159.190964 10.7799397
v 16.3877258 163.185303 11.0183887
v 16.6667709 167.063324 10.9631939
v 10.3401985 167.1297 13.2572279
v 4.09254122 165.166534 14.5565577
v 9.6450386 156.308228 10.1043873
v 17.3526993 158.437073 8.87186623
v 1.13246584 156.684875 12.4546585
v 22.2594471 164.760559 8.42284775
v 21.6664143 169.950943 8.76374912
v 13.0148592 169.363586 11.0883245
v 2.046983 165.828522 13.5088882
v 0.36931932 161.18988 13.1984568
v 1.49011612e-06 161.572693 11.9452953
v 6.55317307 259.260345 82.8171844
v 11.5190134 256.574066 82.0566254
v 12.8832712 258.322357 72.4055176
v 7.32040405 261.739655 72.4407272
v 0 262.961884 72.6604996
v 0 260.191498 83.3752518
v 6.17965174 231.742905 20.9015121
v 11.338666 229.0215 23.3424282
v 0 232.598312 20.3671627
v 0 239.921906 25.1453571
v 6.28046703 238.913895 25.7439232
v 11.5166054 236.008743 28.0855637
v 7.09417772 216.193634 38.7931633
v 0 214.339279 41.4777107
v 11.8537407 220.092377 33.5897408
v 12.1589775 227.052841 37.3694153
v 7.26881933 223.368622 41.7621574
v 0 221.693954 43.9790573
v 13.1972809 225.042496 27.5516815
v 13.4927492 231.902176 31.9821758
v 6.75701666 238.40686 84.4236069
v 0 234.069229 85.4786758
v 0 233.679596 77.0332794
v 7.61066055 237.994095 76.141098
v 13.2460918 246.04985 74.5083847
v 11.7738171 246.202805 82.7644501
v 13.3101892 252.240051 82.0072556
v 14.9310646 252.959167 73.1789627
v 13.3101892 252.240051 82.0072632
v 14.9310646 252.959167 73.1789703
v 12.5948343 238.339951 36.5604897
v 11.2108011 233.94223 40.1704636
v 10.8301582 242.626953 33.1822243
v 12.8222809 249.412643 37.2843246
v 14.9633827 244.326599 40.9021797
v 13.363637 239.158966 44.5319977
v 17.0914173 248.786041 47.0245972
v 15.2367668 242.95137 50.3405876
v 17.0914173 248.786041 47.024601
v 14.6732121 254.133224 43.7623711
v 15.5411358 257.06189 52.1758995
v 18.0530739 251.665466 54.7140083
v 18.0530739 251.665466 54.7140045
v 16.0517445 245.256607 57.4722366
v 16.9224911 252.912064 63.7566719
v 15.0301266 246.011948 65.8029022
v 16.9224911 252.912064 63.7566795
v 14.5842342 258.471588 62.084446
v 6.44967413 230.459793 42.9199867
v 0 228.947403 44.0796318
v 7.6982336 235.139725 46.9002686
v 0 233.417191 47.7690163
v 8.77113056 237.83876 52.4668655
v 0 235.462967 53.2325706
v 9.2307806 238.866547 59.4197235
v 0 235.676208 60.1907921
v 8.63960266 238.532822 67.5588074
v 0 234.648529 68.3641739
v 6.14515972 245.777237 31.1278191
v 0 247.068222 30.4315796
v 0 254.746353 34.1070862
v 7.26514769 253.187042 34.9519272
v 8.32028675 257.783386 41.79739
v 0 259.184204 41.1392174
v 0 261.580017 50.5579453
v 8.82229519 260.414551 50.8887634
v 8.28288937 261.928864 61.4505615
v 0 263.131958 61.3932228
v -0.232689083 87.7864838 -171.632889
v -0.417490304 85.0562973 -165.437515
v -0.145417452 89.3919983 -176.210281
v 0 76.0710068 -143.87114
v -1.01657212 78.7187881 -151.279877
v -0.918875635 81.608696 -158.59259
v -0.0962734222 89.7896347 -178.19101
v -0.618895888 87.260704 -172.061279
v -0.762063265 84.6352539 -165.763947
v -1.17913187 86.8493423 -172.006256
v -1.49775445 84.2245865 -165.898544
v -0.54782033 88.8406982 -176.418793
v -0.942765176 88.4085999 -175.707947
v -10.0791368 132.129333 -32.9808617
v -12.9415674 127.311836 -29.6069851
v -14.70924 132.728287 -24.5301857
v -10.6687021 138.769806 -27.6369343
v -10.2431326 123.728821 -38.0497589
v -13.052124 119.933723 -34.5610046
v -6.04126453 135.919861 -35.3137512
v -6.3744545 126.564323 -40.6220589
v -6.54993057 144.847763 -29.3554554
v -1.89284384 85.3821335 -172.757217
v -2.5658102 82.098793 -166.876678
v -2.56663275 82.8935776 -166.496048
v -1.93119049 85.8964691 -172.405777
v -1.56386197 84.7871552 -172.949402
v -2.10068226 81.3054657 -167.225479
v -1.31924152 87.655426 -176.592392
v -1.20025575 86.9859009 -176.353165
v -1.4713943 87.7235184 -175.927124
v -12.7516012 143.275009 -23.3688564
v -17.8734379 140.632095 -21.7625027
v -12.1865664 148.851593 -22.6547966
v -19.4958382 148.397034 -15.0191965
v -1.63182914 86.4540634 -172.262131
v -2.15073228 83.6453247 -166.172745
v -1.1731267 88.2881393 -176.297394
v -10.1310787 117.568077 -43.2991409
v -12.8487062 114.014839 -39.9361687
v -9.94644165 111.406532 -48.4923439
v -12.5616102 108.05397 -45.2369957
v -6.39891052 120.20327 -45.804039
v -6.32526875 113.887909 -50.9290428
v -9.70522785 105.652199 -53.8881989
v -12.2049723 102.443497 -50.7969017
v -9.42104149 99.9106445 -59.3165169
v -11.8052988 96.8394394 -56.3749428
v -6.21907997 108.027939 -56.1966324
v -6.07534027 102.190125 -61.5078316
v -9.08833694 94.11203 -64.5094299
v -11.3572512 91.1266632 -61.7701759
v -8.7132988 88.6121979 -69.763649
v -10.8670025 85.6761551 -67.2990341
v -5.88903427 96.3271408 -66.5473404
v -5.66558552 90.80159 -71.5905838
v -8.30211353 83.5981827 -75.344696
v -10.3407269 80.6402817 -73.1476822
v -7.86097336 78.9904099 -81.4120255
v -9.7845974 76.0672226 -79.4241867
v -5.41041803 85.8038635 -77.0035019
v -5.12895584 81.1498947 -82.9385681
v -7.39606333 74.7121353 -87.1985397
v -9.20479584 71.6980057 -85.6895981
v -6.91356945 71.5033798 -93.6647644
v -8.60748863 68.7520599 -92.6014709
v -4.8266263 76.8724594 -88.4045334
v -4.5088501 73.5218048 -94.5438614
v -6.41968536 69.1342316 -100.577065
v -7.99885702 66.6485214 -99.9078217
v -5.92059803 67.1546555 -107.827873
v -7.38507795 64.8568573 -107.45742
v -4.18105412 70.9696655 -101.128311
v -3.84865999 68.8322754 -108.156502
v -5.42248774 67.3272858 -114.986641
v -6.77231836 65.0330963 -115.224205
v -4.93155098 68.2730789 -122.280418
v -6.16675615 66.1437225 -122.716621
v -3.51709414 69.0131149 -114.818771
v -3.19177818 69.8560867 -121.96196
v -4.45397186 70.0778198 -129.778503
v -5.57457209 68.1487045 -130.274033
v -3.99594021 72.2484741 -137.292313
v -5.00193548 70.5353012 -137.828644
v -2.8781414 71.4638748 -129.43367
v -2.58160543 73.4945602 -136.867401
v -3.5636425 74.4239349 -144.712921
v -4.4550271 72.9313507 -145.268311
v -3.16326904 77.3025436 -151.929062
v -3.94001293 76.0230331 -152.471344
v -2.30759382 75.5517883 -144.270859
v -2.06153393 78.2619629 -151.519562
v -2.80100393 80.4899673 -159.106613
v -3.46307755 79.4137344 -159.595596
v -1.84884369 81.2913284 -158.742462
v -3.2002182 57.8988724 -115.919571
v -3.4907639 57.7196732 -107.123863
v -2.9132843 59.6589127 -124.050827
v -5.72365522 60.2541656 -115.691994
v -5.21103764 61.8086014 -123.616653
v -6.2425909 60.1808548 -107.137985
v -12.352623 124.366745 -27.0301399
v -12.4242992 128.10144 -23.0804596
v -9.09383011 120.945419 -25.00914
v -7.85861921 124.632568 -19.4010944
v -13.124959 116.413643 -31.2150688
v -10.6259375 112.820183 -27.9548054
v -13.0779896 110.580696 -36.6631546
v -10.7821045 107.114731 -33.4460831
v -12.7979307 104.63623 -41.9454231
v -10.6025038 101.21653 -38.6547089
v -12.4306173 99.1705017 -47.6632004
v -10.307169 95.8903961 -44.5246811
v -12.0202427 93.7131805 -53.3884277
v -9.97414017 90.5807114 -50.3965263
v -11.5615635 88.0930939 -59.0002899
v -9.59887791 85.0310211 -56.2232857
v -11.0607538 82.6988602 -64.7921906
v -9.18677139 79.719696 -62.2825584
v -10.523984 77.6241074 -70.9312592
v -8.74322033 74.5988235 -68.7355652
v -9.95741463 73.0684052 -77.4449234
v -8.27361965 70.0528183 -75.516571
v -9.36721897 68.554306 -84.3320312
v -7.78335953 65.3747177 -83.1676178
v -8.7595644 65.9010925 -91.6917267
v -7.27783728 62.9891205 -90.9494629
v -8.14062023 64.0859299 -99.3518448
v -6.76245117 61.43573 -98.8900146
v -7.51655388 62.537056 -107.202873
v -6.89353037 62.6478424 -115.457985
v -6.27772522 63.9786835 -123.16584
v -5.67530107 66.1860962 -130.777771
v -4.71013165 64.1787491 -131.276825
v -5.09242725 68.7934265 -138.371429
v -4.22633266 67.0419159 -138.932709
v -4.5352726 71.4190903 -145.828903
v -3.76503754 69.9299469 -146.38942
v -4.0100069 74.7305756 -153.018509
v -3.33164024 73.44384 -153.564896
v -3.52279234 78.3213425 -160.091873
v -2.93153238 77.2290726 -160.588104
v -2.81027555 136.708282 -36.1202774
v -2.64462519 145.090408 -31.6650581
v -3.04344893 127.616501 -41.4997978
v -3.08908224 121.147385 -46.6587639
v -3.07092667 114.708878 -51.7473907
v -3.03421926 108.815231 -56.9685059
v -2.97606277 102.946327 -62.2386208
v -2.89356112 97.0635452 -67.2140656
v -2.78981018 91.5334778 -72.1957855
v -2.66791296 86.5039597 -77.5147705
v -2.53097105 81.8299713 -83.3695145
v -2.38208771 77.6028824 -88.7736511
v -2.22436476 74.1902313 -94.8502731
v -2.06090498 71.5516205 -101.328773
v -1.89480782 69.4305954 -108.235558
v -1.72917545 69.5504303 -114.760361
v -1.5671134 70.380127 -121.861565
v -1.41171813 71.7412338 -129.394531
v -1.26609504 73.883255 -136.698456
v -1.13334656 75.9460144 -144.087524
v -1.01657212 78.6227646 -151.351868
v -0.918875635 81.5906067 -158.602844
v -20.8049393 153.055817 -4.0898428
v -21.8965607 146.54007 -2.89418173
v -17.7077847 142.540939 7.68713284
v -20.0824776 151.531021 5.00617743
v -18.6026058 154.490219 -14.0329199
v -23.1337852 159.043121 -4.29333687
v -20.8031197 159.778656 -13.5620232
v -21.1203823 157.642792 4.83635235
v -2.87612677 152.310028 -31.0596199
v -6.88878918 152.562241 -29.0584602
v -3.78677845 160.379379 -31.3241348
v -8.50972271 159.942947 -28.8428841
v -12.9472513 154.085037 -23.003109
v -15.0456743 160.082153 -22.4179096
v -26.9718475 187.51033 -8.07553101
v -24.1820145 177.967957 -14.5600615
v -30.5243931 178.587051 -5.1312952
v -31.9087658 187.387085 -0.680160403
v -19.8171654 187.676743 -16.4459534
v -15.9980717 175.881287 -23.1732445
v -26.682806 197.341415 -3.77899265
v -20.5421276 196.321823 -10.268137
v -31.5687389 197.727707 5.76915121
v -27.2977028 168.103729 -2.198915
v -26.1201267 166.492844 4.34339237
v -25.5644016 169.551117 -10.5768785
v -30.9542809 174.562607 -0.0267930478
v -28.8782845 174.106049 7.39050293
v -5.75104332 168.137665 -30.9713173
v -11.8671122 167.104187 -27.1879597
v -8.21114922 177.996429 -27.6050587
v -19.6066227 168.785568 -19.5994587
v -56.807827 188.403534 4.0800662
v -51.7616386 188.706573 3.06656051
v -52.0969391 184.840179 -3.62141371
v -57.2877769 184.927368 -1.50300515
v -55.7552147 188.491867 10.8078213
v -50.9690475 189.244553 10.9714003
v -61.8828239 187.869598 5.17199945
v -60.8542252 187.435257 10.6852026
v -62.215126 184.902267 0.701639593
v -10.5361462 191.525528 -19.6265831
v -14.0438881 202.428696 -10.5421286
v -54.9120407 183.761749 14.0236835
v -50.4027252 184.692078 14.6079512
v -54.444088 177.964706 13.4124508
v -50.058567 178.818451 13.6907082
v -59.7963943 182.565384 13.4368048
v -59.0854759 176.945953 13.098835
v -54.5171623 174.852249 8.65883732
v -49.9324455 175.393021 7.93403292
v -55.162899 175.127625 2.76052856
v -50.2636299 175.295959 0.960492194
v -59.0976372 174.262939 9.3433609
v -59.8060951 174.981598 4.54503202
v -0.723695755 88.7540817 -177.901993
v -0.697949529 87.3065948 -177.053436
v -0.88507086 84.4959793 -173.283432
v -1.18038356 80.6740265 -167.551971
v -4.94468498 115.632553 -21.3172493
v -3.75756025 119.477325 -15.9565945
v -5.92001963 109.103325 -24.6875362
v -6.03416252 103.595795 -30.1964531
v -5.92241573 97.8594894 -35.4015045
v -5.75961161 92.6622009 -41.4172287
v -5.5752635 87.4942017 -47.4410057
v -5.36678743 82.0710297 -53.4869156
v -5.13726759 76.7930374 -59.8066483
v -4.88978004 71.5699692 -66.5976791
v -4.6274128 67.045723 -73.7191315
v -4.35324287 62.2743759 -82.0869064
v -4.07035637 60.0871658 -90.3015823
v -3.78183722 58.6832886 -98.5984268
v -2.63304424 62.1370926 -131.798843
v -2.36258221 65.3204803 -139.53006
v -2.10497665 68.4788589 -146.955887
v -1.86330974 72.2010803 -154.10141
v -1.64066553 76.1532745 -161.076813
v -56.4129486 179.494034 -1.28480351
v -51.2913628 179.407501 -3.6073699
v -61.1840744 179.567154 1.07855642
v -72.7661514 175.263809 0.789444745
v -70.5471725 177.076279 1.10942006
v -69.214798 172.365173 4.84707451
v -71.4999695 170.814667 4.60124588
v -74.19841 180.502396 0.680128992
v -71.8966522 182.494522 0.974130094
v -74.7093201 173.934021 0.486707032
v -76.1687012 179.038498 0.319196284
v -73.5097275 169.687546 4.33876514
v -20.0159988 204.260971 -3.61173558
v -17.1336422 206.619858 -0.38447085
v -0.999614596 179.666443 22.3691769
v -3.45694423 190.133545 27.4362679
v -1.24533772 168.4505 16.0671711
v -3.76232266 178.692841 24.548748
v -4.76085854 171.585785 19.6021347
v -5.56975889 186.043579 27.1419201
v -11.7620173 195.696838 23.9985008
v -15.730381 193.136597 23.2267666
v -21.1265411 195.672607 20.1801529
v -31.1837521 190.536453 18.147892
v -7.96041775 198.790237 25.9750805
v -14.7977619 199.910172 22.2860699
v -34.6552505 178.406738 -0.990420461
v -34.5813293 176.894821 3.9616394
v -35.331707 182.405762 -2.55516243
v -39.1765747 180.35643 -2.97216797
v -40.0496025 184.761261 -3.3937254
v -38.7991562 177.255722 1.22349739
v -35.4350777 179.227982 9.78985596
v -32.940937 181.845383 13.3527517
v -36.5700798 183.760605 13.5658321
v -39.4984436 177.62915 7.16095591
v -40.404232 180.55397 12.0810947
v -37.2006073 188.61879 12.5194864
v -33.0821686 194.686508 13.0196352
v -37.148037 190.817688 8.05170918
v -41.0346985 185.657532 12.7756271
v -41.2616615 189.543991 9.40337467
v -36.2816582 187.539612 1.81520748
v -40.9440651 188.713791 2.26033163
v -44.9375076 179.770538 -3.78745508
v -44.3110542 176.173828 0.669554353
v -45.8116341 184.709198 -3.99885273
v -44.6734047 176.463989 7.26740408
v -45.3414154 179.697281 12.7397995
v -45.8439026 185.217392 13.571125
v -46.1472435 189.444305 10.0025301
v -46.2287407 188.701462 2.31591892
v -66.2909775 178.635986 1.54120922
v -64.90345 173.907455 5.03444481
v -67.4934769 184.026245 1.25433123
v -67.4681931 186.894012 5.91211176
v -66.669281 186.294495 11.5907898
v -72.2095337 185.451294 6.24241447
v -71.7083359 184.927689 12.5465603
v -64.3737106 173.024857 9.99569798
v -64.6175919 175.609558 13.9360895
v -68.9532623 171.529755 10.3858709
v -69.505806 174.174744 14.8888226
v -65.5509262 181.282883 14.366601
v -70.6156387 179.90477 15.518878
v -74.752388 183.515976 6.10495567
v -74.4793167 183.192902 12.5745039
v -76.8722458 182.09903 5.7093854
v -76.7541275 181.935074 12.1728277
v -71.4441986 170.169388 10.2838697
v -72.2154617 172.860779 14.921772
v -73.5855942 169.201004 10.0022697
v -74.4831161 171.93898 14.5925875
v -73.4304276 178.421555 15.5993872
v -75.7485123 177.366043 15.2249832
v -90.2344818 166.129028 10.437788
v -82.508934 168.19635 9.95867252
v -83.3697433 170.939728 14.3063898
v -90.9242477 168.569916 13.9206409
v -90.161026 167.111435 5.6779747
v -82.3978043 168.917114 4.38319445
v -97.7266159 164.116531 10.7354774
v -97.6778793 165.233887 6.64271212
v -98.2711487 166.179718 13.5651722
v -91.9508591 174.086044 13.8124113
v -84.5814819 176.66745 14.6468868
v -85.5066299 181.623718 11.4155149
v -92.7356033 179.046951 10.7399092
v -99.134079 171.192535 13.1806021
v -99.7890472 175.847931 10.3103981
v -92.6997986 179.822098 5.32991743
v -85.5077209 182.052811 5.04759359
v -84.7591095 179.017746 -0.0925794169
v -92.0476761 177.173965 1.19690633
v -99.7097931 176.83876 5.6831708
v -99.1347046 174.649048 2.31901193
v -90.9834213 171.865067 1.95528233
v -83.4351654 173.581711 0.359367728
v -98.30233 169.762741 3.23805809
v -78.1380615 173.822342 0.106584385
v -76.9948578 169.415421 4.10144329
v -79.5775299 179.091431 -0.161756575
v -80.3446045 182.211517 5.26549768
v -80.3046875 181.999237 11.839819
v -79.3231277 177.271042 15.0126209
v -78.0452881 171.680695 14.4589071
v -77.1165695 168.881836 9.85370922
v -113.947952 170.411682 6.46894264
v -108.442047 172.352859 5.78356171
v -107.462692 170.74202 1.15767705
v -112.071609 169.198135 1.3926388
v -112.910774 171.28952 12.2332973
v -108.492111 172.219437 12.3223286
v -116.594696 170.53093 10.5840931
v -116.225143 170.479736 13.7807493
v -116.547813 170.03096 8.04856491
v -117.218353 169.927505 10.3906364
v -116.500938 169.531006 5.5130229
v -117.156342 169.27179 7.08307457
v -116.454102 169.031082 2.977525
v -117.094337 168.616089 3.77556109
v -115.856148 168.111481 0.904429257
v -110.922913 166.612259 0.809957623
v -106.541397 167.40419 1.28034532
v -106.10701 164.455811 4.64183331
v -110.927963 164.527542 3.85365725
v -115.227234 166.096008 0.782311559
v -114.900414 164.344543 2.24976492
v -123.297592 167.820465 1.91392934
v -121.653786 168.096634 1.85085559
v -121.513702 167.421661 0.935948312
v -123.163078 167.171356 1.02674413
v -123.202423 167.583832 3.09782076
v -121.554337 167.847961 3.0765059
v -124.624695 167.413528 2.03340101
v -124.533829 167.187393 3.160954
v -124.496437 166.794739 1.18931437
v -118.692947 166.647858 4.21559429
v -118.283722 165.029266 4.41441202
v -116.097305 164.813416 5.47523737
v -117.226265 166.680054 4.46546268
v -121.205376 166.561783 4.0105958
v -120.841095 165.1194 4.17557001
v -119.08535 168.094986 3.17273903
v -118.120865 164.230179 3.23325205
v -118.22718 164.468491 1.6992234
v -115.208626 164.216965 4.94534016
v -120.695564 164.402054 3.093853
v -120.789612 164.608368 1.70136917
v -118.625572 165.962097 0.83943671
v -119.040787 167.627167 0.823690355
v -121.143982 165.936905 0.934090376
v -119.197678 168.379791 1.82177746
v -122.464775 165.126434 7.19925165
v -120.781776 165.253662 7.20316362
v -120.924591 165.949829 8.20147038
v -122.601875 165.796005 8.16713619
v -122.55204 165.30159 5.77324724
v -120.873108 165.438782 5.72726822
v -123.909592 164.818832 7.24800825
v -123.99292 164.986435 5.88997555
v -124.040344 165.457138 8.16893673
v -118.843674 168.181656 11.7670374
v -118.452362 166.702545 12.5150528
v -116.262695 166.446991 13.3589678
v -117.377022 168.213898 12.016922
v -121.356117 168.095581 11.5620365
v -121.008156 166.780273 12.2274523
v -119.218155 169.489334 10.1749773
v -121.688721 169.254669 10.1274843
v -118.295479 165.949921 11.5169525
v -118.395844 166.141739 9.79984474
v -116.179993 165.630219 9.41710663
v -115.341019 165.517792 11.2014427
v -120.868065 166.105301 11.3125572
v -120.95665 166.269257 9.75325203
v -118.776299 167.495895 8.39084244
v -119.173599 169.0215 7.82589912
v -117.301628 167.44696 8.241189
v -121.294716 167.470703 8.48552036
v -121.648117 168.828354 7.98691368
v -119.324516 169.727646 8.64093113
v -121.782753 169.460983 8.73501301
v -122.959259 167.280518 8.57044506
v -122.635338 166.129974 9.7911005
v -123.298027 168.582199 8.09396458
v -124.407768 166.873947 8.74643421
v -124.730972 168.115707 8.29133892
v -124.098709 165.776047 9.90995216
v -118.91906 168.948578 15.5427246
v -118.53669 167.539185 16.5653515
v -115.256546 166.983734 17.0923328
v -116.522171 168.740997 16.1539497
v -121.431496 168.862518 15.3377428
v -121.091675 167.610733 16.253376
v -119.284584 170.186523 13.6760607
v -121.755959 169.958054 13.6529474
v -118.38279 166.80983 15.6587906
v -118.480179 166.978394 13.8501425
v -115.407196 166.168213 14.3294878
v -120.954323 166.95694 15.4218788
v -121.040199 167.099716 13.7791758
v -118.851685 168.262802 12.1665602
v -119.240036 169.718689 11.3270149
v -121.370087 168.23761 12.2612114
v -121.715332 169.531738 11.5123854
v -119.387962 170.401596 12.0505123
v -121.847275 170.143173 12.1770735
v -122.636566 166.824219 15.3963022
v -122.768417 167.452835 16.2027798
v -122.718597 166.958389 13.8089209
v -124.080345 166.508774 15.414094
v -124.158669 166.637344 13.9024029
v -124.206093 167.108047 16.1813488
v -118.768295 167.414734 7.99128962
v -118.368019 165.865906 8.4647131
v -121.280716 167.328674 7.78627539
v -119.151756 168.792145 6.6738143
v -121.621513 168.5513 6.60195351
v -118.208145 165.090012 7.37507439
v -118.311501 165.305084 5.74951267
v -115.274826 164.867386 8.07339096
v -118.700912 166.728989 4.61510468
v -119.107162 168.32431 4.32475853
v -121.219337 166.703781 4.70975685
v -121.580887 168.124985 4.46139622
v -119.261078 169.053696 5.23132229
v -121.718262 168.778793 5.29289389
v -129.793884 162.885208 3.56329799
v -127.366547 163.528839 3.3083806
v -127.454086 163.959381 3.95114517
v -129.854401 163.18251 4.0051589
v -129.833298 162.972885 2.99022174
v -127.423386 163.654816 2.47657394
v -131.807419 162.386139 3.7759316
v -131.317566 162.601303 3.36811662
v -131.330032 162.725647 3.97262836
v -130.536194 165.84433 15.2502546
v -128.355469 166.769241 15.1610508
v -128.55127 167.431244 14.1511917
v -130.671738 166.302856 14.5535355
v -130.394379 165.321716 15.6314735
v -128.150513 166.014145 15.7125244
v -132.220673 165.097153 15.2938614
v -131.69722 164.96727 15.4826651
v -131.865829 165.565201 14.8399363
v -130.568207 164.91748 6.66850901
v -128.468765 166.11174 6.1159153
v -128.386063 165.71907 5.62226677
v -130.511047 164.646255 6.32928848
v -130.527695 164.821121 7.20735884
v -128.410294 165.973114 6.89799833
v -132.165604 163.881104 7.20299578
v -131.719177 164.062973 7.41299486
v -131.70871 163.954071 6.86930656
v -130.006287 163.78331 3.93185711
v -127.67363 164.828094 3.8470633
v -127.884033 165.603699 3.28458762
v -130.15184 164.320023 3.54305601
v -131.91864 162.856339 3.96888375
v -131.510803 163.418427 3.70345211
v -123.034622 168.047455 12.3461685
v -123.365494 169.287659 11.6275721
v -124.460236 167.676697 12.5083904
v -124.775902 168.85997 11.8228073
v -123.427261 169.190323 8.81973553
v -123.337326 168.994675 10.1650295
v -124.854218 168.695496 8.98178673
v -124.768379 168.508377 10.2629795
v -122.883896 166.513596 4.79471159
v -123.230576 167.87677 4.56032228
v -124.309494 166.142853 4.95693588
v -124.640228 167.443161 4.73232174
v -123.492088 169.875275 12.2726545
v -123.404816 169.700119 13.6986475
v -124.89666 169.420227 12.4364357
v -124.813316 169.252625 13.7944679
v -123.362419 168.505371 5.36680079
v -123.269867 168.28923 6.63139105
v -124.765968 168.042435 5.49960041
v -124.677635 167.835831 6.70397186
v -122.867966 166.351303 3.99563956
v -122.518631 164.967636 4.14932299
v -124.214745 166.011459 4.01716137
v -123.881516 164.691635 4.16495752
v -123.018669 167.885132 11.5470762
v -122.685173 166.624405 12.184967
v -124.464325 167.449509 11.5801687
v -124.146118 166.24675 12.1889238
v -122.378899 164.277573 3.10075378
v -122.468819 164.473206 1.75546038
v -123.748253 164.033844 3.16719961
v -123.834084 164.220963 1.88599777
v -123.094055 168.652023 15.3227863
v -124.516762 168.252274 15.3421144
v -122.550674 165.975327 11.2977819
v -124.017868 165.62796 11.3448153
v -122.943306 167.11821 7.771348
v -124.366066 166.71843 7.79068422
v -122.80854 165.746719 1.01903296
v -124.15818 165.435898 1.18345094
v -132.551483 162.500595 3.75108838
v -132.016617 163.192337 3.50111842
v -131.905426 162.722137 3.30816627
v -131.500336 163.30954 3.1597507
v -132.702225 164.034424 11.3025084
v -132.168182 164.294388 11.5318909
v -131.833191 164.750381 11.1509581
v -132.26152 164.593994 10.9208355
v -132.061676 163.86058 11.4822397
v -131.660522 164.120834 11.6691599
v -132.155014 164.160187 10.8711853
v -131.648087 163.996506 11.064661
v -131.822739 164.641495 10.6072559
v -132.777542 164.801346 15.0782375
v -132.311661 165.378571 14.6111498
v -132.116486 164.681534 15.315855
v -132.207474 164.962952 14.6331444
v -131.684784 164.842926 14.8781548
v -131.855362 165.456314 14.2962465
v -132.626816 163.267487 7.52678013
v -132.069916 163.563309 7.74240589
v -131.961075 163.111313 7.62111044
v -131.54245 163.40181 7.80670738
v -132.056747 163.429092 7.08167648
v -131.529984 163.277481 7.20218515
v -130.337189 165.050491 15.292264
v -128.067856 165.62146 15.2189045
v -130.373245 165.112091 14.616538
v -128.119827 165.709564 14.2379532
v -129.981079 163.526978 2.66985989
v -127.637032 164.455673 2.01351738
v -130.135178 164.145157 2.66499615
v -127.85981 165.34964 2.00884414
v -130.511017 165.587982 13.9882574
v -128.318878 166.39682 13.327528
v -130.655075 166.127975 13.6754522
v -128.527069 167.177185 12.875474
v -130.193451 164.425064 3.03840876
v -127.944099 165.754913 2.55218959
v -130.709991 166.381821 13.9462357
v -128.606506 167.544601 13.2696867
v -130.552368 164.934052 11.5296135
v -128.417419 165.787338 11.4679947
v -128.618073 166.487198 10.6072664
v -130.691254 165.418655 10.9355354
v -130.407196 164.385391 11.8081932
v -128.207611 164.994339 11.8703375
v -130.385468 164.310486 7.69880009
v -128.204758 165.235397 7.60961866
v -130.236954 163.735748 7.87473869
v -127.990082 164.404556 7.86283207
v -130.348907 164.105484 11.4347715
v -128.123306 164.589035 11.3269796
v -130.386063 164.175766 10.7932701
v -128.17691 164.689789 10.3957663
v -130.177551 163.447144 7.46710396
v -127.904152 163.986633 7.2697649
v -130.21582 163.526123 6.85980415
v -127.959381 164.099991 6.38825989
v -130.527191 164.677734 10.2676277
v -128.380829 165.414902 9.63446045
v -130.674591 165.24379 10.0574732
v -128.593903 166.233124 9.3315258
v -130.360291 164.054138 6.43680191
v -128.168167 164.862976 5.77607107
v -130.730637 165.506332 10.3624706
v -128.674927 166.613174 9.7754488
v -126.635101 168.600357 12.7675772
v -126.531891 168.122147 12.2483358
v -126.563644 168.455414 13.9217377
v -126.26181 167.109787 12.8348703
v -126.003708 166.219528 14.0226612
v -125.936508 166.107697 15.3072243
v -126.043938 166.619019 15.9568796
v -126.309799 167.598297 15.2399626
v -126.659775 167.756348 9.30778885
v -126.554451 167.261566 8.72334194
v -126.586212 167.594833 10.3967447
v -126.277992 166.199524 9.1142416
v -126.013504 165.259598 10.1064339
v -125.944183 165.13121 11.3257771
v -126.053764 165.659088 12.0406513
v -126.325989 166.688034 11.5193253
v -126.111076 165.575928 5.28341579
v -125.840233 164.586334 6.07997274
v -126.393951 166.687653 5.08811522
v -125.768768 164.441391 7.23412228
v -125.880478 164.985825 8.01420307
v -126.159073 166.064438 7.68849754
v -126.425697 167.020905 6.76152754
v -126.501396 167.198975 5.737782
v -126.130676 166.738052 2.23168325
v -126.021111 166.210159 1.51680768
v -126.052856 166.543411 3.19020653
v -125.731873 165.048752 1.51649654
v -125.454643 164.009491 2.11743069
v -125.779869 165.537262 3.92156911
v -125.494896 164.408981 4.05165052
v -125.381065 163.847977 3.20638371
v -114.708916 168.947479 20.3775864
v -113.393761 169.473877 18.5540295
v -114.676598 168.319946 18.4609661
v -115.636658 167.806915 20.0679169
v -113.495361 169.500809 21.0059948
v -111.826729 169.896606 19.0272942
v -116.705513 168.463608 21.745945
v -115.731468 168.979584 22.3997726
v -117.406891 167.43869 21.3885078
v -112.760201 170.615738 16.0504532
v -114.769348 169.395676 16.3784561
v -110.414742 170.7314 16.3159962
v -115.206207 168.07045 17.3875408
v -114.08374 166.913467 18.3216324
v -114.969948 167.332474 18.89254
v -114.19101 166.684509 19.5350876
v -118.678284 166.118225 23.6854763
v -115.61499 166.427719 22.9314575
v -114.589859 167.126724 23.3552227
v -118.103264 166.574188 24.0058193
v -119.429588 165.995041 23.1647243
v -116.91275 166.237686 22.211338
v -121.375237 165.887878 24.0203266
v -121.027115 165.903137 23.6302509
v -120.42601 166.203751 24.1076603
v -112.462463 168.623413 21.7121677
v -110.680771 168.690475 19.7363281
v -112.266991 167.320786 22.0697651
v -110.607101 167.144821 20.2344303
v -114.827469 168.255661 23.0570793
v -113.565742 166.598465 21.6525383
v -112.256958 166.549072 20.0748692
v -115.150261 166.463379 20.9165459
v -115.81218 166.922546 20.3179665
v -117.493011 166.635696 21.6203365
v -122.325348 165.95462 24.0418434
v -121.303238 166.339737 24.101223
v -120.790184 166.830292 23.7589378
v -121.628235 166.435944 23.6847668
v -121.700241 165.98407 23.6038704
v -121.201263 166.355377 23.3244686
v -119.772591 166.266998 22.7561722
v -119.744705 166.797348 22.6118793
v -119.383446 167.449371 22.8839169
v -118.845901 167.7686 23.3563423
v -118.289162 167.300598 23.8132229
v -102.418777 163.59552 10.2962561
v -102.972771 165.377716 13.5035229
v -102.341751 164.519974 5.93443012
v -106.588364 164.013382 9.73246765
v -106.814888 165.345474 14.7954454
v -102.911438 168.365082 2.55138898
v -103.711723 172.532028 1.88620782
v -104.326591 174.422119 5.67799997
v -104.464516 173.605545 10.6243544
v -103.833961 169.652557 13.4228764
v -106.846832 168.993683 14.6787043
v -111.414955 166.198151 18.424593
v -111.385155 165.602158 15.389287
v -109.082504 166.587219 17.9340477
v -112.512802 164.81752 9.65645313
v -108.968971 168.743423 17.0875187
v -29.2611561 137.789734 -2.14314842
v -29.7049084 140.238602 -15.2731829
v -24.5934811 131.120453 8.00030899
v -37.4262543 125.330467 -0.865364254
v -30.5477295 118.556999 11.3770733
v -38.6161728 129.34787 -16.1892567
v -23.7761555 80.4962997 -16.8663025
v -21.9125309 89.554184 -20.5388699
v -17.2262535 87.6365433 -14.3494606
v -19.7976017 80.0042725 -11.7109137
v -28.4418964 81.2032776 -17.4056721
v -27.7230206 91.4838791 -21.5344944
v -24.2139683 74.2772293 -13.5415115
v -28.2234421 74.779335 -13.9515753
v -20.7746029 74.3059769 -9.14772606
v -38.3262558 82.196846 4.74619484
v -40.490921 91.1143951 2.91841578
v -41.2718964 92.3353119 -10.979001
v -38.8842926 81.4763489 -8.62368011
v -33.1863976 81.9301529 18.9292068
v -34.0238876 89.0879211 16.3426075
v -36.1380272 77.6218262 5.92912436
v -31.9405651 78.1678009 18.4345531
v -36.5236626 75.189415 -6.38737202
v -34.5311661 81.3231506 -15.327281
v -35.5624237 92.4300461 -18.6903419
v -33.1062317 74.6663895 -12.2506762
v -14.8195314 124.979698 -23.2096176
v -11.1334238 119.600487 -18.1277409
v -19.4757767 129.910416 -25.0501976
v -17.9265747 117.312744 -25.5112362
v -23.8181591 123.64991 -27.8976784
v -13.5381861 110.759254 -18.5553017
v -25.3298721 136.628159 -23.1895332
v -32.3506813 128.266968 -25.1985416
v -42.0542336 107.509766 0.99185437
v -43.2441902 109.95948 -15.1179695
v -34.0929298 103.153511 14.5321817
v -36.1839409 109.395294 -24.4679813
v -26.5033035 106.553108 -27.40098
v -20.9868603 98.6964874 15.4720736
v -19.6459808 111.063362 11.4848499
v -10.5751734 95.7225418 7.68958092
v -10.5653925 106.02507 3.7927568
v -22.4208565 87.2285767 16.7382374
v -12.7591562 86.5150146 10.3843937
v -19.5802116 102.205887 -25.1102753
v -14.4720259 97.935318 -17.6198559
v -15.8679142 80.4663544 -0.175303668
v -12.5050735 86.9088593 -2.09392428
v -15.9861889 81.2285233 11.5029726
v -17.6887341 75.4810638 1.20664346
v -17.8560333 77.6165161 12.0113945
v -10.0103483 95.8131104 -5.05149746
v -9.7948637 106.515778 -7.45758247
v -8.49991989 114.838844 -9.61212063
v -5.90634346 119.478806 -10.5029278
v -6.65777636 118.848511 -2.94716859
v -9.36934662 114.001175 -0.623281121
v -22.9741669 56.5586319 10.9398327
v -22.2731819 67.0017853 15.3194895
v -30.3898125 67.3243866 13.9198103
v -30.7562084 56.6459351 9.58974552
v -16.9884109 56.3117218 5.77736712
v -15.8827963 65.9561996 9.89996052
v -24.1856232 45.975811 6.09078598
v -19.4416637 46.3845673 1.74372566
v -30.6526833 46.0746574 4.93903637
v -23.7813911 81.6817932 18.5492573
v -24.2485428 78.5208893 18.6917248
v -19.3006516 39.7602768 -7.73479033
v -18.1316032 47.0729523 -6.6307025
v -20.3673954 38.7699089 -1.02091551
v -20.4476452 40.7995148 -14.5509224
v -19.5630798 47.662468 -15.2206888
v -18.6308479 33.7577934 -8.22905731
v -19.667923 34.7459984 -13.8107271
v -19.7320347 32.9766083 -2.50198603
v -21.0485497 56.3252182 -19.7951984
v -20.2827759 64.013237 -15.3906546
v -16.1077728 64.2226715 -9.60813618
v -16.8492699 56.4023056 -13.7759075
v -27.4228249 56.3468933 -21.885704
v -26.3936558 64.1878586 -17.4661255
v -23.0161705 47.7768631 -20.2295456
v -28.370285 47.7449265 -21.5753212
v -15.1915121 56.2675781 -3.91949797
v -14.296257 64.8050079 0.122062683
v -37.9476547 56.5977631 -0.632236302
v -36.7977943 65.7669678 3.1306355
v -38.7566147 64.744957 -9.22361374
v -40.7239037 56.6459198 -12.6612215
v -37.1333275 46.9090424 -3.17956638
v -39.9820557 47.7518005 -12.9651957
v -35.5791969 56.4539032 -19.5500069
v -33.9401245 64.2448196 -15.6530237
v -35.5355759 47.8829575 -19.1265106
v -32.8883896 70.2311783 -12.5744057
v -27.1039219 70.2958298 -14.1202316
v -36.6998253 70.7425995 -6.69047642
v -35.5461769 72.6808167 5.16001892
v -30.6907234 74.5019302 15.9373646
v -16.483017 71.0159302 1.54819584
v -17.4116573 72.8315125 11.4646492
v -18.7466717 70.0089722 -8.12685299
v -22.3384972 69.9115067 -12.9775543
v -23.3967209 74.1242294 16.9437904
v -6.05023193 129.482956 5.99328947
v -8.87545013 142.649445 10.9846792
v -11.4403305 127.780685 4.40330124
v -3.71123838 119.479294 -1.24139857
v -16.3934231 121.330734 7.06137037
v -3.21336699 118.881248 -8.48027039
v -32.9366341 29.811142 -5.48521137
v -32.0330238 33.9252396 -5.48258734
v -33.5656776 35.2956085 -11.9287624
v -33.991684 30.3763981 -12.7364902
v -28.9291973 29.3335037 0.585067213
v -27.983242 32.7981491 0.028457664
v -35.2337341 26.1794796 -4.28320408
v -30.8379345 26.409441 2.84384489
v -35.9903679 25.9496384 -12.9287214
v -34.2043571 39.6598244 -4.83665514
v -36.5176353 41.1117249 -12.4225731
v -29.039959 38.3883781 1.5024761
v -33.0013466 41.6525726 -16.9657917
v -27.2635975 41.64991 -18.8200092
v -30.5866604 35.9917946 -15.25385
v -25.6923084 36.1165314 -16.525219
v -24.0690136 38.2316856 2.31741762
v -23.4444466 32.6242867 0.546014428
v -23.0974007 41.4142723 -18.0806999
v -22.0483665 35.6166573 -16.2278099
v -25.1829739 21.5758743 7.34630728
v -23.8593349 26.1067734 2.81564021
v -32.8638992 21.5389252 6.97318363
v -18.3551884 21.2346497 2.51346087
v -17.5820293 25.6872063 -1.78528237
v -26.6011677 17.3718815 12.4961815
v -19.1135712 15.9755287 9.42530918
v -34.9277267 15.1645184 13.4474096
v -30.5699444 30.9964027 -16.3732357
v -25.2050552 31.2331772 -17.6411839
v -31.8726959 25.5820866 -17.4121151
v -25.6810722 25.1058369 -18.9491081
v -23.3383007 29.1473808 0.712185025
v -18.3702202 29.0589008 -3.02709007
v -20.8746815 30.67033 -17.4561768
v -17.9722061 29.8634472 -15.0037136
v -20.498457 25.6919365 -18.6147022
v -16.9353294 25.2771931 -15.6521454
v -16.8206081 29.3050785 -9.22080421
v -15.5849323 25.3081608 -8.95982265
v -38.5293312 7.52822685 9.35407925
v -38.5668945 14.425765 3.61397266
v -38.9254723 13.6502123 -5.61070156
v -38.720192 6.55480957 0.93021369
v -36.6718216 8.16014481 18.3127441
v -35.5715027 1.55156898 12.3845167
v -34.0803604 2.22245598 20.9734058
v -36.23246 2.47945023 5.79741478
v -21.6584358 18.0535221 -16.4574814
v -17.9768162 19.777813 -13.1049461
v -26.9602947 15.9615898 -16.7921906
v -23.1070423 13.5016546 -11.4698496
v -28.1282158 13.6388054 -11.8151722
v -19.6440182 13.3731337 -8.03336143
v -16.4189739 20.4121151 -5.52386522
v -18.0232086 14.4947987 -0.180788353
v -37.4331818 20.9696903 -1.00434077
v -37.9342232 20.336195 -10.4388924
v -33.410862 19.2907047 -15.2194414
v -34.4234657 13.7390757 -10.2808914
v -27.9195957 -0.829458237 10.9280968
v -32.4304504 0.11356926 3.93376732
v -28.3173923 1.25045586 0.751595855
v -24.4170094 -0.347681046 3.2661624
v -26.9516468 0.329050064 20.1494694
v -20.6604404 1.35832977 10.0046177
v -20.0061722 2.19851303 17.8233223
v -21.1869755 1.74829674 4.06939554
v -34.347538 6.07260323 -3.3830092
v -28.2883682 5.79516029 -4.81845474
v -22.3063526 12.6112032 38.1478844
v -22.3587341 14.0318012 32.7476845
v -25.7665253 11.9894724 34.718399
v -25.7206879 10.7948055 39.9683037
v -18.8230724 11.202817 38.32584
v -18.8689041 12.4956226 33.0774231
v -22.2366543 9.90170097 42.9253349
v -19.668478 9.2032299 41.9534264
v -24.7778263 8.99580574 43.1735306
v -23.4196987 5.57411194 -4.57520962
v -20.0292282 5.85351372 -1.41532874
v -18.4046707 7.48653984 5.91976738
v -17.8454132 8.65149498 14.127017
v -26.6289978 1.43581772 26.6675091
v -19.7860489 2.9974308 23.4567585
v -33.5812874 2.99858665 26.7958317
v -30.1995239 1.63658714 31.7440929
v -34.5616264 3.14782715 31.7031536
v -23.1801834 1.48097038 30.01124
v -26.7382984 2.65196419 31.4480286
v -18.9202957 3.10309029 27.88941
v -17.5700531 6.27684593 41.0400238
v -17.5962448 7.02437019 36.2475395
v -18.6162434 1.29140663 44.303215
v -18.6227894 1.47391891 39.9608841
v -18.6985188 5.70721054 44.5519791
v -19.5277939 2.45154381 45.9038544
v -36.0445175 8.20746613 24.2162247
v -33.9081154 13.3507032 20.5872746
v -36.1519051 7.64980602 29.1556473
v -34.8678665 12.2358761 25.9719219
v -22.1402817 5.46813011 46.4610329
v -25.596138 5.57035255 46.2124634
v -22.0580063 1.37586594 47.8391075
v -24.6371422 2.43540955 47.1417961
v -22.0305805 -0.299537659 46.1405449
v -22.0305805 -0.302684784 41.9478798
v -25.5138626 1.33465576 45.9804916
v -25.5204086 1.50019455 41.6365776
v -32.7356491 5.3090744 48.6771965
v -32.7786636 9.43329334 45.1611252
v -35.2784042 8.57522488 45.4506569
v -36.1382828 5.3898983 48.473259
v -29.2406616 5.52636909 46.8127289
v -30.1690521 8.78177834 44.2304726
v -32.6002731 1.48297501 50.1248627
v -30.0287094 2.47760963 48.2176933
v -35.1380577 2.46166039 49.4556541
v -27.3016453 7.45935249 32.8757553
v -27.6974411 6.68239975 38.7302589
v -28.7245598 1.52627754 42.4681511
v -28.3119202 2.40768051 36.3612862
v -28.5905781 12.4072819 29.9205055
v -28.9695206 11.7648106 35.5432434
v -26.9469776 7.87889671 29.6134109
v -27.07617 13.3163891 25.1829681
v -26.8152809 7.47577858 32.6908646
v -26.7930717 6.70767784 38.4529037
v -25.8053875 12.651721 29.1931896
v -25.5259628 2.3735199 35.6194229
v -37.1493416 5.79147339 45.6452713
v -36.8942642 6.38752365 40.9337616
v -35.6221809 1.55312347 44.1439056
v -35.8967056 1.41243935 48.3996735
v -36.1027641 10.2274408 42.3384209
v -35.8671379 11.2956381 37.1727486
v -32.413559 -0.114280701 48.5678902
v -32.1325417 -0.125379562 44.4640274
v -28.9990864 1.36880875 46.7223511
v -32.6883049 11.924963 40.5128822
v -32.459156 13.1953039 35.1999893
v -29.2051525 10.6126833 40.7010956
v -27.0615101 15.3693447 18.6184731
v -20.1128731 14.5352135 17.1187134
v -23.5879517 14.938118 22.4574471
v -19.2267303 13.8516979 22.1250591
v -30.6070328 14.0791378 24.204134
v -17.6508617 8.98983574 19.7931919
v -17.6366615 8.589818 24.6952381
v -26.7668819 6.03606606 43.2505989
v -22.0305805 0.621782303 35.843708
v -18.6283417 2.36305428 33.9452019
v -17.6184502 7.97961617 30.4721584
v -18.9077663 13.4457321 27.4559212
v -22.4031487 14.7868242 27.2462921
v -32.0858269 13.7713642 29.6381016
v -35.4881897 11.9409227 31.5192146
v -31.7142868 0.812623978 38.271637
v -35.2095337 2.42962074 38.0361176
v -36.4984665 7.1555481 35.0680618
v -27.9525185 6.01921082 43.4355049
v -8.31731606 200.287964 30.3191166
v -14.6901112 203.934387 25.8245506
v -8.34448624 203.408386 32.9191589
v -14.1975565 208.370682 27.6034088
v -14.1888857 208.924438 1.60921919
v -24.1723595 202.777267 7.95434189
v -11.4285336 211.83429 4.02196884
v -19.132906 206.815201 9.4220562
v -25.8902435 198.303772 14.5339727
v -19.3889542 202.71283 16.1392441
v -7.99522972 206.213593 34.6464767
v -13.3005037 211.229309 28.829565
v -7.48207855 209.927032 36.2798958
v -12.4193268 214.331924 30.4536667
v -18.4249516 208.585022 19.2525997
v -17.6517563 213.557312 12.2527752
v -16.5157948 213.738159 21.3898468
v -14.7707939 218.661758 15.3247633
v -10.3742657 217.954254 7.04189539
v -8.40619469 221.870636 11.3662014
v -5.93729591 247.465683 92.7215042
v -10.7491674 250.495361 88.9514694
v -9.86264324 245.904846 87.7743301
v -6.16908979 241.115829 90.5643997
v -6.06440306 254.499451 90.3280487
v -9.72552013 254.145493 87.5331879
v -10.7491674 250.495361 88.9514771
v -14.9559097 216.583237 22.6883545
v -12.9063826 221.313629 17.0568829
v -13.9198256 219.276718 24.4099064
v -11.8934813 223.849945 19.0884151
v -7.16317272 224.021408 13.80826
v -6.50790644 226.546478 16.3063507
v -16.8898449 180.261276 20.3850956
v -16.1718349 172.802292 15.534255
v -27.994875 181.899139 16.6985836
v -25.5070572 175.588043 13.1132202
v -17.4843559 187.604172 23.9086304
v -25.6930943 186.5923 20.1616135
v -16.0028343 171.064316 11.8615456
v -15.5499001 170.641541 9.34391594
v -28.6453629 175.167053 10.3211565
v -17.3805485 191.204193 24.0076447
v -28.8529968 188.860657 19.6107655
v -31.8570557 182.449799 14.7670994
v -7.07311344 150.504059 14.6306801
v -6.72162485 145.576935 13.7641439
v -3.06022763 146.842575 14.4466143
v -2.01508093 150.571579 14.9913235
v -12.9182949 150.462646 12.8518877
v -11.3237324 146.82724 12.5828991
v -8.14991856 155.366379 13.8763447
v -12.7682323 154.076965 12.3168049
v -3.82263947 154.212891 13.8330231
v -7.65125465 143.747925 12.6439476
v -13.7586279 145.483795 11.6449299
v -0.691926479 144.280579 14.4610281
v -17.3328857 150.63739 10.0970964
v -16.3203888 155.517365 9.31441402
v -9.7147789 157.064468 10.9894028
v -1.75292492 156.230225 12.7112188
v -10.639617 156.962524 8.72263432
v -0.237569213 150.514389 14.0260706
v -8.97898388 161.745285 13.3873453
v -8.52953911 157.22583 12.5457087
v -3.89662075 158.090775 13.6796551
v -2.62092352 160.897171 14.7207947
v -16.387722 163.185303 11.0183878
v -14.277771 159.190948 10.7799377
v -10.3401957 167.1297 13.2572279
v -16.6667671 167.063309 10.9631929
v -4.09253836 165.16655 14.5565577
v -9.64503765 156.308228 10.1043873
v -17.3526974 158.437073 8.87186527
v -1.13246441 156.684875 12.4546585
v -22.2594452 164.760544 8.42284775
v -21.6664104 169.950943 8.76374912
v -13.0148563 169.363571 11.0883236
v -2.04697847 165.828522 13.5088873
v -0.369316339 161.18988 13.1984568
v -6.55317307 259.260345 82.8171844
v -7.32040405 261.739655 72.4407272
v -12.8832712 258.322357 72.4055176
v -11.5190134 256.574066 82.0566254
v -6.1797142 231.742905 20.9015541
v -11.3387642 229.0215 23.3426056
v -6.28046703 238.913895 25.7439232
v -11.5166054 236.008743 28.0855637
v -7.09417772 216.193634 38.7931633
v -11.8537407 220.092377 33.5897408
v -7.26881933 223.368622 41.7621536
v -12.1589766 227.052841 37.3694153
v -13.1973324 225.042465 27.5519257
v -13.4927492 231.902176 31.9821758
v -6.75701809 238.40686 84.4236069
v -7.61066055 237.994095 76.141098
v -11.7738161 246.202805 82.7644501
v -13.2460918 246.04985 74.5083847
v -13.3101912 252.240051 82.0072556
v -14.9310646 252.959167 73.1789627
v -13.3101892 252.240051 82.0072632
v -14.9310646 252.959167 73.1789703
v -12.5948343 238.339951 36.5604897
v -11.2108011 233.94223 40.1704636
v -10.8301582 242.626953 33.1822243
v -14.9633827 244.326599 40.9021797
v -12.8222809 249.412643 37.2843246
v -13.363637 239.158966 44.5319977
v -17.0914173 248.786041 47.0245934
v -15.2367678 242.95137 50.3405876
v -17.0914173 248.786041 47.024601
v -14.6732121 254.133224 43.7623711
v -18.0530739 251.665466 54.7140083
v -15.5411358 257.06189 52.1758995
v -16.0517426 245.256607 57.4722366
v -18.0530758 251.665466 54.7140045
v -16.9224911 252.912064 63.7566719
v -15.0301247 246.011948 65.8029022
v -16.9224911 252.912064 63.7566795
v -14.5842342 258.471588 62.084446
v -6.4496727 230.459793 42.9199829
v -7.69823503 235.139725 46.9002686
v -8.77113056 237.83876 52.4668655
v -9.2307806 238.866547 59.4197235
v -8.63960075 238.532822 67.5588074
v -6.14516163 245.777237 31.1278191
v -7.26514769 253.187042 34.9519272
v -8.32028675 257.783386 41.79739
v -8.82229519 260.414551 50.8887634
v -8.28288937 261.928864 61.4505615
v 0.232689083 87.7864838 -171.632889
v 0.417490304 85.0562973 -165.437515
v 0.145417452 89.3919983 -176.210281
v 1.01657212 78.7187881 -151.279877
v 0.918875635 81.608696 -158.59259
v 0.0962734222 89.7896347 -178.19101
v 0 218.780518 24.1232281
v 22.8927174 7.05471039 42.1997986
v 22.9482327 10.1137123 39.9004402
v 24.3894215 9.48761272 41.2556953
v 25.0326786 7.20277214 43.0705147
v 24.7359428 3.70217133 46.3496056
v 22.5777397 3.54326057 45.5421867
v 20.1157284 3.86081696 45.5643196
v 20.4800186 7.39922714 42.1982346
v 21.2502842 9.63792419 40.6032333
v 33.4729767 6.80482674 44.4643745
v 33.524929 9.62221813 42.1529961
v 34.9691544 9.07209969 43.5043831
v 35.6146126 6.96372795 45.3297386
v 35.3174934 3.73952293 48.6375771
v 33.1581306 3.57273865 47.8336334
v 30.6995716 3.91118431 47.8435173
v 31.0634823 7.16886711 44.4516182
v 31.830698 9.22625256 42.8493271
v 21.8017673 9.02495384 45.6764221
v 24.214468 8.68043327 45.6779785
v 23.8656311 10.5424156 43.1338081
v 22.3151836 11.5018854 42.3878899
v 20.7264957 10.692729 42.4813499
v 19.6618061 8.87689018 44.8057137
v 19.204319 5.29020119 48.052948
v 21.3625221 5.44911194 48.8603706
v 23.8245335 5.13155556 48.8382416
v 32.4015503 8.89664268 47.8747978
v 34.811039 8.53260136 47.8875542
v 34.4559746 10.1929426 45.346611
v 32.9059868 11.0982113 44.592804
v 31.3175163 10.3471098 44.6915512
v 30.2599106 8.73773956 47.0094261
v 29.8019676 5.42686844 50.2850037
v 31.9613285 5.59365463 51.0889435
v 34.4198875 5.25520515 51.0790634
v 35.9713478 7.71397591 46.7549973
v 35.63834 4.46876907 49.9906616
v 35.2291718 10.2551537 43.8171349
v 31.7517796 2.19091797 53.0375519
v 33.4796753 1.96823883 53.0342598
v 30.232481 2.05440331 52.4613609
v 30.890707 0.109048843 53.3056221
v 31.7096329 -0.473051071 53.900753
v 32.6769295 0.0782546997 53.6441612
v 29.9031773 7.98749161 45.5841713
v 31.2017403 10.4652748 42.9286652
v 29.4811192 4.69763565 48.9319229
v 22.0210514 0.569169998 48.3588524
v 20.2907677 0.777248383 48.3706779
v 23.5394917 0.699752808 48.9377251
v 22.4521065 -0.778720856 50.2450256
v 21.4837132 -1.38988876 50.4003258
v 20.6652031 -0.751779556 49.9091034
v 22.7265301 11.7304459 40.2128448
v 24.6456795 10.7041912 41.5874176
v 20.6177368 10.9114065 40.700901
v 19.3121357 8.17080307 43.3565941
v 18.8899879 4.60194397 46.6777573
v 25.3823509 7.90886116 44.5196266
v 25.0502758 4.39043045 47.7248039
v 33.3081894 11.196701 42.44067
v 21.2267818 -1.85624313 51.4171448
v 20.3920708 -1.07608414 50.7590103
v 22.2467861 -1.08503914 51.1368294
v 22.1177731 -0.20274353 51.2568512
v 21.1551456 -0.771234512 51.4955215
v 20.3308697 -0.175800323 50.9209175
v 31.7716274 -1.55966187 53.8586578
v 30.943861 -0.795684814 53.1737595
v 31.2195358 -0.502292633 52.3130913
v 32.032299 -1.13017464 52.8265343
v 33.0057602 -0.533088684 52.6516342
v 32.798069 -0.807525635 53.553524
v 19.4315529 1.29814339 49.1622276
v 19.6552448 1.79320526 50.1427879
v 34.3337784 1.41510582 52.2605095
v 34.105484 0.890697479 51.2957954
v 32.5861855 0.754184723 50.7196045
v 30.8582878 0.976861954 50.7228966
v 30.0041847 1.52999496 51.4966469
v 21.173687 1.92380142 50.7216606
v 22.9039707 1.71572304 50.7098427
v 23.7631855 1.19482803 49.918293
v -22.8927193 7.05471992 42.1997986
v -25.0326805 7.20278358 43.0705185
v -24.3894253 9.48762226 41.2556992
v -22.9482346 10.1137209 39.9004402
v -22.5777416 3.54327011 45.5421944
v -24.7359447 3.70218086 46.3496056
v -20.4800224 7.39924049 42.1982422
v -20.1157341 3.86082649 45.5643196
v -21.2502899 9.63793564 40.6032372
v -33.4729767 6.80483627 44.4643784
v -35.6146164 6.96373749 45.3297424
v -34.9691582 9.07210922 43.5043869
v -33.524929 9.62222958 42.1529999
v -33.1581306 3.57274628 47.8336372
v -35.3174934 3.73953247 48.6375771
v -31.0634842 7.16887665 44.451622
v -30.6995754 3.91119385 47.8435211
v -31.8307018 9.226264 42.8493309
v -21.8017731 9.02496243 45.6764259
v -22.3151855 11.5018959 42.3878937
v -23.8656349 10.5424242 43.1338158
v -24.2144699 8.68044472 45.6779861
v -19.6618118 8.87690163 44.8057137
v -20.7264996 10.6927385 42.4813538
v -21.3625259 5.44911957 48.8603745
v -19.2043228 5.29021072 48.0529556
v -23.8245373 5.131567 48.8382454
v -32.4015541 8.89665127 47.8748016
v -32.9059906 11.0982199 44.5928078
v -34.4559746 10.1929512 45.3466148
v -34.8110428 8.53260994 47.887558
v -30.2599125 8.7377491 47.0094337
v -31.3175201 10.3471184 44.691555
v -31.9613285 5.59366417 51.0889549
v -29.8019714 5.42687988 50.2850075
v -34.4198914 5.2552166 51.0790672
v -35.9713478 7.71398544 46.7550049
v -35.6383438 4.46877861 49.9906654
v -35.2291718 10.2551622 43.8171349
v -31.7517815 2.19092751 53.0375633
v -33.4796791 1.96825027 53.0342751
v -30.2324829 2.05441284 52.4613647
v -31.7096348 -0.473039627 53.9007568
v -30.890707 0.10905838 53.3056297
v -32.6769333 0.0782661438 53.644165
v -29.9031792 7.9875021 45.5841713
v -31.2017441 10.4652843 42.928669
v -29.4811192 4.69764519 48.9319267
v -22.0210552 0.569181442 48.35886
v -20.2907715 0.777259827 48.3706856
v -23.5394955 0.699762344 48.9377327
v -21.483717 -1.38987923 50.4003334
v -22.4521103 -0.778711319 50.2450371
v -20.6652069 -0.75177002 49.9091072
v -22.726532 11.7304544 40.2128525
v -24.6456833 10.7041998 41.5874252
v -20.6177406 10.9114189 40.7009087
v -19.3121395 8.17081165 43.3565979
v -18.8899899 4.6019516 46.6777611
v -25.3823547 7.90887165 44.5196342
v -25.0502796 4.39043999 47.7248039
v -33.3081932 11.1967096 42.4406738
v -21.2267838 -1.8562355 51.4171524
v -20.3920746 -1.0760746 50.7590218
v -22.2467899 -1.08502769 51.1368446
v -21.1551495 -0.771221161 51.495533
v -22.117775 -0.202733994 51.2568626
v -20.3308754 -0.175792694 50.9209251
v -31.7716293 -1.55965233 53.8586655
v -32.032299 -1.13016319 52.8265381
v -31.2195358 -0.502283096 52.3131065
v -30.9438648 -0.79567337 53.1737671
v -32.798069 -0.807516098 53.5535393
v -33.0057602 -0.53307724 52.6516418
v -19.4315567 1.29815292 49.1622314
v -19.6552486 1.7932148 50.1427917
v -34.3337822 1.41511726 52.2605209
v -34.105484 0.890707016 51.2958031
v -32.5861855 0.75419426 50.7196121
v -30.8582897 0.97687149 50.7229004
v -30.0041885 1.5300045 51.4966545
v -21.1736908 1.92381096 50.7216721
v -22.9039764 1.71573257 50.7098465
v -23.7631893 1.19483948 49.9183006
v 7.7775569 251.042908 86.7721405
v 3.77535224 251.042908 86.7721405
v 4.57000685 247.684433 84.593399
v 5.51481199 249.689713 49.4378204
v 11.8784075 249.689713 49.4378204
v 8.78612232 243.875183 53.247345
v 6.62061596 249.54454 90.1346512
v 4.82902622 248.416489 91.5383453
v 2.72678399 246.588196 87.3550186
v 12.2364578 250.761795 52.3007889
v 5.51481199 250.761795 52.3007889
v 5.51481247 249.689713 49.4378166
v 11.8784075 249.689713 49.4378166
v 4.9984045 252.944397 70.2219086
v 4.9984045 252.926849 66.7137375
v 7.96338844 246.154495 68.5017471
v 11.7890043 252.520844 60.9187584
v 5.48830462 252.520844 60.9187584
v 8.74389172 245.571091 60.1614494
v 2.61841083 248.416489 91.5383453
v 11.2991047 252.926849 66.7137375
v 5.02998352 245.726135 42.8236198
v 5.029984 247.38649 45.103157
v 8.01369953 252.037643 39.9709511
v 11.3935785 247.38649 45.103157
v 11.7890043 252.520844 60.9187508
v 5.48830462 252.520844 60.9187508
v 5.48830462 252.056686 57.5519257
v 12.2099514 252.056686 57.5519257
v 10.6012535 245.726135 42.8236198
v 11.3935795 247.38649 45.1031609
v 8.01369953 241.074982 47.9558296
v 3.77535224 251.692505 84.1866226
v 8.74389172 259.006439 58.3092384
v 10.5576429 252.944397 70.2219009
v 4.9984045 252.944397 70.2219009
v 4.99840498 252.926849 66.7137299
v 11.2991047 252.926849 66.7137299
v 5.02998304 247.38649 45.1031609
v 8.73109436 251.692505 84.1866226
v 4.82902622 248.416489 91.5383377
v 5.89968491 251.943604 90.0657578
v 2.61841083 249.54454 90.1346512
v 5.48830462 252.056686 57.5519295
v 3.77535224 251.042908 86.7721252
v 7.7775569 251.042908 86.7721252
v 7.742908 255.621765 82.1131134
v 12.2364578 250.761795 52.3007965
v 7.96338844 259.716736 68.4339066
v 12.2099514 252.056686 57.5519295
v 9.38731098 252.465744 79.236618
v 4.43156815 252.465744 79.236618
v 4.43156815 252.73349 75.9496155
v 9.99080658 252.73349 75.9496155
v 8.78612232 256.576324 48.4912682
v 5.51481199 250.761795 52.3007965
v 8.15886497 257.11377 77.7218475
v 3.77535224 251.692505 84.1866074
v 8.73109436 251.692505 84.1866074
v 10.5576429 252.944397 70.2219086
v 5.02998304 245.726135 42.8236198
v 2.61841083 248.416489 91.5383377
v 9.99080658 252.73349 75.9496078
v 4.43156815 252.73349 75.9496078
v 4.43156815 252.465744 79.2366257
v 9.38731098 252.465744 79.2366257
v 3.14228535 246.88945 93.0640411
v 0.93167007 246.205795 93.4704285
v 1.17026732e-18 245.976089 88.2045746
v 5.47866726 249.187988 77.2337875
v 0.931670129 246.205795 93.4704285
v 0.93167007 246.88945 93.0640411
v -7.7775569 251.042908 86.7721405
v -4.57000685 247.684433 84.593399
v -3.77535224 251.042908 86.7721405
v -5.51481199 249.689713 49.4378204
v -8.78612232 243.875183 53.247345
v -11.8784075 249.689713 49.4378204
v -6.62061596 249.54454 90.1346512
v -2.72678399 246.588196 87.3550186
v -4.82902622 248.416489 91.5383453
v -12.2364578 250.761795 52.3007889
v -11.8784075 249.689713 49.4378166
v -5.51481247 249.689713 49.4378166
v -5.51481199 250.761795 52.3007889
v -4.9984045 252.944397 70.2219086
v -7.96338844 246.154495 68.5017471
v -4.9984045 252.926849 66.7137375
v -11.7890043 252.520844 60.9187584
v -8.74389172 245.571091 60.1614494
v -5.48830462 252.520844 60.9187584
v -2.61841083 248.416489 91.5383453
v -11.2991047 252.926849 66.7137375
v -5.02998257 245.726135 42.8236198
v -8.01369953 252.037643 39.9709511
v -5.029984 247.38649 45.103157
v -11.3935785 247.38649 45.103157
v -11.7890043 252.520844 60.9187508
v -12.2099514 252.056686 57.5519257
v -5.48830462 252.056686 57.5519257
v -5.48830462 252.520844 60.9187508
v -10.6012535 245.726135 42.8236198
v -8.01369953 241.074982 47.9558296
v -11.3935795 247.38649 45.1031609
v -3.77535224 251.692505 84.1866226
v -8.74389172 259.006439 58.3092384
v -10.5576429 252.944397 70.2219009
v -11.2991047 252.926849 66.7137299
v -4.99840498 252.926849 66.7137299
v -4.9984045 252.944397 70.2219009
v -5.02998304 247.38649 45.1031609
v -8.73109436 251.692505 84.1866226
v -4.82902622 248.416489 91.5383377
v -5.89968491 251.943604 90.0657578
v -2.61841083 249.54454 90.1346512
v -5.48830462 252.056686 57.5519295
v -3.77535224 251.042908 86.7721252
v -7.742908 255.621765 82.1131134
v -7.7775569 251.042908 86.7721252
v -12.2364578 250.761795 52.3007965
v -7.96338844 259.716736 68.4339066
v -12.2099514 252.056686 57.5519295
v -9.38731098 252.465744 79.236618
v -9.99080658 252.73349 75.9496155
v -4.43156815 252.73349 75.9496155
v -4.43156815 252.465744 79.236618
v -8.78612232 256.576324 48.4912682
v -5.51481199 250.761795 52.3007965
v -8.15886497 257.11377 77.7218475
v -8.73109436 251.692505 84.1866074
v -3.77535224 251.692505 84.1866074
v -10.5576429 252.944397 70.2219086
v -5.02998304 245.726135 42.8236198
v -2.61841083 248.416489 91.5383377
v -9.99080658 252.73349 75.9496078
v -9.38731098 252.465744 79.2366257
v -4.43156815 252.465744 79.2366257
v -4.43156815 252.73349 75.9496078
v -3.14228535 246.88945 93.0640411
v -0.93167007 246.205795 93.4704285
v -5.47866726 249.187988 77.2337875
v -0.931670129 246.205795 93.4704285
v -0.93167007 246.88945 93.0640411
v 0 248.786041 47.0245972
v 0 244.326599 40.9021797
v 0 247.465683 92.7215042
v 0 250.495361 88.9514694
v 0 251.665466 54.7140045
v 0 252.959167 73.1789627
v 0 252.912064 63.7566719
v 0 224.511154 28.1314621
v 0 231.507614 32.7275696
v 0 238.339951 36.5604897
v 0 252.240051 82.0072556
v 0 248.786041 47.024601
v 0 252.240051 82.0072632
v 0 252.959167 73.1789703
v 0 250.495361 88.9514771
v 0 251.665466 54.7140083
v 0 252.912064 63.7566795

# 1975 UV coordinates
vt 0.955124557 0.265707731 0
vt 0.956216335 0.267561585 0
vt 0.93650341 0.277677357 0
vt 0.935425162 0.275559425 0
vt 0.934369206 0.273358315 0
vt 0.954113603 0.263824731 0
vt 0.963619113 0.258096874 0
vt 0.967441499 0.2570934 0
vt 0.969263315 0.258491755 0
vt 0.491624326 0.476751 0
vt 0.468517154 0.49684912 0
vt 0.444798082 0.467321783 0
vt 0.476498991 0.45322156 0
vt 0.506853878 0.439242482 0
vt 0.516284108 0.458277315 0
vt 0.526524782 0.474066406 0
vt 0.506372452 0.494520128 0
vt 0.488370895 0.52141428 0
vt 0.951445937 0.257383525 0
vt 0.952170074 0.25940153 0
vt 0.931929231 0.267616481 0
vt 0.930935621 0.264990151 0
vt 0.929905534 0.262004256 0
vt 0.950761139 0.255057752 0
vt 0.961597741 0.252483368 0
vt 0.965110123 0.253246456 0
vt 0.962327838 0.255440384 0
vt 0.449815571 0.510557771 0
vt 0.425453007 0.496488452 0
vt 0.454002887 0.529847562 0
vt 0.409198165 0.529167414 0
vt 0.953094661 0.261647165 0
vt 0.933135152 0.270544976 0
vt 0.965859413 0.255218029 0
vt 0.539450765 0.444817036 0
vt 0.532078385 0.428395748 0
vt 0.554997146 0.418880761 0
vt 0.56134963 0.43376404 0
vt 0.567845702 0.447224408 0
vt 0.547227561 0.459215373 0
vt 0.582553864 0.423774481 0
vt 0.576825202 0.409972131 0
vt 0.59809041 0.401393473 0
vt 0.603398561 0.414343923 0
vt 0.608718336 0.426396966 0
vt 0.588327348 0.436485976 0
vt 0.624067068 0.405208647 0
vt 0.619074881 0.392987728 0
vt 0.6399315 0.384664237 0
vt 0.644656897 0.396217883 0
vt 0.649390519 0.407068223 0
vt 0.629063904 0.41664955 0
vt 0.665220261 0.387292087 0
vt 0.660740972 0.376374543 0
vt 0.681543112 0.368094534 0
vt 0.685783148 0.378391147 0
vt 0.690042913 0.388079911 0
vt 0.669714093 0.397560298 0
vt 0.706357002 0.3694942 0
vt 0.70235616 0.359811664 0
vt 0.723187208 0.351519942 0
vt 0.726946235 0.360591471 0
vt 0.730726182 0.369119138 0
vt 0.71037972 0.378602892 0
vt 0.74755156 0.351677895 0
vt 0.744037867 0.3432163 0
vt 0.764906764 0.334898829 0
vt 0.768171728 0.342750788 0
vt 0.77144897 0.350115687 0
vt 0.751082718 0.359624207 0
vt 0.78880465 0.333808333 0
vt 0.785791457 0.32656607 0
vt 0.806688547 0.318216771 0
vt 0.809447527 0.324848801 0
vt 0.81220603 0.331055045 0
vt 0.791823626 0.340592921 0
vt 0.830097437 0.315870345 0
vt 0.827594757 0.309849143 0
vt 0.848506808 0.301460266 0
vt 0.850751936 0.306869924 0
vt 0.85298872 0.311930299 0
vt 0.832594752 0.321501434 0
vt 0.871410012 0.297840983 0
vt 0.86942178 0.293043852 0
vt 0.890333951 0.284580946 0
vt 0.892073452 0.288758337 0
vt 0.893811643 0.292687327 0
vt 0.873389482 0.302336335 0
vt 0.912641525 0.279636413 0
vt 0.911168456 0.276082933 0
vt 0.914120913 0.283002704 0
vt 0.778043151 0.303272128 0
vt 0.756513059 0.309604943 0
vt 0.753701925 0.299441516 0
vt 0.775455713 0.293947667 0
vt 0.797207832 0.288429081 0
vt 0.799578726 0.296922028 0
vt 0.802228332 0.3055619 0
vt 0.7809304 0.312737465 0
vt 0.759643555 0.319898635 0
vt 0.468644232 0.429166585 0
vt 0.440784007 0.427239209 0
vt 0.435584724 0.390051544 0
vt 0.466121167 0.402709633 0
vt 0.496316493 0.401468098 0
vt 0.500825942 0.421204954 0
vt 0.526744008 0.413236707 0
vt 0.521972835 0.396617353 0
vt 0.545419097 0.390294582 0
vt 0.55006063 0.405328035 0
vt 0.572239697 0.397499174 0
vt 0.567743421 0.383609056 0
vt 0.589476645 0.376719058 0
vt 0.593784213 0.389734149 0
vt 0.61500597 0.382001877 0
vt 0.610906303 0.369714677 0
vt 0.632192671 0.362650782 0
vt 0.636078656 0.374281824 0
vt 0.657095134 0.366561413 0
vt 0.653425694 0.355554581 0
vt 0.674645543 0.348441839 0
vt 0.678100109 0.358835548 0
vt 0.699114323 0.351101041 0
vt 0.69587177 0.341318846 0
vt 0.71711272 0.334187627 0
vt 0.720146418 0.343355954 0
vt 0.741198123 0.335599065 0
vt 0.73837024 0.327047944 0
vt 0.762268662 0.327829599 0
vt 0.783355355 0.320046186 0
vt 0.804455042 0.312247396 0
vt 0.825564146 0.304431349 0
vt 0.82353425 0.298368931 0
vt 0.844845057 0.291154325 0
vt 0.84667933 0.296595365 0
vt 0.867796898 0.288733214 0
vt 0.866156459 0.283911735 0
vt 0.887458384 0.276627749 0
vt 0.888907671 0.280829847 0
vt 0.909953713 0.272893548 0
vt 0.908705711 0.269305617 0
vt 0.51605618 0.502846956 0
vt 0.523749948 0.507859349 0
vt 0.514916003 0.527801752 0
vt 0.505386472 0.525637746 0
vt 0.533661783 0.48300907 0
vt 0.539852321 0.489711732 0
vt 0.552885711 0.468242884 0
vt 0.557955146 0.475586236 0
vt 0.572652936 0.456099212 0
vt 0.577111125 0.463694453 0
vt 0.592674494 0.445145607 0
vt 0.5967834 0.452750355 0
vt 0.612784326 0.434790283 0
vt 0.616676092 0.442285717 0
vt 0.632928848 0.4247334 0
vt 0.636658192 0.432031631 0
vt 0.653084815 0.414807856 0
vt 0.656668127 0.421844065 0
vt 0.673243284 0.404927135 0
vt 0.676676512 0.411651015 0
vt 0.69339937 0.395047784 0
vt 0.696669042 0.401420563 0
vt 0.71355176 0.385154128 0
vt 0.716641843 0.391146898 0
vt 0.733702362 0.375240624 0
vt 0.736598253 0.380833089 0
vt 0.753853559 0.365307629 0
vt 0.756543696 0.37048766 0
vt 0.774007678 0.355358243 0
vt 0.776484847 0.360121012 0
vt 0.794167399 0.345396578 0
vt 0.796428978 0.349744767 0
vt 0.814335048 0.335427225 0
vt 0.816383243 0.339370787 0
vt 0.834513307 0.325454414 0
vt 0.836354852 0.329010934 0
vt 0.854705036 0.31548214 0
vt 0.856351852 0.31867671 0
vt 0.874915361 0.305511445 0
vt 0.876384139 0.308378428 0
vt 0.895171523 0.295505047 0
vt 0.896493554 0.298075318 0
vt 0.915314436 0.28549394 0
vt 0.916493177 0.287809193 0
vt 0.375216067 0.580510855 0
vt 0.337790251 0.597850323 0
vt 0.310464799 0.570122242 0
vt 0.358910024 0.551344156 0
vt 0.418773562 0.563903749 0
vt 0.423068285 0.596348643 0
vt 0.384113789 0.61348778 0
vt 0.342082798 0.627895236 0
vt 0.505129874 0.548089445 0
vt 0.489864171 0.549384356 0
vt 0.514197826 0.547272205 0
vt 0.518969119 0.568282187 0
vt 0.508247614 0.570688844 0
vt 0.491814494 0.573799074 0
vt 0.4593817 0.554282725 0
vt 0.461357087 0.582071304 0
vt 0.465979815 0.706382215 0
vt 0.443214595 0.736926317 0
vt 0.418057412 0.68834877 0
vt 0.455435038 0.656302273 0
vt 0.487200737 0.633522034 0
vt 0.49371773 0.679770768 0
vt 0.507355094 0.712865174 0
vt 0.493178904 0.740909278 0
vt 0.480503142 0.781180739 0
vt 0.388356894 0.654274285 0
vt 0.361620784 0.66339463 0
vt 0.421134323 0.636973202 0
vt 0.389223516 0.686599851 0
vt 0.362912595 0.69644022 0
vt 0.510471046 0.593781948 0
vt 0.489173442 0.599709749 0
vt 0.526501656 0.589811146 0
vt 0.53745532 0.618301272 0
vt 0.514189124 0.624350667 0
vt 0.457238793 0.615052938 0
vt 0.347262681 0.772237122 0
vt 0.34007895 0.750511706 0
vt 0.355469674 0.74010545 0
vt 0.364629626 0.765217006 0
vt 0.372574598 0.793463826 0
vt 0.354876876 0.795481443 0
vt 0.335946321 0.797998428 0
vt 0.330095351 0.778723896 0
vt 0.323980451 0.760492325 0
vt 0.525586247 0.670355678 0
vt 0.556149065 0.662126422 0
vt 0.583126009 0.711107731 0
vt 0.536168516 0.713533998 0
vt 0.357903063 0.816551447 0
vt 0.374899626 0.814622581 0
vt 0.374244779 0.836260378 0
vt 0.357783109 0.838546455 0
vt 0.339770764 0.841293454 0
vt 0.338922322 0.819262445 0
vt 0.357458413 0.859880686 0
vt 0.374759257 0.860930681 0
vt 0.375457764 0.885386705 0
vt 0.357871026 0.881434083 0
vt 0.339758992 0.878258765 0
vt 0.339798033 0.859290957 0
vt 0.96858561 0.253092468 0
vt 0.972561002 0.252002835 0
vt 0.965289354 0.25000453 0
vt 0.966338992 0.246516913 0
vt 0.949910522 0.25163269 0
vt 0.928610325 0.257966965 0
vt 0.927386522 0.2538324 0
vt 0.949162483 0.247965634 0
vt 0.467862308 0.376525432 0
vt 0.443220019 0.365608454 0
vt 0.449089676 0.349910438 0
vt 0.470642686 0.357915521 0
vt 0.492705464 0.359455645 0
vt 0.493588448 0.378610909 0
vt 0.517619491 0.376146287 0
vt 0.51468128 0.357570142 0
vt 0.536528051 0.353807688 0
vt 0.540450931 0.371490657 0
vt 0.562615454 0.36597985 0
vt 0.558269739 0.349041909 0
vt 0.579955697 0.343762994 0
vt 0.584406614 0.360025913 0
vt 0.606006265 0.353844553 0
vt 0.601627946 0.338248134 0
vt 0.623312831 0.332648188 0
vt 0.627524376 0.347555578 0
vt 0.649009645 0.341231406 0
vt 0.645014048 0.327044666 0
vt 0.666730762 0.32146892 0
vt 0.670490861 0.334899426 0
vt 0.691979468 0.328571111 0
vt 0.688460827 0.315927982 0
vt 0.710201502 0.310417354 0
vt 0.7134794 0.32224828 0
vt 0.734991074 0.315928042 0
vt 0.731949568 0.304926336 0
vt 0.821117163 0.290546536 0
vt 0.818955183 0.282869339 0
vt 0.840693712 0.277251691 0
vt 0.84265542 0.284136891 0
vt 0.864188492 0.277682334 0
vt 0.862417698 0.271558136 0
vt 0.884113312 0.265766889 0
vt 0.885704398 0.27116704 0
vt 0.907169819 0.264582455 0
vt 0.905753613 0.259852856 0
vt 0.355650514 0.902332664 0
vt 0.37408343 0.906223297 0
vt 0.332511336 0.733387351 0
vt 0.348557293 0.723413467 0
vt 0.317175686 0.742720485 0
vt 0.338297725 0.899140596 0
vt 0.296930879 0.900005102 0
vt 0.29439187 0.880756021 0
vt 0.303731084 0.880414486 0
vt 0.306243896 0.901106536 0
vt 0.276588231 0.748595119 0
vt 0.285743803 0.750533104 0
vt 0.290252328 0.768320084 0
vt 0.280060768 0.766592681 0
vt 0.271535397 0.765231431 0
vt 0.26918608 0.747334242 0
vt 0.289069772 0.899698853 0
vt 0.287154675 0.88137269 0
vt 0.526301086 0.739926338 0
vt 0.540052652 0.749690652 0
vt 0.531713426 0.93681246 0
vt 0.551145375 0.907035291 0
vt 0.56733036 0.907952368 0
vt 0.537965536 0.943826675 0
vt 0.500322938 0.971346557 0
vt 0.503590643 0.958095312 0
vt 0.506257951 0.942618012 0
vt 0.524508238 0.928559184 0
vt 0.537358463 0.910575688 0
vt 0.547129393 0.870853424 0
vt 0.57461977 0.901173472 0
vt 0.530711293 0.866378963 0
vt 0.477850616 0.8380059 0
vt 0.519450188 0.84405148 0
vt 0.547892511 0.851035237 0
vt 0.565166712 0.876251936 0
vt 0.580448866 0.897344708 0
vt 0.390259355 0.698115528 0
vt 0.374154508 0.707973123 0
vt 0.409098476 0.710552871 0
vt 0.393985093 0.722577751 0
vt 0.38436994 0.706853092 0
vt 0.424535781 0.905731738 0
vt 0.413644999 0.906923056 0
vt 0.415131271 0.888236344 0
vt 0.427449822 0.887948453 0
vt 0.435512096 0.863570809 0
vt 0.442130417 0.835804224 0
vt 0.449118525 0.862425268 0
vt 0.440134108 0.900316358 0
vt 0.416759878 0.863820672 0
vt 0.417078853 0.836562395 0
vt 0.444456905 0.81089139 0
vt 0.44089514 0.78451097 0
vt 0.474050075 0.81251955 0
vt 0.417158693 0.81063199 0
vt 0.414598912 0.784538448 0
vt 0.427061439 0.746630013 0
vt 0.406374186 0.750919223 0
vt 0.394739032 0.907294273 0
vt 0.395809203 0.887252927 0
vt 0.367517054 0.715437412 0
vt 0.374110311 0.731697619 0
vt 0.395492166 0.862381935 0
vt 0.39410609 0.836291432 0
vt 0.393456936 0.812451839 0
vt 0.391772598 0.788865447 0
vt 0.384879112 0.758053064 0
vt 0.321151197 0.899853587 0
vt 0.320070326 0.878492236 0
vt 0.30080533 0.748408258 0
vt 0.305807084 0.766340137 0
vt 0.311324626 0.783822358 0
vt 0.31560722 0.802459002 0
vt 0.299300671 0.806672215 0
vt 0.295687497 0.78704375 0
vt 0.319021851 0.85987407 0
vt 0.31798476 0.842736363 0
vt 0.301792681 0.861150265 0
vt 0.300048113 0.843711853 0
vt 0.317326069 0.822292805 0
vt 0.299619436 0.825046301 0
vt 0.285021693 0.787569046 0
vt 0.288949311 0.809262574 0
vt 0.279730499 0.810395122 0
vt 0.276193917 0.787153006 0
vt 0.292634785 0.862788379 0
vt 0.290837348 0.846019506 0
vt 0.285528749 0.864507318 0
vt 0.283442825 0.848037601 0
vt 0.28992182 0.828088999 0
vt 0.281787157 0.8300035 0
vt 0.228564769 0.868306756 0
vt 0.226694316 0.853279948 0
vt 0.254026294 0.848844647 0
vt 0.256316513 0.86660248 0
vt 0.259230644 0.885482311 0
vt 0.231945097 0.884689927 0
vt 0.20509845 0.88589251 0
vt 0.201639026 0.871510983 0
vt 0.198814183 0.858684897 0
vt 0.226240724 0.833505154 0
vt 0.226208955 0.813286424 0
vt 0.250692964 0.810390949 0
vt 0.252548814 0.8292889 0
vt 0.197287053 0.838779926 0
vt 0.198042452 0.816765547 0
vt 0.224657834 0.795177221 0
vt 0.222474545 0.77920109 0
vt 0.245592475 0.773665071 0
vt 0.2477189 0.791276693 0
vt 0.198196739 0.798568428 0
vt 0.196145505 0.783670127 0
vt 0.234840721 0.904844224 0
vt 0.26082316 0.906217813 0
vt 0.217375904 0.762288094 0
vt 0.242456257 0.756402314 0
vt 0.192241848 0.766481638 0
vt 0.209779918 0.904290617 0
vt 0.278124481 0.90324086 0
vt 0.276843309 0.883748591 0
vt 0.2590096 0.751071811 0
vt 0.260526657 0.768432975 0
vt 0.263903826 0.788598716 0
vt 0.267409414 0.810127378 0
vt 0.270033032 0.829122365 0
vt 0.272047937 0.847937584 0
vt 0.274324536 0.865536094 0
vt 0.130108178 0.797856808 0
vt 0.143384546 0.775851011 0
vt 0.161922932 0.779025316 0
vt 0.158356756 0.798746288 0
vt 0.156713903 0.827969074 0
vt 0.136067212 0.826824069 0
vt 0.121670872 0.837263107 0
vt 0.114848793 0.820946336 0
vt 0.109671831 0.820270479 0
vt 0.114627272 0.805231333 0
vt 0.110325009 0.797515869 0
vt 0.117181361 0.788974404 0
vt 0.116751015 0.77639842 0
vt 0.122328967 0.77574563 0
vt 0.129646063 0.767800093 0
vt 0.170470268 0.920666337 0
vt 0.163268745 0.90973568 0
vt 0.178282738 0.899816275 0
vt 0.183292598 0.913960338 0
vt 0.14806661 0.766075611 0
vt 0.163048625 0.766820014 0
vt 0.134419948 0.761877 0
vt 0.159226447 0.929082036 0
vt 0.154339194 0.922943234 0
vt 0.109371275 0.752646923 0
vt 0.111786038 0.750767231 0
vt 0.11513263 0.754287899 0
vt 0.112354964 0.756379008 0
vt 0.109364122 0.758713126 0
vt 0.10667491 0.754668832 0
vt 0.104346603 0.751552105 0
vt 0.106949747 0.749769807 0
vt 0.109162152 0.747910023 0
vt 0.133734912 0.92814815 0
vt 0.134055942 0.924023271 0
vt 0.140725166 0.91640377 0
vt 0.139334768 0.927665055 0
vt 0.135962397 0.936240673 0
vt 0.131243289 0.935329556 0
vt 0.108156592 0.768323541 0
vt 0.105562568 0.761583924 0
vt 0.113264829 0.766023934 0
vt 0.107533813 0.771546364 0
vt 0.144132316 0.929624736 0
vt 0.146072119 0.915755272 0
vt 0.148417562 0.933005691 0
vt 0.144194961 0.94040972 0
vt 0.140090257 0.937858105 0
vt 0.12504214 0.756161213 0
vt 0.12077406 0.759849548 0
vt 0.118810385 0.751364529 0
vt 0.152235746 0.937225521 0
vt 0.147999227 0.943740129 0
vt 0.117393106 0.762842655 0
vt 0.115146279 0.920649052 0
vt 0.112948328 0.917659163 0
vt 0.117293537 0.914469957 0
vt 0.11986959 0.917646646 0
vt 0.122056097 0.922103405 0
vt 0.117337734 0.924612284 0
vt 0.113349706 0.926570773 0
vt 0.111303002 0.923097312 0
vt 0.10942775 0.92038393 0
vt 0.110651106 0.881848574 0
vt 0.113292277 0.878970385 0
vt 0.124160349 0.876640379 0
vt 0.115496278 0.884919167 0
vt 0.107167155 0.889007211 0
vt 0.104439408 0.885249436 0
vt 0.0960956514 0.821043491 0
vt 0.0903826952 0.818253279 0
vt 0.0909190774 0.813248873 0
vt 0.0988825858 0.814854264 0
vt 0.0978969038 0.824343085 0
vt 0.117988139 0.889243484 0
vt 0.13190943 0.887513876 0
vt 0.130253464 0.897923231 0
vt 0.118678987 0.896067858 0
vt 0.109759212 0.897697449 0
vt 0.10875538 0.892525673 0
vt 0.0962289274 0.799333096 0
vt 0.0987479985 0.796225607 0
vt 0.0991885662 0.804418564 0
vt 0.09093225 0.806438506 0
vt 0.0903732777 0.802432299 0
vt 0.116867989 0.902377605 0
vt 0.109925419 0.903079391 0
vt 0.120735019 0.903251648 0
vt 0.0996142328 0.808730483 0
vt 0.0909876525 0.809271693 0
vt 0.105266064 0.90394032 0
vt 0.104526222 0.898894429 0
vt 0.08600986 0.803451538 0
vt 0.0865653753 0.80710578 0
vt 0.082870841 0.807415247 0
vt 0.0819852352 0.804074287 0
vt 0.101023763 0.904336631 0
vt 0.100042135 0.899753153 0
vt 0.112695336 0.850847542 0
vt 0.123668998 0.850968361 0
vt 0.13114199 0.859133244 0
vt 0.115561008 0.85806936 0
vt 0.104726911 0.858373284 0
vt 0.102764577 0.852517605 0
vt 0.0998083353 0.845770121 0
vt 0.10851261 0.84201026 0
vt 0.115765929 0.863156974 0
vt 0.128620625 0.871841908 0
vt 0.11386317 0.870455623 0
vt 0.104138464 0.868787169 0
vt 0.105036259 0.862620592 0
vt 0.0969851911 0.8285743 0
vt 0.10275051 0.831998229 0
vt 0.0957097113 0.838669777 0
vt 0.0927870572 0.834882379 0
vt 0.10965085 0.876722693 0
vt 0.102322191 0.874927461 0
vt 0.105093628 0.835617781 0
vt 0.0972618163 0.841301441 0
vt 0.0986662209 0.862594128 0
vt 0.0983267725 0.858911216 0
vt 0.0982430577 0.868194878 0
vt 0.0933650434 0.867658019 0
vt 0.0935579836 0.862747014 0
vt 0.0934443772 0.85962081 0
vt 0.118954062 0.906705678 0
vt 0.124252111 0.908453405 0
vt 0.113778323 0.911589384 0
vt 0.0982729197 0.792824507 0
vt 0.0938339233 0.788775086 0
vt 0.0954688489 0.784695268 0
vt 0.102208585 0.788386941 0
vt 0.127884746 0.912261128 0
vt 0.138152301 0.902996063 0
vt 0.130099446 0.918225586 0
vt 0.104206711 0.773633003 0
vt 0.105213434 0.77904886 0
vt 0.0973184407 0.778538585 0
vt 0.097995311 0.774755239 0
vt 0.130040348 0.924333155 0
vt 0.123467654 0.926930904 0
vt 0.104406416 0.783348918 0
vt 0.0965369344 0.781307101 0
vt 0.126224697 0.964193642 0
vt 0.124755383 0.963507354 0
vt 0.127750635 0.956200123 0
vt 0.130020916 0.95726943 0
vt 0.132446945 0.958476305 0
vt 0.127815455 0.964938998 0
vt 0.124988049 0.968600869 0
vt 0.123335779 0.969397545 0
vt 0.123177379 0.967722058 0
vt 0.0735174716 0.860174656 0
vt 0.0731184483 0.857854724 0
vt 0.0794381499 0.854827702 0
vt 0.0802076459 0.858438134 0
vt 0.0806491971 0.861362934 0
vt 0.0737343729 0.862044573 0
vt 0.0699998438 0.862253666 0
vt 0.0684175789 0.861621976 0
vt 0.0696200132 0.859753966 0
vt 0.0739441216 0.775773585 0
vt 0.0741314888 0.774753749 0
vt 0.0799848735 0.775451601 0
vt 0.0796972215 0.776959956 0
vt 0.0788887739 0.778705955 0
vt 0.07335186 0.776922524 0
vt 0.070212394 0.775865257 0
vt 0.0695276558 0.77492553 0
vt 0.0707095265 0.774495721 0
vt 0.0919134021 0.737559795 0
vt 0.093783021 0.736913621 0
vt 0.09828794 0.742960513 0
vt 0.0956382155 0.744080544 0
vt 0.123010844 0.962726891 0
vt 0.125131756 0.955108047 0
vt 0.121857405 0.968978882 0
vt 0.089261502 0.73202759 0
vt 0.0910901725 0.733171821 0
vt 0.0972040296 0.8741678 0
vt 0.0889380574 0.838284254 0
vt 0.0916106701 0.841816664 0
vt 0.0880256593 0.844118536 0
vt 0.0852368176 0.84103632 0
vt 0.0927459598 0.873196483 0
vt 0.0866090953 0.809452653 0
vt 0.0864967108 0.812831283 0
vt 0.0827201307 0.812737703 0
vt 0.0830048621 0.809619188 0
vt 0.119175613 0.928994417 0
vt 0.0937548578 0.774445891 0
vt 0.0931723714 0.777914524 0
vt 0.0897805393 0.777201295 0
vt 0.0900193751 0.773921967 0
vt 0.11527133 0.930503845 0
vt 0.0928747654 0.844072342 0
vt 0.0946986079 0.847977579 0
vt 0.0906694829 0.849847436 0
vt 0.0892150402 0.846194506 0
vt 0.0925185084 0.780239046 0
vt 0.091576159 0.783124387 0
vt 0.0882555246 0.782033145 0
vt 0.0892561078 0.779407263 0
vt 0.102966815 0.757302999 0
vt 0.129332215 0.940074563 0
vt 0.133698642 0.941382527 0
vt 0.13202852 0.945476532 0
vt 0.128012568 0.944180131 0
vt 0.100672603 0.753773689 0
vt 0.0860530138 0.817452431 0
vt 0.100080967 0.88713491 0
vt 0.102105319 0.890972853 0
vt 0.0979464352 0.892725945 0
vt 0.0963301659 0.889132619 0
vt 0.0820501447 0.817056358 0
vt 0.137513697 0.942975163 0
vt 0.141391754 0.945203543 0
vt 0.138970762 0.948868871 0
vt 0.135437965 0.946944118 0
vt 0.0969722867 0.853845358 0
vt 0.0923686028 0.855213761 0
vt 0.103387326 0.894235373 0
vt 0.098903209 0.895643115 0
vt 0.0901048481 0.786919415 0
vt 0.110027909 0.914551616 0
vt 0.106921554 0.9174124 0
vt 0.0866562724 0.785510182 0
vt 0.145203471 0.948090255 0
vt 0.115015507 0.747815132 0
vt 0.111878961 0.74486649 0
vt 0.142586112 0.951460838 0
vt 0.0890736878 0.729658902 0
vt 0.0908915102 0.731594443 0
vt 0.122305095 0.97134757 0
vt 0.124704361 0.970415831 0
vt 0.0915424228 0.730233192 0
vt 0.0925086141 0.732112527 0
vt 0.0595002174 0.811558247 0
vt 0.0615103543 0.811211169 0
vt 0.0623863637 0.812009811 0
vt 0.0608054698 0.812769115 0
vt 0.0754325688 0.902899683 0
vt 0.0764441788 0.901291132 0
vt 0.0779625475 0.901309013 0
vt 0.0771720111 0.902272463 0
vt 0.0784191191 0.903061986 0
vt 0.0771883726 0.904093444 0
vt 0.0609203577 0.810244262 0
vt 0.0625171363 0.810474396 0
vt 0.066252172 0.861172557 0
vt 0.0682153702 0.859454393 0
vt 0.0666425824 0.862899423 0
vt 0.0687434375 0.86286813 0
vt 0.0697571933 0.864215493 0
vt 0.0680540204 0.864906192 0
vt 0.0670625269 0.858934283 0
vt 0.068903327 0.858134389 0
vt 0.0675510466 0.774627805 0
vt 0.0685484111 0.776061833 0
vt 0.0900388956 0.936348081 0
vt 0.0906237662 0.934457421 0
vt 0.0921232402 0.934104085 0
vt 0.0915950537 0.935332179 0
vt 0.0931034982 0.935651302 0
vt 0.0921551287 0.936923623 0
vt 0.0692775548 0.773804307 0
vt 0.0736867487 0.863301516 0
vt 0.0806539357 0.86335355 0
vt 0.0805688798 0.866427302 0
vt 0.0735630095 0.865264356 0
vt 0.129538804 0.965975881 0
vt 0.134971619 0.960047007 0
vt 0.0968624353 0.733587027 0
vt 0.102983475 0.738172948 0
vt 0.101576746 0.740481198 0
vt 0.0960255563 0.73524487 0
vt 0.0732550621 0.867688298 0
vt 0.0803700984 0.869997382 0
vt 0.0703623593 0.854417682 0
vt 0.0755495131 0.849305868 0
vt 0.0777951479 0.850950956 0
vt 0.0720351338 0.855314016 0
vt 0.0950803459 0.736205518 0
vt 0.10015738 0.741858602 0
vt 0.0726371408 0.856202006 0
vt 0.0786561668 0.852311313 0
vt 0.065068841 0.814056039 0
vt 0.0656730831 0.8121472 0
vt 0.0716784596 0.812304735 0
vt 0.0709382594 0.815147281 0
vt 0.0801873207 0.898366332 0
vt 0.0858127475 0.895174503 0
vt 0.0868135691 0.897554457 0
vt 0.0809949934 0.899937987 0
vt 0.0723448694 0.77835232 0
vt 0.0775501132 0.78088361 0
vt 0.0937763751 0.930487752 0
vt 0.098588258 0.925753832 0
vt 0.10014981 0.927804232 0
vt 0.0948701203 0.931846559 0
vt 0.0814003944 0.901139736 0
vt 0.0873935819 0.899405241 0
vt 0.0881339908 0.901939511 0
vt 0.081861645 0.902812779 0
vt 0.095661968 0.932978034 0
vt 0.101330638 0.929575503 0
vt 0.102713943 0.931747854 0
vt 0.0965811908 0.93438828 0
vt 0.0822030604 0.904857874 0
vt 0.088858366 0.904862761 0
vt 0.0650615096 0.80832684 0
vt 0.0708838105 0.806510806 0
vt 0.0718659759 0.808632553 0
vt 0.0658573508 0.809710264 0
vt 0.0974551141 0.936132193 0
vt 0.104095697 0.934247375 0
vt 0.0738287866 0.773285151 0
vt 0.0797452331 0.773277998 0
vt 0.0659521222 0.810724854 0
vt 0.0720131099 0.810150623 0
vt 0.0843986273 0.848911405 0
vt 0.0833205283 0.847131968 0
vt 0.0855076313 0.852120399 0
vt 0.087015301 0.871814787 0
vt 0.0873488486 0.867148221 0
vt 0.0806333125 0.844750166 0
vt 0.0875148177 0.86310041 0
vt 0.0875005424 0.860499978 0
vt 0.0867202878 0.856729865 0
vt 0.0780039132 0.80979687 0
vt 0.0778274536 0.807859063 0
vt 0.0776427984 0.812554955 0
vt 0.0953580737 0.904646158 0
vt 0.0943952203 0.900834024 0
vt 0.0767447948 0.805062771 0
vt 0.0934421718 0.897465229 0
vt 0.0927206576 0.895029724 0
vt 0.0768088698 0.81624198 0
vt 0.0913878381 0.891936362 0
vt 0.110153198 0.932316244 0
vt 0.108417213 0.929034948 0
vt 0.0852511525 0.773489594 0
vt 0.0853403211 0.776311815 0
vt 0.10667336 0.926148832 0
vt 0.105156451 0.923834085 0
vt 0.0823896527 0.783402562 0
vt 0.083984226 0.780517817 0
vt 0.103024274 0.921246529 0
vt 0.0849474967 0.778244615 0
vt 0.104024559 0.746306181 0
vt 0.10588941 0.744607091 0
vt 0.101693302 0.747783542 0
vt 0.139293671 0.955373883 0
vt 0.136136174 0.953172684 0
vt 0.107933819 0.741783381 0
vt 0.0983859003 0.749429584 0
vt 0.126644462 0.949024677 0
vt 0.130117089 0.950212657 0
vt 0.133060664 0.95153749 0
vt 0.138859391 0.853087425 0
vt 0.138558656 0.853980184 0
vt 0.135823488 0.852950454 0
vt 0.138159007 0.849907815 0
vt 0.141587317 0.849803567 0
vt 0.139806122 0.852811933 0
vt 0.139404088 0.853828073 0
vt 0.139278919 0.853923202 0
vt 0.139269978 0.854044914 0
vt 0.137932599 0.842145681 0
vt 0.130573958 0.847293377 0
vt 0.146046638 0.842847228 0
vt 0.131728023 0.854069769 0
vt 0.137060583 0.857382178 0
vt 0.137023836 0.854920387 0
vt 0.138600975 0.85573256 0
vt 0.139358163 0.854053378 0
vt 0.139362097 0.854051471 0
vt 0.139620811 0.854096711 0
vt 0.139470488 0.854158759 0
vt 0.139339447 0.854121804 0
vt 0.139354527 0.854052424 0
vt 0.139353812 0.854050577 0
vt 0.139353812 0.854050696 0
vt 0.139354348 0.854051054 0
vt 0.140576959 0.853445649 0
vt 0.143309891 0.852466941 0
vt 0.14296636 0.854843557 0
vt 0.140559375 0.854232192 0
vt 0.139603466 0.853909969 0
vt 0.139895409 0.854673266 0
vt 0.140942574 0.856111169 0
vt 0.139169127 0.854552269 0
vt 0.138846844 0.854350626 0
vt 0.139302403 0.854085147 0
vt 0.139353663 0.854050577 0
vt 0.139353663 0.854050696 0
vt 0.139353365 0.854050398 0
vt 0.139353544 0.854050398 0
vt 0.139352798 0.854051709 0
vt 0.139351577 0.854050696 0
vt 0.139350593 0.854048014 0
vt 0.139353245 0.854044795 0
vt 0.139359891 0.85404563 0
vt 0.185174108 0.876067698 0
vt 0.179795086 0.862123609 0
vt 0.189469159 0.891540885 0
vt 0.170205772 0.882268429 0
vt 0.162231296 0.862487435 0
vt 0.19455409 0.90810585 0
vt 0.17628479 0.767248452 0
vt 0.177235454 0.782537699 0
vt 0.177762121 0.79924351 0
vt 0.17626518 0.820821643 0
vt 0.176355213 0.843012929 0
vt 0.162038863 0.846597075 0
vt 0.142831415 0.859030128 0
vt 0.148926079 0.856830835 0
vt 0.145020396 0.867574453 0
vt 0.146699518 0.891264439 0
vt 0.150203407 0.84991473 0
vt 0.336119831 0.51214838 0
vt 0.374353647 0.490761369 0
vt 0.292405844 0.520821571 0
vt 0.274088502 0.482899487 0
vt 0.312647551 0.475055993 0
vt 0.348252952 0.459804356 0
vt 0.319741994 0.338307887 0
vt 0.334469974 0.319332182 0
vt 0.34636119 0.331245303 0
vt 0.336361706 0.352390587 0
vt 0.326590598 0.367464304 0
vt 0.307409227 0.351249516 0
vt 0.299864352 0.34407413 0
vt 0.31229955 0.330394655 0
vt 0.328290403 0.312490225 0
vt 0.244929701 0.406871498 0
vt 0.270305037 0.384920359 0
vt 0.287887722 0.398901582 0
vt 0.260076582 0.416236013 0
vt 0.236244768 0.429292262 0
vt 0.226241767 0.420657247 0
vt 0.220848888 0.416552961 0
vt 0.237742871 0.401798189 0
vt 0.263450384 0.376891971 0
vt 0.290145934 0.367355883 0
vt 0.308930755 0.383917153 0
vt 0.283287704 0.359269589 0
vt 0.41837126 0.415208101 0
vt 0.41298309 0.38208735 0
vt 0.413593322 0.446128726 0
vt 0.386327326 0.424721211 0
vt 0.389255643 0.399959505 0
vt 0.388394147 0.369947612 0
vt 0.39656806 0.470105469 0
vt 0.370984942 0.445351988 0
vt 0.285696805 0.441518962 0
vt 0.318387389 0.428272992 0
vt 0.253760666 0.45144856 0
vt 0.340881646 0.414563775 0
vt 0.356912971 0.396214783 0
vt 0.227985978 0.458971471 0
vt 0.240839511 0.486658156 0
vt 0.208616972 0.493714362 0
vt 0.203634053 0.467915356 0
vt 0.200310767 0.448397338 0
vt 0.217880577 0.43850404 0
vt 0.361703604 0.37648958 0
vt 0.36550957 0.351020873 0
vt 0.175592363 0.447170943 0
vt 0.199458182 0.436692834 0
vt 0.177542001 0.460896492 0
vt 0.358609915 0.292062551 0
vt 0.36690408 0.303224385 0
vt 0.35197553 0.28578192 0
vt 0.172993273 0.439207435 0
vt 0.197246194 0.429035902 0
vt 0.181073636 0.482998639 0
vt 0.184732556 0.507788122 0
vt 0.378093958 0.321330935 0
vt 0.392721146 0.339709401 0
vt 0.183541954 0.528890491 0
vt 0.209357113 0.520756006 0
vt 0.205867261 0.541480422 0
vt 0.179994673 0.540739715 0
vt 0.407862037 0.353257328 0
vt 0.420660585 0.357462466 0
vt 0.185464203 0.387867481 0
vt 0.199756414 0.378039062 0
vt 0.209899664 0.398559153 0
vt 0.197136283 0.407250017 0
vt 0.18139863 0.412875652 0
vt 0.168961555 0.39447999 0
vt 0.154878527 0.370574236 0
vt 0.170670956 0.362378031 0
vt 0.185935467 0.352462411 0
vt 0.21369192 0.427671671 0
vt 0.210983992 0.421805263 0
vt 0.12525478 0.365212381 0
vt 0.140441328 0.35197252 0
vt 0.135084599 0.379769981 0
vt 0.270021141 0.25060612 0
vt 0.28558439 0.259501159 0
vt 0.273623765 0.277595073 0
vt 0.259971708 0.266387939 0
vt 0.25001806 0.254433244 0
vt 0.258815855 0.241318852 0
vt 0.115024388 0.355053931 0
vt 0.126240462 0.34026891 0
vt 0.281193256 0.298246145 0
vt 0.293578923 0.285298735 0
vt 0.311641395 0.29147166 0
vt 0.297618985 0.306142211 0
vt 0.284837246 0.320316881 0
vt 0.269836783 0.309656858 0
vt 0.255695522 0.299384356 0
vt 0.26442337 0.289633602 0
vt 0.147019625 0.399891317 0
vt 0.158797443 0.418792069 0
vt 0.308516592 0.266091287 0
vt 0.330368757 0.271826059 0
vt 0.220937937 0.358656585 0
vt 0.242182672 0.338909149 0
vt 0.252589762 0.35450241 0
vt 0.229588121 0.379268408 0
vt 0.209620267 0.336592138 0
vt 0.231420398 0.323455542 0
vt 0.255932957 0.324223757 0
vt 0.268631876 0.337209404 0
vt 0.243957132 0.311805516 0
vt 0.277675122 0.349347293 0
vt 0.294938475 0.332818389 0
vt 0.25915131 0.367576152 0
vt 0.233852208 0.393350869 0
vt 0.21623531 0.410213888 0
vt 0.167772919 0.430419147 0
vt 0.191013455 0.42221719 0
vt 0.343685687 0.278332442 0
vt 0.32205078 0.301417828 0
vt 0.307230443 0.317495644 0
vt 0.205602944 0.416556627 0
vt 0.241165817 0.570379555 0
vt 0.249878362 0.546854854 0
vt 0.278681219 0.596088469 0
vt 0.25763002 0.61851579 0
vt 0.228900969 0.589492023 0
vt 0.200738579 0.5726583 0
vt 0.204733402 0.557391822 0
vt 0.249567091 0.518829942 0
vt 0.425027132 0.347350061 0
vt 0.429654837 0.335067093 0
vt 0.181150198 0.550765216 0
vt 0.179235637 0.563507676 0
vt 0.180294245 0.289327741 0
vt 0.203181475 0.278866917 0
vt 0.209410608 0.291694403 0
vt 0.185466617 0.301068366 0
vt 0.158180505 0.312763542 0
vt 0.152609289 0.301336646 0
vt 0.146779507 0.287170112 0
vt 0.174250603 0.276980191 0
vt 0.196614802 0.267741412 0
vt 0.196732402 0.317254066 0
vt 0.219925612 0.30798918 0
vt 0.171049297 0.330277294 0
vt 0.233506918 0.298232555 0
vt 0.245352224 0.28657943 0
vt 0.224183261 0.283588171 0
vt 0.236687779 0.273100913 0
vt 0.155005723 0.34098056 0
vt 0.140226871 0.32600075 0
vt 0.253105283 0.277227432 0
vt 0.244237185 0.263834804 0
vt 0.114304125 0.283782423 0
vt 0.136384696 0.266409338 0
vt 0.125549972 0.305151671 0
vt 0.107117176 0.326480925 0
vt 0.0989192724 0.309056938 0
vt 0.0835537612 0.284713596 0
vt 0.102277756 0.261304736 0
vt 0.123486042 0.237867266 0
vt 0.217230529 0.271895468 0
vt 0.228980094 0.263139606 0
vt 0.209919035 0.262747467 0
vt 0.221427321 0.255772263 0
vt 0.131881922 0.31683141 0
vt 0.114930838 0.334340632 0
vt 0.235509843 0.254624307 0
vt 0.240237325 0.246443599 0
vt 0.22820875 0.247983843 0
vt 0.232593536 0.240276873 0
vt 0.103865921 0.350178242 0
vt 0.248869851 0.234419793 0
vt 0.240579009 0.227364331 0
vt 0.0949739516 0.3439309 0
vt 0.146065652 0.221343726 0
vt 0.164070785 0.226535499 0
vt 0.17497462 0.243328989 0
vt 0.153835297 0.242626369 0
vt 0.12390846 0.213575274 0
vt 0.128511161 0.206641108 0
vt 0.132393748 0.190903008 0
vt 0.148549467 0.204485625 0
vt 0.159019977 0.213923395 0
vt 0.219394416 0.240323573 0
vt 0.224258691 0.231600434 0
vt 0.211851031 0.247491717 0
vt 0.199897647 0.235163152 0
vt 0.207522124 0.228037149 0
vt 0.212084889 0.218417883 0
vt 0.0885576308 0.330240786 0
vt 0.23091042 0.215617776 0
vt 0.217758924 0.200665623 0
vt 0.0783827901 0.312981725 0
vt 0.164151043 0.26118809 0
vt 0.186565906 0.256815374 0
vt 0.200095743 0.253702432 0
vt 0.188222498 0.241217226 0
vt 0.161593944 0.193597198 0
vt 0.177432567 0.199697793 0
vt 0.176467448 0.20850718 0
vt 0.166621685 0.209037423 0
vt 0.14552471 0.176788896 0
vt 0.162791312 0.168200791 0
vt 0.174016386 0.184022516 0
vt 0.182354897 0.194158018 0
vt 0.175802559 0.224568188 0
vt 0.186093569 0.218389362 0
vt 0.0373189449 0.219872922 0
vt 0.0365617573 0.210804194 0
vt 0.0476077497 0.215632677 0
vt 0.0483259857 0.226281226 0
vt 0.0417720377 0.232927293 0
vt 0.0318429172 0.22583738 0
vt 0.0248266757 0.219825566 0
vt 0.0272016525 0.214036137 0
vt 0.028737694 0.208253682 0
vt 0.192917168 0.211226314 0
vt 0.196169943 0.201280832 0
vt 0.05973351 0.298918486 0
vt 0.0594330132 0.278314173 0
vt 0.202383429 0.183974385 0
vt 0.191855192 0.182878554 0
vt 0.181099564 0.164767981 0
vt 0.130643517 0.162458032 0
vt 0.153941631 0.155415654 0
vt 0.118278682 0.182049394 0
vt 0.103680789 0.178948253 0
vt 0.107579291 0.164454967 0
vt 0.113178074 0.148623526 0
vt 0.131335586 0.146543115 0
vt 0.147931546 0.143580556 0
vt 0.0184490979 0.226214558 0
vt 0.0263658762 0.235669017 0
vt 0.141518474 0.107009053 0
vt 0.148890704 0.11763832 0
vt 0.133036435 0.115298212 0
vt 0.129365563 0.108729005 0
vt 0.127887994 0.105895668 0
vt 0.13378796 0.101355344 0
vt 0.0142536461 0.217559069 0
vt 0.116906255 0.197760642 0
vt 0.112322778 0.204297245 0
vt 0.106951505 0.221892595 0
vt 0.0992224216 0.208108902 0
vt 0.105268449 0.194170237 0
vt 0.106344491 0.192692012 0
vt 0.0156240463 0.207499444 0
vt 0.0208360553 0.200449914 0
vt 0.123517871 0.0986167789 0
vt 0.123965681 0.106307864 0
vt 0.120694786 0.10619697 0
vt 0.115159273 0.102717906 0
vt 0.124327719 0.108588994 0
vt 0.125212967 0.114068061 0
vt 0.118466973 0.114893585 0
vt 0.120039374 0.108519018 0
vt 0.0691427588 0.155744523 0
vt 0.0776978135 0.153559119 0
vt 0.0785404146 0.164463013 0
vt 0.0736348629 0.167940378 0
vt 0.0680015087 0.171031773 0
vt 0.0614641309 0.162776381 0
vt 0.0624243319 0.167811245 0
vt 0.0664895475 0.159207821 0
vt 0.0693125725 0.164962977 0
vt 0.068990469 0.168597311 0
vt 0.0683607757 0.171296716 0
vt 0.0648178756 0.175626338 0
vt 0.0944424272 0.141356498 0
vt 0.0927980244 0.157435119 0
vt 0.0783775747 0.161669523 0
vt 0.0829420984 0.148614794 0
vt 0.061214149 0.199136555 0
vt 0.0591962636 0.184345543 0
vt 0.0723063052 0.191967636 0
vt 0.0752683878 0.207147866 0
vt 0.0767972767 0.224938422 0
vt 0.0619242787 0.207503378 0
vt 0.0962526798 0.136128873 0
vt 0.0544007719 0.205568105 0
vt 0.0616499782 0.221255422 0
vt 0.0408834815 0.201522142 0
vt 0.10064441 0.133121789 0
vt 0.105788797 0.119886965 0
vt 0.116945893 0.130028546 0
vt 0.0688789487 0.180984348 0
vt 0.0701465011 0.1721102 0
vt 0.0753688812 0.174147129 0
vt 0.0790480971 0.185405165 0
vt 0.0839263797 0.158291399 0
vt 0.0916157663 0.167688191 0
vt 0.0872703791 0.182038337 0
vt 0.0826114416 0.171313494 0
vt 0.0709917247 0.1684241 0
vt 0.0719983578 0.16403836 0
vt 0.0758136809 0.168317556 0
vt 0.0773712099 0.178732008 0
vt 0.0813209713 0.19041875 0
vt 0.0693687499 0.1801112 0
vt 0.0909514725 0.244149327 0
vt 0.0727615654 0.262521893 0
vt 0.0630325377 0.251803607 0
vt 0.0737886131 0.242243767 0
vt 0.0901090503 0.221528232 0
vt 0.0545932651 0.265386999 0
vt 0.172480166 0.15303871 0
vt 0.165174574 0.14320457 0
vt 0.0475938022 0.255522519 0
vt 0.0289374292 0.199762762 0
vt 0.109686971 0.108355939 0
vt 0.127873033 0.127134204 0
vt 0.139432579 0.128430337 0
vt 0.0371003151 0.245481491 0
vt 0.0526009798 0.24166292 0
vt 0.156704277 0.130886078 0
vt 0.0604449809 0.234454215 0
vt 0.0859403908 0.203968614 0
vt 0.0927154422 0.194533437 0
vt 0.0877840519 0.167659819 0
vt 0.0871787071 0.176487893 0
vt 0.0926529765 0.188544154 0
vt 0.0986830294 0.180695355 0
vt 0.0726643801 0.153431773 0
vt 0.0590947866 0.172056496 0
vt 0.579711437 0.874403894 0
vt 0.589343607 0.89368844 0
vt 0.569580257 0.848698318 0
vt 0.586207986 0.843783617 0
vt 0.59172678 0.870764673 0
vt 0.599265099 0.891110897 0
vt 0.553849995 0.753790438 0
vt 0.517157316 0.785615146 0
vt 0.591441751 0.7271806 0
vt 0.597488642 0.736218095 0
vt 0.56881845 0.758493185 0
vt 0.542539716 0.787118196 0
vt 0.506240547 0.815717995 0
vt 0.537878811 0.818955839 0
vt 0.60076195 0.869198084 0
vt 0.606936812 0.888705492 0
vt 0.597269118 0.842527866 0
vt 0.610758483 0.841814876 0
vt 0.612470806 0.866383791 0
vt 0.616878331 0.884353518 0
vt 0.565031767 0.818553984 0
vt 0.570274472 0.79137826 0
vt 0.593534708 0.794764042 0
vt 0.586933672 0.816938937 0
vt 0.58759892 0.767879725 0
vt 0.6072824 0.748549223 0
vt 0.61825639 0.759143531 0
vt 0.605219066 0.7760185 0
vt 0.796251893 0.898047268 0
vt 0.786467791 0.906313181 0
vt 0.784979939 0.893903375 0
vt 0.790413201 0.887588441 0
vt 0.793582022 0.881468892 0
vt 0.801206112 0.885080814 0
vt 0.814047098 0.889009237 0
vt 0.804422259 0.909352899 0
vt 0.788062394 0.922421217 0
vt 0.599780202 0.816881597 0
vt 0.606487453 0.796051204 0
vt 0.619631648 0.7988801 0
vt 0.613649249 0.818163335 0
vt 0.615816176 0.779717684 0
vt 0.625708759 0.764861941 0
vt 0.634879827 0.770092368 0
vt 0.627301335 0.784056842 0
vt 0.496728271 0.899591088 0
vt 0.479928076 0.921833992 0
vt 0.459603131 0.897401214 0
vt 0.468298435 0.872579336 0
vt 0.487427682 0.864020407 0
vt 0.513380766 0.879918218 0
vt 0.47147581 0.930526495 0
vt 0.467001319 0.936823547 0
vt 0.447335362 0.894444108 0
vt 0.521704733 0.870144367 0
vt 0.483106613 0.849979818 0
vt 0.455794334 0.862866759 0
vt 0.285543621 0.624120474 0
vt 0.274707824 0.630609989 0
vt 0.271858007 0.621430457 0
vt 0.279069364 0.613015532 0
vt 0.292820573 0.6078282 0
vt 0.301044166 0.616299033 0
vt 0.303758502 0.626378179 0
vt 0.292395353 0.63333708 0
vt 0.282238066 0.6361624 0
vt 0.278173208 0.605182469 0
vt 0.299589157 0.597225845 0
vt 0.262980849 0.620102823 0
vt 0.316947192 0.608498454 0
vt 0.317319095 0.626823187 0
vt 0.298280358 0.637770653 0
vt 0.302677155 0.640811563 0
vt 0.276444167 0.650146842 0
vt 0.279688269 0.643233895 0
vt 0.269486159 0.633539557 0
vt 0.266699851 0.635245442 0
vt 0.301262021 0.66406554 0
vt 0.287318349 0.664612234 0
vt 0.289190233 0.657328784 0
vt 0.298676014 0.653401911 0
vt 0.314269215 0.65238905 0
vt 0.321910173 0.66342628 0
vt 0.32331115 0.675464332 0
vt 0.305984795 0.677089334 0
vt 0.291091442 0.673770726 0
vt 0.30016464 0.646021307 0
vt 0.3244358 0.644214392 0
vt 0.282413185 0.654144049 0
vt 0.341813147 0.664120078 0
vt 0.339445621 0.683569968 0
vt 0.313165545 0.683207154 0
vt 0.320306182 0.687264204 0
vt 0.279369354 0.683255911 0
vt 0.285342127 0.676973641 0
vt 0.2807827 0.664584935 0
vt 0.276404202 0.665097177 0
vt 0.798943818 0.868143559 0
vt 0.788443923 0.871610463 0
vt 0.777519464 0.856188178 0
vt 0.788765848 0.84839046 0
vt 0.804084659 0.840123713 0
vt 0.813812852 0.865529716 0
vt 0.64866823 0.79064554 0
vt 0.643221796 0.804658651 0
vt 0.621703506 0.797267973 0
vt 0.653198123 0.776454449 0
vt 0.677036643 0.779393435 0
vt 0.674773395 0.794460773 0
vt 0.670662761 0.808876991 0
vt 0.632391512 0.861737967 0
vt 0.633772731 0.878375888 0
vt 0.634030282 0.840536416 0
vt 0.660167038 0.840289354 0
vt 0.655360878 0.858805418 0
vt 0.653633595 0.87509501 0
vt 0.63809073 0.820977688 0
vt 0.620804012 0.799167216 0
vt 0.665611446 0.823652565 0
vt 0.772724509 0.905972958 0
vt 0.770712256 0.924093485 0
vt 0.750477791 0.918351233 0
vt 0.756407022 0.898370504 0
vt 0.763519526 0.878353119 0
vt 0.777001321 0.887845278 0
vt 0.782195687 0.877428591 0
vt 0.770207167 0.865267396 0
vt 0.68979919 0.824766815 0
vt 0.683281779 0.840290487 0
vt 0.695206881 0.810172498 0
vt 0.715041041 0.812790751 0
vt 0.709750056 0.827276289 0
vt 0.703155756 0.84219712 0
vt 0.7266258 0.83316052 0
vt 0.720240533 0.847388148 0
vt 0.73121357 0.819958806 0
vt 0.74614048 0.829803228 0
vt 0.741181254 0.841490507 0
vt 0.735304594 0.855205774 0
vt 0.755753875 0.852467299 0
vt 0.749361515 0.866416991 0
vt 0.762285471 0.841596961 0
vt 0.675930738 0.857974708 0
vt 0.671015084 0.875740409 0
vt 0.693856597 0.859965324 0
vt 0.685267448 0.879464924 0
vt 0.709834516 0.865769506 0
vt 0.698434949 0.886226058 0
vt 0.725242376 0.874661744 0
vt 0.713310122 0.896128058 0
vt 0.740499854 0.886750638 0
vt 0.730893254 0.907902122 0
vt 0.699451149 0.795112371 0
vt 0.701723337 0.778630853 0
vt 0.724141359 0.779758751 0
vt 0.71983856 0.797356367 0
vt 0.736902714 0.804790854 0
vt 0.74464196 0.785870075 0
vt 0.766849339 0.798144579 0
vt 0.754443288 0.816122055 0
vt 0.772802114 0.830554605 0
vt 0.787646651 0.817151368 0
vt 0.957339764 0.269453436 0
vt 0.937584102 0.279794067 0
vt 0.971254408 0.260151386 0
vt 0.877149343 0.308415204 0
vt 0.897814155 0.300594509 0
vt 0.917671144 0.290122896 0
vt 0.975903392 0.25422892 0
vt 0.539065778 0.0644848645 0
vt 0.539065778 0.0466023088 0
vt 0.539065778 0.0644848943 0
vt 0.539065778 0.08236745 0
vt 0.713122368 0.58744514 0
vt 0.712917686 0.582989693 0
vt 0.714722812 0.584537089 0
vt 0.715687096 0.587896407 0
vt 0.715687096 0.59355557 0
vt 0.713105261 0.593167722 0
vt 0.710197508 0.593105078 0
vt 0.710269988 0.587336838 0
vt 0.710983872 0.584096193 0
vt 0.724086523 0.587255359 0
vt 0.723879039 0.582989693 0
vt 0.725687146 0.58446759 0
vt 0.726653337 0.587688208 0
vt 0.726653337 0.593143582 0
vt 0.724069953 0.5927701 0
vt 0.721164465 0.592685163 0
vt 0.721236229 0.587126613 0
vt 0.721947789 0.584028304 0
vt 0.67201829 0.603761554 0
vt 0.678738713 0.603675067 0
vt 0.677013159 0.611915469 0
vt 0.672419071 0.614830017 0
vt 0.668277383 0.612481415 0
vt 0.666082978 0.604324102 0
vt 0.666124225 0.590935111 0
vt 0.672099948 0.590508044 0
vt 0.678946137 0.590533614 0
vt 0.684885204 0.603257656 0
vt 0.69160378 0.603142858 0
vt 0.689875543 0.610930383 0
vt 0.685282052 0.613717794 0
vt 0.681137502 0.611465335 0
vt 0.678946137 0.603757381 0
vt 0.678980947 0.590918303 0
vt 0.684959292 0.590544581 0
vt 0.691802979 0.590537608 0
vt 0.730119765 0.601554394 0
vt 0.73022908 0.589295626 0
vt 0.734090805 0.590023041 0
vt 0.73414439 0.602337718 0
vt 0.712164819 0.620488524 0
vt 0.713735104 0.62119633 0
vt 0.712902009 0.624335825 0
vt 0.711491823 0.624759912 0
vt 0.730377138 0.610968113 0
vt 0.727275968 0.607428133 0
vt 0.725875854 0.600053728 0
vt 0.726107597 0.587759733 0
vt 0.685546339 0.579820156 0
vt 0.69035238 0.579841971 0
vt 0.681344032 0.580059528 0
vt 0.683784783 0.574608684 0
vt 0.686263204 0.57257843 0
vt 0.688738227 0.574485421 0
vt 0.726641595 0.608583152 0
vt 0.727216661 0.604195595 0
vt 0.728622377 0.604925156 0
vt 0.728718758 0.608065546 0
vt 0.72888422 0.613071322 0
vt 0.726822078 0.613623381 0
vt 0.719731867 0.625575066 0
vt 0.72178638 0.612747073 0
vt 0.725875854 0.612129807 0
vt 0.724043965 0.624899626 0
vt 0.722880006 0.632879257 0
vt 0.719310224 0.636083007 0
vt 0.712748885 0.598023832 0
vt 0.710705757 0.597989202 0
vt 0.714565277 0.598290324 0
vt 0.713428915 0.600685954 0
vt 0.712324977 0.601391315 0
vt 0.711305201 0.600513101 0
vt 0.696112752 0.616894484 0
vt 0.695444942 0.62391746 0
vt 0.691891372 0.62391746 0
vt 0.691802979 0.618358254 0
vt 0.697679102 0.603810608 0
vt 0.699211419 0.605024099 0
vt 0.697984695 0.60668844 0
vt 0.696570694 0.605881631 0
vt 0.713076353 0.6305902 0
vt 0.710824609 0.626227379 0
vt 0.714884281 0.62349999 0
vt 0.717371702 0.626863599 0
vt 0.673253119 0.619114637 0
vt 0.678946137 0.615094185 0
vt 0.696003735 0.610488057 0
vt 0.698087573 0.609995067 0
vt 0.698269427 0.615248799 0
vt 0.696198642 0.615774632 0
vt 0.731848776 0.605927467 0
vt 0.731637239 0.61120528 0
vt 0.729834855 0.611609757 0
vt 0.729959607 0.606377721 0
vt 0.713000417 0.615386963 0
vt 0.717371702 0.615402102 0
vt 0.72185427 0.602234125 0
vt 0.72201252 0.589490414 0
vt 0.725871265 0.590176404 0
vt 0.725875854 0.602978945 0
vt 0.724853277 0.610043108 0
vt 0.722028136 0.612129807 0
vt 0.718929052 0.60849297 0
vt 0.717584252 0.600772679 0
vt 0.717861593 0.587993383 0
vt 0.712199926 0.627630591 0
vt 0.713735104 0.626604974 0
vt 0.728305101 0.602160215 0
vt 0.729834855 0.60328871 0
vt 0.722234726 0.63975811 0
vt 0.725875854 0.635600209 0
vt 0.686107874 0.617683411 0
vt 0.691802979 0.613872528 0
vt 0.712105155 0.602647662 0
vt 0.711050034 0.601513505 0
vt 0.713255346 0.601701677 0
vt 0.673931241 0.570313454 0
vt 0.676500082 0.572739244 0
vt 0.675925851 0.574413538 0
vt 0.673456669 0.572513342 0
vt 0.731695056 0.621035993 0
vt 0.730836749 0.620081186 0
vt 0.731088936 0.618862867 0
vt 0.731886864 0.619591475 0
vt 0.72304374 0.602160215 0
vt 0.721993685 0.601018429 0
vt 0.722250581 0.60003382 0
vt 0.723266244 0.600920677 0
vt 0.724374175 0.600208104 0
vt 0.724198997 0.601206541 0
vt 0.686727047 0.570313454 0
vt 0.689303637 0.572754622 0
vt 0.69017607 0.62216419 0
vt 0.689307094 0.621222377 0
vt 0.689535677 0.619993985 0
vt 0.690342247 0.620710969 0
vt 0.731758714 0.61603725 0
vt 0.730470479 0.616321564 0
vt 0.697375596 0.619886279 0
vt 0.698835373 0.619513035 0
vt 0.699211419 0.6215626 0
vt 0.698720694 0.622454405 0
vt 0.731382072 0.578245759 0
vt 0.73414439 0.578756213 0
vt 0.728468895 0.577153444 0
vt 0.730690539 0.571734071 0
vt 0.732654572 0.570313454 0
vt 0.733911216 0.572630823 0
vt 0.723702431 0.597557962 0
vt 0.721660852 0.597507715 0
vt 0.725519896 0.597813785 0
vt 0.690170109 0.61715889 0
vt 0.688884556 0.617461205 0
vt 0.688222051 0.612835288 0
vt 0.690020442 0.612405598 0
vt 0.728000283 0.617616653 0
vt 0.729453981 0.61722523 0
vt 0.729834855 0.619249284 0
vt 0.729348958 0.620140314 0
vt 0.672712803 0.579668403 0
vt 0.677520752 0.579712808 0
vt 0.668512285 0.579946399 0
vt 0.670972466 0.574548662 0
vt 0.7231161 0.578263521 0
vt 0.725875854 0.578744411 0
vt 0.720182061 0.577198148 0
vt 0.722354293 0.571753263 0
vt 0.724310517 0.570313454 0
vt 0.725584388 0.572619081 0
vt 0.718619525 0.598191381 0
vt 0.721164465 0.597736537 0
vt 0.720193624 0.601096153 0
vt 0.718403637 0.602646112 0
vt 0.718601406 0.592469156 0
vt 0.721164465 0.592077732 0
vt 0.715760648 0.598302066 0
vt 0.715687096 0.592534125 0
vt 0.716464579 0.601541221 0
vt 0.724094331 0.617066264 0
vt 0.726641595 0.616632342 0
vt 0.725669026 0.619852543 0
vt 0.723875821 0.621331215 0
vt 0.724076688 0.611551404 0
vt 0.726641595 0.611176908 0
vt 0.721237123 0.617194295 0
vt 0.721164465 0.611635685 0
vt 0.721939147 0.620292068 0
vt 0.698008716 0.585607052 0
vt 0.698460937 0.574561656 0
vt 0.702997565 0.577565312 0
vt 0.704694211 0.585827112 0
vt 0.69196707 0.584938169 0
vt 0.694210052 0.576834083 0
vt 0.697881103 0.598855555 0
vt 0.691802979 0.598320842 0
vt 0.704694211 0.598966181 0
vt 0.710902214 0.584672451 0
vt 0.711339772 0.574239254 0
vt 0.715877056 0.577126503 0
vt 0.717584252 0.584937751 0
vt 0.704856753 0.584051967 0
vt 0.70708859 0.57640481 0
vt 0.710775077 0.597377598 0
vt 0.704694211 0.596881628 0
vt 0.717584252 0.597537816 0
vt 0.702995062 0.607211053 0
vt 0.704712152 0.60687685 0
vt 0.704689324 0.612130821 0
vt 0.703041673 0.612441182 0
vt 0.718651593 0.627629042 0
vt 0.717978597 0.623357654 0
vt 0.719388843 0.623781681 0
vt 0.720221877 0.626921237 0
vt 0.704771399 0.627979517 0
vt 0.709737957 0.627709746 0
vt 0.708413959 0.636027813 0
vt 0.704694211 0.638888478 0
vt 0.705896914 0.61560452 0
vt 0.710824609 0.615386963 0
vt 0.711043119 0.60811919 0
vt 0.715827346 0.608204842 0
vt 0.706765175 0.607794285 0
vt 0.71145606 0.615386963 0
vt 0.709005594 0.613304138 0
vt 0.713992953 0.613533139 0
vt 0.726653337 0.594546854 0
vt 0.7287305 0.595064461 0
vt 0.728634119 0.598204851 0
vt 0.727228403 0.598934412 0
vt 0.72683382 0.589506626 0
vt 0.728895962 0.590058684 0
vt 0.747089207 0.605039477 0
vt 0.742672801 0.603925705 0
vt 0.742326856 0.592178941 0
vt 0.746541977 0.59318614 0
vt 0.747296274 0.613333821 0
vt 0.743899763 0.610099554 0
vt 0.718244374 0.587613583 0
vt 0.716197014 0.587649941 0
vt 0.720046997 0.587344527 0
vt 0.717816353 0.584246516 0
vt 0.718912125 0.584950209 0
vt 0.716794372 0.585125506 0
vt 0.727395952 0.620140314 0
vt 0.728933096 0.621250331 0
vt 0.728070199 0.623536348 0
vt 0.726641595 0.623036087 0
vt 0.738965511 0.608929336 0
vt 0.735679507 0.60366416 0
vt 0.738994598 0.601793051 0
vt 0.742326856 0.605804086 0
vt 0.699138403 0.570313454 0
vt 0.693534374 0.573386252 0
vt 0.736030757 0.64852488 0
vt 0.73414439 0.643013597 0
vt 0.737853587 0.640061617 0
vt 0.740226984 0.644055724 0
vt 0.73414439 0.593965888 0
vt 0.739031851 0.594654024 0
vt 0.734714985 0.583314776 0
vt 0.739605308 0.584130406 0
vt 0.730596244 0.646380305 0
vt 0.726168334 0.645325065 0
vt 0.725875854 0.633061886 0
vt 0.730100393 0.634009957 0
vt 0.730685472 0.655210257 0
vt 0.727300048 0.651884675 0
vt 0.717508912 0.606868029 0
vt 0.719224751 0.606550276 0
vt 0.719222784 0.612012446 0
vt 0.717576444 0.612305164 0
vt 0.727365613 0.627511024 0
vt 0.728933096 0.626829863 0
vt 0.734217346 0.631641388 0
vt 0.739178598 0.631404638 0
vt 0.735305548 0.618848562 0
vt 0.740226984 0.618667364 0
vt 0.7186867 0.620486915 0
vt 0.720221877 0.621512532 0
vt 0.728316784 0.600969791 0
vt 0.729846597 0.599841356 0
vt 0.712003231 0.570313454 0
vt 0.706401765 0.573208869 0
vt 0.706636786 0.644179225 0
vt 0.710824609 0.639853358 0
vt 0.717585027 0.582989693 0
vt 0.716528416 0.584124744 0
vt 0.718726575 0.583934009 0
vt 0.69707185 0.603810608 0
vt 0.696869373 0.602872014 0
vt 0.697922826 0.602061272 0
vt 0.698167861 0.602775633 0
vt 0.730235994 0.610968113 0
vt 0.730685472 0.614353895 0
vt 0.728815317 0.616061568 0
vt 0.728224158 0.613206029 0
vt 0.72303611 0.602160215 0
vt 0.72326982 0.603400469 0
vt 0.722251713 0.604287148 0
vt 0.721984208 0.603301883 0
vt 0.724182546 0.603113472 0
vt 0.724369466 0.604112685 0
vt 0.708031833 0.603199959 0
vt 0.707834005 0.602233648 0
vt 0.708889961 0.601419985 0
vt 0.709131122 0.602158487 0
vt 0.746906817 0.570313454 0
vt 0.747296274 0.573719621 0
vt 0.745405853 0.575400114 0
vt 0.744869947 0.572520852 0
vt 0.730385244 0.622684479 0
vt 0.727365732 0.62201798 0
vt 0.73774606 0.575191021 0
vt 0.741190374 0.575766206 0
vt 0.741236269 0.570313454 0
vt 0.742326856 0.571957588 0
vt 0.703533649 0.617155552 0
vt 0.704712152 0.616937757 0
vt 0.702290714 0.617621601 0
vt 0.701283276 0.613096476 0
vt 0.704076529 0.620539904 0
vt 0.703238606 0.619933784 0
vt 0.704612672 0.619551182 0
vt 0.723709226 0.606763542 0
vt 0.721663296 0.606813312 0
vt 0.72551316 0.606506944 0
vt 0.74689281 0.582045078 0
vt 0.743879616 0.581336498 0
vt 0.728012025 0.585513353 0
vt 0.729465663 0.585904777 0
vt 0.7293607 0.582989693 0
vt 0.729846537 0.583880723 0
vt 0.698177457 0.609713554 0
vt 0.702964544 0.609764636 0
vt 0.69390142 0.609360099 0
vt 0.698623419 0.616894484 0
vt 0.6961658 0.614812136 0
vt 0.701153517 0.615040898 0
vt 0.718047261 0.617095053 0
vt 0.719224751 0.616889834 0
vt 0.736464918 0.609075189 0
vt 0.739936709 0.608929336 0
vt 0.718556881 0.620486915 0
vt 0.717722237 0.619872689 0
vt 0.716795444 0.617549598 0
vt 0.719100416 0.61950326 0
vt 0.967375994 0.95065695 0
vt 0.968524814 0.95065695 0
vt 0.967881978 0.952477455 0
vt 0.971571624 0.953536034 0
vt 0.96996665 0.954408169 0
vt 0.96996665 0.952548981 0
vt 0.964081168 0.948712647 0
vt 0.964730918 0.948941469 0
vt 0.964081168 0.950796902 0
vt 0.964657307 0.958434045 0
vt 0.964657307 0.956504524 0
vt 0.965370297 0.956504524 0
vt 0.965370297 0.958331287 0
vt 0.96996665 0.950444281 0
vt 0.970973372 0.950444281 0
vt 0.970463753 0.952548981 0
vt 0.973183692 0.956236064 0
vt 0.974840999 0.956960142 0
vt 0.973183692 0.958419561 0
vt 0.964081168 0.948883295 0
vt 0.963476598 0.949075937 0
vt 0.963476598 0.947606921 0
vt 0.973183692 0.954129755 0
vt 0.974838078 0.954860568 0
vt 0.964532971 0.954815209 0
vt 0.965334296 0.954815209 0
vt 0.964750886 0.956504524 0
vt 0.969786763 0.955135584 0
vt 0.96832788 0.956234753 0
vt 0.96832788 0.954622507 0
vt 0.96543622 0.960478544 0
vt 0.96543622 0.958669901 0
vt 0.966334343 0.958669901 0
vt 0.966334343 0.960599363 0
vt 0.971920252 0.951790452 0
vt 0.971126139 0.952042699 0
vt 0.971126139 0.949831843 0
vt 0.964710832 0.952530563 0
vt 0.965460896 0.952666461 0
vt 0.964710832 0.954610586 0
vt 0.971571624 0.954173803 0
vt 0.973183692 0.954993844 0
vt 0.971571624 0.956234753 0
vt 0.965370297 0.958100319 0
vt 0.966341138 0.956504524 0
vt 0.966341138 0.958313167 0
vt 0.969786763 0.956234753 0
vt 0.969786763 0.954408169 0
vt 0.971571624 0.955264628 0
vt 0.972895563 0.953653336 0
vt 0.971571624 0.952042699 0
vt 0.964031219 0.952770054 0
vt 0.964710832 0.95288223 0
vt 0.964031219 0.954610586 0
vt 0.972907901 0.952133358 0
vt 0.973415554 0.952133358 0
vt 0.973153114 0.954129755 0
vt 0.966400504 0.950349808 0
vt 0.967375994 0.950349808 0
vt 0.966893435 0.952477455 0
vt 0.96842587 0.960315347 0
vt 0.967312694 0.960599363 0
vt 0.967312694 0.95855248 0
vt 0.966400504 0.952172637 0
vt 0.965292871 0.952477455 0
vt 0.965292871 0.950796902 0
vt 0.97631216 0.9518736 0
vt 0.975249529 0.952310324 0
vt 0.975249529 0.950460911 0
vt 0.973415554 0.950006127 0
vt 0.974292517 0.950006127 0
vt 0.973733187 0.952162147 0
vt 0.968937397 0.948930502 0
vt 0.96996665 0.948930502 0
vt 0.96928519 0.950320303 0
vt 0.973099768 0.959680498 0
vt 0.971403241 0.960599363 0
vt 0.971403241 0.95851022 0
vt 0.970042527 0.95027101 0
vt 0.970042527 0.948848486 0
vt 0.970973372 0.948848486 0
vt 0.97487247 0.95620662 0
vt 0.97487247 0.954277158 0
vt 0.976506054 0.955267608 0
vt 0.971557975 0.956234753 0
vt 0.973183692 0.957027495 0
vt 0.971557975 0.958419561 0
vt 0.96543622 0.960323155 0
vt 0.964605808 0.960599363 0
vt 0.964605808 0.958881557 0
vt 0.974840999 0.959768176 0
vt 0.973099768 0.960599363 0
vt 0.973099768 0.958419561 0
vt 0.965334296 0.954863369 0
vt 0.966341138 0.954863369 0
vt 0.965867162 0.956504524 0
vt 0.971920311 0.948633015 0
vt 0.972865999 0.948803544 0
vt 0.971920252 0.950113177 0
vt 0.974840999 0.95620662 0
vt 0.976506054 0.956957877 0
vt 0.974840999 0.958364844 0
vt 0.963765502 0.952236474 0
vt 0.963765502 0.951087594 0
vt 0.964530587 0.951087594 0
vt 0.964530587 0.952510118 0
vt 0.968631029 0.956279635 0
vt 0.970090687 0.956924438 0
vt 0.968631029 0.958385944 0
vt 0.966334343 0.958374381 0
vt 0.967312694 0.9586941 0
vt 0.969911098 0.960015833 0
vt 0.96842587 0.960599363 0
vt 0.96842587 0.95853579 0
vt 0.965460896 0.952516854 0
vt 0.966262221 0.952516854 0
vt 0.965914249 0.954610586 0
vt 0.972908318 0.950187683 0
vt 0.972908318 0.948361039 0
vt 0.973415554 0.948361039 0
vt 0.973415554 0.949960232 0
vt 0.963655829 0.955233574 0
vt 0.964532971 0.955233574 0
vt 0.963991344 0.956504524 0
vt 0.968524814 0.950428367 0
vt 0.967607141 0.95065695 0
vt 0.967607141 0.948934913 0
vt 0.9683097 0.948420644 0
vt 0.9683097 0.947786093 0
vt 0.96878314 0.947786093 0
vt 0.96878314 0.948934913 0
vt 0.969911098 0.958499193 0
vt 0.971403241 0.95906502 0
vt 0.969911098 0.960599363 0
vt 0.97487247 0.952310324 0
vt 0.97631216 0.953006625 0
vt 0.974343479 0.948395014 0
vt 0.975147367 0.948512077 0
vt 0.974343479 0.949986339 0
vt 0.963547468 0.956571281 0
vt 0.964042664 0.95668298 0
vt 0.963547468 0.958434045 0
vt 0.973415554 0.952162147 0
vt 0.974838078 0.952162147 0
vt 0.974170029 0.954129755 0
vt 0.966457129 0.950349808 0
vt 0.966457129 0.948754072 0
vt 0.967375994 0.948754072 0
vt 0.967375994 0.950176597 0
vt 0.968524814 0.953934491 0
vt 0.967183471 0.954408169 0
vt 0.967183471 0.952477455 0
vt 0.964081168 0.950727344 0
vt 0.963450432 0.950796902 0
vt 0.963450432 0.949075937 0
vt 0.968524814 0.950435758 0
vt 0.969012022 0.950545788 0
vt 0.968524814 0.95242846 0
vt 0.971126139 0.948422194 0
vt 0.971920252 0.948674321 0
vt 0.968524814 0.949286938 0
vt 0.968870401 0.949286938 0
vt 0.968870401 0.949921489 0
vt 0.966341138 0.954716384 0
vt 0.967289746 0.954973698 0
vt 0.966341138 0.956074417 0
vt 0.967183471 0.954396844 0
vt 0.966262221 0.954610586 0
vt 0.966262221 0.952477455 0
vt 0.96996665 0.952267766 0
vt 0.969019294 0.95242846 0
vt 0.969019294 0.950320303 0
vt 0.97631216 0.952321529 0
vt 0.976532996 0.952336311 0
vt 0.97631216 0.954277158 0
vt 0.976568699 0.959223926 0
vt 0.974840999 0.960599363 0
vt 0.967333198 0.956234753 0
vt 0.967333198 0.954426169 0
vt 0.96832788 0.954426169 0
vt 0.96832788 0.956021965 0
vt 0.96996665 0.953716278 0
vt 0.968524814 0.954408169 0
vt 0.973099768 0.960279524 0
vt 0.967287421 0.956279635 0
vt 0.968631029 0.956746936 0
vt 0.967287421 0.958313167 0
vt 0.975374997 0.948776841 0
vt 0.97631216 0.949047685 0
vt 0.975374997 0.950460911 0
vt 0.971557975 0.957792222 0
vt 0.970090687 0.958419561 0
vt 0.970090687 0.956279635 0
vt 0.973415554 0.949778736 0
vt 0.973415554 0.948179483 0
vt 0.974137962 0.948179483 0
vt 0.974137962 0.950006127 0
vt 0.964530587 0.950796902 0
vt 0.965011716 0.952510118 0
vt 0.964605808 0.960434556 0
vt 0.963992953 0.960599363 0
vt 0.963992953 0.958766818 0
vt 0.967607141 0.947512388 0
vt 0.9683097 0.947512388 0
vt 0.9683097 0.948661149 0
vt 0.967287421 0.956340253 0
vt 0.965539932 0.95072341 0
vt 0.964730918 0.950796902 0
vt 0.964730918 0.94875747 0
vt 0.965539932 0.950694144 0
vt 0.965539932 0.94886744 0
vt 0.966400504 0.94886744 0
vt 0.966400504 0.950796902 0
vt 0.974292517 0.949986339 0
vt 0.975147367 0.950173914 0
vt 0.974292517 0.952162147 0
vt 0.967414737 0.95065695 0
vt 0.967414737 0.95002234 0
vt 0.967607141 0.95002234 0
vt 0.971920252 0.952042699 0
vt 0.972895563 0.950113177 0
vt 0.972895563 0.951921821 0
vt 0.490163296 0.0884031355 0
vt 0.478056073 0.0918046534 0
vt 0.478056073 0.0644848049 0
vt 0.490163296 0.0644848645 0
vt 0.409675598 0.0816671252 0
vt 0.401944399 0.0739757717 0
vt 0.401943445 0.0644836724 0
vt 0.40967536 0.0644844174 0
vt 0.398526669 0.0644863248 0
vt 0.398531318 0.0644805729 0
vt 0.464931428 0.0356278718 0
vt 0.478056073 0.0371650457 0
vt 0.464931369 0.0644848645 0
vt 0.45034039 0.0915346742 0
vt 0.435279131 0.0883514881 0
vt 0.435279131 0.0644848049 0
vt 0.45034039 0.0644848347 0
vt 0.514506638 0.0471714735 0
vt 0.527887344 0.0476715863 0
vt 0.527887344 0.0644849241 0
vt 0.514506638 0.0644849241 0
vt 0.501984298 0.0846171379 0
vt 0.501984298 0.0644848645 0
vt 0.501984298 0.0443526208 0
vt 0.514506638 0.0817982554 0
vt 0.45034045 0.037435025 0
vt 0.464931369 0.0933418572 0
vt 0.421120644 0.0857606828 0
vt 0.421120644 0.0644846261 0
vt 0.43527925 0.040618211 0
vt 0.401945233 0.0549936593 0
vt 0.527887344 0.0812981725 0
vt 0.421120882 0.0432090163 0
vt 0.490163296 0.0405665934 0
vt 0.409676075 0.0473025143 0
vt 0.600075424 0.0918046832 0
vt 0.58796823 0.0884031057 0
vt 0.58796823 0.0644849539 0
vt 0.600075424 0.0644849539 0
vt 0.642852247 0.0406185687 0
vt 0.657010436 0.0432095826 0
vt 0.657010078 0.0644850135 0
vt 0.642852008 0.0644850135 0
vt 0.668455362 0.047303468 0
vt 0.676186204 0.0549953282 0
vt 0.676184416 0.0644850433 0
vt 0.668454647 0.0644850135 0
vt 0.550244212 0.0812981427 0
vt 0.550244212 0.0644849241 0
vt 0.576147258 0.0443527699 0
vt 0.58796823 0.0405667424 0
vt 0.576147258 0.0644849241 0
vt 0.576147258 0.0846171379 0
vt 0.627790987 0.0915346742 0
vt 0.613200068 0.0933418274 0
vt 0.613200068 0.0644849837 0
vt 0.627790928 0.0644849837 0
vt 0.627790987 0.0374352932 0
vt 0.642852187 0.0883513987 0
vt 0.563624978 0.0817982554 0
vt 0.563624978 0.0644849241 0
vt 0.600075483 0.0371652246 0
vt 0.550244212 0.0476716459 0
vt 0.563624978 0.0471715629 0
vt 0.657010436 0.0857604444 0
vt 0.668455362 0.0816665888 0
vt 0.613200128 0.0356281102 0
vt 0.679598331 0.0644888282 0
vt 0.679598331 0.064481318 0
vt 0.676186085 0.0739746988 0

# 2728 vertex normals
vn 50.7397766 80.4570084 30.8568249
vn 52.5942154 79.5762405 30.024498
vn 33.5644989 86.356041 37.6305656
vn 39.8112106 84.6104126 35.4421158
vn 58.7724495 75.5331802 28.992033
vn 62.1117172 73.4524307 27.3290348
vn 62.2988167 74.8594284 22.6919231
vn 61.1077118 77.8115234 14.5331497
vn 62.3233986 77.483139 10.5904713
vn 78.602478 31.9789963 -52.9055214
vn 71.8424225 27.1328735 -64.0505524
vn 50.1599197 11.158123 -85.7874069
vn 97.9117813 6.22301102 -19.3534775
vn 97.4288101 14.6137123 -17.1483459
vn 80.0677719 35.3283119 -48.3845177
vn 54.3577003 48.2923927 -68.6519165
vn 55.216568 43.2510147 -71.2774734
vn 62.324585 20.7208652 -75.4075089
vn 95.5939789 -18.4884262 -22.8028316
vn 97.1949615 23.5188332 0.0670735314
vn 96.5933228 25.835598 1.50048888
vn 96.3653946 -16.1701012 -21.2658997
vn 75.9754639 -51.2481461 -40.0169487
vn 72.7506943 -54.2051277 -42.0611649
vn 69.6822433 -52.5928345 -48.7686157
vn 90.7973099 -7.89996958 -41.1513863
vn 96.7676468 24.7692986 -4.74385977
vn 64.517395 25.9531231 -71.8605652
vn 42.8560257 40.7226715 -80.6537476
vn 72.968132 11.7574053 -67.3603363
vn 80.0059586 40.3348618 -44.4088326
vn 80.6717377 56.2598267 18.0804462
vn 79.9725266 57.0156479 18.804533
vn 83.03228 55.7005348 -1.75769007
vn 79.2372208 38.3117142 -47.4729004
vn 96.1766052 16.1559753 -22.1143913
vn 96.0938873 15.9051514 -22.6493282
vn 79.1124954 38.9926224 -47.1252594
vn 52.7626457 54.6541824 -65.0309601
vn 53.6223755 53.026783 -65.6719131
vn 78.8629074 40.1603012 -46.5595627
vn 95.9720306 16.2688313 -22.9062271
vn 95.8578491 15.8015985 -23.6977062
vn 78.6054153 39.4993172 -47.5499077
vn 51.367218 56.0084991 -64.9958191
vn 51.9859848 56.6723404 -63.9195099
vn 78.5573425 39.2702599 -47.8182945
vn 95.9080658 15.2662373 -23.8450432
vn 95.9675674 15.9009638 -23.1815758
vn 78.7336426 41.3156929 -45.76054
vn 51.0977135 59.3331032 -62.1981125
vn 51.0967865 55.9610977 -65.2493286
vn 79.1596222 44.1340981 -42.2603264
vn 96.0754547 16.9848042 -21.9322853
vn 95.9704742 18.1017876 -21.4940224
vn 79.2401581 45.7414513 -40.3573723
vn 50.9459381 66.5014343 -54.6083374
vn 51.0976067 64.0924988 -57.2816505
vn 79.478363 48.8610992 -35.9969978
vn 96.2633972 19.0905743 -19.2070026
vn 95.8960266 22.9930477 -16.5912628
vn 78.247879 55.2638779 -28.691
vn 50.3908234 77.4329376 -38.2740784
vn 51.6142845 70.4127197 -48.7649078
vn 76.3471832 60.0275536 -23.8285675
vn 95.3202133 26.2911129 -14.9276953
vn 95.7405167 26.8848305 -10.5337143
vn 76.646904 62.8850899 -13.0658655
vn 48.8876762 86.1111603 -13.9592924
vn 48.3257828 82.0779266 -30.4603405
vn 77.0571823 63.7343292 -0.353782624
vn 95.7264633 28.4782028 -5.04357195
vn 95.9597702 28.0797443 -1.80272126
vn 78.2224503 61.9833069 6.27038765
vn 49.1357193 86.2829437 11.8715401
vn 49.0215111 87.081871 3.69332576
vn 78.3641815 61.094738 11.2466526
vn 95.9616089 28.1205616 0.777320981
vn 95.8889771 28.3153 1.88290834
vn 78.4802704 60.5853653 13.0484409
vn 49.484005 84.1716843 21.5976887
vn 47.8255119 85.7708893 18.8699474
vn 79.0698242 59.1115265 15.9307785
vn 96.090744 27.487484 3.3180151
vn 96.0453491 27.2607059 5.6697135
vn 78.9336166 57.9813576 20.190237
vn 52.89505 79.4395142 29.8576317
vn 52.6010323 81.3897018 24.6748409
vn 79.0400696 57.8732719 20.0836506
vn 96.1404114 27.2380295 3.88718653
vn 54.2193947 78.2742081 30.5517178
vn 51.7273788 -84.780571 -11.6847467
vn 51.3209763 -85.7980881 2.20123029
vn -5.1115785e-06 -99.9493942 3.18094206
vn 4.1454914e-06 -99.2092819 -12.5505304
vn -1.02480021e-06 -96.3521347 -26.7631741
vn 52.9451561 -81.4464798 -23.7335663
vn 80.5137711 -56.1250076 -19.1707039
vn 79.5316772 -59.6346664 -10.8820086
vn 78.9077301 -61.4274979 -0.482650697
vn 91.8835373 -24.2774887 31.1130047
vn 51.7359962 -61.6507034 -59.3513069
vn 35.8752861 -90.5319595 -22.7360611
vn 77.8483429 -29.7583485 55.2637024
vn 78.7936172 -28.7068501 54.4746094
vn 95.0268173 -12.4479542 28.5473728
vn 97.9149017 -15.0482712 13.6463861
vn 81.806366 -39.5600052 41.7459259
vn 81.5429382 -42.5061913 39.2934189
vn 97.94207 -16.5135269 11.6040077
vn 98.0086288 -17.2931938 9.75990105
vn 81.5778809 -45.0178261 36.3103752
vn 81.3521957 -45.074749 36.7435493
vn 98.0027008 -17.4752941 9.49133492
vn 97.8697281 -18.275877 9.35460281
vn 80.8780975 -46.0277596 36.6084328
vn 80.7138672 -47.896801 34.5132942
vn 97.7820129 -19.2046204 8.35818577
vn 97.7301102 -20.0423298 6.86513758
vn 80.7749176 -50.1021652 31.0674572
vn 80.964447 -51.7689552 27.653801
vn 97.8400574 -20.0256653 5.12798452
vn 97.5261078 -21.9174347 2.877913
vn 80.3937302 -55.9671783 20.1127338
vn 79.9661789 -59.249527 9.74182701
vn 97.4720154 -22.290163 -1.53469741
vn 97.4506683 -22.2050095 -3.21018624
vn 79.3393402 -60.6195145 5.5265584
vn 97.1580658 -23.0993443 -5.17036676
vn 97.374054 -20.8422527 -9.15936279
vn 97.5348206 -18.5651703 -11.9286919
vn 97.6857147 -17.0155315 -12.9603519
vn 81.1394424 -53.5483208 -23.4300766
vn 81.1368332 -52.7148895 -25.2577457
vn 97.7827377 -16.319685 -13.1226797
vn 97.6136475 -16.6123676 -13.9858217
vn 80.2893906 -52.6219101 -28.0098057
vn 79.868576 -51.4703369 -31.173975
vn 97.6486816 -15.8399076 -14.623024
vn 97.2004852 -14.9877939 -18.0950508
vn 78.7352829 -50.041153 -36.0088768
vn 17.8230381 49.1786919 -85.2279053
vn -3.28621682e-05 49.437191 -86.9250488
vn -2.13931762e-05 31.0689545 -95.0511475
vn 25.5343132 26.2252827 -93.060379
vn 18.3667927 56.0017471 -80.7865372
vn -3.26226e-05 57.0729752 -82.1137924
vn 18.8573589 61.1796494 -76.8208923
vn -1.15045423e-05 61.9936295 -78.4652176
vn 17.4341717 63.204216 -75.5067978
vn 1.3361223e-05 64.049614 -76.7961197
vn 16.5949478 65.623848 -73.6078644
vn 1.24402932e-05 66.5582733 -74.6324005
vn 16.1764107 64.7924423 -74.4329376
vn 1.15469757e-05 65.7002563 -75.3888321
vn 15.9226608 64.8086243 -74.4735489
vn 1.32011064e-05 65.7673492 -75.3302994
vn 15.5749578 68.8233109 -70.857399
vn 1.49051402e-05 69.7752228 -71.6339035
vn 14.8008938 74.4594116 -65.0901718
vn -7.37651771e-06 75.3539276 -65.7402954
vn 14.4397554 77.4356461 -61.6053047
vn -4.7444255e-06 78.5016861 -61.9474335
vn 15.2649031 82.0448761 -55.0964813
vn 3.06629699e-05 83.2944489 -55.3356667
vn 15.216754 88.9470139 -43.0915375
vn 4.23012461e-05 90.0748215 -43.4341507
vn 14.5267992 93.115387 -33.4439278
vn 3.03833076e-05 94.2156754 -33.5172501
vn 14.9391632 97.8637848 -14.1245365
vn 1.87292408e-05 98.9791107 -14.2525597
vn 14.8019018 98.7064514 6.1594696
vn -1.14754048e-05 99.78302 6.58396626
vn 13.3300285 98.0424576 14.4909477
vn -4.41052252e-05 98.926178 14.6153851
vn 11.2713947 96.7504044 22.6343975
vn -3.19521278e-05 97.3325424 22.9428692
vn 13.9609337 95.3085938 26.8582306
vn -2.02843676e-05 96.0111542 27.961731
vn 19.6238708 93.3678894 29.9556541
vn -4.27220984e-05 95.1000214 30.9190273
vn 19.9000149 91.5142517 35.0589638
vn 4.55277729 93.2999191 35.6986961
vn 23.6685181 89.7546463 37.2008934
vn 8.73810005 91.6510696 39.0349464
vn 99.2023163 -11.9556303 -3.99533367
vn 91.3925018 -7.61924219 39.8667374
vn 59.6434288 -4.33518791 80.1490326
vn 90.5865707 37.3622131 19.9533787
vn 90.3037415 -11.9624891 -41.2569275
vn 86.4051971 -30.4437428 -40.091404
vn 92.4383545 -37.0040817 -9.2654829
vn 86.3697968 -30.5969963 40.0510025
vn 28.7497005 -0.299337059 -95.7776871
vn 60.2747421 -6.43392467 -79.5333862
vn 1.42706619e-06 2.25620747 -99.9745407
vn -7.17447165e-07 -2.42595196 -99.9705658
vn 29.5370483 -4.56441689 -95.4291763
vn 58.7280807 -10.8113146 -80.213028
vn 76.4852905 -10.7074118 -63.5244141
vn 75.9332504 -20.2406197 -61.842205
vn 77.3031387 24.0550919 -58.6990471
vn 64.3402939 38.9772186 -65.8870468
vn 79.6895828 -13.6454468 -58.8504333
vn 78.2861328 5.03644753 -62.0154457
vn 61.8970985 16.39641 -76.8108521
vn 60.3431892 33.1734734 -72.5135803
vn 57.730526 46.2311401 -67.304306
vn 71.3989105 50.1346931 -48.8744049
vn 71.6597443 68.5731049 -12.7518549
vn 90.669342 -41.3213234 -8.46271324
vn 80.7756348 -43.2137604 40.098217
vn 87.1787338 -25.5372486 -41.8057213
vn 79.3239822 -58.7175484 -16.1231976
vn 59.9377327 -69.8680344 39.0631104
vn 34.0887375 9.40869617 -93.5384064
vn 61.5870972 -1.83825719 -78.7632675
vn 3.95835013e-06 14.6451788 -98.9217834
vn 8.3934965e-06 40.072937 -91.6196518
vn 35.3189774 32.0603828 -87.8902893
vn 77.0388565 -12.0488682 -62.6086197
vn 16.7676353 95.1596146 -25.7583885
vn 35.2493553 43.4291496 -82.8938675
vn 20.1028595 44.5345802 -87.2499084
vn 9.17295265 95.1694031 -29.3025551
vn 5.22766542 89.7952957 43.6975403
vn 16.827713 86.6383362 47.0172806
vn 13.0081015 84.6422653 51.6379318
vn 19.226984 95.6644897 -21.8775978
vn 26.554245 46.7754517 -84.302597
vn 32.2096329 49.2649574 -80.8424606
vn -1.26473096e-05 56.6418419 -82.4117737
vn -2.9792207e-05 81.3320084 -58.1816368
vn 36.1259956 66.2453003 -65.6237106
vn 12.8536253 22.6263962 96.5548096
vn -3.04914284 25.6906452 96.5955124
vn -14.6172266 -51.9398422 84.1937637
vn -4.86952591 -52.0439606 85.250885
vn -14.9914999 -49.5968781 85.5301361
vn 1.60980499 22.8001785 97.3527603
vn -11.6737585 -96.0486679 25.2660751
vn -16.5877914 -94.9867554 26.5020847
vn -0.102306485 -92.7414703 -37.4033241
vn 11.7753077 -91.3242111 -39.002964
vn -0.0856607407 -88.3482742 -46.8462982
vn -18.2807198 -95.6797943 22.6095581
vn 78.8660507 17.4291515 -58.9607468
vn 5.90769632e-05 54.5438156 -83.8151016
vn 42.1375122 -59.5586166 -68.3900681
vn 0 -63.8258286 -76.9822311
vn 35.1320419 -75.7716522 -54.9945183
vn 44.3547096 -72.7293549 -52.37463
vn -5.97870458e-05 -81.4217377 -58.0559959
vn -3.4884768e-05 -80.8078918 -58.9074249
vn 69.408783 -38.2958641 60.957756
vn 68.4637985 -70.4724655 18.6102314
vn -3.08840536e-05 -96.3896561 26.6277103
vn -1.88351914e-05 -63.8601074 76.9537964
vn -3.8551887e-05 -61.6476707 78.7373123
vn 58.046608 -45.9846306 67.2012329
vn 55.305172 -57.3280449 60.4552231
vn -1.82301283e-05 -69.0732727 72.310997
vn 1.24261096e-05 -72.0262756 69.3701477
vn 54.2709579 -60.6825027 58.0714836
vn 54.159008 -64.4410172 53.9829369
vn 2.03444188e-06 -76.452858 64.4589767
vn -1.11370246e-05 -75.9391327 65.0634155
vn 53.713047 -64.2353897 54.66922
vn 53.0293961 -65.0007248 54.4315147
vn -1.01651749e-05 -76.3512344 64.5793381
vn 4.06546633e-06 -78.5833664 61.8437881
vn 52.8968735 -67.1328888 51.9143219
vn 53.1329155 -70.2752838 47.3104553
vn 1.33504982e-05 -82.4704666 56.5563698
vn 9.18972455e-06 -86.3630066 50.4126091
vn 53.1924324 -73.3605652 42.2941322
vn 52.3829041 -79.416954 30.8055172
vn 7.34448304e-06 -93.0963058 36.5113335
vn -4.08316009e-06 -97.9641724 20.0753536
vn 52.1290588 -83.7280884 16.4975281
vn 51.7653656 -84.9447403 10.2341681
vn -9.15994042e-06 -99.2104492 12.5414009
vn 53.7776489 -78.5622406 -30.5931396
vn -1.84799101e-05 -93.5756226 -35.2647743
vn -3.15146244e-05 -91.7127686 -39.8593674
vn 53.6771355 -77.1737366 -34.1024742
vn 52.3828278 -76.3409653 -37.7901573
vn -4.68997059e-05 -89.8919601 -43.8113556
vn 1.01238311e-06 -87.3630447 -48.6589928
vn 51.6734543 -74.5108414 -42.1662178
vn 49.6633301 -72.2694321 -48.0695686
vn 8.11708469e-06 -83.672905 -54.7617111
vn 36.2972603 -41.9440193 -83.2058182
vn 17.0937843 -42.303215 -88.9844971
vn 20.803997 -38.4887276 -89.9211426
vn -31.5588894 -26.494524 -91.1157379
vn -50.114315 -74.0289764 -44.8136711
vn -42.275341 -75.104538 -50.7159119
vn -22.8800545 -24.7630768 -94.1450729
vn 22.3511314 49.4325943 -84.005043
vn 20.2411823 44.5663681 -87.201683
vn -2.0599575 41.4661865 -90.9742279
vn -22.5235119 -36.3144264 -90.4099121
vn -29.6297588 -84.8315964 -43.8825417
vn 52.8561668 72.981987 -43.357296
vn 46.7539635 83.7823029 -28.1885319
vn -70.1492844 -29.6592827 64.8028183
vn -23.3422928 10.0896177 96.7126465
vn -6.56406773e-05 9.56408978 99.5415955
vn 4.25441722e-05 -41.0343513 91.1931076
vn -1.81067971e-05 -34.6419792 93.8079605
vn -42.7786026 -77.7465286 46.1027946
vn -1.04392624 -68.6008224 72.7518845
vn -15.2305756 -44.3912582 88.3031464
vn -4.78685999 -22.2272491 97.3808823
vn 28.5301208 3.55017066 95.7780151
vn -3.84564337e-05 -25.0297909 96.8168869
vn 27.8974838 37.9609184 88.2082672
vn 58.2364197 22.6698914 78.0679016
vn 44.3441353 41.6539879 79.3633575
vn 66.3738327 -10.0197659 74.1223297
vn 31.0841026 -67.7852631 66.625351
vn 1.08505628e-05 -84.5696945 53.3663368
vn 33.5087051 -74.0053329 -58.3127518
vn 30.5432491 -94.7191162 9.76725006
vn 7.36845732 19.6496391 -97.7731934
vn -18.8395901 45.0305138 -87.2772827
vn -16.6158848 -45.8036499 -87.3266144
vn -10.456871 -95.9799194 -26.0482254
vn 16.7982674 -80.8416061 56.4132385
vn 25.9107265 -29.5561943 91.9514313
vn 46.7052116 -58.3613586 66.4272232
vn -12.6167135 -93.1817703 34.0290565
vn -11.6155758 -54.3955879 83.1035385
vn 56.9743805 47.8664551 66.8036118
vn 55.3093796 82.9551849 -7.70133495
vn 66.1749268 60.5570259 44.2009697
vn 4.67958355 30.0425797 95.2656479
vn 9.87718105 94.6783676 30.6340923
vn 19.5740261 73.8763733 -64.4913864
vn -4.29737997 91.7244186 -39.6000252
vn -8.78603935 -43.3218079 -89.699646
vn -16.4352283 -93.0320969 -32.7858696
vn -1.4093312 45.255825 -89.1623611
vn -21.1335659 -93.5772705 28.2252769
vn -23.2600765 -52.8670425 81.6335907
vn -15.7861156 28.6664333 94.4935608
vn -3.61349583 92.9921494 36.5978699
vn 1.78910697 94.3671188 -33.0400696
vn -7.81754923 -31.3344517 -94.6416321
vn -21.8795757 -82.0630112 -52.7915154
vn 14.8516941 48.6831703 -86.0777283
vn 23.7050419 95.1226807 -19.7419872
vn 10.1397686 83.1283646 54.6521683
vn 28.7818794 78.6269302 54.6754951
vn 42.8073158 88.5962524 -17.8392048
vn -29.5320835 -93.4760208 19.7506828
vn -27.0119438 -46.4254036 84.3506775
vn -41.293354 -88.6517258 20.874157
vn -26.6154232 -45.2040329 85.1364441
vn -11.8958406 24.1073284 96.3188782
vn -0.913802266 23.3419285 97.2333298
vn 54.4655075 81.5761871 -19.4636631
vn 46.6830368 71.1422043 52.5307465
vn 27.8852787 80.5304337 52.3188477
vn 23.0970669 93.9023743 -25.4729195
vn -43.0569382 -87.4600143 22.29006
vn -17.5023689 -50.6738853 84.4145966
vn -23.6467381 -94.7033844 21.7279701
vn -6.51400614 -56.901844 81.9740601
vn 16.1273041 17.236742 97.1740952
vn 14.4479113 16.0605392 97.6387177
vn -24.7762966 -94.4596405 21.5293159
vn -8.71037769 -44.0009308 89.3758698
vn -6.0278616 -47.1092834 88.0021591
vn -17.8815517 -95.7975845 22.4293137
vn -8.33089161 -86.5123367 -49.4591942
vn -13.3442488 -84.5382233 -51.7225304
vn -18.3017502 -83.9792099 -51.1129837
vn -19.0594788 -96.065834 20.2013378
vn -7.51287413 -45.4530525 88.7557144
vn 17.6738853 25.176403 95.1513596
vn 34.289463 78.1043091 52.1914864
vn 20.6521568 84.3975525 49.5029449
vn 12.9811068 25.445179 95.8333511
vn 12.9176598 28.0872536 95.1012115
vn 35.5449867 76.8763733 53.1655807
vn 35.8162537 90.7336121 -22.0138435
vn 26.6520615 37.832592 -88.6473999
vn 13.8570862 45.0238762 -88.2090225
vn 17.7946358 95.4827499 -23.7990131
vn 41.3799973 88.9907074 -19.1924782
vn 21.7512627 39.1885414 -89.3931808
vn 5.80952072 -40.3879356 -91.2965698
vn 4.73605061 -37.6977501 -92.5010757
vn -9.60444927 -40.021553 -91.1374283
vn -5.82836962 -36.1445236 -93.0569839
vn -8.3242321 -87.9952927 -46.7710915
vn -4.35708141 47.4648285 -87.9096451
vn -0.943069339 96.9957352 -24.3092308
vn 5.95663309 87.1201324 48.7298889
vn 6.81317091 24.110405 96.8104706
vn -2.14052129 -52.0959396 85.3312988
vn -9.16956615 -97.0378876 22.3509922
vn 28.6826859 93.8451767 -19.245409
vn 14.351018 61.2230835 -77.754631
vn 10.7326097 50.2925186 -85.764061
vn 34.9969559 91.6772995 -19.2480335
vn 4.48613405 92.8718185 36.8062553
vn 21.6048145 97.2526627 8.66891289
vn 16.8818665 94.5345078 27.8967762
vn 24.6096783 95.2933502 -17.7071285
vn 39.1914444 87.4104996 -28.6955585
vn 31.0619316 92.3675156 -22.4365749
vn 36.8838234 90.8209152 -19.7774525
vn 30.4348145 93.4729614 -18.344717
vn 38.264801 91.3891449 -13.5583506
vn 22.1125965 94.691452 -23.3358402
vn 5.36581945 55.7563438 -82.8398361
vn -10.4512253 -36.9102211 -92.3493729
vn -8.35647774 -94.574028 -31.3994198
vn -11.7306395 -90.287529 -41.3588638
vn -20.6822433 -38.0023613 -90.155777
vn -7.82067919 -30.9710598 -94.7609024
vn -9.99274063 -90.0702591 -42.2787552
vn 23.7151527 94.7058029 -21.642601
vn 16.9837513 43.1582069 -88.5941391
vn 9.55565834 44.1358032 -89.2228699
vn 14.1028805 96.5596771 -21.8480892
vn 11.5006189 83.1460419 54.3550529
vn 17.1533699 82.2953568 54.1593513
vn 26.5550137 79.2440643 54.910923
vn 36.2802048 90.8279037 -20.8336201
vn 27.5401382 39.4632378 -87.6595306
vn 19.8943024 31.6912327 92.7355423
vn 94.0499268 -32.391964 10.2650585
vn 28.5766869 -93.0490036 22.9185047
vn 25.4049263 -42.3653564 86.9469147
vn 3.93412828 -41.5555611 90.8716583
vn 7.08579588 35.5098724 93.2139435
vn 21.6572933 79.6585846 56.4399834
vn 9.3897953 -98.0914917 17.0261612
vn 7.67026997 -98.7482529 13.7822523
vn -0.00128181558 -84.028656 -54.2142525
vn 0.00812432915 -81.8951874 -57.3862152
vn 0.424713314 -97.6875458 21.3766975
vn 0.298316389 -27.5713425 -96.1235199
vn 5.65797758 46.3498726 -88.4289246
vn 2.71825886 -25.7368622 -96.5930862
vn 14.0599136 96.3646851 -22.719305
vn -14.0457792 -96.055809 23.9999065
vn -4.10228872 -30.493185 95.149025
vn 5.01498652 -32.04105 94.5950394
vn 0.469441652 -97.1885757 23.5406036
vn -0.707359254 -86.668663 -49.8802757
vn -10.0172501 -85.7274399 -50.5020752
vn -14.0731812 -85.6116791 -49.7251015
vn -19.9993725 -94.9050522 24.3527317
vn -4.08101463 -32.1397629 94.6064529
vn 14.8016529 59.9736328 78.6388931
vn 94.2527618 -27.6386852 18.775528
vn 27.0663147 -95.0381317 15.3352461
vn 20.7429638 -27.4920521 93.8824692
vn 6.11524248 -22.1000271 97.3354645
vn 8.51570511 61.8324852 78.1295547
vn 11.3313961 90.6256638 40.7257805
vn 13.4029655 90.6569519 40.0209656
vn 13.2135496 -96.1735458 24.0010357
vn 20.8004398 -95.9829102 18.8314762
vn 26.8913116 -94.4350204 18.944273
vn 13.0122366 -90.6144104 -40.2456436
vn -1.32348764 -90.3039551 -42.9353638
vn 0.562832773 -96.6294327 25.7378254
vn 11.713727 -57.026535 -81.3065948
vn 94.2302551 -30.1720448 14.501977
vn 18.7798882 23.1250839 -95.4596558
vn 9.03810596 25.1518631 -96.3623199
vn 0.417565376 -54.5033951 -83.8403549
vn 15.8104029 95.2697983 -25.9556503
vn 14.0898685 95.0913925 -27.5518131
vn -3.20835757 -53.4469109 -84.4578781
vn -12.057704 -89.1467819 -43.6745186
vn 15.3451948 25.199028 -95.5485992
vn 25.5663567 20.9041004 -94.3895111
vn -3.84316111 -53.8276405 -84.1891632
vn -18.5823498 -88.26754 -43.1687279
vn 9.06200886 70.0807419 70.7571182
vn 24.919178 63.0846786 73.4803391
vn 45.6061707 -65.2432861 60.525959
vn 14.994276 -20.6052284 96.6984711
vn 7.19126606 -12.3090219 98.9786377
vn 8.90742016 71.5721893 69.2681656
vn 11.196002 93.0102158 34.982132
vn 8.15089226 93.7064743 33.9508591
vn 13.0890741 -95.853508 25.3136349
vn 19.8090725 -96.2495422 18.5372353
vn 14.8130255 -92.3556671 -35.3695641
vn -1.84289718 -92.990921 -36.732708
vn 0.710270107 -95.9938126 28.0121727
vn 12.390151 -67.9411774 -72.3220596
vn 24.822422 7.21936941 -96.6008682
vn 8.75060081 14.9401617 -98.4896774
vn -0.653396308 -65.85392 -75.2518005
vn 15.2502756 94.8562393 -27.7438641
vn 14.1502886 94.1558609 -30.5686455
vn -13.8573389 -94.7522888 28.8093624
vn 0.26710853 -11.1719961 99.3736115
vn -12.4743671 -91.9820786 -37.1979523
vn -18.0973377 -91.2331161 -36.7288208
vn -19.5843124 -93.5744476 29.3304691
vn 2.87867808 -14.3300104 98.9260559
vn 17.4546356 46.9460564 86.5528946
vn 23.0218582 -35.4424171 90.6301804
vn 7.91030741 49.7147827 86.4052429
vn 11.4369946 87.4085464 47.2116661
vn 16.8823013 86.3434219 47.5373726
vn 13.3448124 -96.6075745 22.1109161
vn 21.2115326 -95.3879929 21.2414799
vn 11.4194603 -87.9558487 -46.188343
vn 10.5870523 -43.5514221 -89.3934402
vn 14.2723675 35.7667465 -92.2878036
vn 9.31723309 35.0462952 -93.1930542
vn 1.56533611 -40.9239273 -91.2292786
vn 15.4455681 95.9345779 -23.6217861
vn 14.0741901 95.8819275 -24.6692867
vn -25.7513905 -94.1728745 21.6411419
vn -13.3048801 -39.0619698 91.0886536
vn -9.51348591 -39.7087631 91.2836761
vn -21.7733765 -95.2234497 21.4106617
vn -7.31273222 -81.5909119 -57.3536949
vn -9.33027172 -81.7279053 -56.8638382
vn -4.97895575 -82.5419617 -56.2319603
vn 5.39312744 -96.0691223 27.2330227
vn -8.85671425 -39.9734154 91.23423
vn 26.6605606 65.8556519 70.3722229
vn 40.0335503 84.1366196 36.3090134
vn 39.1255875 84.8443832 35.6457405
vn 27.4308472 66.2705612 69.6832886
vn 3.19526005 -14.9355516 98.8267059
vn 1.88587475 -14.2561703 98.9606171
vn 9.27470016 -13.9413757 98.5881195
vn 44.1866455 45.6797638 77.2068634
vn 43.7467461 81.750351 37.4580002
vn 55.6034317 80.1148682 -22.1329384
vn 44.1727982 21.275238 -87.1557617
vn 38.4302711 24.210638 -89.0896225
vn 51.5235977 82.6469879 -22.6890812
vn 37.620018 79.4299774 47.7033958
vn 38.0680084 78.7308273 48.5003548
vn 42.0517311 76.0132446 49.5342331
vn 77.2316437 59.1051254 -23.2778416
vn 49.923893 17.326746 -84.896347
vn 13.2925568 33.0822601 93.4284286
vn 38.2402573 73.8385544 55.5477333
vn 36.2855225 75.4165802 54.7330093
vn 14.0203419 33.544136 93.1569672
vn 32.7960205 18.3983746 92.6602631
vn 42.1310539 71.1094666 56.2887001
vn -5.80969238 -64.8542252 -75.8958359
vn 13.3644981 15.2293358 -97.9257736
vn 22.1324463 11.3182468 -96.8610001
vn -7.47119427 -64.8772964 -75.7305527
vn 25.6513023 92.7227631 -27.2855186
vn 20.193325 89.174057 40.4995842
vn 32.672451 85.1282349 41.0572166
vn 41.0817032 87.3091278 -26.2566261
vn 0.0232450031 -40.201889 -91.5631332
vn 16.0779305 34.6428185 -92.4195633
vn 25.9276924 30.8659191 -91.5152969
vn 1.54700172 -41.2037659 -91.1035385
vn 24.8072815 91.9871368 -30.3803425
vn 19.9278641 91.578331 34.8753433
vn 31.3910389 88.0969238 35.405304
vn 38.8094864 87.2826233 -29.5899944
vn 24.7329807 93.782692 -24.3533516
vn 18.9899426 86.1851501 47.0266151
vn 30.2588196 82.5299225 47.6782341
vn 38.6524849 89.1928787 -23.4651718
vn 6.39572811 35.6891861 93.1953583
vn -5.73254776 -40.41362 91.2900772
vn -5.32372046 -41.7808456 90.697403
vn 11.3197536 33.6269341 93.4938202
vn 12.4780636 61.2650871 78.044136
vn -2.49465346 -20.265255 97.8932877
vn -2.72717953 -22.2820148 97.4477921
vn 20.9362621 58.3417778 78.4723511
vn -12.6223145 -96.8273849 21.5669918
vn -7.03602505 -81.3008652 -57.798481
vn -6.38163328 -82.2894516 -56.4598999
vn -14.8582277 -96.4343796 21.9008045
vn 14.1643839 70.6615677 69.3275528
vn 23.2206306 67.6960144 69.8430557
vn -15.044054 -95.2932053 26.3226433
vn -23.3490772 -93.5098419 26.6595154
vn 9.81561184 49.4844093 86.3420334
vn 16.8593102 46.8771477 86.7081146
vn 3.85939527 -25.641943 -96.5794754
vn 9.20320415 -27.6240978 -95.6671906
vn 91.8733292 -37.09235 13.5443087
vn 75.6572571 63.0033531 -17.5087585
vn 37.2078667 -36.152401 -85.4902267
vn 48.3480263 27.6662312 -83.0484772
vn 94.6254349 -29.7933025 12.5851126
vn 77.190979 56.0402412 -30.0173817
vn 41.3000603 80.1546326 43.2381516
vn 42.0173149 36.9653893 82.8740387
vn 7.85715437 -23.4790421 96.8865356
vn 21.5372124 -88.1293335 42.0638809
vn -1.72448123 -90.715416 -42.0444794
vn 35.8961449 -54.2573586 -75.9447556
vn 47.7215767 7.74375868 -87.5367737
vn 93.422287 -33.3496056 12.6522894
vn 79.0255203 49.5144844 -36.1009865
vn 19.2666149 -84.276947 50.261261
vn -9.60310745 -92.4753418 -36.8251266
vn 28.5019493 -62.6919861 -72.5076218
vn 45.5668221 -3.23409557 -88.956192
vn 93.2173691 -33.1751404 14.4890471
vn 37.6707306 27.8387947 88.3511047
vn -1.21753728 -31.9461403 94.7521133
vn 13.8533649 -92.4920807 35.4019699
vn -2.00600767 -87.3977051 -48.5553055
vn 38.6617928 -45.7038918 -80.1025543
vn -21.2621746 -93.037262 29.8661556
vn -22.2237873 -93.3938217 27.9945583
vn -17.8559399 -90.903862 -37.6517334
vn -15.4129505 -91.5228653 -37.229126
vn 16.8509121 -30.0976124 -93.8625565
vn 15.2954292 -29.1114693 -94.4381866
vn 40.337677 33.6830101 -85.0783615
vn 44.0458298 30.9734097 -84.2651367
vn 1.48072863 -66.3454208 -74.8070374
vn -3.14107466 -65.7219238 -75.3044739
vn 34.2179565 4.57987309 -93.8517761
vn 39.9033661 1.40283775 -91.6828918
vn 55.765789 80.7878647 -19.0656128
vn 51.1381149 83.6653137 -19.6216373
vn 56.3954964 77.6433411 -28.1257858
vn 52.0060539 80.6362076 -28.1632919
vn 22.0018883 57.0719604 79.1120071
vn 37.5063095 82.5676651 42.1409416
vn 38.4145279 82.4577713 41.5336075
vn 23.5570049 57.1608887 78.5983505
vn -1.91481352 -24.1931572 97.0104446
vn -0.39172861 -23.6921768 97.152092
vn 17.6049519 46.1074905 86.9722061
vn 19.1410503 46.2876434 86.5509949
vn -6.00985336 -32.1286888 94.5073013
vn -7.63982677 -31.4145775 94.6295853
vn -17.3605366 -94.6679459 27.1402206
vn -22.4788208 -93.9887238 25.7064438
vn -15.2307224 -88.8383865 -43.3100929
vn -9.30773926 -89.9397659 -42.7107239
vn -21.4862328 -94.5963669 24.2872295
vn -22.4176636 -94.6285553 23.2998867
vn -11.7475491 -85.6613235 -50.2407532
vn -8.47415447 -86.4947662 -49.4655647
vn 8.9736414 -56.5464058 -81.9876709
vn 2.48001456 -55.6632614 -83.0388641
vn 36.3165665 13.9765244 -92.1182022
vn 41.5549698 11.8071222 -90.1874619
vn 14.2202063 -44.2744484 -88.5299911
vn 8.78743935 -43.1358185 -89.789093
vn 54.1427536 80.1275635 -25.4584713
vn 51.8883209 81.633606 -25.3684006
vn 47.9712257 82.9215622 -28.6840515
vn 29.4038506 7.24720144 -95.3042068
vn 38.1118011 85.3768158 35.4723854
vn -5.70812893 -65.2886505 -75.5301971
vn -18.1353283 -91.0305328 -37.2095604
vn -19.3484688 -93.8733673 28.5206299
vn 7.29583216 -15.8820992 98.4608002
vn 28.6326771 65.8933105 69.5574722
vn 50.1149368 82.7115479 -25.4419308
vn 32.587307 16.4184971 -93.1047821
vn 39.3967628 82.1506424 41.2209549
vn -1.53710413 -54.7131348 -83.690567
vn -18.3917446 -88.2590408 -43.2676201
vn -23.5183659 -93.6324997 26.0737667
vn 0.10503348 -24.1712208 97.0347519
vn 25.9141483 56.5082588 78.3279877
vn 5.01061249 -42.2163811 -90.5133743
vn -12.8840332 -85.6405792 -49.9969177
vn 33.3539162 26.9851837 -90.3289337
vn -19.796524 -95.1004333 23.7487946
vn -1.44357121 -33.1808205 94.3236465
vn 21.5833569 45.463871 86.412941
vn 37.1880188 79.7119064 47.5716743
vn 47.6789742 84.8435364 -22.9845867
vn 45.7589493 86.5926895 -20.1946659
vn 35.8682327 36.1127052 -86.0775375
vn 33.8839989 76.5972214 54.6327705
vn 14.296711 -28.6645451 -94.7309189
vn -3.51358867 -82.2875137 -56.7134781
vn 15.7468109 32.8390808 93.1323395
vn -2.81856942 -41.6498985 90.8699265
vn -13.9070692 -96.6318588 21.653616
vn 49.070549 83.768631 -23.977026
vn 74.5263367 33.4324913 -57.68964
vn 80.1119003 59.7143173 4.03509951
vn 43.1199265 89.374649 12.3630238
vn -18.0157566 91.6345139 35.7567978
vn -2.27300406 95.7109833 28.8832283
vn 14.8251266 93.3498306 32.6500587
vn 47.1799278 79.4900894 -38.1494446
vn 56.2382507 23.3719521 -79.3158875
vn 25.4923725 92.3940353 28.5215759
vn 43.1505547 79.7069244 42.2473221
vn -22.4006653 88.3552628 41.1285515
vn 82.6313171 17.0150242 53.6894112
vn 41.0386429 -91.071991 4.66098595
vn 79.435791 -48.034771 -37.1835442
vn 22.1781826 -95.9939194 -17.1258507
vn -14.9266481 -89.40625 42.2340927
vn -16.6822643 -26.2136898 95.0502319
vn -37.0975189 -28.4722214 88.3917847
vn -20.5188847 -91.4879913 34.7695656
vn 1.01122999 -98.0725327 -19.5129719
vn -0.250396401 -97.7468109 -21.1068287
vn 1.68914068 -97.5978928 -21.7208729
vn 2.82376504 -81.4955368 57.8835258
vn -8.07377815 -24.7246609 96.5582962
vn -49.5077515 54.987854 67.2704849
vn -68.2795944 48.7015724 54.461483
vn -68.7378082 -39.618309 60.8728485
vn -59.1392288 -32.2432785 73.9115829
vn -21.8337841 53.3305817 81.725975
vn -21.4330826 -95.0093002 22.6684132
vn -11.8172493 -97.6202164 18.1836548
vn 7.86121941 -97.6251144 -20.1876335
vn 51.8154373 -58.0913048 -62.77388
vn 33.7750587 -60.0526619 -72.4770508
vn 93.4045868 -22.2710609 27.9210224
vn 62.8043289 73.9571762 -24.2064323
vn 33.1915131 85.8386536 39.1158371
vn 19.7941742 38.8892441 89.9767532
vn 44.7182236 -54.5976295 -70.8475723
vn 48.3784103 17.8925076 -85.6702194
vn 26.2961292 -59.5429611 -75.9154205
vn 48.4819756 18.8051472 -85.4158325
vn 48.7869415 77.8443069 -39.498085
vn 28.1806202 88.4072952 37.2827454
vn -0.43903178 46.9491196 88.2926254
vn -6.18368149 -98.810997 14.0765905
vn -11.0923557 -55.1851234 82.6532669
vn -17.7541771 -86.3540573 -47.1992188
vn 4.87660551 -99.4805756 8.93499947
vn -28.8270321 -69.283783 66.0965958
vn -27.138483 -37.7191353 -88.5481186
vn 9.970541 45.2026978 -88.6414337
vn 40.7149048 89.4673538 -18.3817635
vn 25.7932301 83.190918 49.132267
vn -9.58494854 33.2780647 93.8120346
vn -49.4620323 38.6657295 77.8361588
vn -0.556034327 -96.9522324 24.4939613
vn -62.3791389 -51.3294182 58.9417877
vn 10.6627369 -96.7036285 23.123848
vn 12.3295498 -98.3533707 13.2135258
vn -71.9186172 41.2918282 55.8810997
vn 72.6251755 58.6490402 35.8590927
vn 67.722374 69.2137375 -24.9627533
vn 25.8428993 34.3679695 90.282814
vn 34.4142418 33.6493721 87.6548843
vn 83.2537384 40.7141266 37.5656128
vn 87.1857071 43.112957 -23.2362843
vn -32.8389206 -56.1582336 -75.9464111
vn -75.19133 -50.2888565 -42.629734
vn -77.5244141 -40.8418312 -48.186203
vn -38.2638702 -40.6539421 -82.9646454
vn 15.5217562 -35.3487968 -92.2471542
vn 16.4725723 -52.7581787 -83.3380356
vn 14.6653357 -53.2109642 -83.3877869
vn -38.4175644 -48.7186432 -78.4256592
vn -87.0667572 -22.2416248 -43.8712883
vn 93.8458481 -24.5340843 24.3112049
vn 88.826561 -40.137764 -22.3338451
vn 94.0386734 -21.0181141 -26.738884
vn 96.2111511 -10.0773573 25.3349533
vn 65.5198364 11.0146627 74.7384033
vn 67.1072998 3.09435725 74.0745316
vn 61.1410904 -23.5224133 75.5543823
vn 92.9720078 -26.4707165 25.6028633
vn 93.5322495 -30.9167557 -17.2009449
vn 55.5042076 -48.9311523 -67.2683105
vn 59.4916153 -29.6503143 -74.710144
vn 58.1826096 -46.0834427 -67.0156784
vn -47.2319832 -16.067997 -86.6657791
vn -72.6522293 -33.9139442 -59.7620049
vn -14.3327551 17.0385761 -97.4897766
vn -7.48099756 11.4637318 -99.0586548
vn -55.2799683 -6.57868528 -83.0713272
vn -84.8588791 -14.611743 -50.8474846
vn 30.0207462 51.0697784 -80.5644684
vn 49.0073166 31.8204021 -81.1526108
vn 94.2720795 11.0470953 31.4759712
vn 96.0790176 3.05890489 -27.5583706
vn 50.7050934 17.477129 84.4010925
vn 59.2270966 -8.08059597 -80.1676788
vn 6.35916424 -17.1130161 -98.3194046
vn -32.1650314 19.2556667 92.7072296
vn -42.4726067 21.6276779 87.910881
vn -90.2165604 8.13238144 42.3655281
vn -90.4635468 1.12462723 42.603775
vn -89.0752869 -20.9527645 40.330822
vn -27.253088 19.0191422 94.316185
vn -47.5698357 -24.1336937 -84.5853119
vn -82.5607452 -24.5383034 -50.809391
vn -87.1136627 -47.9724846 -10.4809494
vn -85.9790802 -26.0854645 43.8992729
vn -90.5797653 -39.5532379 -15.1936378
vn -98.6344452 -13.3166494 -9.69085217
vn -87.0229034 -17.8159065 45.9304733
vn -96.9586334 -18.0923195 -16.483017
vn -98.2338867 -10.7544718 -15.3115749
vn -91.3556824 -35.064373 -20.6065331
vn -90.3528137 -12.8349209 40.8856087
vn -50.9669724 -74.17099 43.6008263
vn -25.61059 -92.3876495 -28.4362698
vn -23.8906193 -47.3314552 84.7878036
vn 52.884697 -36.0786133 76.8215027
vn 53.8670197 -28.9772854 79.1116943
vn -27.0471249 -31.9792423 90.8062897
vn -87.3119507 -11.1398077 47.4607964
vn -83.4147949 -33.6479568 43.7011108
vn -83.7349014 -32.7373505 43.7804947
vn -24.1453552 -43.071785 86.9587402
vn 51.0425797 -38.6942863 76.7945786
vn -21.8265858 9.10582638 97.1631851
vn -18.5983009 -20.8484478 96.0179443
vn -99.9550552 -2.90229201 -0.750217557
vn -87.1551666 -15.2828979 46.5876694
vn -97.3857956 -22.6151371 -2.13614893
vn -89.6846161 -19.0793877 -39.9079781
vn -90.5994339 -6.55922222 -41.8176842
vn -88.9485626 23.5249653 -39.1756096
vn -97.2748413 22.7975826 4.22777128
vn -84.7955627 9.22589874 52.1976585
vn -57.2660217 22.1824474 -78.9211044
vn -91.4878693 5.05769682 -40.0548248
vn -86.6997147 36.9584236 -33.4250565
vn -53.111927 57.0803452 -62.6175537
vn -4.67496681 66.3069153 -74.7096863
vn -1.28413355 30.5719814 -95.2034988
vn 5.28622246 -22.2494125 -97.3499908
vn -52.114975 -19.6834297 -83.0457382
vn -98.9309921 -14.4102316 -2.23693204
vn -98.8401031 15.1303787 -1.30710793
vn 91.9554367 -10.0316992 37.9942665
vn 95.3829727 17.4497833 -24.4457664
vn 90.1613388 39.5272446 -17.5649929
vn 93.832962 0.319831789 34.5727158
vn 86.91465 -30.0087357 39.3105469
vn 94.1995468 -27.1446095 -19.7386475
vn 53.4302483 29.4183807 -79.2449799
vn 43.6489563 63.4818306 -63.7559891
vn 57.2267952 -24.2337265 -78.3442383
vn 58.7412224 29.198 -75.4781113
vn 2.60412431 22.5718269 -97.3844452
vn 96.9130173 17.6602554 -17.2041206
vn 95.3096008 -5.74675179 29.7162437
vn 58.8998795 -29.4764442 75.2458801
vn -96.1607208 26.4265823 -7.39944696
vn -89.372879 3.20371866 44.7462463
vn -85.8924026 35.8563118 -36.5625534
vn -57.9878044 33.4288979 -74.2961884
vn -28.4752636 -25.8481979 92.309433
vn 24.8178444 -47.8300476 84.2398987
vn -14.9010925 -30.641716 94.0161819
vn 25.41082 -52.4450378 81.2638168
vn -0.000110688481 -51.2689896 85.8573837
vn -7.80103583e-05 -49.2283363 87.0434875
vn -0.000177571535 -82.3379288 56.7491493
vn 23.4740639 -84.614006 47.8480759
vn -48.702549 6.81598568 87.0724106
vn 31.6978989 -94.8432541 0.0248687938
vn -0.000174609173 -99.605217 8.87702084
vn 85.7195816 39.3269196 33.2497711
vn 90.3698425 30.632946 -29.9150829
vn 95.1322098 -17.7113838 -25.222414
vn 91.0506516 -9.56704807 40.227478
vn 47.9309731 -6.95329571 87.4887085
vn 40.7199783 47.9042244 77.7628937
vn 38.8382835 67.7948761 62.4134903
vn 82.1759262 52.0957222 23.0901222
vn 88.7640228 27.329586 -37.0680656
vn 84.1596603 -39.9822845 36.3121071
vn 85.933342 -46.4775658 -21.3376331
vn 49.5945015 -39.4492722 77.3572159
vn 49.8434181 -44.1650963 -74.5994415
vn 6.59911728 -38.6841354 -91.9781876
vn 51.2761459 -14.7848816 -84.5704727
vn 7.61262989 -8.95399952 -99.3069611
vn -27.3182983 -33.6436615 90.121109
vn -31.4393559 -6.05480528 94.7359772
vn -48.199791 -25.2971668 -83.8858337
vn -47.647171 8.18521786 -87.5371246
vn -21.3666134 69.510704 68.6420364
vn 46.30933 67.9662704 56.8861313
vn -28.8210754 58.0089493 76.1860123
vn -83.4116364 29.0736179 46.8745499
vn -82.7338257 31.6343117 46.4153633
vn -82.2665787 48.4902153 29.6801052
vn -8.14283466 87.5937805 47.5502281
vn 65.9673538 65.3054276 37.1955147
vn 48.2335434 23.4210606 -84.4095993
vn 7.25775337 22.6688938 -97.1259232
vn 50.1086006 6.63723612 -86.2848434
vn 7.91506481 -2.36341977 -99.6582413
vn -33.3012085 32.3812599 88.5577927
vn -81.931076 30.3009911 48.673893
vn -40.8112183 28.3439617 -86.7817078
vn -83.9723053 31.443306 -44.2715607
vn -40.6463127 -2.52007747 -91.331955
vn -86.1776276 -4.55553293 -50.5238838
vn -94.8312912 31.6307507 2.55391264
vn -99.8726044 5.01243544 -0.58152765
vn 98.3629379 -9.47663307 15.3273172
vn 87.3096085 -42.6138496 -23.6873665
vn 92.2135315 -20.9386063 -32.5305634
vn 95.4002533 24.7420368 16.9299049
vn 98.0491791 2.00576878 19.5533848
vn 64.3296661 -74.734726 16.6257687
vn 66.9234238 -73.2453613 12.5048809
vn 68.8740234 -71.7891846 -10.1332064
vn -40.31073 -52.0058441 -75.3022995
vn -81.1151657 -41.8680115 -40.833828
vn 6.92378569 -59.8977394 -79.7767029
vn 10.4902067 -72.978241 -67.558342
vn -35.9339867 -70.6595688 -60.958786
vn -79.4338913 -47.2350464 -38.1982613
vn -98.4986038 -17.0471992 2.72364807
vn -99.1877289 -12.5567036 -2.03075385
vn 89.1005325 40.6039886 20.3078995
vn 93.3657684 1.7484206 -35.7739525
vn 53.8923988 -33.3146133 -77.3675995
vn 48.42799 -56.6563644 -66.6692276
vn 0.820849538 -99.9538803 2.92396784
vn -23.3453579 -93.1008835 -28.0574474
vn 8.64924622 -86.105423 -50.1103477
vn 31.6798687 -90.8643951 -27.2038517
vn -3.01962709 -99.0434418 13.4639473
vn -69.2255478 -71.9718475 5.27986717
vn -68.5026855 -72.8516846 0.113076605
vn -68.7571945 -70.1463013 -18.7602119
vn 41.5141716 -68.1553192 -60.261322
vn 8.87832165 -72.2988052 -68.5131836
vn -1.33471763 93.6802826 34.9603195
vn 68.5546875 66.0165634 30.6931324
vn 76.7820282 62.7836914 12.7565088
vn 4.09550571 98.2828445 17.9918995
vn -74.2568817 65.7387466 12.8192711
vn -71.211113 64.6966095 27.2640152
vn -56.6754112 63.1507301 52.9139328
vn -10.4207878 76.52211 63.5277328
vn 41.7672844 68.1512756 60.090744
vn -31.0343685 -70.015007 -64.3021469
vn -79.2960281 -49.4458504 -35.5984154
vn -97.8122025 -19.8430004 -6.24727535
vn -99.8618011 -4.7088213 2.33374071
vn -1.37808025 -99.5764542 9.09017754
vn -67.8021698 -73.4904327 -1.42210531
vn 62.717617 -77.8861313 0.502225995
vn 69.0947342 -71.0473022 -13.3491039
vn 5.79163074 -99.7881622 -2.96340156
vn 3.36690331 -96.3367462 26.6062794
vn -8.68235588 -99.54422 -3.94509935
vn -72.5597763 -67.9092712 -11.1089115
vn -97.3400803 12.5284967 19.1819096
vn -99.9613495 2.71423554 0.600968778
vn -76.9794617 -63.4379311 -7.05632782
vn -81.2291718 -52.9825096 24.3859901
vn -71.5254517 -8.90511894 69.3167114
vn -72.6940384 31.8356552 60.8446274
vn 99.9437943 -1.68437207 2.89861822
vn 63.4170074 75.7272797 15.6096792
vn 76.7529373 64.0279083 -3.0680716
vn 99.0196609 -10.2725067 -9.46477222
vn -18.0044785 45.5311203 87.193779
vn 56.8028221 34.357254 74.7864914
vn -15.3803215 -26.5198517 95.1847839
vn 50.2239113 -11.6896095 85.6791229
vn -7.47518826 -90.4885254 41.9040298
vn 1.16236484 -99.7393341 -7.12137175
vn 76.5875549 -64.0446472 -5.71234512
vn 75.6239395 -56.0767899 33.7107239
vn -17.2039204 48.7472343 85.6021729
vn 58.171093 35.5553551 73.1569595
vn 41.4698257 70.4455795 57.5992393
vn -9.61734486 78.2384262 61.5325508
vn -53.2251663 65.7935104 53.27565
vn -69.540802 35.5854759 62.4319649
vn -68.8611984 -4.77794886 72.355423
vn -14.1420622 -23.4232197 96.1839676
vn 50.1384621 -11.0278816 85.8167801
vn -97.3822403 15.0990305 16.9917126
vn -78.5535889 -61.7499657 4.034338
vn -77.4959412 -63.1744385 -1.83566153
vn -99.4494095 7.25933695 7.55762577
vn -70.9381561 68.7160034 15.6808348
vn -67.3960419 70.9213943 20.6864662
vn 7.47527313 95.742157 27.8847542
vn 4.1465807 62.9321861 77.603775
vn 99.3470993 5.19059134 10.1593161
vn 75.0627213 63.7858543 17.2323112
vn 99.9855194 -1.48822165 0.825085819
vn 77.0267868 -63.7355576 -2.15685415
vn 97.4423218 10.7921886 19.710968
vn 74.8491898 -58.3695297 31.4737511
vn 73.3373718 -67.1661835 -10.5039473
vn 99.602272 -6.28205013 -6.31843424
vn 77.9702988 62.2778587 6.48850298
vn 69.940239 66.5439301 26.0819969
vn -8.2797184 -89.6414413 43.5414658
vn -80.6135101 -51.2801208 29.526453
vn 0.22921218 -99.7629089 -6.87823153
vn -0.258193821 94.4547577 32.8364449
vn 4.3899231 98.772377 14.9915295
vn -67.8456345 67.3395462 29.3658772
vn 3.17382884 97.4351959 22.2779846
vn -63.6791458 76.1722107 11.9482317
vn -69.5185928 71.878212 -0.82923907
vn -4.98993444 99.0706177 12.6536388
vn 13.8440504 98.0133209 14.2032032
vn -99.9774857 1.22049713 -1.73542619
vn -99.8441544 -1.07072902 -5.47707987
vn 96.2167435 12.5487633 24.1840229
vn 0.377223492 -99.2018967 -12.6031532
vn -75.9730377 -64.0930557 -10.9626322
vn -99.976593 1.8375392 -1.14223695
vn -73.3889008 67.7512512 4.88213301
vn 1.47050333 99.2812958 11.8769941
vn 9.88064575 99.2123795 7.6991992
vn 79.6548538 60.4367561 -1.5819838
vn 2.67444038 -99.0704041 -13.3380203
vn 72.5099335 -67.2307739 -14.9108353
vn 99.3043594 -8.33431244 -8.31767178
vn -95.5774155 16.4011459 24.4122887
vn 46.0831146 -72.9155502 50.5931664
vn -5.93852064e-06 -89.3777924 44.8509827
vn 78.5564041 -32.3974686 52.719017
vn 83.6599808 -5.99720287 54.4521942
vn 58.0539589 -43.8191681 68.6266479
vn -6.4071719e-06 -65.3895035 75.6585312
vn 45.9175797 83.3400421 -30.7573299
vn 59.0923843 79.7698593 12.0358057
vn -1.82438016e-05 86.6384201 -49.937809
vn -1.75540554e-05 67.7352142 -73.5658951
vn 48.5471649 64.8214645 -58.6630402
vn 79.5578537 59.9130745 -8.99838448
vn 53.3976784 67.7073593 50.639904
vn 81.5632019 36.8479042 44.6057892
vn 61.5425758 -29.4387741 73.1154633
vn -1.3145117e-05 -47.0539589 88.2378845
vn 85.8972321 0.902772367 51.1942368
vn 89.4575119 -5.49902868 44.3521347
vn 62.6552124 -24.4560471 74.0015259
vn -1.37811294e-05 -34.7931786 93.7519836
vn 95.7363586 9.1531086 27.4001675
vn 87.0476151 42.720665 -24.4470387
vn 79.510643 58.8191948 -14.7770605
vn 91.8051071 27.751915 28.3135071
vn 47.5014572 61.51297 -62.9266739
vn -8.85863301e-06 68.41082 -72.9380569
vn 2.51947877e-05 82.2616882 -56.8596115
vn 42.0361252 76.6930542 -48.4885445
vn 55.1907234 -25.9650822 79.2451859
vn 60.486908 -47.7653008 63.7166443
vn 83.6713104 -32.7952499 43.8586807
vn 85.7830429 -23.4926243 45.709568
vn 24.4850273 31.2984715 91.7653961
vn 64.5933609 35.0340881 67.825592
vn 63.5381508 52.2032318 56.9010239
vn 30.9543839 56.9619942 76.1390533
vn 1.83892007e-05 58.0499763 81.4260406
vn 2.06098939e-05 29.897068 95.4262238
vn -2.06258956e-05 -27.6500435 96.1013794
vn -6.52012295e-06 -67.6531219 73.6413803
vn 92.6094971 30.5603104 22.1257515
vn 77.3077316 59.3712425 -22.3287182
vn 79.9729614 48.6333199 -35.2012291
vn 97.771904 18.4857502 9.94649029
vn 37.8308525 74.5741425 -54.8409042
vn 9.80318509e-05 77.8804016 -62.7267418
vn -3.0137011e-05 69.913414 -71.4990463
vn 37.2827492 66.475441 -64.7380447
vn 32.8304138 -48.0379105 81.3297195
vn 32.4711571 -71.9045944 61.4439049
vn 38.2914429 -68.868721 61.5699959
vn 41.0929031 -49.0369339 76.8554077
vn 37.841713 -30.8375225 87.2757187
vn 31.8944149 -22.4521904 92.0795593
vn 28.1754074 -90.8452682 30.8752747
vn 27.718502 -44.092289 85.3671722
vn 49.4165573 -74.2869568 45.1602859
vn 31.4766407 23.3719559 91.9944153
vn 49.4168777 0.290126741 86.9361191
vn 59.6078568 -42.2977829 68.2480774
vn 16.9939995 -0.0337263122 98.5454407
vn -13.5005865 10.6329918 98.5122986
vn 2.03461027 -16.2199574 98.6548157
vn 20.1287918 -24.6232033 94.8078613
vn 32.705162 -22.1114388 91.8773956
vn 41.611042 -0.336732954 90.9307861
vn 42.1934471 37.2218018 82.6695251
vn 15.045208 48.5937691 86.0946426
vn -10.5360994 44.5053444 88.928421
vn 21.1794605 -54.0137711 81.4490204
vn 46.9455795 -35.8626862 80.6844559
vn -37.4622803 -35.2698021 85.7474136
vn 68.857193 -1.13788986 72.5078735
vn 51.3074799 53.565155 67.0694962
vn 14.9140244 87.0068893 46.9826927
vn 51.5632935 -8.39699745 85.2684937
vn 0.000294058234 -6.20670223 99.8071976
vn -36.7253761 72.020813 58.8578758
vn -60.0506287 15.4512739 78.4549561
vn -1.58232106e-05 28.9294605 95.7240067
vn 27.1987762 -12.9195461 95.3588638
vn -19.3881416 -11.4191284 97.4356384
vn -1.60108244 -52.9344597 84.8255844
vn 22.132597 -58.9244385 77.7049637
vn 38.530323 -45.1609459 80.4729996
vn 39.3316231 -15.1820755 90.678154
vn 33.3960152 14.3605366 93.1583557
vn 13.0823088 38.4526482 91.3796921
vn -9.55625534 34.8833313 93.2299957
vn 13.6111336 -96.4364243 22.6881504
vn 43.8321724 -68.1335144 58.6222229
vn -49.2728729 -77.6216125 39.3328171
vn 56.6544952 -27.0056076 77.8521957
vn 33.9782982 6.85411263 93.8003082
vn 9.63909721 56.0032158 82.2844391
vn -38.6502304 41.937088 82.142807
vn -68.0615311 -7.98840523 72.8272705
vn -3.1274119e-06 -8.2536993 99.6587982
vn 31.5573425 86.5715027 38.8523903
vn 71.1457901 61.6723595 33.6867332
vn 72.8981018 66.2232361 17.330555
vn 33.0609818 93.2896881 14.2829533
vn -4.70056693e-05 99.0662003 13.6340275
vn -1.71258671e-05 90.9974823 41.4663582
vn 37.3226471 56.9640884 -73.2264557
vn 80.5289536 37.1369743 -46.2161522
vn -0.000109444751 60.9160919 -79.304657
vn 1.54753689e-05 58.1245499 -81.3728333
vn 38.5412788 54.3345261 -74.5810165
vn 80.3221359 36.6590958 -46.9517288
vn 61.2800789 -28.7019234 73.6271133
vn -1.03360321e-06 -34.1282463 93.9960785
vn 91.0337448 -15.9340315 38.1963806
vn 88.2151184 -14.7118511 44.7398605
vn 54.2172432 -21.8571529 81.1341782
vn -2.09702539e-05 -22.9139614 97.3393478
vn 98.2810822 -7.02332926 17.0734196
vn 95.2741165 20.1581478 -22.726469
vn 94.7848892 20.1413326 -24.7012157
vn 97.6156311 -6.44193935 20.7289467
vn 68.9047165 -68.8317871 22.6787357
vn 1.23667269e-06 -96.1248016 27.5684814
vn -5.58501097e-06 -99.9897079 1.43503749
vn 66.4981842 -74.4159546 6.34485769
vn 90.483345 -39.6607475 15.4851074
vn 90.3923416 -36.3551102 22.5284348
vn 95.048996 -21.7177105 22.2267799
vn 96.077652 -20.4893246 18.688818
vn 87.5093536 37.1654778 30.9974232
vn 90.393158 38.5965614 18.4223213
vn 97.4460907 -20.8742428 8.27794933
vn 87.3375702 -29.9368153 38.4179192
vn 93.5217438 15.4495001 -31.859024
vn 77.6325912 29.1584988 -55.8834839
vn 75.1124268 30.4951687 -58.55056
vn 89.744812 7.48967409 -43.4715385
vn 93.8014526 -33.9794006 -6.83288813
vn 84.4852753 -52.1233292 12.0580769
vn 94.5423508 -32.3151855 -4.17998362
vn 84.6888275 -52.8633652 5.76775122
vn 92.5560455 23.2219105 -29.9018574
vn 76.7596283 51.0432701 -38.7626877
vn 75.0530624 64.2038879 -15.6492157
vn 92.5049438 37.247406 -7.44763422
vn 96.0521164 -27.146019 6.08977699
vn 87.2529526 -47.9851494 9.18413448
vn 96.1542206 -21.6782513 16.8647156
vn 89.0536804 -43.1503258 14.404542
vn 90.5727539 40.8864784 11.1745005
vn 72.9657974 68.2283554 4.57025766
vn 48.4808655 -37.9136963 78.8172455
vn -1.37777615e-05 -36.0959892 93.2581406
vn 48.4214211 -74.8968887 45.2307739
vn 2.42397837e-05 -81.4098358 58.0727043
vn 49.5681915 -84.5286026 19.9476871
vn 1.94489871e-06 -97.4024811 22.6441345
vn 54.5062904 -83.6335373 5.87325382
vn -7.45206216e-06 -99.9999313 0.119225942
vn 60.7532387 -79.3929977 2.40746212
vn -8.33534887e-06 -99.8014069 -6.29914999
vn 38.5544395 47.2049255 -79.2795639
vn 3.40772349e-05 51.6488533 -85.6294098
vn 3.133871e-05 66.5291901 -74.6583328
vn 38.6716232 57.8024216 -71.8567123
vn 37.2681541 82.3170013 -42.836853
vn 1.34436332e-05 90.9035416 -41.6718636
vn 0 97.9170151 -20.304142
vn 32.926281 92.2105942 -20.3240452
vn 32.0817986 94.6498108 -3.48862576
vn -2.20473084e-05 99.8321228 -5.79199696
vn 59.0875397 74.119133 31.8593063
vn 32.7430725 85.0409851 41.1815529
vn 41.3097839 82.437355 38.6986351
vn 72.3092728 64.5072784 24.7018394
vn 91.026268 40.6100006 8.06510258
vn 79.5017471 57.3900681 19.6431332
vn -0.000141455093 94.2783585 33.3405533
vn -0.000141437093 94.2783585 33.3405533
vn 9.55709839 93.2846756 34.7366219
vn 9.45265198 93.2775421 34.7843018
vn 12.6858625 90.6461487 40.2783318
vn 12.9441242 90.5445023 40.4245148
vn 92.8206558 36.7876511 5.56714487
vn -50.739933 80.4569168 30.8568134
vn -39.8112488 84.6104126 35.4421005
vn -33.5646324 86.3559952 37.6305466
vn -52.5942383 79.5762253 30.0244923
vn -62.1116638 73.4524765 27.3290424
vn -58.7723007 75.533287 28.992054
vn -61.107708 77.8115234 14.5331554
vn -62.298954 74.8593063 22.6919155
vn -62.3233185 77.4831924 10.5904751
vn -78.6024628 31.9789963 -52.905529
vn -97.9117737 6.22304153 -19.3535252
vn -50.1598816 11.158144 -85.7874298
vn -71.8424225 27.1328659 -64.05056
vn -80.067749 35.328331 -48.384552
vn -97.4288101 14.6137104 -17.1483574
vn -55.2165146 43.2510147 -71.2775345
vn -54.3576775 48.2923965 -68.6519318
vn -62.3245125 20.72085 -75.4075699
vn -95.5940094 -18.488327 -22.8027954
vn -96.3653946 -16.1700897 -21.2659092
vn -96.5932999 25.8356895 1.50046587
vn -97.1949463 23.5188942 0.0670735091
vn -72.7507019 -54.2051048 -42.0611763
vn -75.9754639 -51.2481537 -40.0169334
vn -90.7973175 -7.89997339 -41.1513939
vn -69.6822128 -52.5928688 -48.7686272
vn -96.767601 24.7694759 -4.7438364
vn -64.5173416 25.9531345 -71.8606262
vn -42.8559418 40.722683 -80.6537857
vn -72.9681168 11.757412 -67.3603439
vn -80.005928 40.334919 -44.4088478
vn -80.6716843 56.2598991 18.0804539
vn -79.9724121 57.0158043 18.8045769
vn -83.0320969 55.7008095 -1.75763702
vn -79.2372055 38.3117294 -47.4728966
vn -96.1766052 16.1559715 -22.1143742
vn -79.1124725 38.9926376 -47.1252823
vn -96.0938873 15.9051399 -22.6493073
vn -53.622364 53.0268021 -65.6719131
vn -52.7626228 54.6541862 -65.0309677
vn -78.8628845 40.160305 -46.5595856
vn -95.9720383 16.268816 -22.9062233
vn -78.605423 39.4993095 -47.5498962
vn -95.8578568 15.8015795 -23.6977024
vn -51.9859657 56.6723404 -63.9195175
vn -51.3672333 56.0084839 -64.9958038
vn -78.5573654 39.2702446 -47.8182907
vn -95.9080658 15.266222 -23.8450241
vn -78.7336578 41.3156776 -45.7605209
vn -95.9675674 15.9009609 -23.1815567
vn -51.0968132 55.9610786 -65.2493134
vn -51.0977516 59.3331032 -62.1980896
vn -79.1596375 44.1340714 -42.2603226
vn -96.0754395 16.9848022 -21.932291
vn -79.2401276 45.7414703 -40.3573875
vn -95.9704666 18.1018009 -21.4940338
vn -51.0976181 64.0924759 -57.2816505
vn -50.9459076 66.501442 -54.608345
vn -79.4783401 48.8611069 -35.9970093
vn -96.2633896 19.0905838 -19.2070065
vn -78.2478714 55.2638741 -28.6910057
vn -95.8960342 22.993084 -16.5912762
vn -51.614296 70.4126968 -48.7649002
vn -50.3908272 77.4329376 -38.2740631
vn -76.3471832 60.0275459 -23.8285618
vn -95.3201981 26.2911625 -14.9276934
vn -76.6468887 62.8851089 -13.0658646
vn -95.740509 26.8848724 -10.5337105
vn -48.3257904 82.0779114 -30.4603291
vn -48.8876915 86.1111603 -13.9593058
vn -77.0571747 63.7343483 -0.353784114
vn -95.7264404 28.4782352 -5.04357862
vn -78.2224731 61.9832878 6.27039337
vn -95.9597778 28.0797634 -1.80271065
vn -49.0215111 87.0818634 3.69332719
vn -49.1357002 86.282959 11.8715458
vn -78.3641815 61.0947418 11.2466564
vn -95.9616013 28.1205807 0.777330756
vn -78.4802856 60.5853462 13.0484457
vn -95.8889923 28.3153152 1.88291347
vn -47.8254852 85.7709045 18.8699493
vn -49.4840164 84.1716766 21.5977058
vn -79.0698395 59.1115227 15.9307842
vn -96.090744 27.4874744 3.31802201
vn -78.9335938 57.9813919 20.1902256
vn -96.0453568 27.260685 5.66969824
vn -52.601017 81.3897018 24.67486
vn -52.8949852 79.4395676 29.8576221
vn -79.0399704 57.8734016 20.0836525
vn -96.1404037 27.2380657 3.88715219
vn -54.2192764 78.2742844 30.551712
vn -51.7273712 -84.780571 -11.6847467
vn -51.3209763 -85.7980881 2.20123029
vn -52.9451294 -81.4464798 -23.7335739
vn -79.5316772 -59.6346741 -10.8820124
vn -80.5137482 -56.1250267 -19.1707096
vn -78.9077225 -61.4275055 -0.482649505
vn -91.8835144 -24.2774982 31.1130505
vn -51.7359314 -61.6507568 -59.3513031
vn -77.8483047 -29.758358 55.2637672
vn -35.8752403 -90.5319977 -22.7359486
vn -95.026825 -12.4479551 28.5473728
vn -78.793602 -28.7068501 54.4746246
vn -97.9149017 -15.048274 13.6463861
vn -81.8063736 -39.5600166 41.7459259
vn -97.94207 -16.5135384 11.6040182
vn -81.5429459 -42.5061798 39.2934074
vn -98.0086288 -17.29319 9.75990772
vn -81.5778885 -45.0178185 36.3103638
vn -98.0027008 -17.4752979 9.49132824
vn -81.3521957 -45.074749 36.7435455
vn -97.8697281 -18.2758694 9.35459614
vn -80.8781128 -46.0277557 36.6084213
vn -97.7820282 -19.2045994 8.35819435
vn -80.7138824 -47.8967819 34.5132828
vn -97.7301102 -20.0423126 6.86514139
vn -80.7749176 -50.1021461 31.0674572
vn -97.8400574 -20.0256596 5.12798405
vn -80.964447 -51.7689552 27.6538029
vn -97.5261078 -21.9174328 2.87791252
vn -80.3937454 -55.9671783 20.11273
vn -97.4720154 -22.2901726 -1.53469729
vn -79.9661789 -59.2495308 9.74183083
vn -97.4506607 -22.2050095 -3.21018052
vn -79.3393402 -60.6195335 5.52657032
vn -97.1580505 -23.0993443 -5.17036438
vn -97.374054 -20.8422565 -9.15937042
vn -97.5348129 -18.5651531 -11.9286871
vn -97.68573 -17.0155106 -12.9603567
vn -81.1394348 -53.5483208 -23.43009
vn -97.7827454 -16.3196697 -13.1226778
vn -81.1368332 -52.714901 -25.2577477
vn -97.6136627 -16.612381 -13.9858131
vn -80.2893829 -52.6219215 -28.0097847
vn -97.6486588 -15.8399763 -14.6230383
vn -79.868515 -51.4704132 -31.1739788
vn -97.20047 -14.9878511 -18.0950756
vn -78.7352295 -50.0412178 -36.0088882
vn -17.823019 49.178688 -85.2279053
vn -25.5342541 26.225296 -93.0603943
vn -18.3668041 56.0017357 -80.7865448
vn -18.8573666 61.1796608 -76.8208847
vn -17.4341602 63.204216 -75.5068054
vn -16.5949459 65.6238251 -73.6078796
vn -16.1764202 64.79245 -74.4329376
vn -15.9226704 64.8086243 -74.4735565
vn -15.5749636 68.8233185 -70.857399
vn -14.800909 74.4594116 -65.0901642
vn -14.4397526 77.4356537 -61.6053085
vn -15.2648792 82.0448837 -55.0964737
vn -15.2166958 88.9470291 -43.0915222
vn -14.5267487 93.115387 -33.4439278
vn -14.9391413 97.8637848 -14.1245422
vn -14.8018866 98.7064514 6.15946913
vn -13.3300409 98.04245 14.4909439
vn -11.2714071 96.7504044 22.6343975
vn -13.9609518 95.3085938 26.8582401
vn -19.6239052 93.3678894 29.9556618
vn -19.9000511 91.5142517 35.0589561
vn -4.55291605 93.2999115 35.6986961
vn -23.6685524 89.754631 37.2008781
vn -8.7382412 91.6510696 39.0349503
vn -99.2023087 -11.9556894 -3.99533844
vn -90.5865631 37.3622589 19.9533653
vn -59.6434593 -4.33518982 80.1490021
vn -91.3925247 -7.61925793 39.8667107
vn -90.3037186 -11.9625416 -41.2569313
vn -92.4383316 -37.0041389 -9.26546955
vn -86.4051819 -30.4437904 -40.0914078
vn -86.3697815 -30.5970554 40.0509872
vn -28.7496471 -0.299327105 -95.7777023
vn -60.2747078 -6.43391418 -79.5334167
vn -29.5370331 -4.56440115 -95.429184
vn -58.7281151 -10.811285 -80.2130051
vn -76.485321 -10.7074213 -63.5243835
vn -75.9332428 -20.2406464 -61.8422127
vn -77.303154 24.0551128 -58.6990166
vn -78.2861328 5.03649139 -62.0154457
vn -79.6896133 -13.6454592 -58.8503723
vn -64.3403397 38.9772301 -65.8869858
vn -60.3431778 33.1735001 -72.5135803
vn -61.8971481 16.3964443 -76.8108063
vn -71.3989029 50.1346931 -48.8744087
vn -57.7304497 46.2311897 -67.3043289
vn -71.659729 68.5731201 -12.7518396
vn -90.6693192 -41.3213806 -8.46274281
vn -80.7756042 -43.2137909 40.0982552
vn -87.1787186 -25.5372505 -41.8057442
vn -79.3239899 -58.7175217 -16.1231537
vn -59.9376602 -69.868042 39.0631905
vn -34.0887413 9.40871239 -93.5384064
vn -61.5871201 -1.83824599 -78.7632446
vn -35.3189926 32.0604019 -87.890274
vn -77.0389023 -12.0488443 -62.6085663
vn -16.7677116 95.1596146 -25.7583141
vn -9.17291355 95.169426 -29.3025208
vn -20.102747 44.5346222 -87.2499161
vn -35.2492943 43.429203 -82.8938522
vn -16.8276482 86.6383362 47.0173302
vn -5.22781181 89.7952881 43.6975632
vn -19.227066 95.6644745 -21.8776035
vn -13.0081577 84.642189 51.6380157
vn -26.5541611 46.7755013 -84.3026047
vn -32.2096596 49.2649803 -80.8424301
vn -36.1260071 66.2452621 -65.6237411
vn -12.8535957 22.6263218 96.5548401
vn 3.04895687 25.6907406 96.5954971
vn 4.86951113 -52.043911 85.2509079
vn 14.6170092 -51.9399033 84.1937637
vn -1.60969734 22.8001308 97.3527832
vn 14.9916964 -49.5968742 85.5301132
vn 11.6738033 -96.0486679 25.2660751
vn 16.5877686 -94.9867706 26.5020199
vn -11.7752323 -91.3242188 -39.0029755
vn 0.102379277 -92.7414474 -37.4033775
vn 18.2808571 -95.6797562 22.609642
vn 0.0856262147 -88.3482819 -46.8462868
vn -78.8660202 17.4291878 -58.9607735
vn -42.1373253 -59.5588608 -68.3899765
vn -35.1320992 -75.7715988 -54.9945488
vn -44.3547668 -72.7293243 -52.3746071
vn -69.4088211 -38.2958527 60.9577255
vn -68.4638596 -70.472374 18.6103115
vn -58.046627 -45.9846001 67.2012329
vn -55.3051529 -57.3280334 60.4552345
vn -54.2709541 -60.6825027 58.0714836
vn -54.1590157 -64.4410095 53.9829369
vn -53.713047 -64.2353821 54.66922
vn -53.0293884 -65.0007248 54.4315224
vn -52.8968811 -67.1328888 51.9143143
vn -53.1329079 -70.2752838 47.3104477
vn -53.1924171 -73.3605728 42.2941322
vn -52.3828964 -79.416954 30.8055172
vn -52.1290665 -83.7280884 16.49753
vn -51.7653694 -84.9447327 10.2341766
vn -53.7776413 -78.5622406 -30.5931396
vn -53.677166 -77.1737366 -34.102459
vn -52.3828812 -76.3409424 -37.7901421
vn -51.67342 -74.5108643 -42.166214
vn -49.663269 -72.2694702 -48.0695648
vn -36.2971306 -41.9440918 -83.2058258
vn -17.0937538 -42.3031235 -88.9845505
vn -20.8039246 -38.4886284 -89.921196
vn 31.5584221 -26.4948349 -91.1158066
vn 22.8798065 -24.7632408 -94.1450806
vn 42.274971 -75.1046219 -50.716095
vn 50.1137123 -74.0291748 -44.8140182
vn -20.2410526 44.5660858 -87.2018509
vn -22.3509483 49.4322968 -84.005249
vn 22.5233803 -36.3145103 -90.4099197
vn 2.06002975 41.4662552 -90.974205
vn 29.6297245 -84.8316422 -43.8824577
vn -52.8561478 72.9819565 -43.3573685
vn -46.7539978 83.7822495 -28.188612
vn 70.1492691 -29.6593189 64.8028183
vn 23.3422451 10.0897369 96.7126465
vn 42.778595 -77.7465363 46.1027794
vn 15.2304907 -44.3912735 88.3031616
vn 1.04389787 -68.6008224 72.7518768
vn 4.78680563 -22.227272 97.380867
vn -28.5302467 3.55013299 95.777977
vn -27.8975964 37.9610291 88.2081833
vn -44.3441811 41.6539078 79.3633728
vn -58.236496 22.6699142 78.0678406
vn -31.0841236 -67.7852173 66.6253738
vn -66.373848 -10.0198231 74.1222916
vn -33.5086784 -74.0053864 -58.3126984
vn -30.5432434 -94.7191086 9.76734734
vn -7.36847496 19.6498585 -97.7731552
vn 16.6160049 -45.8036118 -87.3266144
vn 18.8396492 45.0306854 -87.2771683
vn 10.457058 -95.9799728 -26.0479603
vn -16.7982025 -80.841629 56.4132156
vn -46.7050476 -58.3614159 66.4272766
vn -25.9106331 -29.5562153 91.9514465
vn 12.6168613 -93.1817245 34.0291214
vn 11.6157408 -54.3955727 83.1035309
vn -56.9743881 47.8664055 66.8036423
vn -66.1748962 60.5570564 44.2009735
vn -55.3094215 82.9551544 -7.70135832
vn -4.67954779 30.0424309 95.2657013
vn -9.8772707 94.6783066 30.6342449
vn -19.5740662 73.8764038 -64.4913406
vn 4.29735613 91.7244644 -39.5999184
vn 8.78598213 -43.3218575 -89.6996231
vn 16.4352016 -93.0321274 -32.7857933
vn 1.4094398 45.2559624 -89.1622772
vn 21.133604 -93.5772781 28.2252159
vn 23.2601032 -52.867012 81.633606
vn 15.786128 28.6665211 94.4935303
vn 3.61338973 92.9921722 36.5978012
vn -1.78907979 94.3671494 -33.039959
vn 7.81758213 -31.3345642 -94.6415863
vn 21.8796463 -82.0630341 -52.7914619
vn -14.8515015 48.6833267 -86.0776825
vn -23.7048759 95.1227264 -19.7420006
vn -10.13974 83.1283951 54.6521263
vn -42.8071213 88.5963058 -17.8394642
vn -28.7815418 78.6271439 54.6753693
vn 29.5321407 -93.4759979 19.7507153
vn 27.0119247 -46.4253349 84.3507156
vn 41.2930565 -88.651886 20.8741188
vn 26.615387 -45.2040291 85.1364594
vn 11.8959255 24.1072884 96.3188782
vn 0.914102256 23.3419933 97.2332993
vn -54.4651146 81.5764236 -19.4637699
vn -46.6826248 71.1424103 52.5308495
vn -23.0967674 93.9024429 -25.4729156
vn -27.8852634 80.5304871 52.3187447
vn 43.0564423 -87.4602356 22.2901382
vn 17.5020809 -50.6738319 84.4146881
vn 23.6464386 -94.7034683 21.7278671
vn 6.51359034 -56.9020042 81.9739838
vn -16.1271191 17.2366409 97.1741486
vn -14.4480867 16.0606441 97.6386642
vn 24.7765102 -94.4595947 21.5292778
vn 17.8815842 -95.7975845 22.4292679
vn 6.02786303 -47.1092224 88.002182
vn 8.71056747 -44.0008659 89.3759003
vn 13.3444052 -84.5382843 -51.7224045
vn 8.33089352 -86.5123672 -49.4591408
vn 19.0595512 -96.065834 20.2012577
vn 18.3017139 -83.9792175 -51.1130066
vn 7.51298571 -45.4531403 88.755661
vn -17.6738472 25.1765347 95.1513367
vn -12.9811678 25.4452171 95.8333435
vn -20.6521683 84.3975296 49.5029907
vn -34.2894478 78.1042633 52.1915512
vn -12.9176426 28.0872879 95.1011963
vn -35.5448914 76.8764954 53.1654549
vn -35.8161964 90.7336273 -22.0138645
vn -17.794672 95.4827728 -23.7989311
vn -13.8572187 45.0238457 -88.2090073
vn -26.6520271 37.8326607 -88.6473923
vn -41.3798637 88.9907455 -19.1925468
vn -21.7512493 39.1884575 -89.393219
vn -5.80949259 -40.3879547 -91.2965775
vn -4.73609924 -37.6977959 -92.5010529
vn 9.60437489 -40.0216103 -91.1374054
vn 5.8284893 -36.144558 -93.0569763
vn 8.32443428 -87.9952698 -46.7711105
vn 4.357131 47.4648819 -87.9096146
vn 0.943087041 96.9957123 -24.3093147
vn -5.95669413 87.1201553 48.7298431
vn -6.813272 24.1103477 96.8104782
vn 2.14020944 -52.0958748 85.3313599
vn 9.16940212 -97.0379028 22.3510571
vn -28.6831951 93.8450012 -19.2455139
vn -34.9970856 91.6772537 -19.2480259
vn -10.7327185 50.2926598 -85.7639694
vn -14.3509274 61.223175 -77.7545776
vn -21.6052055 97.2526016 8.66878319
vn -4.48630285 92.8719025 36.8060417
vn -24.6098423 95.293251 -17.7074223
vn -16.8820286 94.5345535 27.8965206
vn -31.0625553 92.3672104 -22.4369545
vn -39.1916847 87.409935 -28.6969261
vn -30.4351654 93.4728775 -18.3445492
vn -36.8834724 90.8210373 -19.7774754
vn -22.1127186 94.6915054 -23.3355103
vn -38.2652702 91.3890076 -13.5580273
vn -5.36559057 55.7565536 -82.8396988
vn 10.4516287 -36.9098206 -92.3494949
vn 20.6823807 -38.0019836 -90.1559143
vn 11.730792 -90.2874908 -41.3588982
vn 8.35679722 -94.5739441 -31.3995953
vn 7.82094431 -30.9707203 -94.7610016
vn 9.99281979 -90.0701981 -42.2788658
vn -23.7151279 94.7058029 -21.6426773
vn -14.1025438 96.5597458 -21.8479996
vn -9.55638123 44.1357384 -89.2228241
vn -16.984726 43.1570549 -88.5945129
vn -17.1523056 82.2951431 54.1599998
vn -11.4997225 83.1459274 54.3554153
vn -36.2806168 90.8277893 -20.8333797
vn -26.5546436 79.243721 54.9115944
vn -27.5406113 39.4631577 -87.6594238
vn -19.8946114 31.6912441 92.7354736
vn -25.4051895 -42.3653717 86.9468384
vn -28.5765533 -93.0490341 22.9185123
vn -94.0503998 -32.3907509 10.2645779
vn -7.08544636 35.5098648 93.2139816
vn -3.93386078 -41.5553818 90.8717499
vn -21.6571846 79.6583176 56.4403954
vn -9.38988686 -98.0914917 17.0261173
vn 0.00118932803 -84.0286713 -54.2142258
vn -7.67032671 -98.7482529 13.7822237
vn -0.424765527 -97.6875153 21.3768063
vn -0.00884849671 -81.8952179 -57.3861732
vn -0.298494697 -27.5712433 -96.123558
vn -5.6580801 46.3499413 -88.4289017
vn -2.71916151 -25.7366219 -96.5931244
vn -14.0596304 96.3647842 -22.7190857
vn 14.0465345 -96.0558624 23.9992828
vn -0.469383538 -97.1884766 23.5410156
vn -5.01531172 -32.0411301 94.5950012
vn 4.10167217 -30.4941826 95.148735
vn 10.0186453 -85.7272949 -50.5020523
vn 0.707463145 -86.6687851 -49.8800697
vn 19.9995079 -94.905098 24.3524303
vn 14.0743446 -85.6115646 -49.7249832
vn 4.0803709 -32.1398926 94.6064377
vn -14.801693 59.9737892 78.6387634
vn -20.7423496 -27.4911251 93.8828735
vn -27.0657177 -95.0382462 15.3355913
vn -94.253334 -27.6373024 18.7746334
vn -8.51589394 61.8321724 78.1297913
vn -6.11579609 -22.1000252 97.3354187
vn -13.4030476 90.6569824 40.0208626
vn -11.3314981 90.6256561 40.7257309
vn -13.2129059 -96.1736984 24.0007648
vn -13.0116282 -90.6144562 -40.2457199
vn -26.891077 -94.4350433 18.9445248
vn -20.7999725 -95.9830322 18.8313599
vn -0.563053489 -96.6294098 25.7378883
vn 1.32328916 -90.3039246 -42.9354172
vn -11.7132721 -57.0269623 -81.306366
vn -18.7797813 23.1249199 -95.4597168
vn -94.2299652 -30.1731205 14.5015783
vn -0.417647749 -54.5037651 -83.840126
vn -9.03817463 25.151392 -96.362442
vn -15.8104134 95.2697754 -25.9557247
vn -14.0899553 95.0912781 -27.5521793
vn 3.20888805 -53.4469452 -84.45784
vn 12.0578508 -89.1467056 -43.6746254
vn -15.3442593 25.1984215 -95.5489044
vn 3.84345102 -53.8270874 -84.1895065
vn -25.5653763 20.9033985 -94.3899307
vn 18.5829964 -88.2672348 -43.1690559
vn -9.06182289 70.0809631 70.7569351
vn -14.9945621 -20.6051464 96.6984482
vn -45.6065674 -65.2430496 60.5259056
vn -24.9197197 63.0851631 73.4797287
vn -8.9066534 71.5722961 69.268158
vn -7.19075441 -12.3089943 98.9786835
vn -8.15037251 93.7065048 33.9508858
vn -11.1958113 93.0102615 34.9820938
vn -13.0888376 -95.8534546 25.3139763
vn -14.8130503 -92.355751 -35.3693275
vn -19.8089714 -96.2495117 18.5374527
vn -0.710209906 -95.9938812 28.0119667
vn 1.84257531 -92.990921 -36.7327347
vn -12.3899612 -67.9410706 -72.322197
vn -24.8218079 7.21912909 -96.6010361
vn 0.652556658 -65.8540726 -75.2516708
vn -8.75126743 14.9397898 -98.4896774
vn -15.2499914 94.8561325 -27.7443981
vn -14.1506939 94.1557007 -30.5689487
vn 13.8569937 -94.7523117 28.8094196
vn -0.26615721 -11.1716709 99.373642
vn 12.4729137 -91.9823914 -37.1976776
vn 19.5839958 -93.5743103 29.331131
vn 18.0963421 -91.2334824 -36.7283707
vn -2.87786174 -14.3293066 98.926178
vn -17.4552898 46.9459496 86.5528183
vn -23.0218716 -35.4427643 90.6300354
vn -7.91152573 49.7146568 86.4052124
vn -16.8822098 86.3436508 47.5369911
vn -11.4376402 87.408287 47.2119865
vn -13.3443384 -96.6075363 22.1113892
vn -11.4194708 -87.9558563 -46.1883316
vn -21.21134 -95.3879242 21.2420158
vn -10.5872068 -43.5510597 -89.3936081
vn -14.2725725 35.7667465 -92.2877731
vn -1.56477487 -40.9237251 -91.2293854
vn -9.31660271 35.0462036 -93.1931534
vn -15.4454737 95.9345016 -23.6221981
vn -14.0740843 95.8820038 -24.6689987
vn 25.7518139 -94.1728516 21.6406898
vn 21.7732105 -95.2235107 21.4105549
vn 9.51349258 -39.7087479 91.2836685
vn 13.3046837 -39.0614662 91.0888977
vn 9.3301096 -81.7272568 -56.8648033
vn 7.31263065 -81.5908127 -57.3538475
vn -5.39416981 -96.0690994 27.2328968
vn 4.97860479 -82.5412979 -56.2329636
vn 8.85570145 -39.9727058 91.2346344
vn -26.6604195 65.8551483 70.3727493
vn -27.4305553 66.2705917 69.6833801
vn -39.125473 84.8444443 35.6457291
vn -40.0329437 84.1367722 36.3093262
vn -1.88566041 -14.2572613 98.9604721
vn -3.19496608 -14.9355135 98.8267288
vn -44.1858902 45.6806412 77.2067719
vn -9.27508068 -13.9430141 98.5878525
vn -43.746315 81.7501755 37.458889
vn -55.6030884 80.1151581 -22.1327477
vn -51.5237999 82.6472702 -22.6876202
vn -38.4307709 24.2106571 -89.0894012
vn -44.1726608 21.2758713 -87.1556854
vn -38.0680046 78.7313156 48.4995613
vn -37.6198158 79.4298096 47.7038383
vn -77.2315063 59.1056137 -23.2770748
vn -42.0523872 76.0141449 49.5322723
vn -49.923996 17.3287659 -84.895874
vn -13.2926893 33.0826988 93.4282532
vn -14.0206251 33.5444145 93.1568222
vn -36.285965 75.4164276 54.7328911
vn -38.2402611 73.8390732 55.5470467
vn -32.7977715 18.3991108 92.6594849
vn -42.1305161 71.1105576 56.2877197
vn 5.80811596 -64.8549194 -75.8953705
vn -13.3655787 15.2288113 -97.9257126
vn 7.47025537 -64.8780212 -75.7300491
vn -22.1327877 11.3178854 -96.8609543
vn -25.6509724 92.7226257 -27.2862644
vn -20.1935234 89.1739807 40.4996529
vn -41.0813103 87.3092117 -26.2569237
vn -32.6721268 85.1283493 41.0572243
vn -0.0218484346 -40.2018776 -91.5631485
vn -16.0773048 34.643055 -92.4195862
vn -1.54586756 -41.2038307 -91.1035385
vn -25.9272099 30.8661747 -91.5153427
vn -24.8074493 91.9873428 -30.3795547
vn -19.9270344 91.5783844 34.8756714
vn -38.8087234 87.2831802 -29.5893574
vn -31.3899574 88.0970764 35.4058914
vn -24.7335949 93.7827148 -24.3526192
vn -18.9909992 86.1847382 47.0269394
vn -38.6529846 89.1928329 -23.4645119
vn -30.2599125 82.5295486 47.6782074
vn -6.39432144 35.6892128 93.1954575
vn 5.73346519 -40.4136696 91.2899933
vn -11.3186255 33.6270065 93.4939117
vn 5.32466841 -41.7806015 90.6974487
vn -12.478364 61.2648849 78.0442505
vn 2.49419665 -20.2658119 97.8931808
vn -20.936245 58.3420219 78.472168
vn 2.72756267 -22.2826424 97.4476471
vn 12.6222219 -96.8273163 21.5673523
vn 7.03489351 -81.3009338 -57.7985039
vn 14.8584099 -96.4343872 21.9006042
vn 6.38111162 -82.2893753 -56.4600792
vn -14.1631098 70.6619186 69.3274689
vn -23.2195969 67.6963196 69.8431015
vn 15.0437326 -95.2933578 26.322237
vn 23.3499241 -93.5097733 26.6590099
vn -9.81686783 49.4845581 86.3418121
vn -16.8600273 46.8770523 86.7080231
vn -3.8611629 -25.6418915 -96.579422
vn -9.20380497 -27.6242466 -95.6670761
vn -91.8736954 -37.09161 13.543829
vn -75.6574173 63.0029449 -17.5095425
vn -37.2094917 -36.1524925 -85.4894791
vn -48.3485641 27.6661797 -83.048172
vn -94.6257858 -29.7920437 12.5855227
vn -42.0157089 36.9662056 82.8744965
vn -41.2998543 80.1543884 43.2388229
vn -77.1913834 56.0402641 -30.0163193
vn -21.536747 -88.1289291 42.0649757
vn -7.85727262 -23.4768391 96.8870468
vn -35.8958321 -54.2580185 -75.9444275
vn 1.72420645 -90.7151566 -42.0450478
vn -47.7216988 7.74582005 -87.5365143
vn -93.4218063 -33.350544 12.6533928
vn -79.0255203 49.5162239 -36.0986023
vn -19.265976 -84.2765884 50.262104
vn -28.502039 -62.6913414 -72.5081406
vn 9.6031599 -92.4750824 -36.825798
vn -45.5664215 -3.23677778 -88.9563065
vn -93.2170181 -33.1768951 14.4872904
vn -37.6735382 27.8382034 88.3500977
vn -13.8527184 -92.4922409 35.4018059
vn 1.21812248 -31.9469242 94.7518387
vn -38.6629829 -45.7027168 -80.1026535
vn 2.00607991 -87.3982544 -48.5543098
vn 21.2620621 -93.0374222 29.8657455
vn 22.2236156 -93.3939819 27.994194
vn 15.4125128 -91.5226746 -37.229744
vn 17.8556938 -90.9036636 -37.652317
vn -16.8510246 -30.0977268 -93.8625031
vn -15.2955341 -29.1117134 -94.4380951
vn -44.0470581 30.9745655 -84.2640686
vn -40.3383446 33.6838531 -85.0777054
vn -1.48013091 -66.3459549 -74.8065872
vn 3.14119649 -65.7218094 -75.3045654
vn -39.903244 1.40128362 -91.6829681
vn -34.2182922 4.58000803 -93.8516464
vn -55.7656937 80.7883224 -19.0639858
vn -51.1383362 83.6656418 -19.6196728
vn -56.3957672 77.6431808 -28.1256695
vn -52.0060349 80.6364822 -28.162529
vn -22.0018082 57.0717583 79.1121674
vn -23.5572166 57.1606255 78.5984726
vn -38.4145775 82.4578247 41.5334511
vn -37.5064659 82.567688 42.1407394
vn 0.391122937 -23.6914024 97.1522751
vn 1.9146986 -24.1936665 97.0103226
vn -17.6047516 46.1083908 86.9717636
vn -19.1412106 46.2881126 86.5506973
vn 7.64041233 -31.4146118 94.6295242
vn 6.0099411 -32.1290207 94.5071869
vn 17.360281 -94.6679306 27.1404114
vn 22.4784813 -93.9888306 25.7063503
vn 9.30779934 -89.939415 -42.7114449
vn 15.2303991 -88.8382339 -43.3105278
vn 21.4858837 -94.5966339 24.2864761
vn 22.4179516 -94.6286621 23.2992134
vn 8.4740448 -86.4949722 -49.4652519
vn 11.7476568 -85.6614532 -50.2405128
vn -8.97319126 -56.5464401 -81.9876862
vn -2.4802351 -55.663105 -83.0389481
vn -41.5550308 11.807929 -90.1873093
vn -36.3168869 13.9766598 -92.1180573
vn -14.219861 -44.274807 -88.5298691
vn -8.78764057 -43.1362038 -89.7888947
vn -54.1422081 80.1284027 -25.4570503
vn -51.8882523 81.6336594 -25.368391
vn -47.9710999 82.9214706 -28.6845436
vn -29.4037857 7.24696064 -95.3042297
vn -38.1118393 85.3766785 35.4726715
vn 5.70797825 -65.2885208 -75.5303116
vn 18.1352444 -91.0304489 -37.209816
vn 19.3482685 -93.8735123 28.5202904
vn -7.29553175 -15.8827829 98.4607086
vn -28.6327152 65.8930283 69.5577316
vn -50.1147919 82.7115021 -25.4423752
vn -32.5875931 16.4188061 -93.1046219
vn -39.3964653 82.1508331 41.2208519
vn 1.53623497 -54.7126465 -83.6909027
vn 18.3914776 -88.2591248 -43.2675552
vn 23.5185528 -93.6325302 26.0734825
vn -0.104527839 -24.1718807 97.0345764
vn -25.9137383 56.5084763 78.3279724
vn -5.01057482 -42.216732 -90.5132065
vn 12.8838253 -85.6406021 -49.9969521
vn -33.3541374 26.985693 -90.3286972
vn 19.79636 -95.1005478 23.7484646
vn 1.4434216 -33.1812363 94.3235016
vn -21.5835056 45.4640083 86.4128189
vn -37.1880035 79.711731 47.5719681
vn -47.6788864 84.8438339 -22.9836903
vn -45.7592087 86.5928116 -20.193594
vn -35.8679161 36.1126595 -86.0776825
vn -33.8841858 76.5971298 54.6327705
vn -14.2959986 -28.665123 -94.7308578
vn 3.51368308 -82.2873764 -56.7136726
vn -15.7463627 32.8392029 93.13237
vn 2.81891608 -41.6502113 90.8697662
vn 13.9069643 -96.6319046 21.6534786
vn -49.0708656 83.7686386 -23.9763317
vn -43.120594 89.374321 12.3630562
vn -80.111763 59.7145424 4.03477049
vn -74.5261765 33.4321022 -57.6900597
vn 2.27193689 95.7107849 28.8839912
vn 18.0158501 91.6342316 35.7574501
vn -47.1795845 79.4904251 -38.1491585
vn -14.8256273 93.3496704 32.6502533
vn -56.2383347 23.3708801 -79.3161545
vn -25.4928017 92.3940048 28.5213051
vn -43.1512375 79.7069778 42.2465324
vn 22.4011211 88.3551254 41.1286125
vn -82.6315079 17.0156612 53.6889381
vn -41.0383835 -91.0720825 4.66137791
vn -79.436264 -48.0338707 -37.1837082
vn -22.1779232 -95.9938965 -17.1263161
vn 14.9265375 -89.4064255 42.2337227
vn 20.5184975 -91.4886093 34.7681389
vn 37.0978699 -28.4729958 88.3913727
vn 16.6823559 -26.2150288 95.0498276
vn 0.251073778 -97.7471085 -21.1054401
vn -1.01114571 -98.0724945 -19.5131378
vn -2.82241392 -81.4944992 57.8850555
vn -1.68865716 -97.5982971 -21.7191162
vn 8.07365513 -24.7268448 96.5577621
vn 49.5071335 54.9879723 67.2708435
vn 68.2791672 48.7019119 54.4617233
vn 59.1391907 -32.2435341 73.9115143
vn 68.7377472 -39.6182137 60.8729858
vn 21.8332043 53.3304749 81.7261963
vn 21.4331226 -95.009552 22.6673336
vn 11.8174267 -97.6202774 18.1832294
vn -7.86135292 -97.6249313 -20.1884155
vn -51.8146172 -58.0918732 -62.7740364
vn -33.7743416 -60.0537109 -72.476532
vn -93.40345 -22.2724094 27.9237251
vn -19.7953606 38.89011 89.9761276
vn -33.1928864 85.8388824 39.1141853
vn -62.8052902 73.9555817 -24.2088299
vn -44.7183647 -54.5996284 -70.8459473
vn -48.377697 17.8925819 -85.6706161
vn -26.296402 -59.5423317 -75.9158096
vn -48.4813881 18.8049355 -85.4162064
vn -48.7869682 77.8442459 -39.4981575
vn -28.1812496 88.407486 37.2818069
vn 0.43846941 46.9494705 88.2924423
vn 6.18343592 -98.810997 14.0767002
vn 11.0922346 -55.1851654 82.6532593
vn 17.7539825 -86.3540573 -47.1992645
vn -4.87657738 -99.4805679 8.93513393
vn 28.8271427 -69.2837067 66.0966263
vn 27.1383171 -37.7191772 -88.5481491
vn -9.97053242 45.2026253 -88.6414871
vn -40.7147751 89.4674072 -18.3818188
vn -25.7931232 83.1910248 49.1321602
vn 9.58502483 33.2781181 93.8120041
vn 49.4622993 38.6659966 77.8358688
vn 0.556483984 -96.9522476 24.4939365
vn -10.6627569 -96.7036133 23.1239433
vn 62.3791504 -51.3289757 58.9421577
vn -12.3294773 -98.3533554 13.2137098
vn 71.9186859 41.2916679 55.8811302
vn -72.6251373 58.6490784 35.8591118
vn -67.7223206 69.2137833 -24.9627686
vn -25.8426933 34.3670578 90.283226
vn -83.2531662 40.7102737 37.5710526
vn -34.4145889 33.6412277 87.6578827
vn -87.1850433 43.1137466 -23.2373161
vn 37.7111206 -44.3183441 -81.3250046
vn 38.5670128 -40.1755981 -83.0572433
vn 77.6071167 -40.0469208 -48.7173576
vn 79.3949356 -40.2147751 -45.5984116
vn -14.7024708 -40.7111435 -90.1467667
vn -15.0848446 -34.7824059 -92.5344849
vn 45.8840256 -18.0242615 -87.0045013
vn -12.2651186 -25.688982 -95.8626251
vn 88.5773468 -3.8622489 -46.2507858
vn -94.733963 -24.176609 20.9992218
vn -96.5353317 -9.64824867 24.2454376
vn -94.1318359 -20.5439987 -26.7794952
vn -91.3204575 -32.841568 -24.1248035
vn -54.2118797 -2.79458022 83.9837036
vn -57.1623192 9.50040817 81.4997711
vn -92.8450165 -29.1078148 23.0767899
vn -50.256752 -33.4395332 79.7248764
vn -95.6696625 -21.4718513 -19.653904
vn -57.903862 -37.6619377 -72.3098907
vn -59.4111977 -28.8869553 -75.0723038
vn -62.1940727 -23.0582314 -74.8345947
vn 47.2320366 -16.0679951 -86.6657562
vn 72.6522522 -33.9139709 -59.7619667
vn 14.3327827 17.038641 -97.4897766
vn 55.2799759 -6.57869816 -83.0713348
vn 7.48099089 11.463726 -99.0586548
vn 84.8589096 -14.6118841 -50.8474083
vn -30.020731 51.0698013 -80.5644455
vn -49.0073547 31.8203964 -81.1525879
vn -94.3360367 11.416976 31.1506844
vn -96.0785065 3.05828333 -27.5602779
vn -49.2929306 17.3613434 85.2572098
vn -59.2269974 -8.08070087 -80.1677322
vn -6.3587985 -17.1132946 -98.3193817
vn 33.475193 16.1019917 92.844696
vn 42.4814301 21.638813 87.9038696
vn 89.5865631 -0.636480033 44.4279518
vn 90.2216492 8.12515354 42.3560715
vn 33.3640709 11.2354155 93.5981064
vn 86.0208817 -21.3177052 46.324543
vn 47.5700645 -24.133543 -84.5852203
vn 82.5612946 -24.5377254 -50.8087883
vn 89.7651291 -42.2202225 -12.6362209
vn 91.1635361 -38.1829567 -15.2075891
vn 84.4059067 -28.1950779 45.6144905
vn 99.1190948 -6.06250381 -11.7751093
vn 87.5191116 -14.2386808 46.23489
vn 96.9617691 -18.1336365 -16.419178
vn 98.2348099 -10.7645283 -15.2986212
vn 91.3555374 -35.0652466 -20.6056595
vn 25.6104794 -92.3876953 -28.4362106
vn 50.9669533 -74.1709976 43.6008377
vn 90.3511429 -12.8387651 40.8881149
vn 23.7657928 -41.3843307 87.8778915
vn 27.8528271 -26.4224758 92.3367462
vn -55.1577797 -23.6587505 79.986763
vn -52.807991 -30.9779682 79.0675812
vn 82.8322449 -32.7883301 45.428463
vn 87.6294708 -8.02589512 47.5043488
vn 24.1453362 -43.071785 86.9587555
vn 83.7329407 -32.7398605 43.7823906
vn -51.0425339 -38.6942825 76.7946167
vn 34.387146 3.23254466 93.8460236
vn 30.2783527 -22.4917431 92.613945
vn 99.9550552 -2.9023695 -0.750171185
vn 97.4088287 -22.5061531 -2.23424768
vn 87.1551361 -15.2829313 46.5877037
vn 90.5994415 -6.55933666 -41.817646
vn 89.6850433 -18.6904697 -40.0906181
vn 97.2748489 22.7975693 4.22777033
vn 88.9485779 23.5249615 -39.1755943
vn 84.7955627 9.22588253 52.1976662
vn 57.8781433 13.3433361 -80.4492188
vn 57.488781 40.3144455 -71.2024384
vn 89.6904831 25.7065067 -35.983242
vn 91.587326 -3.26674247 -40.0136223
vn 1.3139056 22.1984062 -97.4961777
vn 5.03020811 48.0589638 -87.5501709
vn 52.1587601 -19.0805645 -83.1588593
vn -5.19585562 -21.7159176 -97.475235
vn 98.2320938 -18.6629314 -1.46707654
vn 99.4084244 10.7356119 -1.64704168
vn -91.7847443 -9.37566376 38.5701523
vn -93.9719391 1.81767011 34.1463242
vn -92.7361526 30.9541435 -21.0201702
vn -96.4250183 11.5414972 -23.8539639
vn -87.0221786 -29.8342686 39.2053223
vn -94.2955704 -26.7112446 -19.8709412
vn -54.570816 21.7142067 -80.9352722
vn -48.625042 47.2416229 -73.5107651
vn -57.2437363 -23.7497501 -78.4799652
vn -56.3035851 27.3498878 -77.9864655
vn -0.529774904 25.6325665 -96.6576004
vn -96.1095886 17.1830444 -21.6261539
vn -95.8141479 -7.2978549 27.6837368
vn -55.85355 -35.0517502 75.1781693
vn 95.5221024 28.3567581 -8.4510355
vn 89.2349625 7.26822567 44.5454369
vn 84.4565659 36.6816902 -39.0069389
vn 54.9901772 34.7350349 -75.9576035
vn 31.8993149 -23.518959 91.8111801
vn -24.8179264 -47.8300972 84.2398529
vn -25.4108276 -52.4449768 81.263855
vn 14.9010954 -30.6417427 94.0161819
vn -23.4742584 -84.613945 47.8480911
vn 48.7019043 6.81234169 87.0730515
vn -31.698101 -94.8431931 0.0249487106
vn -85.7195892 39.3268929 33.2497826
vn -91.0506516 -9.56705189 40.2274704
vn -95.1322174 -17.7113991 -25.2223625
vn -90.3698654 30.6329365 -29.9150562
vn -40.7199974 47.9042244 77.762886
vn -47.9309731 -6.95327568 87.4887085
vn -82.1759262 52.0957108 23.0900993
vn -38.8382797 67.7948608 62.4135094
vn -88.7640305 27.3295784 -37.0680656
vn -84.1595688 -39.9824638 36.3121262
vn -85.9331284 -46.4780922 -21.3373928
vn -49.5944748 -39.4493027 77.3572311
vn -49.8434296 -44.1660614 -74.5988617
vn -6.59927034 -38.6852341 -91.9777222
vn -51.2761955 -14.7848349 -84.5704498
vn -7.61263943 -8.95395851 -99.3069611
vn 27.3182831 -33.6436462 90.1211243
vn 31.4393559 -6.05478096 94.7359772
vn 48.1999168 -25.2977123 -83.8855896
vn 47.6471596 8.18518543 -87.5371323
vn 21.3666058 69.5106964 68.6420517
vn 28.8210773 58.0089493 76.1860123
vn -46.30933 67.9662628 56.8861427
vn 82.7338104 31.6343155 46.4153633
vn 83.4116287 29.0736275 46.8745537
vn 8.14282417 87.5937805 47.5502319
vn 82.2665787 48.4902191 29.6801052
vn -65.9673843 65.3054276 37.1955032
vn -48.2335663 23.4210567 -84.409584
vn -7.25776768 22.6688595 -97.1259308
vn -50.1086121 6.63722467 -86.2848434
vn -7.91508341 -2.36341834 -99.6582413
vn 33.3011932 32.3812714 88.5577927
vn 81.931076 30.3010006 48.673893
vn 40.8112335 28.3439445 -86.7817078
vn 83.9723206 31.4432869 -44.2715607
vn 40.6463051 -2.52007079 -91.331955
vn 86.1776428 -4.55556393 -50.5238762
vn 94.8312912 31.6307392 2.55391717
vn 99.8726044 5.01244307 -0.581518948
vn -98.3629379 -9.47663784 15.3272934
vn -95.4002686 24.742012 16.9298935
vn -92.2135315 -20.9386444 -32.5305595
vn -87.3096008 -42.6138763 -23.6873665
vn -98.0491791 2.005759 19.5533657
vn -66.9234238 -73.245369 12.504879
vn -64.3296585 -74.734726 16.6257572
vn -68.8740158 -71.7891922 -10.1332226
vn 40.3107147 -52.0058327 -75.3023224
vn 81.1151657 -41.8680115 -40.8338165
vn -6.92379236 -59.8977203 -79.7767105
vn 35.933979 -70.6595917 -60.9587631
vn -10.490201 -72.9782562 -67.5583344
vn 79.4338913 -47.2350616 -38.1982498
vn 98.4986038 -17.0472012 2.72365379
vn 99.1877289 -12.5567093 -2.03074813
vn -89.1005249 40.6039963 20.3079071
vn -93.3657684 1.74843514 -35.7739639
vn -53.8924103 -33.3146057 -77.3675995
vn -48.4279671 -56.6563835 -66.6692352
vn -0.820828795 -99.9538803 2.92397571
vn -31.6798515 -90.8643951 -27.2038631
vn -8.64924526 -86.1054077 -50.1103745
vn 23.3453674 -93.1008759 -28.0574341
vn 3.0196476 -99.0434494 13.4639559
vn 68.5027161 -72.8516693 0.113086767
vn 69.2255478 -71.9718399 5.2798686
vn 68.7571945 -70.1463013 -18.76021
vn -41.5141525 -68.1553192 -60.2613144
vn -8.87831211 -72.2988129 -68.513176
vn 1.3346802 93.6802902 34.9602966
vn -4.09549046 98.2828445 17.9919338
vn -76.7819901 62.783741 12.7565327
vn -68.5547028 66.0165634 30.6930943
vn 71.2110672 64.6966782 27.2639675
vn 74.2568665 65.7387543 12.8192768
vn 10.4207716 76.5221405 63.5277138
vn 56.6753693 63.1507225 52.9139709
vn -41.7673187 68.151268 60.0907326
vn 31.0343647 -70.0150146 -64.3021469
vn 79.2960358 -49.4458389 -35.5984116
vn 97.8122025 -19.8430119 -6.24727678
vn 99.8618164 -4.70880795 2.33374763
vn 1.37809181 -99.5764465 9.09020329
vn 67.8022003 -73.4904099 -1.42208242
vn -62.717617 -77.8861313 0.502271354
vn -5.79160213 -99.788147 -2.96340132
vn -69.0947266 -71.0473022 -13.3490925
vn 8.68237591 -99.54422 -3.94510412
vn -3.36690021 -96.3367538 26.6062508
vn 72.5597839 -67.9092712 -11.1089144
vn 97.340065 12.5285282 19.181963
vn 99.9613495 2.71422648 0.600920975
vn 81.2291641 -52.9824944 24.3860302
vn 76.979454 -63.4379311 -7.05635786
vn 72.6940002 31.83564 60.8446808
vn 71.5254059 -8.90503311 69.3167725
vn -99.9437943 -1.68444264 2.89860177
vn -63.4170456 75.7272491 15.6096354
vn -99.0196762 -10.2724724 -9.46470165
vn -76.7529221 64.0279312 -3.06803298
vn 18.0044842 45.5310211 87.19384
vn -56.8028259 34.3571434 74.7865295
vn 15.3802471 -26.5197601 95.1848221
vn -50.2239113 -11.6897459 85.6791
vn 7.47511911 -90.4884872 41.9041443
vn -1.16237891 -99.7393341 -7.12138653
vn -75.6240158 -56.076683 33.7107315
vn -76.5875702 -64.0446396 -5.71232224
vn 17.2039528 48.7472038 85.6021957
vn 9.61744976 78.2384567 61.5325089
vn -41.4698524 70.4455948 57.5992165
vn -58.1710281 35.5553246 73.1570206
vn 69.5408249 35.5855103 62.4319115
vn 53.2251701 65.7935257 53.2756271
vn 14.1420078 -23.4234123 96.1839371
vn 68.8612595 -4.778162 72.3553467
vn -50.138485 -11.027957 85.8167572
vn 97.3822556 15.0989933 16.9917049
vn 99.4494019 7.25935698 7.55763245
vn 77.4959412 -63.1744385 -1.83564138
vn 78.5535812 -61.7499771 4.03432989
vn 67.3960648 70.9213715 20.6864471
vn 70.9381485 68.716011 15.680829
vn -4.14656353 62.9321442 77.6038132
vn -7.47526789 95.742157 27.884758
vn -99.3470993 5.19061708 10.1592674
vn -99.9855194 -1.4882009 0.825108945
vn -75.0626907 63.7858849 17.2323437
vn -77.0267944 -63.7355576 -2.15688109
vn -97.4423599 10.7920761 19.7108688
vn -99.6022797 -6.28207731 -6.31844378
vn -73.3373413 -67.1662064 -10.5040121
vn -74.8491211 -58.3696251 31.4737358
vn -69.9401932 66.5439758 26.0819893
vn -77.9703064 62.2778549 6.48849487
vn 8.27972984 -89.6415253 43.5412788
vn -0.229139134 -99.7629013 -6.87824583
vn 80.6135101 -51.2801743 29.5263424
vn 0.258261591 94.4547501 32.8364792
vn -4.38995457 98.772377 14.9915171
vn 67.8456039 67.3395615 29.3659058
vn -3.17383361 97.4352036 22.2779617
vn 63.679142 76.1722183 11.9482174
vn 4.99002838 99.07061 12.6536121
vn 69.518631 71.8781738 -0.829233289
vn -13.8440456 98.0133209 14.2032089
vn 99.9774857 1.22051454 -1.73539519
vn 99.8441544 -1.07070184 -5.47705889
vn -96.2167435 12.5487576 24.1840267
vn -0.377206534 -99.2019119 -12.6031694
vn 75.9730453 -64.0930405 -10.9626455
vn 99.9765854 1.83750772 -1.14224267
vn 73.3889542 67.7512207 4.88212967
vn -1.47043228 99.2812881 11.8769941
vn -9.88064766 99.2123795 7.69924593
vn -79.6548767 60.4367256 -1.5819658
vn -2.67444611 -99.0703964 -13.338007
vn -72.5099182 -67.2307968 -14.9108362
vn -99.3043518 -8.33434582 -8.31770229
vn 95.5774078 16.4011765 24.4123116
vn -46.0831146 -72.9155502 50.5931854
vn -78.5564041 -32.3974686 52.719017
vn -58.0539398 -43.8191833 68.6266708
vn -83.6599655 -5.99722719 54.452198
vn -45.9176369 83.340004 -30.7573452
vn -59.0924263 79.7698212 12.0358019
vn -48.5471764 64.8214264 -58.6630745
vn -79.5578918 59.9130287 -8.99843216
vn -53.397728 67.7073212 50.6399269
vn -81.5632401 36.8478241 44.6057777
vn -61.5425835 -29.4387913 73.115448
vn -85.8972244 0.902802348 51.1942368
vn -62.6552353 -24.4560413 74.0015106
vn -89.4574966 -5.49919033 44.3521576
vn -95.7363815 9.15308189 27.4001465
vn -87.0476303 42.7206345 -24.4470577
vn -91.8050919 27.7519302 28.3134995
vn -79.5106201 58.8192139 -14.7770529
vn -47.5014839 61.5129433 -62.9266739
vn -42.0360909 76.6930771 -48.4885521
vn -55.1907196 -25.9650669 79.2451935
vn -85.7830429 -23.4926109 45.7095757
vn -83.6713104 -32.7952271 43.8586884
vn -60.4869118 -47.7652931 63.7166405
vn -24.4850368 31.2985153 91.7653809
vn -30.9543724 56.9620056 76.1390533
vn -63.5381088 52.2032471 56.9010544
vn -64.593399 35.0340805 67.8255386
vn -92.6064835 30.5675907 22.1282673
vn -77.3121033 59.3699837 -22.3169346
vn -97.7705383 18.4940453 9.94443703
vn -79.9479752 48.6556358 -35.2271309
vn -37.8287888 74.5705872 -54.847168
vn -37.2762947 66.4748688 -64.7423248
vn -32.8304825 -48.037899 81.3296967
vn -32.4711914 -71.9046326 61.4438477
vn -41.0928764 -49.0369225 76.8554077
vn -38.2915192 -68.8687439 61.5699348
vn -31.8943977 -22.4521523 92.079567
vn -37.8416405 -30.8375435 87.2757492
vn -28.1753922 -90.8452759 30.8752842
vn -27.7183018 -44.0922585 85.3672562
vn -49.4164391 -74.2869492 45.1604195
vn -31.4767246 23.3720589 91.9943695
vn -49.4169579 0.290177286 86.9360657
vn -59.6079102 -42.2977829 68.2480392
vn -16.9940376 -0.033776924 98.5454407
vn -20.1287346 -24.6231575 94.8078842
vn -2.03465009 -16.2199345 98.6548157
vn 13.5006857 10.6330585 98.512291
vn -41.6111145 -0.336746186 90.9307556
vn -32.7050972 -22.1114101 91.8774261
vn -15.0453014 48.5938416 86.0945816
vn -42.193512 37.2218513 82.6694641
vn 10.53619 44.5054512 88.9283524
vn -21.1795006 -54.0135612 81.4491425
vn -46.9455338 -35.8626747 80.6844788
vn 37.4621391 -35.2696762 85.7475204
vn -68.8572311 -1.13787568 72.5078506
vn -51.3073845 53.5653038 67.0694427
vn -14.914052 87.0069962 46.9824944
vn 36.7253647 72.0209198 58.8577576
vn -51.5633583 -8.3967104 85.268486
vn 60.0506439 15.4511919 78.4549561
vn -27.1988182 -12.9195147 95.3588409
vn -22.1325798 -58.9245987 77.704834
vn 1.60117674 -52.9346313 84.82547
vn 19.3881321 -11.4191799 97.4356308
vn -39.3316307 -15.1820469 90.678154
vn -38.5305061 -45.1610107 80.4728699
vn -13.0824165 38.4528198 91.3796005
vn -33.3960419 14.3604956 93.1583557
vn 9.55617237 34.8835487 93.2299194
vn -13.611083 -96.4364853 22.6879845
vn -43.8323288 -68.1334686 58.6221581
vn 49.2731438 -77.6215134 39.332653
vn -56.6544609 -27.0056477 77.852211
vn -33.9781265 6.85414791 93.800354
vn -9.63917732 56.0031433 82.2844696
vn 38.6501923 41.9370384 82.1428528
vn 68.0615997 -7.98839092 72.8272171
vn -31.557312 86.5715027 38.8524094
vn -33.0610008 93.2896881 14.2829533
vn -72.8980789 66.2232666 17.3305569
vn -71.1457443 61.6723862 33.6867714
vn -37.3196754 56.9677582 -73.2251053
vn -80.5306015 37.136734 -46.2134705
vn -38.5413475 54.3344193 -74.5810623
vn -80.3221741 36.659008 -46.9517288
vn -61.2800789 -28.7019081 73.6271133
vn -91.0336304 -15.9342308 38.1965752
vn -54.2172623 -21.8571301 81.1341629
vn -88.2150192 -14.7117987 44.7400856
vn -98.2809677 -7.02372265 17.0738754
vn -95.2723007 20.1563034 -22.7356987
vn -94.7849731 20.1411991 -24.7010193
vn -97.6155472 -6.4418335 20.729393
vn -68.9047241 -68.8317795 22.67873
vn -66.4981995 -74.4159393 6.34485769
vn -90.3923492 -36.3551025 22.528429
vn -90.4833527 -39.6607437 15.4850922
vn -95.048996 -21.7177143 22.2267628
vn -96.0776672 -20.4893246 18.6887856
vn -87.5093307 37.1654968 30.9974518
vn -90.3931656 38.5965538 18.4223175
vn -97.4460983 -20.8742428 8.27794361
vn -87.3376083 -29.9367733 38.4178619
vn -93.5217438 15.4495001 -31.8590279
vn -77.6325912 29.1584911 -55.8834839
vn -89.7448044 7.4896698 -43.4715424
vn -75.1124344 30.4951611 -58.55056
vn -84.4852982 -52.123291 12.0580473
vn -93.801445 -33.9793968 -6.83290386
vn -94.5423584 -32.3151779 -4.17998695
vn -84.6888504 -52.8633347 5.76775694
vn -92.5560455 23.2219067 -29.9018574
vn -76.7596283 51.0432587 -38.7626801
vn -92.5049438 37.2474098 -7.44762802
vn -75.0530777 64.2038727 -15.6492081
vn -87.2529602 -47.9851189 9.18415451
vn -96.0521088 -27.1460209 6.08980131
vn -96.1542206 -21.6782646 16.8647156
vn -89.053688 -43.1503067 14.4045305
vn -90.5727615 40.8864784 11.1745033
vn -72.9657898 68.2283478 4.57025766
vn -48.4809074 -37.9136848 78.8172226
vn -48.421463 -74.8968735 45.2307396
vn -49.5682182 -84.5285797 19.9477005
vn -54.5063362 -83.6334991 5.87325907
vn -60.7532616 -79.3929825 2.4074595
vn -38.5544167 47.2049255 -79.2795792
vn -38.6715927 57.8024139 -71.85672
vn -37.2681541 82.3170013 -42.8368645
vn -32.9263077 92.2105942 -20.3240452
vn -32.08181 94.6498108 -3.48862696
vn -59.0878258 74.1189651 31.8592281
vn -72.3093872 64.5071564 24.7017918
vn -41.3101006 82.4372253 38.6985817
vn -32.7433624 85.0409012 41.1815147
vn -79.5018158 57.3899803 19.6431026
vn -91.026329 40.6098747 8.0650816
vn -9.4528656 93.2775192 34.7842941
vn -9.55731392 93.2846527 34.7366142
vn -12.6860561 90.6461411 40.2783165
vn -12.9443197 90.544487 40.4245033
vn -92.8207169 36.7875175 5.56712484
vn 0 100 -1.62920678e-05
vn 13.1734028 -63.1331558 -76.4242401
vn 20.3734055 -16.5659733 -96.4908981
vn 72.9550934 -19.9243622 -65.4261017
vn 75.5923615 -39.3949661 -52.2860641
vn 73.827919 -53.5641975 -40.9916458
vn 11.4144726 -69.1299973 -71.3495255
vn -46.0429077 -59.6580505 -65.7340775
vn -46.6272545 -50.4790497 -72.6482315
vn -41.6232185 -30.7433643 -85.570755
vn 12.5347881 -66.4062195 -73.7095184
vn 20.0931454 -19.373167 -96.0257568
vn 72.4692917 -21.7509766 -65.3842239
vn 75.2903519 -41.6786995 -50.9337692
vn 73.362915 -55.7753448 -38.820034
vn 10.7565546 -72.1219177 -68.4304352
vn -46.575676 -62.023407 -63.1173744
vn -47.2093658 -53.0492477 -70.4063492
vn -41.7232361 -32.7552605 -84.7718353
vn -10.0638189 74.3837051 66.0740738
vn 46.3547745 64.558876 60.6908989
vn 44.0146942 78.4333191 43.7140923
vn -3.93932414 94.4702835 32.5552979
vn -59.6711159 76.5482101 24.0775528
vn -70.5244598 59.5786591 38.4276619
vn -75.1396866 38.6925926 53.4500809
vn -13.0679588 57.1724777 80.997139
vn 44.6231384 45.523159 77.0481491
vn -9.17293644 77.5807037 62.4266853
vn 46.8980598 67.1828003 57.3327293
vn 44.3659019 80.7039642 38.9684219
vn -2.70905161 96.0948486 27.5398407
vn -58.0256042 78.9558868 19.9749355
vn -69.740097 62.1430359 35.7010193
vn -74.7354279 41.2716827 52.0698128
vn -12.531415 60.3601875 78.7376099
vn 45.0549278 48.112709 75.2012024
vn 96.7038116 21.9987602 12.8229465
vn 95.2571487 0.880383313 30.4187355
vn 80.9979782 54.270462 -22.227087
vn -15.6811161 39.9989624 90.3005295
vn 40.7574844 26.2788639 87.4542542
vn -74.7786255 18.7802353 63.6824875
vn -71.9792786 3.80499077 69.314537
vn -20.6181202 4.70655203 97.738121
vn 35.8729439 11.2222509 92.667099
vn -95.9098053 3.50520945 -28.0895348
vn -69.5146637 47.0499153 -54.350872
vn -97.2759323 -16.2347984 -16.5476437
vn 11.2878323 -71.6963043 -68.7911682
vn -44.4622192 -64.7103958 -61.9328384
vn 68.3280869 -64.8741913 -33.5053787
vn 62.0513573 -73.0761261 -28.4518719
vn 9.83121681 -87.4461441 -47.5028343
vn -42.1447029 -70.9942169 -56.4238091
vn 11.2404432 77.7532196 -61.8715706
vn 81.4023285 54.7573242 -19.3725338
vn -70.6053467 47.8196106 -52.2318802
vn -95.9433975 3.43004417 -27.9839039
vn -97.1208954 -16.221735 -17.4466324
vn 96.6197891 21.4650822 14.2782125
vn 95.2327957 0.455046117 30.5042267
vn 11.8070288 75.4197998 -64.5944901
vn -10.1468744 -85.9263306 50.1368752
vn -80.1786118 -58.3973122 12.6942282
vn 67.4808578 -53.866333 50.4455338
vn 35.8226089 8.43844414 92.9813538
vn -20.5827389 1.25355673 97.8507996
vn -71.9555283 0.854385912 69.4382706
vn -10.8969879 -84.1017761 52.9919586
vn -80.6660385 -57.268795 14.6039629
vn -42.7193832 -72.5199814 -53.9991455
vn 9.09785271 -89.0832291 -44.5130157
vn 61.4059143 -74.5315781 -25.9683933
vn 66.9966736 -52.7492676 52.2394562
vn -94.1366272 -32.5315781 -8.94390869
vn -74.9438553 16.0621223 64.2294922
vn 88.3426514 -20.4538555 42.1570206
vn 67.6907806 -66.6922989 -31.1463394
vn 10.6854935 -74.2268295 -66.1528397
vn -44.9662628 -66.5808563 -59.5401192
vn -94.3589478 -32.2006302 -7.7141428
vn -15.9484549 36.7920418 91.6078186
vn 40.5785713 23.6806583 88.2757263
vn 88.5658264 -20.9952278 41.4161339
vn -13.1733627 -63.1331978 -76.4242249
vn -75.592392 -39.3949661 -52.2860146
vn -72.9551849 -19.924345 -65.4260101
vn -20.3733997 -16.5659142 -96.4909058
vn -11.4144249 -69.1300201 -71.3495178
vn -73.8279037 -53.5642471 -40.9916115
vn 46.6272507 -50.4790497 -72.6482315
vn 46.0428429 -59.6580315 -65.7341309
vn 41.6232758 -30.7433147 -85.5707474
vn -12.5347567 -66.4062271 -73.7095184
vn -75.2903137 -41.67873 -50.9338112
vn -72.4692459 -21.7509899 -65.3842697
vn -20.0931168 -19.3731937 -96.0257645
vn -10.7565422 -72.1219406 -68.4304352
vn -73.3629074 -55.7753448 -38.820034
vn 47.2092476 -53.0492172 -70.4064407
vn 46.5756493 -62.0234184 -63.1173782
vn 41.7230835 -32.7552681 -84.7719116
vn 10.0638342 74.3836823 66.0740967
vn 3.9393599 94.4702911 32.5552826
vn -44.0146561 78.4333572 43.7140732
vn -46.3547363 64.5588837 60.6909294
vn 70.5243988 59.5787048 38.427681
vn 59.6710815 76.5482178 24.077631
vn 13.067956 57.1725006 80.9971161
vn 75.139679 38.6926117 53.4500694
vn -44.6231651 45.5231705 77.0481339
vn 9.17296505 77.5807419 62.4266434
vn 2.70904613 96.094841 27.5398426
vn -44.3658218 80.7039795 38.9684486
vn -46.8980637 67.1828308 57.3327065
vn 69.7400665 62.143055 35.7010231
vn 58.0255852 78.9558945 19.9749432
vn 12.5315008 60.3601761 78.7376022
vn 74.7354584 41.2716866 52.0697594
vn -45.055088 48.1127014 75.2011185
vn -96.7038116 21.998745 12.8229055
vn -95.2571716 0.88031739 30.4186554
vn -80.9979553 54.2704964 -22.2271099
vn 15.6812038 39.9989471 90.3005219
vn -40.7575569 26.2788486 87.4542389
vn 74.7786255 18.7801151 63.6825218
vn 20.6183224 4.70640612 97.7380981
vn 71.9792557 3.80474305 69.3145905
vn -35.8728752 11.222271 92.6671371
vn 95.9097748 3.50524712 -28.0896511
vn 69.514595 47.0498848 -54.3509865
vn 97.2759399 -16.2347679 -16.5476723
vn -11.2878675 -71.696312 -68.7911377
vn 44.4622116 -64.710434 -61.9327965
vn -68.3280487 -64.8742599 -33.5053329
vn -9.8311224 -87.4462051 -47.5027275
vn -62.0513611 -73.0761642 -28.4517746
vn 42.1447182 -70.9943085 -56.4236641
vn -11.2404346 77.7532501 -61.8715096
vn -81.4023819 54.7572937 -19.3724537
vn 70.605423 47.8196411 -52.2317619
vn 95.9433823 3.43005991 -27.9839725
vn 97.1208878 -16.2217388 -17.4467354
vn -96.6197815 21.465065 14.2782574
vn -95.2327881 0.454995483 30.5042362
vn -11.8070679 75.4197922 -64.5944901
vn 10.147006 -85.9262161 50.1370392
vn 80.1789322 -58.3968048 12.6945724
vn -67.4808121 -53.8663139 50.4456291
vn 20.5827332 1.2538898 97.8508072
vn -35.8227501 8.43834591 92.9813156
vn 71.9558334 0.854526043 69.4379654
vn 10.897234 -84.1019287 52.9916687
vn -9.09760761 -89.0831985 -44.5131226
vn 42.7194672 -72.5198135 -53.9992752
vn 80.6660233 -57.2688713 14.6037407
vn -66.9963989 -52.749382 52.2396812
vn -61.4057541 -74.5317078 -25.9684238
vn 94.1366272 -32.5315285 -8.94397068
vn 74.9440155 16.0621357 64.2292938
vn -88.3426437 -20.4539185 42.1570053
vn -67.6907501 -66.6923294 -31.1463413
vn -10.6854515 -74.2268372 -66.152832
vn 44.9662094 -66.5808411 -59.5401726
vn 94.3589249 -32.2007027 -7.71416569
vn 15.9485312 36.7919884 91.6078339
vn -40.5787277 23.6806698 88.2756577
vn -88.5658417 -20.9952717 41.4160652
vn 61.8876801 15.3675203 77.0308762
vn -61.5251465 26.5313854 74.234375
vn -25.7917194 -94.0124359 -22.2811413
vn -68.2727356 16.2386818 -71.2400208
vn 64.24897 16.3312492 -74.8689423
vn -0.0023480067 -93.7029114 34.9251022
vn 92.3379211 38.3231926 -2.24535465
vn 39.1846313 -21.5414619 89.4456711
vn -28.7617683 -56.2356224 -77.5262299
vn 71.9972076 -16.2852592 67.4625092
vn -68.2727737 -16.2387409 71.2399521
vn -68.2728195 -59.0366974 -43.0521736
vn 64.249054 -61.4900665 -45.7277832
vn -67.1146927 40.9089546 61.8229179
vn -67.1146622 40.2884445 -62.2291183
vn -0.0166818332 -99.9958038 0.916322768
vn 63.7024384 49.7493591 58.8812523
vn -68.0060883 47.8216019 55.5721741
vn -0.00337020028 -99.0355453 13.8550119
vn -56.2594643 -11.1572065 81.9169617
vn 73.7475128 38.0302391 -55.8122292
vn -67.6091766 -69.3917313 -24.7747288
vn -67.6091537 2.29493976 73.6460114
vn -0.0182406884 80.6205368 -59.1635742
vn 75.9475174 -0.42594555 65.0522385
vn 63.7024269 -31.9614258 70.1460495
vn -68.0060883 -31.0009518 66.4388046
vn -68.0060501 -47.8215485 -55.5722504
vn 71.9772644 -45.9462624 -52.0405045
vn 57.6619148 -4.05403709 -81.6006622
vn 75.9475403 62.0468063 19.5490227
vn -0.0183723737 -81.0412827 58.5859108
vn -61.3972549 58.1031494 -53.42659
vn -0.00338494359 99.0901794 -13.4587164
vn 59.5607452 -42.7543869 68.0042648
vn -67.1146851 -40.2885246 62.2290459
vn -67.1146088 -40.9091187 -61.8229065
vn 73.7474289 -38.5867691 -55.429039
vn -67.6091614 69.391777 24.7746258
vn 82.9581985 36.8513908 -41.9513092
vn 26.7295151 -76.326561 58.819973
vn 91.6259232 -30.2956676 -26.2080708
vn 36.4672661 91.5769653 -16.8463192
vn -59.0169258 80.5017776 -6.03867579
vn -68.0060654 31.0011024 -66.438736
vn -66.6174469 -33.6140976 66.5748367
vn 45.1725998 -42.4378471 78.4758911
vn 24.9313755 78.4043884 -56.8434525
vn -86.7113876 8.60808372 -49.0615654
vn 71.9972382 56.5906601 40.1733131
vn -0.0167050026 99.9999695 -0.0840421468
vn 71.977272 30.1514053 -62.5313072
vn 57.0821342 -47.0537033 67.2872772
vn -71.6837082 -35.5693245 59.9689102
vn -72.6493149 -26.8304615 -63.26297
vn 70.9656754 -34.5744591 -61.3879509
vn -0.00233989628 93.5959091 -35.2108612
vn -68.2728271 59.0366898 43.0521812
vn 16.5792198 98.5260773 4.2121439
vn -85.3520813 -22.7601452 -46.8721542
vn 84.1615829 -44.7065506 -30.3010445
vn 59.5607224 43.4325104 67.5731888
vn -67.6091385 -2.29475641 -73.6460266
vn 57.6619377 -76.423317 -28.8890381
vn -69.8529968 -54.5423622 46.3216095
vn 80.1498489 27.2278481 -53.2413979
vn -62.891037 44.5922241 -63.6887093
vn -62.5761909 32.6198883 70.8531036
vn 68.8658752 20.7197533 69.4851227
vn 94.4638443 17.4863415 27.7634563
vn 22.7835083 -65.4687271 -72.0746765
vn -30.5385075 -12.9274702 -94.3412933
vn -26.1812515 -96.05336 -9.39647293
vn -75.5969849 64.7227173 9.80130959
vn -52.5720253 76.2130127 37.7856903
vn -61.8876801 15.3675203 77.0308762
vn 25.7917194 -94.0124359 -22.2811451
vn 61.5251465 26.5313854 74.234375
vn 68.2727356 16.2386818 -71.2400208
vn 0.0023480067 -93.7029114 34.9251099
vn -64.24897 16.3312492 -74.8689423
vn -92.3379211 38.3231926 -2.24535584
vn 28.7617645 -56.23563 -77.5262222
vn -39.1846313 -21.5414677 89.4456711
vn -71.9972305 -16.2852802 67.4625015
vn -64.2490463 -61.4900742 -45.7278061
vn 68.2728119 -59.0366974 -43.0521927
vn 68.272789 -16.2387505 71.2399445
vn 67.1146927 40.9089546 61.8229179
vn 0.0166818351 -99.9958038 0.916322827
vn 67.1146622 40.2884445 -62.2291183
vn -63.7024384 49.7493629 58.8812523
vn 0.00337019982 -99.0355453 13.8550129
vn 68.0060883 47.8216019 55.5721741
vn 56.2594643 -11.1572046 81.9169617
vn -73.7475128 38.0302391 -55.8122292
vn 67.6091766 -69.3917313 -24.7747135
vn 0.0182595067 80.6205215 -59.1636047
vn 67.6091537 2.29489088 73.6460114
vn -75.9475021 -0.425932437 65.0522461
vn -63.7024269 -31.9614258 70.1460495
vn -71.9772644 -45.9462585 -52.0405045
vn 68.0060577 -47.8215485 -55.572258
vn 68.0060883 -31.0009518 66.438797
vn -57.6619148 -4.05403948 -81.6006622
vn 0.0183723737 -81.0412827 58.5859108
vn -75.9475403 62.0468102 19.5490227
vn 61.3972549 58.1031494 -53.42659
vn 0.00338494359 99.0901794 -13.4587154
vn -59.5607452 -42.7543831 68.0042648
vn -73.7474289 -38.5867767 -55.429039
vn 67.1146088 -40.9091187 -61.8229027
vn 67.1146927 -40.2885246 62.2290459
vn 67.609169 69.3917923 24.7746258
vn -82.9581985 36.8513947 -41.9513092
vn -26.7295151 -76.326561 58.8199806
vn -36.4672661 91.5769653 -16.8463192
vn -91.6259232 -30.2956676 -26.2080708
vn 59.0169258 80.5017776 -6.03867817
vn 68.0060654 31.0011024 -66.438736
vn 66.6174469 -33.6140976 66.5748367
vn -24.9313755 78.4043961 -56.8434525
vn -45.1725998 -42.4378433 78.4758911
vn 86.7113876 8.60808372 -49.0615654
vn -71.9972382 56.5906601 40.1733131
vn 0.0167050026 99.9999695 -0.0840421468
vn -71.977272 30.1514091 -62.5313072
vn -57.0821342 -47.0537033 67.2872772
vn -70.9656754 -34.5744591 -61.3879509
vn 72.6493149 -26.8304653 -63.26297
vn 71.6837082 -35.5693283 59.9689102
vn 0.00233989628 93.5959091 -35.2108612
vn 68.2728271 59.0366898 43.0521812
vn -16.5792198 98.5260773 4.21213913
vn -84.1615829 -44.7065468 -30.3010445
vn 85.3520813 -22.7601509 -46.8721542
vn -59.56073 43.4325142 67.5731964
vn 67.6091385 -2.29475641 -73.6460266
vn -57.6619568 -76.4233093 -28.8890343
vn 69.8529968 -54.5423622 46.3216095
vn -80.1498489 27.2278538 -53.241394
vn -68.8658752 20.7197533 69.4851227
vn 62.5761909 32.6198845 70.8531036
vn 62.891037 44.5922279 -63.6887093
vn -94.4638443 17.4863472 27.7634563
vn 30.5385113 -12.9274921 -94.3412933
vn -22.7835083 -65.4687271 -72.0746765
vn 26.1812515 -96.05336 -9.39647293
vn 75.5969849 64.7227173 9.80130959
vn 52.5720253 76.2130127 37.7856903
vn 0 72.7110367 -68.6520615
vn 0 88.8807602 -45.8280487
vn 0 88.0485535 -47.4073029
vn 0 70.637825 -70.7834625
vn 0 93.2108994 36.2177734
vn 0 75.0445938 66.0931778
vn 0 65.5681915 75.5037231
vn 0 89.5364151 44.5334625
vn 0 51.0976753 85.9594498
vn 0 96.9429092 -24.5371456
vn 0 88.8807602 -45.8280373
vn 0 96.9491501 -24.5124969
vn 0 99.6946716 -7.80857038
vn 0 99.9460907 3.28297663
vn 0 99.9272766 3.81289077
vn 0 99.7480774 -7.09372902
vn -4.67564678 53.9893227 -84.0433884
vn -4.4557004 53.6123199 -84.2963028
vn -0.000349111942 53.6751785 -84.3740311
vn -0.000193904954 54.0270462 -84.1491394
vn 1.52296138 56.2149925 -82.6895065
vn 0 56.0744629 -82.7988815
vn -1.52296138 56.2149925 -82.6895065
vn 4.67524862 53.9887581 -84.0437775
vn 0 99.694664 -7.80856514
vn 0 96.9429092 -24.5371342
vn 0 98.8895035 14.8614883
vn 0 98.6628876 16.2982769
vn 0 99.9460907 3.28297591
vn -2.91348004 52.6577187 -84.9627991
vn -0.000299406121 52.6809654 -84.9983215
vn 4.455019 53.6126747 -84.2961121
vn 2.91287661 52.6594887 -84.9617157
vn 0 98.8895187 14.8614874
vn 0 72.7110519 -68.6520386
vn 0 93.2108994 36.2177773
vn 0 -88.8807678 45.828022
vn 0 -72.7110519 68.6520386
vn 0 -70.637825 70.7834549
vn 0 -88.0485611 47.40728
vn 0 -99.9460907 -3.28297639
vn 0 -98.8895187 -14.8614941
vn 0 -98.6628876 -16.2982883
vn 0 -99.9272766 -3.81289029
vn 0 -93.2109146 -36.217762
vn 0 -75.0446548 -66.0931168
vn 0 -65.5682297 -75.5036926
vn 0 -89.5364456 -44.5334282
vn -4.455019 -53.6126747 84.2961121
vn -2.91287613 -52.6594849 84.9617157
vn 0.000299649779 -52.6809654 84.9983368
vn 0.000349349517 -53.6751785 84.3740311
vn 1.52296138 -56.2149925 82.6895065
vn 0 -72.7110519 68.6520462
vn 0 -56.0744629 82.7988815
vn -1.52296138 -56.2149925 82.6895065
vn 0 -99.694664 7.80856514
vn 0 -96.9429092 24.5371284
vn 0 -96.9491501 24.5124836
vn 0 -99.7480774 7.09372663
vn -4.67524862 -53.9887581 84.0437775
vn 0.000193786065 -54.0270462 84.1491394
vn 0 -88.8807678 45.8280373
vn 4.4557004 -53.6123199 84.2963028
vn 4.67564678 -53.9893227 84.0433884
vn 2.91348004 -52.6577187 84.9627991
vn 0 -51.0976753 -85.9594498

# Mesh 'Cube.004' with 2660 faces
g Cube.004
usemtl Material
f  1/1/1 2/2/2 3/3/3 4/4/4
f  1/1/1 4/4/4 5/5/5 6/6/6
f  1/1/1 6/6/6 7/7/7 8/8/8
f  1/1/1 8/8/8 9/9/9 2/2/2
f  10/10/10 11/11/11 12/12/12 13/13/13
f  10/10/10 13/13/13 14/14/14 15/15/15
f  10/10/10 15/15/15 16/16/16 17/17/17
f  10/10/10 17/17/17 18/18/18 11/11/11
f  19/19/19 20/20/20 21/21/21 22/22/22
f  19/19/19 22/22/22 23/23/23 24/24/24
f  19/19/19 24/24/24 25/25/25 26/26/26
f  19/19/19 26/26/26 27/27/27 20/20/20
f  28/28/28 29/29/29 12/12/12 11/11/11
f  28/28/28 11/11/11 18/18/18 30/30/30
f  28/28/28 30/30/30 31/31/31 29/29/29
f  32/32/32 33/33/33 21/21/21 20/20/20
f  32/32/32 20/20/20 27/27/27 34/34/34
f  32/32/32 34/34/34 7/7/7 6/6/6
f  32/32/32 6/6/6 5/5/5 33/33/33
f  35/35/35 15/15/15 14/14/14 36/36/36
f  35/35/35 36/36/36 37/37/37 38/38/38
f  35/35/35 38/38/38 39/39/39 40/40/40
f  35/35/35 40/40/40 16/16/16 15/15/15
f  41/41/41 38/38/38 37/37/37 42/42/42
f  41/41/41 42/42/42 43/43/43 44/44/44
f  41/41/41 44/44/44 45/45/45 46/46/46
f  41/41/41 46/46/46 39/39/39 38/38/38
f  47/47/47 44/44/44 43/43/43 48/48/48
f  47/47/47 48/48/48 49/49/49 50/50/50
f  47/47/47 50/50/50 51/51/51 52/52/52
f  47/47/47 52/52/52 45/45/45 44/44/44
f  53/53/53 50/50/50 49/49/49 54/54/54
f  53/53/53 54/54/54 55/55/55 56/56/56
f  53/53/53 56/56/56 57/57/57 58/58/58
f  53/53/53 58/58/58 51/51/51 50/50/50
f  59/59/59 56/56/56 55/55/55 60/60/60
f  59/59/59 60/60/60 61/61/61 62/62/62
f  59/59/59 62/62/62 63/63/63 64/64/64
f  59/59/59 64/64/64 57/57/57 56/56/56
f  65/65/65 62/62/62 61/61/61 66/66/66
f  65/65/65 66/66/66 67/67/67 68/68/68
f  65/65/65 68/68/68 69/69/69 70/70/70
f  65/65/65 70/70/70 63/63/63 62/62/62
f  71/71/71 68/68/68 67/67/67 72/72/72
f  71/71/71 72/72/72 73/73/73 74/74/74
f  71/71/71 74/74/74 75/75/75 76/76/76
f  71/71/71 76/76/76 69/69/69 68/68/68
f  77/77/77 74/74/74 73/73/73 78/78/78
f  77/77/77 78/78/78 79/79/79 80/80/80
f  77/77/77 80/80/80 81/81/81 82/82/82
f  77/77/77 82/82/82 75/75/75 74/74/74
f  83/83/83 80/80/80 79/79/79 84/84/84
f  83/83/83 84/84/84 85/85/85 86/86/86
f  83/83/83 86/86/86 87/87/87 88/88/88
f  83/83/83 88/88/88 81/81/81 80/80/80
f  89/89/89 86/86/86 85/85/85 90/90/90
f  89/89/89 90/90/90 21/21/21 33/33/33
f  89/89/89 33/33/33 5/5/5 91/91/91
f  89/89/89 91/91/91 87/87/87 86/86/86
f  92/92/92 93/93/93 94/94/94 95/95/95
f  92/92/92 95/95/95 96/96/96 97/97/97
f  92/92/92 97/97/97 98/98/98 99/99/99
f  92/92/92 99/99/99 100/100/100 93/93/93
f  101/101/101 13/13/13 12/12/12 102/102/102
f  101/101/101 102/102/102 103/103/103 104/104/104
f  101/101/101 104/104/104 105/105/105 106/106/106
f  101/101/101 106/106/106 14/14/14 13/13/13
f  107/107/107 36/36/36 14/14/14 106/106/106
f  107/107/107 106/106/106 105/105/105 108/108/108
f  107/107/107 108/108/108 109/109/109 110/110/110
f  107/107/107 110/110/110 37/37/37 36/36/36
f  111/111/111 42/42/42 37/37/37 110/110/110
f  111/111/111 110/110/110 109/109/109 112/112/112
f  111/111/111 112/112/112 113/113/113 114/114/114
f  111/111/111 114/114/114 43/43/43 42/42/42
f  115/115/115 48/48/48 43/43/43 114/114/114
f  115/115/115 114/114/114 113/113/113 116/116/116
f  115/115/115 116/116/116 117/117/117 118/118/118
f  115/115/115 118/118/118 49/49/49 48/48/48
f  119/119/119 54/54/54 49/49/49 118/118/118
f  119/119/119 118/118/118 117/117/117 120/120/120
f  119/119/119 120/120/120 121/121/121 122/122/122
f  119/119/119 122/122/122 55/55/55 54/54/54
f  123/123/123 60/60/60 55/55/55 122/122/122
f  123/123/123 122/122/122 121/121/121 124/124/124
f  123/123/123 124/124/124 125/125/125 126/126/126
f  123/123/123 126/126/126 61/61/61 60/60/60
f  127/127/127 66/66/66 61/61/61 126/126/126
f  127/127/127 126/126/126 125/125/125 128/128/128
f  127/127/127 128/128/128 100/100/100 129/129/129
f  127/127/127 129/129/129 67/67/67 66/66/66
f  130/130/130 72/72/72 67/67/67 129/129/129
f  130/130/130 129/129/129 100/100/100 99/99/99
f  130/130/130 99/99/99 98/98/98 131/131/131
f  130/130/130 131/131/131 73/73/73 72/72/72
f  132/132/132 78/78/78 73/73/73 131/131/131
f  132/132/132 131/131/131 98/98/98 133/133/133
f  132/132/132 133/133/133 134/134/134 135/135/135
f  132/132/132 135/135/135 79/79/79 78/78/78
f  136/136/136 84/84/84 79/79/79 135/135/135
f  136/136/136 135/135/135 134/134/134 137/137/137
f  136/136/136 137/137/137 138/138/138 139/139/139
f  136/136/136 139/139/139 85/85/85 84/84/84
f  140/140/140 90/90/90 85/85/85 139/139/139
f  140/140/140 139/139/139 138/138/138 141/141/141
f  140/140/140 141/141/141 23/23/23 22/22/22
f  140/140/140 22/22/22 21/21/21 90/90/90
f  142/142/142 143/143/143 144/144/144 145/145/145
f  142/142/142 145/145/145 18/18/18 17/17/17
f  142/142/142 17/17/17 16/16/16 146/146/146
f  142/142/142 146/146/146 147/147/147 143/143/143
f  148/148/148 149/149/149 147/147/147 146/146/146
f  148/148/148 146/146/146 16/16/16 40/40/40
f  148/148/148 40/40/40 39/39/39 150/150/150
f  148/148/148 150/150/150 151/151/151 149/149/149
f  152/152/152 153/153/153 151/151/151 150/150/150
f  152/152/152 150/150/150 39/39/39 46/46/46
f  152/152/152 46/46/46 45/45/45 154/154/154
f  152/152/152 154/154/154 155/155/155 153/153/153
f  156/156/156 157/157/157 155/155/155 154/154/154
f  156/156/156 154/154/154 45/45/45 52/52/52
f  156/156/156 52/52/52 51/51/51 158/158/158
f  156/156/156 158/158/158 159/159/159 157/157/157
f  160/160/160 161/161/161 159/159/159 158/158/158
f  160/160/160 158/158/158 51/51/51 58/58/58
f  160/160/160 58/58/58 57/57/57 162/162/162
f  160/160/160 162/162/162 163/163/163 161/161/161
f  164/164/164 165/165/165 163/163/163 162/162/162
f  164/164/164 162/162/162 57/57/57 64/64/64
f  164/164/164 64/64/64 63/63/63 166/166/166
f  164/164/164 166/166/166 167/167/167 165/165/165
f  168/168/168 169/169/169 167/167/167 166/166/166
f  168/168/168 166/166/166 63/63/63 70/70/70
f  168/168/168 70/70/70 69/69/69 170/170/170
f  168/168/168 170/170/170 171/171/171 169/169/169
f  172/172/172 173/173/173 171/171/171 170/170/170
f  172/172/172 170/170/170 69/69/69 76/76/76
f  172/172/172 76/76/76 75/75/75 174/174/174
f  172/172/172 174/174/174 175/175/175 173/173/173
f  176/176/176 177/177/177 175/175/175 174/174/174
f  176/176/176 174/174/174 75/75/75 82/82/82
f  176/176/176 82/82/82 81/81/81 178/178/178
f  176/176/176 178/178/178 179/179/179 177/177/177
f  180/180/180 181/181/181 179/179/179 178/178/178
f  180/180/180 178/178/178 81/81/81 88/88/88
f  180/180/180 88/88/88 87/87/87 182/182/182
f  180/180/180 182/182/182 183/183/183 181/181/181
f  184/184/184 185/185/185 183/183/183 182/182/182
f  184/184/184 182/182/182 87/87/87 91/91/91
f  184/184/184 91/91/91 5/5/5 4/4/4
f  184/184/184 4/4/4 3/3/3 185/185/185
f  186/186/186 187/187/187 188/188/188 189/189/189
f  186/186/186 189/189/189 31/31/31 190/190/190
f  186/186/186 190/190/190 191/191/191 192/192/192
f  186/186/186 192/192/192 193/193/193 187/187/187
f  194/194/194 195/195/195 18/18/18 145/145/145
f  194/194/194 145/145/145 144/144/144 196/196/196
f  194/194/194 196/196/196 197/197/197 198/198/198
f  194/194/194 198/198/198 199/199/199 195/195/195
f  200/200/200 190/190/190 31/31/31 30/30/30
f  200/200/200 30/30/30 18/18/18 195/195/195
f  200/200/200 195/195/195 199/199/199 201/201/201
f  200/200/200 201/201/201 191/191/191 190/190/190
f  202/202/202 203/203/203 204/204/204 205/205/205
f  202/202/202 205/205/205 206/206/206 207/207/207
f  202/202/202 207/207/207 208/208/208 209/209/209
f  202/202/202 209/209/209 210/210/210 203/203/203
f  211/211/211 212/212/212 193/193/193 192/192/192
f  211/211/211 192/192/192 191/191/191 213/213/213
f  211/211/211 213/213/213 204/204/204 214/214/214
f  211/211/211 214/214/214 215/215/215 212/212/212
f  216/216/216 217/217/217 199/199/199 198/198/198
f  216/216/216 198/198/198 197/197/197 218/218/218
f  216/216/216 218/218/218 219/219/219 220/220/220
f  216/216/216 220/220/220 206/206/206 217/217/217
f  221/221/221 213/213/213 191/191/191 201/201/201
f  221/221/221 201/201/201 199/199/199 217/217/217
f  221/221/221 217/217/217 206/206/206 205/205/205
f  221/221/221 205/205/205 204/204/204 213/213/213
f  222/222/222 223/223/223 224/224/224 225/225/225
f  222/222/222 225/225/225 226/226/226 227/227/227
f  222/222/222 227/227/227 228/228/228 229/229/229
f  222/222/222 229/229/229 230/230/230 223/223/223
f  231/231/231 207/207/207 206/206/206 220/220/220
f  231/231/231 220/220/220 219/219/219 232/232/232
f  231/231/231 232/232/232 233/233/233 234/234/234
f  231/231/231 234/234/234 208/208/208 207/207/207
f  235/235/235 227/227/227 226/226/226 236/236/236
f  235/235/235 236/236/236 237/237/237 238/238/238
f  235/235/235 238/238/238 239/239/239 240/240/240
f  235/235/235 240/240/240 228/228/228 227/227/227
f  241/241/241 238/238/238 237/237/237 242/242/242
f  241/241/241 242/242/242 243/243/243 244/244/244
f  241/241/241 244/244/244 245/245/245 246/246/246
f  241/241/241 246/246/246 239/239/239 238/238/238
f  247/247/247 248/248/248 9/9/9 8/8/8
f  247/247/247 8/8/8 7/7/7 34/34/34
f  247/247/247 34/34/34 27/27/27 26/26/26
f  247/247/247 26/26/26 25/25/25 249/249/249
f  247/247/247 249/249/249 250/250/250 248/248/248
f  251/251/251 252/252/252 253/253/253 254/254/254
f  251/251/251 254/254/254 250/250/250 249/249/249
f  251/251/251 249/249/249 25/25/25 24/24/24
f  251/251/251 24/24/24 23/23/23 252/252/252
f  255/255/255 256/256/256 257/257/257 258/258/258
f  255/255/255 258/258/258 259/259/259 260/260/260
f  255/255/255 260/260/260 105/105/105 104/104/104
f  255/255/255 104/104/104 103/103/103 256/256/256
f  261/261/261 260/260/260 259/259/259 262/262/262
f  261/261/261 262/262/262 263/263/263 264/264/264
f  261/261/261 264/264/264 109/109/109 108/108/108
f  261/261/261 108/108/108 105/105/105 260/260/260
f  265/265/265 264/264/264 263/263/263 266/266/266
f  265/265/265 266/266/266 267/267/267 268/268/268
f  265/265/265 268/268/268 113/113/113 112/112/112
f  265/265/265 112/112/112 109/109/109 264/264/264
f  269/269/269 268/268/268 267/267/267 270/270/270
f  269/269/269 270/270/270 271/271/271 272/272/272
f  269/269/269 272/272/272 117/117/117 116/116/116
f  269/269/269 116/116/116 113/113/113 268/268/268
f  273/273/273 272/272/272 271/271/271 274/274/274
f  273/273/273 274/274/274 275/275/275 276/276/276
f  273/273/273 276/276/276 121/121/121 120/120/120
f  273/273/273 120/120/120 117/117/117 272/272/272
f  277/277/277 276/276/276 275/275/275 278/278/278
f  277/277/277 278/278/278 279/279/279 280/280/280
f  277/277/277 280/280/280 125/125/125 124/124/124
f  277/277/277 124/124/124 121/121/121 276/276/276
f  281/281/281 280/280/280 279/279/279 282/282/282
f  281/281/281 282/282/282 94/94/94 93/93/93
f  281/281/281 93/93/93 100/100/100 128/128/128
f  281/281/281 128/128/128 125/125/125 280/280/280
f  283/283/283 97/97/97 96/96/96 284/284/284
f  283/283/283 284/284/284 285/285/285 286/286/286
f  283/283/283 286/286/286 134/134/134 133/133/133
f  283/283/283 133/133/133 98/98/98 97/97/97
f  287/287/287 286/286/286 285/285/285 288/288/288
f  287/287/287 288/288/288 289/289/289 290/290/290
f  287/287/287 290/290/290 138/138/138 137/137/137
f  287/287/287 137/137/137 134/134/134 286/286/286
f  291/291/291 290/290/290 289/289/289 292/292/292
f  291/291/291 292/292/292 253/253/253 252/252/252
f  291/291/291 252/252/252 23/23/23 141/141/141
f  291/291/291 141/141/141 138/138/138 290/290/290
f  293/293/293 244/244/244 243/243/243 294/294/294
f  293/295/293 294/296/294 224/224/224 223/223/223
f  293/295/293 223/223/223 230/230/230 295/297/295
f  293/293/293 295/298/295 245/245/245 244/244/244
f  296/299/296 297/300/297 298/301/298 299/302/299
f  296/303/296 299/304/299 300/305/300 301/306/301
f  296/303/296 301/306/301 302/307/302 303/308/303
f  296/299/296 303/309/303 304/310/304 297/300/297
f  305/311/305 306/312/306 210/210/210 209/209/209
f  305/311/305 209/209/209 208/208/208 234/234/234
f  305/311/305 234/234/234 233/233/233 306/312/306
f  307/313/307 308/314/308 309/315/309 310/316/310
f  307/313/307 310/316/310 311/317/311 312/318/312
f  307/313/307 312/318/312 313/319/313 314/320/314
f  307/313/307 314/320/314 315/321/315 308/314/308
f  316/322/316 317/323/317 309/315/309 318/324/318
f  316/322/316 318/324/318 319/325/319 320/326/320
f  316/322/316 320/326/320 321/327/321 322/328/322
f  316/322/316 322/328/322 323/329/323 317/323/317
f  324/330/324 325/331/325 215/215/215 214/214/214
f  324/330/324 214/214/214 204/204/204 326/332/326
f  324/330/324 326/332/326 327/333/327 328/334/328
f  324/335/324 328/336/328 329/337/329 325/338/325
f  330/339/330 331/340/331 319/325/319 332/341/332
f  330/339/330 332/341/332 215/342/215 325/338/325
f  330/339/330 325/338/325 329/337/329 333/343/333
f  330/339/330 333/343/333 334/344/334 331/340/331
f  335/345/335 336/346/336 210/210/210 337/347/337
f  335/345/335 337/347/337 319/325/319 331/340/331
f  335/345/335 331/340/331 334/344/334 338/348/338
f  335/345/335 338/348/338 339/349/339 336/346/336
f  340/350/340 326/332/326 204/204/204 203/203/203
f  340/350/340 203/203/203 210/210/210 336/346/336
f  340/350/340 336/346/336 339/349/339 341/351/341
f  340/350/340 341/351/341 327/333/327 326/332/326
f  342/352/342 343/353/343 329/337/329 328/336/328
f  342/354/342 328/334/328 327/333/327 344/355/344
f  342/354/342 344/355/344 224/224/224 294/296/294
f  342/352/342 294/294/294 243/243/243 343/353/343
f  345/356/345 346/357/346 334/344/334 333/343/333
f  345/356/345 333/343/333 329/337/329 343/353/343
f  345/356/345 343/353/343 243/243/243 242/242/242
f  345/356/345 242/242/242 237/237/237 346/357/346
f  347/358/347 348/359/348 339/349/339 338/348/338
f  347/358/347 338/348/338 334/344/334 346/357/346
f  347/358/347 346/357/346 237/237/237 236/236/236
f  347/358/347 236/236/236 226/226/226 348/359/348
f  349/360/349 344/355/344 327/333/327 341/351/341
f  349/360/349 341/351/341 339/349/339 348/359/348
f  349/360/349 348/359/348 226/226/226 225/225/225
f  349/360/349 225/225/225 224/224/224 344/355/344
f  350/361/350 351/362/351 245/245/245 295/298/295
f  350/363/350 295/297/295 230/230/230 352/364/352
f  350/363/350 352/364/352 300/305/300 299/304/299
f  350/361/350 299/302/299 298/301/298 351/362/351
f  353/365/353 352/364/352 230/230/230 229/229/229
f  353/365/353 229/229/229 228/228/228 354/366/354
f  353/365/353 354/366/354 355/367/355 356/368/356
f  353/365/353 356/368/356 300/305/300 352/364/352
f  357/369/357 358/370/358 239/239/239 246/246/246
f  357/369/357 246/246/246 245/245/245 351/362/351
f  357/369/357 351/362/351 298/301/298 359/371/359
f  357/369/357 359/371/359 360/372/360 358/370/358
f  361/373/361 354/366/354 228/228/228 240/240/240
f  361/373/361 240/240/240 239/239/239 358/370/358
f  361/373/361 358/370/358 360/372/360 362/374/362
f  361/373/361 362/374/362 355/367/355 354/366/354
f  363/375/363 301/306/301 300/305/300 356/368/356
f  363/375/363 356/368/356 355/367/355 364/376/364
f  363/375/363 364/376/364 365/377/365 366/378/366
f  363/375/363 366/378/366 302/307/302 301/306/301
f  367/379/367 368/380/368 360/372/360 359/371/359
f  367/379/367 359/371/359 298/301/298 297/300/297
f  367/379/367 297/300/297 304/310/304 369/381/369
f  367/379/367 369/381/369 370/382/370 368/380/368
f  371/383/371 364/376/364 355/367/355 362/374/362
f  371/383/371 362/374/362 360/372/360 368/380/368
f  371/383/371 368/380/368 370/382/370 372/384/372
f  371/383/371 372/384/372 365/377/365 364/376/364
f  373/385/373 374/386/374 375/387/375 376/388/376
f  373/385/373 376/388/376 377/389/377 378/390/378
f  373/385/373 378/390/378 379/391/379 380/392/380
f  373/385/373 380/392/380 381/393/381 374/386/374
f  382/394/382 383/395/383 384/396/384 385/397/385
f  382/394/382 385/397/385 375/387/375 374/386/374
f  382/394/382 374/386/374 381/393/381 386/398/386
f  382/394/382 386/398/386 387/399/387 383/395/383
f  388/400/388 389/401/389 390/402/390 391/403/391
f  388/400/388 391/403/391 384/396/384 383/395/383
f  388/400/388 383/395/383 387/399/387 392/404/392
f  388/400/388 392/404/392 393/405/393 389/401/389
f  394/406/394 378/390/378 377/389/377 395/407/395
f  394/408/394 395/409/395 390/402/390 389/401/389
f  394/408/394 389/401/389 393/405/393 396/410/396
f  394/406/394 396/411/396 379/391/379 378/390/378
f  397/412/397 398/413/398 304/310/304 303/309/303
f  397/414/397 303/308/303 302/307/302 399/415/399
f  397/414/397 399/415/399 390/402/390 395/409/395
f  397/412/397 395/407/395 377/389/377 398/413/398
f  400/416/400 399/415/399 302/307/302 366/378/366
f  400/416/400 366/378/366 365/377/365 401/417/401
f  400/416/400 401/417/401 384/396/384 391/403/391
f  400/416/400 391/403/391 390/402/390 399/415/399
f  402/418/402 401/417/401 365/377/365 372/384/372
f  402/418/402 372/384/372 370/382/370 403/419/403
f  402/418/402 403/419/403 375/387/375 385/397/385
f  402/418/402 385/397/385 384/396/384 401/417/401
f  404/420/404 403/419/403 370/382/370 369/381/369
f  404/420/404 369/381/369 304/310/304 398/413/398
f  404/420/404 398/413/398 377/389/377 376/388/376
f  404/420/404 376/388/376 375/387/375 403/419/403
f  405/421/405 406/422/406 407/423/407 408/424/408
f  405/421/405 408/424/408 409/425/409 410/426/410
f  405/421/405 410/426/410 411/427/411 412/428/412
f  405/421/405 412/428/412 413/429/413 414/430/414
f  405/421/405 414/430/414 415/431/415 416/432/416
f  405/421/405 416/432/416 417/433/417 418/434/418
f  405/421/405 418/434/418 419/435/419 406/422/406
f  420/436/420 421/437/421 422/438/422 423/439/423
f  420/440/420 423/441/423 407/423/407 406/422/406
f  420/440/420 406/422/406 419/435/419 424/442/424
f  420/436/420 424/443/424 425/444/425 421/437/421
f  426/445/426 427/446/427 428/447/428 429/448/429
f  426/445/426 429/448/429 430/449/430 431/450/431
f  426/445/426 431/450/431 432/451/432 433/452/433
f  426/445/426 433/452/433 434/453/434 427/446/427
f  435/454/435 436/455/436 437/456/437 438/457/438
f  435/454/435 438/457/438 439/458/439 440/459/440
f  435/460/435 440/461/440 430/449/430 441/462/441
f  435/460/435 441/462/441 417/433/417 436/463/436
f  442/464/442 443/465/443 425/444/425 444/466/444
f  442/464/442 444/466/444 445/467/445 446/468/446
f  442/464/442 446/468/446 439/458/439 438/457/438
f  442/464/442 438/457/438 437/456/437 443/465/443
f  447/469/447 424/442/424 419/435/419 448/470/448
f  447/469/447 448/470/448 428/447/428 449/471/449
f  447/472/447 449/473/449 445/467/445 444/466/444
f  447/472/447 444/466/444 425/444/425 424/443/424
f  450/474/450 418/434/418 417/433/417 441/462/441
f  450/474/450 441/462/441 430/449/430 429/448/429
f  450/474/450 429/448/429 428/447/428 448/470/448
f  450/474/450 448/470/448 419/435/419 418/434/418
f  451/475/451 452/476/452 453/477/453 454/478/454
f  451/475/451 454/478/454 455/479/455 456/480/456
f  451/475/451 456/480/456 457/481/457 458/482/458
f  451/475/451 458/482/458 459/483/459 452/476/452
f  460/484/460 461/485/461 462/486/462 463/487/463
f  460/484/460 463/487/463 464/488/464 465/489/465
f  460/490/460 465/491/465 466/492/466 467/493/467
f  460/490/460 467/493/467 413/429/413 461/494/461
f  468/495/468 469/496/469 470/497/470 471/498/471
f  468/495/468 471/498/471 472/499/472 473/500/473
f  468/495/468 473/500/473 464/488/464 463/487/463
f  468/495/468 463/487/463 462/486/462 469/496/469
f  474/501/474 475/502/475 415/431/415 476/503/476
f  474/501/474 476/503/476 477/504/477 478/505/478
f  474/506/474 478/507/478 472/499/472 471/498/471
f  474/506/474 471/498/471 470/497/470 475/508/475
f  479/509/479 414/430/414 413/429/413 467/493/467
f  479/509/479 467/493/467 466/492/466 480/510/480
f  479/509/479 480/510/480 477/504/477 476/503/476
f  479/509/479 476/503/476 415/431/415 414/430/414
f  481/511/481 482/512/482 472/499/472 478/507/478
f  481/513/481 478/505/478 477/504/477 483/514/483
f  481/513/481 483/514/483 484/515/484 485/516/485
f  481/511/481 485/517/485 486/518/486 482/512/482
f  487/519/487 488/520/488 489/521/489 490/522/490
f  487/519/487 490/522/490 491/523/491 492/524/492
f  487/519/487 492/524/492 493/525/493 494/526/494
f  487/519/487 494/526/494 411/427/411 488/520/488
f  495/527/495 496/528/496 462/486/462 497/529/497
f  495/527/495 497/529/497 498/530/498 499/531/499
f  495/527/495 499/531/499 491/523/491 490/522/490
f  495/527/495 490/522/490 489/521/489 496/528/496
f  500/532/500 461/494/461 413/429/413 501/533/501
f  500/532/500 501/533/501 502/534/502 503/535/503
f  500/536/500 503/537/503 498/530/498 497/529/497
f  500/536/500 497/529/497 462/486/462 461/485/461
f  504/538/504 412/428/412 411/427/411 494/526/494
f  504/538/504 494/526/494 493/525/493 505/539/505
f  504/538/504 505/539/505 502/534/502 501/533/501
f  504/538/504 501/533/501 413/429/413 412/428/412
f  506/540/506 507/541/507 491/523/491 499/531/499
f  506/540/506 499/531/499 498/530/498 508/542/508
f  506/540/506 508/542/508 509/543/509 510/544/510
f  506/540/506 510/544/510 511/545/511 507/541/507
f  512/546/512 475/508/475 470/497/470 513/547/513
f  512/546/512 513/547/513 453/477/453 514/548/514
f  512/549/512 514/550/514 515/551/515 516/552/516
f  512/549/512 516/552/516 415/431/415 475/502/475
f  517/553/517 518/554/518 437/456/437 519/555/519
f  517/553/517 519/555/519 455/479/455 454/478/454
f  517/553/517 454/478/454 453/477/453 513/547/513
f  517/553/517 513/547/513 470/497/470 518/554/518
f  520/556/520 436/463/436 417/433/417 521/557/521
f  520/556/520 521/557/521 522/558/522 523/559/523
f  520/560/520 523/561/523 455/479/455 519/555/519
f  520/560/520 519/555/519 437/456/437 436/455/436
f  524/562/524 416/432/416 415/431/415 516/552/516
f  524/562/524 516/552/516 515/551/515 525/563/525
f  524/562/524 525/563/525 522/558/522 521/557/521
f  524/562/524 521/557/521 417/433/417 416/432/416
f  526/564/526 527/565/527 528/566/528 529/567/529
f  526/564/526 529/567/529 530/568/530 531/569/531
f  526/564/526 531/569/531 532/570/532 533/571/533
f  526/564/526 533/571/533 534/572/534 527/565/527
f  535/573/535 536/574/536 537/575/537 538/576/538
f  535/573/535 538/576/538 539/577/539 540/578/540
f  535/573/535 540/578/540 541/579/541 542/580/542
f  535/573/535 542/580/542 543/581/543 536/574/536
f  544/582/544 545/583/545 546/584/546 547/585/547
f  544/582/544 547/585/547 548/586/548 549/587/549
f  544/582/544 549/587/549 550/588/550 551/589/551
f  544/582/544 551/589/551 552/590/552 545/583/545
f  553/591/553 554/592/554 555/593/555 556/594/556
f  553/595/553 556/596/556 528/566/528 527/565/527
f  553/595/553 527/565/527 534/572/534 557/597/557
f  553/591/553 557/598/557 558/599/558 554/592/554
f  559/600/559 508/542/508 498/530/498 503/537/503
f  559/601/559 503/535/503 502/534/502 560/602/560
f  559/601/559 560/602/560 561/603/561 562/604/562
f  559/600/559 562/605/562 509/543/509 508/542/508
f  563/606/563 483/514/483 477/504/477 480/510/480
f  563/606/563 480/510/480 466/492/466 564/607/564
f  563/606/563 564/607/564 565/608/565 566/609/566
f  563/606/563 566/609/566 484/515/484 483/514/483
f  567/610/567 456/480/456 455/479/455 523/561/523
f  567/611/567 523/559/523 522/558/522 568/612/568
f  567/611/567 568/612/568 569/613/569 570/614/570
f  567/610/567 570/615/570 457/481/457 456/480/456
f  571/616/571 560/602/560 502/534/502 505/539/505
f  571/616/571 505/539/505 493/525/493 572/617/572
f  571/616/571 572/617/572 573/618/573 574/619/574
f  571/616/571 574/619/574 561/603/561 560/602/560
f  575/620/575 568/612/568 522/558/522 525/563/525
f  575/620/575 525/563/525 515/551/515 576/621/576
f  575/620/575 576/621/576 577/622/577 578/623/578
f  575/620/575 578/623/578 569/613/569 568/612/568
f  579/624/579 431/450/431 430/449/430 440/461/440
f  579/625/579 440/459/440 439/458/439 580/626/580
f  579/625/579 580/626/580 581/627/581 582/628/582
f  579/624/579 582/629/582 432/451/432 431/450/431
f  583/630/583 564/607/564 466/492/466 465/491/465
f  583/631/583 465/489/465 464/488/464 584/632/584
f  583/631/583 584/632/584 585/633/585 586/634/586
f  583/630/583 586/635/586 565/608/565 564/607/564
f  587/636/587 580/626/580 439/458/439 446/468/446
f  587/636/587 446/468/446 445/467/445 588/637/588
f  587/636/587 588/637/588 589/638/589 590/639/590
f  587/636/587 590/639/590 581/627/581 580/626/580
f  591/640/591 572/617/572 493/525/493 492/524/492
f  591/640/591 492/524/492 491/523/491 507/541/507
f  591/640/591 507/541/507 511/545/511 592/641/592
f  591/640/591 592/641/592 573/618/573 572/617/572
f  593/642/593 584/632/584 464/488/464 473/500/473
f  593/642/593 473/500/473 472/499/472 482/512/482
f  593/642/593 482/512/482 486/518/486 594/643/594
f  593/642/593 594/643/594 585/633/585 584/632/584
f  595/644/595 576/621/576 515/551/515 514/550/514
f  595/645/595 514/548/514 453/477/453 452/476/452
f  595/645/595 452/476/452 459/483/459 596/646/596
f  595/644/595 596/647/596 577/622/577 576/621/576
f  597/648/597 588/637/588 445/467/445 449/473/449
f  597/649/597 449/471/449 428/447/428 427/446/427
f  597/649/597 427/446/427 434/453/434 598/650/598
f  597/648/597 598/651/598 589/638/589 588/637/588
f  599/652/599 600/653/600 558/599/558 557/598/557
f  599/654/599 557/597/557 534/572/534 533/571/533
f  599/654/599 533/571/533 532/570/532 601/655/601
f  599/652/599 601/656/601 602/657/602 600/653/600
f  603/658/603 604/659/604 605/660/605 606/661/606
f  603/662/603 606/663/606 607/664/607 608/665/608
f  603/662/603 608/665/608 609/666/609 610/667/610
f  603/658/603 610/668/610 611/669/611 604/659/604
f  612/670/612 613/671/613 543/581/543 542/580/542
f  612/672/612 542/580/542 541/579/541 614/673/614
f  612/672/612 614/673/614 615/674/615 616/675/616
f  612/670/612 616/676/616 617/677/617 613/671/613
f  618/678/618 551/589/551 550/588/550 619/679/619
f  618/680/618 619/681/619 620/682/620 621/683/621
f  618/680/618 621/683/621 622/684/622 623/685/623
f  618/678/618 623/686/623 552/590/552 551/589/551
f  624/687/624 540/578/540 539/577/539 625/688/625
f  624/687/624 625/688/625 626/689/626 627/690/627
f  624/687/624 627/690/627 615/674/615 614/673/614
f  624/687/624 614/673/614 541/579/541 540/578/540
f  628/691/628 531/569/531 530/568/530 629/692/629
f  628/693/628 629/694/629 630/695/630 631/696/631
f  628/693/628 631/696/631 602/657/602 601/656/601
f  628/691/628 601/655/601 532/570/532 531/569/531
f  632/697/632 627/690/627 626/689/626 633/698/633
f  632/699/632 633/700/633 634/701/634 635/702/635
f  632/699/632 635/702/635 617/677/617 616/676/616
f  632/697/632 616/675/616 615/674/615 627/690/627
f  636/703/636 631/696/631 630/695/630 637/704/637
f  636/703/636 637/704/637 555/593/555 554/592/554
f  636/703/636 554/592/554 558/599/558 600/653/600
f  636/703/636 600/653/600 602/657/602 631/696/631
f  638/705/638 635/702/635 634/701/634 639/706/639
f  638/705/638 639/706/639 537/575/537 536/574/536
f  638/705/638 536/574/536 543/581/543 613/671/613
f  638/705/638 613/671/613 617/677/617 635/702/635
f  640/707/640 641/708/641 642/709/642 643/710/643
f  640/711/640 643/712/643 644/713/644 645/714/645
f  640/711/640 645/714/645 607/664/607 606/663/606
f  640/707/640 606/661/606 605/660/605 641/708/641
f  646/715/646 549/587/549 548/586/548 647/716/647
f  646/717/646 647/718/647 648/719/648 649/720/649
f  646/717/646 649/720/649 620/682/620 619/681/619
f  646/715/646 619/679/619 550/588/550 549/587/549
f  650/721/650 645/714/645 644/713/644 651/722/651
f  650/721/650 651/722/651 652/723/652 653/724/653
f  650/721/650 653/724/653 609/666/609 608/665/608
f  650/721/650 608/665/608 607/664/607 645/714/645
f  654/725/654 649/720/649 648/719/648 655/726/655
f  654/725/654 655/726/655 656/727/656 657/728/657
f  654/725/654 657/728/657 622/684/622 621/683/621
f  654/725/654 621/683/621 620/682/620 649/720/649
f  658/729/658 653/724/653 652/723/652 659/730/659
f  658/731/658 659/732/659 660/733/660 661/734/661
f  658/731/658 661/734/661 611/669/611 610/668/610
f  658/729/658 610/667/610 609/666/609 653/724/653
f  662/735/662 657/728/657 656/727/656 663/736/663
f  662/737/662 663/738/663 546/584/546 545/583/545
f  662/737/662 545/583/545 552/590/552 623/686/623
f  662/735/662 623/685/623 622/684/622 657/728/657
f  664/739/664 661/734/661 660/733/660 665/740/665
f  664/739/664 665/740/665 642/709/642 641/708/641
f  664/739/664 641/708/641 605/660/605 604/659/604
f  664/739/664 604/659/604 611/669/611 661/734/661
f  666/741/666 667/742/667 561/603/561 574/619/574
f  666/741/666 574/619/574 573/618/573 668/743/668
f  666/741/666 668/743/668 537/575/537 639/706/639
f  666/741/666 639/706/639 634/701/634 667/742/667
f  669/744/669 670/745/670 509/543/509 562/605/562
f  669/746/669 562/604/562 561/603/561 667/742/667
f  669/746/669 667/742/667 634/701/634 633/700/633
f  669/744/669 633/698/633 626/689/626 670/745/670
f  671/747/671 672/748/672 511/545/511 510/544/510
f  671/747/671 510/544/510 509/543/509 670/745/670
f  671/747/671 670/745/670 626/689/626 625/688/625
f  671/747/671 625/688/625 539/577/539 672/748/672
f  673/749/673 668/743/668 573/618/573 592/641/592
f  673/749/673 592/641/592 511/545/511 672/748/672
f  673/749/673 672/748/672 539/577/539 538/576/538
f  673/749/673 538/576/538 537/575/537 668/743/668
f  674/750/674 675/751/675 484/515/484 566/609/566
f  674/750/674 566/609/566 565/608/565 676/752/676
f  674/750/674 676/752/676 642/709/642 665/740/665
f  674/750/674 665/740/665 660/733/660 675/751/675
f  677/753/677 678/754/678 486/518/486 485/517/485
f  677/755/677 485/516/485 484/515/484 675/751/675
f  677/755/677 675/751/675 660/733/660 659/732/659
f  677/753/677 659/730/659 652/723/652 678/754/678
f  679/756/679 680/757/680 585/633/585 594/643/594
f  679/756/679 594/643/594 486/518/486 678/754/678
f  679/756/679 678/754/678 652/723/652 651/722/651
f  679/756/679 651/722/651 644/713/644 680/757/680
f  681/758/681 676/752/676 565/608/565 586/635/586
f  681/759/681 586/634/586 585/633/585 680/757/680
f  681/759/681 680/757/680 644/713/644 643/712/643
f  681/758/681 643/710/643 642/709/642 676/752/676
f  682/760/682 683/761/683 457/481/457 570/615/570
f  682/762/682 570/614/570 569/613/569 684/763/684
f  682/762/682 684/763/684 546/584/546 663/738/663
f  682/760/682 663/736/663 656/727/656 683/761/683
f  685/764/685 686/765/686 459/483/459 458/482/458
f  685/764/685 458/482/458 457/481/457 683/761/683
f  685/764/685 683/761/683 656/727/656 655/726/655
f  685/764/685 655/726/655 648/719/648 686/765/686
f  687/766/687 688/767/688 577/622/577 596/647/596
f  687/768/687 596/646/596 459/483/459 686/765/686
f  687/768/687 686/765/686 648/719/648 647/718/647
f  687/766/687 647/716/647 548/586/548 688/767/688
f  689/769/689 684/763/684 569/613/569 578/623/578
f  689/769/689 578/623/578 577/622/577 688/767/688
f  689/769/689 688/767/688 548/586/548 547/585/547
f  689/769/689 547/585/547 546/584/546 684/763/684
f  690/770/690 691/771/691 434/453/434 433/452/433
f  690/770/690 433/452/433 432/451/432 692/772/692
f  690/770/690 692/772/692 555/593/555 637/704/637
f  690/770/690 637/704/637 630/695/630 691/771/691
f  693/773/693 694/774/694 589/638/589 598/651/598
f  693/775/693 598/650/598 434/453/434 691/771/691
f  693/775/693 691/771/691 630/695/630 629/694/629
f  693/773/693 629/692/629 530/568/530 694/774/694
f  695/776/695 692/772/692 432/451/432 582/629/582
f  695/777/695 582/628/582 581/627/581 696/778/696
f  695/777/695 696/778/696 528/566/528 556/596/556
f  695/776/695 556/594/556 555/593/555 692/772/692
f  697/779/697 696/778/696 581/627/581 590/639/590
f  697/779/697 590/639/590 589/638/589 694/774/694
f  697/779/697 694/774/694 530/568/530 529/567/529
f  697/779/697 529/567/529 528/566/528 696/778/696
f  698/780/698 699/781/699 700/782/700 701/783/701
f  698/780/698 701/783/701 702/784/702 703/785/703
f  698/780/698 703/785/703 704/786/704 705/787/705
f  698/780/698 705/787/705 706/788/706 699/781/699
f  707/789/707 708/790/708 411/427/411 410/426/410
f  707/789/707 410/426/410 409/425/409 709/791/709
f  707/789/707 709/791/709 702/784/702 701/783/701
f  707/789/707 701/783/701 700/782/700 708/790/708
f  710/792/710 711/793/711 489/521/489 488/520/488
f  710/792/710 488/520/488 411/427/411 708/790/708
f  710/792/710 708/790/708 700/782/700 712/794/712
f  710/792/710 712/794/712 713/795/713 711/793/711
f  714/796/714 715/797/715 716/798/716 717/799/717
f  714/796/714 717/799/717 718/800/718 719/801/719
f  714/796/714 719/801/719 720/802/720 721/803/721
f  714/796/714 721/803/721 722/804/722 715/797/715
f  723/805/723 703/785/703 702/784/702 724/806/724
f  723/805/723 724/806/724 725/807/725 726/808/726
f  723/805/723 726/808/726 716/798/716 727/809/727
f  723/805/723 727/809/727 704/786/704 703/785/703
f  728/810/728 726/808/726 725/807/725 729/811/729
f  728/810/728 729/811/729 713/795/713 730/812/730
f  728/810/728 730/812/730 718/800/718 717/799/717
f  728/810/728 717/799/717 716/798/716 726/808/726
f  731/813/731 730/812/730 713/795/713 712/794/712
f  731/813/731 712/794/712 700/782/700 699/781/699
f  731/813/731 699/781/699 706/788/706 732/814/732
f  731/813/731 732/814/732 718/800/718 730/812/730
f  733/815/733 734/816/734 735/817/735 736/816/736
f  733/815/733 736/816/736 722/804/722 721/803/721
f  733/815/733 721/803/721 720/802/720 737/815/737
f  733/815/733 737/815/737 738/818/738 734/816/734
f  739/819/739 719/801/719 718/800/718 732/814/732
f  739/819/739 732/814/732 706/788/706 740/820/740
f  739/819/739 740/820/740 738/818/738 737/815/737
f  739/819/739 737/815/737 720/802/720 719/801/719
f  741/821/741 740/820/740 706/788/706 705/787/705
f  741/821/741 705/787/705 704/786/704 742/822/742
f  741/821/741 742/822/742 735/817/735 734/816/734
f  741/821/741 734/816/734 738/818/738 740/820/740
f  743/823/743 742/822/742 704/786/704 727/809/727
f  743/823/743 727/809/727 716/798/716 715/797/715
f  743/823/743 715/797/715 722/804/722 736/816/736
f  743/823/743 736/816/736 735/817/735 742/822/742
f  744/824/744 745/825/745 381/393/381 380/392/380
f  744/824/744 380/392/380 379/391/379 746/826/746
f  744/824/744 746/826/746 422/438/422 747/827/747
f  744/824/744 747/827/747 748/828/748 745/825/745
f  749/829/749 746/826/746 379/391/379 396/411/396
f  749/830/749 396/410/396 393/405/393 750/831/750
f  749/830/749 750/831/750 407/423/407 423/441/423
f  749/829/749 423/439/423 422/438/422 746/826/746
f  751/832/751 750/831/750 393/405/393 392/404/392
f  751/832/751 392/404/392 387/399/387 752/833/752
f  751/832/751 752/833/752 409/425/409 408/424/408
f  751/832/751 408/424/408 407/423/407 750/831/750
f  753/834/753 752/833/752 387/399/387 386/398/386
f  753/834/753 386/398/386 381/393/381 745/825/745
f  753/834/753 745/825/745 748/828/748 754/835/754
f  753/834/753 754/835/754 409/425/409 752/833/752
f  755/836/755 756/837/756 748/828/748 757/838/757
f  755/836/755 757/838/757 489/521/489 711/793/711
f  755/836/755 711/793/711 713/795/713 729/811/729
f  755/836/755 729/811/729 725/807/725 756/837/756
f  758/839/758 757/838/757 748/828/748 747/827/747
f  758/839/758 747/827/747 422/438/422 421/437/421
f  758/839/758 421/437/421 425/444/425 443/465/443
f  758/839/758 443/465/443 437/456/437 518/554/518
f  758/839/758 518/554/518 470/497/470 469/496/469
f  758/839/758 469/496/469 462/486/462 496/528/496
f  758/839/758 496/528/496 489/521/489 757/838/757
f  759/840/759 709/791/709 409/425/409 754/835/754
f  759/840/759 754/835/754 748/828/748 756/837/756
f  759/840/759 756/837/756 725/807/725 724/806/724
f  759/840/759 724/806/724 702/784/702 709/791/709
f  760/841/760 761/842/761 31/31/31 189/189/189
f  760/841/760 189/189/189 188/188/188 762/843/762
f  760/841/760 762/843/762 763/844/763 764/845/764
f  760/841/760 764/845/764 765/846/765 761/842/761
f  766/847/766 767/848/767 768/849/768 769/850/769
f  766/847/766 769/850/769 770/851/770 771/852/771
f  766/847/766 771/852/771 772/853/772 773/854/773
f  766/847/766 773/854/773 774/855/774 767/848/767
f  775/856/775 776/857/776 777/858/777 778/859/778
f  775/856/775 778/859/778 779/860/779 780/861/780
f  775/856/775 780/861/780 781/862/781 782/863/782
f  775/856/775 782/863/782 783/864/783 776/857/776
f  784/865/784 771/852/771 770/851/770 785/866/785
f  784/865/784 785/866/785 777/858/777 776/857/776
f  784/865/784 776/857/776 783/864/783 786/867/786
f  784/865/784 786/867/786 772/853/772 771/852/771
f  787/868/787 788/869/788 103/103/103 102/102/102
f  787/868/787 102/102/102 12/12/12 789/870/789
f  787/868/787 789/870/789 790/871/790 791/872/791
f  787/868/787 791/872/791 792/873/792 788/869/788
f  793/874/793 789/870/789 12/12/12 29/29/29
f  793/874/793 29/29/29 31/31/31 761/842/761
f  793/874/793 761/842/761 765/846/765 794/875/794
f  793/874/793 794/875/794 790/871/790 789/870/789
f  795/876/795 796/877/796 765/846/765 764/845/764
f  795/876/795 764/845/764 763/844/763 797/878/797
f  795/876/795 797/878/797 779/860/779 778/859/778
f  795/876/795 778/859/778 777/858/777 796/877/796
f  798/879/798 799/880/799 790/871/790 794/875/794
f  798/879/798 794/875/794 765/846/765 796/877/796
f  798/879/798 796/877/796 777/858/777 785/866/785
f  798/879/798 785/866/785 770/851/770 799/880/799
f  800/881/800 797/878/797 763/844/763 801/882/801
f  800/881/800 801/882/801 802/883/802 803/884/803
f  800/881/800 803/884/803 804/885/804 805/886/805
f  800/881/800 805/886/805 779/860/779 797/878/797
f  806/887/806 807/888/807 792/873/792 791/872/791
f  806/887/806 791/872/791 790/871/790 799/880/799
f  806/887/806 799/880/799 770/851/770 769/850/769
f  806/887/806 769/850/769 768/849/768 807/888/807
f  808/889/808 809/890/809 804/885/804 810/891/810
f  808/892/808 810/893/810 768/849/768 767/848/767
f  808/892/808 767/848/767 774/855/774 811/894/811
f  808/889/808 811/895/811 812/896/812 809/890/809
f  813/897/813 803/884/803 802/883/802 814/898/814
f  813/899/813 814/900/814 792/873/792 807/888/807
f  813/899/813 807/888/807 768/849/768 810/893/810
f  813/897/813 810/891/810 804/885/804 803/884/803
f  815/901/815 816/902/816 817/903/817 818/904/818
f  815/905/815 818/906/818 103/103/103 788/869/788
f  815/905/815 788/869/788 792/873/792 814/900/814
f  815/901/815 814/898/814 802/883/802 816/902/816
f  819/907/819 820/908/820 821/909/821 822/910/822
f  819/907/819 822/910/822 823/911/823 824/912/824
f  819/907/819 824/912/824 825/913/825 826/914/826
f  819/907/819 826/914/826 827/915/827 820/908/820
f  828/916/828 780/861/780 779/860/779 805/886/805
f  828/916/828 805/886/805 804/885/804 809/890/809
f  828/916/828 809/890/809 812/896/812 829/917/829
f  828/916/828 829/917/829 781/862/781 780/861/780
f  830/918/830 831/919/831 825/913/825 832/920/832
f  830/921/830 832/922/832 833/923/833 834/924/834
f  830/921/830 834/924/834 835/925/835 836/926/836
f  830/918/830 836/927/836 837/928/837 831/919/831
f  838/929/838 839/930/839 840/931/840 841/932/841
f  838/929/838 841/932/841 842/933/842 843/934/843
f  838/929/838 843/934/843 844/935/844 845/936/845
f  838/929/838 845/936/845 833/923/833 839/930/839
f  846/937/846 824/912/824 823/911/823 847/938/847
f  846/939/846 847/940/847 840/931/840 839/930/839
f  846/939/846 839/930/839 833/923/833 832/922/832
f  846/937/846 832/920/832 825/913/825 824/912/824
f  848/941/848 849/942/849 850/943/850 851/944/851
f  848/941/848 851/944/851 821/909/821 820/908/820
f  848/941/848 820/908/820 827/915/827 852/945/852
f  848/941/848 852/945/852 853/946/853 849/942/849
f  854/947/854 843/934/843 842/933/842 855/948/855
f  854/947/854 855/948/855 850/943/850 849/942/849
f  854/947/854 849/942/849 853/946/853 856/949/856
f  854/947/854 856/949/856 844/935/844 843/934/843
f  857/950/857 858/951/858 772/853/772 786/867/786
f  857/950/857 786/867/786 783/864/783 859/952/859
f  857/950/857 859/952/859 850/943/850 855/948/855
f  857/950/857 855/948/855 842/933/842 858/951/858
f  860/953/860 859/952/859 783/864/783 782/863/782
f  860/953/860 782/863/782 781/862/781 861/954/861
f  860/953/860 861/954/861 821/909/821 851/944/851
f  860/953/860 851/944/851 850/943/850 859/952/859
f  862/955/862 863/956/863 812/896/812 811/895/811
f  862/957/862 811/894/811 774/855/774 864/958/864
f  862/957/862 864/958/864 840/931/840 847/940/847
f  862/955/862 847/938/847 823/911/823 863/956/863
f  865/959/865 864/958/864 774/855/774 773/854/773
f  865/959/865 773/854/773 772/853/772 858/951/858
f  865/959/865 858/951/858 842/933/842 841/932/841
f  865/959/865 841/932/841 840/931/840 864/958/864
f  866/960/866 861/954/861 781/862/781 829/917/829
f  866/960/866 829/917/829 812/896/812 863/956/863
f  866/960/866 863/956/863 823/911/823 822/910/822
f  866/960/866 822/910/822 821/909/821 861/954/861
f  867/961/867 868/962/868 188/188/188 869/963/869
f  867/961/867 869/963/869 870/964/870 871/965/871
f  867/961/867 871/965/871 872/966/872 873/967/873
f  867/961/867 873/967/873 817/903/817 868/962/868
f  874/968/874 762/843/762 188/188/188 868/962/868
f  874/968/874 868/962/868 817/903/817 816/902/816
f  874/968/874 816/902/816 802/883/802 801/882/801
f  874/968/874 801/882/801 763/844/763 762/843/762
f  875/969/875 876/970/876 257/257/257 256/256/256
f  875/969/875 256/256/256 103/103/103 818/906/818
f  875/971/875 818/904/818 817/903/817 873/967/873
f  875/971/875 873/967/873 872/966/872 876/972/876
f  877/973/877 878/974/878 879/975/879 880/976/880
f  877/973/877 880/976/880 881/977/881 882/978/882
f  877/973/877 882/978/882 883/979/883 884/980/884
f  877/973/877 884/980/884 885/981/885 878/974/878
f  886/982/886 887/983/887 853/946/853 852/945/852
f  886/982/886 852/945/852 827/915/827 888/984/888
f  886/982/886 888/984/888 881/977/881 880/976/880
f  886/982/886 880/976/880 879/975/879 887/983/887
f  889/985/889 890/986/890 844/935/844 856/949/856
f  889/985/889 856/949/856 853/946/853 887/983/887
f  889/985/889 887/983/887 879/975/879 891/987/891
f  889/985/889 891/987/891 892/988/892 890/986/890
f  893/989/893 888/984/888 827/915/827 826/914/826
f  893/989/893 826/914/826 825/913/825 831/919/831
f  893/989/893 831/919/831 837/928/837 894/990/894
f  893/989/893 894/990/894 881/977/881 888/984/888
f  895/991/895 834/924/834 833/923/833 845/936/845
f  895/991/895 845/936/845 844/935/844 890/986/890
f  895/991/895 890/986/890 892/988/892 896/992/896
f  895/991/895 896/992/896 835/925/835 834/924/834
f  897/993/897 898/994/898 883/979/883 899/995/899
f  897/993/897 899/995/899 900/996/900 901/997/901
f  897/993/897 901/997/901 902/998/902 903/999/903
f  897/993/897 903/999/903 904/1000/904 898/994/898
f  905/1001/905 906/1002/906 892/988/892 891/987/891
f  905/1001/905 891/987/891 879/975/879 878/974/878
f  905/1001/905 878/974/878 885/981/885 907/1003/907
f  905/1001/905 907/1003/907 908/1004/908 906/1002/906
f  909/1005/909 882/978/882 881/977/881 894/990/894
f  909/1005/909 894/990/894 837/928/837 910/1006/910
f  909/1005/909 910/1006/910 900/996/900 899/995/899
f  909/1005/909 899/995/899 883/979/883 882/978/882
f  911/1007/911 912/1008/912 835/925/835 896/992/896
f  911/1007/911 896/992/896 892/988/892 906/1002/906
f  911/1007/911 906/1002/906 908/1004/908 913/1009/913
f  911/1007/911 913/1009/913 914/1010/914 912/1008/912
f  915/1011/915 910/1006/910 837/928/837 836/927/836
f  915/1012/915 836/926/836 835/925/835 912/1008/912
f  915/1012/915 912/1008/912 914/1010/914 916/1013/916
f  915/1011/915 916/1014/916 900/996/900 910/1006/910
f  917/1015/917 918/1016/918 919/1017/919 920/1018/920
f  917/1015/917 920/1018/920 904/1000/904 921/1019/921
f  917/1015/917 921/1020/921 922/1021/922 923/1022/923
f  917/1015/917 923/1022/923 924/1023/924 918/1016/918
f  925/1024/925 926/1025/926 914/1010/914 913/1009/913
f  925/1024/925 913/1009/913 908/1004/908 927/1026/927
f  925/1024/925 927/1026/927 928/1027/928 929/1028/929
f  925/1024/925 929/1028/929 930/1029/930 926/1025/926
f  931/1030/931 901/997/901 900/996/900 916/1014/916
f  931/1031/931 916/1013/916 914/1010/914 926/1025/926
f  931/1031/931 926/1025/926 930/1029/930 932/1032/932
f  931/1030/931 932/1033/932 902/998/902 901/997/901
f  933/1034/933 934/1035/934 885/981/885 884/980/884
f  933/1034/933 884/980/884 883/979/883 898/994/898
f  933/1034/933 898/994/898 904/1000/904 920/1018/920
f  933/1034/933 920/1018/920 919/1017/919 934/1035/934
f  935/1036/935 927/1026/927 908/1004/908 907/1003/907
f  935/1036/935 907/1003/907 885/981/885 934/1035/934
f  935/1036/935 934/1035/934 919/1017/919 936/1037/936
f  935/1036/935 936/1037/936 928/1027/928 927/1026/927
f  937/1038/937 938/1039/938 939/1040/939 940/1041/940
f  937/1038/937 940/1041/940 924/1023/924 923/1022/923
f  937/1038/937 923/1022/923 922/1021/922 941/1042/941
f  937/1038/937 941/1042/941 942/1043/942 943/1044/943
f  937/1038/937 943/1044/943 944/1045/944 938/1039/938
f  945/1046/945 946/1047/946 928/1027/928 936/1037/936
f  945/1046/945 936/1037/936 919/1017/919 918/1016/918
f  945/1046/945 918/1016/918 924/1023/924 940/1041/940
f  945/1046/945 940/1041/940 939/1040/939 946/1047/946
f  947/1048/947 948/1049/948 949/1050/949 950/1051/950
f  947/1048/947 950/1051/950 951/1052/951 952/1053/952
f  947/1048/947 952/1053/952 953/1054/953 954/1055/954
f  947/1048/947 954/1055/954 955/1056/955 948/1049/948
f  956/1057/956 957/1058/957 930/1029/930 929/1028/929
f  956/1057/956 929/1028/929 928/1027/928 946/1047/946
f  956/1057/956 946/1047/946 939/1040/939 938/1039/938
f  956/1057/956 938/1039/938 944/1045/944 957/1058/957
f  958/1059/958 959/1060/959 902/998/902 932/1033/932
f  958/1061/958 932/1032/932 930/1029/930 957/1058/957
f  958/1062/958 957/1058/957 944/1045/944 943/1044/943
f  958/1062/958 943/1044/943 942/1043/942 959/1063/959
f  960/1064/960 961/1065/961 942/1043/942 941/1042/941
f  960/1064/960 941/1042/941 922/1021/922 962/1066/962
f  960/1064/960 962/1066/962 963/1067/963 964/1068/964
f  960/1064/960 964/1068/964 965/1069/965 966/1070/966
f  960/1064/960 966/1070/966 967/1071/967 961/1065/961
f  968/1072/968 952/1053/952 951/1052/951 969/1073/969
f  968/1074/968 969/1075/969 970/1076/970 971/1077/971
f  968/1074/968 971/1077/971 972/1078/972 973/1079/973
f  968/1072/968 973/1080/973 953/1054/953 952/1053/952
f  974/1081/974 962/1066/962 922/1021/922 921/1020/921
f  974/1082/974 921/1019/921 904/1000/904 975/1083/975
f  974/1082/974 975/1083/975 976/1084/976 977/1085/977
f  974/1081/974 977/1086/977 963/1067/963 962/1066/962
f  978/1087/978 979/1088/979 955/1056/955 954/1055/954
f  978/1087/978 954/1055/954 953/1054/953 973/1080/973
f  978/1089/978 973/1079/973 972/1078/972 980/1090/980
f  978/1089/978 980/1090/980 981/1091/981 979/1092/979
f  982/1093/982 971/1077/971 970/1076/970 983/1094/983
f  982/1093/982 983/1094/983 984/1095/984 985/1096/985
f  982/1093/982 985/1096/985 981/1091/981 980/1090/980
f  982/1093/982 980/1090/980 972/1078/972 971/1077/971
f  986/1097/986 987/1098/987 988/1099/988 989/1100/989
f  986/1097/986 989/1100/989 990/1101/990 991/1102/991
f  986/1103/986 991/1104/991 992/1105/992 993/1106/993
f  986/1103/986 993/1106/993 994/1107/994 987/1108/987
f  995/1109/995 996/1110/996 997/1111/997 998/1112/998
f  995/1113/995 998/1114/998 999/1115/999 1000/1116/1000
f  995/1113/995 1000/1116/1000 1001/1117/1001 1002/1118/1002
f  995/1109/995 1002/1119/1002 965/1069/965 996/1110/996
f  1003/1120/1003 1004/1121/1004 949/1050/949 1005/1122/1005
f  1003/1123/1003 1005/1124/1005 984/1095/984 1006/1125/1006
f  1003/1123/1003 1006/1125/1006 965/1069/965 1002/1119/1002
f  1003/1120/1003 1002/1118/1002 1001/1117/1001 1004/1121/1004
f  1007/1126/1007 1008/1127/1008 1009/1128/1009 1010/1129/1010
f  1007/1130/1007 1010/1131/1010 1011/1132/1011 1012/1133/1012
f  1007/1130/1007 1012/1133/1012 988/1099/988 987/1098/987
f  1007/1126/1007 987/1108/987 994/1107/994 1008/1127/1008
f  1013/1134/1013 1014/1135/1014 997/1111/997 1015/1136/1015
f  1013/1134/1013 1015/1136/1015 1009/1128/1009 1008/1127/1008
f  1013/1134/1013 1008/1127/1008 994/1107/994 993/1106/993
f  1013/1134/1013 993/1106/993 992/1105/992 1014/1135/1014
f  1016/1137/1016 1012/1133/1012 1011/1132/1011 1017/1138/1017
f  1016/1137/1016 1017/1138/1017 999/1115/999 1018/1139/1018
f  1016/1137/1016 1018/1139/1018 990/1101/990 989/1100/989
f  1016/1137/1016 989/1100/989 988/1099/988 1012/1133/1012
f  1019/1140/1019 975/1083/975 904/1000/904 903/999/903
f  1019/1140/1019 903/999/903 902/998/902 1020/1141/1020
f  1019/1140/1019 1020/1141/1020 1021/1142/1021 1022/1143/1022
f  1019/1140/1019 1022/1143/1022 1001/1117/1001 1023/1144/1023
f  1019/1140/1019 1023/1144/1023 976/1084/976 975/1083/975
f  1024/1145/1024 1020/1141/1020 902/998/902 959/1060/959
f  1024/1146/1024 959/1063/959 942/1043/942 961/1065/961
f  1024/1146/1024 961/1065/961 967/1071/967 1025/1147/1025
f  1024/1145/1024 1025/1148/1025 1021/1142/1021 1020/1141/1020
f  1026/1149/1026 948/1049/948 955/1056/955 979/1088/979
f  1026/1150/1026 979/1092/979 981/1091/981 985/1096/985
f  1026/1150/1026 985/1096/985 984/1095/984 1005/1124/1005
f  1026/1149/1026 1005/1122/1005 949/1050/949 948/1049/948
f  1027/1151/1027 1028/1152/1028 967/1071/967 966/1070/966
f  1027/1151/1027 966/1070/966 965/1069/965 1006/1125/1006
f  1027/1151/1027 1006/1125/1006 984/1095/984 983/1094/983
f  1027/1151/1027 983/1094/983 970/1076/970 1028/1152/1028
f  1029/1153/1029 1030/1154/1030 1021/1142/1021 1025/1148/1025
f  1029/1155/1029 1025/1147/1025 967/1071/967 1028/1152/1028
f  1029/1155/1029 1028/1152/1028 970/1076/970 969/1075/969
f  1029/1153/1029 969/1073/969 951/1052/951 1030/1154/1030
f  1031/1156/1031 1004/1121/1004 1001/1117/1001 1022/1143/1022
f  1031/1156/1031 1022/1143/1022 1021/1142/1021 1030/1154/1030
f  1031/1156/1031 1030/1154/1030 951/1052/951 950/1051/950
f  1031/1156/1031 950/1051/950 949/1050/949 1004/1121/1004
f  1032/1157/1032 1033/1158/1033 976/1084/976 1023/1144/1023
f  1032/1157/1032 1023/1144/1023 1001/1117/1001 1000/1116/1000
f  1032/1157/1032 1000/1116/1000 999/1115/999 1017/1138/1017
f  1032/1157/1032 1017/1138/1017 1011/1132/1011 1033/1158/1033
f  1034/1159/1034 996/1110/996 965/1069/965 964/1068/964
f  1034/1159/1034 964/1068/964 963/1067/963 1035/1160/1035
f  1034/1159/1034 1035/1160/1035 1009/1128/1009 1015/1136/1015
f  1034/1159/1034 1015/1136/1015 997/1111/997 996/1110/996
f  1036/1161/1036 1035/1160/1035 963/1067/963 977/1086/977
f  1036/1162/1036 977/1085/977 976/1084/976 1033/1158/1033
f  1036/1162/1036 1033/1158/1033 1011/1132/1011 1010/1131/1010
f  1036/1161/1036 1010/1129/1010 1009/1128/1009 1035/1160/1035
f  1037/1163/1037 1014/1135/1014 992/1105/992 991/1104/991
f  1037/1164/1037 991/1102/991 990/1101/990 1018/1139/1018
f  1037/1164/1037 1018/1139/1018 999/1115/999 998/1114/998
f  1037/1163/1037 998/1112/998 997/1111/997 1014/1135/1014
f  1038/1165/1038 1039/1166/1039 323/329/323 322/328/322
f  1038/1165/1038 322/328/322 321/327/321 1040/1167/1040
f  1038/1165/1038 1040/1167/1040 1041/1168/1041 1042/1169/1042
f  1038/1165/1038 1042/1169/1042 1043/1170/1043 1039/1166/1039
f  1044/1171/1044 1045/1172/1045 210/210/210 306/312/306
f  1044/1171/1044 306/312/306 233/233/233 1046/1173/1046
f  1044/1171/1044 1046/1173/1046 1047/1174/1047 1048/1175/1048
f  1044/1171/1044 1048/1175/1048 1049/1176/1049 1045/1172/1045
f  1050/1177/1050 320/326/320 319/325/319 337/347/337
f  1050/1177/1050 337/347/337 210/210/210 1045/1172/1045
f  1050/1177/1050 1045/1172/1045 1049/1176/1049 1051/1178/1051
f  1050/1177/1050 1051/1178/1051 321/327/321 320/326/320
f  1052/1179/1052 1053/1180/1053 1043/1170/1043 1042/1169/1042
f  1052/1179/1052 1042/1169/1042 1041/1168/1041 1054/1181/1054
f  1052/1179/1052 1054/1181/1054 1055/1182/1055 1056/1183/1056
f  1052/1179/1052 1056/1183/1056 1057/1184/1057 1053/1180/1053
f  1058/1185/1058 1040/1167/1040 321/327/321 1051/1178/1051
f  1058/1185/1058 1051/1178/1051 1049/1176/1049 1059/1186/1059
f  1058/1185/1058 1059/1186/1059 1060/1187/1060 1061/1188/1061
f  1058/1185/1058 1061/1188/1061 1041/1168/1041 1040/1167/1040
f  1062/1189/1062 1059/1186/1059 1049/1176/1049 1048/1175/1048
f  1062/1189/1062 1048/1175/1048 1047/1174/1047 1063/1190/1063
f  1062/1189/1062 1063/1190/1063 1064/1191/1064 1065/1192/1065
f  1062/1189/1062 1065/1192/1065 1060/1187/1060 1059/1186/1059
f  1066/1193/1066 1067/1194/1067 1068/1195/1068 1069/1196/1069
f  1066/1193/1070 1070/1196/1071 1071/1197/1072 1072/1198/1073
f  1066/1193/1070 1072/1198/1073 1073/1199/1074 1074/1200/1075
f  1066/1193/1066 1075/1200/1076 1076/1201/1077 1067/1194/1067
f  1077/1202/1078 1054/1181/1054 1041/1168/1041 1061/1188/1061
f  1077/1202/1078 1061/1188/1061 1060/1187/1060 1078/1203/1079
f  1077/1202/1078 1078/1203/1079 1079/1204/1080 1080/1205/1081
f  1077/1202/1078 1080/1205/1081 1055/1182/1055 1054/1181/1054
f  1081/1206/1082 1078/1203/1079 1060/1187/1060 1065/1192/1065
f  1081/1206/1082 1065/1192/1065 1064/1191/1064 1082/1207/1083
f  1081/1206/1082 1082/1207/1083 1083/1208/1084 1084/1209/1085
f  1081/1206/1082 1084/1209/1085 1079/1204/1080 1078/1203/1079
f  1085/1210/1086 314/320/314 313/319/313 1086/1211/1087
f  1085/1210/1086 1086/1211/1087 1087/1212/1088 1088/1213/1089
f  1085/1210/1086 1088/1213/1089 1089/1214/1090 1090/1215/1091
f  1085/1210/1086 1090/1215/1091 315/321/315 314/320/314
f  1091/1216/1092 312/318/312 311/317/311 1092/1217/1093
f  1091/1216/1092 1092/1217/1093 215/342/215 1093/1218/1094
f  1091/1216/1092 1093/1218/1094 1087/1212/1088 1086/1211/1087
f  1091/1216/1092 1086/1211/1087 313/319/313 312/318/312
f  1094/1219/1095 1095/1220/1096 319/325/319 318/324/318
f  1094/1219/1095 318/324/318 309/315/309 308/314/308
f  1094/1219/1095 308/314/308 315/321/315 1090/1215/1091
f  1094/1219/1095 1090/1215/1091 1089/1214/1090 1095/1220/1096
f  1096/1221/1097 1093/1218/1094 215/342/215 332/341/332
f  1096/1221/1097 332/341/332 319/325/319 1095/1220/1096
f  1096/1221/1097 1095/1220/1096 1089/1214/1090 1088/1213/1089
f  1096/1221/1097 1088/1213/1089 1087/1212/1088 1093/1218/1094
f  1097/1222/1098 1098/1223/1099 1099/1224/1100 1100/1225/1101
f  1097/1222/1098 1100/1225/1101 1101/1226/1102 1102/1227/1103
f  1097/1222/1098 1102/1227/1103 1103/1228/1104 1104/1229/1105
f  1097/1222/1098 1104/1229/1105 1105/1230/1106 1098/1223/1099
f  1106/1231/1107 869/963/869 188/188/188 1107/1232/1108
f  1106/1231/1107 1107/1232/1108 1101/1226/1102 1100/1225/1101
f  1106/1231/1107 1100/1225/1101 1099/1224/1100 1108/1233/1109
f  1106/1231/1107 1108/1233/1109 870/964/870 869/963/869
f  1109/1234/1110 187/187/187 193/193/193 1110/1235/1111
f  1109/1234/1110 1110/1235/1111 1103/1228/1104 1102/1227/1103
f  1109/1234/1110 1102/1227/1103 1101/1226/1102 1107/1232/1108
f  1109/1234/1110 1107/1232/1108 188/188/188 187/187/187
f  1111/1236/1112 1112/1237/1113 1113/1238/1114 1114/1239/1115
f  1111/1236/1112 1114/1239/1115 1105/1230/1106 1104/1229/1105
f  1111/1236/1112 1104/1229/1105 1103/1228/1104 1110/1235/1111
f  1111/1236/1112 1110/1235/1111 193/193/193 1112/1237/1113
f  1115/1240/1116 1116/1241/1117 870/964/870 1108/1233/1109
f  1115/1240/1116 1108/1233/1109 1099/1224/1100 1098/1223/1099
f  1115/1240/1116 1098/1223/1099 1105/1230/1106 1114/1239/1115
f  1115/1240/1116 1114/1239/1115 1113/1238/1114 1116/1241/1117
f  1117/1242/1118 1118/1243/1119 1119/1244/1120 1120/1245/1121
f  1117/1242/1118 1120/1245/1121 1121/1246/1122 1122/1247/1123
f  1117/1242/1118 1122/1247/1123 1123/1248/1124 1124/1249/1125
f  1117/1242/1118 1124/1249/1125 1125/1250/1126 1118/1243/1119
f  1126/1251/1127 1112/1237/1113 193/193/193 1127/1252/1128
f  1126/1251/1127 1127/1252/1128 1121/1246/1122 1120/1245/1121
f  1126/1251/1127 1120/1245/1121 1119/1244/1120 1128/1253/1129
f  1126/1251/1127 1128/1253/1129 1113/1238/1114 1112/1237/1113
f  1129/1254/1130 212/212/212 215/215/215 1130/1255/1131
f  1129/1254/1130 1130/1255/1131 1123/1248/1124 1122/1247/1123
f  1129/1254/1130 1122/1247/1123 1121/1246/1122 1127/1252/1128
f  1129/1254/1130 1127/1252/1128 193/193/193 212/212/212
f  1131/1256/1132 1092/1257/1093 311/1258/311 1132/1259/1133
f  1131/1256/1132 1132/1259/1133 1125/1250/1126 1124/1249/1125
f  1131/1256/1132 1124/1249/1125 1123/1248/1124 1130/1255/1131
f  1131/1256/1132 1130/1255/1131 215/215/215 1092/1257/1093
f  1133/1260/1134 1134/1261/1135 1113/1238/1114 1128/1253/1129
f  1133/1260/1134 1128/1253/1129 1119/1244/1120 1118/1243/1119
f  1133/1260/1134 1118/1243/1119 1125/1250/1126 1132/1259/1133
f  1133/1260/1134 1132/1259/1133 311/1258/311 1134/1261/1135
f  1135/1262/1136 1136/1263/1137 1137/1264/1138 1138/1265/1139
f  1135/1262/1136 1138/1265/1139 1139/1266/1140 1140/1267/1141
f  1135/1262/1136 1140/1267/1141 1073/1199/1074 1072/1198/1073
f  1135/1262/1136 1072/1198/1073 1071/1197/1072 1136/1263/1137
f  1141/1268/1142 1142/1269/1143 1079/1270/1080 1084/1209/1085
f  1141/1268/1142 1084/1209/1085 1083/1208/1084 1143/1271/1144
f  1141/1268/1142 1143/1271/1144 1144/1272/1145 1145/1273/1146
f  1141/1268/1142 1145/1273/1146 1146/1274/1147 1142/1269/1143
f  1147/1275/1148 1148/1276/1149 1057/1184/1057 1056/1183/1056
f  1147/1275/1148 1056/1183/1056 1055/1182/1055 1149/1277/1150
f  1147/1275/1148 1149/1277/1150 1150/1278/1151 1151/1279/1152
f  1147/1275/1148 1151/1279/1152 1152/1280/1153 1148/1276/1149
f  1153/1281/1154 1149/1277/1150 1055/1182/1055 1080/1205/1081
f  1153/1281/1155 1080/1205/1081 1079/1282/1080 1142/1269/1143
f  1153/1281/1155 1142/1269/1143 1146/1274/1147 1154/1283/1156
f  1153/1281/1154 1154/1283/1157 1150/1278/1151 1149/1277/1150
f  1155/1284/1158 1156/1285/1159 1157/1286/1160 1158/1287/1161
f  1155/1284/1158 1158/1287/1161 1159/1288/1162 1160/1289/1163
f  1155/1284/1158 1160/1289/1163 1068/1195/1068 1067/1194/1067
f  1155/1284/1158 1067/1194/1067 1076/1201/1077 1156/1285/1159
f  1161/1290/1164 1160/1289/1163 1159/1288/1162 1162/1291/1165
f  1163/1290/1166 1164/1291/1167 1137/1264/1138 1136/1263/1137
f  1163/1290/1166 1136/1263/1137 1071/1197/1072 1070/1196/1071
f  1161/1290/1164 1069/1196/1069 1068/1195/1068 1160/1289/1163
f  1165/1292/1168 1166/1293/1169 1150/1278/1151 1154/1283/1157
f  1165/1292/1170 1154/1283/1156 1146/1274/1147 1167/1294/1171
f  1165/1292/1170 1167/1294/1171 1168/1295/1172 1169/1296/1173
f  1165/1292/1168 1169/1296/1174 1170/1297/1175 1166/1293/1169
f  1171/1298/1176 1172/1299/1177 1170/1297/1175 1169/1296/1174
f  1173/1298/1178 1169/1296/1173 1168/1295/1172 1174/1300/1179
f  1173/1298/1178 1174/1300/1179 1175/1301/1180 1176/1302/1181
f  1171/1298/1176 1177/1302/1182 1178/1303/1183 1172/1299/1177
f  1179/1304/1184 1180/1305/1185 1178/1303/1183 1177/1302/1182
f  1181/1304/1186 1176/1302/1181 1175/1301/1180 1182/1306/1187
f  1181/1304/1186 1182/1306/1187 1137/1264/1138 1164/1291/1167
f  1179/1304/1184 1162/1291/1165 1159/1288/1162 1180/1305/1185
f  1183/1307/1188 1184/1308/1189 1152/1280/1153 1151/1279/1152
f  1183/1307/1188 1151/1279/1152 1150/1278/1151 1166/1293/1169
f  1183/1307/1188 1166/1293/1169 1170/1297/1175 1185/1309/1190
f  1183/1307/1188 1185/1309/1190 1186/1310/1191 1184/1308/1189
f  1187/1311/1192 1188/1312/1193 1186/1310/1191 1185/1309/1190
f  1187/1311/1192 1185/1309/1190 1170/1297/1175 1172/1299/1177
f  1187/1311/1192 1172/1299/1177 1178/1303/1183 1189/1313/1194
f  1187/1311/1192 1189/1313/1194 1190/1314/1195 1188/1312/1193
f  1191/1315/1196 1192/1316/1197 1190/1314/1195 1189/1313/1194
f  1191/1315/1196 1189/1313/1194 1178/1303/1183 1180/1305/1185
f  1191/1315/1196 1180/1305/1185 1159/1288/1162 1158/1287/1161
f  1191/1315/1196 1158/1287/1161 1157/1286/1160 1192/1316/1197
f  1193/1317/1198 1167/1294/1171 1146/1274/1147 1145/1273/1146
f  1193/1317/1198 1145/1273/1146 1144/1272/1145 1194/1318/1199
f  1193/1317/1198 1194/1318/1199 1195/1319/1200 1196/1320/1201
f  1193/1317/1198 1196/1320/1201 1168/1295/1172 1167/1294/1171
f  1197/1321/1202 1174/1300/1179 1168/1295/1172 1196/1320/1201
f  1197/1321/1202 1196/1320/1201 1195/1319/1200 1198/1322/1203
f  1197/1321/1202 1198/1322/1203 1199/1323/1204 1200/1324/1205
f  1197/1321/1202 1200/1324/1205 1175/1301/1180 1174/1300/1179
f  1201/1325/1206 1182/1306/1187 1175/1301/1180 1200/1324/1205
f  1201/1325/1206 1200/1324/1205 1199/1323/1204 1202/1326/1207
f  1201/1325/1206 1202/1326/1207 1139/1266/1140 1138/1265/1139
f  1201/1325/1206 1138/1265/1139 1137/1264/1138 1182/1306/1187
f  1203/1327/1208 1204/1328/1209 3/3/1210 2/2/1211
f  1203/1327/1208 2/2/1211 9/9/1212 1205/1329/1213
f  1206/1330/1214 181/181/1215 183/183/1216 1207/1331/1217
f  1208/1332/1218 1207/1331/1217 183/183/1216 185/185/1219
f  1208/1332/1218 185/185/1219 3/3/1210 1204/1328/1209
f  1209/1333/1220 1205/1329/1213 9/9/1212 248/248/1220
f  1210/1/1221 1211/4/1222 3/3/1223 2/2/1224
f  1210/1/1221 1212/6/1225 1213/5/1226 1211/4/1222
f  1210/1/1221 1214/8/1227 1215/7/1228 1212/6/1225
f  1210/1/1221 2/2/1224 9/9/1229 1214/8/1227
f  1216/10/1230 1217/13/1231 1218/12/1232 1219/11/1233
f  1216/10/1230 1220/15/1234 1221/14/1235 1217/13/1231
f  1216/10/1230 1222/17/1236 1223/16/1237 1220/15/1234
f  1216/10/1230 1219/11/1233 1224/18/1238 1222/17/1236
f  1225/19/1239 1226/22/1240 1227/21/1241 1228/20/1242
f  1225/19/1239 1229/24/1243 1230/23/1244 1226/22/1240
f  1225/19/1239 1231/26/1245 1232/25/1246 1229/24/1243
f  1225/19/1239 1228/20/1242 1233/27/1247 1231/26/1245
f  1234/28/1248 1219/11/1233 1218/12/1232 1235/29/1249
f  1234/28/1248 1236/30/1250 1224/18/1238 1219/11/1233
f  1234/28/1248 1235/29/1249 1237/31/1251 1236/30/1250
f  1238/32/1252 1228/20/1242 1227/21/1241 1239/33/1253
f  1238/32/1252 1240/34/1254 1233/27/1247 1228/20/1242
f  1238/32/1252 1212/6/1225 1215/7/1228 1240/34/1254
f  1238/32/1252 1239/33/1253 1213/5/1226 1212/6/1225
f  1241/35/1255 1242/36/1256 1221/14/1235 1220/15/1234
f  1241/35/1255 1243/38/1257 1244/37/1258 1242/36/1256
f  1241/35/1255 1245/40/1259 1246/39/1260 1243/38/1257
f  1241/35/1255 1220/15/1234 1223/16/1237 1245/40/1259
f  1247/41/1261 1248/42/1262 1244/37/1258 1243/38/1257
f  1247/41/1261 1249/44/1263 1250/43/1264 1248/42/1262
f  1247/41/1261 1251/46/1265 1252/45/1266 1249/44/1263
f  1247/41/1261 1243/38/1257 1246/39/1260 1251/46/1265
f  1253/47/1267 1254/48/1268 1250/43/1264 1249/44/1263
f  1253/47/1267 1255/50/1269 1256/49/1270 1254/48/1268
f  1253/47/1267 1257/52/1271 1258/51/1272 1255/50/1269
f  1253/47/1267 1249/44/1263 1252/45/1266 1257/52/1271
f  1259/53/1273 1260/54/1274 1256/49/1270 1255/50/1269
f  1259/53/1273 1261/56/1275 1262/55/1276 1260/54/1274
f  1259/53/1273 1263/58/1277 1264/57/1278 1261/56/1275
f  1259/53/1273 1255/50/1269 1258/51/1272 1263/58/1277
f  1265/59/1279 1266/60/1280 1262/55/1276 1261/56/1275
f  1265/59/1279 1267/62/1281 1268/61/1282 1266/60/1280
f  1265/59/1279 1269/64/1283 1270/63/1284 1267/62/1281
f  1265/59/1279 1261/56/1275 1264/57/1278 1269/64/1283
f  1271/65/1285 1272/66/1286 1268/61/1282 1267/62/1281
f  1271/65/1285 1273/68/1287 1274/67/1288 1272/66/1286
f  1271/65/1285 1275/70/1289 1276/69/1290 1273/68/1287
f  1271/65/1285 1267/62/1281 1270/63/1284 1275/70/1289
f  1277/71/1291 1278/72/1292 1274/67/1288 1273/68/1287
f  1277/71/1291 1279/74/1293 1280/73/1294 1278/72/1292
f  1277/71/1291 1281/76/1295 1282/75/1296 1279/74/1293
f  1277/71/1291 1273/68/1287 1276/69/1290 1281/76/1295
f  1283/77/1297 1284/78/1298 1280/73/1294 1279/74/1293
f  1283/77/1297 1285/80/1299 1286/79/1300 1284/78/1298
f  1283/77/1297 1287/82/1301 1288/81/1302 1285/80/1299
f  1283/77/1297 1279/74/1293 1282/75/1296 1287/82/1301
f  1289/83/1303 1290/84/1304 1286/79/1300 1285/80/1299
f  1289/83/1303 1291/86/1305 1292/85/1306 1290/84/1304
f  1289/83/1303 1293/88/1307 1294/87/1308 1291/86/1305
f  1289/83/1303 1285/80/1299 1288/81/1302 1293/88/1307
f  1295/89/1309 1296/90/1310 1292/85/1306 1291/86/1305
f  1295/89/1309 1239/33/1253 1227/21/1241 1296/90/1310
f  1295/89/1309 1297/91/1311 1213/5/1226 1239/33/1253
f  1295/89/1309 1291/86/1305 1294/87/1308 1297/91/1311
f  1298/92/1312 95/95/95 94/94/94 1299/93/1313
f  1298/92/1312 1300/97/1314 96/96/96 95/95/95
f  1298/92/1312 1301/99/1315 1302/98/1316 1300/97/1314
f  1298/92/1312 1299/93/1313 1303/100/1317 1301/99/1315
f  1304/101/1318 1305/102/1319 1218/12/1232 1217/13/1231
f  1304/101/1318 1306/104/1320 1307/103/1321 1305/102/1319
f  1304/101/1318 1308/106/1322 1309/105/1323 1306/104/1320
f  1304/101/1318 1217/13/1231 1221/14/1235 1308/106/1322
f  1310/107/1324 1308/106/1322 1221/14/1235 1242/36/1256
f  1310/107/1324 1311/108/1325 1309/105/1323 1308/106/1322
f  1310/107/1324 1312/110/1326 1313/109/1327 1311/108/1325
f  1310/107/1324 1242/36/1256 1244/37/1258 1312/110/1326
f  1314/111/1328 1312/110/1326 1244/37/1258 1248/42/1262
f  1314/111/1328 1315/112/1329 1313/109/1327 1312/110/1326
f  1314/111/1328 1316/114/1330 1317/113/1331 1315/112/1329
f  1314/111/1328 1248/42/1262 1250/43/1264 1316/114/1330
f  1318/115/1332 1316/114/1330 1250/43/1264 1254/48/1268
f  1318/115/1332 1319/116/1333 1317/113/1331 1316/114/1330
f  1318/115/1332 1320/118/1334 1321/117/1335 1319/116/1333
f  1318/115/1332 1254/48/1268 1256/49/1270 1320/118/1334
f  1322/119/1336 1320/118/1334 1256/49/1270 1260/54/1274
f  1322/119/1336 1323/120/1337 1321/117/1335 1320/118/1334
f  1322/119/1336 1324/122/1338 1325/121/1339 1323/120/1337
f  1322/119/1336 1260/54/1274 1262/55/1276 1324/122/1338
f  1326/123/1340 1324/122/1338 1262/55/1276 1266/60/1280
f  1326/123/1340 1327/124/1341 1325/121/1339 1324/122/1338
f  1326/123/1340 1328/126/1342 1329/125/1343 1327/124/1341
f  1326/123/1340 1266/60/1280 1268/61/1282 1328/126/1342
f  1330/127/1344 1328/126/1342 1268/61/1282 1272/66/1286
f  1330/127/1344 1331/128/1345 1329/125/1343 1328/126/1342
f  1330/127/1344 1332/129/1346 1303/100/1317 1331/128/1345
f  1330/127/1344 1272/66/1286 1274/67/1288 1332/129/1346
f  1333/130/1347 1332/129/1346 1274/67/1288 1278/72/1292
f  1333/130/1347 1301/99/1315 1303/100/1317 1332/129/1346
f  1333/130/1347 1334/131/1348 1302/98/1316 1301/99/1315
f  1333/130/1347 1278/72/1292 1280/73/1294 1334/131/1348
f  1335/132/1349 1334/131/1348 1280/73/1294 1284/78/1298
f  1335/132/1349 1336/133/1350 1302/98/1316 1334/131/1348
f  1335/132/1349 1337/135/1351 1338/134/1352 1336/133/1350
f  1335/132/1349 1284/78/1298 1286/79/1300 1337/135/1351
f  1339/136/1353 1337/135/1351 1286/79/1300 1290/84/1304
f  1339/136/1353 1340/137/1354 1338/134/1352 1337/135/1351
f  1339/136/1353 1341/139/1355 1342/138/1356 1340/137/1354
f  1339/136/1353 1290/84/1304 1292/85/1306 1341/139/1355
f  1343/140/1357 1341/139/1355 1292/85/1306 1296/90/1310
f  1343/140/1357 1344/141/1358 1342/138/1356 1341/139/1355
f  1343/140/1357 1226/22/1240 1230/23/1244 1344/141/1358
f  1343/140/1357 1296/90/1310 1227/21/1241 1226/22/1240
f  1345/142/1359 1346/145/1360 144/144/144 143/143/143
f  1345/142/1359 1222/17/1236 1224/18/1238 1346/145/1360
f  1345/142/1359 1347/146/1361 1223/16/1237 1222/17/1236
f  1345/142/1359 143/143/143 147/147/147 1347/146/1361
f  1348/148/1362 1347/146/1361 147/147/147 149/149/149
f  1348/148/1362 1245/40/1259 1223/16/1237 1347/146/1361
f  1348/148/1362 1349/150/1363 1246/39/1260 1245/40/1259
f  1348/148/1362 149/149/149 151/151/151 1349/150/1363
f  1350/152/1364 1349/150/1363 151/151/151 153/153/153
f  1350/152/1364 1251/46/1265 1246/39/1260 1349/150/1363
f  1350/152/1364 1351/154/1365 1252/45/1266 1251/46/1265
f  1350/152/1364 153/153/153 155/155/155 1351/154/1365
f  1352/156/1366 1351/154/1365 155/155/155 157/157/157
f  1352/156/1366 1257/52/1271 1252/45/1266 1351/154/1365
f  1352/156/1366 1353/158/1367 1258/51/1272 1257/52/1271
f  1352/156/1366 157/157/157 159/159/159 1353/158/1367
f  1354/160/1368 1353/158/1367 159/159/159 161/161/161
f  1354/160/1368 1263/58/1277 1258/51/1272 1353/158/1367
f  1354/160/1368 1355/162/1369 1264/57/1278 1263/58/1277
f  1354/160/1368 161/161/161 163/163/163 1355/162/1369
f  1356/164/1370 1355/162/1369 163/163/163 165/165/165
f  1356/164/1370 1269/64/1283 1264/57/1278 1355/162/1369
f  1356/164/1370 1357/166/1371 1270/63/1284 1269/64/1283
f  1356/164/1370 165/165/165 167/167/167 1357/166/1371
f  1358/168/1372 1357/166/1371 167/167/167 169/169/169
f  1358/168/1372 1275/70/1289 1270/63/1284 1357/166/1371
f  1358/168/1372 1359/170/1373 1276/69/1290 1275/70/1289
f  1358/168/1372 169/169/169 171/171/171 1359/170/1373
f  1360/172/1374 1359/170/1373 171/171/171 173/173/173
f  1360/172/1374 1281/76/1295 1276/69/1290 1359/170/1373
f  1360/172/1374 1361/174/1375 1282/75/1296 1281/76/1295
f  1360/172/1374 173/173/173 175/175/175 1361/174/1375
f  1362/176/1376 1361/174/1375 175/175/175 177/177/177
f  1362/176/1376 1287/82/1301 1282/75/1296 1361/174/1375
f  1362/176/1376 1363/178/1377 1288/81/1302 1287/82/1301
f  1362/176/1376 177/177/177 179/179/179 1363/178/1377
f  1364/180/1378 1363/178/1377 179/179/179 181/181/181
f  1364/180/1378 1293/88/1307 1288/81/1302 1363/178/1377
f  1364/180/1378 1365/182/1379 1294/87/1308 1293/88/1307
f  1364/180/1378 181/181/181 183/183/1380 1365/182/1379
f  1366/184/1381 1365/182/1379 183/183/1380 185/185/1382
f  1366/184/1381 1297/91/1311 1294/87/1308 1365/182/1379
f  1366/184/1381 1211/4/1222 1213/5/1226 1297/91/1311
f  1366/184/1381 185/185/1382 3/3/1223 1211/4/1222
f  1367/186/1383 1368/189/1384 1369/188/1385 1370/187/1386
f  1367/186/1383 1371/190/1387 1237/31/1251 1368/189/1384
f  1367/186/1383 1372/192/1388 1373/191/1389 1371/190/1387
f  1367/186/1383 1370/187/1386 1374/193/1390 1372/192/1388
f  1375/194/1391 1346/145/1360 1224/18/1238 1376/195/1392
f  1375/194/1391 196/196/196 144/144/144 1346/145/1360
f  1375/194/1391 1377/198/1393 197/197/197 196/196/196
f  1375/194/1391 1376/195/1392 1378/199/1394 1377/198/1393
f  1379/200/1395 1236/30/1250 1237/31/1251 1371/190/1387
f  1379/200/1395 1376/195/1392 1224/18/1238 1236/30/1250
f  1379/200/1395 1380/201/1396 1378/199/1394 1376/195/1392
f  1379/200/1395 1371/190/1387 1373/191/1389 1380/201/1396
f  1381/202/1397 1382/205/1398 1383/204/1399 1384/203/1400
f  1381/202/1397 1385/207/1401 1386/206/1402 1382/205/1398
f  1381/202/1397 1387/209/1403 1388/208/1404 1385/207/1401
f  1381/202/1397 1384/203/1400 1389/210/1405 1387/209/1403
f  1390/211/1406 1372/192/1388 1374/193/1390 1391/212/1407
f  1390/211/1406 1392/213/1408 1373/191/1389 1372/192/1388
f  1390/211/1406 1393/214/1409 1383/204/1399 1392/213/1408
f  1390/211/1406 1391/212/1407 1394/215/1410 1393/214/1409
f  1395/216/1411 1377/198/1393 1378/199/1394 1396/217/1412
f  1395/216/1411 218/218/218 197/197/197 1377/198/1393
f  1395/216/1411 1397/220/1413 219/219/219 218/218/218
f  1395/216/1411 1396/217/1412 1386/206/1402 1397/220/1413
f  1398/221/1414 1380/201/1396 1373/191/1389 1392/213/1408
f  1398/221/1414 1396/217/1412 1378/199/1394 1380/201/1396
f  1398/221/1414 1382/205/1398 1386/206/1402 1396/217/1412
f  1398/221/1414 1392/213/1408 1383/204/1399 1382/205/1398
f  1399/222/1415 1400/225/1416 1401/224/1417 1402/223/1418
f  1399/222/1415 1403/227/1419 1404/226/1420 1400/225/1416
f  1399/222/1415 1405/229/1421 1406/228/1422 1403/227/1419
f  1399/222/1415 1402/223/1418 1407/230/1423 1405/229/1421
f  1408/231/1424 1397/220/1413 1386/206/1402 1385/207/1401
f  1408/231/1424 232/232/232 219/219/219 1397/220/1413
f  1408/231/1424 1409/234/1425 233/233/233 232/232/232
f  1408/231/1424 1385/207/1401 1388/208/1404 1409/234/1425
f  1410/235/1426 1411/236/1427 1404/226/1420 1403/227/1419
f  1410/235/1426 1412/238/1428 1413/237/1429 1411/236/1427
f  1410/235/1426 1414/240/1430 1415/239/1431 1412/238/1428
f  1410/235/1426 1403/227/1419 1406/228/1422 1414/240/1430
f  1416/241/1432 1417/242/1433 1413/237/1429 1412/238/1428
f  1416/241/1432 1418/244/1434 1419/243/1435 1417/242/1433
f  1416/241/1432 1420/246/1436 1421/245/1437 1418/244/1434
f  1416/241/1432 1412/238/1428 1415/239/1431 1420/246/1436
f  1422/247/1438 1214/8/1227 9/9/1229 248/248/248
f  1422/247/1438 1240/34/1254 1215/7/1228 1214/8/1227
f  1422/247/1438 1231/26/1245 1233/27/1247 1240/34/1254
f  1422/247/1438 1423/249/1439 1232/25/1246 1231/26/1245
f  1422/247/1438 248/248/248 250/250/250 1423/249/1439
f  1424/251/1440 254/254/254 253/253/253 1425/252/1441
f  1424/251/1440 1423/249/1439 250/250/250 254/254/254
f  1424/251/1440 1229/24/1243 1232/25/1246 1423/249/1439
f  1424/251/1440 1425/252/1441 1230/23/1244 1229/24/1243
f  1426/255/1442 258/258/258 257/257/257 1427/256/1443
f  1426/255/1442 1428/260/1444 259/259/259 258/258/258
f  1426/255/1442 1306/104/1320 1309/105/1323 1428/260/1444
f  1426/255/1442 1427/256/1443 1307/103/1321 1306/104/1320
f  1429/261/1445 262/262/262 259/259/259 1428/260/1444
f  1429/261/1445 1430/264/1446 263/263/263 262/262/262
f  1429/261/1445 1311/108/1325 1313/109/1327 1430/264/1446
f  1429/261/1445 1428/260/1444 1309/105/1323 1311/108/1325
f  1431/265/1447 266/266/266 263/263/263 1430/264/1446
f  1431/265/1447 1432/268/1448 267/267/267 266/266/266
f  1431/265/1447 1315/112/1329 1317/113/1331 1432/268/1448
f  1431/265/1447 1430/264/1446 1313/109/1327 1315/112/1329
f  1433/269/1449 270/270/270 267/267/267 1432/268/1448
f  1433/269/1449 1434/272/1450 271/271/271 270/270/270
f  1433/269/1449 1319/116/1333 1321/117/1335 1434/272/1450
f  1433/269/1449 1432/268/1448 1317/113/1331 1319/116/1333
f  1435/273/1451 274/274/274 271/271/271 1434/272/1450
f  1435/273/1451 1436/276/1452 275/275/275 274/274/274
f  1435/273/1451 1323/120/1337 1325/121/1339 1436/276/1452
f  1435/273/1451 1434/272/1450 1321/117/1335 1323/120/1337
f  1437/277/1453 278/278/278 275/275/275 1436/276/1452
f  1437/277/1453 1438/280/1454 279/279/279 278/278/278
f  1437/277/1453 1327/124/1341 1329/125/1343 1438/280/1454
f  1437/277/1453 1436/276/1452 1325/121/1339 1327/124/1341
f  1439/281/1455 282/282/282 279/279/279 1438/280/1454
f  1439/281/1455 1299/93/1313 94/94/94 282/282/282
f  1439/281/1455 1331/128/1345 1303/100/1317 1299/93/1313
f  1439/281/1455 1438/280/1454 1329/125/1343 1331/128/1345
f  1440/283/1456 284/284/284 96/96/96 1300/97/1314
f  1440/283/1456 1441/286/1457 285/285/285 284/284/284
f  1440/283/1456 1336/133/1350 1338/134/1352 1441/286/1457
f  1440/283/1456 1300/97/1314 1302/98/1316 1336/133/1350
f  1442/287/1458 288/288/288 285/285/285 1441/286/1457
f  1442/287/1458 1443/290/1459 289/289/289 288/288/288
f  1442/287/1458 1340/137/1354 1342/138/1356 1443/290/1459
f  1442/287/1458 1441/286/1457 1338/134/1352 1340/137/1354
f  1444/291/1460 292/292/292 289/289/289 1443/290/1459
f  1444/291/1460 1425/252/1441 253/253/253 292/292/292
f  1444/291/1460 1344/141/1358 1230/23/1244 1425/252/1441
f  1444/291/1460 1443/290/1459 1342/138/1356 1344/141/1358
f  1445/293/1461 1446/294/1462 1419/243/1435 1418/244/1434
f  1445/295/1461 1402/223/1418 1401/224/1417 1446/296/1462
f  1445/295/1461 1447/297/1463 1407/230/1423 1402/223/1418
f  1445/293/1461 1418/244/1434 1421/245/1437 1447/298/1463
f  1448/299/1464 1449/302/1465 1450/301/1466 1451/300/1467
f  1448/303/1464 1452/306/1468 1453/305/1469 1449/304/1465
f  1448/303/1464 1454/308/1470 1455/307/1471 1452/306/1468
f  1448/299/1464 1451/300/1467 1456/310/1472 1454/309/1470
f  1457/311/1473 1387/209/1403 1389/210/1405 1458/312/1474
f  1457/311/1473 1409/234/1425 1388/208/1404 1387/209/1403
f  1457/311/1473 1458/312/1474 233/233/233 1409/234/1425
f  1459/313/1475 310/316/310 309/315/309 1460/314/1476
f  1459/313/1475 1461/318/1477 311/317/311 310/316/310
f  1459/313/1475 1462/320/1478 1463/319/1479 1461/318/1477
f  1459/313/1475 1460/314/1476 1464/321/1480 1462/320/1478
f  1465/322/1481 1466/324/1482 309/315/309 317/323/317
f  1465/322/1481 1467/326/1483 1468/325/1484 1466/324/1482
f  1465/322/1481 1469/328/1485 1470/327/1486 1467/326/1483
f  1465/322/1481 317/323/317 323/329/323 1469/328/1485
f  1471/330/1487 1393/214/1409 1394/215/1410 1472/331/1488
f  1471/330/1487 1473/332/1489 1383/204/1399 1393/214/1409
f  1471/330/1487 1474/334/1490 1475/333/1491 1473/332/1489
f  1471/335/1487 1472/338/1488 1476/337/1492 1474/336/1490
f  1477/339/1493 1478/341/1494 1468/325/1484 1479/340/1495
f  1477/339/1493 1472/338/1488 1394/342/1410 1478/341/1494
f  1477/339/1493 1480/343/1496 1476/337/1492 1472/338/1488
f  1477/339/1493 1479/340/1495 1481/344/1497 1480/343/1496
f  1482/345/1498 1483/347/1499 1389/210/1405 1484/346/1500
f  1482/345/1498 1479/340/1495 1468/325/1484 1483/347/1499
f  1482/345/1498 1485/348/1501 1481/344/1497 1479/340/1495
f  1482/345/1498 1484/346/1500 1486/349/1502 1485/348/1501
f  1487/350/1503 1384/203/1400 1383/204/1399 1473/332/1489
f  1487/350/1503 1484/346/1500 1389/210/1405 1384/203/1400
f  1487/350/1503 1488/351/1504 1486/349/1502 1484/346/1500
f  1487/350/1503 1473/332/1489 1475/333/1491 1488/351/1504
f  1489/352/1505 1474/336/1490 1476/337/1492 1490/353/1506
f  1489/354/1505 1491/355/1507 1475/333/1491 1474/334/1490
f  1489/354/1505 1446/296/1462 1401/224/1417 1491/355/1507
f  1489/352/1505 1490/353/1506 1419/243/1435 1446/294/1462
f  1492/356/1508 1480/343/1496 1481/344/1497 1493/357/1509
f  1492/356/1508 1490/353/1506 1476/337/1492 1480/343/1496
f  1492/356/1508 1417/242/1433 1419/243/1435 1490/353/1506
f  1492/356/1508 1493/357/1509 1413/237/1429 1417/242/1433
f  1494/358/1510 1485/348/1501 1486/349/1502 1495/359/1511
f  1494/358/1510 1493/357/1509 1481/344/1497 1485/348/1501
f  1494/358/1510 1411/236/1427 1413/237/1429 1493/357/1509
f  1494/358/1510 1495/359/1511 1404/226/1420 1411/236/1427
f  1496/360/1512 1488/351/1504 1475/333/1491 1491/355/1507
f  1496/360/1512 1495/359/1511 1486/349/1502 1488/351/1504
f  1496/360/1512 1400/225/1416 1404/226/1420 1495/359/1511
f  1496/360/1512 1491/355/1507 1401/224/1417 1400/225/1416
f  1497/361/1513 1447/298/1463 1421/245/1437 1498/362/1514
f  1497/363/1513 1499/364/1515 1407/230/1423 1447/297/1463
f  1497/363/1513 1449/304/1465 1453/305/1469 1499/364/1515
f  1497/361/1513 1498/362/1514 1450/301/1466 1449/302/1465
f  1500/365/1516 1405/229/1421 1407/230/1423 1499/364/1515
f  1500/365/1516 1501/366/1517 1406/228/1422 1405/229/1421
f  1500/365/1516 1502/368/1518 1503/367/1519 1501/366/1517
f  1500/365/1516 1499/364/1515 1453/305/1469 1502/368/1518
f  1504/369/1520 1420/246/1436 1415/239/1431 1505/370/1521
f  1504/369/1520 1498/362/1514 1421/245/1437 1420/246/1436
f  1504/369/1520 1506/371/1522 1450/301/1466 1498/362/1514
f  1504/369/1520 1505/370/1521 1507/372/1523 1506/371/1522
f  1508/373/1524 1414/240/1430 1406/228/1422 1501/366/1517
f  1508/373/1524 1505/370/1521 1415/239/1431 1414/240/1430
f  1508/373/1524 1509/374/1525 1507/372/1523 1505/370/1521
f  1508/373/1524 1501/366/1517 1503/367/1519 1509/374/1525
f  1510/375/1526 1502/368/1518 1453/305/1469 1452/306/1468
f  1510/375/1526 1511/376/1527 1503/367/1519 1502/368/1518
f  1510/375/1526 1512/378/1528 1513/377/1529 1511/376/1527
f  1510/375/1526 1452/306/1468 1455/307/1471 1512/378/1528
f  1514/379/1530 1506/371/1522 1507/372/1523 1515/380/1531
f  1514/379/1530 1451/300/1467 1450/301/1466 1506/371/1522
f  1514/379/1530 1516/381/1532 1456/310/1472 1451/300/1467
f  1514/379/1530 1515/380/1531 1517/382/1533 1516/381/1532
f  1518/383/1534 1509/374/1525 1503/367/1519 1511/376/1527
f  1518/383/1534 1515/380/1531 1507/372/1523 1509/374/1525
f  1518/383/1534 1519/384/1535 1517/382/1533 1515/380/1531
f  1518/383/1534 1511/376/1527 1513/377/1529 1519/384/1535
f  1520/385/1536 1521/388/1537 1522/387/1538 1523/386/1539
f  1520/385/1536 1524/390/1540 1525/389/1541 1521/388/1537
f  1520/385/1536 1526/392/1542 1527/391/1543 1524/390/1540
f  1520/385/1536 1523/386/1539 1528/393/1544 1526/392/1542
f  1529/394/1545 1530/397/1546 1531/396/1547 1532/395/1548
f  1529/394/1545 1523/386/1539 1522/387/1538 1530/397/1546
f  1529/394/1545 1533/398/1549 1528/393/1544 1523/386/1539
f  1529/394/1545 1532/395/1548 1534/399/1550 1533/398/1549
f  1535/400/1551 1536/403/1552 1537/402/1553 1538/401/1554
f  1535/400/1551 1532/395/1548 1531/396/1547 1536/403/1552
f  1535/400/1551 1539/404/1555 1534/399/1550 1532/395/1548
f  1535/400/1551 1538/401/1554 1540/405/1556 1539/404/1555
f  1541/406/1557 1542/407/1558 1525/389/1541 1524/390/1540
f  1541/408/1557 1538/401/1554 1537/402/1553 1542/409/1558
f  1541/408/1557 1543/410/1559 1540/405/1556 1538/401/1554
f  1541/406/1557 1524/390/1540 1527/391/1543 1543/411/1559
f  1544/412/1560 1454/309/1470 1456/310/1472 1545/413/1561
f  1544/414/1560 1546/415/1562 1455/307/1471 1454/308/1470
f  1544/414/1560 1542/409/1558 1537/402/1553 1546/415/1562
f  1544/412/1560 1545/413/1561 1525/389/1541 1542/407/1558
f  1547/416/1563 1512/378/1528 1455/307/1471 1546/415/1562
f  1547/416/1563 1548/417/1564 1513/377/1529 1512/378/1528
f  1547/416/1563 1536/403/1552 1531/396/1547 1548/417/1564
f  1547/416/1563 1546/415/1562 1537/402/1553 1536/403/1552
f  1549/418/1565 1519/384/1535 1513/377/1529 1548/417/1564
f  1549/418/1565 1550/419/1566 1517/382/1533 1519/384/1535
f  1549/418/1565 1530/397/1546 1522/387/1538 1550/419/1566
f  1549/418/1565 1548/417/1564 1531/396/1547 1530/397/1546
f  1551/420/1567 1516/381/1532 1517/382/1533 1550/419/1566
f  1551/420/1567 1545/413/1561 1456/310/1472 1516/381/1532
f  1551/420/1567 1521/388/1537 1525/389/1541 1545/413/1561
f  1551/420/1567 1550/419/1566 1522/387/1538 1521/388/1537
f  1552/421/1568 1553/424/1569 1554/423/1570 1555/422/1571
f  1552/421/1568 1556/426/1572 1557/425/1573 1553/424/1569
f  1552/421/1568 1558/428/1574 1559/427/1575 1556/426/1572
f  1552/421/1568 1560/430/1576 1561/429/1577 1558/428/1574
f  1552/421/1568 1562/432/1578 1563/431/1579 1560/430/1576
f  1552/421/1568 1564/434/1580 1565/433/1581 1562/432/1578
f  1552/421/1568 1555/422/1571 1566/435/1582 1564/434/1580
f  1567/436/1583 1568/439/1584 1569/438/1585 1570/437/1586
f  1567/440/1583 1555/422/1571 1554/423/1570 1568/441/1584
f  1567/440/1583 1571/442/1587 1566/435/1582 1555/422/1571
f  1567/436/1583 1570/437/1586 1572/444/1588 1571/443/1587
f  1573/445/1589 1574/448/1590 1575/447/1591 1576/446/1592
f  1573/445/1589 1577/450/1593 1578/449/1594 1574/448/1590
f  1573/445/1589 1579/452/1595 1580/451/1596 1577/450/1593
f  1573/445/1589 1576/446/1592 1581/453/1597 1579/452/1595
f  1582/454/1598 1583/457/1599 1584/456/1600 1585/455/1601
f  1582/454/1598 1586/459/1602 1587/458/1603 1583/457/1599
f  1582/460/1598 1588/462/1604 1578/449/1594 1586/461/1602
f  1582/460/1598 1585/463/1601 1565/433/1581 1588/462/1604
f  1589/464/1605 1590/466/1606 1572/444/1588 1591/465/1607
f  1589/464/1605 1592/468/1608 1593/467/1609 1590/466/1606
f  1589/464/1605 1583/457/1599 1587/458/1603 1592/468/1608
f  1589/464/1605 1591/465/1607 1584/456/1600 1583/457/1599
f  1594/469/1610 1595/470/1611 1566/435/1582 1571/442/1587
f  1594/469/1610 1596/471/1612 1575/447/1591 1595/470/1611
f  1594/472/1610 1590/466/1606 1593/467/1609 1596/473/1612
f  1594/472/1610 1571/443/1587 1572/444/1588 1590/466/1606
f  1597/474/1613 1588/462/1604 1565/433/1581 1564/434/1580
f  1597/474/1613 1574/448/1590 1578/449/1594 1588/462/1604
f  1597/474/1613 1595/470/1611 1575/447/1591 1574/448/1590
f  1597/474/1613 1564/434/1580 1566/435/1582 1595/470/1611
f  1598/475/1614 1599/478/1615 1600/477/1616 1601/476/1617
f  1598/475/1614 1602/480/1618 1603/479/1619 1599/478/1615
f  1598/475/1614 1604/482/1620 1605/481/1621 1602/480/1618
f  1598/475/1614 1601/476/1617 1606/483/1622 1604/482/1620
f  1607/484/1623 1608/487/1624 1609/486/1625 1610/485/1626
f  1607/484/1623 1611/489/1627 1612/488/1628 1608/487/1624
f  1607/490/1623 1613/493/1629 1614/492/1630 1611/491/1627
f  1607/490/1623 1610/494/1626 1561/429/1577 1613/493/1629
f  1615/495/1631 1616/498/1632 1617/497/1633 1618/496/1634
f  1615/495/1631 1619/500/1635 1620/499/1636 1616/498/1632
f  1615/495/1631 1608/487/1624 1612/488/1628 1619/500/1635
f  1615/495/1631 1618/496/1634 1609/486/1625 1608/487/1624
f  1621/501/1637 1622/503/1638 1563/431/1579 1623/502/1639
f  1621/501/1637 1624/505/1640 1625/504/1641 1622/503/1638
f  1621/506/1637 1616/498/1632 1620/499/1636 1624/507/1640
f  1621/506/1637 1623/508/1639 1617/497/1633 1616/498/1632
f  1626/509/1642 1613/493/1629 1561/429/1577 1560/430/1576
f  1626/509/1642 1627/510/1643 1614/492/1630 1613/493/1629
f  1626/509/1642 1622/503/1638 1625/504/1641 1627/510/1643
f  1626/509/1642 1560/430/1576 1563/431/1579 1622/503/1638
f  1628/511/1644 1624/507/1640 1620/499/1636 1629/512/1645
f  1628/513/1644 1630/514/1646 1625/504/1641 1624/505/1640
f  1628/513/1644 1631/516/1647 1632/515/1648 1630/514/1646
f  1628/511/1644 1629/512/1645 1633/518/1649 1631/517/1647
f  1634/519/1650 1635/522/1651 1636/521/1652 1637/520/1653
f  1634/519/1650 1638/524/1654 1639/523/1655 1635/522/1651
f  1634/519/1650 1640/526/1656 1641/525/1657 1638/524/1654
f  1634/519/1650 1637/520/1653 1559/427/1575 1640/526/1656
f  1642/527/1658 1643/529/1659 1609/486/1625 1644/528/1660
f  1642/527/1658 1645/531/1661 1646/530/1662 1643/529/1659
f  1642/527/1658 1635/522/1651 1639/523/1655 1645/531/1661
f  1642/527/1658 1644/528/1660 1636/521/1652 1635/522/1651
f  1647/532/1663 1648/533/1664 1561/429/1577 1610/494/1626
f  1647/532/1663 1649/535/1665 1650/534/1666 1648/533/1664
f  1647/536/1663 1643/529/1659 1646/530/1662 1649/537/1665
f  1647/536/1663 1610/485/1626 1609/486/1625 1643/529/1659
f  1651/538/1667 1640/526/1656 1559/427/1575 1558/428/1574
f  1651/538/1667 1652/539/1668 1641/525/1657 1640/526/1656
f  1651/538/1667 1648/533/1664 1650/534/1666 1652/539/1668
f  1651/538/1667 1558/428/1574 1561/429/1577 1648/533/1664
f  1653/540/1669 1645/531/1661 1639/523/1655 1654/541/1670
f  1653/540/1669 1655/542/1671 1646/530/1662 1645/531/1661
f  1653/540/1669 1656/544/1672 1657/543/1673 1655/542/1671
f  1653/540/1669 1654/541/1670 1658/545/1674 1656/544/1672
f  1659/546/1675 1660/547/1676 1617/497/1633 1623/508/1639
f  1659/546/1675 1661/548/1677 1600/477/1616 1660/547/1676
f  1659/549/1675 1662/552/1678 1663/551/1679 1661/550/1677
f  1659/549/1675 1623/502/1639 1563/431/1579 1662/552/1678
f  1664/553/1680 1665/555/1681 1584/456/1600 1666/554/1682
f  1664/553/1680 1599/478/1615 1603/479/1619 1665/555/1681
f  1664/553/1680 1660/547/1676 1600/477/1616 1599/478/1615
f  1664/553/1680 1666/554/1682 1617/497/1633 1660/547/1676
f  1667/556/1683 1668/557/1684 1565/433/1581 1585/463/1601
f  1667/556/1683 1669/559/1685 1670/558/1686 1668/557/1684
f  1667/560/1683 1665/555/1681 1603/479/1619 1669/561/1685
f  1667/560/1683 1585/455/1601 1584/456/1600 1665/555/1681
f  1671/562/1687 1662/552/1678 1563/431/1579 1562/432/1578
f  1671/562/1687 1672/563/1688 1663/551/1679 1662/552/1678
f  1671/562/1687 1668/557/1684 1670/558/1686 1672/563/1688
f  1671/562/1687 1562/432/1578 1565/433/1581 1668/557/1684
f  1673/564/1689 1674/567/1690 1675/566/1691 1676/565/1692
f  1673/564/1689 1677/569/1693 1678/568/1694 1674/567/1690
f  1673/564/1689 1679/571/1695 1680/570/1696 1677/569/1693
f  1673/564/1689 1676/565/1692 1681/572/1697 1679/571/1695
f  1682/573/1698 1683/576/1699 1684/575/1700 1685/574/1701
f  1682/573/1698 1686/578/1702 1687/577/1703 1683/576/1699
f  1682/573/1698 1688/580/1704 1689/579/1705 1686/578/1702
f  1682/573/1698 1685/574/1701 1690/581/1706 1688/580/1704
f  1691/582/1707 1692/585/1708 1693/584/1709 1694/583/1710
f  1691/582/1707 1695/587/1711 1696/586/1712 1692/585/1708
f  1691/582/1707 1697/589/1713 1698/588/1714 1695/587/1711
f  1691/582/1707 1694/583/1710 1699/590/1715 1697/589/1713
f  1700/591/1716 1701/594/1717 1702/593/1718 1703/592/1719
f  1700/595/1716 1676/565/1692 1675/566/1691 1701/596/1717
f  1700/595/1716 1704/597/1720 1681/572/1697 1676/565/1692
f  1700/591/1716 1703/592/1719 1705/599/1721 1704/598/1720
f  1706/600/1722 1649/537/1665 1646/530/1662 1655/542/1671
f  1706/601/1722 1707/602/1723 1650/534/1666 1649/535/1665
f  1706/601/1722 1708/604/1724 1709/603/1725 1707/602/1723
f  1706/600/1722 1655/542/1671 1657/543/1673 1708/605/1724
f  1710/606/1726 1627/510/1643 1625/504/1641 1630/514/1646
f  1710/606/1726 1711/607/1727 1614/492/1630 1627/510/1643
f  1710/606/1726 1712/609/1728 1713/608/1729 1711/607/1727
f  1710/606/1726 1630/514/1646 1632/515/1648 1712/609/1728
f  1714/610/1730 1669/561/1685 1603/479/1619 1602/480/1618
f  1714/611/1730 1715/612/1731 1670/558/1686 1669/559/1685
f  1714/611/1730 1716/614/1732 1717/613/1733 1715/612/1731
f  1714/610/1730 1602/480/1618 1605/481/1621 1716/615/1732
f  1718/616/1734 1652/539/1668 1650/534/1666 1707/602/1723
f  1718/616/1734 1719/617/1735 1641/525/1657 1652/539/1668
f  1718/616/1734 1720/619/1736 1721/618/1737 1719/617/1735
f  1718/616/1734 1707/602/1723 1709/603/1725 1720/619/1736
f  1722/620/1738 1672/563/1688 1670/558/1686 1715/612/1731
f  1722/620/1738 1723/621/1739 1663/551/1679 1672/563/1688
f  1722/620/1738 1724/623/1740 1725/622/1741 1723/621/1739
f  1722/620/1738 1715/612/1731 1717/613/1733 1724/623/1740
f  1726/624/1742 1586/461/1602 1578/449/1594 1577/450/1593
f  1726/625/1742 1727/626/1743 1587/458/1603 1586/459/1602
f  1726/625/1742 1728/628/1744 1729/627/1745 1727/626/1743
f  1726/624/1742 1577/450/1593 1580/451/1596 1728/629/1744
f  1730/630/1746 1611/491/1627 1614/492/1630 1711/607/1727
f  1730/631/1746 1731/632/1747 1612/488/1628 1611/489/1627
f  1730/631/1746 1732/634/1748 1733/633/1749 1731/632/1747
f  1730/630/1746 1711/607/1727 1713/608/1729 1732/635/1748
f  1734/636/1750 1592/468/1608 1587/458/1603 1727/626/1743
f  1734/636/1750 1735/637/1751 1593/467/1609 1592/468/1608
f  1734/636/1750 1736/639/1752 1737/638/1753 1735/637/1751
f  1734/636/1750 1727/626/1743 1729/627/1745 1736/639/1752
f  1738/640/1754 1638/524/1654 1641/525/1657 1719/617/1735
f  1738/640/1754 1654/541/1670 1639/523/1655 1638/524/1654
f  1738/640/1754 1739/641/1755 1658/545/1674 1654/541/1670
f  1738/640/1754 1719/617/1735 1721/618/1737 1739/641/1755
f  1740/642/1756 1619/500/1635 1612/488/1628 1731/632/1747
f  1740/642/1756 1629/512/1645 1620/499/1636 1619/500/1635
f  1740/642/1756 1741/643/1757 1633/518/1649 1629/512/1645
f  1740/642/1756 1731/632/1747 1733/633/1749 1741/643/1757
f  1742/644/1758 1661/550/1677 1663/551/1679 1723/621/1739
f  1742/645/1758 1601/476/1617 1600/477/1616 1661/548/1677
f  1742/645/1758 1743/646/1759 1606/483/1622 1601/476/1617
f  1742/644/1758 1723/621/1739 1725/622/1741 1743/647/1759
f  1744/648/1760 1596/473/1612 1593/467/1609 1735/637/1751
f  1744/649/1760 1576/446/1592 1575/447/1591 1596/471/1612
f  1744/649/1760 1745/650/1761 1581/453/1597 1576/446/1592
f  1744/648/1760 1735/637/1751 1737/638/1753 1745/651/1761
f  1746/652/1762 1704/598/1720 1705/599/1721 1747/653/1763
f  1746/654/1762 1679/571/1695 1681/572/1697 1704/597/1720
f  1746/654/1762 1748/655/1764 1680/570/1696 1679/571/1695
f  1746/652/1762 1747/653/1763 1749/657/1765 1748/656/1764
f  1750/658/1766 1751/661/1767 1752/660/1768 1753/659/1769
f  1750/662/1766 1754/665/1770 1755/664/1771 1751/663/1767
f  1750/662/1766 1756/667/1772 1757/666/1773 1754/665/1770
f  1750/658/1766 1753/659/1769 1758/669/1774 1756/668/1772
f  1759/670/1775 1688/580/1704 1690/581/1706 1760/671/1776
f  1759/672/1775 1761/673/1777 1689/579/1705 1688/580/1704
f  1759/672/1775 1762/675/1778 1763/674/1779 1761/673/1777
f  1759/670/1775 1760/671/1776 1764/677/1780 1762/676/1778
f  1765/678/1781 1766/679/1782 1698/588/1714 1697/589/1713
f  1765/680/1781 1767/683/1783 1768/682/1784 1766/681/1782
f  1765/680/1781 1769/685/1785 1770/684/1786 1767/683/1783
f  1765/678/1781 1697/589/1713 1699/590/1715 1769/686/1785
f  1771/687/1787 1772/688/1788 1687/577/1703 1686/578/1702
f  1771/687/1787 1773/690/1789 1774/689/1790 1772/688/1788
f  1771/687/1787 1761/673/1777 1763/674/1779 1773/690/1789
f  1771/687/1787 1686/578/1702 1689/579/1705 1761/673/1777
f  1775/691/1791 1776/692/1792 1678/568/1694 1677/569/1693
f  1775/693/1791 1777/696/1793 1778/695/1794 1776/694/1792
f  1775/693/1791 1748/656/1764 1749/657/1765 1777/696/1793
f  1775/691/1791 1677/569/1693 1680/570/1696 1748/655/1764
f  1779/697/1795 1780/698/1796 1774/689/1790 1773/690/1789
f  1779/699/1795 1781/702/1797 1782/701/1798 1780/700/1796
f  1779/699/1795 1762/676/1778 1764/677/1780 1781/702/1797
f  1779/697/1795 1773/690/1789 1763/674/1779 1762/675/1778
f  1783/703/1799 1784/704/1800 1778/695/1794 1777/696/1793
f  1783/703/1799 1703/592/1719 1702/593/1718 1784/704/1800
f  1783/703/1799 1747/653/1763 1705/599/1721 1703/592/1719
f  1783/703/1799 1777/696/1793 1749/657/1765 1747/653/1763
f  1785/705/1801 1786/706/1802 1782/701/1798 1781/702/1797
f  1785/705/1801 1685/574/1701 1684/575/1700 1786/706/1802
f  1785/705/1801 1760/671/1776 1690/581/1706 1685/574/1701
f  1785/705/1801 1781/702/1797 1764/677/1780 1760/671/1776
f  1787/707/1803 1788/710/1804 1789/709/1805 1790/708/1806
f  1787/711/1803 1791/714/1807 1792/713/1808 1788/712/1804
f  1787/711/1803 1751/663/1767 1755/664/1771 1791/714/1807
f  1787/707/1803 1790/708/1806 1752/660/1768 1751/661/1767
f  1793/715/1809 1794/716/1810 1696/586/1712 1695/587/1711
f  1793/717/1809 1795/720/1811 1796/719/1812 1794/718/1810
f  1793/717/1809 1766/681/1782 1768/682/1784 1795/720/1811
f  1793/715/1809 1695/587/1711 1698/588/1714 1766/679/1782
f  1797/721/1813 1798/722/1814 1792/713/1808 1791/714/1807
f  1797/721/1813 1799/724/1815 1800/723/1816 1798/722/1814
f  1797/721/1813 1754/665/1770 1757/666/1773 1799/724/1815
f  1797/721/1813 1791/714/1807 1755/664/1771 1754/665/1770
f  1801/725/1817 1802/726/1818 1796/719/1812 1795/720/1811
f  1801/725/1817 1803/728/1819 1804/727/1820 1802/726/1818
f  1801/725/1817 1767/683/1783 1770/684/1786 1803/728/1819
f  1801/725/1817 1795/720/1811 1768/682/1784 1767/683/1783
f  1805/729/1821 1806/730/1822 1800/723/1816 1799/724/1815
f  1805/731/1821 1807/734/1823 1808/733/1824 1806/732/1822
f  1805/731/1821 1756/668/1772 1758/669/1774 1807/734/1823
f  1805/729/1821 1799/724/1815 1757/666/1773 1756/667/1772
f  1809/735/1825 1810/736/1826 1804/727/1820 1803/728/1819
f  1809/737/1825 1694/583/1710 1693/584/1709 1810/738/1826
f  1809/737/1825 1769/686/1785 1699/590/1715 1694/583/1710
f  1809/735/1825 1803/728/1819 1770/684/1786 1769/685/1785
f  1811/739/1827 1812/740/1828 1808/733/1824 1807/734/1823
f  1811/739/1827 1790/708/1806 1789/709/1805 1812/740/1828
f  1811/739/1827 1753/659/1769 1752/660/1768 1790/708/1806
f  1811/739/1827 1807/734/1823 1758/669/1774 1753/659/1769
f  1813/741/1829 1720/619/1736 1709/603/1725 1814/742/1830
f  1813/741/1829 1815/743/1831 1721/618/1737 1720/619/1736
f  1813/741/1829 1786/706/1802 1684/575/1700 1815/743/1831
f  1813/741/1829 1814/742/1830 1782/701/1798 1786/706/1802
f  1816/744/1832 1708/605/1724 1657/543/1673 1817/745/1833
f  1816/746/1832 1814/742/1830 1709/603/1725 1708/604/1724
f  1816/746/1832 1780/700/1796 1782/701/1798 1814/742/1830
f  1816/744/1832 1817/745/1833 1774/689/1790 1780/698/1796
f  1818/747/1834 1656/544/1672 1658/545/1674 1819/748/1835
f  1818/747/1834 1817/745/1833 1657/543/1673 1656/544/1672
f  1818/747/1834 1772/688/1788 1774/689/1790 1817/745/1833
f  1818/747/1834 1819/748/1835 1687/577/1703 1772/688/1788
f  1820/749/1836 1739/641/1755 1721/618/1737 1815/743/1831
f  1820/749/1836 1819/748/1835 1658/545/1674 1739/641/1755
f  1820/749/1836 1683/576/1699 1687/577/1703 1819/748/1835
f  1820/749/1836 1815/743/1831 1684/575/1700 1683/576/1699
f  1821/750/1837 1712/609/1728 1632/515/1648 1822/751/1838
f  1821/750/1837 1823/752/1839 1713/608/1729 1712/609/1728
f  1821/750/1837 1812/740/1828 1789/709/1805 1823/752/1839
f  1821/750/1837 1822/751/1838 1808/733/1824 1812/740/1828
f  1824/753/1840 1631/517/1647 1633/518/1649 1825/754/1841
f  1824/755/1840 1822/751/1838 1632/515/1648 1631/516/1647
f  1824/755/1840 1806/732/1822 1808/733/1824 1822/751/1838
f  1824/753/1840 1825/754/1841 1800/723/1816 1806/730/1822
f  1826/756/1842 1741/643/1757 1733/633/1749 1827/757/1843
f  1826/756/1842 1825/754/1841 1633/518/1649 1741/643/1757
f  1826/756/1842 1798/722/1814 1800/723/1816 1825/754/1841
f  1826/756/1842 1827/757/1843 1792/713/1808 1798/722/1814
f  1828/758/1844 1732/635/1748 1713/608/1729 1823/752/1839
f  1828/759/1844 1827/757/1843 1733/633/1749 1732/634/1748
f  1828/759/1844 1788/712/1804 1792/713/1808 1827/757/1843
f  1828/758/1844 1823/752/1839 1789/709/1805 1788/710/1804
f  1829/760/1845 1716/615/1732 1605/481/1621 1830/761/1846
f  1829/762/1845 1831/763/1847 1717/613/1733 1716/614/1732
f  1829/762/1845 1810/738/1826 1693/584/1709 1831/763/1847
f  1829/760/1845 1830/761/1846 1804/727/1820 1810/736/1826
f  1832/764/1848 1604/482/1620 1606/483/1622 1833/765/1849
f  1832/764/1848 1830/761/1846 1605/481/1621 1604/482/1620
f  1832/764/1848 1802/726/1818 1804/727/1820 1830/761/1846
f  1832/764/1848 1833/765/1849 1796/719/1812 1802/726/1818
f  1834/766/1850 1743/647/1759 1725/622/1741 1835/767/1851
f  1834/768/1850 1833/765/1849 1606/483/1622 1743/646/1759
f  1834/768/1850 1794/718/1810 1796/719/1812 1833/765/1849
f  1834/766/1850 1835/767/1851 1696/586/1712 1794/716/1810
f  1836/769/1852 1724/623/1740 1717/613/1733 1831/763/1847
f  1836/769/1852 1835/767/1851 1725/622/1741 1724/623/1740
f  1836/769/1852 1692/585/1708 1696/586/1712 1835/767/1851
f  1836/769/1852 1831/763/1847 1693/584/1709 1692/585/1708
f  1837/770/1853 1579/452/1595 1581/453/1597 1838/771/1854
f  1837/770/1853 1839/772/1855 1580/451/1596 1579/452/1595
f  1837/770/1853 1784/704/1800 1702/593/1718 1839/772/1855
f  1837/770/1853 1838/771/1854 1778/695/1794 1784/704/1800
f  1840/773/1856 1745/651/1761 1737/638/1753 1841/774/1857
f  1840/775/1856 1838/771/1854 1581/453/1597 1745/650/1761
f  1840/775/1856 1776/694/1792 1778/695/1794 1838/771/1854
f  1840/773/1856 1841/774/1857 1678/568/1694 1776/692/1792
f  1842/776/1858 1728/629/1744 1580/451/1596 1839/772/1855
f  1842/777/1858 1843/778/1859 1729/627/1745 1728/628/1744
f  1842/777/1858 1701/596/1717 1675/566/1691 1843/778/1859
f  1842/776/1858 1839/772/1855 1702/593/1718 1701/594/1717
f  1844/779/1860 1736/639/1752 1729/627/1745 1843/778/1859
f  1844/779/1860 1841/774/1857 1737/638/1753 1736/639/1752
f  1844/779/1860 1674/567/1690 1678/568/1694 1841/774/1857
f  1844/779/1860 1843/778/1859 1675/566/1691 1674/567/1690
f  1845/780/1861 1846/783/1862 1847/782/1863 1848/781/1864
f  1845/780/1861 1849/785/1865 1850/784/1866 1846/783/1862
f  1845/780/1861 1851/787/1867 1852/786/1868 1849/785/1865
f  1845/780/1861 1848/781/1864 1853/788/1869 1851/787/1867
f  1854/789/1870 1556/426/1572 1559/427/1575 1855/790/1871
f  1854/789/1870 1856/791/1872 1557/425/1573 1556/426/1572
f  1854/789/1870 1846/783/1862 1850/784/1866 1856/791/1872
f  1854/789/1870 1855/790/1871 1847/782/1863 1846/783/1862
f  1857/792/1873 1637/520/1653 1636/521/1652 1858/793/1874
f  1857/792/1873 1855/790/1871 1559/427/1575 1637/520/1653
f  1857/792/1873 1859/794/1875 1847/782/1863 1855/790/1871
f  1857/792/1873 1858/793/1874 1860/795/1876 1859/794/1875
f  1861/796/1877 1862/799/1878 1863/798/1879 1864/797/1880
f  1861/796/1877 1865/801/1881 1866/800/1882 1862/799/1878
f  1861/796/1877 1867/803/1883 1868/802/1884 1865/801/1881
f  1861/796/1877 1864/797/1880 1869/804/1885 1867/803/1883
f  1870/805/1886 1871/806/1887 1850/784/1866 1849/785/1865
f  1870/805/1886 1872/808/1888 1873/807/1889 1871/806/1887
f  1870/805/1886 1874/809/1890 1863/798/1879 1872/808/1888
f  1870/805/1886 1849/785/1865 1852/786/1868 1874/809/1890
f  1875/810/1891 1876/811/1892 1873/807/1889 1872/808/1888
f  1875/810/1891 1877/812/1893 1860/795/1876 1876/811/1892
f  1875/810/1891 1862/799/1878 1866/800/1882 1877/812/1893
f  1875/810/1891 1872/808/1888 1863/798/1879 1862/799/1878
f  1878/813/1894 1859/794/1875 1860/795/1876 1877/812/1893
f  1878/813/1894 1848/781/1864 1847/782/1863 1859/794/1875
f  1878/813/1894 1879/814/1895 1853/788/1869 1848/781/1864
f  1878/813/1894 1877/812/1893 1866/800/1882 1879/814/1895
f  1880/815/1896 1881/816/1897 1882/817/1898 1883/816/1899
f  1880/815/1896 1867/803/1883 1869/804/1885 1881/816/1897
f  1880/815/1896 1884/815/1900 1868/802/1884 1867/803/1883
f  1880/815/1896 1883/816/1899 1885/818/1901 1884/815/1900
f  1886/819/1902 1879/814/1895 1866/800/1882 1865/801/1881
f  1886/819/1902 1887/820/1903 1853/788/1869 1879/814/1895
f  1886/819/1902 1884/815/1900 1885/818/1901 1887/820/1903
f  1886/819/1902 1865/801/1881 1868/802/1884 1884/815/1900
f  1888/821/1904 1851/787/1867 1853/788/1869 1887/820/1903
f  1888/821/1904 1889/822/1905 1852/786/1868 1851/787/1867
f  1888/821/1904 1883/816/1899 1882/817/1898 1889/822/1905
f  1888/821/1904 1887/820/1903 1885/818/1901 1883/816/1899
f  1890/823/1906 1874/809/1890 1852/786/1868 1889/822/1905
f  1890/823/1906 1864/797/1880 1863/798/1879 1874/809/1890
f  1890/823/1906 1881/816/1897 1869/804/1885 1864/797/1880
f  1890/823/1906 1889/822/1905 1882/817/1898 1881/816/1897
f  1891/824/1907 1526/392/1542 1528/393/1544 1892/825/1908
f  1891/824/1907 1893/826/1909 1527/391/1543 1526/392/1542
f  1891/824/1907 1894/827/1910 1569/438/1585 1893/826/1909
f  1891/824/1907 1892/825/1908 1895/828/1911 1894/827/1910
f  1896/829/1912 1543/411/1559 1527/391/1543 1893/826/1909
f  1896/830/1912 1897/831/1913 1540/405/1556 1543/410/1559
f  1896/830/1912 1568/441/1584 1554/423/1570 1897/831/1913
f  1896/829/1912 1893/826/1909 1569/438/1585 1568/439/1584
f  1898/832/1914 1539/404/1555 1540/405/1556 1897/831/1913
f  1898/832/1914 1899/833/1915 1534/399/1550 1539/404/1555
f  1898/832/1914 1553/424/1569 1557/425/1573 1899/833/1915
f  1898/832/1914 1897/831/1913 1554/423/1570 1553/424/1569
f  1900/834/1916 1533/398/1549 1534/399/1550 1899/833/1915
f  1900/834/1916 1892/825/1908 1528/393/1544 1533/398/1549
f  1900/834/1916 1901/835/1917 1895/828/1911 1892/825/1908
f  1900/834/1916 1899/833/1915 1557/425/1573 1901/835/1917
f  1902/836/1918 1903/838/1919 1895/828/1911 1904/837/1920
f  1902/836/1918 1858/793/1874 1636/521/1652 1903/838/1919
f  1902/836/1918 1876/811/1892 1860/795/1876 1858/793/1874
f  1902/836/1918 1904/837/1920 1873/807/1889 1876/811/1892
f  1905/839/1921 1894/827/1910 1895/828/1911 1903/838/1919
f  1905/839/1921 1570/437/1586 1569/438/1585 1894/827/1910
f  1905/839/1921 1591/465/1607 1572/444/1588 1570/437/1586
f  1905/839/1921 1666/554/1682 1584/456/1600 1591/465/1607
f  1905/839/1921 1618/496/1634 1617/497/1633 1666/554/1682
f  1905/839/1921 1644/528/1660 1609/486/1625 1618/496/1634
f  1905/839/1921 1903/838/1919 1636/521/1652 1644/528/1660
f  1906/840/1922 1901/835/1917 1557/425/1573 1856/791/1872
f  1906/840/1922 1904/837/1920 1895/828/1911 1901/835/1917
f  1906/840/1922 1871/806/1887 1873/807/1889 1904/837/1920
f  1906/840/1922 1856/791/1872 1850/784/1866 1871/806/1887
f  1907/841/1923 1368/189/1384 1237/31/1251 1908/842/1924
f  1907/841/1923 1909/843/1925 1369/188/1385 1368/189/1384
f  1907/841/1923 1910/845/1926 1911/844/1927 1909/843/1925
f  1907/841/1923 1908/842/1924 1912/846/1928 1910/845/1926
f  1913/847/1929 1914/850/1930 1915/849/1931 1916/848/1932
f  1913/847/1929 1917/852/1933 1918/851/1934 1914/850/1930
f  1913/847/1929 1919/854/1935 1920/853/1936 1917/852/1933
f  1913/847/1929 1916/848/1932 1921/855/1937 1919/854/1935
f  1922/856/1938 1923/859/1939 1924/858/1940 1925/857/1941
f  1922/856/1938 1926/861/1942 1927/860/1943 1923/859/1939
f  1922/856/1938 1928/863/1944 1929/862/1945 1926/861/1942
f  1922/856/1938 1925/857/1941 1930/864/1946 1928/863/1944
f  1931/865/1947 1932/866/1948 1918/851/1934 1917/852/1933
f  1931/865/1947 1925/857/1941 1924/858/1940 1932/866/1948
f  1931/865/1947 1933/867/1949 1930/864/1946 1925/857/1941
f  1931/865/1947 1917/852/1933 1920/853/1936 1933/867/1949
f  1934/868/1950 1305/102/1319 1307/103/1321 1935/869/1951
f  1934/868/1950 1936/870/1952 1218/12/1232 1305/102/1319
f  1934/868/1950 1937/872/1953 1938/871/1954 1936/870/1952
f  1934/868/1950 1935/869/1951 1939/873/1955 1937/872/1953
f  1940/874/1956 1235/29/1249 1218/12/1232 1936/870/1952
f  1940/874/1956 1908/842/1924 1237/31/1251 1235/29/1249
f  1940/874/1956 1941/875/1957 1912/846/1928 1908/842/1924
f  1940/874/1956 1936/870/1952 1938/871/1954 1941/875/1957
f  1942/876/1958 1910/845/1926 1912/846/1928 1943/877/1959
f  1942/876/1958 1944/878/1960 1911/844/1927 1910/845/1926
f  1942/876/1958 1923/859/1939 1927/860/1943 1944/878/1960
f  1942/876/1958 1943/877/1959 1924/858/1940 1923/859/1939
f  1945/879/1961 1941/875/1957 1938/871/1954 1946/880/1962
f  1945/879/1961 1943/877/1959 1912/846/1928 1941/875/1957
f  1945/879/1961 1932/866/1948 1924/858/1940 1943/877/1959
f  1945/879/1961 1946/880/1962 1918/851/1934 1932/866/1948
f  1947/881/1963 1948/882/1964 1911/844/1927 1944/878/1960
f  1947/881/1963 1949/884/1965 1950/883/1966 1948/882/1964
f  1947/881/1963 1951/886/1967 1952/885/1968 1949/884/1965
f  1947/881/1963 1944/878/1960 1927/860/1943 1951/886/1967
f  1953/887/1969 1937/872/1953 1939/873/1955 1954/888/1970
f  1953/887/1969 1946/880/1962 1938/871/1954 1937/872/1953
f  1953/887/1969 1914/850/1930 1918/851/1934 1946/880/1962
f  1953/887/1969 1954/888/1970 1915/849/1931 1914/850/1930
f  1955/889/1971 1956/891/1972 1952/885/1968 1957/890/1973
f  1955/892/1971 1916/848/1932 1915/849/1931 1956/893/1972
f  1955/892/1971 1958/894/1974 1921/855/1937 1916/848/1932
f  1955/889/1971 1957/890/1973 1959/896/1975 1958/895/1974
f  1960/897/1976 1961/898/1977 1950/883/1966 1949/884/1965
f  1960/899/1976 1954/888/1970 1939/873/1955 1961/900/1977
f  1960/899/1976 1956/893/1972 1915/849/1931 1954/888/1970
f  1960/897/1976 1949/884/1965 1952/885/1968 1956/891/1972
f  1962/901/1978 1963/904/1979 1964/903/1980 1965/902/1981
f  1962/905/1978 1935/869/1951 1307/103/1321 1963/906/1979
f  1962/905/1978 1961/900/1977 1939/873/1955 1935/869/1951
f  1962/901/1978 1965/902/1981 1950/883/1966 1961/898/1977
f  1966/907/1982 1967/910/1983 1968/909/1984 1969/908/1985
f  1966/907/1982 1970/912/1986 1971/911/1987 1967/910/1983
f  1966/907/1982 1972/914/1988 1973/913/1989 1970/912/1986
f  1966/907/1982 1969/908/1985 1974/915/1990 1972/914/1988
f  1975/916/1991 1951/886/1967 1927/860/1943 1926/861/1942
f  1975/916/1991 1957/890/1973 1952/885/1968 1951/886/1967
f  1975/916/1991 1976/917/1992 1959/896/1975 1957/890/1973
f  1975/916/1991 1926/861/1942 1929/862/1945 1976/917/1992
f  1977/918/1993 1978/920/1994 1973/913/1989 1979/919/1995
f  1977/921/1993 1980/924/1996 1981/923/1997 1978/922/1994
f  1977/921/1993 1982/926/1998 1983/925/1999 1980/924/1996
f  1977/918/1993 1979/919/1995 1984/928/2000 1982/927/1998
f  1985/929/2001 1986/932/2002 1987/931/2003 1988/930/2004
f  1985/929/2001 1989/934/2005 1990/933/2006 1986/932/2002
f  1985/929/2001 1991/936/2007 1992/935/2008 1989/934/2005
f  1985/929/2001 1988/930/2004 1981/923/1997 1991/936/2007
f  1993/937/2009 1994/938/2010 1971/911/1987 1970/912/1986
f  1993/939/2009 1988/930/2004 1987/931/2003 1994/940/2010
f  1993/939/2009 1978/922/1994 1981/923/1997 1988/930/2004
f  1993/937/2009 1970/912/1986 1973/913/1989 1978/920/1994
f  1995/941/2011 1996/944/2012 1997/943/2013 1998/942/2014
f  1995/941/2011 1969/908/1985 1968/909/1984 1996/944/2012
f  1995/941/2011 1999/945/2015 1974/915/1990 1969/908/1985
f  1995/941/2011 1998/942/2014 2000/946/2016 1999/945/2015
f  2001/947/2017 2002/948/2018 1990/933/2006 1989/934/2005
f  2001/947/2017 1998/942/2014 1997/943/2013 2002/948/2018
f  2001/947/2017 2003/949/2019 2000/946/2016 1998/942/2014
f  2001/947/2017 1989/934/2005 1992/935/2008 2003/949/2019
f  2004/950/2020 1933/867/1949 1920/853/1936 2005/951/2021
f  2004/950/2020 2006/952/2022 1930/864/1946 1933/867/1949
f  2004/950/2020 2002/948/2018 1997/943/2013 2006/952/2022
f  2004/950/2020 2005/951/2021 1990/933/2006 2002/948/2018
f  2007/953/2023 1928/863/1944 1930/864/1946 2006/952/2022
f  2007/953/2023 2008/954/2024 1929/862/1945 1928/863/1944
f  2007/953/2023 1996/944/2012 1968/909/1984 2008/954/2024
f  2007/953/2023 2006/952/2022 1997/943/2013 1996/944/2012
f  2009/955/2025 1958/895/1974 1959/896/1975 2010/956/2026
f  2009/957/2025 2011/958/2027 1921/855/1937 1958/894/1974
f  2009/957/2025 1994/940/2010 1987/931/2003 2011/958/2027
f  2009/955/2025 2010/956/2026 1971/911/1987 1994/938/2010
f  2012/959/2028 1919/854/1935 1921/855/1937 2011/958/2027
f  2012/959/2028 2005/951/2021 1920/853/1936 1919/854/1935
f  2012/959/2028 1986/932/2002 1990/933/2006 2005/951/2021
f  2012/959/2028 2011/958/2027 1987/931/2003 1986/932/2002
f  2013/960/2029 1976/917/1992 1929/862/1945 2008/954/2024
f  2013/960/2029 2010/956/2026 1959/896/1975 1976/917/1992
f  2013/960/2029 1967/910/1983 1971/911/1987 2010/956/2026
f  2013/960/2029 2008/954/2024 1968/909/1984 1967/910/1983
f  2014/961/2030 2015/963/2031 1369/188/1385 2016/962/2032
f  2014/961/2030 871/965/871 870/964/870 2015/963/2031
f  2014/961/2030 2017/967/2033 872/966/872 871/965/871
f  2014/961/2030 2016/962/2032 1964/903/1980 2017/967/2033
f  2018/968/2034 2016/962/2032 1369/188/1385 1909/843/1925
f  2018/968/2034 1965/902/1981 1964/903/1980 2016/962/2032
f  2018/968/2034 1948/882/1964 1950/883/1966 1965/902/1981
f  2018/968/2034 1909/843/1925 1911/844/1927 1948/882/1964
f  2019/969/2035 1427/256/1443 257/257/257 876/970/876
f  2019/969/2035 1963/906/1979 1307/103/1321 1427/256/1443
f  2019/971/2035 2017/967/2033 1964/903/1980 1963/904/1979
f  2019/971/2035 876/972/876 872/966/872 2017/967/2033
f  2020/973/2036 2021/976/2037 2022/975/2038 2023/974/2039
f  2020/973/2036 2024/978/2040 2025/977/2041 2021/976/2037
f  2020/973/2036 2026/980/2042 2027/979/2043 2024/978/2040
f  2020/973/2036 2023/974/2039 2028/981/2044 2026/980/2042
f  2029/982/2045 1999/945/2015 2000/946/2016 2030/983/2046
f  2029/982/2045 2031/984/2047 1974/915/1990 1999/945/2015
f  2029/982/2045 2021/976/2037 2025/977/2041 2031/984/2047
f  2029/982/2045 2030/983/2046 2022/975/2038 2021/976/2037
f  2032/985/2048 2003/949/2019 1992/935/2008 2033/986/2049
f  2032/985/2048 2030/983/2046 2000/946/2016 2003/949/2019
f  2032/985/2048 2034/987/2050 2022/975/2038 2030/983/2046
f  2032/985/2048 2033/986/2049 2035/988/2051 2034/987/2050
f  2036/989/2052 1972/914/1988 1974/915/1990 2031/984/2047
f  2036/989/2052 1979/919/1995 1973/913/1989 1972/914/1988
f  2036/989/2052 2037/990/2053 1984/928/2000 1979/919/1995
f  2036/989/2052 2031/984/2047 2025/977/2041 2037/990/2053
f  2038/991/2054 1991/936/2007 1981/923/1997 1980/924/1996
f  2038/991/2054 2033/986/2049 1992/935/2008 1991/936/2007
f  2038/991/2054 2039/992/2055 2035/988/2051 2033/986/2049
f  2038/991/2054 1980/924/1996 1983/925/1999 2039/992/2055
f  2040/993/2056 2041/995/2057 2027/979/2043 2042/994/2058
f  2040/993/2056 2043/997/2059 2044/996/2060 2041/995/2057
f  2040/993/2056 2045/999/2061 2046/998/2062 2043/997/2059
f  2040/993/2056 2042/994/2058 2047/1000/2063 2045/999/2061
f  2048/1001/2064 2034/987/2050 2035/988/2051 2049/1002/2065
f  2048/1001/2064 2023/974/2039 2022/975/2038 2034/987/2050
f  2048/1001/2064 2050/1003/2066 2028/981/2044 2023/974/2039
f  2048/1001/2064 2049/1002/2065 2051/1004/2067 2050/1003/2066
f  2052/1005/2068 2037/990/2053 2025/977/2041 2024/978/2040
f  2052/1005/2068 2053/1006/2069 1984/928/2000 2037/990/2053
f  2052/1005/2068 2041/995/2057 2044/996/2060 2053/1006/2069
f  2052/1005/2068 2024/978/2040 2027/979/2043 2041/995/2057
f  2054/1007/2070 2039/992/2055 1983/925/1999 2055/1008/2071
f  2054/1007/2070 2049/1002/2065 2035/988/2051 2039/992/2055
f  2054/1007/2070 2056/1009/2072 2051/1004/2067 2049/1002/2065
f  2054/1007/2070 2055/1008/2071 2057/1010/2073 2056/1009/2072
f  2058/1011/2074 1982/927/1998 1984/928/2000 2053/1006/2069
f  2058/1012/2074 2055/1008/2071 1983/925/1999 1982/926/1998
f  2058/1012/2074 2059/1013/2075 2057/1010/2073 2055/1008/2071
f  2058/1011/2074 2053/1006/2069 2044/996/2060 2059/1014/2075
f  2060/1015/2076 2061/1018/2077 2062/1017/2078 2063/1016/2079
f  2060/1015/2076 2064/1019/2080 2047/1000/2063 2061/1018/2077
f  2060/1015/2076 2065/1022/2081 2066/1021/2082 2064/1020/2080
f  2060/1015/2076 2063/1016/2079 2067/1023/2083 2065/1022/2081
f  2068/1024/2084 2056/1009/2072 2057/1010/2073 2069/1025/2085
f  2068/1024/2084 2070/1026/2086 2051/1004/2067 2056/1009/2072
f  2068/1024/2084 2071/1028/2087 2072/1027/2088 2070/1026/2086
f  2068/1024/2084 2069/1025/2085 2073/1029/2089 2071/1028/2087
f  2074/1030/2090 2059/1014/2075 2044/996/2060 2043/997/2059
f  2074/1031/2090 2069/1025/2085 2057/1010/2073 2059/1013/2075
f  2074/1031/2090 2075/1032/2091 2073/1029/2089 2069/1025/2085
f  2074/1030/2090 2043/997/2059 2046/998/2062 2075/1033/2091
f  2076/1034/2092 2026/980/2042 2028/981/2044 2077/1035/2093
f  2076/1034/2092 2042/994/2058 2027/979/2043 2026/980/2042
f  2076/1034/2092 2061/1018/2077 2047/1000/2063 2042/994/2058
f  2076/1034/2092 2077/1035/2093 2062/1017/2078 2061/1018/2077
f  2078/1036/2094 2050/1003/2066 2051/1004/2067 2070/1026/2086
f  2078/1036/2094 2077/1035/2093 2028/981/2044 2050/1003/2066
f  2078/1036/2094 2079/1037/2095 2062/1017/2078 2077/1035/2093
f  2078/1036/2094 2070/1026/2086 2072/1027/2088 2079/1037/2095
f  2080/1038/2096 2081/1041/2097 2082/1040/2098 2083/1039/2099
f  2080/1038/2096 2065/1022/2081 2067/1023/2083 2081/1041/2097
f  2080/1038/2096 2084/1042/2100 2066/1021/2082 2065/1022/2081
f  2080/1038/2096 2085/1044/2101 2086/1043/2102 2084/1042/2100
f  2080/1038/2096 2083/1039/2099 2087/1045/2103 2085/1044/2101
f  2088/1046/2104 2079/1037/2095 2072/1027/2088 2089/1047/2105
f  2088/1046/2104 2063/1016/2079 2062/1017/2078 2079/1037/2095
f  2088/1046/2104 2081/1041/2097 2067/1023/2083 2063/1016/2079
f  2088/1046/2104 2089/1047/2105 2082/1040/2098 2081/1041/2097
f  2090/1048/2106 2091/1051/2107 2092/1050/2108 2093/1049/2109
f  2090/1048/2106 2094/1053/2110 2095/1052/2111 2091/1051/2107
f  2090/1048/2106 2096/1055/2112 2097/1054/2113 2094/1053/2110
f  2090/1048/2106 2093/1049/2109 2098/1056/2114 2096/1055/2112
f  2099/1057/2115 2071/1028/2087 2073/1029/2089 2100/1058/2116
f  2099/1057/2115 2089/1047/2105 2072/1027/2088 2071/1028/2087
f  2099/1057/2115 2083/1039/2099 2082/1040/2098 2089/1047/2105
f  2099/1057/2115 2100/1058/2116 2087/1045/2103 2083/1039/2099
f  2101/1059/2117 2075/1033/2091 2046/998/2062 2102/1060/2118
f  2101/1061/2117 2100/1058/2116 2073/1029/2089 2075/1032/2091
f  2101/1062/2117 2085/1044/2101 2087/1045/2103 2100/1058/2116
f  2101/1062/2117 2102/1063/2118 2086/1043/2102 2085/1044/2101
f  2103/1064/2119 2084/1042/2100 2086/1043/2102 2104/1065/2120
f  2103/1064/2119 2105/1066/2121 2066/1021/2082 2084/1042/2100
f  2103/1064/2119 2106/1068/2122 2107/1067/2123 2105/1066/2121
f  2103/1064/2119 2108/1070/2124 2109/1069/2125 2106/1068/2122
f  2103/1064/2119 2104/1065/2120 2110/1071/2126 2108/1070/2124
f  2111/1072/2127 2112/1073/2128 2095/1052/2111 2094/1053/2110
f  2111/1074/2127 2113/1077/2129 2114/1076/2130 2112/1075/2128
f  2111/1074/2127 2115/1079/2131 2116/1078/2132 2113/1077/2129
f  2111/1072/2127 2094/1053/2110 2097/1054/2113 2115/1080/2131
f  2117/1081/2133 2064/1020/2080 2066/1021/2082 2105/1066/2121
f  2117/1082/2133 2118/1083/2134 2047/1000/2063 2064/1019/2080
f  2117/1082/2133 2119/1085/2135 2120/1084/2136 2118/1083/2134
f  2117/1081/2133 2105/1066/2121 2107/1067/2123 2119/1086/2135
f  2121/1087/2137 2096/1055/2112 2098/1056/2114 2122/1088/2138
f  2121/1087/2137 2115/1080/2131 2097/1054/2113 2096/1055/2112
f  2121/1089/2137 2123/1090/2139 2116/1078/2132 2115/1079/2131
f  2121/1089/2137 2122/1092/2138 2124/1091/2140 2123/1090/2139
f  2125/1093/2141 2126/1094/2142 2114/1076/2130 2113/1077/2129
f  2125/1093/2141 2127/1096/2143 2128/1095/2144 2126/1094/2142
f  2125/1093/2141 2123/1090/2139 2124/1091/2140 2127/1096/2143
f  2125/1093/2141 2113/1077/2129 2116/1078/2132 2123/1090/2139
f  2129/1097/2145 2130/1100/2146 2131/1099/2147 2132/1098/2148
f  2129/1097/2145 2133/1102/2149 2134/1101/2150 2130/1100/2146
f  2129/1103/2145 2135/1106/2151 2136/1105/2152 2133/1104/2149
f  2129/1103/2145 2132/1108/2148 2137/1107/2153 2135/1106/2151
f  2138/1109/2154 2139/1112/2155 2140/1111/2156 2141/1110/2157
f  2138/1113/2154 2142/1116/2158 2143/1115/2159 2139/1114/2155
f  2138/1113/2154 2144/1118/2160 2145/1117/2161 2142/1116/2158
f  2138/1109/2154 2141/1110/2157 2109/1069/2125 2144/1119/2160
f  2146/1120/2162 2147/1122/2163 2092/1050/2108 2148/1121/2164
f  2146/1123/2162 2149/1125/2165 2128/1095/2144 2147/1124/2163
f  2146/1123/2162 2144/1119/2160 2109/1069/2125 2149/1125/2165
f  2146/1120/2162 2148/1121/2164 2145/1117/2161 2144/1118/2160
f  2150/1126/2166 2151/1129/2167 2152/1128/2168 2153/1127/2169
f  2150/1130/2166 2154/1133/2170 2155/1132/2171 2151/1131/2167
f  2150/1130/2166 2132/1098/2148 2131/1099/2147 2154/1133/2170
f  2150/1126/2166 2153/1127/2169 2137/1107/2153 2132/1108/2148
f  2156/1134/2172 2157/1136/2173 2140/1111/2156 2158/1135/2174
f  2156/1134/2172 2153/1127/2169 2152/1128/2168 2157/1136/2173
f  2156/1134/2172 2135/1106/2151 2137/1107/2153 2153/1127/2169
f  2156/1134/2172 2158/1135/2174 2136/1105/2152 2135/1106/2151
f  2159/1137/2175 2160/1138/2176 2155/1132/2171 2154/1133/2170
f  2159/1137/2175 2161/1139/2177 2143/1115/2159 2160/1138/2176
f  2159/1137/2175 2130/1100/2146 2134/1101/2150 2161/1139/2177
f  2159/1137/2175 2154/1133/2170 2131/1099/2147 2130/1100/2146
f  2162/1140/2178 2045/999/2061 2047/1000/2063 2118/1083/2134
f  2162/1140/2178 2163/1141/2179 2046/998/2062 2045/999/2061
f  2162/1140/2178 2164/1143/2180 2165/1142/2181 2163/1141/2179
f  2162/1140/2178 2166/1144/2182 2145/1117/2161 2164/1143/2180
f  2162/1140/2178 2118/1083/2134 2120/1084/2136 2166/1144/2182
f  2167/1145/2183 2102/1060/2118 2046/998/2062 2163/1141/2179
f  2167/1146/2183 2104/1065/2120 2086/1043/2102 2102/1063/2118
f  2167/1146/2183 2168/1147/2184 2110/1071/2126 2104/1065/2120
f  2167/1145/2183 2163/1141/2179 2165/1142/2181 2168/1148/2184
f  2169/1149/2185 2122/1088/2138 2098/1056/2114 2093/1049/2109
f  2169/1150/2185 2127/1096/2143 2124/1091/2140 2122/1092/2138
f  2169/1150/2185 2147/1124/2163 2128/1095/2144 2127/1096/2143
f  2169/1149/2185 2093/1049/2109 2092/1050/2108 2147/1122/2163
f  2170/1151/2186 2108/1070/2124 2110/1071/2126 2171/1152/2187
f  2170/1151/2186 2149/1125/2165 2109/1069/2125 2108/1070/2124
f  2170/1151/2186 2126/1094/2142 2128/1095/2144 2149/1125/2165
f  2170/1151/2186 2171/1152/2187 2114/1076/2130 2126/1094/2142
f  2172/1153/2188 2168/1148/2184 2165/1142/2181 2173/1154/2189
f  2172/1155/2188 2171/1152/2187 2110/1071/2126 2168/1147/2184
f  2172/1155/2188 2112/1075/2128 2114/1076/2130 2171/1152/2187
f  2172/1153/2188 2173/1154/2189 2095/1052/2111 2112/1073/2128
f  2174/1156/2190 2164/1143/2180 2145/1117/2161 2148/1121/2164
f  2174/1156/2190 2173/1154/2189 2165/1142/2181 2164/1143/2180
f  2174/1156/2190 2091/1051/2107 2095/1052/2111 2173/1154/2189
f  2174/1156/2190 2148/1121/2164 2092/1050/2108 2091/1051/2107
f  2175/1157/2191 2166/1144/2182 2120/1084/2136 2176/1158/2192
f  2175/1157/2191 2142/1116/2158 2145/1117/2161 2166/1144/2182
f  2175/1157/2191 2160/1138/2176 2143/1115/2159 2142/1116/2158
f  2175/1157/2191 2176/1158/2192 2155/1132/2171 2160/1138/2176
f  2177/1159/2193 2106/1068/2122 2109/1069/2125 2141/1110/2157
f  2177/1159/2193 2178/1160/2194 2107/1067/2123 2106/1068/2122
f  2177/1159/2193 2157/1136/2173 2152/1128/2168 2178/1160/2194
f  2177/1159/2193 2141/1110/2157 2140/1111/2156 2157/1136/2173
f  2179/1161/2195 2119/1086/2135 2107/1067/2123 2178/1160/2194
f  2179/1162/2195 2176/1158/2192 2120/1084/2136 2119/1085/2135
f  2179/1162/2195 2151/1131/2167 2155/1132/2171 2176/1158/2192
f  2179/1161/2195 2178/1160/2194 2152/1128/2168 2151/1129/2167
f  2180/1163/2196 2133/1104/2149 2136/1105/2152 2158/1135/2174
f  2180/1164/2196 2161/1139/2177 2134/1101/2150 2133/1102/2149
f  2180/1164/2196 2139/1114/2155 2143/1115/2159 2161/1139/2177
f  2180/1163/2196 2158/1135/2174 2140/1111/2156 2139/1112/2155
f  2181/1165/2197 1469/328/1485 323/329/323 1039/1166/1039
f  2181/1165/2197 2182/1167/2198 1470/327/1486 1469/328/1485
f  2181/1165/2197 2183/1169/2199 2184/1168/2200 2182/1167/2198
f  2181/1165/2197 1039/1166/1039 1043/1170/1043 2183/1169/2199
f  2185/1171/2201 1458/312/1474 1389/210/1405 2186/1172/2202
f  2185/1171/2201 1046/1173/1046 233/233/233 1458/312/1474
f  2185/1171/2201 2187/1175/2203 1047/1174/1047 1046/1173/1046
f  2185/1171/2201 2186/1172/2202 2188/1176/2204 2187/1175/2203
f  2189/1177/2205 1483/347/1499 1468/325/1484 1467/326/1483
f  2189/1177/2205 2186/1172/2202 1389/210/1405 1483/347/1499
f  2189/1177/2205 2190/1178/2206 2188/1176/2204 2186/1172/2202
f  2189/1177/2205 1467/326/1483 1470/327/1486 2190/1178/2206
f  2191/1179/2207 2183/1169/2199 1043/1170/1043 1053/1180/1053
f  2191/1179/2207 2192/1181/2208 2184/1168/2200 2183/1169/2199
f  2191/1179/2207 2193/1183/2209 2194/1182/2210 2192/1181/2208
f  2191/1179/2207 1053/1180/1053 1057/1184/1057 2193/1183/2209
f  2195/1185/2211 2190/1178/2206 1470/327/1486 2182/1167/2198
f  2195/1185/2211 2196/1186/2212 2188/1176/2204 2190/1178/2206
f  2195/1185/2211 2197/1188/2213 2198/1187/2214 2196/1186/2212
f  2195/1185/2211 2182/1167/2198 2184/1168/2200 2197/1188/2213
f  2199/1189/2215 2187/1175/2203 2188/1176/2204 2196/1186/2212
f  2199/1189/2215 1063/1190/1063 1047/1174/1047 2187/1175/2203
f  2199/1189/2215 2200/1192/2216 1064/1191/1064 1063/1190/1063
f  2199/1189/2215 2196/1186/2212 2198/1187/2214 2200/1192/2216
f  2201/1193/2217 2202/1196/2218 2203/1195/2219 2204/1194/2220
f  2201/1193/2221 2205/1198/2222 2206/1197/2223 2207/1196/2224
f  2201/1193/2221 1074/1200/1075 1073/1199/1074 2205/1198/2222
f  2201/1193/2217 2204/1194/2220 1076/1201/1077 1075/1200/1076
f  2208/1202/2225 2197/1188/2213 2184/1168/2200 2192/1181/2208
f  2208/1202/2225 2209/1203/2226 2198/1187/2214 2197/1188/2213
f  2208/1202/2225 2210/1205/2227 2211/1204/2228 2209/1203/2226
f  2208/1202/2225 2192/1181/2208 2194/1182/2210 2210/1205/2227
f  2212/1206/2229 2200/1192/2216 2198/1187/2214 2209/1203/2226
f  2212/1206/2229 1082/1207/1083 1064/1191/1064 2200/1192/2216
f  2212/1206/2229 2213/1209/2230 1083/1208/1084 1082/1207/1083
f  2212/1206/2229 2209/1203/2226 2211/1204/2228 2213/1209/2230
f  2214/1210/2231 2215/1211/2232 1463/319/1479 1462/320/1478
f  2214/1210/2231 2216/1213/2233 2217/1212/2234 2215/1211/2232
f  2214/1210/2231 2218/1215/2235 2219/1214/2236 2216/1213/2233
f  2214/1210/2231 1462/320/1478 1464/321/1480 2218/1215/2235
f  2220/1216/2237 2221/1217/2238 311/317/311 1461/318/1477
f  2220/1216/2237 2222/1218/2239 1394/342/1410 2221/1217/2238
f  2220/1216/2237 2215/1211/2232 2217/1212/2234 2222/1218/2239
f  2220/1216/2237 1461/318/1477 1463/319/1479 2215/1211/2232
f  2223/1219/2240 1466/324/1482 1468/325/1484 2224/1220/2241
f  2223/1219/2240 1460/314/1476 309/315/309 1466/324/1482
f  2223/1219/2240 2218/1215/2235 1464/321/1480 1460/314/1476
f  2223/1219/2240 2224/1220/2241 2219/1214/2236 2218/1215/2235
f  2225/1221/2242 1478/341/1494 1394/342/1410 2222/1218/2239
f  2225/1221/2242 2224/1220/2241 1468/325/1484 1478/341/1494
f  2225/1221/2242 2216/1213/2233 2219/1214/2236 2224/1220/2241
f  2225/1221/2242 2222/1218/2239 2217/1212/2234 2216/1213/2233
f  2226/1222/2243 2227/1225/2244 2228/1224/2245 2229/1223/2246
f  2226/1222/2243 2230/1227/2247 2231/1226/2248 2227/1225/2244
f  2226/1222/2243 2232/1229/2249 2233/1228/2250 2230/1227/2247
f  2226/1222/2243 2229/1223/2246 2234/1230/2251 2232/1229/2249
f  2235/1231/2252 2236/1232/2253 1369/188/1385 2015/963/2031
f  2235/1231/2252 2227/1225/2244 2231/1226/2248 2236/1232/2253
f  2235/1231/2252 2237/1233/2254 2228/1224/2245 2227/1225/2244
f  2235/1231/2252 2015/963/2031 870/964/870 2237/1233/2254
f  2238/1234/2255 2239/1235/2256 1374/193/1390 1370/187/1386
f  2238/1234/2255 2230/1227/2247 2233/1228/2250 2239/1235/2256
f  2238/1234/2255 2236/1232/2253 2231/1226/2248 2230/1227/2247
f  2238/1234/2255 1370/187/1386 1369/188/1385 2236/1232/2253
f  2240/1236/2257 2241/1239/2258 1113/1238/1114 2242/1237/2259
f  2240/1236/2257 2232/1229/2249 2234/1230/2251 2241/1239/2258
f  2240/1236/2257 2239/1235/2256 2233/1228/2250 2232/1229/2249
f  2240/1236/2257 2242/1237/2259 1374/193/1390 2239/1235/2256
f  2243/1240/2260 2237/1233/2254 870/964/870 1116/1241/1117
f  2243/1240/2260 2229/1223/2246 2228/1224/2245 2237/1233/2254
f  2243/1240/2260 2241/1239/2258 2234/1230/2251 2229/1223/2246
f  2243/1240/2260 1116/1241/1117 1113/1238/1114 2241/1239/2258
f  2244/1242/2261 2245/1245/2262 2246/1244/2263 2247/1243/2264
f  2244/1242/2261 2248/1247/2265 2249/1246/2266 2245/1245/2262
f  2244/1242/2261 2250/1249/2267 2251/1248/2268 2248/1247/2265
f  2244/1242/2261 2247/1243/2264 2252/1250/2269 2250/1249/2267
f  2253/1251/2270 2254/1252/2271 1374/193/1390 2242/1237/2259
f  2253/1251/2270 2245/1245/2262 2249/1246/2266 2254/1252/2271
f  2253/1251/2270 2255/1253/2272 2246/1244/2263 2245/1245/2262
f  2253/1251/2270 2242/1237/2259 1113/1238/1114 2255/1253/2272
f  2256/1254/2273 2257/1255/2274 1394/215/1410 1391/212/1407
f  2256/1254/2273 2248/1247/2265 2251/1248/2268 2257/1255/2274
f  2256/1254/2273 2254/1252/2271 2249/1246/2266 2248/1247/2265
f  2256/1254/2273 1391/212/1407 1374/193/1390 2254/1252/2271
f  2258/1256/2275 2259/1259/2276 311/1258/311 2221/1257/2238
f  2258/1256/2275 2250/1249/2267 2252/1250/2269 2259/1259/2276
f  2258/1256/2275 2257/1255/2274 2251/1248/2268 2250/1249/2267
f  2258/1256/2275 2221/1257/2238 1394/215/1410 2257/1255/2274
f  2260/1260/2277 2255/1253/2272 1113/1238/1114 1134/1261/1135
f  2260/1260/2277 2247/1243/2264 2246/1244/2263 2255/1253/2272
f  2260/1260/2277 2259/1259/2276 2252/1250/2269 2247/1243/2264
f  2260/1260/2277 1134/1261/1135 311/1258/311 2259/1259/2276
f  2261/1262/2278 2262/1265/2279 2263/1264/2280 2264/1263/2281
f  2261/1262/2278 1140/1267/1141 1139/1266/1140 2262/1265/2279
f  2261/1262/2278 2205/1198/2222 1073/1199/1074 1140/1267/1141
f  2261/1262/2278 2264/1263/2281 2206/1197/2223 2205/1198/2222
f  2265/1268/2282 2213/1209/2230 2211/1204/2228 2266/1269/2283
f  2265/1268/2282 1143/1271/1144 1083/1208/1084 2213/1209/2230
f  2265/1268/2282 2267/1273/2284 1144/1272/1145 1143/1271/1144
f  2265/1268/2282 2266/1269/2283 2268/1274/2285 2267/1273/2284
f  2269/1275/2286 2193/1183/2209 1057/1184/1057 1148/1276/1149
f  2269/1275/2286 2270/1277/2287 2194/1182/2210 2193/1183/2209
f  2269/1275/2286 2271/1279/2288 2272/1278/2289 2270/1277/2287
f  2269/1275/2286 1148/1276/1149 1152/1280/1153 2271/1279/2288
f  2273/1281/2290 2210/1205/2227 2194/1182/2210 2270/1277/2287
f  2273/1281/2291 2266/1269/2283 2211/1204/2228 2210/1205/2227
f  2273/1281/2291 2274/1283/2292 2268/1274/2285 2266/1269/2283
f  2273/1281/2290 2270/1277/2287 2272/1278/2289 2274/1283/2293
f  2275/1284/2294 2276/1287/2295 1157/1286/1160 1156/1285/1159
f  2275/1284/2294 2277/1289/2296 2278/1288/2297 2276/1287/2295
f  2275/1284/2294 2204/1194/2220 2203/1195/2219 2277/1289/2296
f  2275/1284/2294 1156/1285/1159 1076/1201/1077 2204/1194/2220
f  2279/1290/2298 2280/1291/2299 2278/1288/2297 2277/1289/2296
f  2281/1290/2300 2264/1263/2281 2263/1264/2280 2282/1291/2301
f  2281/1290/2300 2207/1196/2224 2206/1197/2223 2264/1263/2281
f  2279/1290/2298 2277/1289/2296 2203/1195/2219 2202/1196/2218
f  2283/1292/2302 2274/1283/2293 2272/1278/2289 2284/1293/2303
f  2283/1292/2304 2285/1294/2305 2268/1274/2285 2274/1283/2292
f  2283/1292/2304 2286/1296/2306 2287/1295/2307 2285/1294/2305
f  2283/1292/2302 2284/1293/2303 2288/1297/2308 2286/1296/2309
f  2289/1298/2310 2286/1296/2309 2288/1297/2308 2290/1299/2311
f  2291/1298/2312 2292/1300/2313 2287/1295/2307 2286/1296/2306
f  2291/1298/2312 2293/1302/2314 2294/1301/2315 2292/1300/2313
f  2289/1298/2310 2290/1299/2311 2295/1303/2316 2296/1302/2317
f  2297/1304/2318 2296/1302/2317 2295/1303/2316 2298/1305/2319
f  2299/1304/2320 2300/1306/2321 2294/1301/2315 2293/1302/2314
f  2299/1304/2320 2282/1291/2301 2263/1264/2280 2300/1306/2321
f  2297/1304/2318 2298/1305/2319 2278/1288/2297 2280/1291/2299
f  2301/1307/2322 2271/1279/2288 1152/1280/1153 1184/1308/1189
f  2301/1307/2322 2284/1293/2303 2272/1278/2289 2271/1279/2288
f  2301/1307/2322 2302/1309/2323 2288/1297/2308 2284/1293/2303
f  2301/1307/2322 1184/1308/1189 1186/1310/1191 2302/1309/2323
f  2303/1311/2324 2302/1309/2323 1186/1310/1191 1188/1312/1193
f  2303/1311/2324 2290/1299/2311 2288/1297/2308 2302/1309/2323
f  2303/1311/2324 2304/1313/2325 2295/1303/2316 2290/1299/2311
f  2303/1311/2324 1188/1312/1193 1190/1314/1195 2304/1313/2325
f  2305/1315/2326 2304/1313/2325 1190/1314/1195 1192/1316/1197
f  2305/1315/2326 2298/1305/2319 2295/1303/2316 2304/1313/2325
f  2305/1315/2326 2276/1287/2295 2278/1288/2297 2298/1305/2319
f  2305/1315/2326 1192/1316/1197 1157/1286/1160 2276/1287/2295
f  2306/1317/2327 2267/1273/2284 2268/1274/2285 2285/1294/2305
f  2306/1317/2327 1194/1318/1199 1144/1272/1145 2267/1273/2284
f  2306/1317/2327 2307/1320/2328 1195/1319/1200 1194/1318/1199
f  2306/1317/2327 2285/1294/2305 2287/1295/2307 2307/1320/2328
f  2308/1321/2329 2307/1320/2328 2287/1295/2307 2292/1300/2313
f  2308/1321/2329 1198/1322/1203 1195/1319/1200 2307/1320/2328
f  2308/1321/2329 2309/1324/2330 1199/1323/1204 1198/1322/1203
f  2308/1321/2329 2292/1300/2313 2294/1301/2315 2309/1324/2330
f  2310/1325/2331 2309/1324/2330 2294/1301/2315 2300/1306/2321
f  2310/1325/2331 1202/1326/1207 1199/1323/1204 2309/1324/2330
f  2310/1325/2331 2262/1265/2279 1139/1266/1140 1202/1326/1207
f  2310/1325/2331 2300/1306/2321 2263/1264/2280 2262/1265/2279
f  2311/1327/2332 2/2/2333 3/3/2334 2312/1328/2335
f  2311/1327/2332 2313/1329/2336 9/9/2337 2/2/2333
f  1206/1330/1214 2314/1331/2338 183/183/2339 181/181/1215
f  2315/1332/2340 185/185/2341 183/183/2339 2314/1331/2338
f  2315/1332/2340 2312/1328/2335 3/3/2334 185/185/2341
f  2316/1333/2342 248/248/2342 9/9/2337 2313/1329/2336
f  2317/1334/2343 1080/1335/2343 2317/1336/2343
f  2210/1337/2343 2317/1334/2343 2317/1336/2343
f  2318/1338/2344 2319/1339/2345 2320/1340/2346 2321/1341/2347
f  2318/1338/2344 2321/1341/2347 2322/1342/2348 2323/1343/2349
f  2318/1338/2344 2323/1343/2349 2324/1344/2350 2325/1345/2351
f  2318/1338/2344 2325/1345/2351 2326/1346/2352 2319/1339/2345
f  2327/1347/2353 2328/1348/2354 2329/1349/2355 2330/1350/2356
f  2327/1347/2353 2330/1350/2356 2331/1351/2357 2332/1352/2358
f  2327/1347/2353 2332/1352/2358 2333/1353/2359 2334/1354/2360
f  2327/1347/2353 2334/1354/2360 2335/1355/2361 2328/1348/2354
f  2336/1356/2362 2337/1357/2363 2338/1358/2364 2339/1359/2365
f  2336/1356/2362 2339/1359/2365 2340/1360/2366 2341/1361/2367
f  2336/1356/2362 2341/1361/2367 2342/1362/2368 2343/1363/2369
f  2336/1356/2362 2343/1363/2369 2344/1364/2370 2337/1357/2363
f  2345/1365/2371 2346/1366/2372 2347/1367/2373 2348/1368/2374
f  2345/1365/2371 2348/1368/2374 2349/1369/2375 2350/1370/2376
f  2345/1365/2371 2350/1370/2376 2351/1371/2377 2352/1372/2378
f  2345/1365/2371 2352/1372/2378 2353/1373/2379 2346/1366/2372
f  2354/1374/2380 2355/1375/2381 2331/1376/2357 2330/1377/2356
f  2354/1378/2380 2330/1379/2356 2329/1380/2355 2356/1381/2382
f  2354/1374/2380 2356/1382/2382 2347/1383/2373 2346/1384/2372
f  2354/1374/2380 2346/1384/2372 2353/1385/2379 2355/1375/2381
f  2357/1386/2383 2358/1387/2384 2353/1373/2379 2352/1372/2378
f  2357/1386/2383 2352/1372/2378 2351/1371/2377 2359/1388/2385
f  2357/1386/2383 2359/1388/2385 2360/1389/2386 2361/1390/2387
f  2357/1386/2383 2361/1390/2387 2362/1391/2388 2358/1387/2384
f  2363/1392/2389 2364/1393/2390 2335/1394/2361 2334/1395/2360
f  2363/1392/2389 2334/1395/2360 2333/1396/2359 2365/1397/2391
f  2363/1398/2389 2365/1399/2391 2351/1400/2377 2350/1401/2376
f  2363/1398/2389 2350/1401/2376 2349/1402/2375 2364/1403/2390
f  2366/1404/2392 2367/1405/2393 2324/1344/2350 2323/1343/2349
f  2366/1404/2392 2323/1343/2349 2322/1342/2348 2368/1406/2394
f  2366/1404/2392 2368/1406/2394 2369/1407/2395 2370/1408/2396
f  2366/1404/2392 2370/1408/2396 2371/1409/2397 2367/1405/2393
f  2372/1410/2398 2373/1411/2399 2320/1412/2346 2319/1413/2345
f  2372/1414/2398 2319/1415/2345 2326/1416/2352 2374/1417/2400
f  2372/1418/2398 2374/1419/2400 2340/1420/2366 2339/1421/2365
f  2372/1422/2398 2339/1359/2365 2338/1358/2364 2373/1423/2399
f  2375/1424/2401 2374/1417/2400 2326/1416/2352 2325/1425/2351
f  2375/1424/2401 2325/1425/2351 2324/1426/2350 2376/1427/2402
f  2375/1428/2401 2376/1429/2402 2342/1430/2368 2341/1431/2367
f  2375/1432/2401 2341/1433/2367 2340/1420/2366 2374/1419/2400
f  2377/1434/2403 2378/1435/2404 2322/1436/2348 2321/1437/2347
f  2377/1434/2403 2321/1437/2347 2320/1438/2346 2373/1439/2399
f  2377/1434/2403 2373/1439/2399 2338/1440/2364 2337/1441/2363
f  2377/1434/2403 2337/1441/2363 2344/1442/2370 2378/1435/2404
f  2379/1443/2405 2356/1381/2382 2329/1380/2355 2328/1444/2354
f  2379/1445/2405 2328/1446/2354 2335/1394/2361 2364/1393/2390
f  2379/1447/2405 2364/1403/2390 2349/1402/2375 2348/1448/2374
f  2379/1449/2405 2348/1368/2374 2347/1367/2373 2356/1450/2382
f  2380/1451/2406 2381/1452/2407 2371/1409/2397 2370/1408/2396
f  2380/1451/2406 2370/1408/2396 2369/1407/2395 2382/1453/2408
f  2380/1454/2406 2382/1455/2408 2383/1456/2409 2384/1457/2410
f  2380/1458/2406 2384/1459/2410 2385/1460/2411 2381/1461/2407
f  2386/1462/2412 2387/1463/2413 2388/1464/2414 2389/1465/2415
f  2386/1462/2412 2389/1465/2415 2390/1466/2416 2391/1467/2417
f  2386/1468/2412 2391/1469/2417 2362/1391/2388 2361/1390/2387
f  2386/1470/2412 2361/1471/2387 2360/1472/2386 2387/1473/2413
f  2392/1474/2418 2393/1475/2419 2342/1430/2368 2376/1429/2402
f  2392/1476/2418 2376/1427/2402 2324/1426/2350 2367/1477/2393
f  2392/1476/2418 2367/1477/2393 2371/1478/2397 2381/1479/2407
f  2392/1474/2418 2381/1461/2407 2385/1460/2411 2393/1475/2419
f  2394/1480/2420 2395/1481/2421 2331/1376/2357 2355/1375/2381
f  2394/1480/2420 2355/1375/2381 2353/1385/2379 2358/1482/2384
f  2394/1480/2420 2358/1482/2384 2362/1483/2388 2391/1484/2417
f  2394/1480/2420 2391/1484/2417 2390/1485/2416 2395/1481/2421
f  2396/1486/2422 2397/1487/2423 2333/1353/2359 2332/1352/2358
f  2396/1486/2422 2332/1352/2358 2331/1351/2357 2395/1488/2421
f  2396/1486/2422 2395/1488/2421 2390/1466/2416 2389/1465/2415
f  2396/1486/2422 2389/1465/2415 2388/1464/2414 2397/1487/2423
f  2398/1489/2424 2359/1490/2385 2351/1491/2377 2365/1492/2391
f  2398/1493/2424 2365/1397/2391 2333/1396/2359 2397/1494/2423
f  2398/1493/2424 2397/1494/2423 2388/1495/2414 2387/1496/2413
f  2398/1489/2424 2387/1473/2413 2360/1472/2386 2359/1490/2385
f  2399/1497/2425 2400/1498/2426 2344/1364/2370 2343/1363/2369
f  2399/1497/2425 2343/1363/2369 2342/1362/2368 2393/1499/2419
f  2399/1497/2425 2393/1499/2419 2385/1500/2411 2384/1457/2410
f  2399/1497/2425 2384/1457/2410 2383/1456/2409 2400/1498/2426
f  2401/1501/2427 2368/1502/2394 2322/1436/2348 2378/1435/2404
f  2401/1501/2427 2378/1435/2404 2344/1442/2370 2400/1503/2426
f  2401/1501/2427 2400/1503/2426 2383/1504/2409 2382/1505/2408
f  2401/1501/2427 2382/1505/2408 2369/1506/2395 2368/1502/2394
f  2402/1507/2428 2403/1508/2429 2404/1509/2430 2405/1510/2431
f  2402/1507/2428 2406/1511/2432 2407/1512/2433 2403/1508/2429
f  2402/1507/2428 2408/1513/2434 2409/1514/2435 2406/1511/2432
f  2402/1507/2428 2405/1510/2431 2410/1515/2436 2408/1513/2434
f  2411/1516/2437 2412/1517/2438 2413/1518/2439 2414/1519/2440
f  2411/1516/2437 2415/1520/2441 2416/1521/2442 2412/1517/2438
f  2411/1516/2437 2417/1522/2443 2418/1523/2444 2415/1520/2441
f  2411/1516/2437 2414/1519/2440 2419/1524/2445 2417/1522/2443
f  2420/1525/2446 2421/1526/2447 2422/1527/2448 2423/1528/2449
f  2420/1525/2446 2424/1529/2450 2425/1530/2451 2421/1526/2447
f  2420/1525/2446 2426/1531/2452 2427/1532/2453 2424/1529/2450
f  2420/1525/2446 2423/1528/2449 2428/1533/2454 2426/1531/2452
f  2429/1534/2455 2430/1535/2456 2431/1536/2457 2432/1537/2458
f  2429/1534/2455 2433/1538/2459 2434/1539/2460 2430/1535/2456
f  2429/1534/2455 2435/1540/2461 2436/1541/2462 2433/1538/2459
f  2429/1534/2455 2432/1537/2458 2437/1542/2463 2435/1540/2461
f  2438/1543/2464 2412/1544/2438 2416/1545/2442 2439/1546/2465
f  2438/1547/2464 2440/1548/2466 2413/1549/2439 2412/1550/2438
f  2438/1551/2464 2432/1552/2458 2431/1553/2457 2440/1554/2466
f  2438/1551/2464 2439/1555/2465 2437/1556/2463 2432/1552/2458
f  2441/1557/2467 2435/1540/2461 2437/1542/2463 2442/1558/2468
f  2441/1557/2467 2443/1559/2469 2436/1541/2462 2435/1540/2461
f  2441/1557/2467 2444/1560/2470 2445/1561/2471 2443/1559/2469
f  2441/1557/2467 2442/1558/2468 2446/1562/2472 2444/1560/2470
f  2447/1563/2473 2417/1564/2443 2419/1565/2445 2448/1566/2474
f  2447/1563/2473 2449/1567/2475 2418/1568/2444 2417/1564/2443
f  2447/1569/2473 2433/1570/2459 2436/1571/2462 2449/1572/2475
f  2447/1569/2473 2448/1573/2474 2434/1574/2460 2433/1570/2459
f  2450/1575/2476 2406/1511/2432 2409/1514/2435 2451/1576/2477
f  2450/1575/2476 2452/1577/2478 2407/1512/2433 2406/1511/2432
f  2450/1575/2476 2453/1578/2479 2454/1579/2480 2452/1577/2478
f  2450/1575/2476 2451/1576/2477 2455/1580/2481 2453/1578/2479
f  2456/1581/2482 2405/1582/2431 2404/1583/2430 2457/1584/2483
f  2456/1585/2482 2458/1586/2484 2410/1587/2436 2405/1588/2431
f  2456/1589/2482 2421/1526/2447 2425/1530/2451 2458/1590/2484
f  2456/1591/2482 2457/1592/2483 2422/1593/2448 2421/1594/2447
f  2459/1595/2485 2408/1596/2434 2410/1587/2436 2458/1586/2484
f  2459/1595/2485 2460/1597/2486 2409/1598/2435 2408/1596/2434
f  2459/1599/2485 2424/1600/2450 2427/1601/2453 2460/1602/2486
f  2459/1599/2485 2458/1603/2484 2425/1604/2451 2424/1600/2450
f  2461/1605/2487 2403/1606/2429 2407/1607/2433 2462/1608/2488
f  2461/1609/2487 2457/1584/2483 2404/1583/2430 2403/1610/2429
f  2461/1611/2487 2423/1612/2449 2422/1593/2448 2457/1592/2483
f  2461/1611/2487 2462/1613/2488 2428/1614/2454 2423/1612/2449
f  2463/1615/2489 2414/1616/2440 2413/1549/2439 2440/1548/2466
f  2463/1617/2489 2448/1566/2474 2419/1565/2445 2414/1618/2440
f  2463/1619/2489 2430/1535/2456 2434/1539/2460 2448/1620/2474
f  2463/1621/2489 2440/1554/2466 2431/1553/2457 2430/1622/2456
f  2464/1623/2490 2453/1578/2479 2455/1580/2481 2465/1624/2491
f  2464/1623/2490 2466/1625/2492 2454/1579/2480 2453/1578/2479
f  2464/1626/2490 2467/1627/2493 2468/1628/2494 2466/1629/2492
f  2464/1630/2490 2465/1631/2491 2469/1632/2495 2467/1633/2493
f  2470/1634/2496 2471/1635/2497 2472/1636/2498 2473/1637/2499
f  2470/1634/2496 2474/1638/2500 2475/1639/2501 2471/1635/2497
f  2470/1640/2496 2444/1641/2470 2446/1642/2472 2474/1643/2500
f  2470/1644/2496 2473/1645/2499 2445/1646/2471 2444/1647/2470
f  2476/1648/2502 2460/1602/2486 2427/1601/2453 2477/1649/2503
f  2476/1650/2502 2451/1651/2477 2409/1598/2435 2460/1597/2486
f  2476/1650/2502 2465/1652/2491 2455/1653/2481 2451/1651/2477
f  2476/1648/2502 2477/1649/2503 2469/1632/2495 2465/1631/2491
f  2478/1654/2504 2439/1546/2465 2416/1545/2442 2479/1655/2505
f  2478/1654/2504 2442/1656/2468 2437/1657/2463 2439/1546/2465
f  2478/1654/2504 2474/1658/2500 2446/1659/2472 2442/1656/2468
f  2478/1654/2504 2479/1655/2505 2475/1660/2501 2474/1658/2500
f  2480/1661/2506 2415/1520/2441 2418/1523/2444 2481/1662/2507
f  2480/1661/2506 2479/1663/2505 2416/1521/2442 2415/1520/2441
f  2480/1661/2506 2471/1635/2497 2475/1639/2501 2479/1663/2505
f  2480/1661/2506 2481/1662/2507 2472/1636/2498 2471/1635/2497
f  2482/1664/2508 2449/1572/2475 2436/1571/2462 2443/1665/2469
f  2482/1666/2508 2481/1667/2507 2418/1568/2444 2449/1567/2475
f  2482/1666/2508 2473/1668/2499 2472/1669/2498 2481/1667/2507
f  2482/1664/2508 2443/1665/2469 2445/1646/2471 2473/1645/2499
f  2483/1670/2509 2426/1531/2452 2428/1533/2454 2484/1671/2510
f  2483/1670/2509 2477/1672/2503 2427/1532/2453 2426/1531/2452
f  2483/1670/2509 2467/1673/2493 2469/1674/2495 2477/1672/2503
f  2483/1670/2509 2484/1671/2510 2468/1675/2494 2467/1673/2493
f  2485/1676/2511 2462/1608/2488 2407/1607/2433 2452/1677/2478
f  2485/1678/2511 2484/1679/2510 2428/1614/2454 2462/1613/2488
f  2485/1676/2511 2466/1680/2492 2468/1681/2494 2484/1682/2510
f  2485/1676/2511 2452/1677/2478 2454/1683/2480 2466/1680/2492
f  2486/1684/2512 2487/1685/2513 2488/1686/2514
f  2489/1687/2515 2490/1688/2516 2491/1689/2517
f  2492/1690/2518 2493/1691/2519 2494/1692/2520
f  2495/1693/2521 2496/1694/2522 2497/1695/2523 2498/1696/2524
f  2499/1697/2525 2500/1698/2526 2501/1699/2527
f  2502/1700/2528 2503/1701/2529 2504/1702/2530
f  2493/1703/2519 2505/1704/2531 2494/1705/2520
f  2500/1706/2526 2506/1707/2532 2501/1700/2527
f  2507/1708/2533 2508/1709/2534 2509/1710/2535
f  2508/1711/2534 2510/1712/2536 2509/1713/2535
f  2511/1714/2537 2512/1715/2538 2513/1716/2539 2514/1717/2540
f  2515/1718/2541 2516/1719/2542 2517/1720/2543
f  2487/1721/2513 2518/1722/2544 2488/1723/2514
f  2512/1724/2538 2511/1725/2537 2519/1726/2545
f  2520/1727/2546 2521/1695/2547 2522/1728/2548 2523/1729/2549
f  2516/1730/2542 2524/1731/2550 2517/1732/2543
f  2518/1733/2544 2525/1724/2551 2488/1734/2514
f  2526/1735/2552 2492/1736/2553 2527/1737/2554
f  2505/1738/2531 2528/1739/2555 2494/1740/2520
f  2503/1741/2529 2529/1742/2556 2504/1743/2530
f  2530/1744/2557 2531/1745/2558 2532/1746/2559
f  2492/1747/2553 2528/1748/2560 2527/1749/2554
f  2528/1750/2555 2492/1751/2518 2494/1752/2520
f  2490/1753/2516 2533/1754/2561 2491/1755/2517
f  2520/1756/2546 2523/1757/2549 2534/1758/2562
f  2529/1759/2556 2535/1760/2563 2504/1761/2530
f  2536/1762/2564 2537/1763/2565 2538/1764/2566 2539/1698/2567
f  2496/1765/2522 2495/1766/2521 2540/1767/2568
f  2523/1768/2549 2522/1769/2548 2534/1770/2562
f  2497/1771/2523 2496/1772/2522 2540/1773/2568
f  2533/1774/2561 2541/1775/2569 2491/1776/2517
f  2522/1777/2548 2521/1778/2547 2534/1779/2562
f  2536/1780/2564 2539/1781/2567 2542/1782/2570
f  2498/1783/2524 2497/1784/2523 2540/1785/2568
f  2531/1786/2558 2530/1787/2557 2543/1788/2571 2544/1789/2572
f  2521/1790/2547 2520/1791/2546 2534/1792/2562
f  2506/1793/2532 2545/1794/2573 2501/1717/2527
f  2539/1795/2567 2538/1796/2566 2542/1797/2570
f  2524/1798/2550 2546/1799/2574 2517/1800/2543
f  2510/1801/2536 2508/1802/2534 2507/1803/2533 2515/1804/2575
f  2495/1805/2521 2498/1806/2524 2540/1807/2568
f  2538/1808/2566 2537/1809/2565 2542/1810/2570
f  2526/1811/2552 2547/1812/2576 2528/1813/2560 2492/1814/2553
f  2545/1815/2573 2499/1816/2525 2501/1817/2527
f  2546/1818/2574 2515/1819/2541 2517/1766/2543
f  2531/1820/2558 2544/1821/2572 2532/1822/2559
f  2528/1823/2560 2547/1824/2576 2527/1825/2554
f  2537/1826/2565 2536/1827/2564 2542/1828/2570
f  2548/1829/2577 2549/1830/2578 2550/1831/2579 2551/1832/2580
f  2544/1833/2572 2543/1834/2571 2532/1835/2559
f  2547/1836/2576 2526/1837/2552 2527/1838/2554
f  2552/1839/2581 2553/1840/2582 2554/1841/2583
f  2510/1842/2536 2515/1843/2575 2509/1720/2535
f  2492/1839/2518 2528/1844/2555 2505/1845/2531 2493/1846/2519
f  2511/1847/2537 2514/1848/2540 2519/1849/2545
f  2550/1850/2579 2549/1851/2578 2555/1852/2584
f  2548/1853/2577 2551/1854/2580 2555/1855/2584
f  2556/1856/2585 2557/1857/2586 2554/1858/2583
f  2514/1785/2540 2513/1859/2539 2519/1860/2545
f  2506/1861/2532 2500/1862/2526 2499/1863/2525 2545/1864/2573
f  2515/1865/2575 2507/1866/2533 2509/1841/2535
f  2553/1867/2582 2556/1867/2585 2554/1776/2583
f  2551/1868/2580 2550/1869/2579 2555/1870/2584
f  2513/1871/2539 2512/1872/2538 2519/1873/2545
f  2549/1874/2578 2548/1875/2577 2555/1876/2584
f  2515/1877/2541 2546/1878/2574 2524/1879/2550 2516/1880/2542
f  2543/1881/2571 2530/1749/2557 2532/1882/2559
f  2557/1883/2586 2552/1884/2581 2554/1885/2583
f  2525/1810/2551 2518/1886/2544 2487/1887/2513 2486/1888/2512
f  2535/1849/2563 2502/1889/2528 2504/1729/2530
f  2525/1890/2551 2486/1891/2512 2488/1892/2514
f  2490/1893/2516 2489/1894/2515 2541/1895/2569 2533/1896/2561
f  2541/1897/2569 2489/1898/2515 2491/1899/2517
f  2552/1900/2581 2557/1901/2586 2556/1902/2585 2553/1902/2582
f  2535/1903/2563 2529/1782/2556 2503/1904/2529 2502/1905/2528
f  2558/1684/2587 2559/1686/2588 2560/1685/2589
f  2561/1687/2590 2562/1689/2591 2563/1688/2592
f  2564/1690/2593 2565/1692/2594 2566/1691/2595
f  2567/1693/2596 2568/1696/2597 2569/1695/2598 2570/1694/2599
f  2571/1697/2600 2572/1699/2601 2573/1698/2602
f  2574/1700/2603 2575/1702/2604 2576/1701/2605
f  2566/1703/2595 2565/1705/2594 2577/1704/2606
f  2573/1706/2602 2572/1700/2601 2578/1707/2607
f  2579/1708/2608 2580/1710/2609 2581/1709/2610
f  2581/1711/2610 2580/1713/2609 2582/1712/2611
f  2583/1714/2612 2584/1717/2613 2585/1716/2614 2586/1715/2615
f  2587/1718/2616 2588/1720/2617 2589/1719/2618
f  2560/1721/2589 2559/1723/2588 2590/1722/2619
f  2586/1724/2615 2591/1726/2620 2583/1725/2612
f  2592/1727/2621 2593/1729/2622 2594/1728/2623 2595/1695/2624
f  2589/1730/2618 2588/1732/2617 2596/1731/2625
f  2590/1733/2619 2559/1734/2588 2597/1724/2626
f  2598/1735/2627 2599/1737/2628 2564/1736/2629
f  2577/1738/2606 2565/1740/2594 2600/1739/2630
f  2576/1741/2605 2575/1743/2604 2601/1742/2631
f  2602/1744/2632 2603/1746/2633 2604/1745/2634
f  2564/1747/2629 2599/1749/2628 2600/1748/2635
f  2600/1750/2630 2565/1752/2594 2564/1751/2593
f  2563/1753/2592 2562/1755/2591 2605/1754/2636
f  2592/1756/2621 2606/1758/2637 2593/1757/2622
f  2601/1759/2631 2575/1761/2604 2607/1760/2638
f  2608/1762/2639 2609/1698/2640 2610/1764/2641 2611/1763/2642
f  2570/1765/2599 2612/1767/2643 2567/1766/2596
f  2593/1768/2622 2606/1770/2637 2594/1769/2623
f  2569/1771/2598 2612/1773/2643 2570/1772/2599
f  2605/1774/2636 2562/1776/2591 2613/1775/2644
f  2594/1777/2623 2606/1779/2637 2595/1778/2624
f  2608/1780/2639 2614/1782/2645 2609/1781/2640
f  2568/1783/2597 2612/1785/2643 2569/1784/2598
f  2604/1786/2634 2615/1789/2646 2616/1788/2647 2602/1787/2632
f  2595/1790/2624 2606/1792/2637 2592/1791/2621
f  2578/1793/2607 2572/1717/2601 2617/1794/2648
f  2609/1795/2640 2614/1797/2645 2610/1796/2641
f  2596/1798/2625 2588/1800/2617 2618/1799/2649
f  2582/1801/2611 2587/1804/2650 2579/1803/2608 2581/1802/2610
f  2567/1805/2596 2612/1807/2643 2568/1806/2597
f  2610/1808/2641 2614/1810/2645 2611/1809/2642
f  2598/1811/2627 2564/1814/2629 2600/1813/2635 2619/1812/2651
f  2617/1815/2648 2572/1817/2601 2571/1816/2600
f  2618/1818/2649 2588/1766/2617 2587/1819/2616
f  2604/1820/2634 2603/1822/2633 2615/1821/2646
f  2600/1823/2635 2599/1825/2628 2619/1824/2651
f  2611/1826/2642 2614/1828/2645 2608/1827/2639
f  2620/1829/2652 2621/1832/2653 2622/1831/2654 2623/1830/2655
f  2615/1833/2646 2603/1835/2633 2616/1834/2647
f  2619/1836/2651 2599/1838/2628 2598/1837/2627
f  2624/1839/2656 2554/1841/2657 2625/1840/2658
f  2582/1842/2611 2580/1720/2609 2587/1843/2650
f  2564/1839/2593 2566/1846/2595 2577/1845/2606 2600/1844/2630
f  2583/1847/2612 2591/1849/2620 2584/1848/2613
f  2622/1850/2654 2626/1852/2659 2623/1851/2655
f  2620/1853/2652 2626/1855/2659 2621/1854/2653
f  2627/1856/2660 2554/1858/2657 2628/1857/2661
f  2584/1785/2613 2591/1860/2620 2585/1859/2614
f  2578/1861/2607 2617/1864/2648 2571/1863/2600 2573/1862/2602
f  2587/1865/2650 2580/1841/2609 2579/1866/2608
f  2625/1867/2658 2554/1776/2657 2627/1867/2660
f  2621/1868/2653 2626/1870/2659 2622/1869/2654
f  2585/1871/2614 2591/1873/2620 2586/1872/2615
f  2623/1874/2655 2626/1876/2659 2620/1875/2652
f  2587/1877/2616 2589/1880/2618 2596/1879/2625 2618/1878/2649
f  2616/1881/2647 2603/1882/2633 2602/1749/2632
f  2628/1883/2661 2554/1885/2657 2624/1884/2656
f  2597/1810/2626 2558/1888/2587 2560/1887/2589 2590/1886/2619
f  2607/1849/2638 2575/1729/2604 2574/1889/2603
f  2597/1890/2626 2559/1892/2588 2558/1891/2587
f  2563/1893/2592 2605/1896/2636 2613/1895/2644 2561/1894/2590
f  2613/1897/2644 2562/1899/2591 2561/1898/2590
f  2624/1900/2656 2625/1902/2658 2627/1902/2660 2628/1901/2661
f  2607/1903/2638 2574/1905/2603 2576/1904/2605 2601/1782/2631
f  2286/1906/2662 2289/1907/2663 2629/1908/2664 2630/1909/2665
f  2202/1910/2666 2201/1911/2667 2631/1912/2668 2632/1913/2669
f  2201/1911/2667 1075/1914/2670 1075/1915/2670 2631/1912/2668
f  1177/1916/2671 1171/1917/2672 2629/1908/2664 2633/1918/2673
f  2297/1919/2674 2280/1920/2675 2634/1921/2676 2635/1922/2677
f  1154/1923/2678 1153/1924/2679 2636/1925/2680 2637/1926/2681
f  2283/1927/2682 2286/1906/2662 2630/1909/2665 2638/1928/2683
f  1165/1929/2684 1154/1923/2678 2637/1926/2681 2638/1928/2683
f  2274/1930/2685 2283/1927/2682 2638/1928/2683 2637/1926/2681
f  1179/1931/2686 1177/1916/2671 2633/1918/2673 2635/1922/2677
f  2296/1932/2687 2297/1919/2674 2635/1922/2677 2633/1918/2673
f  2279/1933/2688 2202/1910/2666 2632/1913/2669 2639/1934/2689
f  2289/1907/2663 2296/1932/2687 2633/1918/2673 2629/1908/2664
f  1162/1935/2690 1179/1931/2686 2635/1922/2677 2634/1921/2676
f  1153/1924/2679 1080/1335/2691 2317/1334/2692 2636/1925/2680
f  1075/1914/2670 1066/1936/2667 2631/1912/2668 1075/1915/2670
f  2273/1937/2693 2274/1930/2685 2637/1926/2681 2636/1925/2680
f  2210/1337/2694 2273/1937/2693 2636/1925/2680 2317/1334/2692
f  1161/1938/2695 1162/1935/2690 2634/1921/2676 2639/1934/2689
f  1169/1939/2696 1165/1929/2684 2638/1928/2683 2630/1909/2665
f  2280/1920/2675 2279/1933/2688 2639/1934/2689 2634/1921/2676
f  1069/1940/2697 1161/1938/2695 2639/1934/2689 2632/1913/2669
f  1171/1917/2672 1169/1939/2696 2630/1909/2665 2629/1908/2664
f  1066/1936/2667 1069/1940/2697 2632/1913/2669 2631/1912/2668
f  2291/1941/2698 2286/1942/2699 2630/1943/2700 2640/1944/2701
f  1164/1945/2702 1163/1946/2703 2641/1947/2704 2642/1948/2705
f  1070/1949/2706 1066/1950/2707 2631/1951/2708 2643/1952/2709
f  2273/1953/2710 2210/1337/2711 2317/1336/2712 2636/1954/2713
f  1165/1955/2714 1169/1956/2715 2630/1943/2700 2638/1957/2716
f  2286/1942/2699 2283/1958/2717 2638/1957/2716 2630/1943/2700
f  2299/1959/2718 2293/1960/2719 2644/1961/2720 2645/1962/2721
f  1181/1963/2718 1164/1945/2702 2642/1948/2705 2645/1962/2721
f  2282/1964/2702 2299/1959/2718 2645/1962/2721 2642/1948/2705
f  2283/1958/2717 2274/1965/2722 2637/1966/2723 2638/1957/2716
f  1169/1956/2715 1173/1967/2724 2640/1944/2701 2630/1943/2700
f  1153/1968/2725 1154/1969/2726 2637/1966/2723 2636/1954/2713
f  2281/1970/2703 2282/1964/2702 2642/1948/2705 2641/1947/2704
f  2274/1965/2722 2273/1953/2710 2636/1954/2713 2637/1966/2723
f  1163/1946/2703 1070/1949/2706 2643/1952/2709 2641/1947/2704
f  2207/1971/2706 2281/1970/2703 2641/1947/2704 2643/1952/2709
f  1080/1335/2727 1153/1968/2725 2636/1954/2713 2317/1336/2712
f  1173/1967/2724 1176/1972/2719 2644/1961/2720 2640/1944/2701
f  2293/1960/2719 2291/1941/2698 2640/1944/2701 2644/1961/2720
f  1066/1950/2707 1074/1973/2728 1074/1974/2728 2631/1951/2708
f  1176/1972/2719 1181/1963/2718 2645/1962/2721 2644/1961/2720
f  1074/1973/2728 2201/1975/2707 2631/1951/2708 1074/1974/2728
f  2201/1975/2707 2207/1971/2706 2643/1952/2709 2631/1951/2708
f  1154/1969/2726 1165/1955/2714 2638/1957/2716 2637/1966/2723

