# File produced by Open Asset Import Library (http://www.assimp.sf.net)
# (assimp v5.3.0)

mtllib nightmare_03.mtl

# 1102 vertex positions
v 10.2172794 49.9586029 -9.81002808
v 8.60728645 50.2276192 -12.7370872
v 13.3619547 56.2829857 -15.7413464
v 15.9799519 56.0654182 -11.5029621
v 10.2191505 49.9586029 -3.6542182
v 15.9792242 56.0654182 -2.246315
v 13.3563042 56.2829895 1.96537256
v 8.60956287 50.2276192 -0.7447896
v 4.58056355 47.9770432 -3.30249095
v 4.61051464 47.5116882 -4.94386578
v 4.60986519 47.5116882 -8.40009785
v 4.57980061 47.9770432 -10.0595741
v 19.7859936 66.7086639 -1.9436121
v 16.5070419 66.7325058 3.19654036
v 19.819212 66.7142639 -13.3415136
v 16.5662117 66.7326584 -18.536911
v 21.2659664 72.7459412 -14.3063641
v 17.6801567 72.6717377 -19.8826923
v 18.2432289 78.7850876 -20.4722023
v 21.8747616 78.9314194 -14.8451595
v 21.2394657 72.8056335 -1.96151209
v 21.857399 78.99263 -2.36561155
v 18.2080688 78.9530563 3.24288702
v 17.6302795 72.8079834 3.57851553
v 8.9435339 78.7674637 -22.5044403
v 8.56661224 84.1262436 -21.4888248
v 14.4325914 82.4953918 -26.3186264
v 6.6001358 95.3229675 -16.8604832
v 5.79202747 100.988228 -16.3351116
v 11.8147192 101.085373 -15.2813797
v 13.46311 95.4216003 -15.7628517
v 8.09239197 66.7326965 5.04049349
v 6.54777908 56.290947 3.45252752
v 8.64304352 72.8254547 5.5406518
v 8.92629623 78.9653854 5.24286985
v 8.66749287 72.6689529 -21.8842525
v 8.12139511 66.7327728 -20.4199963
v 6.55054474 56.2909431 -17.2423954
v 2.25993395 47.0948257 -8.45049667
v 2.24519372 47.6220627 -10.157589
v 2.26024985 47.0948257 -4.89810991
v 2.24556923 47.6220627 -3.21675277
v 2.90575624 133.53746 -16.2176399
v 5.92722893 133.482849 -15.4544888
v 5.89312935 132.691895 -21.4187908
v 4.21962738 50.3122253 -13.6960526
v 4.22074223 50.3122253 0.19564724
v 20.8407288 86.2190628 -3.84669948
v 17.4598694 84.5901642 2.60657358
v 21.1404495 86.4300156 -13.0655947
v 17.474371 84.1753387 -19.636076
v 16.4854698 94.576416 -11.3207712
v 14.1791162 101.376472 -11.7578983
v 16.4900665 94.8427734 -4.94357204
v 14.170867 101.867386 -3.91169763
v 11.7924805 102.038834 -0.377136707
v 13.4574776 96.1043854 -0.401594162
v 8.55950165 84.6175537 4.44181967
v 6.59737587 96.1265945 0.691775322
v 5.78112602 102.090027 0.668510914
v 8.82639313 115.479729 -16.3776016
v 4.32703495 115.446556 -17.2822456
v 6.70078993 120.815338 -20.852108
v 2.36908197 140.983398 -13.7199049
v 2.03193426 149.665253 -11.1057701
v 4.14478207 149.62355 -10.5883436
v 4.8325119 140.937943 -13.1136332
v 4.81293201 108.913475 -2.14966583
v 9.81753445 108.904205 -2.88979769
v 3.38048339 122.576202 -5.32811546
v 6.89559555 122.607437 -5.7826848
v 6.50640106 129.260452 -4.19550085
v 3.18968892 129.229156 -3.34770703
v 6.38734102 129.728394 -16.1203594
v 3.13132405 129.782913 -16.8968925
v 3.3623755 122.59684 -14.8128204
v 6.85865307 122.585678 -14.3763695
v 11.5597725 108.804512 -5.7403574
v 11.5692673 108.490326 -11.9767818
v 9.82719612 108.319122 -14.827383
v 7.92658901 122.608994 -12.2958908
v 7.69379139 130.505219 -12.3645744
v 7.94571018 122.628143 -7.89078522
v 7.74451494 130.333145 -7.74644184
v 2.22178698 156.584106 -10.573081
v 2.22219229 161.819824 -10.7119341
v 4.53287363 161.841309 -10.4963245
v 4.53205109 156.58255 -10.3582535
v 7.38406754 133.013672 -6.53995466
v 6.03940487 132.832779 -3.60890841
v 7.31809711 133.338562 -12.6204147
v 5.90341663 140.732132 -10.7750034
v 5.03466129 149.419769 -8.54779911
v 5.95527887 140.270081 -5.84283495
v 5.03361797 148.995773 -4.40594435
v 4.13847542 148.783112 -2.35776138
v 4.91178608 140.034409 -3.44625425
v 2.96074748 132.784744 -2.77581453
v 2.4079442 139.96109 -2.78460121
v 2.02884078 148.73085 -1.84033203
v 5.11493111 156.379089 -3.60037065
v 4.50102711 156.308655 -1.31719637
v 5.12902164 156.513718 -8.07185173
v 5.13328314 161.958618 -8.19557953
v 5.11991405 162.195526 -3.77583575
v 4.50078869 162.313004 -1.47516727
v 2.20657587 156.312714 -1.10822248
v 2.20646262 162.334427 -1.26858282
v 2.35595107 177.28244 -11.8019161
v 2.00307965 179.904541 -11.4968319
v 4.08593416 179.724991 -11.0961351
v 4.80571985 177.335129 -11.5702963
v 2.3466289 178.114777 -2.35223913
v 4.78671169 178.119629 -2.58308363
v 4.08327007 180.43396 -3.53088737
v 2.00178027 180.689606 -3.17368984
v 2.20733285 166.363647 -1.73838997
v 4.50256443 166.3685 -1.96891832
v 2.24096179 180.502457 -9.41862679
v 4.57116985 180.251923 -9.22659397
v 13.916749 68.3085327 -25.3837509
v 2.2403717 180.888062 -5.32790041
v 4.56996536 180.603973 -5.46679878
v 5.11599159 166.186188 -4.2554245
v 5.12302494 165.798279 -8.67815399
v 4.52156639 165.584015 -10.956131
v 5.29798269 165.96225 -6.46297455
v 5.12302494 171.265213 -9.1519022
v 5.29798269 171.429184 -6.93672514
v 5.11599159 171.653107 -4.72917175
v 6.53017759 140.488342 -8.33018494
v 5.54506207 149.208221 -6.47728014
v 11.8632021 115.685638 -9.69261456
v 8.63442993 122.61721 -10.0919495
v 10.6764908 115.820229 -6.21244812
v 22.0076084 66.7324829 -7.63584995
v 23.5926743 72.7241211 -8.12021637
v 5.30194044 156.451996 -5.83622456
v 5.30195808 162.076965 -5.98751068
v 4.50256443 171.835419 -2.44266605
v 2.21664906 165.531311 -11.1880665
v 0 165.480621 -11.4111195
v 0 170.94754 -11.8847027
v 2.21664906 170.99823 -11.6617298
v 12.7731142 108.63414 -8.85372829
v 10.6673422 115.604874 -13.1696968
v 8.85247612 115.866074 -2.99149966
v 4.81767082 108.274284 -15.5712681
v 4.33982611 115.862144 -2.08111906
v 7.90303946 90.2771835 3.5469451
v 16.1208096 90.2405243 1.93089437
v 19.4894257 90.3423843 -2.86358356
v 19.4893894 90.0351868 -13.5375748
v 16.1276817 89.569809 -18.3149433
v 7.90641308 89.4861221 -19.9388809
v 9.14950943 50.2580872 -19.3594532
v 8.65649605 129.51532 -10.2309837
v 15.8140602 101.578018 -7.81718159
v 17.5662346 95.7764893 -8.08097649
v 23.0044193 84.2045441 -8.19529629
v 24.2627563 78.8695374 -8.5875349
v 2.23811865 46.7878265 -6.66437578
v 4.56536388 47.2504044 -6.66436243
v 17.8026028 56.2810822 -6.8802309
v 11.4811716 50.2161522 -6.73288155
v 2.20733285 171.830566 -2.21205425
v 4.52156639 171.050934 -11.4298782
v 5.58213615 177.713379 -7.07714272
v 5.40013885 177.937317 -4.86959267
v 5.4071784 177.549423 -9.2923193
v 0 177.23175 -12.0246649
v 2.38468647 180.760376 -7.3805871
v 4.86434078 180.54007 -7.35867977
v 7.50034428 136.831207 -8.96908283
v 6.87938309 136.091583 -11.3004265
v 6.92638159 135.774994 -6.90593052
v 2.71322727 136.341965 -2.40966415
v 5.53450584 136.406891 -3.20196414
v 5.43319607 137.237106 -14.6095495
v 3.91178131 163.012268 -16.2782803
v 2.66356468 137.290161 -15.3354244
v 35.6518822 78.2894058 -12.9993649
v 34.4472961 77.6274719 -19.0849895
v 33.0600929 86.0168381 -18.3839855
v 33.8054352 86.967453 -12.8555336
v 33.2014503 86.0446243 -7.74576092
v 34.695816 77.6310349 -7.18265057
v 33.5188942 65.8305054 -2.95498681
v 34.569828 66.2244949 -10.1019382
v 33.0387039 65.8305054 -17.8788376
v 28.0791168 87.5979538 -5.03973722
v 26.2120419 84.1728592 -7.20375776
v 27.837801 81.0897751 -7.75221825
v 30.7281322 83.5609894 -5.87581062
v 29.5768261 91.013176 -6.40941668
v 26.6878242 80.1628723 -32.7890663
v 27.4768295 80.7309265 -32.6827736
v 26.2770596 72.8059616 -37.0446396
v 27.9203587 75.6097641 -32.2820587
v 26.7185326 75.7227631 -31.8633652
v 25.5550327 82.9495544 -12.0814075
v 26.7164879 80.1787643 -12.7181931
v 26.2270145 84.0857162 -17.0496655
v 27.8117409 81.0683746 -18.1723766
v 30.0540028 92.2141037 -10.76614
v 29.4880562 90.9151382 -15.7875423
v 24.4943314 55.6305809 2.6531806
v 30.4805031 55.662468 0.492213726
v 27.0548458 64.6485291 -0.651266575
v 20.6407242 63.4665527 -2.93833852
v 18.78969 55.5987053 0.182817936
v 18.0333862 48.4764977 1.43900824
v 22.45825 47.6289177 3.59352827
v 27.0840473 46.7813416 1.96490049
v 24.7338715 73.4872589 -12.512579
v 26.4294319 74.1407547 -6.96998072
v 26.2919483 74.1967926 -18.4261112
v 20.3953915 63.4665489 -17.7633839
v 18.5106449 63.0725555 -10.3804197
v 30.7619686 75.8831635 -5.00088501
v 26.4403877 77.3824921 -32.1266556
v 26.256382 78.8961487 -32.3852463
v 28.5771313 79.2911072 -32.8810501
v 28.9355812 76.9129257 -32.6084785
v 30.570776 76.4664078 -21.2493591
v 26.8346958 64.6485214 -20.5191288
v 25.0369377 40.2603874 -3.84821773
v 23.9351044 40.574337 -7.86025715
v 27.0722218 46.7813416 -9.56472778
v 28.6528168 46.4988136 -3.7422924
v 23.9358597 40.5743256 0.0869970322
v 21.7234612 35.5218544 -2.22746801
v 22.5614243 35.2436943 -5.013762
v 21.7082329 35.5218544 -7.81926012
v 24.3706341 55.6305771 -16.0235424
v 18.6233463 55.5987015 -13.7092609
v 21.9189529 30.104351 -8.74008846
v 22.5535984 24.984787 -9.41526508
v 23.5149212 24.6747742 -14.0099144
v 23.0667896 28.2897835 -13.5331602
v 30.1024265 55.662468 -13.6343193
v 22.3558598 47.6289177 -11.5390806
v 17.8128414 48.4764977 -9.73027992
v 32.3241463 55.6731033 -6.53264332
v 16.8020554 55.5880699 -6.78228855
v 16.3870163 48.7590218 -4.20325708
v 23.0031433 29.7345734 -5.4022789
v 21.9076157 30.104351 -2.06446886
v 22.505497 24.984787 -1.38929033
v 23.8680782 24.5402222 -5.40228081
v 16.2553844 42.771904 -4.15552807
v 17.4303703 42.4579659 -0.263600349
v 17.2416515 42.4579659 -7.97062731
v 16.5779648 37.1908684 -7.84684563
v 15.7968102 37.4690323 -5.09058094
v 16.7068119 37.1908684 -2.31511116
v 20.6908531 41.5161514 1.21622181
v 19.2271404 36.356369 -1.34432983
v 20.5714111 41.5161514 -9.21996403
v 25.3948746 40.3760834 -12.8695068
v 27.6100521 44.7589645 -14.0730658
v 19.131094 36.356369 -8.76001263
v 18.245327 21.9013329 -1.08886766
v 21.5342999 20.8261642 -2.16722584
v 18.5009899 26.3184891 -0.0516200066
v 14.5029726 27.6522026 -1.38927317
v 14.9731817 22.9764824 -2.16721153
v 15.3606176 18.1536331 -3.16319275
v 17.7465267 17.5159073 -2.38695812
v 20.1526814 16.8781891 -3.16320443
v 14.2842712 32.6927299 -5.4022584
v 15.4083252 32.3229675 -2.06445169
v 15.339941 32.3229675 -8.74007034
v 14.4938231 27.6522026 -9.41524506
v 13.1598711 28.0967598 -5.40225506
v 18.6627331 31.2136536 -0.951859474
v 18.6246929 31.2136536 -9.85268116
v 31.2494106 55.8256035 -19.1413708
v 33.3227615 63.0054398 -22.138504
v 18.5269585 26.3185005 -10.7529182
v 18.3126507 21.9013329 -9.71566582
v 15.0099697 22.9764824 -8.63730812
v 21.5984993 20.8261719 -8.63732243
v 23.0197067 41.0411148 -13.8296223
v 17.8275166 17.5159073 -8.5968895
v 15.4195786 18.1536331 -7.82064295
v 22.6622047 20.4677811 -5.40227747
v 20.9829216 16.6656265 -5.49193096
v 20.2152023 16.8781891 -7.82065201
v 13.8957682 23.3348732 -5.40225697
v 14.5911217 18.3662033 -5.49191666
v 16.9172935 12.7160187 -9.25255775
v 14.2538605 13.0414505 -8.37963581
v 19.5652428 12.3906021 -8.37964725
v 19.9685268 7.46682739 -9.44562817
v 16.1693459 7.61617279 -10.7137079
v 12.3621702 7.76551056 -9.44560719
v 23.5978432 2.17014313 -4.56546688
v 23.0363731 2.18243408 -11.4420042
v 21.2234726 7.41704559 -5.64135838
v 19.9433632 7.46682739 -1.83708525
v 23.0224438 2.18243408 2.31107283
v 24.4614487 -2.25539398 4.69678831
v 25.6597691 -2.80168915 -3.13938332
v 24.4635277 -2.25537872 -11.2768097
v 16.1710625 2.33086395 -12.0113831
v 9.30473232 2.47930145 -11.4419689
v 16.5165844 -2.60427094 -12.2858715
v 8.496171 -1.91060638 -11.2767677
v 16.8553772 12.7160187 -2.2692318
v 19.5193119 12.3906021 -3.14215422
v 14.206934 13.0414505 -3.14213967
v 12.339324 7.76551056 -1.83706808
v 16.1373444 7.61617279 -0.568984985
v 16.5476074 -3.04717255 -3.01137638
v 16.5155354 -2.60427094 6.00715494
v 8.49452591 -1.91060638 4.69682741
v 7.37234354 -2.40684509 -3.13933563
v 13.3450804 13.1499176 -5.76088476
v 11.0832157 7.8152771 -5.64133453
v 8.73106766 2.49158478 -4.56543159
v 9.29427719 2.47930145 2.3111062
v 20.4275913 12.282135 -5.7609024
v 16.1578541 2.33086395 2.88048506
v 25.1006908 95.2658539 -8.77480984
v 24.6426525 93.9888763 -13.1069975
v 24.6859665 94.1422272 -5.00870514
v 24.3718796 85.7058487 -15.3888187
v 24.4327316 84.5141373 -10.8314219
v 24.3239822 85.7825165 -5.92142057
v 24.7667427 89.8205872 -15.8481312
v 28.0278988 87.4865723 -18.5515499
v 24.7714825 89.975235 -3.94857621
v 17.2127304 144.995026 -19.5989246
v 16.8511868 144.051605 -25.1146679
v 11.9609776 139.459213 -19.4333515
v 12.0056744 140.357056 -15.5363274
v 12.1983109 139.092941 -11.7537136
v 17.5743885 143.145126 -14.2096796
v 24.18223 145.581665 -13.8934622
v 24.4643326 147.56076 -19.9057503
v 24.2045231 145.632843 -25.9180393
v 13.1723289 131.975327 -11.7201166
v 12.6064186 135.580154 -10.5965462
v 12.6499119 136.268585 -20.6020031
v 13.4182692 132.338638 -19.3350906
v 13.493371 130.880661 -15.4407406
v 29.0127335 139.667587 -9.39637756
v 30.1293068 144.438324 -11.0309105
v 23.3695202 139.714584 -11.884758
v 22.6182766 133.548492 -13.7182846
v 27.9184284 134.961548 -11.0309086
v 33.2837753 135.610626 -8.09134197
v 34.2336006 138.652542 -6.99827385
v 35.2168274 141.791504 -8.09134293
v 17.759079 131.021225 -19.1048183
v 17.7699738 132.495804 -13.8001966
v 17.5458069 134.013214 -24.4214764
v 22.5334949 134.14624 -25.809
v 22.3315353 131.683319 -19.762888
v 17.833292 137.860748 -12.2961636
v 12.0311203 137.4431 -32.37883
v 10.6853065 137.585999 -31.5366344
v 9.6876564 137.153961 -37.2806778
v 13.2968187 140.717117 -34.0520554
v 13.8045969 139.472549 -33.9917259
v 10.0802364 138.4823 -31.6378727
v 10.2936563 139.672882 -32.230896
v 11.6820927 140.604218 -33.4289017
v 40.0010414 140.371277 -9.7363596
v 39.813118 139.665024 -12.2848511
v 35.3506393 142.098557 -14.6497517
v 35.6115112 142.977829 -11.3705492
v 39.7239075 139.460327 -7.1878643
v 43.8023071 138.05069 -7.00729752
v 43.968647 138.926178 -9.60938072
v 43.8246078 138.101868 -12.2114601
v 29.1017952 139.926346 -22.4726353
v 27.9628105 135.144989 -20.8381023
v 23.2847748 140.164246 -27.8828716
v 30.2185116 144.643036 -20.8381042
v 34.3671989 139.04068 -15.7428188
v 33.3503532 135.885773 -14.6497517
v 30.5461235 146.121918 -15.9345074
v 27.5684052 133.472015 -15.9345055
v 32.9892883 134.715393 -11.3705444
v 47.7682877 139.266388 -9.56705475
v 47.6037636 138.168457 -12.8976307
v 47.6037674 138.168457 -6.23647833
v 50.9685745 138.270859 -5.83264828
v 51.1414528 139.473755 -9.56705475
v 50.9588776 138.266785 -13.3014641
v 38.1408348 133.902374 -9.73635483
v 38.3511734 134.619278 -7.18786049
v 38.3955536 134.802719 -12.2848501
v 42.8878365 132.999756 -12.2114582
v 42.7270966 132.126923 -9.60937595
v 42.8767433 132.953903 -7.00729704
v 39.0264053 137.007446 -6.33836365
v 43.3367424 135.494202 -6.13993645
v 39.1154709 137.26622 -13.1343517
v 43.3590126 135.558899 -13.0788202
v 53.3953247 134.276642 -5.81504917
v 53.7370148 136.815063 -6.7530508
v 50.4339981 134.638809 -4.58784342
v 49.8976936 131.014343 -5.83264399
v 53.0467377 131.768555 -6.75304985
v 56.931282 131.543091 -7.06550455
v 57.1339111 133.823486 -5.97587109
v 57.3553085 136.11496 -7.04445076
v 46.4521103 130.482925 -9.56705093
v 46.6166382 131.580856 -6.23647451
v 46.6166382 131.580856 -12.8976288
v 49.8970337 131.06395 -13.3014641
v 49.7196312 129.834198 -9.56705379
v 47.1102066 134.874649 -5.1262846
v 47.110199 134.874649 -14.0078239
v 47.6076889 136.106766 -18.1235619
v 47.478981 134.905533 -18.2050056
v 47.2502289 133.718399 -18.1208916
v 60.4498367 135.984955 -9.51016712
v 60.3080025 135.362335 -11.3893023
v 57.2285233 136.037842 -12.0245819
v 57.3095093 136.790878 -9.58925819
v 60.7092857 135.470703 -7.48946619
v 63.9241829 135.23819 -7.14442444
v 63.4364624 135.998688 -9.18123627
v 63.0945435 135.382355 -11.1170235
v 53.3677177 134.39801 -13.319067
v 53.0441055 131.966965 -12.3810616
v 50.4270859 134.669159 -14.5462685
v 53.6982346 136.798737 -12.3810654
v 57.0280533 134.006302 -13.0516319
v 56.8420525 131.904602 -12.0769329
v 53.8296623 137.630096 -9.56705761
v 52.9333839 131.044556 -9.56705666
v 56.7724876 131.010498 -9.64568329
v 60.4824905 131.1474 -9.49931526
v 60.731411 131.620834 -7.49229288
v 60.3065414 131.810547 -11.4149342
v 63.2119904 131.249985 -10.9568348
v 63.6785431 130.799026 -9.11536121
v 64.1311417 131.520325 -7.22927237
v 60.8079987 133.528839 -6.57288361
v 64.1943817 133.329193 -6.46073341
v 60.2924271 133.597046 -12.2678175
v 63.0939674 133.2677 -12.037529
v 74.0924072 134.242325 -10.9798145
v 74.2183685 135.573578 -10.3971138
v 79.7387543 135.015976 -10.0371599
v 79.5864182 134.077942 -10.4509573
v 68.5735855 133.689957 -11.5086718
v 68.6226273 135.41362 -10.7570686
v 65.8337708 133.478821 -11.7730999
v 65.8585892 135.39798 -10.9370461
v 74.4772263 135.967499 -9.1717186
v 74.7442551 135.485474 -7.88237238
v 80.1000977 134.902679 -8.25134659
v 79.9372559 135.271179 -9.16695976
v 68.9226685 135.948013 -9.17647743
v 69.3081589 135.360413 -7.51339817
v 66.1795654 135.973343 -9.17885685
v 66.6161728 135.299301 -7.3289113
v 74.7961349 134.274261 -7.44958115
v 74.6424179 133.143707 -7.93608284
v 79.9209747 133.237976 -8.28948879
v 80.0806503 134.034576 -7.94400501
v 69.4776993 133.813828 -6.95515728
v 69.3750381 132.344131 -7.58267784
v 66.8360443 133.571503 -6.70794535
v 66.7530899 131.93222 -7.40597534
v 74.3123627 132.69928 -9.13001823
v 79.6679153 132.951508 -9.13734722
v 68.9879303 131.733734 -9.1226902
v 66.3332367 131.266388 -9.11902618
v 74.046608 132.972702 -10.2957115
v 79.4936218 133.175934 -9.96514988
v 68.6224213 132.054993 -10.6262732
v 65.9172058 131.652496 -10.7915535
v 85.0046844 132.487396 -9.14467621
v 84.9057083 132.629669 -9.63458824
v 91.2572021 131.859497 -9.15530205
v 85.2929077 133.633972 -8.62032032
v 85.2668228 133.12027 -8.43842888
v 85.0839233 133.714966 -9.67720509
v 85.2043839 133.858627 -9.16220093
v 84.9768829 133.162659 -9.92210007
v 85.1590729 132.650726 -8.64289379
v 30.552906 82.2657242 -25.2374496
v 28.7241154 84.3665009 -23.9891987
v 27.4394684 83.6097946 -24.8992252
v 26.6230755 81.7099075 -24.8397255
v 29.2734318 77.0767593 -26.52034
v 31.1068306 78.6041107 -26.0123234
v 26.9621792 79.461647 -25.2289143
v 27.1900291 76.7318954 -25.4699802
v 13.3707886 138.049438 -33.2171173
v 17.2066383 137.54126 -29.1724644
v 17.997324 140.312836 -30.3235569
v 14.73242 136.581604 -27.8565769
v 11.7406788 140.399567 -26.6383801
v 11.4887772 138.205429 -26.0717163
v 17.450922 142.685318 -29.9689484
v 14.2749605 142.412643 -28.9286823
v 12.4122028 136.459045 -25.9824619
v 21.5940781 16.3423691 -12.5907497
v 19.908083 16.7926788 -13.1388664
v 22.6193848 12.4919662 -18.4051571
v 20.2506485 19.8893051 -13.9288559
v 22.5708485 19.1301117 -13.1674175
v 24.4695835 24.3161163 -19.2733707
v 20.6716366 25.6165276 -14.9544582
v 20.7406464 29.073082 -14.3187819
v 28.9419956 62.1708298 -24.0028629
v 27.202076 55.8030853 -20.8284473
v 24.2797432 45.3574562 -15.4671955
v 32.79422 52.2749901 -25.7604618
v 26.9476891 36.4646797 -18.8475494
v 45.4392509 135.011887 -21.3567181
v 48.4340782 133.531769 -18.3020859
v 48.6821785 134.830933 -18.3959045
v 48.8187141 136.143158 -18.3042202
v 0 137.341202 -16.0334988
v 0 133.589966 -16.9515648
v 0 141.0271 -14.3029575
v 0 136.279526 -1.64770651
v 0 132.738556 -1.97462559
v 0 139.89061 -2.14828825
v 0 180.97226 -7.4016552
v 0 180.743393 -9.60330391
v 0 181.161255 -5.19432211
v 5.10860682 141.321381 -19.0752831
v 0 171.825897 -1.99027252
v 0 178.110107 -2.13023424
v 0 46.3429604 -6.66438913
v 0 46.6939354 -8.49896622
v 0 166.358978 -1.51668882
v 0 46.6939354 -4.8541069
v 0 66.7328873 6.81382704
v 0 72.8422546 7.4276433
v 0 66.7328796 -22.2309608
v 0 72.666275 -23.8091602
v 0 89.405632 -21.5006237
v 0 84.0790253 -23.2706146
v 0 90.3124466 5.10110426
v 0 84.643898 6.20678091
v 0 95.2281113 -17.9160786
v 0 96.1479568 1.74327326
v 0 115.858368 -1.2056036
v 0 122.546143 -4.89095497
v 0 115.41465 -18.1522427
v 0 122.607574 -15.2325554
v 0 108.922386 -1.43787909
v 0 108.231163 -16.2866611
v 0 180.93544 -2.83017182
v 0 161.799179 -10.9192848
v 0 180.07724 -11.8821831
v 0 162.355026 -1.06990957
v 0 156.31662 -0.907250404
v 0 148.680603 -1.34271812
v 0 129.199066 -2.53238153
v 0 156.585602 -10.7796822
v 0 149.705353 -11.6033802
v 0 129.835358 -17.6436863
v 0 100.894806 -17.3484879
v 0 102.139252 1.6741128
v 0 78.9772339 7.16625834
v 0 50.3935966 1.10006905
v 0 47.2806702 -3.13429832
v 0 56.2986069 4.8827281
v 0 50.3935966 -14.6182928
v 0 47.2806702 -10.2518501
v 0 56.2986031 -18.685957
v 0 78.7505264 -24.4588451
v 8.93514729 105.297844 -20.9066696
v 4.13391018 153.374756 -16.08498
v 11.8572893 95.0405655 -22.5094929
v 4.01235199 174.026215 -17.0969868
v -10.2172794 49.9586029 -9.81002808
v -15.9799519 56.0654182 -11.5029621
v -13.3619547 56.2829857 -15.7413464
v -8.60728645 50.2276192 -12.7370872
v -10.2191505 49.9586029 -3.6542182
v -8.60956287 50.2276192 -0.7447896
v -13.3563042 56.2829895 1.96537256
v -15.9792242 56.0654182 -2.246315
v -4.61051464 47.5116882 -4.94386578
v -4.58056355 47.9770432 -3.30249095
v -4.57980061 47.9770432 -10.0595741
v -4.60986519 47.5116882 -8.40009785
v -19.7859936 66.7086639 -1.9436121
v -16.5070419 66.7325058 3.19654036
v -19.819212 66.7142639 -13.3415136
v -16.5662117 66.7326584 -18.536911
v -21.2659664 72.7459412 -14.3063641
v -21.8747616 78.9314194 -14.8451595
v -18.2432289 78.7850876 -20.4722023
v -17.6801567 72.6717377 -19.8826923
v -21.2394657 72.8056335 -1.96151209
v -17.6302795 72.8079834 3.57851553
v -18.2080688 78.9530563 3.24288702
v -21.857399 78.99263 -2.36561155
v -8.9435339 78.7674637 -22.5044403
v -14.4325914 82.4953918 -26.3186264
v -8.56661224 84.1262436 -21.4888248
v -6.6001358 95.3229675 -16.8604832
v -13.46311 95.4216003 -15.7628517
v -11.8147192 101.085373 -15.2813797
v -5.79202747 100.988228 -16.3351116
v -8.09239197 66.7326965 5.04049349
v -6.54777908 56.290947 3.45252752
v -8.64304352 72.8254547 5.5406518
v -8.92629623 78.9653854 5.24286985
v -8.66749287 72.6689529 -21.8842525
v -8.12139511 66.7327728 -20.4199963
v -6.55054474 56.2909431 -17.2423954
v -2.25993395 47.0948257 -8.45049667
v -2.24519372 47.6220627 -10.157589
v -2.26024985 47.0948257 -4.89810991
v -2.24556923 47.6220627 -3.21675277
v -2.90575624 133.53746 -16.2176399
v -5.89312935 132.691895 -21.4187908
v -5.92722893 133.482849 -15.4544888
v -4.21962738 50.3122253 -13.6960526
v -4.22074223 50.3122253 0.19564724
v -20.8407288 86.2190628 -3.84669948
v -17.4598694 84.5901642 2.60657358
v -21.1404495 86.4300156 -13.0655947
v -17.474371 84.1753387 -19.636076
v -16.4854698 94.576416 -11.3207712
v -14.1791162 101.376472 -11.7578983
v -16.4900665 94.8427734 -4.94357204
v -13.4574776 96.1043854 -0.401594162
v -11.7924805 102.038834 -0.377136707
v -14.170867 101.867386 -3.91169763
v -8.55950165 84.6175537 4.44181967
v -6.59737587 96.1265945 0.691775322
v -5.78112602 102.090027 0.668510914
v -8.82639313 115.479729 -16.3776016
v -6.70078993 120.815338 -20.852108
v -4.32703495 115.446556 -17.2822456
v -2.36908197 140.983398 -13.7199049
v -4.8325119 140.937943 -13.1136332
v -4.14478207 149.62355 -10.5883436
v -2.03193426 149.665253 -11.1057701
v -4.81293201 108.913475 -2.14966583
v -9.81753445 108.904205 -2.88979769
v -3.38048339 122.576202 -5.32811546
v -3.18968892 129.229156 -3.34770703
v -6.50640106 129.260452 -4.19550085
v -6.89559555 122.607437 -5.7826848
v -6.38734102 129.728394 -16.1203594
v -3.13132405 129.782913 -16.8968925
v -3.3623755 122.59684 -14.8128204
v -6.85865307 122.585678 -14.3763695
v -11.5597725 108.804512 -5.7403574
v -11.5692673 108.490326 -11.9767818
v -9.82719612 108.319122 -14.827383
v -7.92658901 122.608994 -12.2958908
v -7.69379139 130.505219 -12.3645744
v -7.94571018 122.628143 -7.89078522
v -7.74451494 130.333145 -7.74644184
v -2.22178698 156.584106 -10.573081
v -4.53205109 156.58255 -10.3582535
v -4.53287363 161.841309 -10.4963245
v -2.22219229 161.819824 -10.7119341
v -7.38406754 133.013672 -6.53995466
v -6.03940487 132.832779 -3.60890841
v -7.31809711 133.338562 -12.6204147
v -5.90341663 140.732132 -10.7750034
v -5.03466129 149.419769 -8.54779911
v -5.95527887 140.270081 -5.84283495
v -4.91178608 140.034409 -3.44625425
v -4.13847542 148.783112 -2.35776138
v -5.03361797 148.995773 -4.40594435
v -2.96074748 132.784744 -2.77581453
v -2.4079442 139.96109 -2.78460121
v -2.02884078 148.73085 -1.84033203
v -5.11493111 156.379089 -3.60037065
v -4.50102711 156.308655 -1.31719637
v -5.12902164 156.513718 -8.07185173
v -5.13328314 161.958618 -8.19557953
v -4.50078869 162.313004 -1.47516727
v -5.11991405 162.195526 -3.77583575
v -2.20657587 156.312714 -1.10822248
v -2.20646262 162.334427 -1.26858282
v -2.35595107 177.28244 -11.8019161
v -4.80571985 177.335129 -11.5702963
v -4.08593416 179.724991 -11.0961351
v -2.00307965 179.904541 -11.4968319
v -2.3466289 178.114777 -2.35223913
v -2.00178027 180.689606 -3.17368984
v -4.08327007 180.43396 -3.53088737
v -4.78671169 178.119629 -2.58308363
v -2.20733285 166.363647 -1.73838997
v -4.50256443 166.3685 -1.96891832
v -2.24096179 180.502457 -9.41862679
v -4.57116985 180.251923 -9.22659397
v -13.916749 68.3085327 -25.3837509
v -2.2403717 180.888062 -5.32790041
v -4.56996536 180.603973 -5.46679878
v -5.11599159 166.186188 -4.2554245
v -5.12302494 165.798279 -8.67815399
v -4.52156639 165.584015 -10.956131
v -5.29798269 165.96225 -6.46297455
v -5.29798269 171.429184 -6.93672514
v -5.12302494 171.265213 -9.1519022
v -5.11599159 171.653107 -4.72917175
v -6.53017759 140.488342 -8.33018494
v -5.54506207 149.208221 -6.47728014
v -11.8632021 115.685638 -9.69261456
v -10.6764908 115.820229 -6.21244812
v -8.63442993 122.61721 -10.0919495
v -22.0076084 66.7324829 -7.63584995
v -23.5926743 72.7241211 -8.12021637
v -5.30194044 156.451996 -5.83622456
v -5.30195808 162.076965 -5.98751068
v -4.50256443 171.835419 -2.44266605
v -2.21664906 165.531311 -11.1880665
v -2.21664906 170.99823 -11.6617298
v -12.7731142 108.63414 -8.85372829
v -10.6673422 115.604874 -13.1696968
v -8.85247612 115.866074 -2.99149966
v -4.81767082 108.274284 -15.5712681
v -4.33982611 115.862144 -2.08111906
v -7.90303946 90.2771835 3.5469451
v -16.1208096 90.2405243 1.93089437
v -19.4894257 90.3423843 -2.86358356
v -19.4893894 90.0351868 -13.5375748
v -16.1276817 89.569809 -18.3149433
v -7.90641308 89.4861221 -19.9388809
v -9.14950943 50.2580872 -19.3594532
v -8.65649605 129.51532 -10.2309837
v -15.8140602 101.578018 -7.81718159
v -17.5662346 95.7764893 -8.08097649
v -23.0044193 84.2045441 -8.19529629
v -24.2627563 78.8695374 -8.5875349
v -2.23811865 46.7878265 -6.66437578
v -4.56536388 47.2504044 -6.66436243
v -17.8026028 56.2810822 -6.8802309
v -11.4811716 50.2161522 -6.73288155
v -2.20733285 171.830566 -2.21205425
v -4.52156639 171.050934 -11.4298782
v -5.40013885 177.937317 -4.86959267
v -5.58213615 177.713379 -7.07714272
v -5.4071784 177.549423 -9.2923193
v -2.38468647 180.760376 -7.3805871
v -4.86434078 180.54007 -7.35867977
v -6.87938309 136.091583 -11.3004265
v -7.50034428 136.831207 -8.96908283
v -6.92638159 135.774994 -6.90593052
v -5.53450584 136.406891 -3.20196414
v -2.71322727 136.341965 -2.40966415
v -5.43319607 137.237106 -14.6095495
v -3.91178131 163.012268 -16.2782803
v -2.66356468 137.290161 -15.3354244
v -35.6518822 78.2894058 -12.9993649
v -33.8054352 86.967453 -12.8555336
v -33.0600929 86.0168381 -18.3839855
v -34.4472961 77.6274719 -19.0849895
v -34.695816 77.6310349 -7.18265057
v -33.2014503 86.0446243 -7.74576092
v -34.569828 66.2244949 -10.1019382
v -33.5188942 65.8305054 -2.95498681
v -33.0387039 65.8305054 -17.8788376
v -28.0791168 87.5979538 -5.03973722
v -30.7281322 83.5609894 -5.87581062
v -27.837801 81.0897751 -7.75221825
v -26.2120419 84.1728592 -7.20375776
v -29.5768261 91.013176 -6.40941668
v -26.6878242 80.1628723 -32.7890663
v -26.2770596 72.8059616 -37.0446396
v -27.4768295 80.7309265 -32.6827736
v -27.9203587 75.6097641 -32.2820587
v -26.7185326 75.7227631 -31.8633652
v -25.5550327 82.9495544 -12.0814075
v -26.7164879 80.1787643 -12.7181931
v -27.8117409 81.0683746 -18.1723766
v -26.2270145 84.0857162 -17.0496655
v -30.0540028 92.2141037 -10.76614
v -29.4880562 90.9151382 -15.7875423
v -24.4943314 55.6305809 2.6531806
v -27.0548458 64.6485291 -0.651266575
v -30.4805031 55.662468 0.492213726
v -18.78969 55.5987053 0.182817936
v -20.6407242 63.4665527 -2.93833852
v -22.45825 47.6289177 3.59352827
v -18.0333862 48.4764977 1.43900824
v -27.0840473 46.7813416 1.96490049
v -24.7338715 73.4872589 -12.512579
v -26.4294319 74.1407547 -6.96998072
v -26.2919483 74.1967926 -18.4261112
v -18.5106449 63.0725555 -10.3804197
v -20.3953915 63.4665489 -17.7633839
v -30.7619686 75.8831635 -5.00088501
v -26.4403877 77.3824921 -32.1266556
v -26.256382 78.8961487 -32.3852463
v -28.5771313 79.2911072 -32.8810501
v -28.9355812 76.9129257 -32.6084785
v -30.570776 76.4664078 -21.2493591
v -26.8346958 64.6485214 -20.5191288
v -25.0369377 40.2603874 -3.84821773
v -28.6528168 46.4988136 -3.7422924
v -27.0722218 46.7813416 -9.56472778
v -23.9351044 40.574337 -7.86025715
v -23.9358597 40.5743256 0.0869970322
v -22.5614243 35.2436943 -5.013762
v -21.7234612 35.5218544 -2.22746801
v -21.7082329 35.5218544 -7.81926012
v -24.3706341 55.6305771 -16.0235424
v -18.6233463 55.5987015 -13.7092609
v -21.9189529 30.104351 -8.74008846
v -23.0667896 28.2897835 -13.5331602
v -23.5149212 24.6747742 -14.0099144
v -22.5535984 24.984787 -9.41526508
v -22.3558598 47.6289177 -11.5390806
v -30.1024265 55.662468 -13.6343193
v -17.8128414 48.4764977 -9.73027992
v -32.3241463 55.6731033 -6.53264332
v -16.8020554 55.5880699 -6.78228855
v -16.3870163 48.7590218 -4.20325708
v -23.0031433 29.7345734 -5.4022789
v -21.9076157 30.104351 -2.06446886
v -23.8680782 24.5402222 -5.40228081
v -22.505497 24.984787 -1.38929033
v -16.2553844 42.771904 -4.15552807
v -17.4303703 42.4579659 -0.263600349
v -17.2416515 42.4579659 -7.97062731
v -15.7968102 37.4690323 -5.09058094
v -16.5779648 37.1908684 -7.84684563
v -16.7068119 37.1908684 -2.31511116
v -20.6908531 41.5161514 1.21622181
v -19.2271404 36.356369 -1.34432983
v -20.5714111 41.5161514 -9.21996403
v -27.6100521 44.7589645 -14.0730658
v -25.3948746 40.3760834 -12.8695068
v -19.131094 36.356369 -8.76001263
v -18.245327 21.9013329 -1.08886766
v -18.5009899 26.3184891 -0.0516200066
v -21.5342999 20.8261642 -2.16722584
v -14.9731817 22.9764824 -2.16721153
v -14.5029726 27.6522026 -1.38927317
v -17.7465267 17.5159073 -2.38695812
v -15.3606176 18.1536331 -3.16319275
v -20.1526814 16.8781891 -3.16320443
v -14.2842712 32.6927299 -5.4022584
v -15.4083252 32.3229675 -2.06445169
v -15.339941 32.3229675 -8.74007034
v -13.1598711 28.0967598 -5.40225506
v -14.4938231 27.6522026 -9.41524506
v -18.6627331 31.2136536 -0.951859474
v -18.6246929 31.2136536 -9.85268116
v -33.3227615 63.0054398 -22.138504
v -31.2494106 55.8256035 -19.1413708
v -18.5269585 26.3185005 -10.7529182
v -18.3126507 21.9013329 -9.71566582
v -15.0099697 22.9764824 -8.63730812
v -21.5984993 20.8261719 -8.63732243
v -23.0197067 41.0411148 -13.8296223
v -15.4195786 18.1536331 -7.82064295
v -17.8275166 17.5159073 -8.5968895
v -22.6622047 20.4677811 -5.40227747
v -20.9829216 16.6656265 -5.49193096
v -20.2152023 16.8781891 -7.82065201
v -13.8957682 23.3348732 -5.40225697
v -14.5911217 18.3662033 -5.49191666
v -16.9172935 12.7160187 -9.25255775
v -14.2538605 13.0414505 -8.37963581
v -19.5652428 12.3906021 -8.37964725
v -16.1693459 7.61617279 -10.7137079
v -19.9685268 7.46682739 -9.44562817
v -12.3621702 7.76551056 -9.44560719
v -23.5978432 2.17014313 -4.56546688
v -21.2234726 7.41704559 -5.64135838
v -23.0363731 2.18243408 -11.4420042
v -23.0224438 2.18243408 2.31107283
v -19.9433632 7.46682739 -1.83708525
v -25.6597691 -2.80168915 -3.13938332
v -24.4614487 -2.25539398 4.69678831
v -24.4635277 -2.25537872 -11.2768097
v -16.1710625 2.33086395 -12.0113831
v -9.30473232 2.47930145 -11.4419689
v -16.5165844 -2.60427094 -12.2858715
v -8.496171 -1.91060638 -11.2767677
v -16.8553772 12.7160187 -2.2692318
v -19.5193119 12.3906021 -3.14215422
v -14.206934 13.0414505 -3.14213967
v -16.1373444 7.61617279 -0.568984985
v -12.339324 7.76551056 -1.83706808
v -16.5476074 -3.04717255 -3.01137638
v -7.37234354 -2.40684509 -3.13933563
v -8.49452591 -1.91060638 4.69682741
v -16.5155354 -2.60427094 6.00715494
v -13.3450804 13.1499176 -5.76088476
v -11.0832157 7.8152771 -5.64133453
v -8.73106766 2.49158478 -4.56543159
v -9.29427719 2.47930145 2.3111062
v -20.4275913 12.282135 -5.7609024
v -16.1578541 2.33086395 2.88048506
v -24.6426525 93.9888763 -13.1069975
v -25.1006908 95.2658539 -8.77480984
v -24.6859665 94.1422272 -5.00870514
v -24.4327316 84.5141373 -10.8314219
v -24.3718796 85.7058487 -15.3888187
v -24.3239822 85.7825165 -5.92142057
v -24.7667427 89.8205872 -15.8481312
v -28.0278988 87.4865723 -18.5515499
v -24.7714825 89.975235 -3.94857621
v -17.2127304 144.995026 -19.5989246
v -12.0056744 140.357056 -15.5363274
v -11.9609776 139.459213 -19.4333515
v -16.8511868 144.051605 -25.1146679
v -17.5743885 143.145126 -14.2096796
v -12.1983109 139.092941 -11.7537136
v -24.4643326 147.56076 -19.9057503
v -24.18223 145.581665 -13.8934622
v -24.2045231 145.632843 -25.9180393
v -12.6064186 135.580154 -10.5965462
v -13.1723289 131.975327 -11.7201166
v -12.6499119 136.268585 -20.6020031
v -13.4182692 132.338638 -19.3350906
v -13.493371 130.880661 -15.4407406
v -29.0127335 139.667587 -9.39637756
v -23.3695202 139.714584 -11.884758
v -30.1293068 144.438324 -11.0309105
v -27.9184284 134.961548 -11.0309086
v -22.6182766 133.548492 -13.7182846
v -34.2336006 138.652542 -6.99827385
v -33.2837753 135.610626 -8.09134197
v -35.2168274 141.791504 -8.09134293
v -17.759079 131.021225 -19.1048183
v -17.7699738 132.495804 -13.8001966
v -17.5458069 134.013214 -24.4214764
v -22.3315353 131.683319 -19.762888
v -22.5334949 134.14624 -25.809
v -17.833292 137.860748 -12.2961636
v -12.0311203 137.4431 -32.37883
v -9.6876564 137.153961 -37.2806778
v -10.6853065 137.585999 -31.5366344
v -13.2968187 140.717117 -34.0520554
v -13.8045969 139.472549 -33.9917259
v -10.0802364 138.4823 -31.6378727
v -10.2936563 139.672882 -32.230896
v -11.6820927 140.604218 -33.4289017
v -40.0010414 140.371277 -9.7363596
v -35.6115112 142.977829 -11.3705492
v -35.3506393 142.098557 -14.6497517
v -39.813118 139.665024 -12.2848511
v -39.7239075 139.460327 -7.1878643
v -43.968647 138.926178 -9.60938072
v -43.8023071 138.05069 -7.00729752
v -43.8246078 138.101868 -12.2114601
v -29.1017952 139.926346 -22.4726353
v -23.2847748 140.164246 -27.8828716
v -27.9628105 135.144989 -20.8381023
v -30.2185116 144.643036 -20.8381042
v -34.3671989 139.04068 -15.7428188
v -33.3503532 135.885773 -14.6497517
v -30.5461235 146.121918 -15.9345074
v -27.5684052 133.472015 -15.9345055
v -32.9892883 134.715393 -11.3705444
v -47.7682877 139.266388 -9.56705475
v -47.6037636 138.168457 -12.8976307
v -47.6037674 138.168457 -6.23647833
v -51.1414528 139.473755 -9.56705475
v -50.9685745 138.270859 -5.83264828
v -50.9588776 138.266785 -13.3014641
v -38.1408348 133.902374 -9.73635483
v -38.3511734 134.619278 -7.18786049
v -38.3955536 134.802719 -12.2848501
v -42.7270966 132.126923 -9.60937595
v -42.8878365 132.999756 -12.2114582
v -42.8767433 132.953903 -7.00729704
v -39.0264053 137.007446 -6.33836365
v -43.3367424 135.494202 -6.13993645
v -39.1154709 137.26622 -13.1343517
v -43.3590126 135.558899 -13.0788202
v -53.3953247 134.276642 -5.81504917
v -50.4339981 134.638809 -4.58784342
v -53.7370148 136.815063 -6.7530508
v -53.0467377 131.768555 -6.75304985
v -49.8976936 131.014343 -5.83264399
v -57.1339111 133.823486 -5.97587109
v -56.931282 131.543091 -7.06550455
v -57.3553085 136.11496 -7.04445076
v -46.4521103 130.482925 -9.56705093
v -46.6166382 131.580856 -6.23647451
v -46.6166382 131.580856 -12.8976288
v -49.7196312 129.834198 -9.56705379
v -49.8970337 131.06395 -13.3014641
v -47.1102066 134.874649 -5.1262846
v -47.110199 134.874649 -14.0078239
v -47.478981 134.905533 -18.2050056
v -47.6076889 136.106766 -18.1235619
v -47.2502289 133.718399 -18.1208916
v -60.4498367 135.984955 -9.51016712
v -57.3095093 136.790878 -9.58925819
v -57.2285233 136.037842 -12.0245819
v -60.3080025 135.362335 -11.3893023
v -60.7092857 135.470703 -7.48946619
v -63.4364624 135.998688 -9.18123627
v -63.9241829 135.23819 -7.14442444
v -63.0945435 135.382355 -11.1170235
v -53.3677177 134.39801 -13.319067
v -50.4270859 134.669159 -14.5462685
v -53.0441055 131.966965 -12.3810616
v -53.6982346 136.798737 -12.3810654
v -57.0280533 134.006302 -13.0516319
v -56.8420525 131.904602 -12.0769329
v -53.8296623 137.630096 -9.56705761
v -52.9333839 131.044556 -9.56705666
v -56.7724876 131.010498 -9.64568329
v -60.4824905 131.1474 -9.49931526
v -60.731411 131.620834 -7.49229288
v -60.3065414 131.810547 -11.4149342
v -63.6785431 130.799026 -9.11536121
v -63.2119904 131.249985 -10.9568348
v -64.1311417 131.520325 -7.22927237
v -60.8079987 133.528839 -6.57288361
v -64.1943817 133.329193 -6.46073341
v -60.2924271 133.597046 -12.2678175
v -63.0939674 133.2677 -12.037529
v -74.0924072 134.242325 -10.9798145
v -79.5864182 134.077942 -10.4509573
v -79.7387543 135.015976 -10.0371599
v -74.2183685 135.573578 -10.3971138
v -68.5735855 133.689957 -11.5086718
v -68.6226273 135.41362 -10.7570686
v -65.8337708 133.478821 -11.7730999
v -65.8585892 135.39798 -10.9370461
v -74.4772263 135.967499 -9.1717186
v -79.9372559 135.271179 -9.16695976
v -80.1000977 134.902679 -8.25134659
v -74.7442551 135.485474 -7.88237238
v -68.9226685 135.948013 -9.17647743
v -69.3081589 135.360413 -7.51339817
v -66.1795654 135.973343 -9.17885685
v -66.6161728 135.299301 -7.3289113
v -74.7961349 134.274261 -7.44958115
v -80.0806503 134.034576 -7.94400501
v -79.9209747 133.237976 -8.28948879
v -74.6424179 133.143707 -7.93608284
v -69.4776993 133.813828 -6.95515728
v -69.3750381 132.344131 -7.58267784
v -66.8360443 133.571503 -6.70794535
v -66.7530899 131.93222 -7.40597534
v -79.6679153 132.951508 -9.13734722
v -74.3123627 132.69928 -9.13001823
v -68.9879303 131.733734 -9.1226902
v -66.3332367 131.266388 -9.11902618
v -74.046608 132.972702 -10.2957115
v -79.4936218 133.175934 -9.96514988
v -68.6224213 132.054993 -10.6262732
v -65.9172058 131.652496 -10.7915535
v -85.0046844 132.487396 -9.14467621
v -91.2572021 131.859497 -9.15530205
v -84.9057083 132.629669 -9.63458824
v -85.2929077 133.633972 -8.62032032
v -85.2668228 133.12027 -8.43842888
v -85.0839233 133.714966 -9.67720509
v -85.2043839 133.858627 -9.16220093
v -84.9768829 133.162659 -9.92210007
v -85.1590729 132.650726 -8.64289379
v -28.7241154 84.3665009 -23.9891987
v -30.552906 82.2657242 -25.2374496
v -26.6230755 81.7099075 -24.8397255
v -27.4394684 83.6097946 -24.8992252
v -31.1068306 78.6041107 -26.0123234
v -29.2734318 77.0767593 -26.52034
v -27.1900291 76.7318954 -25.4699802
v -26.9621792 79.461647 -25.2289143
v -13.3707886 138.049438 -33.2171173
v -17.997324 140.312836 -30.3235569
v -17.2066383 137.54126 -29.1724644
v -14.73242 136.581604 -27.8565769
v -11.4887772 138.205429 -26.0717163
v -11.7406788 140.399567 -26.6383801
v -14.2749605 142.412643 -28.9286823
v -17.450922 142.685318 -29.9689484
v -12.4122028 136.459045 -25.9824619
v -21.5940781 16.3423691 -12.5907497
v -22.6193848 12.4919662 -18.4051571
v -19.908083 16.7926788 -13.1388664
v -20.2506485 19.8893051 -13.9288559
v -22.5708485 19.1301117 -13.1674175
v -24.4695835 24.3161163 -19.2733707
v -20.6716366 25.6165276 -14.9544582
v -20.7406464 29.073082 -14.3187819
v -27.202076 55.8030853 -20.8284473
v -28.9419956 62.1708298 -24.0028629
v -24.2797432 45.3574562 -15.4671955
v -32.79422 52.2749901 -25.7604618
v -26.9476891 36.4646797 -18.8475494
v -45.4392509 135.011887 -21.3567181
v -48.4340782 133.531769 -18.3020859
v -48.6821785 134.830933 -18.3959045
v -48.8187141 136.143158 -18.3042202
v -5.10860682 141.321381 -19.0752831
v -8.93514729 105.297844 -20.9066696
v -4.13391018 153.374756 -16.08498
v -11.8572893 95.0405655 -22.5094929
v -4.01235199 174.026215 -17.0969868

# 648 UV coordinates
vt 0.187763423 0.924450576 0
vt 0.173851252 0.929356515 0
vt 0.157222003 0.896955967 0
vt 0.178118855 0.888828933 0
vt 0.216290325 0.922338665 0
vt 0.218089566 0.885079622 0
vt 0.239403516 0.888976634 0
vt 0.231742397 0.925558865 0
vt 0.22350508 0.952324569 0
vt 0.214250982 0.954728663 0
vt 0.195164219 0.956269383 0
vt 0.185493827 0.955389559 0
vt 0.21739848 0.836779296 0
vt 0.24494803 0.839519203 0
vt 0.164588168 0.840481102 0
vt 0.13763997 0.847566307 0
vt 0.158736601 0.813230693 0
vt 0.129075646 0.818891585 0
vt 0.124328971 0.790753901 0
vt 0.154433548 0.785993874 0
vt 0.215396643 0.809209704 0
vt 0.211963788 0.781557322 0
vt 0.24293974 0.781098187 0
vt 0.245504051 0.810355484 0
vt 0.0779076964 0.798182189 0
vt 0.0733543634 0.762520313 0
vt 0.101390362 0.778547347 0
vt 0.0729890913 0.681832612 0
vt 0.075097084 0.640632987 0
vt 0.12095964 0.646382153 0
vt 0.122001886 0.688371718 0
vt 0.288686067 0.851895988 0
vt 0.268302888 0.908925295 0
vt 0.294046462 0.816263855 0
vt 0.294480681 0.779515862 0
vt 0.0853631347 0.830794871 0
vt 0.098031804 0.86692661 0
vt 0.130177021 0.920508564 0
vt 0.194707602 0.970416248 0
vt 0.1835462 0.969423115 0
vt 0.216947153 0.968606412 0
vt 0.227614254 0.965908349 0
vt 0.0894552767 0.382506847 0
vt 0.113223433 0.385601878 0
vt 0.0998668522 0.398273736 0
vt 0.159343272 0.950532138 0
vt 0.246894538 0.944269001 0
vt 0.204487681 0.746796191 0
vt 0.242249936 0.752209485 0
vt 0.15839909 0.750248909 0
vt 0.121481836 0.762586117 0
vt 0.157981768 0.695522368 0
vt 0.150950119 0.646939576 0
vt 0.20217289 0.691641629 0
vt 0.208655074 0.642722666 0
vt 0.236545771 0.6376068 0
vt 0.237151071 0.679232776 0
vt 0.293248296 0.744616508 0
vt 0.282802701 0.664671481 0
vt 0.27550742 0.62329936 0
vt 0.115162 0.534153819 0
vt 0.0800697953 0.530056715 0
vt 0.099931553 0.507020891 0
vt 0.101735502 0.322376132 0
vt 0.118703321 0.245899022 0
vt 0.139250532 0.248921186 0
vt 0.123634413 0.326612294 0
vt 0.261209428 0.571342647 0
vt 0.224033818 0.583359957 0
vt 0.234876871 0.463654846 0
vt 0.203587338 0.469633788 0
vt 0.206188962 0.410940766 0
vt 0.232509479 0.407991439 0
vt 0.110656083 0.412976563 0
vt 0.0851158053 0.4110865 0
vt 0.0857938528 0.474279672 0
vt 0.119885966 0.475561351 0
vt 0.198472679 0.587593734 0
vt 0.146225572 0.59074986 0
vt 0.120867014 0.590314984 0
vt 0.140316054 0.475433558 0
vt 0.13905403 0.408329964 0
vt 0.182305932 0.472864568 0
vt 0.176241338 0.406829834 0
vt 0.122583047 0.196047902 0
vt 0.123499587 0.154835135 0
vt 0.141976863 0.155633599 0
vt 0.142561108 0.197611451 0
vt 0.183184534 0.385032862 0
vt 0.207715064 0.38307035 0
vt 0.136625215 0.387116641 0
vt 0.143449873 0.326746106 0
vt 0.157449529 0.251042247 0
vt 0.185611293 0.326674908 0
vt 0.192167461 0.253298879 0
vt 0.210157007 0.253532052 0
vt 0.207256198 0.32654056 0
vt 0.231818706 0.38028264 0
vt 0.228135213 0.324504375 0
vt 0.227543131 0.253410459 0
vt 0.193383619 0.196413398 0
vt 0.210494816 0.195708722 0
vt 0.159916192 0.197077602 0
vt 0.15897356 0.155409545 0
vt 0.191026494 0.15425545 0
vt 0.207911611 0.153185844 0
vt 0.227285162 0.19534862 0
vt 0.224247545 0.15155527 0
vt 0.132837608 0.0512731113 0
vt 0.141223222 0.0362047292 0
vt 0.149384454 0.0448718108 0
vt 0.146654502 0.0570671 0
vt 0.203006908 0.0463442244 0
vt 0.190962508 0.0527174808 0
vt 0.186424866 0.0416999198 0
vt 0.193321735 0.0320341326 0
vt 0.220586002 0.122652866 0
vt 0.204263717 0.124690719 0
vt 0.154130891 0.0312526561 0
vt 0.158921063 0.0433971919 0
vt 0.114180848 0.840183556 0
vt 0.179717541 0.0291054305 0
vt 0.176953837 0.0418160595 0
vt 0.187770575 0.126347989 0
vt 0.156872451 0.128544301 0
vt 0.141532958 0.12913245 0
vt 0.172380835 0.127774268 0
vt 0.156490162 0.0912774578 0
vt 0.170257032 0.0912392512 0
vt 0.184099406 0.0897363201 0
vt 0.164499983 0.327479184 0
vt 0.17478542 0.252666742 0
vt 0.166242197 0.537781894 0
vt 0.161325052 0.474629551 0
vt 0.192677647 0.53461355 0
vt 0.19102107 0.835616171 0
vt 0.187077567 0.809787452 0
vt 0.176768601 0.196827799 0
vt 0.175094396 0.155049592 0
vt 0.199351355 0.0875233188 0
vt 0.123709649 0.128574103 0
vt 0.10782823 0.127817124 0
vt 0.10943523 0.0860261992 0
vt 0.124129146 0.0876022652 0
vt 0.172600999 0.591270626 0
vt 0.139829889 0.536090553 0
vt 0.218501002 0.531407356 0
vt 0.0790557712 0.587420285 0
vt 0.249369919 0.520974755 0
vt 0.28955242 0.708041847 0
vt 0.241265655 0.720790565 0
vt 0.209760055 0.724270761 0
vt 0.153193012 0.730486691 0
vt 0.120650172 0.732159793 0
vt 0.0722826868 0.728869081 0
vt 0.154768556 0.922680795 0
vt 0.156864583 0.416150302 0
vt 0.180434793 0.64837867 0
vt 0.180250973 0.688993871 0
vt 0.183043629 0.760603487 0
vt 0.183121338 0.7845186 0
vt 0.205972552 0.970466971 0
vt 0.204838082 0.956703067 0
vt 0.197663426 0.881803095 0
vt 0.201551467 0.918466508 0
vt 0.214561492 0.08469484 0
vt 0.142199129 0.0904093459 0
vt 0.169305086 0.0566041209 0
vt 0.180031285 0.0550133325 0
vt 0.158352613 0.0571096577 0
vt 0.118710786 0.0440550186 0
vt 0.166855901 0.0295139607 0
vt 0.167988166 0.0429068841 0
vt 0.162369803 0.357480049 0
vt 0.144356817 0.364698589 0
vt 0.179425925 0.363651574 0
vt 0.230659559 0.352839589 0
vt 0.208748505 0.355715364 0
vt 0.116498291 0.356120437 0
vt 0.132711187 0.14183706 0
vt 0.0944682956 0.352330238 0
vt 0.596704483 0.184047788 0
vt 0.573500931 0.153541386 0
vt 0.617709935 0.131451607 0
vt 0.638465106 0.153797477 0
vt 0.655296624 0.178308904 0
vt 0.616759419 0.217601463 0
vt 0.565607786 0.284702063 0
vt 0.539125979 0.244464561 0
vt 0.501453638 0.200669765 0
vt 0.691831589 0.180052698 0
vt 0.703333139 0.211179286 0
vt 0.681535661 0.232798636 0
vt 0.666071475 0.202024579 0
vt 0.683495998 0.158950984 0
vt 0.556278646 0.0675415695 0
vt 0.556522429 0.071732223 0
vt 0.520794392 0.0476287007 0
vt 0.531578898 0.0776182115 0
vt 0.525404632 0.0806620419 0
vt 0.722162247 0.246811599 0
vt 0.708876491 0.264769435 0
vt 0.747087717 0.269595355 0
vt 0.738640547 0.287488073 0
vt 0.669880629 0.141031504 0
vt 0.652060032 0.122023225 0
vt 0.559486806 0.368211657 0
vt 0.53477627 0.343439192 0
vt 0.585949421 0.321138859 0
vt 0.609939277 0.350744069 0
vt 0.584967494 0.386959106 0
vt 0.565832794 0.417875975 0
vt 0.54281044 0.406971157 0
vt 0.518701553 0.395114332 0
vt 0.680663228 0.305075228 0
vt 0.648724139 0.280405283 0
vt 0.715253711 0.318246543 0
vt 0.682818711 0.372501135 0
vt 0.646376848 0.366238058 0
vt 0.630028009 0.249101683 0
vt 0.554473221 0.0548995733 0
vt 0.556030929 0.0616849661 0
vt 0.549879909 0.0748484731 0
vt 0.53987813 0.0770236254 0
vt 0.55123955 0.137976974 0
vt 0.478740573 0.157685161 0
vt 0.744646728 0.308636725 0
vt 0.718955755 0.372121215 0
vt 0.472116977 0.440398306 0
vt 0.430859536 0.44021979 0
vt 0.433728755 0.368662 0
vt 0.48135528 0.382559001 0
vt 0.505161285 0.441963285 0
vt 0.494711578 0.495880514 0
vt 0.464378893 0.495725691 0
vt 0.437175155 0.494659007 0
vt 0.686896503 0.417980313 0
vt 0.654989481 0.406944752 0
vt 0.425079823 0.544185042 0
vt 0.414090991 0.59499383 0
vt 0.375433981 0.577664614 0
vt 0.386665702 0.557819784 0
vt 0.413983881 0.285125136 0
vt 0.454332054 0.27967903 0
vt 0.400247514 0.338066697 0
vt 0.650179625 0.456491172 0
vt 0.625497043 0.441330045 0
vt 0.500123322 0.312338889 0
vt 0.61902231 0.399195969 0
vt 0.594886243 0.430149823 0
vt 0.455682218 0.549766421 0
vt 0.487536013 0.548833966 0
vt 0.487218171 0.590338767 0
vt 0.454279304 0.596770585 0
vt 0.580295503 0.463939816 0
vt 0.555193305 0.453638881 0
vt 0.604388118 0.474496394 0
vt 0.59295094 0.508742869 0
vt 0.572635591 0.503153861 0
vt 0.548643708 0.497977793 0
vt 0.531102061 0.44644019 0
vt 0.522581995 0.496355653 0
vt 0.623672724 0.485676378 0
vt 0.385906786 0.419634074 0
vt 0.391436189 0.380904555 0
vt 0.404772103 0.458842337 0
vt 0.41334635 0.492203861 0
vt 0.61057204 0.514481544 0
vt 0.519921243 0.61395967 0
vt 0.491129011 0.62494719 0
vt 0.516393602 0.580004454 0
vt 0.543540537 0.571226776 0
vt 0.546046674 0.603483081 0
vt 0.556004226 0.647363901 0
vt 0.530394554 0.657979012 0
vt 0.502212465 0.668415844 0
vt 0.56937778 0.539149106 0
vt 0.544850588 0.539012849 0
vt 0.591291845 0.542262673 0
vt 0.592826247 0.569786668 0
vt 0.568848908 0.567916572 0
vt 0.517058432 0.54277432 0
vt 0.613109827 0.546177328 0
vt 0.405233651 0.523913085 0
vt 0.434294969 0.240335897 0
vt 0.464942217 0.195205867 0
vt 0.617392242 0.575306356 0
vt 0.616467595 0.601977527 0
vt 0.594176352 0.598118007 0
vt 0.393788934 0.634738863 0
vt 0.380217135 0.614438474 0
vt 0.425710559 0.642785192 0
vt 0.377383649 0.438187361 0
vt 0.618804753 0.630315304 0
vt 0.599616528 0.634397805 0
vt 0.460997164 0.634338021 0
vt 0.473950267 0.677858353 0
vt 0.444842041 0.68791306 0
vt 0.570771813 0.599153757 0
vt 0.578611493 0.640497386 0
vt 0.636224687 0.658766985 0
vt 0.619818091 0.672857225 0
vt 0.442001432 0.738334656 0
vt 0.428905338 0.708217859 0
vt 0.464565426 0.734034777 0
vt 0.466002285 0.778054893 0
vt 0.435935378 0.773681879 0
vt 0.664486647 0.680742085 0
vt 0.64991504 0.70425868 0
vt 0.506458879 0.821837902 0
vt 0.463470995 0.821653008 0
vt 0.499612063 0.775329947 0
vt 0.535437346 0.771057844 0
vt 0.550402462 0.829129577 0
vt 0.55815345 0.860198498 0
vt 0.511541426 0.856583357 0
vt 0.463707507 0.849033415 0
vt 0.697329402 0.693915129 0
vt 0.681059659 0.730206251 0
vt 0.426092952 0.80607456 0
vt 0.417578042 0.835511208 0
vt 0.725428641 0.704347968 0
vt 0.701160848 0.747009218 0
vt 0.549036503 0.708669722 0
vt 0.519904435 0.718690336 0
vt 0.576040566 0.69760561 0
vt 0.603344619 0.745185554 0
vt 0.571402609 0.760835648 0
vt 0.711010814 0.814956665 0
vt 0.677288055 0.855929971 0
vt 0.645293355 0.819367528 0
vt 0.670992017 0.783194423 0
vt 0.743584096 0.770843387 0
vt 0.777944684 0.804339349 0
vt 0.753835142 0.847371221 0
vt 0.719118714 0.879709184 0
vt 0.599842966 0.685326397 0
vt 0.629573822 0.725284576 0
vt 0.653320491 0.758972466 0
vt 0.630544603 0.792616129 0
vt 0.489991486 0.727491617 0
vt 0.589536965 0.808418632 0
vt 0.602893472 0.843105435 0
vt 0.726584196 0.10999611 0
vt 0.695714653 0.130842328 0
vt 0.682401896 0.11464867 0
vt 0.71811223 0.0929099321 0
vt 0.74171102 0.121724635 0
vt 0.707390964 0.144120783 0
vt 0.732089818 0.209762171 0
vt 0.75930357 0.233141452 0
vt 0.751254261 0.25360468 0
vt 0.728688121 0.230841368 0
vt 0.717251658 0.194818616 0
vt 0.738969028 0.178615183 0
vt 0.68862617 0.0830681622 0
vt 0.662699997 0.099146843 0
vt 0.653189123 0.0795762241 0
vt 0.672120214 0.0707229674 0
vt 0.634464443 0.102714121 0
vt 0.637867808 0.0788274705 0
vt 0.739734888 0.154058993 0
vt 0.711820006 0.165049016 0
vt 0.795300722 0.47782889 0
vt 0.773874938 0.478043497 0
vt 0.784168184 0.439168274 0
vt 0.809317291 0.434588164 0
vt 0.83627671 0.422195405 0
vt 0.824733138 0.47338751 0
vt 0.820290506 0.512842596 0
vt 0.790854156 0.509266198 0
vt 0.768878639 0.502510011 0
vt 0.866823316 0.358122587 0
vt 0.887265146 0.357810885 0
vt 0.897861063 0.409574926 0
vt 0.865524352 0.412202299 0
vt 0.848172784 0.36353603 0
vt 0.798076749 0.370187908 0
vt 0.818126559 0.37776944 0
vt 0.764466703 0.431197435 0
vt 0.744933128 0.411122561 0
vt 0.783142209 0.355295211 0
vt 0.90340519 0.368144304 0
vt 0.929699004 0.41792798 0
vt 0.921846867 0.367122948 0
vt 0.960758388 0.424905807 0
vt 0.837062299 0.376870394 0
vt 0.858800173 0.549267828 0
vt 0.826807797 0.549253166 0
vt 0.85910666 0.506593764 0
vt 0.90736866 0.493841052 0
vt 0.894137621 0.540438533 0
vt 0.881615281 0.58344239 0
vt 0.859407604 0.587848842 0
vt 0.837099791 0.58735621 0
vt 0.951295674 0.454835683 0
vt 0.908215582 0.452499181 0
vt 0.993452609 0.457507372 0
vt 0.999649644 0.492435932 0
vt 0.954708695 0.487472475 0
vt 0.862952173 0.462133914 0
vt 0.754565954 0.46899882 0
vt 0.755448222 0.467890143 0
vt 0.755875945 0.469800979 0
vt 0.756331086 0.471307546 0
vt 0.755354047 0.471196741 0
vt 0.756427765 0.468174934 0
vt 0.757092059 0.469026536 0
vt 0.756896794 0.470305353 0
vt 0.821697533 0.622133672 0
vt 0.799659312 0.621864796 0
vt 0.792021751 0.578932405 0
vt 0.814504623 0.583115757 0
vt 0.842897654 0.622681797 0
vt 0.846000195 0.655762672 0
vt 0.823683619 0.657147884 0
vt 0.801167548 0.658120692 0
vt 0.751201272 0.533217669 0
vt 0.721564293 0.542688906 0
vt 0.709949017 0.492815644 0
vt 0.747957706 0.497275025 0
vt 0.776396394 0.532957673 0
vt 0.768940747 0.582753599 0
vt 0.746919751 0.5922786 0
vt 0.799867392 0.540878057 0
vt 0.930727661 0.529594839 0
vt 0.967956007 0.531833827 0
vt 0.930731356 0.575951755 0
vt 0.905189991 0.576956332 0
vt 0.825802624 0.684867501 0
vt 0.803295493 0.687583506 0
vt 0.847881794 0.68365097 0
vt 0.84861964 0.702529609 0
vt 0.828118324 0.705640793 0
vt 0.806132555 0.708347261 0
vt 0.90033263 0.617251039 0
vt 0.881342769 0.620628417 0
vt 0.919546485 0.614351809 0
vt 0.924172163 0.648215592 0
vt 0.905345678 0.652227104 0
vt 0.886512995 0.654482424 0
vt 0.862550199 0.622441053 0
vt 0.867106795 0.65569818 0
vt 0.778733969 0.625192463 0
vt 0.758991599 0.630225778 0
vt 0.779851913 0.661470115 0
vt 0.760131836 0.664249897 0
vt 0.870260715 0.720521152 0
vt 0.851424754 0.722858131 0
vt 0.868826807 0.700974226 0
vt 0.888839066 0.698507428 0
vt 0.889051259 0.719643831 0
vt 0.889633894 0.746698797 0
vt 0.872015357 0.747139215 0
vt 0.854083598 0.748723209 0
vt 0.909220278 0.678341627 0
vt 0.888983667 0.680592895 0
vt 0.932165384 0.67587918 0
vt 0.935198307 0.699160695 0
vt 0.910425842 0.697845399 0
vt 0.86861974 0.681850791 0
vt 0.782216072 0.687697232 0
vt 0.761063099 0.69321233 0
vt 0.786246002 0.700477123 0
vt 0.784251273 0.70025754 0
vt 0.782352328 0.701044679 0
vt 0.839642763 0.775599062 0
vt 0.823883653 0.777874351 0
vt 0.816991329 0.754179299 0
vt 0.835102677 0.750895262 0
vt 0.856615543 0.775111437 0
vt 0.862018883 0.79929024 0
vt 0.845881402 0.798067808 0
vt 0.830539703 0.798412502 0
vt 0.793112576 0.733870506 0
vt 0.775312304 0.740145147 0
vt 0.762924492 0.717149973 0
vt 0.787065923 0.715803027 0
vt 0.810778618 0.729456246 0
vt 0.801617265 0.758698225 0
vt 0.786587238 0.765044034 0
vt 0.831206679 0.725336373 0
vt 0.909317553 0.719613373 0
vt 0.929784417 0.721601546 0
vt 0.926221013 0.748220325 0
vt 0.908039331 0.746686518 0
vt 0.90557754 0.773261368 0
vt 0.890109301 0.774406016 0
vt 0.920144856 0.772467315 0
vt 0.915642142 0.792933404 0
vt 0.902659357 0.795573592 0
vt 0.889398456 0.798538446 0
vt 0.87373656 0.774815559 0
vt 0.87628448 0.799778044 0
vt 0.809072971 0.782261848 0
vt 0.795770824 0.788462758 0
vt 0.814027429 0.802982986 0
vt 0.798858106 0.809730768 0
vt 0.842293918 0.876350045 0
vt 0.852036178 0.874392688 0
vt 0.862014353 0.910320759 0
vt 0.8551687 0.91206497 0
vt 0.828113616 0.840078413 0
vt 0.841154337 0.837242067 0
vt 0.821254671 0.821599305 0
vt 0.83592999 0.818081081 0
vt 0.860893965 0.874170721 0
vt 0.870340109 0.874324858 0
vt 0.875000954 0.910271466 0
vt 0.868264794 0.910048246 0
vt 0.853203595 0.836923838 0
vt 0.865974069 0.837193191 0
vt 0.849440873 0.817753255 0
vt 0.863778949 0.818341911 0
vt 0.87918365 0.873739123 0
vt 0.887685895 0.872381628 0
vt 0.887343049 0.909618378 0
vt 0.881259978 0.910232127 0
vt 0.87752533 0.83652544 0
vt 0.888542652 0.834806979 0
vt 0.876727164 0.817983091 0
vt 0.888918042 0.816358328 0
vt 0.89676702 0.870499134 0
vt 0.893731773 0.908409059 0
vt 0.900166571 0.8324247 0
vt 0.901656151 0.813720882 0
vt 0.832819641 0.879733264 0
vt 0.84853816 0.914767206 0
vt 0.815804005 0.844734013 0
vt 0.807513535 0.827189147 0
vt 0.905392885 0.869590998 0
vt 0.899808884 0.907657504 0
vt 0.91122061 0.831208348 0
vt 0.913891256 0.812035263 0
vt 0.890662014 0.945704997 0
vt 0.894233108 0.945318222 0
vt 0.885001719 0.988777339 0
vt 0.879618168 0.94620645 0
vt 0.883333981 0.946388304 0
vt 0.871824682 0.946288168 0
vt 0.875567794 0.946019709 0
vt 0.86404711 0.949517012 0
vt 0.867812455 0.947619081 0
vt 0.886922836 0.94625169 0
vt 0.552704513 0.0468175411 0
vt 0.580100656 0.101378232 0
vt 0.597132623 0.0930699408 0
vt 0.593343258 0.0835648477 0
vt 0.593020439 0.0718246102 0
vt 0.544855237 0.107876539 0
vt 0.558893502 0.109066606 0
vt 0.620465398 0.0240755081 0
vt 0.62922591 0.0612234473 0
vt 0.589429319 0.0598326325 0
vt 0.585788012 0.045693934 0
vt 0.525819898 0.154720157 0
vt 0.533528328 0.114516169 0
vt 0.75426811 0.470393628 0
vt 0.744382262 0.474329323 0
vt 0.752646506 0.479404151 0
vt 0.719426036 0.454893738 0
vt 0.745836794 0.464365214 0
vt 0.763176203 0.463089079 0
vt 0.75872463 0.458009273 0
vt 0.75890547 0.479898572 0
vt 0.762351573 0.472683758 0
vt 0.752420366 0.455043167 0
vt 0.394910634 0.690398693 0
vt 0.396319896 0.703727722 0
vt 0.347253382 0.699679971 0
vt 0.38176477 0.657968283 0
vt 0.391118765 0.669688523 0
vt 0.345947981 0.56720221 0
vt 0.365447253 0.593321204 0
vt 0.35429576 0.608832836 0
vt 0.382789612 0.543346882 0
vt 0.364382863 0.635435104 0
vt 0.357181162 0.275702119 0
vt 0.360880971 0.250163853 0
vt 0.405679166 0.253465414 0
vt 0.453050971 0.169887513 0
vt 0.423900425 0.733593583 0
vt 0.396752536 0.72420609 0
vt 0.377268672 0.360897124 0
vt 0.376916796 0.483655989 0
vt 0.357851416 0.463970006 0
vt 0.399423867 0.202174395 0
vt 0.333089679 0.405799121 0
vt 0.784424663 0.701652288 0
vt 0.782082677 0.703470826 0
vt 0.784812152 0.703681827 0
vt 0.787287295 0.702624142 0
vt 0.0736773908 0.347551078 0
vt 0.0660362095 0.378022611 0
vt 0.0832372606 0.317622364 0
vt 0.252216011 0.350489378 0
vt 0.255098134 0.377548426 0
vt 0.247630537 0.322796166 0
vt 0.165375635 0.011816835 0
vt 0.147576228 0.0163070913 0
vt 0.183831662 0.0131406542 0
vt 0.108921066 0.340426773 0
vt 0.229948103 0.0814336613 0
vt 0.217644483 0.0376357175 0
vt 0.207217589 0.98521477 0
vt 0.194501534 0.985503018 0
vt 0.236465141 0.120548882 0
vt 0.219604343 0.983367145 0
vt 0.340419382 0.868918598 0
vt 0.352412999 0.825586975 0
vt 0.047480274 0.891299188 0
vt 0.0293130614 0.849554718 0
vt 0.0155651458 0.725799263 0
vt 0.0133846588 0.766668797 0
vt 0.343616486 0.697231174 0
vt 0.352043718 0.738173425 0
vt 0.025608588 0.67563343 0
vt 0.327818185 0.651709199 0
vt 0.281122416 0.511776149 0
vt 0.26095286 0.458279014 0
vt 0.0481770672 0.526869655 0
vt 0.0597865842 0.471562505 0
vt 0.295255333 0.560452461 0
vt 0.0434630699 0.582838714 0
vt 0.202010214 0.0201015826 0
vt 0.107491225 0.154339373 0
vt 0.131152004 0.0258340295 0
vt 0.240310669 0.149829239 0
vt 0.243871003 0.194765985 0
vt 0.243943363 0.253112793 0
vt 0.257549495 0.404784828 0
vt 0.106665507 0.19498077 0
vt 0.103295252 0.243768007 0
vt 0.0598696731 0.408093452 0
vt 0.0332715996 0.635308444 0
vt 0.315288007 0.610450447 0
vt 0.356453449 0.780176938 0
vt 0.26487872 0.965427518 0
vt 0.231740177 0.980344713 0
vt 0.30289945 0.934370458 0
vt 0.144843727 0.975068986 0
vt 0.181706116 0.984559298 0
vt 0.100206077 0.951338828 0
vt 0.0166228302 0.807271302 0
vt 0.0988394469 0.617523372 0
vt 0.130870238 0.220766276 0
vt 0.0977101624 0.709392488 0
vt 0.136931002 0.0692318752 0

# 1102 vertex normals
vn 51.1673317 -82.1192093 -25.2601585
vn 41.1084328 -87.8017654 -24.5094013
vn 60.515152 -41.0901337 -68.1813965
vn 75.3074799 -54.3931427 -37.0128403
vn 51.6769943 -81.6766815 25.6447182
vn 76.7509995 -51.3565407 38.3587227
vn 50.7065048 -43.537693 74.3827744
vn 34.5316963 -74.0592575 57.6403198
vn 20.8227787 -89.5046768 39.4329834
vn 27.1980934 -94.2258987 19.5227051
vn 27.1095924 -94.3052444 -19.2632675
vn 20.7678452 -89.928894 -38.4838257
vn 86.1201859 -25.9742966 43.6841965
vn 56.0075684 -20.7190018 80.2087479
vn 84.734642 -32.1970367 -42.2223549
vn 65.9474487 -45.3413582 -59.9536057
vn 87.5881195 -19.898077 -43.952755
vn 68.1661453 -7.0772543 -72.8202133
vn 69.0298157 -9.56756401 -71.7154465
vn 89.2696915 3.90636182 -44.8927269
vn 88.2900467 -13.1412621 45.0758438
vn 89.0774231 6.97043514 44.8988304
vn 58.4154778 8.6459074 80.7000961
vn 56.6331978 -8.09654713 82.0154419
vn 5.80462074 -10.5014353 -99.2767105
vn 3.78429508 37.0555573 -92.8006897
vn 20.4077282 18.8970451 -96.0509033
vn 0.0518814661 41.3037338 -91.0702896
vn 0.534073889 -7.23900604 -99.7344894
vn 65.562912 8.50244427 -75.0236511
vn 62.9413719 55.012661 -54.8783913
vn 21.1554298 -13.8248682 96.7528305
vn 19.6783352 -35.5937195 91.3541183
vn 21.2683506 -3.07624984 97.6622849
vn 20.8441429 9.39056206 97.3509903
vn 6.62862062 -3.07017827 -99.7314377
vn 5.2858057 -40.4156761 -91.3144302
vn 4.95010233 -22.2174892 -97.3723602
vn 17.4596405 -95.7731857 -22.8461418
vn 14.4322033 -89.0926895 -43.0524483
vn 17.3955498 -95.7152023 23.1422005
vn 14.3406477 -88.6532135 43.9863434
vn 2.46589565 40.9161491 -91.2106781
vn 77.4803925 41.6760712 -47.5325851
vn 23.6579475 19.5654011 -95.1689148
vn -1.00100708 -77.8161011 -62.7948761
vn 15.0944548 -68.2363205 71.5231857
vn 72.9606018 -5.49332094 68.1600418
vn 56.6515083 19.5043926 80.0622559
vn 39.6832161 -21.0638905 -89.3368301
vn 66.0328979 39.1247177 -64.0980301
vn 55.7664757 61.1102562 -56.1723824
vn 84.4264069 28.1136436 -45.619072
vn 64.2262039 54.6159363 53.7705536
vn 84.228035 31.9773006 43.3912125
vn 50.8590927 27.0729828 81.7316132
vn 53.0808449 35.7127724 76.8547516
vn 19.9804688 16.2541733 96.6246567
vn 16.5532398 25.1136971 95.3672791
vn 15.9428682 21.4179058 96.3682938
vn 67.5771332 -4.02235174 -73.5984421
vn 1.50151062 -14.5726042 -98.9196396
vn 15.338603 34.5072632 -92.5931625
vn 0.216681421 53.8132744 -84.2829819
vn 3.67137671 -1.36419368 -99.9206543
vn 79.6685715 -7.19627476 -60.0054932
vn 77.6482468 46.8245392 -42.1643829
vn 16.3274021 20.3497581 96.5330963
vn 54.7318954 27.5460205 79.0246201
vn 17.7282028 9.3325758 97.97052
vn 62.2089272 19.3945236 75.8507004
vn 64.9159164 -10.7577629 75.2983246
vn 21.857357 -20.7464676 95.3489761
vn 76.3054276 -21.81464 -60.8355904
vn -0.936918259 -27.7047195 -96.0783615
vn -0.238044381 17.8136387 -98.3977814
vn 74.7581406 33.2407532 -57.4968719
vn 86.6389999 28.0984001 41.2762794
vn 87.9604492 17.0598392 -44.3983307
vn 69.0328674 27.2011375 -67.0369644
vn 90.4049835 19.4067135 -38.0779495
vn 56.3737946 -44.8225479 -69.3716125
vn 90.8505478 21.7047691 35.7005501
vn 86.0316772 -14.7556915 48.7899475
vn -5.71306515 22.3181705 -97.3082657
vn -12.5614185 -29.8288059 -94.6165237
vn 82.299263 -26.3588448 -50.3158646
vn 78.3593216 20.2093468 -58.7450829
vn 81.6522751 5.02335644 57.5090752
vn 66.1580276 -1.45877254 74.9687195
vn 12.4851217 9.08839607 -98.7975693
vn 92.5992584 21.4392471 -31.0678463
vn 95.8189697 8.7649107 -27.2316685
vn 94.1496048 10.0955276 32.1512489
vn 95.8555908 0.436419338 28.4768219
vn 63.5700531 -7.40072584 76.8364487
vn 66.3289337 5.93586206 74.5994415
vn 25.9865112 -10.9042482 95.9440918
vn 25.519577 1.40386713 96.6765366
vn 20.6152534 -9.59500313 97.3784637
vn 97.7263718 -1.68156648 21.127964
vn 63.5608978 -4.58386803 77.062294
vn 97.9552612 -0.0366254859 -20.1025429
vn 98.6663437 -1.10477269 -16.2297421
vn 98.4740753 1.30619502 17.3406162
vn 63.6219368 5.59710693 76.9432678
vn 12.6956997 -3.64389372 99.1210632
vn 9.25321198 7.09557009 99.3163834
vn -6.50959826 27.4178143 -95.9471512
vn 16.0954628 63.9576263 -75.167099
vn 48.5274811 59.8132133 -63.7714844
vn 77.2698135 31.7911224 -54.9363708
vn 11.9724112 17.3528385 97.7507858
vn 64.6107407 19.8645096 73.6899948
vn 48.7136459 70.5404892 51.4847145
vn 16.092411 77.0043106 61.73283
vn 9.69878197 10.0619688 99.0173035
vn 64.9708557 7.79749107 75.6126556
vn 11.7191076 97.0427551 -21.0944099
vn 62.160099 74.3217239 -24.7383156
vn 21.0058899 -25.5623188 -94.366272
vn 11.8076115 99.2645035 2.58795333
vn 62.2669144 77.51091 10.7058802
vn 98.5412216 1.78228366 16.9164085
vn 98.5839462 -1.64189851 -16.6814175
vn 80.6848373 18.2347984 -56.1876335
vn 99.9969482 0.0732444376 0.0976592153
vn 98.5442734 -3.14646101 -16.6966763
vn 99.9725342 -2.23090315 0.195318818
vn 98.5167999 -1.31839693 17.096468
vn 98.5808945 16.7607651 0.488293409
vn 99.8168869 5.87481308 1.22379124
vn 96.4934235 26.1909847 -1.63274467
vn 97.3204727 22.910244 -1.87994385
vn 87.582016 28.2540417 39.1247253
vn 95.0559998 -31.0434284 0.677515984
vn 98.3764191 -17.9265728 0.439469457
vn 99.9938965 0.408948153 0.701925635
vn 99.9969482 0.0915556103 0.497451663
vn 64.7816391 2.65207076 76.1314774
vn -12.0670185 12.5888691 -98.46492
vn 0 -10.8218794 -99.4109955
vn 0 -5.51776266 -99.8474045
vn -7.40684175 -25.3914146 -96.4354324
vn 96.4781647 26.236763 -1.83111489
vn 88.5616608 20.9906235 -41.4227753
vn 54.1978188 26.4961815 79.7509613
vn 1.08645892 8.4475069 -99.6337738
vn 16.3792839 23.0262318 95.9227295
vn 17.9021587 32.1268501 92.9898911
vn 52.2507439 36.6710548 76.970726
vn 55.1866226 29.2642136 78.0876999
vn 25.7850876 41.0351715 -87.4691086
vn 61.3971367 31.6263199 -72.3166656
vn 2.69173265 22.2021999 -97.463913
vn 16.7546616 -57.3107185 -80.2148438
vn 85.0428772 -52.2446327 6.15254021
vn 94.3174515 33.2224503 0.439461112
vn 59.9749756 80.010376 -0.897257209
vn 87.5148773 -44.6485748 18.6315575
vn 99.8779221 4.87685776 -0.433363646
vn 18.6437569 -98.2451859 0.0885196775
vn 28.4524059 -95.8647461 0.079363741
vn 84.6888657 -53.1632423 0.943030596
vn 58.4887199 -81.1090393 0.164813176
vn 9.82085609 5.29802942 99.3743744
vn 77.7825241 -27.9213943 -56.3005409
vn 99.3438568 11.4108706 -0.689720154
vn 97.4120331 14.2277317 17.5481396
vn 97.387619 12.0975351 -19.2052994
vn 0 3.27156806 -99.9450684
vn 10.2725306 99.0295105 -9.32952404
vn 66.292305 74.5445099 -6.90940237
vn 43.9527588 88.0489502 17.7556534
vn 26.9600506 71.9717941 -63.9729118
vn 80.4528961 26.8379879 52.9770737
vn 26.3679924 2.02949643 96.4384918
vn 65.3431854 8.37429142 75.2311783
vn 79.5037689 6.49432898 -60.3045769
vn 9.75066376 -12.3661156 -98.7517929
vn 4.60829496 9.82389164 -99.4079437
vn 99.7924728 5.79546452 -2.74666691
vn 89.8403854 -7.83716059 -43.2081032
vn 79.0917664 47.0747948 -39.0911636
vn 90.4507599 42.5214386 -3.16172457
vn 79.8913574 28.7392883 52.8275337
vn 82.8272324 12.0334568 54.7196846
vn 77.1446915 6.85446787 63.2557144
vn 98.452713 -17.3284092 -2.54829288
vn 89.0987854 -3.72021389 -45.2436905
vn 23.1665993 -11.5115662 96.5941391
vn -50.3433342 -59.1448593 62.984108
vn -75.8568039 -9.7811718 64.4154205
vn 12.8574476 0.112934634 99.1668472
vn 64.1254883 48.1185455 59.7674408
vn -65.5812225 56.1387863 -50.4654121
vn 10.5899229 79.7631683 -59.3737717
vn -18.7353134 -69.5303268 -69.3838196
vn 49.47966 -84.6552887 19.6173115
vn -63.8966026 -70.8853378 29.8684769
vn -84.5850983 -53.3341484 -0.485235602
vn -99.8596115 -5.23697615 -0.164799109
vn -93.3408585 -16.9896603 -31.5988636
vn -99.0966492 -12.3966198 -5.09658957
vn 66.1763382 74.9595642 -1.21770072
vn 35.5601654 76.8150787 -53.2426071
vn -2.98471022 23.1147346 97.2441788
vn 72.7622299 -5.21865416 68.3950272
vn -5.64287233 37.9375725 92.3490067
vn -70.1345825 46.0738029 54.3839722
vn -71.8009033 29.4076443 63.0817566
vn -73.3176651 4.8585577 67.8273849
vn -7.28781986 -9.78116608 99.2522964
vn 64.2353592 -30.9274464 70.1193314
vn -91.6196136 40.0708008 0.250245243
vn -73.4519501 41.1359062 53.9628181
vn -86.1751175 14.304018 -48.6678696
vn -75.1884537 6.80866909 -65.5720673
vn -93.9664917 34.1441078 -1.98981237
vn -3.23801374 27.4910908 96.0905685
vn -98.5625839 -11.8655949 12.0029316
vn -99.0508728 11.4474916 -7.5991106
vn 70.891449 37.6903496 -59.6087608
vn 92.1597977 -25.9468422 -28.8582993
vn 37.1074562 -66.8019714 -64.4978104
vn -35.5265961 17.822794 -91.7600021
vn 87.5301361 -48.3260612 1.71514809
vn 70.3695755 -62.2760735 -34.199028
vn 87.9207764 -27.8878212 -38.62117
vn 90.0814819 -43.3576469 2.19123602
vn 55.5803108 -51.3107605 65.4042282
vn 66.7073593 -25.7057285 69.9209671
vn 98.2360306 -18.6559639 -1.12612998
vn 70.287178 -6.83920956 -70.7998886
vn -24.7901859 -58.2476387 -77.407135
vn -75.7133713 -18.7322712 -62.5781975
vn 85.317543 35.7249603 -37.9986038
vn 84.5423737 -33.5215378 -41.5753632
vn 60.9881897 -77.4132462 16.9560966
vn 80.5536041 58.1835403 -11.2003031
vn 74.6970978 -59.3096771 -30.0424118
vn -28.4127331 -8.65506458 -95.4863129
vn -77.3796768 -17.1453075 -60.9729271
vn 95.0559998 -31.0220661 -1.26651311
vn -98.947113 14.4169436 1.24515283
vn -99.7558517 5.31022167 4.49537563
vn 99.2492447 12.2165594 -0.308238953
vn 72.5485992 11.7526894 67.8090744
vn 69.7408981 -6.53705359 71.3644791
vn 99.7161789 -7.48008633 0.515763998
vn -99.8474045 4.34583616 3.36008716
vn -76.1497879 -12.4729042 63.6005783
vn -76.5953522 -1.96540248 -64.2536697
vn -70.039978 18.6864719 -68.8833313
vn -98.2665482 18.5155792 0.628678262
vn -75.1792984 3.23192096 65.8558884
vn -13.7974186 -35.5479431 92.4405746
vn -8.95413113 -17.0781422 98.1200562
vn -37.1898575 -32.810463 -86.8312607
vn 41.8469772 -82.7143021 37.5072632
vn 89.9502563 34.6659698 -26.5846786
vn 1.04678488 7.00092983 -99.7466965
vn -6.74459028 -24.6223183 96.6856995
vn 62.1845131 -33.0973129 70.9708023
vn -0.25025177 -1.95622003 99.9786377
vn -70.1376343 3.39061809 71.1966324
vn -71.7612228 -19.0160713 66.9942322
vn -71.0074158 -3.19832826 70.3360062
vn -3.43638444 -13.257225 99.0569763
vn 65.0471497 -24.4727802 71.8985672
vn -96.4049225 26.5633106 0.265506715
vn -67.7297287 21.9458714 70.2169876
vn -65.9016647 25.971241 -70.5832138
vn -70.1742554 2.94502449 -71.1783142
vn -99.8626633 5.1820426 0.18005836
vn 3.18613243 13.1382341 99.0813904
vn -9.28067875 37.9833221 -92.0377274
vn 63.7226448 -71.6544037 28.3669643
vn 79.5770111 41.5478897 -44.0504227
vn -47.6454964 -26.5358582 -83.8160248
vn -25.4158134 2.95112419 -96.670433
vn -71.5018158 -18.3080654 -67.4642181
vn 90.7834091 -5.52385664 -41.5662117
vn -80.7336655 -50.1114006 -31.1502342
vn -39.2345963 -22.6996822 -89.1323547
vn -70.1132202 1.79447675 -71.2790298
vn 93.8627319 -34.4706573 0.997960865
vn 96.3743973 -26.6365566 1.39164829
vn 79.7723312 -46.0005569 -38.9843369
vn -98.8952255 -14.8167353 -0.271612316
vn -99.9176025 3.98876929 -0.579852343
vn 1.94402897 20.2886906 -97.900322
vn -64.8884506 30.362854 -69.7653198
vn 70.0216675 10.2481041 -70.6503525
vn 63.8386192 35.0443916 -68.526268
vn 0.335703611 30.8816643 -95.1078873
vn -61.8732262 42.225399 -66.2404327
vn 90.5484161 42.4359894 -0.0152661689
vn 63.4174652 33.0454292 -69.8996048
vn 93.8566284 34.5011749 -0.445575863
vn 63.954586 47.0534515 60.7867584
vn 60.2832146 57.7410278 55.0553856
vn 64.384903 -32.9660835 69.0450897
vn 84.2097244 -53.9078941 1.46489727
vn 67.3604584 -45.4847946 -58.2537231
vn 0.280770302 18.2500534 -98.318428
vn -65.7582321 29.24893 -69.4265594
vn -0.982695997 -66.5730896 -74.6116409
vn -65.2119522 -48.2314606 -58.4887123
vn 0.949125648 17.346735 98.4771271
vn 70.4061966 7.89514971 70.5709991
vn -67.1437759 28.6019592 68.3614502
vn -61.5710907 53.2303963 58.0950241
vn 0.943021953 48.3382835 87.5331802
vn -2.10577726 -99.9755859 0.155660689
vn -0.534073889 -45.7045059 88.940094
vn -62.6667099 -33.5520401 70.332962
vn -82.0368042 -57.1642227 1.41606808
vn -94.729454 32.001709 -1.41606402
vn -89.5626755 44.4624138 -1.0742588
vn -93.1760635 36.304821 -0.225842878
vn -63.1794167 53.6759644 55.9190559
vn 99.9694824 2.40485859 -0.115970731
vn 1.20548117 56.2273178 82.6837845
vn 30.6070118 95.1811218 1.8768729
vn 5.8351388 80.0988693 -59.5782471
vn 30.8847313 68.2058258 66.2861938
vn -68.9046936 -40.8154678 -59.8803635
vn -50.3891106 -86.3490677 -2.16069651
vn 11.1178923 -68.2515793 72.2342682
vn -36.2468338 28.6019325 -88.6990051
vn -61.1468849 53.2700539 -58.5070457
vn 26.4259777 0.918622851 96.4384918
vn -48.6709175 87.2707291 3.82090306
vn -42.8846092 89.1354065 -14.6855211
vn -88.4334869 43.8093185 -16.1198845
vn -60.1031532 79.4610443 8.54822063
vn -2.92977691 70.9708099 70.3878708
vn -29.4137383 70.5649033 64.4581299
vn -21.3904228 76.6075668 60.6066933
vn -0.399792463 99.9389648 -3.44860768
vn 29.3252354 71.8283615 -63.0878754
vn 52.4369011 -57.4480286 62.8467751
vn 47.7095871 4.3580575 87.7742844
vn -96.3103104 -16.3640289 -21.3507462
vn -50.5264473 -71.7215576 -47.9842415
vn 8.12097549 -99.5208588 -5.43838215
vn -39.5977631 10.4251385 91.228981
vn -7.51670885 74.8283386 65.907753
vn -25.9437866 8.68253136 96.1821289
vn 2.42622161 -73.7357635 67.5008545
vn -23.8044376 -67.8151703 69.5272751
vn -31.0647907 -61.894577 72.1335526
vn -25.3913994 7.85853195 96.4018707
vn 6.4424572 68.4286118 72.6340485
vn -0.253303617 -98.9684753 -14.3131647
vn 25.840023 -72.1396408 64.2475815
vn -14.1361742 -85.9401321 -49.1317329
vn 32.6212349 -69.8324661 -63.7104263
vn 22.1442318 -96.7558823 -12.1432981
vn 11.0019226 4.70597076 99.2797623
vn 9.61943436 -98.7823105 -12.2073879
vn -55.7725792 -82.5983429 8.16371441
vn -42.6618233 -35.4442139 -83.205658
vn 20.5053864 68.9474106 -69.4662399
vn 66.2282181 -11.4505568 -74.0409546
vn -97.5310516 -13.1870451 17.7037907
vn -84.475235 53.5050507 0.958272517
vn -44.82864 84.6125565 -28.8216934
vn 41.254921 90.8566513 6.54620552
vn 45.7838669 61.7511406 -63.9545975
vn 70.2383499 47.9293137 -52.6169662
vn 46.2721634 88.2747879 8.11790848
vn 18.8695946 64.9891815 73.616745
vn 1.37638474 69.1091843 72.2617188
vn 12.7201138 99.1729507 1.6601907
vn 5.79851675 69.6462784 -71.5231857
vn 71.4560394 -14.1209259 -68.5171051
vn 59.8162766 -63.4174728 -48.9883003
vn 53.0686378 -8.64895916 -84.3134918
vn 67.3177338 51.0299911 -53.5142136
vn 63.6738167 -16.4067612 -75.3410492
vn 42.1765823 -71.9321365 -55.1957664
vn 37.1929092 92.7945786 2.37432504
vn 27.6558723 -96.0966797 -0.119006537
vn 0.497451693 -99.9786377 1.86469734
vn -7.5807972 99.7100677 0.247183681
vn -24.3598747 83.5840836 -49.1928024
vn -12.9703674 70.9952164 69.2159653
vn 20.9570599 69.2281952 69.0481262
vn 25.1625118 96.780304 -0.149556458
vn 35.3526421 76.8761215 -53.2883835
vn -26.3252678 -96.4720612 -0.0274509415
vn -26.5694141 -65.0349274 71.1600113
vn -4.98367262 -72.5516586 -68.6361084
vn -31.5866566 -65.7002487 -68.4499512
vn -38.3648186 -92.339859 -1.0193032
vn -33.2102432 -65.8467255 67.5313644
vn -8.30408669 2.11494875 99.630722
vn -15.7902765 0.848430634 98.7395859
vn 24.5155182 -6.8880434 -96.7009506
vn -12.1280556 0.0915393531 -99.2614517
vn 24.3537712 -3.63168716 96.9206848
vn 36.8480492 65.6575241 65.8101044
vn 11.5115824 -1.10475385 99.328598
vn 6.72627974 -72.0053635 69.0603561
vn 19.742424 -73.8852997 64.4276428
vn 3.9979248 -77.8099823 62.6850319
vn 11.6824846 -1.74564254 99.2980728
vn 20.4718151 73.632019 64.4916992
vn -29.9874878 -95.3947525 -0.23192513
vn -28.5470123 -67.0369492 68.4865952
vn -41.2335587 -75.8323975 -50.4867554
vn 21.1554298 -82.8882751 -51.7837906
vn 6.32953882 -99.7924728 -0.8789168
vn -20.3466911 2.18208957 97.8820114
vn -81.6675339 12.0944757 -56.4256783
vn -63.5700531 76.0338135 -13.3121872
vn -95.5565033 14.2063704 25.818655
vn -78.5027618 -60.2984772 -14.169734
vn 13.7760553 98.9867859 -3.39062262
vn 18.518631 73.1101303 -65.6636353
vn 23.9906006 71.7306976 -65.4133911
vn 23.8898888 97.0610657 -2.81382227
vn 10.5166788 75.9300613 64.2139816
vn 0.411999881 70.3512802 71.0623322
vn 1.0895108 99.9816895 1.51675355
vn 5.49333191 74.4987259 -66.4754333
vn 26.236763 -3.01524448 -96.4476471
vn 21.5552235 -71.44384 -66.5639038
vn 73.9524536 -11.0751781 -66.3930206
vn 37.7025681 65.2790833 -65.7002487
vn 16.5623951 -0.0915715918 -98.6175156
vn 6.75679827 -72.8629456 -68.153923
vn 40.5957222 91.3846283 -0.772133172
vn 17.6854763 -98.3703156 -3.20747948
vn 1.38248849 -99.7863693 -6.36309338
vn -3.18613243 -99.8992844 -3.07930136
vn -0.726340532 -77.5078506 63.1794281
vn 4.174932 -74.9290543 -66.0878143
vn 4.16272449 -79.7418213 -60.1977463
vn 3.4394362 -99.8809738 3.40588188
vn 4.30005789 -73.97686 67.146843
vn 5.05996847 -1.80057585 99.853508
vn 2.26447344 -4.02842712 99.8901291
vn 16.0466328 -1.05900836 -98.6968613
vn 8.73439789 -5.39874029 -99.4689789
vn 9.48515224 -2.63376379 -99.5117035
vn 6.64082766 74.2393188 -66.6646423
vn 16.452528 72.7317047 -66.6249695
vn 9.27762699 -3.21971893 -99.5147552
vn 10.0161743 -4.25734854 -99.404892
vn 3.1525619 73.6197968 -67.6015625
vn 9.93987846 -3.74463749 -99.4323578
vn 3.8087101 73.8639374 -67.2994385
vn 6.12201309 99.8046799 1.22987974
vn 7.95312357 71.3492279 69.6096497
vn 17.343668 70.1040726 69.1701965
vn 19.1961422 98.1353149 0.747687519
vn 0.265511036 99.9908447 1.24513888
vn 3.21054721 70.8701019 70.4763794
vn 0.915555298 99.9847412 1.47707951
vn 3.3906064 70.8395844 70.4946899
vn 9.19827938 -1.93180537 99.5544281
vn 10.489212 -72.5089188 68.0593414
vn 0.976592302 -72.5760651 68.7856827
vn 9.10977459 -2.40789413 99.5544281
vn 9.57670784 -2.92670894 99.4964447
vn 15.6926174 -72.5150223 67.0430756
vn 9.6163826 -2.70087171 99.4994965
vn 15.7414465 -72.3197021 67.2444992
vn 11.4658041 -99.2736588 3.59814858
vn -1.85247362 -99.8931808 4.19020748
vn 17.5084686 -98.3886261 3.55542231
vn 17.169714 -98.4588165 3.25939274
vn 12.2013006 -77.3552704 -62.1845016
vn 1.84331799 -78.02668 -62.5171547
vn 15.9978027 -77.4468307 -61.2018051
vn 15.4362621 -77.0470352 -61.8457489
vn -9.29899025 -99.4750824 4.19631147
vn -4.40687275 -78.2555695 -62.0990524
vn 97.8179245 -20.7647934 0.0122107863
vn 24.0150146 68.0013504 69.2709045
vn 9.97955322 -3.89719725 99.4232025
vn 23.9478741 70.1742477 -67.0919037
vn 28.5500641 95.8342285 0.341791689
vn 9.91241169 -5.19731855 -99.3713226
vn -3.66222119 -72.8629303 68.3889389
vn 77.6757126 44.9140816 -44.145031
vn 5.27665043 83.0011826 -55.5223389
vn -71.7551193 64.5619049 -26.1208019
vn -99.8687668 5.06607246 0.167850986
vn 44.3250847 -89.3490372 -7.1931982
vn 88.9309311 -29.9905453 -34.5133781
vn -99.1637955 -10.0070181 8.12402916
vn -67.1742935 -74.0073853 -3.13423896
vn 50.459301 -74.4895859 -43.6414566
vn 27.4758129 -68.3553619 -67.6167984
vn 53.3310966 -8.24611473 -84.1853104
vn -6.89107943 -92.1414948 -38.2396774
vn -83.9838867 52.6474876 13.1992464
vn -97.4150848 -17.7892361 13.9011841
vn 16.6081734 73.0857162 -66.1977158
vn -41.0687599 90.5178986 -10.9408998
vn -67.256691 -72.539444 -14.627511
vn 48.2192459 -77.8527145 40.1654205
vn -82.4671173 -53.669857 -17.844162
vn 19.9499512 -70.567955 -67.983017
vn -32.6609077 64.5039139 -69.0786591
vn 89.3520889 40.7299995 -18.8879108
vn 39.5580902 -36.3506126 -84.34095
vn -75.0175476 -51.5244064 -41.4380226
vn -32.3465691 71.1874619 -62.3340645
vn -33.2682266 38.0596199 -86.2788849
vn -66.6493683 -65.1875458 -36.1644211
vn -27.6039925 56.7949371 -77.5353317
vn 33.6191902 -75.9300613 -55.7145767
vn 23.5969105 -76.1162262 -60.4052734
vn -63.5395355 4.05894899 -77.1080704
vn 45.5305634 -68.0074539 -57.4571838
vn 80.2484207 -11.7191172 -58.5009308
vn 56.70644 56.8162994 -59.6301231
vn 0 32.8714714 -94.439537
vn 0 21.3324223 -97.6958542
vn 0 36.240715 -93.2004852
vn 0 2.00813413 99.9786377
vn 0 -11.8075953 99.2980728
vn 0 2.12105274 99.9755859
vn 0 99.5544281 -9.4088726
vn 0 97.8698044 -20.5176086
vn 0 99.9816895 1.80057573
vn 23.2520523 40.6872635 -88.3358307
vn 0 5.39263678 99.853508
vn 0 15.0090189 98.8647079
vn 0 -99.9969482 0.103779227
vn 0 -97.0244522 -24.2072678
vn 0 9.99177647 99.4964447
vn 0 -96.9389877 24.5430012
vn 0 -14.0476542 99.0050964
vn 0 -2.97553849 99.9542236
vn 0 -28.8064365 -95.7579193
vn 0 -18.1737881 -98.3336868
vn 0 40.4980469 -91.4304123
vn 0 25.6721554 -96.6460266
vn 0 33.2804489 94.2960815
vn 0 17.2429733 98.5015411
vn 0 32.3496056 -94.6226425
vn 0 26.4412518 96.4384842
vn 0 22.6386452 97.4028778
vn 0 9.26848793 99.5666351
vn 0 6.16777468 -99.8077316
vn 0 3.52181959 -99.9359131
vn 0 20.5084534 97.8728561
vn 0 -5.15764427 -99.865715
vn 0 75.6828537 65.3553772
vn 0 -7.8219099 -99.6917572
vn 0 61.8884735 -78.5454941
vn 0 7.01927376 99.7528
vn 0 -2.54827952 99.9664307
vn 0 -8.60009956 99.6276703
vn 0 -22.7057552 97.387619
vn 0 3.43636823 -99.9389648
vn 0 19.8522758 -98.0071411
vn 0 -5.25835562 -99.8596115
vn 0 12.0670023 -99.2675552
vn 0 21.4697876 97.6653366
vn 0 9.98262119 99.4994965
vn 0 -67.2200546 74.0348587
vn 0 -89.2727356 45.0575409
vn 0 -35.6547585 93.4263153
vn 0 -69.0481491 -72.3319092
vn 0 -89.7000122 -44.1968918
vn 0 -43.9100494 -89.8403778
vn 0 4.95924139 -99.8748703
vn 15.7597589 12.8024979 -97.9155807
vn 16.3243504 4.19933081 -98.5686874
vn 15.1615944 47.9567719 -86.428421
vn 9.74150848 -3.01524496 -99.4781342
vn -51.1673317 -82.1192093 -25.2601585
vn -75.3074799 -54.3931427 -37.0128403
vn -60.515152 -41.0901337 -68.1813965
vn -41.1084328 -87.8017654 -24.5094013
vn -51.6769943 -81.6766815 25.6447182
vn -34.5316963 -74.0592575 57.6403198
vn -50.7065048 -43.537693 74.3827744
vn -76.7509995 -51.3565407 38.3587227
vn -27.1980934 -94.2258987 19.5227051
vn -20.8227787 -89.5046768 39.4329834
vn -20.7678452 -89.928894 -38.4838257
vn -27.1095924 -94.3052444 -19.2632675
vn -86.1201859 -25.9742966 43.6841965
vn -56.0075684 -20.7190018 80.2087479
vn -84.734642 -32.1970367 -42.2223549
vn -65.9474487 -45.3413582 -59.9536057
vn -87.5881195 -19.898077 -43.952755
vn -89.2696915 3.90636182 -44.8927269
vn -69.0298157 -9.56756401 -71.7154465
vn -68.1661453 -7.0772543 -72.8202133
vn -88.2900467 -13.1412621 45.0758438
vn -56.6331978 -8.09654713 82.0154419
vn -58.4154778 8.6459074 80.7000961
vn -89.0774231 6.97043514 44.8988304
vn -5.80462074 -10.5014353 -99.2767105
vn -20.4077282 18.8970451 -96.0509033
vn -3.78429508 37.0555573 -92.8006897
vn -0.0518814661 41.3037338 -91.0702896
vn -62.9413719 55.012661 -54.8783913
vn -65.562912 8.50244427 -75.0236511
vn -0.534073889 -7.23900604 -99.7344894
vn -21.1554298 -13.8248682 96.7528305
vn -19.6783352 -35.5937195 91.3541183
vn -21.2683506 -3.07624984 97.6622849
vn -20.8441429 9.39056206 97.3509903
vn -6.62862062 -3.07017827 -99.7314377
vn -5.2858057 -40.4156761 -91.3144302
vn -4.95010233 -22.2174892 -97.3723602
vn -17.4596405 -95.7731857 -22.8461418
vn -14.4322033 -89.0926895 -43.0524483
vn -17.3955498 -95.7152023 23.1422005
vn -14.3406477 -88.6532135 43.9863434
vn -2.46589565 40.9161491 -91.2106781
vn -23.6579475 19.5654011 -95.1689148
vn -77.4803925 41.6760712 -47.5325851
vn 1.00100708 -77.8161011 -62.7948761
vn -15.0944548 -68.2363205 71.5231857
vn -72.9606018 -5.49332094 68.1600418
vn -56.6515083 19.5043926 80.0622559
vn -39.6832161 -21.0638905 -89.3368301
vn -66.0328979 39.1247177 -64.0980301
vn -55.7664757 61.1102562 -56.1723824
vn -84.4264069 28.1136436 -45.619072
vn -64.2262039 54.6159363 53.7705536
vn -53.0808449 35.7127724 76.8547516
vn -50.8590927 27.0729828 81.7316132
vn -84.228035 31.9773006 43.3912125
vn -19.9804688 16.2541733 96.6246567
vn -16.5532398 25.1136971 95.3672791
vn -15.9428682 21.4179058 96.3682938
vn -67.5771332 -4.02235174 -73.5984421
vn -15.338603 34.5072632 -92.5931625
vn -1.50151062 -14.5726042 -98.9196396
vn -0.216681421 53.8132744 -84.2829819
vn -77.6482468 46.8245392 -42.1643829
vn -79.6685715 -7.19627476 -60.0054932
vn -3.67137671 -1.36419368 -99.9206543
vn -16.3274021 20.3497581 96.5330963
vn -54.7318954 27.5460205 79.0246201
vn -17.7282028 9.3325758 97.97052
vn -21.857357 -20.7464676 95.3489761
vn -64.9159164 -10.7577629 75.2983246
vn -62.2089272 19.3945236 75.8507004
vn -76.3054276 -21.81464 -60.8355904
vn 0.936918259 -27.7047195 -96.0783615
vn 0.238044381 17.8136387 -98.3977814
vn -74.7581406 33.2407532 -57.4968719
vn -86.6389999 28.0984001 41.2762794
vn -87.9604492 17.0598392 -44.3983307
vn -69.0328674 27.2011375 -67.0369644
vn -90.4049835 19.4067135 -38.0779495
vn -56.3737946 -44.8225479 -69.3685608
vn -90.8505478 21.7047691 35.7005501
vn -86.0316772 -14.7556915 48.7899475
vn 5.71306515 22.3181705 -97.3082657
vn -78.3593216 20.2093468 -58.7450829
vn -82.299263 -26.3588448 -50.3158646
vn 12.5614185 -29.8288059 -94.6165237
vn -81.6522751 5.02335644 57.5090752
vn -66.1580276 -1.45877254 74.9687195
vn -12.4851217 9.08839607 -98.7975693
vn -92.5992584 21.4392471 -31.0678463
vn -95.8189697 8.7649107 -27.2316685
vn -94.1496048 10.0955276 32.1512489
vn -66.3289337 5.93586206 74.5994415
vn -63.5700531 -7.40072584 76.8364487
vn -95.8555908 0.436419338 28.4768219
vn -25.9865112 -10.9042482 95.9440918
vn -25.519577 1.40386713 96.6765366
vn -20.6152534 -9.59500313 97.3784637
vn -97.7263718 -1.68156648 21.127964
vn -63.5608978 -4.58386803 77.062294
vn -97.9552612 -0.0366254859 -20.1025429
vn -98.6663437 -1.10477269 -16.2297421
vn -63.6219368 5.59710693 76.9432678
vn -98.4740753 1.30619502 17.3406162
vn -12.6956997 -3.64389372 99.1210632
vn -9.25321198 7.09557009 99.3163834
vn 6.50959826 27.4178143 -95.9471512
vn -77.2698135 31.7911224 -54.9363708
vn -48.5274811 59.8132133 -63.7714844
vn -16.0954628 63.9576263 -75.167099
vn -11.9724112 17.3528385 97.7507858
vn -16.092411 77.0043106 61.73283
vn -48.7136459 70.5404892 51.4847145
vn -64.6107407 19.8645096 73.6899948
vn -9.69878197 10.0619688 99.0173035
vn -64.9708557 7.79749107 75.6126556
vn -11.7191076 97.0427551 -21.0944099
vn -62.160099 74.3217239 -24.7383156
vn -21.0058899 -25.5623188 -94.366272
vn -11.8076115 99.2645035 2.58795333
vn -62.2669144 77.51091 10.7058802
vn -98.5412216 1.78228366 16.9164085
vn -98.5839462 -1.64189851 -16.6814175
vn -80.6848373 18.2347984 -56.1876335
vn -99.9969482 0.0732444376 0.0976592153
vn -99.9725342 -2.23090315 0.195318818
vn -98.5442734 -3.14646101 -16.6966763
vn -98.5167999 -1.31839693 17.096468
vn -98.5808945 16.7607651 0.488293409
vn -99.8168869 5.87481308 1.22379124
vn -96.4934235 26.1909847 -1.63274467
vn -87.582016 28.2540417 39.1247253
vn -97.3204727 22.910244 -1.87994385
vn -95.0559998 -31.0434284 0.677515984
vn -98.3764191 -17.9265728 0.439469457
vn -99.9938965 0.408948153 0.701925635
vn -99.9969482 0.0915556103 0.497451663
vn -64.7816391 2.65207076 76.1314774
vn 12.0670185 12.5888691 -98.46492
vn 7.40684175 -25.3914146 -96.4354324
vn -96.4781647 26.236763 -1.83111489
vn -88.5616608 20.9906235 -41.4227753
vn -54.1978188 26.4961815 79.7509613
vn -1.08645892 8.4475069 -99.6337738
vn -16.3792839 23.0262318 95.9227295
vn -17.9021587 32.1268501 92.9898911
vn -52.2507439 36.6710548 76.970726
vn -55.1866226 29.2642136 78.0876999
vn -25.7850876 41.0351715 -87.4691086
vn -61.3971367 31.6263199 -72.3166656
vn -2.69173265 22.2021999 -97.463913
vn -16.7546616 -57.3107185 -80.2148438
vn -85.0428772 -52.2446327 6.15254021
vn -94.3174515 33.2224503 0.439461112
vn -59.9749756 80.010376 -0.897257209
vn -87.5148773 -44.6485748 18.6315575
vn -99.8779221 4.87685776 -0.433363646
vn -18.6437569 -98.2451859 0.0885196775
vn -28.4524059 -95.8647461 0.079363741
vn -84.6888657 -53.1632423 0.943030596
vn -58.4887199 -81.1090393 0.164813176
vn -9.82085609 5.29802942 99.3743744
vn -77.7825241 -27.9213943 -56.3005409
vn -97.4120331 14.2277317 17.5481396
vn -99.3438568 11.4108706 -0.689720154
vn -97.387619 12.0975351 -19.2052994
vn -10.2725306 99.0295105 -9.32952404
vn -66.292305 74.5445099 -6.90940237
vn -26.9600506 71.9717941 -63.9729118
vn -43.9527588 88.0489502 17.7556534
vn -80.4528961 26.8379879 52.9770737
vn -65.3431854 8.37429142 75.2311783
vn -26.3679924 2.02949643 96.4384918
vn -79.5037689 6.49432898 -60.3045769
vn -9.75066376 -12.3661156 -98.7517929
vn -4.60829496 9.82389164 -99.4079437
vn -99.7924728 5.79546452 -2.74666691
vn -90.4507599 42.5214386 -3.16172457
vn -79.0917664 47.0747948 -39.0911636
vn -89.8403854 -7.83716059 -43.2081032
vn -82.8272324 12.0334568 54.7196846
vn -79.8913574 28.7392883 52.8275337
vn -98.452713 -17.3284092 -2.54829288
vn -77.1446915 6.85446787 63.2557144
vn -89.0987854 -3.72021389 -45.2436905
vn -23.1665993 -11.5115662 96.5941391
vn -12.8574476 0.112934634 99.1668472
vn 75.8568039 -9.7811718 64.4154205
vn 50.3433342 -59.1448593 62.984108
vn -64.1254883 48.1185455 59.7674408
vn 65.5812225 56.1387863 -50.4654121
vn 18.7353134 -69.5303268 -69.3838196
vn -10.5899229 79.7631683 -59.3737717
vn -49.47966 -84.6552887 19.6173115
vn 63.8966026 -70.8853378 29.8684769
vn 84.5850983 -53.3341484 -0.485235602
vn 99.8596115 -5.23697615 -0.164799109
vn 99.0966492 -12.3966198 -5.09658957
vn 93.3408585 -16.9896603 -31.5988636
vn -66.1763382 74.9595642 -1.21770072
vn -35.5601654 76.8150787 -53.2426071
vn 2.98471022 23.1147346 97.2441788
vn 5.64287233 37.9375725 92.3490067
vn -72.7622299 -5.21865416 68.3950272
vn 71.8009033 29.4076443 63.0817566
vn 70.1345825 46.0738029 54.3839722
vn 7.28781986 -9.78116608 99.2522964
vn 73.3176651 4.8585577 67.8273849
vn -64.2353592 -30.9274464 70.1193314
vn 91.6196136 40.0708008 0.250245243
vn 73.4519501 41.1359062 53.9628181
vn 86.1751175 14.304018 -48.6678696
vn 93.9664917 34.1441078 -1.98981237
vn 75.1884537 6.80866909 -65.5720673
vn 3.23801374 27.4910908 96.0905685
vn 98.5625839 -11.8655949 12.0029316
vn 99.0508728 11.4474916 -7.5991106
vn -70.891449 37.6903496 -59.6087608
vn -92.1597977 -25.9468422 -28.8582993
vn -37.1074562 -66.8019714 -64.4978104
vn 35.5265961 17.822794 -91.7600021
vn -87.5301361 -48.3260612 1.71514809
vn -90.0814819 -43.3576469 2.19123602
vn -87.9207764 -27.8878212 -38.62117
vn -70.3695755 -62.2760735 -34.199028
vn -55.5803108 -51.3107605 65.4042282
vn -98.2360306 -18.6559639 -1.12612998
vn -66.7073593 -25.7057285 69.9209671
vn -70.287178 -6.83920956 -70.7998886
vn 24.7901859 -58.2476387 -77.407135
vn 75.7133713 -18.7322712 -62.5781975
vn -85.317543 35.7249603 -37.9986038
vn -80.5536041 58.1835403 -11.2003031
vn -60.9881897 -77.4132462 16.9560966
vn -84.5423737 -33.5215378 -41.5753632
vn 28.4127331 -8.65506458 -95.4863129
vn -74.6970978 -59.3096771 -30.0424118
vn 77.3796768 -17.1453075 -60.9729271
vn -95.0559998 -31.0220661 -1.26651311
vn 98.947113 14.4169436 1.24515283
vn 99.7558517 5.31022167 4.49537563
vn -99.2492447 12.2165594 -0.308238953
vn -72.5485992 11.7526894 67.8090744
vn -99.7161789 -7.48008633 0.515763998
vn -69.7408981 -6.53705359 71.3644791
vn 99.8474045 4.34583616 3.36008716
vn 76.1497879 -12.4729042 63.6005783
vn 76.5953522 -1.96540248 -64.2536697
vn 98.2665482 18.5155792 0.628678262
vn 70.039978 18.6864719 -68.8833313
vn 75.1792984 3.23192096 65.8558884
vn 13.7974186 -35.5479431 92.4405746
vn 8.95413113 -17.0781422 98.1200562
vn 37.1898575 -32.810463 -86.8312607
vn -89.9502563 34.6659698 -26.5846786
vn -41.8469772 -82.7143021 37.5072632
vn -1.04678488 7.00092983 -99.7466965
vn 6.74459028 -24.6223183 96.6856995
vn 0.25025177 -1.95622003 99.9786377
vn -62.1845131 -33.0973129 70.9708023
vn 71.7612228 -19.0160713 66.9942322
vn 70.1376343 3.39061809 71.1966324
vn 3.43638444 -13.257225 99.0569763
vn 71.0074158 -3.19832826 70.3360062
vn -65.0471497 -24.4727802 71.8985672
vn 96.4049225 26.5633106 0.265506715
vn 67.7297287 21.9458714 70.2169876
vn 65.9016647 25.971241 -70.5832138
vn 99.8626633 5.1820426 0.18005836
vn 70.1742554 2.94502449 -71.1783142
vn -3.18613243 13.1382341 99.0813904
vn 9.28067875 37.9833221 -92.0377274
vn -79.5770111 41.5478897 -44.0504227
vn -63.7226448 -71.6544037 28.3669643
vn 47.6454964 -26.5358582 -83.8160248
vn 25.4158134 2.95112419 -96.670433
vn 71.5018158 -18.3080654 -67.4642181
vn -90.7834091 -5.52385664 -41.5662117
vn 80.7336655 -50.1114006 -31.1502342
vn 70.1132202 1.79447675 -71.2790298
vn 39.2345963 -22.6996822 -89.1323547
vn -93.8627319 -34.4706573 0.997960865
vn -96.3743973 -26.6365566 1.39164829
vn -79.7723312 -46.0005569 -38.9843369
vn 98.8952255 -14.8167353 -0.271612316
vn 99.9176025 3.98876929 -0.579852343
vn -1.94402897 20.2886906 -97.900322
vn 64.8884506 30.362854 -69.7653198
vn -70.0216675 10.2481041 -70.6503525
vn -0.335703611 30.8816643 -95.1078873
vn -63.8386192 35.0443916 -68.526268
vn 61.8732262 42.225399 -66.2404327
vn -90.5484161 42.4359894 -0.0152661689
vn -93.8566284 34.5011749 -0.445575863
vn -63.4174652 33.0454292 -69.8996048
vn -60.2832146 57.7410278 55.0553856
vn -63.954586 47.0534515 60.7867584
vn -84.2097244 -53.9078941 1.46489727
vn -64.384903 -32.9660835 69.0450897
vn -67.3604584 -45.4847946 -58.2537231
vn -0.280770302 18.2500534 -98.318428
vn 65.7582321 29.24893 -69.4265594
vn 0.982695997 -66.5730896 -74.6116409
vn 65.2119522 -48.2314606 -58.4887123
vn -0.949125648 17.346735 98.4771271
vn -70.4061966 7.89514971 70.5709991
vn 67.1437759 28.6019592 68.3614502
vn -0.943021953 48.3382835 87.5331802
vn 61.5710907 53.2303963 58.0950241
vn 2.10577726 -99.9755859 0.155660689
vn 82.0368042 -57.1642227 1.41606808
vn 62.6667099 -33.5520401 70.332962
vn 0.534073889 -45.7045059 88.940094
vn 94.729454 32.001709 -1.41606402
vn 89.5626755 44.4624138 -1.0742588
vn 93.1760635 36.304821 -0.225842878
vn 63.1794167 53.6759644 55.9190559
vn -99.9694824 2.40485859 -0.115970731
vn -1.20548117 56.2273178 82.6837845
vn -5.8351388 80.0988693 -59.5782471
vn -30.6070118 95.1811218 1.8768729
vn -30.8847313 68.2058258 66.2861938
vn 50.3891106 -86.3490677 -2.16069651
vn 68.9046936 -40.8154678 -59.8803635
vn -11.1178923 -68.2515793 72.2342682
vn 36.2468338 28.6019325 -88.6990051
vn 61.1468849 53.2700539 -58.5070457
vn -26.4259777 0.918622851 96.4384918
vn 48.6709175 87.2707291 3.82090306
vn 60.1031532 79.4610443 8.54822063
vn 88.4334869 43.8093185 -16.1198845
vn 42.8846092 89.1354065 -14.6855211
vn 29.4137383 70.5649033 64.4581299
vn 2.92977691 70.9708099 70.3878708
vn 0.399792463 99.9389648 -3.44860768
vn 21.3904228 76.6075668 60.6066933
vn -29.3252354 71.8283615 -63.0878754
vn -47.7095871 4.3580575 87.7742844
vn -52.4369011 -57.4480286 62.8467751
vn 96.3103104 -16.3640289 -21.3507462
vn 50.5264473 -71.7215576 -47.9842415
vn -8.12097549 -99.5208588 -5.43838215
vn 39.5977631 10.4251385 91.228981
vn 25.9437866 8.68253136 96.1821289
vn 7.51670885 74.8283386 65.907753
vn 23.8044376 -67.8151703 69.5272751
vn -2.42622161 -73.7357635 67.5008545
vn 25.3913994 7.85853195 96.4018707
vn 31.0647907 -61.894577 72.1335526
vn -6.4424572 68.4286118 72.6340485
vn 0.253303617 -98.9684753 -14.3131647
vn -25.840023 -72.1396408 64.2475815
vn 14.1361742 -85.9401321 -49.1317329
vn -22.1442318 -96.7558823 -12.1432981
vn -32.6212349 -69.8324661 -63.7104263
vn -11.0019226 4.70597076 99.2797623
vn -9.61943436 -98.7823105 -12.2073879
vn 42.6618233 -35.4442139 -83.205658
vn 55.7725792 -82.5983429 8.16371441
vn -20.5053864 68.9474106 -69.4662399
vn -66.2282181 -11.4505568 -74.0409546
vn 97.5310516 -13.1870451 17.7037907
vn 84.475235 53.5050507 0.958272517
vn 44.82864 84.6125565 -28.8216934
vn -41.254921 90.8566513 6.54620552
vn -46.2721634 88.2747879 8.11790848
vn -70.2383499 47.9293137 -52.6169662
vn -45.7838669 61.7511406 -63.9545975
vn -18.8695946 64.9891815 73.616745
vn -12.7201138 99.1729507 1.6601907
vn -1.37638474 69.1091843 72.2617188
vn -5.79851675 69.6462784 -71.5231857
vn -71.4560394 -14.1209259 -68.5171051
vn -53.0686378 -8.64895916 -84.3134918
vn -59.8162766 -63.4174728 -48.9883003
vn -67.3177338 51.0299911 -53.5142136
vn -63.6738167 -16.4067612 -75.3410492
vn -42.1765823 -71.9321365 -55.1957664
vn -37.1929092 92.7945786 2.37432504
vn -27.6558723 -96.0966797 -0.119006537
vn -0.497451693 -99.9786377 1.86469734
vn 7.5807972 99.7100677 0.247183681
vn 24.3598747 83.5840836 -49.1928024
vn 12.9703674 70.9952164 69.2159653
vn -25.1625118 96.780304 -0.149556458
vn -20.9570599 69.2281952 69.0481262
vn -35.3526421 76.8761215 -53.2883835
vn 26.3252678 -96.4720612 -0.0274509415
vn 26.5694141 -65.0349274 71.1600113
vn 4.98367262 -72.5516586 -68.6361084
vn 38.3648186 -92.339859 -1.0193032
vn 31.5866566 -65.7002487 -68.4499512
vn 33.2102432 -65.8467255 67.5313644
vn 8.30408669 2.11494875 99.630722
vn 15.7902765 0.848430634 98.7395859
vn -24.5155182 -6.8880434 -96.7009506
vn 12.1280556 0.0915393531 -99.2614517
vn -24.3537712 -3.63168716 96.9206848
vn -11.5115824 -1.10475385 99.328598
vn -36.8480492 65.6575241 65.8101044
vn -19.742424 -73.8852997 64.4276428
vn -6.72627974 -72.0053635 69.0603561
vn -11.6824846 -1.74564254 99.2980728
vn -3.9979248 -77.8099823 62.6850319
vn -20.4718151 73.632019 64.4916992
vn 29.9874878 -95.3947525 -0.23192513
vn 28.5470123 -67.0369492 68.4865952
vn 41.2335587 -75.8323975 -50.4867554
vn -6.32953882 -99.7924728 -0.8789168
vn -21.1554298 -82.8882751 -51.7837906
vn 20.3466911 2.18208957 97.8820114
vn 81.6675339 12.0944757 -56.4256783
vn 95.5565033 14.2063704 25.818655
vn 63.5700531 76.0338135 -13.3121872
vn 78.5027618 -60.2984772 -14.169734
vn -13.7760553 98.9867859 -3.39062262
vn -23.8898888 97.0610657 -2.81382227
vn -23.9906006 71.7306976 -65.4133911
vn -18.518631 73.1101303 -65.6636353
vn -10.5166788 75.9300613 64.2139816
vn -1.0895108 99.9816895 1.51675355
vn -0.411999881 70.3512802 71.0623322
vn -5.49333191 74.4987259 -66.4754333
vn -26.236763 -3.01524448 -96.4476471
vn -73.9524536 -11.0751781 -66.3930206
vn -21.5552235 -71.44384 -66.5639038
vn -37.7025681 65.2790833 -65.7002487
vn -16.5623951 -0.0915715918 -98.6175156
vn -6.75679827 -72.8629456 -68.153923
vn -40.5957222 91.3846283 -0.772133172
vn -17.6854763 -98.3703156 -3.20747948
vn -1.38248849 -99.7863693 -6.36309338
vn 3.18613243 -99.8992844 -3.07930136
vn 0.726340532 -77.5078506 63.1794281
vn -4.174932 -74.9290543 -66.0878143
vn -3.4394362 -99.8809738 3.40588188
vn -4.16272449 -79.7418213 -60.1977463
vn -4.30005789 -73.97686 67.146843
vn -5.05996847 -1.80057585 99.853508
vn -2.26447344 -4.02842712 99.8901291
vn -16.0466328 -1.05900836 -98.6968613
vn -8.73439789 -5.39874029 -99.4689789
vn -9.48515224 -2.63376379 -99.5117035
vn -9.27762699 -3.21971893 -99.5147552
vn -16.452528 72.7317047 -66.6249695
vn -6.64082766 74.2393188 -66.6646423
vn -10.0161743 -4.25734854 -99.404892
vn -3.1525619 73.6197968 -67.6015625
vn -9.93987846 -3.74463749 -99.4323578
vn -3.8087101 73.8639374 -67.2994385
vn -6.12201309 99.8046799 1.22987974
vn -19.1961422 98.1353149 0.747687519
vn -17.343668 70.1010208 69.1701965
vn -7.95312357 71.3492279 69.6096497
vn -0.265511036 99.9908447 1.24513888
vn -3.21054721 70.8701019 70.4763794
vn -0.915555298 99.9847412 1.47707951
vn -3.3906064 70.8395844 70.4946899
vn -9.19827938 -1.93180537 99.5544281
vn -9.10977459 -2.40789413 99.5544281
vn -0.976592302 -72.5760651 68.7856827
vn -10.489212 -72.5089188 68.0593414
vn -9.57670784 -2.92670894 99.4964447
vn -15.6926174 -72.5150223 67.0430756
vn -9.6163826 -2.70087171 99.4994965
vn -15.7414465 -72.3197021 67.2444992
vn 1.85247362 -99.8931808 4.19020748
vn -11.4658041 -99.2736588 3.59814858
vn -17.5084686 -98.3886261 3.55542231
vn -17.169714 -98.4588165 3.25939274
vn -12.2013006 -77.3552704 -62.1845016
vn -1.84331799 -78.02668 -62.5171547
vn -15.9978027 -77.4468307 -61.2018051
vn -15.4362621 -77.0470352 -61.8457489
vn 9.29899025 -99.4750824 4.19631147
vn -97.8179245 -20.7647934 0.0122107863
vn 4.40687275 -78.2555695 -62.0990524
vn -24.0150146 68.0013504 69.2709045
vn -9.97955322 -3.89719725 99.4232025
vn -23.9478741 70.1742477 -67.0919037
vn -28.5500641 95.8342285 0.341791689
vn -9.91241169 -5.19731855 -99.3713226
vn 3.66222119 -72.8629303 68.3889389
vn -5.27665043 83.0011826 -55.5223389
vn -77.6757126 44.9140816 -44.145031
vn 99.8687668 5.06607246 0.167850986
vn 71.7551193 64.5619049 -26.1208019
vn -88.9309311 -29.9905453 -34.5133781
vn -44.3250847 -89.3490372 -7.1931982
vn 67.1742935 -74.0073853 -3.13423896
vn 99.1637955 -10.0070181 8.12402916
vn -50.459301 -74.4895859 -43.6414566
vn -53.3310966 -8.24611473 -84.1853104
vn -27.4758129 -68.3553619 -67.6167984
vn 6.89107943 -92.1414948 -38.2396774
vn 97.4150848 -17.7892361 13.9011841
vn 83.9838867 52.6474876 13.1992464
vn 41.0687599 90.5178986 -10.9408998
vn -16.6081734 73.0857162 -66.1977158
vn 67.256691 -72.539444 -14.627511
vn -48.2192459 -77.8527145 40.1654205
vn -19.9499512 -70.567955 -67.983017
vn 82.4671173 -53.669857 -17.844162
vn 32.6609077 64.5039139 -69.0786591
vn -89.3520889 40.7299995 -18.8879108
vn -39.5580902 -36.3506126 -84.34095
vn 75.0175476 -51.5244064 -41.4380226
vn 32.3465691 71.1874619 -62.3340645
vn 66.6493683 -65.1875458 -36.1644211
vn 33.2682266 38.0596199 -86.2788849
vn 27.6039925 56.7949371 -77.5353317
vn -33.6191902 -75.9300613 -55.7145767
vn -23.5969105 -76.1162262 -60.4052734
vn 63.5395355 4.05894899 -77.1080704
vn -45.5305634 -68.0074539 -57.4571838
vn -80.2484207 -11.7191172 -58.5009308
vn -56.70644 56.8162994 -59.6301231
vn -23.2520523 40.6872635 -88.3358307
vn -15.7597589 12.8024979 -97.9155807
vn -16.3243504 4.19933081 -98.5686874
vn -15.1615944 47.9567719 -86.428421
vn -9.74150848 -3.01524496 -99.4781342

# Mesh 'Cube.001' with 1190 faces
g Cube.001
usemtl Material
f  1/1/1 2/2/2 3/3/3 4/4/4
f  5/5/5 6/6/6 7/7/7 8/8/8
f  5/5/5 8/8/8 9/9/9 10/10/10
f  1/1/1 11/11/11 12/12/12 2/2/2
f  13/13/13 14/14/14 7/7/7 6/6/6
f  15/15/15 4/4/4 3/3/3 16/16/16
f  17/17/17 18/18/18 19/19/19 20/20/20
f  21/21/21 22/22/22 23/23/23 24/24/24
f  25/25/25 26/26/26 27/27/27
f  28/28/28 29/29/29 30/30/30 31/31/31
f  32/32/32 33/33/33 7/7/7 14/14/14
f  34/34/34 24/24/24 23/23/23 35/35/35
f  36/36/36 25/25/25 19/19/19 18/18/18
f  37/37/37 16/16/16 3/3/3 38/38/38
f  39/39/39 40/40/40 12/12/12 11/11/11
f  41/41/41 10/10/10 9/9/9 42/42/42
f  43/43/43 44/44/44 45/45/45
f  46/46/46 2/2/2 12/12/12 40/40/40
f  47/47/47 8/8/8 7/7/7 33/33/33
f  47/47/47 42/42/42 9/9/9 8/8/8
f  48/48/48 49/49/49 23/23/23 22/22/22
f  50/50/50 20/20/20 19/19/19 51/51/51
f  52/52/52 31/31/31 30/30/30 53/53/53
f  54/54/54 55/55/55 56/56/56 57/57/57
f  58/58/58 35/35/35 23/23/23 49/49/49
f  59/59/59 57/57/57 56/56/56 60/60/60
f  61/61/61 62/62/62 63/63/63
f  64/64/64 65/65/65 66/66/66 67/67/67
f  68/68/68 60/60/60 56/56/56 69/69/69
f  70/70/70 71/71/71 72/72/72 73/73/73
f  74/74/74 75/75/75 45/45/45
f  76/76/76 75/75/75 74/74/74 77/77/77
f  78/78/78 69/69/69 56/56/56 55/55/55
f  79/79/79 53/53/53 30/30/30 80/80/80
f  81/81/81 77/77/77 74/74/74 82/82/82
f  83/83/83 84/84/84 72/72/72 71/71/71
f  75/75/75 43/43/43 45/45/45
f  85/85/85 86/86/86 87/87/87 88/88/88
f  89/89/89 90/90/90 72/72/72 84/84/84
f  91/91/91 82/82/82 74/74/74 44/44/44
f  92/92/92 67/67/67 66/66/66 93/93/93
f  94/94/94 95/95/95 96/96/96 97/97/97
f  98/98/98 73/73/73 72/72/72 90/90/90
f  99/99/99 97/97/97 96/96/96 100/100/100
f  101/101/101 102/102/102 96/96/96 95/95/95
f  103/103/103 93/93/93 66/66/66 88/88/88
f  103/103/103 88/88/88 87/87/87 104/104/104
f  101/101/101 105/105/105 106/106/106 102/102/102
f  107/107/107 100/100/100 96/96/96 102/102/102
f  107/107/107 102/102/102 106/106/106 108/108/108
f  109/109/109 110/110/110 111/111/111 112/112/112
f  113/113/113 114/114/114 115/115/115 116/116/116
f  117/117/117 108/108/108 106/106/106 118/118/118
f  119/119/119 120/120/120 111/111/111 110/110/110
f  16/16/16 37/37/37 121/121/121
f  122/122/122 116/116/116 115/115/115 123/123/123
f  124/124/124 118/118/118 106/106/106 105/105/105
f  125/125/125 104/104/104 87/87/87 126/126/126
f  127/127/127 125/125/125 128/128/128 129/129/129
f  124/124/124 127/127/127 129/129/129 130/130/130
f  131/131/131 132/132/132 95/95/95 94/94/94
f  133/133/133 134/134/134 83/83/83 135/135/135
f  136/136/136 137/137/137 21/21/21 13/13/13
f  138/138/138 101/101/101 95/95/95 132/132/132
f  138/138/138 139/139/139 105/105/105 101/101/101
f  118/118/118 124/124/124 130/130/130 140/140/140
f  127/127/127 124/124/124 105/105/105 139/139/139
f  141/141/141 142/142/142 143/143/143 144/144/144
f  133/133/133 135/135/135 78/78/78 145/145/145
f  146/146/146 79/79/79 80/80/80 61/61/61
f  135/135/135 147/147/147 69/69/69 78/78/78
f  62/62/62 61/61/61 80/80/80 148/148/148
f  149/149/149 68/68/68 69/69/69 147/147/147
f  135/135/135 83/83/83 71/71/71 147/147/147
f  146/146/146 61/61/61 77/77/77 81/81/81
f  37/37/37 36/36/36 121/121/121
f  149/149/149 147/147/147 71/71/71 70/70/70
f  150/150/150 151/151/151 57/57/57 59/59/59
f  152/152/152 54/54/54 57/57/57 151/151/151
f  153/153/153 154/154/154 31/31/31 52/52/52
f  26/26/26 51/51/51 27/27/27
f  150/150/150 58/58/58 49/49/49 151/151/151
f  153/153/153 50/50/50 51/51/51 154/154/154
f  152/152/152 151/151/151 49/49/49 48/48/48
f  155/155/155 154/154/154 51/51/51 26/26/26
f  3/3/3 2/2/2 156/156/156
f  32/32/32 14/14/14 24/24/24 34/34/34
f  13/13/13 21/21/21 24/24/24 14/14/14
f  15/15/15 16/16/16 18/18/18 17/17/17
f  134/134/134 157/157/157 84/84/84 83/83/83
f  145/145/145 78/78/78 55/55/55 158/158/158
f  159/159/159 158/158/158 55/55/55 54/54/54
f  160/160/160 48/48/48 22/22/22 161/161/161
f  162/162/162 163/163/163 10/10/10 41/41/41
f  137/137/137 161/161/161 22/22/22 21/21/21
f  136/136/136 13/13/13 6/6/6 164/164/164
f  165/165/165 5/5/5 10/10/10 163/163/163
f  165/165/165 164/164/164 6/6/6 5/5/5
f  136/136/136 15/15/15 17/17/17 137/137/137
f  133/133/133 146/146/146 81/81/81 134/134/134
f  133/133/133 145/145/145 79/79/79 146/146/146
f  117/117/117 118/118/118 140/140/140 166/166/166
f  127/127/127 139/139/139 104/104/104 125/125/125
f  125/125/125 126/126/126 167/167/167 128/128/128
f  138/138/138 103/103/103 104/104/104 139/139/139
f  138/138/138 132/132/132 93/93/93 103/103/103
f  131/131/131 92/92/92 93/93/93 132/132/132
f  134/134/134 81/81/81 82/82/82 157/157/157
f  145/145/145 158/158/158 53/53/53 79/79/79
f  159/159/159 52/52/52 53/53/53 158/158/158
f  160/160/160 161/161/161 20/20/20 50/50/50
f  162/162/162 39/39/39 11/11/11 163/163/163
f  137/137/137 17/17/17 20/20/20 161/161/161
f  136/136/136 164/164/164 4/4/4 15/15/15
f  165/165/165 163/163/163 11/11/11 1/1/1
f  165/165/165 1/1/1 4/4/4 164/164/164
f  130/130/130 129/129/129 168/168/168 169/169/169
f  140/140/140 130/130/130 169/169/169 114/114/114
f  129/129/129 128/128/128 170/170/170 168/168/168
f  128/128/128 167/167/167 112/112/112 170/170/170
f  166/166/166 140/140/140 114/114/114 113/113/113
f  144/144/144 143/143/143 171/171/171 109/109/109
f  170/170/170 112/112/112 111/111/111 120/120/120
f  169/169/169 123/123/123 115/115/115 114/114/114
f  172/172/172 122/122/122 123/123/123 173/173/173
f  168/168/168 173/173/173 123/123/123 169/169/169
f  168/168/168 170/170/170 120/120/120 173/173/173
f  172/172/172 173/173/173 120/120/120 119/119/119
f  131/131/131 174/174/174 175/175/175 92/92/92
f  131/131/131 94/94/94 176/176/176 174/174/174
f  99/99/99 177/177/177 178/178/178 97/97/97
f  177/177/177 98/98/98 90/90/90 178/178/178
f  92/92/92 175/175/175 179/179/179 67/67/67
f  175/175/175 91/91/91 44/44/44 179/179/179
f  94/94/94 97/97/97 178/178/178 176/176/176
f  176/176/176 178/178/178 90/90/90 89/89/89
f  126/126/126 87/87/87 180/180/180
f  181/181/181 179/179/179 44/44/44 43/43/43
f  182/182/182 183/183/183 184/184/184 185/185/185
f  182/182/182 185/185/185 186/186/186 187/187/187
f  182/182/182 187/187/187 188/188/188 189/189/189
f  182/182/182 189/189/189 190/190/190 183/183/183
f  191/191/191 192/192/192 193/193/193 194/194/194
f  191/191/191 194/194/194 186/186/186 195/195/195
f  196/196/196 197/197/197 198/198/198
f  199/199/199 200/200/200 198/198/198
f  201/201/201 202/202/202 193/193/193 192/192/192
f  201/201/201 203/203/203 204/204/204 202/202/202
f  205/205/205 195/195/195 186/186/186 185/185/185
f  205/205/205 185/185/185 184/184/184 206/206/206
f  207/207/207 208/208/208 188/188/188 209/209/209
f  207/207/207 209/209/209 210/210/210 211/211/211
f  207/207/207 211/211/211 212/212/212 213/213/213
f  207/207/207 213/213/213 214/214/214 208/208/208
f  215/215/215 216/216/216 193/193/193 202/202/202
f  215/215/215 202/202/202 204/204/204 217/217/217
f  215/215/215 217/217/217 218/218/218 219/219/219
f  215/215/215 219/219/219 210/210/210 216/216/216
f  220/220/220 187/187/187 186/186/186 194/194/194
f  220/220/220 194/194/194 193/193/193 216/216/216
f  220/220/220 216/216/216 210/210/210 209/209/209
f  220/220/220 209/209/209 188/188/188 187/187/187
f  221/221/221 222/222/222 198/198/198
f  223/223/223 224/224/224 198/198/198
f  225/225/225 183/183/183 190/190/190 226/226/226
f  225/227/225 226/228/226 218/218/218 217/217/217
f  227/229/227 228/230/228 229/231/229 230/232/230
f  227/229/227 230/232/230 214/214/214 231/233/231
f  227/229/227 231/233/231 232/234/232 233/235/233
f  227/229/227 233/235/233 234/236/234 228/230/228
f  235/237/235 236/238/236 218/218/218 226/228/226
f  237/239/237 238/240/238 239/241/239 240/242/240
f  235/243/235 241/244/241 229/231/229 242/245/242
f  235/237/235 242/246/242 243/247/243 236/238/236
f  244/248/244 241/244/241 190/190/190 189/189/189
f  244/248/244 189/189/189 188/188/188 208/208/208
f  244/248/244 208/208/208 214/214/214 230/232/230
f  244/248/244 230/232/230 229/231/229 241/244/241
f  245/249/245 211/211/211 210/210/210 219/219/219
f  245/249/245 219/219/219 218/218/218 236/238/236
f  245/249/245 236/238/236 243/247/243 246/250/246
f  245/249/245 246/250/246 212/212/212 211/211/211
f  247/251/247 237/239/237 234/236/234 233/235/233
f  247/251/247 233/235/233 232/234/232 248/252/248
f  247/251/247 248/252/248 249/253/249 250/254/250
f  247/251/247 250/254/250 238/240/238 237/239/237
f  251/255/251 252/256/252 212/212/212 246/250/246
f  251/255/251 246/250/246 243/247/243 253/257/253
f  251/255/251 253/257/253 254/258/254 255/259/255
f  251/255/251 255/259/255 256/260/256 252/256/252
f  257/261/257 231/233/231 214/214/214 213/213/213
f  257/261/257 213/213/213 212/212/212 252/256/252
f  257/261/257 252/256/252 256/260/256 258/262/258
f  257/261/257 258/262/258 232/234/232 231/233/231
f  259/263/259 253/257/253 243/247/243 242/246/242
f  229/231/229 228/230/228 260/264/260 261/265/261
f  259/266/259 228/230/228 234/236/234 262/267/262
f  259/263/259 262/268/262 254/258/254 253/257/253
f  263/269/263 264/270/264 249/253/249 265/271/265
f  263/269/263 265/271/265 266/272/266 267/273/267
f  263/269/263 267/273/267 268/274/268 269/275/269
f  263/269/263 269/275/269 270/276/270 264/270/264
f  271/277/271 272/278/272 256/260/256 255/259/255
f  271/277/271 255/259/255 254/258/254 273/279/273
f  271/277/271 273/279/273 274/280/274 275/281/275
f  271/277/271 275/281/275 266/272/266 272/278/272
f  276/282/276 248/252/248 232/234/232 258/262/258
f  276/282/276 258/262/258 256/260/256 272/278/272
f  276/282/276 272/278/272 266/272/266 265/271/265
f  276/282/276 265/271/265 249/253/249 248/252/248
f  277/283/277 273/279/273 254/258/254 262/268/262
f  277/284/277 262/267/262 234/236/234 237/239/237
f  190/190/190 241/244/241 278/285/278 279/286/279
f  277/283/277 280/287/280 274/280/274 273/279/273
f  281/288/281 282/289/282 274/280/274 280/287/280
f  281/290/281 280/291/280 238/240/238 283/292/283
f  228/230/228 259/266/259 284/293/284 260/264/260
f  281/288/281 285/294/285 286/295/286 282/289/282
f  287/296/287 283/292/283 238/240/238 250/254/250
f  287/296/287 250/254/250 249/253/249 264/270/264
f  287/296/287 264/270/264 270/276/270 288/297/288
f  287/296/287 288/297/288 289/298/289 283/292/283
f  290/299/290 267/273/267 266/272/266 275/281/275
f  290/299/290 275/281/275 274/280/274 282/289/282
f  290/299/290 282/289/282 286/295/286 291/300/291
f  290/299/290 291/300/291 268/274/268 267/273/267
f  292/301/292 293/302/293 286/295/286 285/294/285
f  292/303/292 285/304/285 289/298/289 294/305/294
f  292/303/292 294/305/294 295/306/295 296/307/296
f  292/301/292 296/308/296 297/309/297 293/302/293
f  298/310/298 299/311/299 295/306/295 300/312/300
f  298/310/298 300/312/300 301/313/301 302/314/302
f  298/310/298 302/314/302 303/315/303 304/316/304
f  298/310/298 304/316/304 305/317/305 299/311/299
f  306/318/306 307/319/307 297/309/297 296/308/296
f  306/320/306 296/307/296 295/306/295 299/311/299
f  306/320/306 299/311/299 305/317/305 308/321/308
f  306/318/306 308/322/308 309/323/309 307/319/307
f  310/324/310 311/325/311 270/276/270 269/275/269
f  310/324/310 269/275/269 268/274/268 312/326/312
f  310/324/310 312/326/312 313/327/313 314/328/314
f  310/324/310 314/328/314 301/313/301 311/325/311
f  315/329/315 316/330/316 317/331/317 318/332/318
f  315/329/315 318/332/318 309/323/309 308/333/308
f  315/329/315 308/333/308 305/334/305 304/335/304
f  315/329/315 304/335/304 303/336/303 316/330/316
f  319/337/319 312/326/312 268/274/268 291/300/291
f  319/337/319 291/300/291 286/295/286 293/302/293
f  319/337/319 293/302/293 297/309/297 320/338/320
f  319/337/319 320/338/320 313/327/313 312/326/312
f  321/339/321 322/340/322 313/327/313 320/338/320
f  321/339/321 320/338/320 297/309/297 307/319/307
f  321/339/321 307/319/307 309/323/309 318/332/318
f  321/339/321 318/332/318 317/331/317 322/340/322
f  323/341/323 294/305/294 289/298/289 288/297/288
f  323/341/323 288/297/288 270/276/270 311/325/311
f  323/341/323 311/325/311 301/313/301 300/312/300
f  323/341/323 300/312/300 295/306/295 294/305/294
f  324/342/324 302/314/302 301/313/301 314/328/314
f  324/342/324 314/328/314 313/327/313 322/340/322
f  324/342/324 322/340/322 317/331/317 316/343/316
f  324/342/324 316/343/316 303/315/303 302/314/302
f  159/344/159 325/345/325 326/346/326 52/347/52
f  325/345/325 205/205/205 206/206/206 326/346/326
f  159/344/159 54/348/54 327/349/327 325/345/325
f  325/345/325 327/349/327 195/195/195 205/205/205
f  160/350/160 50/351/50 328/352/328 329/353/329
f  329/353/329 328/352/328 203/203/203 201/201/201
f  160/350/160 329/353/329 330/354/330 48/355/48
f  329/353/329 201/201/201 192/192/192 330/354/330
f  153/356/153 331/357/331 328/358/328 50/359/50
f  331/357/331 332/360/332 203/361/203 328/358/328
f  153/356/153 52/347/52 326/346/326 331/357/331
f  331/357/331 326/346/326 206/206/206 332/360/332
f  152/362/152 333/363/333 327/349/327 54/348/54
f  333/363/333 191/191/191 195/195/195 327/349/327
f  152/362/152 48/355/48 330/354/330 333/363/333
f  333/363/333 330/354/330 192/192/192 191/191/191
f  334/364/334 335/365/335 336/366/336 337/367/337
f  334/364/334 337/367/337 338/368/338 339/369/339
f  334/364/334 339/369/339 340/370/340 341/371/341
f  334/364/334 341/371/341 342/372/342 335/365/335
f  89/373/89 84/374/84 343/375/343 344/376/344
f  89/373/89 344/376/344 338/368/338 176/377/176
f  91/378/91 175/379/175 336/366/336 345/380/345
f  91/378/91 345/380/345 346/381/346 82/382/82
f  157/383/157 347/384/347 343/375/343 84/374/84
f  157/383/157 82/385/82 346/386/346 347/384/347
f  174/387/174 176/377/176 338/368/338 337/367/337
f  174/387/174 337/367/337 336/366/336 175/379/175
f  348/388/348 349/389/349 340/370/340 350/390/350
f  348/388/348 350/390/350 351/391/351 352/392/352
f  348/388/348 352/392/352 353/393/353 354/394/354
f  348/388/348 354/394/354 355/395/355 349/389/349
f  356/396/356 357/397/357 343/375/343 347/384/347
f  356/396/356 347/384/347 346/386/346 358/398/358
f  356/396/356 358/398/358 359/399/359 360/400/360
f  356/396/356 360/400/360 351/391/351 357/397/357
f  361/401/361 339/369/339 338/368/338 344/376/344
f  361/401/361 344/376/344 343/375/343 357/397/357
f  361/401/361 357/397/357 351/391/351 350/390/350
f  361/401/361 350/390/350 340/370/340 339/369/339
f  362/402/362 363/403/363 364/404/364
f  365/405/365 366/406/366 364/404/364
f  363/403/363 367/407/367 364/404/364
f  368/408/368 369/409/369 364/404/364
f  370/410/370 371/411/371 372/412/372 373/413/373
f  370/410/370 373/413/373 355/395/355 374/414/374
f  370/410/370 374/414/374 375/415/375 376/416/376
f  370/410/370 376/416/376 377/417/377 371/411/371
f  378/418/378 379/419/379 359/420/359 380/421/380
f  378/418/378 380/421/380 342/372/342 381/422/381
f  378/418/378 381/422/381 372/412/372 382/423/382
f  378/418/378 382/423/382 383/424/383 379/419/379
f  384/425/384 381/422/381 342/372/342 341/371/341
f  384/425/384 341/371/341 340/370/340 349/389/349
f  384/425/384 349/389/349 355/395/355 373/413/373
f  384/425/384 373/413/373 372/412/372 381/422/381
f  385/426/385 352/392/352 351/391/351 360/400/360
f  385/426/385 360/400/360 359/399/359 379/427/379
f  385/426/385 379/427/379 383/428/383 386/429/386
f  385/426/385 386/429/386 353/393/353 352/392/352
f  387/430/387 388/431/388 377/417/377 376/416/376
f  387/430/387 376/416/376 375/415/375 389/432/389
f  387/430/387 389/432/389 390/433/390 391/434/391
f  387/430/387 391/434/391 392/435/392 388/431/388
f  393/436/393 394/437/394 353/393/353 386/429/386
f  393/436/393 386/429/386 383/428/383 395/438/395
f  393/436/393 395/438/395 396/439/396 397/440/397
f  393/436/393 397/440/397 398/441/398 394/437/394
f  399/442/399 374/414/374 355/395/355 354/394/354
f  399/442/399 354/394/354 353/393/353 394/437/394
f  399/442/399 394/437/394 398/441/398 400/443/400
f  399/442/399 400/443/400 375/415/375 374/414/374
f  401/444/401 395/445/395 383/424/383 382/423/382
f  401/444/401 382/423/382 372/412/372 371/411/371
f  401/444/401 371/411/371 377/417/377 402/446/402
f  401/444/401 402/446/402 396/447/396 395/445/395
f  403/448/403 404/449/404 390/433/390 405/450/405
f  403/448/403 405/450/405 406/451/406 407/452/407
f  403/448/403 407/452/407 408/453/408 409/454/409
f  403/448/403 409/454/409 410/455/410 404/449/404
f  411/456/411 412/457/412 398/441/398 397/440/397
f  411/456/411 397/440/397 396/439/396 413/458/413
f  411/456/411 413/458/413 414/459/414 415/460/415
f  411/456/411 415/460/415 406/451/406 412/457/412
f  416/461/416 389/432/389 375/415/375 400/443/400
f  416/461/416 400/443/400 398/441/398 412/457/412
f  416/461/416 412/457/412 406/451/406 405/450/405
f  416/461/416 405/450/405 390/433/390 389/432/389
f  417/462/417 413/463/413 396/447/396 402/446/402
f  417/462/417 402/446/402 377/417/377 388/431/388
f  417/462/417 388/431/388 418/464/418 419/465/419
f  413/463/413 417/462/417 419/465/419 420/466/420
f  421/467/421 422/468/422 423/469/423 424/470/424
f  421/467/421 424/470/424 410/455/410 425/471/425
f  421/467/421 425/471/425 426/472/426 427/473/427
f  421/467/421 427/473/427 428/474/428 422/468/422
f  429/475/429 430/476/430 414/477/414 431/478/431
f  429/475/429 431/478/431 392/435/392 432/479/432
f  429/475/429 432/479/432 423/469/423 433/480/433
f  429/475/429 433/480/433 434/481/434 430/476/430
f  435/482/435 432/479/432 392/435/392 391/434/391
f  435/482/435 391/434/391 390/433/390 404/449/404
f  435/482/435 404/449/404 410/455/410 424/470/424
f  435/482/435 424/470/424 423/469/423 432/479/432
f  436/483/436 407/452/407 406/451/406 415/460/415
f  436/483/436 415/460/415 414/459/414 430/484/430
f  436/483/436 430/484/430 434/485/434 437/486/437
f  436/483/436 437/486/437 408/453/408 407/452/407
f  438/487/438 439/488/439 408/453/408 437/486/437
f  438/487/438 437/486/437 434/485/434 440/489/440
f  438/487/438 440/489/440 441/490/441 442/491/442
f  438/487/438 442/491/442 443/492/443 439/488/439
f  444/493/444 425/471/425 410/455/410 409/454/409
f  444/493/444 409/454/409 408/453/408 439/488/439
f  444/493/444 439/488/439 443/492/443 445/494/445
f  444/493/444 445/494/445 426/472/426 425/471/425
f  446/495/446 440/496/440 434/481/434 433/480/433
f  446/495/446 433/480/433 423/469/423 422/468/422
f  446/495/446 422/468/422 428/474/428 447/497/447
f  446/495/446 447/497/447 441/498/441 440/496/440
f  448/499/448 449/500/449 450/501/450 451/502/451
f  452/503/452 453/504/453 449/500/449 448/499/448
f  454/505/454 455/506/455 453/504/453 452/503/452
f  456/507/456 457/508/457 458/509/458 459/510/459
f  460/511/460 461/512/461 457/508/457 456/507/456
f  462/513/462 463/514/463 461/512/461 460/511/460
f  464/515/464 465/516/465 466/517/466 467/518/467
f  468/519/468 469/520/469 465/516/465 464/515/464
f  470/521/470 471/522/471 469/520/469 468/519/468
f  465/516/465 472/523/472 473/524/473 466/517/466
f  469/520/469 474/525/474 472/523/472 465/516/465
f  471/522/471 475/526/475 474/525/474 469/520/469
f  476/527/476 448/499/448 451/502/451 477/528/477
f  478/529/478 452/503/452 448/499/448 476/527/476
f  479/530/479 454/505/454 452/503/452 478/529/478
f  449/500/449 456/507/456 459/510/459 450/501/450
f  453/504/453 460/511/460 456/507/456 449/500/449
f  455/506/455 462/513/462 460/511/460 453/504/453
f  457/508/457 464/515/464 467/518/467 458/509/458
f  461/512/461 468/519/468 464/515/464 457/508/457
f  463/514/463 470/521/470 468/519/468 461/512/461
f  472/523/472 476/531/476 477/532/477 473/524/473
f  474/525/474 478/533/478 476/531/476 472/523/472
f  475/526/475 479/534/479 478/533/478 474/525/474
f  480/535/480 481/536/481 482/537/482
f  483/538/483 484/539/484 482/537/482
f  485/540/485 486/541/486 482/537/482
f  481/542/481 487/543/487 482/537/482
f  488/544/488 480/535/480 482/537/482
f  484/539/484 488/544/488 482/537/482
f  486/541/486 483/538/483 482/537/482
f  487/543/487 485/540/485 482/537/482
f  451/502/451 450/501/450 485/540/485 487/543/487
f  459/510/459 458/509/458 483/538/483 486/541/486
f  467/518/467 466/517/466 488/544/488 484/539/484
f  466/517/466 473/524/473 480/535/480 488/544/488
f  477/528/477 451/502/451 487/543/487 481/542/481
f  450/501/450 459/510/459 486/541/486 485/540/485
f  458/509/458 467/518/467 484/539/484 483/538/483
f  473/524/473 477/532/477 481/536/481 480/535/480
f  200/545/200 221/221/221 198/198/198
f  224/224/224 199/199/199 198/198/198
f  222/222/222 196/196/196 198/198/198
f  197/197/197 223/223/223 198/198/198
f  206/206/206 184/184/184 489/546/489 490/547/490
f  490/547/490 489/546/489 223/223/223 197/197/197
f  203/361/203 332/360/332 491/548/491 492/549/492
f  492/549/492 491/548/491 196/196/196 222/222/222
f  183/183/183 225/225/225 493/550/493 494/551/494
f  494/551/494 493/550/493 199/199/199 224/224/224
f  217/552/217 204/553/204 495/554/495 496/555/496
f  496/555/496 495/554/495 221/221/221 200/545/200
f  184/184/184 183/183/183 494/551/494 489/546/489
f  489/546/489 494/551/494 224/224/224 223/223/223
f  204/553/204 203/361/203 492/549/492 495/554/495
f  495/554/495 492/549/492 222/222/222 221/221/221
f  225/225/225 217/556/217 496/557/496 493/550/493
f  493/550/493 496/557/496 200/200/200 199/199/199
f  332/360/332 206/206/206 490/547/490 491/548/491
f  491/548/491 490/547/490 197/197/197 196/196/196
f  369/409/369 365/405/365 364/404/364
f  367/407/367 368/408/368 364/404/364
f  497/558/497 362/402/362 364/404/364
f  366/406/366 497/558/497 364/404/364
f  380/421/380 359/420/359 498/559/498 499/560/499
f  499/560/499 498/559/498 497/558/497 366/406/366
f  359/420/359 358/561/358 500/562/500 498/559/498
f  498/559/498 500/562/500 362/402/362 497/558/497
f  345/380/345 336/366/336 501/563/501 502/564/502
f  502/564/502 501/563/501 368/408/368 367/407/367
f  335/365/335 342/372/342 503/565/503 504/566/504
f  504/566/504 503/565/503 365/405/365 369/409/369
f  336/366/336 335/365/335 504/566/504 501/563/501
f  501/563/501 504/566/504 369/409/369 368/408/368
f  346/381/346 345/380/345 502/564/502 505/567/505
f  505/567/505 502/564/502 367/407/367 363/403/363
f  342/372/342 380/421/380 499/560/499 503/565/503
f  503/565/503 499/560/499 366/406/366 365/405/365
f  358/561/358 346/381/346 505/567/505 500/562/500
f  500/562/500 505/567/505 363/403/363 362/402/362
f  506/568/506 507/569/507 508/570/508
f  509/571/509 510/572/510 508/570/508
f  240/242/240 239/241/239 511/573/511
f  512/574/512 513/575/513 511/573/511
f  277/284/277 237/239/237 240/242/240 513/576/513
f  238/240/238 280/291/280 512/574/512 239/241/239
f  280/291/280 277/577/277 513/575/513 512/574/512
f  289/298/289 285/304/285 507/569/507 506/568/506
f  235/243/235 226/578/226 514/579/514 515/580/515
f  283/292/283 289/298/289 506/568/506 510/572/510
f  226/226/226 190/190/190 279/286/279 514/581/514
f  281/290/281 283/292/283 510/572/510 509/571/509
f  241/244/241 235/243/235 515/580/515 278/285/278
f  285/304/285 281/582/281 509/583/509 507/569/507
f  242/245/242 229/231/229 261/265/261 516/584/516
f  259/266/259 242/585/242 516/586/516 284/293/284
f  507/569/507 509/583/509 508/570/508
f  515/580/515 514/579/514 517/587/517
f  510/572/510 506/568/506 508/570/508
f  514/581/514 279/286/279 517/587/517
f  278/285/278 515/580/515 517/587/517
f  516/584/516 261/265/261 518/588/518
f  284/293/284 516/586/516 518/588/518
f  279/286/279 278/285/278 517/587/517
f  260/264/260 284/293/284 518/588/518
f  261/265/261 260/264/260 518/588/518
f  513/576/513 240/242/240 511/573/511
f  239/241/239 512/574/512 511/573/511
f  419/465/419 418/464/418 519/589/519
f  420/466/420 419/465/419 519/589/519
f  414/477/414 413/463/413 420/466/420 520/590/520
f  431/478/431 414/477/414 520/590/520 521/591/521
f  392/435/392 431/478/431 521/591/521 522/592/522
f  388/431/388 392/435/392 522/592/522 418/464/418
f  418/464/418 522/592/522 519/589/519
f  521/591/521 520/590/520 519/589/519
f  520/590/520 420/466/420 519/589/519
f  522/592/522 521/591/521 519/589/519
f  523/593/523 181/181/181 43/43/43 524/594/524
f  525/595/525 64/64/64 181/181/181 523/593/523
f  526/596/526 527/597/527 98/98/98 177/177/177
f  528/598/528 526/596/526 177/177/177 99/99/99
f  529/599/529 172/172/172 119/119/119 530/600/530
f  529/599/529 531/601/531 122/122/122 172/172/172
f  179/179/179 181/181/181 532/602/532
f  533/603/533 166/166/166 113/113/113 534/604/534
f  535/605/535 536/606/536 39/39/39 162/162/162
f  537/607/537 117/117/117 166/166/166 533/603/533
f  535/605/535 162/162/162 41/41/41 538/608/538
f  539/609/539 32/32/32 34/34/34 540/610/540
f  541/611/541 542/612/542 36/36/36 37/37/37
f  543/613/543 155/155/155 26/26/26 544/614/544
f  545/615/545 546/616/546 58/58/58 150/150/150
f  543/613/543 547/617/547 28/28/28 155/155/155
f  545/615/545 150/150/150 59/59/59 548/618/548
f  549/619/549 149/149/149 70/70/70 550/620/550
f  551/621/551 552/622/552 76/76/76 62/62/62
f  549/619/549 553/623/553 68/68/68 149/149/149
f  551/621/551 62/62/62 148/148/148 554/624/554
f  126/126/126 141/141/141 144/144/144 167/167/167
f  531/601/531 555/625/555 116/116/116 122/122/122
f  142/142/142 141/141/141 86/86/86 556/626/556
f  530/600/530 119/119/119 110/110/110 557/627/557
f  537/607/537 558/628/558 108/108/108 117/117/117
f  534/604/534 113/113/113 116/116/116 555/625/555
f  171/171/171 557/627/557 110/110/110 109/109/109
f  559/629/559 107/107/107 108/108/108 558/628/558
f  559/629/559 560/630/560 100/100/100 107/107/107
f  528/598/528 99/99/99 100/100/100 560/630/560
f  527/597/527 561/631/561 73/73/73 98/98/98
f  562/632/562 556/626/556 86/86/86 85/85/85
f  562/632/562 85/85/85 65/65/65 563/633/563
f  552/622/552 564/634/564 75/75/75 76/76/76
f  554/624/554 148/148/148 29/29/29 565/635/565
f  550/620/550 70/70/70 73/73/73 561/631/561
f  553/623/553 566/636/566 60/60/60 68/68/68
f  525/595/525 563/633/563 65/65/65 64/64/64
f  524/594/524 43/43/43 75/75/75 564/634/564
f  548/618/548 59/59/59 60/60/60 566/636/566
f  546/616/546 567/637/567 35/35/35 58/58/58
f  568/638/568 569/639/569 42/42/42 47/47/47
f  568/638/568 47/47/47 33/33/33 570/640/570
f  571/641/571 46/46/46 40/40/40 572/642/572
f  571/641/571 573/643/573 38/38/38 46/46/46
f  538/608/538 41/41/41 42/42/42 569/639/569
f  536/606/536 572/642/572 40/40/40 39/39/39
f  541/611/541 37/37/37 38/38/38 573/643/573
f  542/612/542 574/644/574 25/25/25 36/36/36
f  540/610/540 34/34/34 35/35/35 567/637/567
f  539/609/539 570/640/570 33/33/33 32/32/32
f  547/617/547 565/635/565 29/29/29 28/28/28
f  544/614/544 26/26/26 25/25/25 574/644/574
f  77/77/77 61/61/61 63/63/63
f  80/80/80 30/30/30 575/645/575
f  66/66/66 65/65/65 576/646/576
f  181/181/181 64/64/64 532/602/532
f  141/141/141 126/126/126 180/180/180
f  88/88/88 66/66/66 576/646/576
f  155/155/155 28/28/28 577/647/577
f  112/112/112 167/167/167 578/648/578
f  18/18/18 16/16/16 121/121/121
f  87/87/87 86/86/86 180/180/180
f  28/28/28 31/31/31 577/647/577
f  31/31/31 154/154/154 577/647/577
f  36/36/36 18/18/18 121/121/121
f  51/51/51 19/19/19 27/27/27
f  62/62/62 76/76/76 63/63/63
f  46/46/46 38/38/38 156/156/156
f  148/148/148 80/80/80 575/645/575
f  2/2/2 46/46/46 156/156/156
f  85/85/85 88/88/88 576/646/576
f  144/144/144 109/109/109 578/648/578
f  65/65/65 85/85/85 576/646/576
f  19/19/19 25/25/25 27/27/27
f  64/64/64 67/67/67 532/602/532
f  44/44/44 74/74/74 45/45/45
f  38/38/38 3/3/3 156/156/156
f  76/76/76 77/77/77 63/63/63
f  167/167/167 144/144/144 578/648/578
f  154/154/154 155/155/155 577/647/577
f  29/29/29 148/148/148 575/645/575
f  67/67/67 179/179/179 532/602/532
f  109/109/109 112/112/112 578/648/578
f  86/86/86 141/141/141 180/180/180
f  30/30/30 29/29/29 575/645/575
f  442/491/442 441/490/441 479/534/479 475/526/475
f  426/472/426 445/494/445 470/521/470 463/514/463
f  428/474/428 427/473/427 462/513/462 455/506/455
f  441/498/441 447/497/447 454/505/454 479/530/479
f  443/492/443 442/491/442 475/526/475 471/522/471
f  445/494/445 443/492/443 471/522/471 470/521/470
f  427/473/427 426/472/426 463/514/463 462/513/462
f  447/497/447 428/474/428 455/506/455 454/505/454
f  579/1/579 580/4/580 581/3/581 582/2/582
f  583/5/583 584/8/584 585/7/585 586/6/586
f  583/5/583 587/10/587 588/9/588 584/8/584
f  579/1/579 582/2/582 589/12/589 590/11/590
f  591/13/591 586/6/586 585/7/585 592/14/592
f  593/15/593 594/16/594 581/3/581 580/4/580
f  595/17/595 596/20/596 597/19/597 598/18/598
f  599/21/599 600/24/600 601/23/601 602/22/602
f  603/25/603 604/27/604 605/26/605
f  606/28/606 607/31/607 608/30/608 609/29/609
f  610/32/610 592/14/592 585/7/585 611/33/611
f  612/34/612 613/35/613 601/23/601 600/24/600
f  614/36/614 598/18/598 597/19/597 603/25/603
f  615/37/615 616/38/616 581/3/581 594/16/594
f  617/39/617 590/11/590 589/12/589 618/40/618
f  619/41/619 620/42/620 588/9/588 587/10/587
f  621/43/621 622/45/622 623/44/623
f  624/46/624 618/40/618 589/12/589 582/2/582
f  625/47/625 611/33/611 585/7/585 584/8/584
f  625/47/625 584/8/584 588/9/588 620/42/620
f  626/48/626 602/22/602 601/23/601 627/49/627
f  628/50/628 629/51/629 597/19/597 596/20/596
f  630/52/630 631/53/631 608/30/608 607/31/607
f  632/54/632 633/57/633 634/56/634 635/55/635
f  636/58/636 627/49/627 601/23/601 613/35/613
f  637/59/637 638/60/638 634/56/634 633/57/633
f  639/61/639 640/63/640 641/62/641
f  642/64/642 643/67/643 644/66/644 645/65/645
f  646/68/646 647/69/647 634/56/634 638/60/638
f  648/70/648 649/73/649 650/72/650 651/71/651
f  652/74/652 622/45/622 653/75/653
f  654/76/654 655/77/655 652/74/652 653/75/653
f  656/78/656 635/55/635 634/56/634 647/69/647
f  657/79/657 658/80/658 608/30/608 631/53/631
f  659/81/659 660/82/660 652/74/652 655/77/655
f  661/83/661 651/71/651 650/72/650 662/84/662
f  653/75/653 622/45/622 621/43/621
f  663/85/663 664/88/664 665/87/665 666/86/666
f  667/89/667 662/84/662 650/72/650 668/90/668
f  669/91/669 623/44/623 652/74/652 660/82/660
f  670/92/670 671/93/671 644/66/644 643/67/643
f  672/94/672 673/97/673 674/96/674 675/95/675
f  676/98/676 668/90/668 650/72/650 649/73/649
f  677/99/677 678/100/678 674/96/674 673/97/673
f  679/101/679 675/95/675 674/96/674 680/102/680
f  681/103/681 664/88/664 644/66/644 671/93/671
f  681/103/681 682/104/682 665/87/665 664/88/664
f  679/101/679 680/102/680 683/106/683 684/105/684
f  685/107/685 680/102/680 674/96/674 678/100/678
f  685/107/685 686/108/686 683/106/683 680/102/680
f  687/109/687 688/112/688 689/111/689 690/110/690
f  691/113/691 692/116/692 693/115/693 694/114/694
f  695/117/695 696/118/696 683/106/683 686/108/686
f  697/119/697 690/110/690 689/111/689 698/120/698
f  594/16/594 699/121/699 615/37/615
f  700/122/700 701/123/701 693/115/693 692/116/692
f  702/124/702 684/105/684 683/106/683 696/118/696
f  703/125/703 704/126/704 665/87/665 682/104/682
f  705/127/705 706/129/706 707/128/707 703/125/703
f  702/124/702 708/130/708 706/129/706 705/127/705
f  709/131/709 672/94/672 675/95/675 710/132/710
f  711/133/711 712/135/712 661/83/661 713/134/713
f  714/136/714 591/13/591 599/21/599 715/137/715
f  716/138/716 710/132/710 675/95/675 679/101/679
f  716/138/716 679/101/679 684/105/684 717/139/717
f  696/118/696 718/140/718 708/130/708 702/124/702
f  705/127/705 717/139/717 684/105/684 702/124/702
f  719/141/719 720/144/720 143/143/143 142/142/142
f  711/133/711 721/145/721 656/78/656 712/135/712
f  722/146/722 639/61/639 658/80/658 657/79/657
f  712/135/712 656/78/656 647/69/647 723/147/723
f  641/62/641 724/148/724 658/80/658 639/61/639
f  725/149/725 723/147/723 647/69/647 646/68/646
f  712/135/712 723/147/723 651/71/651 661/83/661
f  722/146/722 659/81/659 655/77/655 639/61/639
f  615/37/615 699/121/699 614/36/614
f  725/149/725 648/70/648 651/71/651 723/147/723
f  726/150/726 637/59/637 633/57/633 727/151/727
f  728/152/728 727/151/727 633/57/633 632/54/632
f  729/153/729 630/52/630 607/31/607 730/154/730
f  605/26/605 604/27/604 629/51/629
f  726/150/726 727/151/727 627/49/627 636/58/636
f  729/153/729 730/154/730 629/51/629 628/50/628
f  728/152/728 626/48/626 627/49/627 727/151/727
f  731/155/731 605/26/605 629/51/629 730/154/730
f  581/3/581 732/156/732 582/2/582
f  610/32/610 612/34/612 600/24/600 592/14/592
f  591/13/591 592/14/592 600/24/600 599/21/599
f  593/15/593 595/17/595 598/18/598 594/16/594
f  713/134/713 661/83/661 662/84/662 733/157/733
f  721/145/721 734/158/734 635/55/635 656/78/656
f  735/159/735 632/54/632 635/55/635 734/158/734
f  736/160/736 737/161/737 602/22/602 626/48/626
f  738/162/738 619/41/619 587/10/587 739/163/739
f  715/137/715 599/21/599 602/22/602 737/161/737
f  714/136/714 740/164/740 586/6/586 591/13/591
f  741/165/741 739/163/739 587/10/587 583/5/583
f  741/165/741 583/5/583 586/6/586 740/164/740
f  714/136/714 715/137/715 595/17/595 593/15/593
f  711/133/711 713/134/713 659/81/659 722/146/722
f  711/133/711 722/146/722 657/79/657 721/145/721
f  695/117/695 742/166/742 718/140/718 696/118/696
f  705/127/705 703/125/703 682/104/682 717/139/717
f  703/125/703 707/128/707 743/167/743 704/126/704
f  716/138/716 717/139/717 682/104/682 681/103/681
f  716/138/716 681/103/681 671/93/671 710/132/710
f  709/131/709 710/132/710 671/93/671 670/92/670
f  713/134/713 733/157/733 660/82/660 659/81/659
f  721/145/721 657/79/657 631/53/631 734/158/734
f  735/159/735 734/158/734 631/53/631 630/52/630
f  736/160/736 628/50/628 596/20/596 737/161/737
f  738/162/738 739/163/739 590/11/590 617/39/617
f  715/137/715 737/161/737 596/20/596 595/17/595
f  714/136/714 593/15/593 580/4/580 740/164/740
f  741/165/741 579/1/579 590/11/590 739/163/739
f  741/165/741 740/164/740 580/4/580 579/1/579
f  708/130/708 744/169/744 745/168/745 706/129/706
f  718/140/718 694/114/694 744/169/744 708/130/708
f  706/129/706 745/168/745 746/170/746 707/128/707
f  707/128/707 746/170/746 688/112/688 743/167/743
f  742/166/742 691/113/691 694/114/694 718/140/718
f  720/144/720 687/109/687 171/171/171 143/143/143
f  746/170/746 698/120/698 689/111/689 688/112/688
f  744/169/744 694/114/694 693/115/693 701/123/701
f  747/172/747 748/173/748 701/123/701 700/122/700
f  745/168/745 744/169/744 701/123/701 748/173/748
f  745/168/745 748/173/748 698/120/698 746/170/746
f  747/172/747 697/119/697 698/120/698 748/173/748
f  709/131/709 670/92/670 749/175/749 750/174/750
f  709/131/709 750/174/750 751/176/751 672/94/672
f  677/99/677 673/97/673 752/178/752 753/177/753
f  753/177/753 752/178/752 668/90/668 676/98/676
f  670/92/670 643/67/643 754/179/754 749/175/749
f  749/175/749 754/179/754 623/44/623 669/91/669
f  672/94/672 751/176/751 752/178/752 673/97/673
f  751/176/751 667/89/667 668/90/668 752/178/752
f  704/126/704 755/180/755 665/87/665
f  756/181/756 621/43/621 623/44/623 754/179/754
f  757/182/757 758/185/758 759/184/759 760/183/760
f  757/182/757 761/187/761 762/186/762 758/185/758
f  757/182/757 763/189/763 764/188/764 761/187/761
f  757/182/757 760/183/760 765/190/765 763/189/763
f  766/191/766 767/194/767 768/193/768 769/192/769
f  766/191/766 770/195/770 762/186/762 767/194/767
f  771/196/771 772/198/772 773/197/773
f  774/199/774 772/198/772 775/200/775
f  776/201/776 769/192/769 768/193/768 777/202/777
f  776/201/776 777/202/777 778/204/778 779/203/779
f  780/205/780 758/185/758 762/186/762 770/195/770
f  780/205/780 781/206/781 759/184/759 758/185/758
f  782/207/782 783/209/783 764/188/764 784/208/784
f  782/207/782 785/211/785 786/210/786 783/209/783
f  782/207/782 787/213/787 788/212/788 785/211/785
f  782/207/782 784/208/784 789/214/789 787/213/787
f  790/215/790 777/202/777 768/193/768 791/216/791
f  790/215/790 792/217/792 778/204/778 777/202/777
f  790/215/790 793/219/793 794/218/794 792/217/792
f  790/215/790 791/216/791 786/210/786 793/219/793
f  795/220/795 767/194/767 762/186/762 761/187/761
f  795/220/795 791/216/791 768/193/768 767/194/767
f  795/220/795 783/209/783 786/210/786 791/216/791
f  795/220/795 761/187/761 764/188/764 783/209/783
f  796/221/796 772/198/772 797/222/797
f  798/223/798 772/198/772 799/224/799
f  800/225/800 801/226/801 765/190/765 760/183/760
f  800/227/800 792/217/792 794/218/794 801/228/801
f  802/229/802 803/232/803 804/231/804 805/230/805
f  802/229/802 806/233/806 789/214/789 803/232/803
f  802/229/802 807/235/807 808/234/808 806/233/806
f  802/229/802 805/230/805 809/236/809 807/235/807
f  810/237/810 801/228/801 794/218/794 811/238/811
f  812/239/812 813/242/813 814/241/814 815/240/815
f  810/243/810 816/245/816 804/231/804 817/244/817
f  810/237/810 811/238/811 818/247/818 816/246/816
f  819/248/819 763/189/763 765/190/765 817/244/817
f  819/248/819 784/208/784 764/188/764 763/189/763
f  819/248/819 803/232/803 789/214/789 784/208/784
f  819/248/819 817/244/817 804/231/804 803/232/803
f  820/249/820 793/219/793 786/210/786 785/211/785
f  820/249/820 811/238/811 794/218/794 793/219/793
f  820/249/820 821/250/821 818/247/818 811/238/811
f  820/249/820 785/211/785 788/212/788 821/250/821
f  822/251/822 807/235/807 809/236/809 812/239/812
f  822/251/822 823/252/823 808/234/808 807/235/807
f  822/251/822 824/254/824 825/253/825 823/252/823
f  822/251/822 812/239/812 815/240/815 824/254/824
f  826/255/826 821/250/821 788/212/788 827/256/827
f  826/255/826 828/257/828 818/247/818 821/250/821
f  826/255/826 829/259/829 830/258/830 828/257/828
f  826/255/826 827/256/827 831/260/831 829/259/829
f  832/261/832 787/213/787 789/214/789 806/233/806
f  832/261/832 827/256/827 788/212/788 787/213/787
f  832/261/832 833/262/833 831/260/831 827/256/827
f  832/261/832 806/233/806 808/234/808 833/262/833
f  834/263/834 816/246/816 818/247/818 828/257/828
f  804/231/804 835/265/835 836/264/836 805/230/805
f  834/266/834 837/267/837 809/236/809 805/230/805
f  834/263/834 828/257/828 830/258/830 837/268/837
f  838/269/838 839/271/839 825/253/825 840/270/840
f  838/269/838 841/273/841 842/272/842 839/271/839
f  838/269/838 843/275/843 844/274/844 841/273/841
f  838/269/838 840/270/840 845/276/845 843/275/843
f  846/277/846 829/259/829 831/260/831 847/278/847
f  846/277/846 848/279/848 830/258/830 829/259/829
f  846/277/846 849/281/849 850/280/850 848/279/848
f  846/277/846 847/278/847 842/272/842 849/281/849
f  851/282/851 833/262/833 808/234/808 823/252/823
f  851/282/851 847/278/847 831/260/831 833/262/833
f  851/282/851 839/271/839 842/272/842 847/278/847
f  851/282/851 823/252/823 825/253/825 839/271/839
f  852/283/852 837/268/837 830/258/830 848/279/848
f  852/284/852 812/239/812 809/236/809 837/267/837
f  765/190/765 853/286/853 854/285/854 817/244/817
f  852/283/852 848/279/848 850/280/850 855/287/855
f  856/288/856 855/287/855 850/280/850 857/289/857
f  856/290/856 858/292/858 815/240/815 855/291/855
f  805/230/805 836/264/836 859/293/859 834/266/834
f  856/288/856 857/289/857 860/295/860 861/294/861
f  862/296/862 824/254/824 815/240/815 858/292/858
f  862/296/862 840/270/840 825/253/825 824/254/824
f  862/296/862 863/297/863 845/276/845 840/270/840
f  862/296/862 858/292/858 864/298/864 863/297/863
f  865/299/865 849/281/849 842/272/842 841/273/841
f  865/299/865 857/289/857 850/280/850 849/281/849
f  865/299/865 866/300/866 860/295/860 857/289/857
f  865/299/865 841/273/841 844/274/844 866/300/866
f  867/301/867 861/294/861 860/295/860 868/302/868
f  867/303/867 869/305/869 864/298/864 861/304/861
f  867/303/867 870/307/870 871/306/871 869/305/869
f  867/301/867 868/302/868 872/309/872 870/308/870
f  873/310/873 874/312/874 871/306/871 875/311/875
f  873/310/873 876/314/876 877/313/877 874/312/874
f  873/310/873 878/316/878 879/315/879 876/314/876
f  873/310/873 875/311/875 880/317/880 878/316/878
f  881/318/881 870/308/870 872/309/872 882/319/882
f  881/320/881 875/311/875 871/306/871 870/307/870
f  881/320/881 883/321/883 880/317/880 875/311/875
f  881/318/881 882/319/882 884/323/884 883/322/883
f  885/324/885 843/275/843 845/276/845 886/325/886
f  885/324/885 887/326/887 844/274/844 843/275/843
f  885/324/885 888/328/888 889/327/889 887/326/887
f  885/324/885 886/325/886 877/313/877 888/328/888
f  890/329/890 891/332/891 892/331/892 893/330/893
f  890/329/890 883/333/883 884/323/884 891/332/891
f  890/329/890 878/335/878 880/334/880 883/333/883
f  890/329/890 893/330/893 879/336/879 878/335/878
f  894/337/894 866/300/866 844/274/844 887/326/887
f  894/337/894 868/302/868 860/295/860 866/300/866
f  894/337/894 895/338/895 872/309/872 868/302/868
f  894/337/894 887/326/887 889/327/889 895/338/895
f  896/339/896 895/338/895 889/327/889 897/340/897
f  896/339/896 882/319/882 872/309/872 895/338/895
f  896/339/896 891/332/891 884/323/884 882/319/882
f  896/339/896 897/340/897 892/331/892 891/332/891
f  898/341/898 863/297/863 864/298/864 869/305/869
f  898/341/898 886/325/886 845/276/845 863/297/863
f  898/341/898 874/312/874 877/313/877 886/325/886
f  898/341/898 869/305/869 871/306/871 874/312/874
f  899/342/899 888/328/888 877/313/877 876/314/876
f  899/342/899 897/340/897 889/327/889 888/328/888
f  899/342/899 893/343/893 892/331/892 897/340/897
f  899/342/899 876/314/876 879/315/879 893/343/893
f  735/344/735 630/347/630 900/346/900 901/345/901
f  901/345/901 900/346/900 781/206/781 780/205/780
f  735/344/735 901/345/901 902/349/902 632/348/632
f  901/345/901 780/205/780 770/195/770 902/349/902
f  736/350/736 903/353/903 904/352/904 628/351/628
f  903/353/903 776/201/776 779/203/779 904/352/904
f  736/350/736 626/355/626 905/354/905 903/353/903
f  903/353/903 905/354/905 769/192/769 776/201/776
f  729/356/729 628/359/628 904/358/904 906/357/906
f  906/357/906 904/358/904 779/361/779 907/360/907
f  729/356/729 906/357/906 900/346/900 630/347/630
f  906/357/906 907/360/907 781/206/781 900/346/900
f  728/362/728 632/348/632 902/349/902 908/363/908
f  908/363/908 902/349/902 770/195/770 766/191/766
f  728/362/728 908/363/908 905/354/905 626/355/626
f  908/363/908 766/191/766 769/192/769 905/354/905
f  909/364/909 910/367/910 911/366/911 912/365/912
f  909/364/909 913/369/913 914/368/914 910/367/910
f  909/364/909 915/371/915 916/370/916 913/369/913
f  909/364/909 912/365/912 917/372/917 915/371/915
f  667/373/667 918/376/918 919/375/919 662/374/662
f  667/373/667 751/377/751 914/368/914 918/376/918
f  669/378/669 920/380/920 911/366/911 749/379/749
f  669/378/669 660/382/660 921/381/921 920/380/920
f  733/383/733 662/374/662 919/375/919 922/384/922
f  733/383/733 922/384/922 921/386/921 660/385/660
f  750/387/750 910/367/910 914/368/914 751/377/751
f  750/387/750 749/379/749 911/366/911 910/367/910
f  923/388/923 924/390/924 916/370/916 925/389/925
f  923/388/923 926/392/926 927/391/927 924/390/924
f  923/388/923 928/394/928 929/393/929 926/392/926
f  923/388/923 925/389/925 930/395/930 928/394/928
f  931/396/931 922/384/922 919/375/919 932/397/932
f  931/396/931 933/398/933 921/386/921 922/384/922
f  931/396/931 934/400/934 935/399/935 933/398/933
f  931/396/931 932/397/932 927/391/927 934/400/934
f  936/401/936 918/376/918 914/368/914 913/369/913
f  936/401/936 932/397/932 919/375/919 918/376/918
f  936/401/936 924/390/924 927/391/927 932/397/932
f  936/401/936 913/369/913 916/370/916 924/390/924
f  937/402/937 938/404/938 939/403/939
f  940/405/940 938/404/938 941/406/941
f  939/403/939 938/404/938 942/407/942
f  943/408/943 938/404/938 944/409/944
f  945/410/945 946/413/946 947/412/947 948/411/948
f  945/410/945 949/414/949 930/395/930 946/413/946
f  945/410/945 950/416/950 951/415/951 949/414/949
f  945/410/945 948/411/948 952/417/952 950/416/950
f  953/418/953 954/421/954 935/420/935 955/419/955
f  953/418/953 956/422/956 917/372/917 954/421/954
f  953/418/953 957/423/957 947/412/947 956/422/956
f  953/418/953 955/419/955 958/424/958 957/423/957
f  959/425/959 915/371/915 917/372/917 956/422/956
f  959/425/959 925/389/925 916/370/916 915/371/915
f  959/425/959 946/413/946 930/395/930 925/389/925
f  959/425/959 956/422/956 947/412/947 946/413/946
f  960/426/960 934/400/934 927/391/927 926/392/926
f  960/426/960 955/427/955 935/399/935 934/400/934
f  960/426/960 961/429/961 958/428/958 955/427/955
f  960/426/960 926/392/926 929/393/929 961/429/961
f  962/430/962 950/416/950 952/417/952 963/431/963
f  962/430/962 964/432/964 951/415/951 950/416/950
f  962/430/962 965/434/965 966/433/966 964/432/964
f  962/430/962 963/431/963 967/435/967 965/434/965
f  968/436/968 961/429/961 929/393/929 969/437/969
f  968/436/968 970/438/970 958/428/958 961/429/961
f  968/436/968 971/440/971 972/439/972 970/438/970
f  968/436/968 969/437/969 973/441/973 971/440/971
f  974/442/974 928/394/928 930/395/930 949/414/949
f  974/442/974 969/437/969 929/393/929 928/394/928
f  974/442/974 975/443/975 973/441/973 969/437/969
f  974/442/974 949/414/949 951/415/951 975/443/975
f  976/444/976 957/423/957 958/424/958 970/445/970
f  976/444/976 948/411/948 947/412/947 957/423/957
f  976/444/976 977/446/977 952/417/952 948/411/948
f  976/444/976 970/445/970 972/447/972 977/446/977
f  978/448/978 979/450/979 966/433/966 980/449/980
f  978/448/978 981/452/981 982/451/982 979/450/979
f  978/448/978 983/454/983 984/453/984 981/452/981
f  978/448/978 980/449/980 985/455/985 983/454/983
f  986/456/986 971/440/971 973/441/973 987/457/987
f  986/456/986 988/458/988 972/439/972 971/440/971
f  986/456/986 989/460/989 990/459/990 988/458/988
f  986/456/986 987/457/987 982/451/982 989/460/989
f  991/461/991 975/443/975 951/415/951 964/432/964
f  991/461/991 987/457/987 973/441/973 975/443/975
f  991/461/991 979/450/979 982/451/982 987/457/987
f  991/461/991 964/432/964 966/433/966 979/450/979
f  992/462/992 977/446/977 972/447/972 988/463/988
f  992/462/992 963/431/963 952/417/952 977/446/977
f  992/462/992 993/465/993 994/464/994 963/431/963
f  988/463/988 995/466/995 993/465/993 992/462/992
f  996/467/996 997/470/997 998/469/998 999/468/999
f  996/467/996 1000/471/1000 985/455/985 997/470/997
f  996/467/996 1001/473/1001 1002/472/1002 1000/471/1000
f  996/467/996 999/468/999 1003/474/1003 1001/473/1001
f  1004/475/1004 1005/478/1005 990/477/990 1006/476/1006
f  1004/475/1004 1007/479/1007 967/435/967 1005/478/1005
f  1004/475/1004 1008/480/1008 998/469/998 1007/479/1007
f  1004/475/1004 1006/476/1006 1009/481/1009 1008/480/1008
f  1010/482/1010 965/434/965 967/435/967 1007/479/1007
f  1010/482/1010 980/449/980 966/433/966 965/434/965
f  1010/482/1010 997/470/997 985/455/985 980/449/980
f  1010/482/1010 1007/479/1007 998/469/998 997/470/997
f  1011/483/1011 989/460/989 982/451/982 981/452/981
f  1011/483/1011 1006/484/1006 990/459/990 989/460/989
f  1011/483/1011 1012/486/1012 1009/485/1009 1006/484/1006
f  1011/483/1011 981/452/981 984/453/984 1012/486/1012
f  1013/487/1013 1012/486/1012 984/453/984 1014/488/1014
f  1013/487/1013 1015/489/1015 1009/485/1009 1012/486/1012
f  1013/487/1013 1016/491/1016 1017/490/1017 1015/489/1015
f  1013/487/1013 1014/488/1014 1018/492/1018 1016/491/1016
f  1019/493/1019 983/454/983 985/455/985 1000/471/1000
f  1019/493/1019 1014/488/1014 984/453/984 983/454/983
f  1019/493/1019 1020/494/1020 1018/492/1018 1014/488/1014
f  1019/493/1019 1000/471/1000 1002/472/1002 1020/494/1020
f  1021/495/1021 1008/480/1008 1009/481/1009 1015/496/1015
f  1021/495/1021 999/468/999 998/469/998 1008/480/1008
f  1021/495/1021 1022/497/1022 1003/474/1003 999/468/999
f  1021/495/1021 1015/496/1015 1017/498/1017 1022/497/1022
f  1023/499/1023 1024/502/1024 1025/501/1025 1026/500/1026
f  1027/503/1027 1023/499/1023 1026/500/1026 1028/504/1028
f  1029/505/1029 1027/503/1027 1028/504/1028 1030/506/1030
f  1031/507/1031 1032/510/1032 1033/509/1033 1034/508/1034
f  1035/511/1035 1031/507/1031 1034/508/1034 1036/512/1036
f  1037/513/1037 1035/511/1035 1036/512/1036 1038/514/1038
f  1039/515/1039 1040/518/1040 1041/517/1041 1042/516/1042
f  1043/519/1043 1039/515/1039 1042/516/1042 1044/520/1044
f  1045/521/1045 1043/519/1043 1044/520/1044 1046/522/1046
f  1042/516/1042 1041/517/1041 1047/524/1047 1048/523/1048
f  1044/520/1044 1042/516/1042 1048/523/1048 1049/525/1049
f  1046/522/1046 1044/520/1044 1049/525/1049 1050/526/1050
f  1051/527/1051 1052/528/1052 1024/502/1024 1023/499/1023
f  1053/529/1053 1051/527/1051 1023/499/1023 1027/503/1027
f  1054/530/1054 1053/529/1053 1027/503/1027 1029/505/1029
f  1026/500/1026 1025/501/1025 1032/510/1032 1031/507/1031
f  1028/504/1028 1026/500/1026 1031/507/1031 1035/511/1035
f  1030/506/1030 1028/504/1028 1035/511/1035 1037/513/1037
f  1034/508/1034 1033/509/1033 1040/518/1040 1039/515/1039
f  1036/512/1036 1034/508/1034 1039/515/1039 1043/519/1043
f  1038/514/1038 1036/512/1036 1043/519/1043 1045/521/1045
f  1048/523/1048 1047/524/1047 1052/532/1052 1051/531/1051
f  1049/525/1049 1048/523/1048 1051/531/1051 1053/533/1053
f  1050/526/1050 1049/525/1049 1053/533/1053 1054/534/1054
f  1055/535/1055 1056/537/1056 1057/536/1057
f  1058/538/1058 1056/537/1056 1059/539/1059
f  1060/540/1060 1056/537/1056 1061/541/1061
f  1057/542/1057 1056/537/1056 1062/543/1062
f  1063/544/1063 1056/537/1056 1055/535/1055
f  1059/539/1059 1056/537/1056 1063/544/1063
f  1061/541/1061 1056/537/1056 1058/538/1058
f  1062/543/1062 1056/537/1056 1060/540/1060
f  1024/502/1024 1062/543/1062 1060/540/1060 1025/501/1025
f  1032/510/1032 1061/541/1061 1058/538/1058 1033/509/1033
f  1040/518/1040 1059/539/1059 1063/544/1063 1041/517/1041
f  1041/517/1041 1063/544/1063 1055/535/1055 1047/524/1047
f  1052/528/1052 1057/542/1057 1062/543/1062 1024/502/1024
f  1025/501/1025 1060/540/1060 1061/541/1061 1032/510/1032
f  1033/509/1033 1058/538/1058 1059/539/1059 1040/518/1040
f  1047/524/1047 1055/535/1055 1057/536/1057 1052/532/1052
f  775/545/775 772/198/772 796/221/796
f  799/224/799 772/198/772 774/199/774
f  797/222/797 772/198/772 771/196/771
f  773/197/773 772/198/772 798/223/798
f  781/206/781 1064/547/1064 1065/546/1065 759/184/759
f  1064/547/1064 773/197/773 798/223/798 1065/546/1065
f  779/361/779 1066/549/1066 1067/548/1067 907/360/907
f  1066/549/1066 797/222/797 771/196/771 1067/548/1067
f  760/183/760 1068/551/1068 1069/550/1069 800/225/800
f  1068/551/1068 799/224/799 774/199/774 1069/550/1069
f  792/552/792 1070/555/1070 1071/554/1071 778/553/778
f  1070/555/1070 775/545/775 796/221/796 1071/554/1071
f  759/184/759 1065/546/1065 1068/551/1068 760/183/760
f  1065/546/1065 798/223/798 799/224/799 1068/551/1068
f  778/553/778 1071/554/1071 1066/549/1066 779/361/779
f  1071/554/1071 796/221/796 797/222/797 1066/549/1066
f  800/225/800 1069/550/1069 1070/557/1070 792/556/792
f  1069/550/1069 774/199/774 775/200/775 1070/557/1070
f  907/360/907 1067/548/1067 1064/547/1064 781/206/781
f  1067/548/1067 771/196/771 773/197/773 1064/547/1064
f  944/409/944 938/404/938 940/405/940
f  942/407/942 938/404/938 943/408/943
f  1072/558/1072 938/404/938 937/402/937
f  941/406/941 938/404/938 1072/558/1072
f  954/421/954 1073/560/1073 1074/559/1074 935/420/935
f  1073/560/1073 941/406/941 1072/558/1072 1074/559/1074
f  935/420/935 1074/559/1074 1075/562/1075 933/561/933
f  1074/559/1074 1072/558/1072 937/402/937 1075/562/1075
f  920/380/920 1076/564/1076 1077/563/1077 911/366/911
f  1076/564/1076 942/407/942 943/408/943 1077/563/1077
f  912/365/912 1078/566/1078 1079/565/1079 917/372/917
f  1078/566/1078 944/409/944 940/405/940 1079/565/1079
f  911/366/911 1077/563/1077 1078/566/1078 912/365/912
f  1077/563/1077 943/408/943 944/409/944 1078/566/1078
f  921/381/921 1080/567/1080 1076/564/1076 920/380/920
f  1080/567/1080 939/403/939 942/407/942 1076/564/1076
f  917/372/917 1079/565/1079 1073/560/1073 954/421/954
f  1079/565/1079 940/405/940 941/406/941 1073/560/1073
f  933/561/933 1075/562/1075 1080/567/1080 921/381/921
f  1075/562/1075 937/402/937 939/403/939 1080/567/1080
f  1081/568/1081 1082/570/1082 1083/569/1083
f  1084/571/1084 1082/570/1082 1085/572/1085
f  813/242/813 1086/573/1086 814/241/814
f  1087/574/1087 1086/573/1086 1088/575/1088
f  852/284/852 1088/576/1088 813/242/813 812/239/812
f  815/240/815 814/241/814 1087/574/1087 855/291/855
f  855/291/855 1087/574/1087 1088/575/1088 852/577/852
f  864/298/864 1081/568/1081 1083/569/1083 861/304/861
f  810/243/810 1089/580/1089 1090/579/1090 801/578/801
f  858/292/858 1085/572/1085 1081/568/1081 864/298/864
f  801/226/801 1090/581/1090 853/286/853 765/190/765
f  856/290/856 1084/571/1084 1085/572/1085 858/292/858
f  817/244/817 854/285/854 1089/580/1089 810/243/810
f  861/304/861 1083/569/1083 1084/583/1084 856/582/856
f  816/245/816 1091/584/1091 835/265/835 804/231/804
f  834/266/834 859/293/859 1091/586/1091 816/585/816
f  1083/569/1083 1082/570/1082 1084/583/1084
f  1089/580/1089 1092/587/1092 1090/579/1090
f  1085/572/1085 1082/570/1082 1081/568/1081
f  1090/581/1090 1092/587/1092 853/286/853
f  854/285/854 1092/587/1092 1089/580/1089
f  1091/584/1091 1093/588/1093 835/265/835
f  859/293/859 1093/588/1093 1091/586/1091
f  853/286/853 1092/587/1092 854/285/854
f  836/264/836 1093/588/1093 859/293/859
f  835/265/835 1093/588/1093 836/264/836
f  1088/576/1088 1086/573/1086 813/242/813
f  814/241/814 1086/573/1086 1087/574/1087
f  993/465/993 1094/589/1094 994/464/994
f  995/466/995 1094/589/1094 993/465/993
f  990/477/990 1095/590/1095 995/466/995 988/463/988
f  1005/478/1005 1096/591/1096 1095/590/1095 990/477/990
f  967/435/967 1097/592/1097 1096/591/1096 1005/478/1005
f  963/431/963 994/464/994 1097/592/1097 967/435/967
f  994/464/994 1094/589/1094 1097/592/1097
f  1096/591/1096 1094/589/1094 1095/590/1095
f  1095/590/1095 1094/589/1094 995/466/995
f  1097/592/1097 1094/589/1094 1096/591/1096
f  523/593/523 524/594/524 621/43/621 756/181/756
f  525/595/525 523/593/523 756/181/756 642/64/642
f  526/596/526 753/177/753 676/98/676 527/597/527
f  528/598/528 677/99/677 753/177/753 526/596/526
f  529/599/529 530/600/530 697/119/697 747/172/747
f  529/599/529 747/172/747 700/122/700 531/601/531
f  754/179/754 1098/602/1098 756/181/756
f  533/603/533 534/604/534 691/113/691 742/166/742
f  535/605/535 738/162/738 617/39/617 536/606/536
f  537/607/537 533/603/533 742/166/742 695/117/695
f  535/605/535 538/608/538 619/41/619 738/162/738
f  539/609/539 540/610/540 612/34/612 610/32/610
f  541/611/541 615/37/615 614/36/614 542/612/542
f  543/613/543 544/614/544 605/26/605 731/155/731
f  545/615/545 726/150/726 636/58/636 546/616/546
f  543/613/543 731/155/731 606/28/606 547/617/547
f  545/615/545 548/618/548 637/59/637 726/150/726
f  549/619/549 550/620/550 648/70/648 725/149/725
f  551/621/551 641/62/641 654/76/654 552/622/552
f  549/619/549 725/149/725 646/68/646 553/623/553
f  551/621/551 554/624/554 724/148/724 641/62/641
f  704/126/704 743/167/743 720/144/720 719/141/719
f  531/601/531 700/122/700 692/116/692 555/625/555
f  142/142/142 556/626/556 666/86/666 719/141/719
f  530/600/530 557/627/557 690/110/690 697/119/697
f  537/607/537 695/117/695 686/108/686 558/628/558
f  534/604/534 555/625/555 692/116/692 691/113/691
f  171/171/171 687/109/687 690/110/690 557/627/557
f  559/629/559 558/628/558 686/108/686 685/107/685
f  559/629/559 685/107/685 678/100/678 560/630/560
f  528/598/528 560/630/560 678/100/678 677/99/677
f  527/597/527 676/98/676 649/73/649 561/631/561
f  562/632/562 663/85/663 666/86/666 556/626/556
f  562/632/562 563/633/563 645/65/645 663/85/663
f  552/622/552 654/76/654 653/75/653 564/634/564
f  554/624/554 565/635/565 609/29/609 724/148/724
f  550/620/550 561/631/561 649/73/649 648/70/648
f  553/623/553 646/68/646 638/60/638 566/636/566
f  525/595/525 642/64/642 645/65/645 563/633/563
f  524/594/524 564/634/564 653/75/653 621/43/621
f  548/618/548 566/636/566 638/60/638 637/59/637
f  546/616/546 636/58/636 613/35/613 567/637/567
f  568/638/568 625/47/625 620/42/620 569/639/569
f  568/638/568 570/640/570 611/33/611 625/47/625
f  571/641/571 572/642/572 618/40/618 624/46/624
f  571/641/571 624/46/624 616/38/616 573/643/573
f  538/608/538 569/639/569 620/42/620 619/41/619
f  536/606/536 617/39/617 618/40/618 572/642/572
f  541/611/541 573/643/573 616/38/616 615/37/615
f  542/612/542 614/36/614 603/25/603 574/644/574
f  540/610/540 567/637/567 613/35/613 612/34/612
f  539/609/539 610/32/610 611/33/611 570/640/570
f  547/617/547 606/28/606 609/29/609 565/635/565
f  544/614/544 574/644/574 603/25/603 605/26/605
f  655/77/655 640/63/640 639/61/639
f  658/80/658 1099/645/1099 608/30/608
f  644/66/644 1100/646/1100 645/65/645
f  756/181/756 1098/602/1098 642/64/642
f  719/141/719 755/180/755 704/126/704
f  664/88/664 1100/646/1100 644/66/644
f  731/155/731 1101/647/1101 606/28/606
f  688/112/688 1102/648/1102 743/167/743
f  598/18/598 699/121/699 594/16/594
f  665/87/665 755/180/755 666/86/666
f  606/28/606 1101/647/1101 607/31/607
f  607/31/607 1101/647/1101 730/154/730
f  614/36/614 699/121/699 598/18/598
f  629/51/629 604/27/604 597/19/597
f  641/62/641 640/63/640 654/76/654
f  624/46/624 732/156/732 616/38/616
f  724/148/724 1099/645/1099 658/80/658
f  582/2/582 732/156/732 624/46/624
f  663/85/663 1100/646/1100 664/88/664
f  720/144/720 1102/648/1102 687/109/687
f  645/65/645 1100/646/1100 663/85/663
f  597/19/597 604/27/604 603/25/603
f  642/64/642 1098/602/1098 643/67/643
f  623/44/623 622/45/622 652/74/652
f  616/38/616 732/156/732 581/3/581
f  654/76/654 640/63/640 655/77/655
f  743/167/743 1102/648/1102 720/144/720
f  730/154/730 1101/647/1101 731/155/731
f  609/29/609 1099/645/1099 724/148/724
f  643/67/643 1098/602/1098 754/179/754
f  687/109/687 1102/648/1102 688/112/688
f  666/86/666 755/180/755 719/141/719
f  608/30/608 1099/645/1099 609/29/609
f  1016/491/1016 1050/526/1050 1054/534/1054 1017/490/1017
f  1002/472/1002 1038/514/1038 1045/521/1045 1020/494/1020
f  1003/474/1003 1030/506/1030 1037/513/1037 1001/473/1001
f  1017/498/1017 1054/530/1054 1029/505/1029 1022/497/1022
f  1018/492/1018 1046/522/1046 1050/526/1050 1016/491/1016
f  1020/494/1020 1045/521/1045 1046/522/1046 1018/492/1018
f  1001/473/1001 1037/513/1037 1038/514/1038 1002/472/1002
f  1022/497/1022 1029/505/1029 1030/506/1030 1003/474/1003

