# File produced by Open Asset Import Library (http://www.assimp.sf.net)
# (assimp v5.3.0)

mtllib nightmare_01.mtl

# 5258 vertex positions
v 7.28729963 102.746567 18.916523
v 3.7508378 102.247101 19.3993015
v 3.82177734 96.5029678 19.9057732
v 7.54178905 97.7574463 19.4085064
v 7.775033 95.2026978 19.9765453
v 3.91908407 93.6329041 20.062664
v 4.0163908 90.7628326 20.219553
v 8.00827694 92.6479416 20.5445843
v 1.65066794e-07 101.856018 19.5694923
v 1.6851088e-07 95.3264389 20.1894722
v -0.018218115 84.430336 14.2524815
v 1.56151569 88.3544235 15.534709
v 0.0101392791 88.3735352 13.1273127
v 0.0101393014 84.5432129 13.6954679
v 10.9407377 98.6650009 18.6098576
v 10.4690342 103.211685 18.3589668
v 13.829113 99.4940262 17.1709824
v 13.1057367 103.521698 16.7236423
v 11.7544641 94.028595 19.4584637
v 11.3476009 96.3468018 19.0341606
v 15.4400072 95.0942612 17.2082863
v 14.6345596 97.2941437 17.1896343
v 10.2926912 107.4282 18.1010952
v 7.19366264 107.446915 18.815134
v 10.192462 110.968185 16.4958611
v 7.12195253 110.944405 16.5393505
v 12.494092 107.227089 15.829134
v 11.6634769 109.322556 14.7742863
v 3.7089901 107.356461 18.9895535
v 1.28745498e-07 107.14846 18.8379154
v 3.69639921 110.991302 16.6172943
v 9.70977965e-08 111.159279 16.8409519
v 14.6723804 101.879776 -5.83660603
v 14.6780663 100.585419 -2.19325018
v 15.9562149 100.670799 -2.45233274
v 15.740653 100.513367 -6.51756144
v 16.2969475 99.4340973 -6.58599138
v 16.4981174 99.9212341 -2.41684651
v 17.04002 99.1716537 -2.38136053
v 16.853241 98.3548279 -6.65442133
v 14.9077587 100.493446 1.77306604
v 16.0072041 100.775368 1.80376458
v 16.5408268 100.080223 1.77719617
v 17.0744514 99.3850784 1.75062776
v 15.1310759 100.119705 -10.296319
v 14.1549158 102.883438 -9.62774563
v 13.7603588 99.7850952 -13.3733826
v 13.053669 103.884262 -13.0996714
v 16.3264141 96.981842 -10.1963825
v 15.7287455 98.5507812 -10.2463503
v 15.2715912 95.2764282 -13.5648479
v 14.515976 97.5307693 -13.4691153
v 13.7067089 106.87352 -9.33034897
v 13.940588 104.586288 -5.48664522
v 12.7299471 110.525215 -9.59715557
v 13.5871572 111.410355 -6.38489485
v 12.4726925 107.398788 -12.5065765
v 11.8739777 109.793663 -11.7707663
v 13.7923841 102.307671 -2.06992078
v 13.5755424 101.024757 1.72357023
v 13.873107 111.544182 -2.35553765
v 13.9033403 111.407227 1.86503315
v 7.13325977 113.409805 9.67779541
v 10.5059357 114.061752 10.0247288
v 10.5666714 114.159286 6.01686239
v 7.15726709 113.263199 5.82489586
v 10.6058416 114.102089 1.82759368
v 7.21286678 112.898811 1.78877306
v 13.8246365 112.118378 10.2077274
v 14.0477295 111.988037 6.10275888
v 3.71544361 111.041344 5.69573402
v 3.71622705 111.25473 9.58775997
v -1.23972749e-10 112.615623 5.61207581
v 1.68816197e-08 113.186928 9.47345257
v 3.68745923 111.031967 1.67126024
v -1.24183941e-10 113.251572 1.75379169
v 3.69825196 113.361435 13.4025803
v 7.13334703 113.676735 13.5400925
v 6.1761348e-08 113.722214 13.4308882
v 10.1460514 112.235718 13.2234154
v 12.8447685 110.915222 13.3111982
v 9.89039707 69.6566238 -15.54035
v 9.66248417 74.0665588 -16.3914089
v 14.1287766 74.7220001 -15.0850754
v 14.5893583 70.3677597 -15.2816839
v 18.278223 75.7396317 -14.9548931
v 18.7930298 71.6221619 -14.2425451
v 9.30271626 78.4655685 -16.4607811
v 13.658803 78.9489517 -15.2922468
v 17.7125244 79.7419891 -15.3324337
v 15.0657177 66.0209579 -15.7012796
v 10.1451302 65.4265976 -15.0915527
v 15.2789412 62.4752884 -14.583395
v 10.3122778 61.8651962 -14.9334478
v 19.4286327 67.2571793 -14.7578144
v 20.2261086 63.2176781 -12.6699247
v 5.13211536 65.0158539 -16.2464275
v 5.08352137 69.1816025 -17.4388371
v 4.52227944e-08 64.7243881 -18.1148376
v 2.28550647e-07 68.8087769 -19.7067719
v 5.1725297 61.591507 -15.2893295
v 2.72465819e-08 61.6622276 -17.3932533
v 4.89938784 73.7352753 -17.8550339
v 4.76785707 78.234848 -18.2893867
v 2.53675012e-07 73.4769592 -20.7101555
v 3.6362411e-07 78.1653442 -19.9036217
v 7.27132368 103.888329 -15.1090155
v 10.4133358 103.852676 -14.5091887
v 10.939558 99.5491562 -15.046772
v 7.55914783 99.5525513 -16.1292858
v 7.64208221 97.2552414 -15.9439669
v 11.1633358 97.2630844 -14.7796659
v 11.3871136 94.9770126 -14.512558
v 7.72501564 94.9579315 -15.7586479
v 3.87661457 99.5987015 -16.8579865
v 3.7104578 103.768494 -14.8462725
v 4.53794314e-07 99.6556854 -17.4050865
v 3.53795485e-07 103.860168 -15.3305092
v 4.01534367 95.0698776 -17.6350994
v 3.94597912 97.3342896 -17.246542
v 5.39104008e-07 95.1796188 -18.6304741
v 4.96449161e-07 97.4176559 -18.0177803
v 3.73591089 108.082611 -14.9234009
v 7.16479063 107.916161 -14.5916519
v 3.72490025 111.498184 -13.1314573
v 7.16930628 111.327591 -13.0105677
v 2.73928521e-07 108.160553 -15.1397781
v 1.87703975e-07 111.639549 -13.2679853
v 10.1441202 107.703667 -14.1371603
v 10.0624886 110.795021 -12.5908613
v 1.93308425 67.4367599 10.6173964
v 1.3829174 71.3360901 10.8892956
v 0.64561671 70.6286011 10.3311348
v 0.889634371 66.8906708 10.1138954
v -0.0587533452 70.2933426 9.96690369
v -0.0405635498 66.6380768 9.85640144
v 1.2796911 75.0728912 10.4746132
v 0.649265945 74.175499 9.95144653
v 0.0835770592 73.7380905 9.60479259
v 0.999705076 63.1843491 10.2345066
v 2.17603445 63.5456123 11.1378927
v 1.27932215 59.9586487 9.52088165
v 3.09278369 60.5396309 9.58198643
v -0.0705876201 63.0542755 9.63297462
v -0.0966191366 59.8372726 9.15418339
v 3.63683057 63.8940887 12.9779921
v 2.80546498 67.9814606 12.7886257
v 5.38015366 63.2618561 16.7266197
v 4.21005106 67.8629227 16.9695473
v 4.20588255 59.8650284 13.1160879
v 6.7451849 59.5475121 14.9792795
v 2.2660377 72.1693115 12.2524586
v 1.90471685 76.229393 12.0178375
v 3.33038664 72.4834824 16.8286152
v 2.76964045 76.6613693 16.4827881
v 7.19823885 113.872421 -6.11102676
v 10.6351213 114.002434 -6.42168379
v 10.0973587 111.807442 -9.55536747
v 7.21201086 113.39698 -9.91842842
v 3.72349977 113.517258 -9.90896702
v 3.7150538 113.439011 -6.0416131
v 8.85712268e-08 113.653702 -9.94249916
v 1.63495955e-08 114.087852 -6.02144146
v 3.69220734 112.254387 -2.18995023
v 7.1862421 113.569557 -2.21781611
v -1.24467769e-10 113.922173 -2.0688808
v 10.6612997 114.214996 -2.33908153
v 14.5763941 101.30069 9.5236702
v 14.0108137 102.473038 12.7819929
v 15.2812309 100.329086 14.0519419
v 15.7314539 100.302162 10.0813446
v 16.216259 99.0823822 10.0420876
v 15.988946 99.1008759 14.092186
v 16.6966629 97.8726654 14.1324301
v 16.7010651 97.8626022 10.0028305
v 15.8874731 100.270912 5.97432661
v 14.7185268 100.233589 5.71063614
v 17.078001 99.1402893 5.95030594
v 16.4827385 99.7056046 5.96231604
v 13.560606 101.030243 5.58395338
v 13.8920193 104.11367 9.43206024
v 13.7507792 107.097343 12.7072811
v 28.5847092 65.2640152 6.64934111
v 26.7223969 61.5430374 6.66438961
v 26.8694534 61.147541 3.39804435
v 28.7713223 64.654213 3.39935589
v 26.4836788 61.8631325 0.0840401351
v 28.8270302 64.3862305 0.0128972484
v 25.2329311 58.4408722 6.34750605
v 25.4903183 57.8153229 3.24628282
v 25.3633461 57.7149429 -0.21193473
v 31.050663 67.4744568 3.55640364
v 30.8861084 68.0596695 6.96009541
v 33.2221222 69.9899445 3.65777969
v 33.0626259 70.4780731 7.15377283
v 30.9573708 67.6354752 0.158850208
v 33.1722374 70.1618271 0.206187844
v 30.681982 68.8995361 10.4227934
v 28.3261127 65.9980087 9.98010635
v 30.4074993 70.3419113 13.6572828
v 28.0669937 67.1540985 13.5121422
v 33.0174751 70.8535843 10.7558784
v 32.6649628 72.6093979 13.5580835
v 26.2806129 62.1294098 9.90919685
v 24.6250343 58.623291 9.36511803
v 25.3992634 63.6654205 12.9862814
v 22.6235008 58.2246513 13.0806551
v 12.2803793 67.4922562 20.0285759
v 11.3300667 72.84552 20.354496
v 7.05346727 72.7215729 18.9999352
v 7.91907978 67.6980286 19.2476959
v 10.4681549 77.5591202 20.0966473
v 6.40976524 77.2233505 18.1931267
v 9.07585812 62.6608582 18.1857662
v 13.2819691 62.1106987 18.4187508
v 10.0694265 58.5865936 16.0475559
v 13.9279785 57.7247162 16.080286
v 17.531126 62.0963135 18.0520439
v 16.5242424 67.5709305 20.176878
v 21.4408684 63.5138702 16.9659481
v 20.3582497 68.6975021 19.5032902
v 18.0316944 57.5270653 15.402463
v 15.5073004 73.0790253 20.6774483
v 14.5660715 78.0450974 20.8599968
v 19.3050175 73.8851013 20.7586422
v 18.3291988 78.8511658 21.1980839
v 26.4613171 73.6834183 18.1555824
v 23.6597557 70.9837265 18.9094105
v 24.518034 66.7517166 16.0432892
v 27.1703796 70.2814178 15.7103271
v 29.7049599 73.1951218 15.7283478
v 29.1682777 75.9792252 18.0824318
v 32.0531616 75.3314743 15.2723875
v 31.5999451 77.8276901 17.3402557
v 28.4798584 79.3520966 19.6610374
v 25.7684879 77.4939651 20.4709663
v 27.6693459 83.0501328 19.5199833
v 24.841608 81.6657257 20.6255016
v 31.0679684 80.8145142 18.9239292
v 30.4069386 84.1938019 19.006382
v 22.7388763 75.4895477 20.9949627
v 21.7374897 80.1821823 21.3143196
v 28.0983505 66.0649261 -6.32273865
v 25.8701267 63.007782 -6.56316233
v 25.0454845 64.1769714 -9.69863987
v 27.2937317 67.7780762 -9.06984711
v 24.1370354 65.8535843 -13.1381989
v 27.0862808 68.6140442 -12.9250717
v 23.9349575 60.4675255 -6.63934898
v 22.6075878 61.7997818 -9.40433121
v 30.1059666 69.7016678 -9.52261639
v 30.2370911 69.4757156 -5.92060614
v 32.7724419 70.4962997 -10.0679159
v 32.8331642 71.0023041 -6.20041037
v 29.8606625 70.5024872 -13.1700449
v 32.3945007 71.9232864 -13.322504
v 30.6455555 68.4511337 -2.96381044
v 28.651453 64.8087997 -3.3389225
v 33.101696 70.3551712 -3.04780936
v 26.2391472 62.3796577 -3.21515059
v 24.8107128 58.9156647 -3.60174823
v 9.01408768 85.3137131 18.3611507
v 8.39962482 89.0163116 17.2590313
v 4.67985344 87.8130264 16.571188
v 5.17603016 84.4761963 17.1948071
v 1.53645515 85.5576324 16.6341839
v 2.03905082 83.2755127 16.1845379
v -1.48452246 88.3544235 15.534709
v 5.79194117 81.075592 17.5033531
v 9.62328339 81.6965866 19.810442
v 2.42750263 80.3035736 16.0983391
v 13.679121 82.4692383 20.2652798
v 12.9253817 86.1431885 17.8708611
v 17.4252605 83.2907791 19.7188797
v 16.584959 87.1109619 18.0213757
v 12.1403866 89.9809647 17.2231159
v 15.8107691 90.7471161 17.0445328
v 21.689003 98.7700958 -6.64965439
v 19.0742817 98.0908279 -6.57223701
v 19.1305256 98.0775528 -2.49787784
v 21.6879807 99.4551315 -2.7083056
v 19.083847 100.076645 1.66842365
v 21.5227547 101.039452 1.29676032
v 24.6546745 100.444702 -2.97304034
v 24.7488766 99.5208817 -6.65620756
v 27.8361683 101.865036 -3.49576879
v 28.0076752 100.206375 -6.69353151
v 24.5961266 100.950668 0.761146247
v 27.7817783 102.476128 0.281291991
v 24.9081345 98.3980484 -10.0026388
v 21.8973408 96.1882935 -9.7243681
v 25.3698597 94.2403641 -11.5498343
v 22.1421719 94.205162 -12.4598484
v 28.1664371 99.3840103 -9.84207058
v 28.5432892 95.2039795 -11.4521704
v 18.8420773 95.2741013 -9.70349979
v 18.9212608 94.2700119 -13.0302887
v 0.53410691 80.4780197 11.9277325
v 0.300316155 82.0208817 12.3307486
v 0.18682234 80.8994293 11.16259
v 0.344163746 79.4262161 10.7070503
v 0.0253022201 80.3153381 10.6722193
v 0.0985291898 78.8873444 10.131444
v 1.80046683e-07 82.7611465 12.563448
v 1.67801488e-07 81.5626526 11.5263348
v 1.62706115e-07 81.0215988 10.8101444
v 0.401781559 77.1165314 10.4957867
v 0.787843168 78.1363373 11.4219799
v 0.0320848115 76.6305923 9.92724228
v 1.20537567 79.4073105 13.1875954
v 0.681923628 81.8160782 14.0860825
v 0.385563165 83.581131 14.4291964
v 1.75296364e-07 84.5432129 14.8094969
v -0.751370311 91.9159851 16.5030041
v 0.0101392902 91.8499832 13.940218
v 8.42972946 86.6615829 -16.0673141
v 8.10145473 90.7398071 -16.2210464
v 11.999052 90.8684769 -15.2239351
v 12.5290031 86.8966217 -15.1559305
v 15.7768002 91.1678925 -15.0956755
v 16.391386 87.3821945 -15.3959875
v 13.165906 82.9996796 -16.0596085
v 8.84447956 82.6294403 -16.1030045
v 17.0672779 83.6302032 -15.4922056
v 4.56474781 82.5095749 -18.3050804
v 4.44326448 86.6587753 -18.6885567
v 4.9664601e-07 82.5397339 -19.6801987
v 5.30512352e-07 86.7232742 -19.4956799
v 4.18551064 90.7916794 -18.1368141
v 5.72424142e-07 90.9794998 -19.9549789
v 37.6374168 71.762619 6.46944284
v 35.365715 71.407959 6.98919582
v 35.4833374 71.1366806 3.48518491
v 37.7198944 71.7746201 3.14064479
v 35.4845047 71.2049637 0.073197104
v 37.7600784 71.5779343 -0.0421601906
v 40.1362724 72.0215988 2.84736323
v 40.0555916 72.0364609 5.87495995
v 42.8808174 71.8198471 2.69097829
v 42.8459702 71.7471161 5.49586678
v 40.1738358 71.5238342 -0.0692062452
v 42.916687 71.3641891 -0.0394230969
v 39.9655876 72.3776169 8.86233044
v 37.5171928 72.1498184 9.78789139
v 39.8143501 73.8991394 11.3654432
v 37.2799149 73.8661499 12.3867188
v 42.7904701 72.5592422 8.08234692
v 42.6420212 74.2745667 10.1820793
v 35.271553 71.7237091 10.5608921
v 34.9278336 73.6596603 13.1187305
v 35.324707 90.0728378 -14.5483179
v 32.3095322 90.2955246 -14.7996569
v 31.9950066 92.8866653 -13.2816715
v 35.1075783 92.7103271 -13.0257244
v 31.7175999 95.6006165 -11.5279112
v 34.8702431 94.9637833 -10.9004831
v 29.3237762 90.1746597 -14.8095217
v 28.9009151 92.8379364 -13.5705948
v 38.2757111 92.3886948 -12.5460167
v 38.4104424 89.7476196 -13.9880962
v 41.5339241 92.0550995 -11.783432
v 41.662014 89.6105652 -13.3998213
v 38.1271667 95.0869904 -10.5312185
v 41.4271507 94.4103241 -9.91075993
v 38.635643 86.9105301 -15.4765921
v 35.5739899 87.1026077 -15.7778254
v 38.8673668 83.8196945 -15.9911661
v 35.9079132 84.0491714 -16.8216724
v 41.7915497 86.8003693 -14.2880955
v 41.8547211 83.8179169 -14.1394129
v 32.6549301 87.3273468 -15.8640862
v 29.7883148 87.2090683 -15.6141005
v 33.0449486 84.256958 -16.8432503
v 30.2660236 84.116745 -16.4826965
v 36.5396156 78.8410721 15.3995686
v 34.0162086 78.7210388 16.3945789
v 34.4132957 76.3095474 14.5864134
v 36.8742638 76.4370041 13.8296671
v 39.5173264 76.2728348 12.9145432
v 39.254158 78.6355438 14.33214
v 42.4342537 76.3960953 11.7781038
v 42.2334747 78.6450882 13.103446
v 39.0279541 81.3054962 15.7653561
v 36.2258148 81.5812607 16.9185619
v 38.8214874 84.3845749 16.8207054
v 35.9617271 84.7116852 18.1386375
v 42.0398941 81.2229233 14.2839203
v 41.9317665 84.108551 15.5246143
v 33.6175346 81.5277863 18.0356445
v 33.1537018 84.7281342 18.7416859
v 34.6027565 100.220329 -6.39410496
v 31.305975 100.111526 -6.56724501
v 31.1944866 100.861343 -3.61914086
v 34.516674 101.160408 -3.51852965
v 31.1626492 101.91069 -0.0225577727
v 34.5095901 101.941307 -0.0416402332
v 37.9071007 101.232536 -3.39266348
v 37.9725609 100.291519 -6.26265907
v 41.3029327 100.499802 -3.1784904
v 41.3660316 99.7336426 -5.92280197
v 37.8577538 100.962975 -0.128428802
v 41.3247948 101.115181 -0.132008061
v 38.1557655 99.3026276 -9.05021667
v 34.841114 100.111526 -9.54013157
v 41.4718666 98.3586502 -8.49825382
v 31.4881344 100.128128 -9.74702549
v 23.208559 88.8622665 -15.037323
v 19.9232635 88.0507126 -15.1479445
v 19.2875385 91.3306503 -14.3935337
v 22.609993 91.8029861 -14.1255045
v 25.7898045 92.412323 -13.8664818
v 26.3164291 89.6386261 -14.8747435
v 26.8981514 86.5902786 -15.3071928
v 23.8695087 85.6391373 -15.2702856
v 27.4782257 83.4028625 -15.9153881
v 24.5246811 82.2503586 -15.610795
v 20.6221313 84.5760498 -15.4379759
v 21.3030205 80.9117813 -15.5531445
v 23.2523842 89.2382431 18.0663986
v 20.0225182 88.1971512 18.2339497
v 20.8360329 84.2406082 19.0837326
v 23.9842682 85.3690643 18.5245457
v 26.9595394 86.5641022 18.3063755
v 26.3194637 90.271965 17.8713818
v 29.8332977 87.5977707 18.3404217
v 29.3198109 91.1297913 17.7326908
v 25.7949409 92.6731644 15.4549065
v 22.6149559 91.7963409 15.7993641
v 25.3632145 94.5307693 13.2769308
v 22.1736088 94.542923 14.4071341
v 28.8926296 93.536911 15.2744455
v 28.54175 95.6815186 12.6656733
v 19.3103905 91.2630615 16.5339203
v 18.9239616 94.1722946 15.2929192
v 21.7477131 98.224823 8.69839668
v 18.9497452 96.7196274 9.29114437
v 18.9577312 96.3004074 12.8833475
v 21.8888702 95.5374908 11.4379244
v 25.011219 97.4153442 11.0190248
v 24.7079449 99.9231644 8.28785038
v 28.2189503 98.8882751 10.8365736
v 28.0394249 99.5331955 7.30787182
v 24.6528683 100.380493 4.45781279
v 21.7393723 98.7750549 5.08162642
v 27.9069729 100.704651 3.9000442
v 19.105484 98.7591019 5.71723223
v 25.7289181 75.1440659 -15.4726257
v 22.4976597 73.2340393 -15.0766888
v 21.9227962 77.168808 -14.9662657
v 25.1535378 78.7974472 -15.2304783
v 28.0727577 80.1799164 -15.7927742
v 28.6366768 76.9105225 -15.4762678
v 30.7934589 81.000412 -16.4920502
v 31.3263798 77.9851456 -15.8665848
v 29.2213993 73.4792023 -15.0190554
v 26.3899097 71.4265823 -15.072422
v 31.8647804 74.7989426 -15.2975035
v 23.1906681 69.0913315 -15.1923466
v 48.2470055 98.0287704 4.69182825
v 48.2290916 99.185463 2.33581924
v 44.7494278 99.4932327 2.55598307
v 44.8040543 98.7726822 5.3068943
v 41.2546043 99.6670456 2.89739656
v 41.2965775 98.8995132 5.89591599
v 48.2427139 100.005508 -0.0888407528
v 44.7238045 99.8666382 -0.203960568
v 44.847805 97.3744507 8.07899666
v 48.3077049 96.8812256 7.19602442
v 45.0798569 96.7382889 11.2857666
v 48.345787 94.6398697 9.6435833
v 41.4767113 98.2302933 9.29202271
v 41.4765396 95.683609 11.4888926
v 51.8027153 97.6815338 7.16519976
v 51.7240829 98.1231003 4.73987627
v 55.1893311 97.1799316 6.47347021
v 55.0923462 97.40625 4.38465977
v 51.8912811 95.5599442 9.19956875
v 55.315731 95.9767227 8.57037258
v 51.6994171 98.9263763 2.40410304
v 51.6891365 99.2012024 0.0387448072
v 55.0397797 98.0181808 2.33371592
v 54.997612 97.8911667 0.110458866
v 49.5179634 74.0665512 4.44251013
v 49.4269753 75.1253662 6.41842556
v 46.0534401 73.2760773 7.37227249
v 46.1576462 72.0404816 5.13922453
v 49.3332558 76.4880066 8.20461178
v 45.8298874 75.2610168 9.04249763
v 46.1721077 71.6056824 2.59946156
v 49.5843163 73.4146042 2.27934217
v 46.1650085 71.6200256 0.0178314894
v 49.6042557 73.2236176 0.0141960932
v 53.1792068 75.0074844 2.05267239
v 53.1327515 75.581459 4.04453421
v 56.7589989 76.2902832 1.86656594
v 56.7134171 76.8573837 3.74513865
v 53.1925812 74.8141403 -0.00521986093
v 56.7778015 76.0394897 -0.0906467959
v 53.0607719 76.5137482 5.91646433
v 52.9677124 77.7762527 7.61772251
v 56.6441002 77.7477264 5.52211857
v 56.5543518 78.9506226 7.16191196
v 48.6091118 89.7935486 -11.9998484
v 48.6926498 87.2298279 -12.1250267
v 45.1383324 86.9066086 -12.931365
v 45.0724945 89.5988159 -12.5866899
v 48.8018303 84.7224197 -12.0313416
v 45.1919441 84.1942139 -12.6744204
v 44.9595566 91.9863434 -11.1886587
v 48.466301 92.0074158 -10.5190153
v 44.9360542 95.4076157 -10.1877108
v 48.4451714 95.8120804 -9.76038456
v 52.0139313 92.9248657 -10.111496
v 52.1676636 90.0743637 -11.3952627
v 55.4953995 93.5641327 -9.83029938
v 55.6419716 90.2949295 -10.5235624
v 51.9122734 95.8355408 -9.13752079
v 55.3465843 96.104599 -8.61568546
v 52.3180008 87.7107468 -11.864274
v 52.449379 85.3321381 -11.651598
v 55.8491364 88.1706314 -11.3108292
v 56.0107498 85.9240646 -11.1543741
v 49.0673561 80.173378 10.9005146
v 48.9320984 82.4156494 11.9774933
v 45.3492165 81.6746445 12.8506279
v 45.5211868 79.2364349 11.834363
v 48.8470917 84.8442764 13.0998011
v 45.2713318 84.3233795 14.0670338
v 45.6945839 77.0936356 10.6358566
v 49.2134399 78.1764221 9.71335793
v 52.8556137 79.3381958 9.0952816
v 52.7283821 81.1621475 10.3346615
v 56.4457893 80.419075 8.61343193
v 56.3146172 82.11763 9.81151676
v 52.5987282 83.2109833 11.410881
v 52.4863586 85.4440918 12.3299751
v 56.1682777 84.0007935 10.7519846
v 56.0305519 86.0440826 11.5143118
v 34.5954361 100.202278 6.9971776
v 31.3040905 99.8076019 7.09854794
v 31.4839439 98.9111176 10.4551001
v 34.7437897 98.9040527 10.3456573
v 31.7079964 95.7818375 12.3843632
v 34.8893318 95.7826157 12.1881256
v 38.1309128 99.0246964 10.1651926
v 37.8870316 100.166183 6.81227684
v 38.1154137 95.5477829 11.8144236
v 37.892868 100.700142 3.42071772
v 34.5145111 100.921677 3.61487627
v 31.1897697 101.297356 3.74005222
v 35.3943481 91.5449448 17.2809238
v 32.3314896 91.5625687 17.5997105
v 32.6911049 88.0861359 18.1922798
v 35.6185379 88.0570297 17.8910275
v 38.6445389 87.7068329 17.1419201
v 38.5111694 91.0975723 16.5676632
v 41.8426285 87.3128357 16.0992718
v 41.7439156 90.5046616 15.5623398
v 38.3070335 93.6877289 14.517662
v 35.1098557 93.8944397 14.8236933
v 41.5970459 93.2271805 13.8793697
v 31.9891167 93.9028702 15.0843658
v 36.5534515 78.210495 -15.5369244
v 33.9290466 78.315506 -16.0033932
v 33.4827614 81.2313995 -16.7270222
v 36.2067719 81.1014709 -16.2849483
v 39.0076981 80.90168 -15.2242527
v 39.3270187 78.0077744 -14.7449255
v 42.0808907 80.9449158 -14.1625471
v 42.3027458 78.2176514 -13.4861336
v 39.6203651 75.3139343 -13.4023609
v 36.9763756 75.2342377 -14.6407309
v 39.8062134 73.3660049 -11.0829983
v 37.2614441 72.9618835 -12.2798634
v 42.4774475 75.8449402 -11.9152946
v 42.6187744 74.0657043 -9.83413124
v 34.4170914 75.2247391 -15.296917
v 34.8251419 72.6539383 -13.0836096
v 37.6078949 71.3268661 -6.08133888
v 35.2755127 71.333046 -6.34916592
v 35.1423798 71.0625992 -10.016983
v 37.4714546 71.6090698 -9.32740211
v 39.9536438 72.0921173 -8.39989376
v 40.0800362 71.2578583 -5.65454102
v 42.771347 72.6052933 -7.58605242
v 42.8838463 71.5608978 -5.21620321
v 40.1522179 71.0480194 -2.85255289
v 37.7333488 71.1187057 -3.04520392
v 42.9253769 71.1342163 -2.65644217
v 35.4626503 70.9634476 -3.15396523
v 62.3443375 90.9386368 -9.77251911
v 62.5674744 88.8800278 -10.1782808
v 59.2380981 88.5649261 -10.8060694
v 59.012413 90.5846329 -10.012332
v 62.7862968 86.7198563 -10.5930052
v 59.4298363 86.3597488 -10.8112183
v 58.8446312 93.4198456 -9.33622837
v 62.1006584 92.6181564 -8.41227341
v 58.7472115 96.2483368 -8.25683594
v 61.9668922 95.0883255 -7.52841663
v 65.523262 92.9251633 -8.47690296
v 65.7432175 91.3184738 -9.73540497
v 69.0995026 93.3734741 -8.92003727
v 69.2696609 92.0826187 -10.7394152
v 65.313118 94.4095078 -7.22738934
v 68.8747864 94.8476257 -7.40693331
v 65.9990234 89.2858734 -10.1485481
v 66.2129898 87.0947418 -10.5665369
v 69.5581436 89.9187469 -11.1981249
v 69.812355 87.6085129 -11.3401604
v 63.0765228 83.6439743 9.50425911
v 62.9110565 85.2722015 10.8280506
v 59.5981941 84.6197586 10.5418034
v 59.7518578 82.8449554 9.5637455
v 62.7129173 87.2504501 11.2789717
v 59.4174652 86.6097946 10.9735117
v 59.8721313 81.295723 8.20837784
v 63.2266502 81.7477722 8.34361076
v 59.9915314 79.7656631 6.80580473
v 63.3452797 80.1837158 6.67825794
v 66.5555573 82.3457108 8.57371426
v 66.3884735 84.0900803 10.3391075
v 69.9736938 82.5203247 9.06047916
v 69.7671661 84.3236542 11.0065365
v 66.6959534 80.5854568 6.65442896
v 70.1586151 80.8995209 6.64910746
v 66.1961823 85.9241791 11.5811033
v 65.9894257 87.9749527 11.9603014
v 69.5689621 86.5749054 11.5684862
v 69.3642273 88.6833038 11.8634109
v 61.691452 97.1681061 -3.71378803
v 61.7837372 96.2171478 -5.50776482
v 58.5718842 97.3291702 -6.23815727
v 58.3421555 96.8792343 -3.97461462
v 55.2293091 97.7437363 -6.78126955
v 55.1414909 98.3681183 -4.50888252
v 58.4032745 98.5909119 -1.993541
v 61.5928116 97.1072845 -1.60387576
v 58.3217392 98.0178223 0.261475533
v 61.5757904 97.2546692 0.534466088
v 55.0577393 98.3880768 -2.20050836
v 64.9829178 97.3963165 -1.43171406
v 65.06987 97.0363922 -3.62443066
v 68.5385971 96.46315 -1.21148598
v 68.6155777 95.7395325 -3.42624569
v 64.9459763 97.814621 0.944042206
v 68.4921646 97.6056213 1.24655628
v 65.1380997 95.3435287 -5.25181198
v 68.7206116 95.7275238 -5.46072292
v 63.5329857 77.9530258 -3.87500501
v 63.5862961 77.3628159 -2.25999355
v 60.2120056 76.9007034 -2.18282962
v 60.1707077 77.2984619 -3.97416067
v 56.7741776 76.0675049 -2.08195162
v 56.7340851 76.4949112 -4.02206755
v 63.584671 77.4224014 -0.441376805
v 60.2435074 76.6511765 -0.265251666
v 60.0937271 78.0562363 -5.63629103
v 63.4735374 78.4765854 -5.50034904
v 60.0204773 78.8286438 -7.42438841
v 63.3845253 79.3605499 -7.10015535
v 56.6463242 77.4094391 -5.78102303
v 56.5618057 78.4532242 -7.5100913
v 66.9255981 78.5732269 -5.49921751
v 66.977829 78.1021805 -3.88329101
v 70.5765152 78.8273392 -5.5075736
v 70.6224136 78.076683 -4.00300026
v 66.8499069 79.3151169 -7.18690491
v 70.4912262 79.8651962 -6.99372053
v 67.0083694 77.7325974 -2.28330708
v 67.0130463 77.5837402 -0.528182268
v 70.63134 77.7547302 -2.35825109
v 70.5890274 78.2269592 -0.586342335
v 48.5806847 89.9297562 12.7762461
v 48.5656281 93.857872 11.9962416
v 44.9717064 92.6724548 12.7272434
v 45.0891228 90.0305405 14.1026278
v 45.1999855 87.1868286 14.6407423
v 48.7468376 87.4252167 13.5065975
v 52.3515358 87.8205414 12.5774965
v 52.1613808 90.7739716 11.8066692
v 55.8093338 88.1655502 11.1636753
v 55.646492 91.055069 10.9261951
v 52.0727081 94.0942764 11.2844791
v 55.517662 94.4716339 10.4747782
v 49.0939064 80.0482712 -11.1145678
v 49.2017746 78.1373672 -9.72048855
v 45.6957817 76.8929291 -10.6354885
v 45.56036 79.0574417 -12.1003952
v 49.3182831 76.4997711 -8.0959549
v 45.8392982 75.1117554 -8.86776733
v 45.3964767 81.5401382 -12.8239403
v 48.9449615 82.3244781 -11.8231535
v 52.6029053 83.0733871 -11.3653984
v 52.7278938 81.0182114 -10.4683237
v 56.1746559 83.74366 -10.853816
v 56.3180809 81.7051544 -10.1025457
v 52.8379364 79.2441254 -9.16595173
v 52.9379921 77.7576599 -7.59893608
v 56.4441605 79.9491272 -8.9342432
v 49.5236626 74.0875473 -4.33488464
v 49.5787888 73.4666672 -2.21316361
v 46.1621132 71.7733307 -2.4709785
v 46.0681267 72.612236 -4.7544961
v 45.9558182 73.7277298 -6.85782337
v 49.4292564 75.1335754 -6.2880106
v 53.039238 76.4920349 -5.91098881
v 53.1166649 75.5677185 -4.04654789
v 53.1686707 75.0081329 -2.05897975
v 48.2794838 98.7646332 -5.04710436
v 48.3140411 96.8575363 -7.38131285
v 44.8538361 97.3838806 -7.89768028
v 44.8153381 99.3318176 -5.44970608
v 44.7760162 100.400734 -2.89027023
v 48.3350258 100.6521 -2.70538497
v 51.6574059 98.7173462 -2.33423805
v 51.7385941 98.5325699 -4.76637506
v 51.785656 96.8118057 -6.96086407
v 78.5244064 79.1966553 -3.9550333
v 78.5100784 78.2875748 -2.44554067
v 74.5105515 78.011467 -2.39255285
v 74.5266571 78.5210648 -4.00069809
v 78.4140854 77.9109268 -0.684142411
v 74.4422989 78.2904282 -0.628379047
v 74.4766846 79.5649109 -5.37830782
v 78.4915314 80.2289658 -5.41339922
v 74.4297409 80.361763 -7.08065033
v 78.4242172 81.3577042 -6.87180233
v 82.4900131 80.3744354 -5.98826599
v 82.4760208 79.6433792 -4.20666933
v 85.9676895 82.1889496 -5.48204136
v 86.0784302 80.9238434 -4.14045811
v 82.3560638 82.0601883 -7.14815807
v 85.8542404 83.5475769 -6.87259674
v 82.4628448 78.7481079 -2.6019969
v 82.3735428 78.099968 -0.908275604
v 86.0438309 80.2187958 -2.53841901
v 85.9455872 79.6773453 -0.882917047
v 78.1999588 84.474472 -9.78075123
v 78.3089981 82.8491135 -8.22970867
v 74.3525925 81.4447327 -8.85389996
v 74.1767197 83.4476776 -10.0563679
v 70.3837433 81.0716324 -8.58401871
v 70.2373962 82.7179489 -10.0266523
v 73.9929199 85.7370529 -11.3465261
v 77.9920883 86.7688599 -10.6712799
v 73.74646 88.368187 -11.9431829
v 77.7520218 89.1415939 -11.1557274
v 70.0379715 84.9817276 -11.1611795
v 81.7890015 87.7039871 -9.73267746
v 82.0089493 85.7446365 -9.06119442
v 85.2472382 88.5759735 -9.48338127
v 85.4905853 86.8209305 -8.92248631
v 81.5136108 89.715065 -9.89182758
v 84.9670258 90.374382 -9.72063828
v 82.1914368 83.9203796 -8.1369276
v 85.6884079 85.1568451 -8.00992489
v 76.1446686 94.6759796 11.5459166
v 76.0880814 96.313591 10.5419874
v 72.4235764 95.7614517 10.9092808
v 72.5234451 94.3359146 11.5805712
v 68.7868042 95.6207809 11.3310766
v 68.9738998 93.2989655 11.5545073
v 76.0667953 96.7193985 8.65631676
v 72.3468704 96.6124649 9.42631435
v 68.6936493 96.5209579 9.94180202
v 72.6607895 91.2848663 12.1069202
v 76.2509003 91.8133621 12.1933165
v 72.8412857 89.2550354 11.8112316
v 76.3994904 89.6852417 12.2408733
v 69.1601028 90.6834412 11.9487581
v 79.8684692 92.2901535 12.2901821
v 79.7417145 94.7175827 11.5084724
v 83.4071503 92.3008041 11.6479368
v 83.1453552 94.7069244 10.8408899
v 80.0230942 89.9576874 12.3242664
v 84.1930695 89.5004883 12.7284861
v 79.6800003 96.5935669 10.081255
v 79.6950455 96.9295197 7.99692297
v 83.0458679 96.5179443 9.2704401
v 83.0091934 98.3042068 7.64420271
v 76.0453262 98.5822525 4.79394054
v 76.0213699 99.3302383 2.74706936
v 72.2454834 98.1880875 3.26556087
v 72.2785416 97.3652725 5.32244873
v 68.4882355 98.158783 3.72449803
v 68.519516 97.1894684 5.95401049
v 76.1130371 98.8417435 0.631272793
v 72.2406769 98.3410645 0.958319426
v 72.2901993 97.169281 7.56432009
v 76.0602493 97.593689 6.73323202
v 68.5871811 96.5795441 8.10059643
v 79.6879349 98.5555191 6.24612808
v 79.697937 99.5911102 4.30931711
v 83.0855789 98.5482941 5.53999233
v 83.0164795 100.490356 4.20811272
v 79.6882706 100.387794 2.33665538
v 79.7437439 100.236496 0.261613101
v 83.0636292 100.759293 2.16561604
v 83.1821976 100.046036 0.124999776
v 63.5253754 77.9796066 3.30634093
v 63.4533577 78.7809906 5.0680089
v 60.0895691 78.5034866 5.22180033
v 60.1675835 77.5616684 3.52259183
v 60.2165298 76.9831543 1.68073487
v 63.5608292 77.676033 1.43837941
v 66.9847488 77.6969681 1.34460211
v 66.9152145 78.1977463 3.16357064
v 70.5249786 78.5005646 1.25232387
v 70.4414749 78.5530319 3.09910202
v 66.8251953 78.9503098 4.98249817
v 70.3133926 79.154686 4.92415094
v 61.6657104 97.3329315 5.04341364
v 61.6051445 97.1744003 2.74950457
v 58.3483887 98.1911316 2.48141289
v 58.3929405 97.965004 4.63053799
v 58.4611282 97.8228226 6.67882872
v 61.7272224 98.3663254 7.38708258
v 58.6248016 96.3813171 8.2213335
v 61.8492165 96.8886185 9.05191231
v 65.1286087 98.0292358 8.18463421
v 65.0143738 97.9317322 5.83531141
v 65.2023849 96.6613235 9.89476204
v 64.9417419 98.5627441 3.4215579
v 62.2958412 91.5888519 10.6869097
v 62.0513039 94.5286407 10.2673073
v 58.8091888 94.1272354 9.5306282
v 59.0076561 91.58638 10.3793526
v 59.2079163 88.586647 10.2649193
v 62.5273895 89.2159119 10.870059
v 65.7704468 90.0095901 11.8570614
v 65.5964584 91.9541931 11.0898685
v 65.3640747 94.4594269 10.8648024
v 63.1482391 82.1147385 -10.0052195
v 63.2849579 80.4039459 -8.79535103
v 59.8972702 80.2742691 -8.83054161
v 59.7734375 81.9094543 -10.180728
v 59.6088829 84.1135406 -10.6193047
v 62.9772224 84.3620529 -10.4434347
v 66.4118881 84.661087 -10.3568287
v 66.5880585 82.3504562 -9.91360092
v 66.7356873 80.6301422 -8.6844759
v 88.424263 101.014572 3.90477753
v 88.4356461 100.832603 1.9140811
v 85.9298019 100.982193 2.03258014
v 85.9210815 100.515884 3.96503687
v 88.4645081 100.833443 0.0134205716
v 85.9505844 101.304848 0.0725649297
v 85.9188614 100.089775 5.88199902
v 88.5440903 99.5188828 5.4762578
v 85.9827271 98.8806686 7.44169807
v 88.6931839 98.4729309 7.06477594
v 90.9085846 100.405533 5.51392031
v 90.7907944 100.962311 3.68408346
v 93.3198853 100.806824 5.20296526
v 93.0997009 101.734764 3.6502378
v 91.1441574 99.5114288 7.07716179
v 93.5833359 100.045876 6.93222523
v 90.7196732 101.473 1.8524605
v 90.7248917 101.599525 0.019203119
v 92.9536362 102.511803 1.92953694
v 92.8771286 103.001976 0.0396654904
v 92.3886948 80.5367355 2.23814654
v 92.6124649 79.6023865 4.23160219
v 89.1414795 79.2030258 4.52411079
v 89.1462479 79.355423 2.40257239
v 85.5736694 78.975502 4.61863708
v 85.7014847 78.6467743 2.57170677
v 92.7945557 79.5970764 6.84967756
v 89.461319 79.0902863 7.08997536
v 85.6238022 79.7051544 7.41192055
v 89.2556686 79.6533585 0.493552089
v 92.3006134 81.355751 0.513198376
v 89.2892075 80.5065613 -1.11096644
v 92.1237335 82.465416 -0.901034355
v 85.8370209 79.0253143 0.747267365
v 94.9687195 84.1130905 0.763301969
v 95.243721 83.2104187 2.36023617
v 96.8884201 88.0968628 1.49359953
v 97.1751404 87.5622025 3.10279202
v 94.8160858 84.7362366 -0.840729475
v 96.6046448 88.5970459 -0.0102620702
v 95.6478195 82.1933594 4.2258954
v 95.706604 82.0131683 6.91367865
v 97.5768356 86.8711777 4.85824633
v 98.1020508 86.2216644 7.36339235
v 89.6136169 95.2986298 -8.80362511
v 89.9590378 93.3948822 -9.61938572
v 87.5118713 92.8121948 -9.61276627
v 87.1756973 94.416954 -8.76241302
v 84.6487808 92.1835098 -9.5830698
v 84.3126068 93.918335 -9.00899124
v 90.3094254 91.7160797 -9.7102356
v 87.8507996 91.0732956 -9.72657394
v 86.8099365 96.7058029 -8.24271584
v 89.2379913 97.5884399 -8.28170681
v 86.4996567 98.6141815 -7.06977367
v 88.9413834 99.0590591 -6.99336386
v 84.0105972 95.3738785 -7.80524492
v 83.668663 98.0409393 -7.08435154
v 91.4654388 98.4207535 -8.29927635
v 91.8394699 96.1398239 -8.88733768
v 93.7108688 98.9041595 -8.25956345
v 94.0622559 96.9221725 -8.90038967
v 91.1552353 99.8314438 -7.01798439
v 93.379509 100.710899 -7.0778017
v 92.1935806 93.9253082 -9.60824203
v 92.5440598 92.2889252 -9.71484184
v 94.4130096 94.4227982 -9.60899639
v 94.7552948 92.8165436 -9.73184586
v 93.6477814 79.7344894 13.1627722
v 91.3989029 78.5763931 13.2079115
v 90.3777542 78.4234772 10.0742569
v 93.2327576 79.4948196 9.88810539
v 89.35289 78.7876816 13.7709923
v 87.7890625 79.2561722 10.7323303
v 95.8059006 81.3600845 9.97085476
v 95.8540268 80.8245621 13.1835289
v 97.923111 83.3951492 10.3041124
v 97.810936 81.8379669 13.3496904
v 96.144989 79.5358353 15.8604031
v 94.2406616 78.8029327 15.9888992
v 96.3995438 78.7252655 18.2051525
v 94.712204 77.8976059 18.3845348
v 97.6763382 80.5931015 16.0298595
v 97.4103317 79.8259125 17.8464489
v 92.2860565 78.1418762 15.9617662
v 90.6170425 78.2839127 16.3215446
v 92.8703232 77.5228424 18.2021828
v 91.4970169 77.7826691 17.8924809
v 76.3041611 97.5492783 -3.51031518
v 76.4042511 97.0505905 -5.56317663
v 72.5379562 96.0469437 -5.6645298
v 72.3963013 96.9051514 -3.57705045
v 76.5906372 96.0111542 -7.53273678
v 72.655159 95.7722244 -7.91441774
v 72.3198395 97.4880295 -1.3468914
v 76.1953964 98.2322311 -1.52039123
v 79.8439636 99.622757 -1.72809291
v 79.9328003 99.1905746 -3.69391108
v 83.2170258 100.222733 -1.84269881
v 83.2923584 100.064018 -3.71290851
v 80.0922852 98.4342499 -5.43343496
v 80.3267517 97.10289 -7.07548523
v 83.477005 99.0173645 -5.38830948
v 76.8442154 84.1796188 11.0711031
v 76.5788498 87.0596237 11.9604139
v 73.0475464 86.8638992 11.6842318
v 73.2884064 84.2127533 11.3537941
v 73.5454559 82.4307556 9.00525761
v 77.1906128 82.3408661 8.50330544
v 73.79702 80.5522766 6.73573399
v 77.563385 80.096817 6.83132935
v 80.7934494 82.4774933 8.55677986
v 80.2537384 84.8198547 10.4165316
v 84.2229996 82.5537033 9.39112568
v 83.6533127 85.001915 10.9983807
v 81.4054565 79.9647675 6.95904875
v 80.0554504 87.5295029 11.6951494
v 83.5177231 87.0325012 12.3251667
v 77.1568604 93.1573334 -10.3293934
v 77.4843292 91.3573761 -11.2551441
v 73.4644394 90.7030716 -11.7961035
v 73.1639175 92.8217392 -11.2138844
v 72.9133606 94.1483154 -9.44435883
v 76.853035 94.6315918 -9.00621033
v 80.6101837 94.8273849 -8.02816677
v 80.909256 93.332901 -9.14715195
v 81.2455673 91.6929016 -10.1162672
v 78.0770187 78.3075638 3.10485244
v 77.8479538 78.5136719 5.12049437
v 73.9980927 78.7181625 5.15245676
v 74.1955948 78.6282272 3.15544224
v 74.3424911 78.7533417 1.25315905
v 78.2635498 78.139473 1.20107627
v 82.197464 77.7855453 0.913127184
v 81.9800262 78.0044556 2.85647941
v 81.7605057 78.3901215 4.97457027
v 101.710381 91.2732849 8.71859741
v 101.2705 92.2971115 9.34364033
v 99.3619461 91.4307251 9.71555805
v 99.9617157 90.4363174 9.05482483
v 98.1075897 90.1117325 11.2812386
v 98.9078827 89.0011368 10.4469271
v 100.710678 93.6167603 9.61740017
v 98.5192871 92.7875519 9.8885479
v 96.1964111 91.3580704 11.2916203
v 100.103874 89.8073044 7.95071697
v 101.967133 90.4593506 7.80228853
v 99.9213181 89.4535446 6.56008339
v 102.033241 89.9861221 6.54108143
v 98.9525146 87.9896393 9.19037247
v 103.966484 90.8750458 7.99759912
v 103.740677 91.7803268 8.81805706
v 106.202614 91.2665939 8.25745106
v 106.034843 92.1691742 9.05466557
v 104.069946 90.2810364 6.81791496
v 106.286415 90.4969864 7.1502533
v 103.412933 92.8452606 9.37092972
v 103.001251 94.1548691 9.59177494
v 105.783493 93.2536392 9.54627514
v 105.4552 94.5711517 9.69729137
v 97.9953156 103.734428 -3.77989745
v 98.1597824 102.688644 -5.4707303
v 95.6208496 101.858253 -5.42508888
v 95.4524307 102.841293 -3.75400925
v 93.2068939 101.243523 -5.4461236
v 93.0268707 102.187141 -3.78525376
v 98.3669052 101.646027 -7.09383106
v 95.8111572 101.022141 -7.02003336
v 95.3755188 103.345131 -1.89606619
v 97.8946686 104.409943 -1.89393628
v 95.3387299 103.621658 0.0407369807
v 97.9307785 104.100349 0.0493967533
v 92.9613495 102.578133 -1.90248036
v 100.628647 104.501755 -1.88839245
v 100.640045 104.628448 -3.79794192
v 103.292015 105.715309 -2.0087316
v 103.36911 105.284767 -4.1017375
v 100.594658 104.633873 0.0129720038
v 103.312645 105.003479 0.0285259895
v 100.837852 103.174477 -5.42727661
v 101.043549 102.132301 -7.19211388
v 103.537392 103.881554 -5.80879402
v 103.775894 101.479057 -7.0777297
v 100.930298 90.1119537 -3.52795959
v 101.156448 89.8921585 -1.90823269
v 98.8860855 89.5658875 -1.77945495
v 98.6404343 89.576828 -3.35382938
v 96.347496 89.0170593 -1.49560308
v 96.1578751 89.2790985 -2.99249625
v 101.386406 89.7708359 -0.213434815
v 99.1018372 89.6840134 -0.145110682
v 98.390419 89.6868973 -4.863307
v 100.710693 90.4258194 -5.05575132
v 98.1412506 89.9540482 -6.2855401
v 100.50737 90.7327347 -6.48090363
v 95.9630737 89.5403214 -4.45946217
v 95.7573776 89.7958527 -5.88316774
v 103.161934 90.5591812 -5.43071651
v 103.303909 90.4002686 -3.72027898
v 105.70575 90.3599472 -5.88587284
v 105.783241 90.2046661 -3.97065473
v 103.016129 90.6753464 -7.02622461
v 105.619751 90.5336227 -7.55156422
v 103.450478 90.2944946 -1.95791209
v 103.615257 90.0726013 -0.155187771
v 105.864624 90.121933 -2.05846906
v 105.960953 90.0014267 -0.102610812
v 100.107521 91.71521 -8.70615673
v 100.315659 91.0536652 -7.74388742
v 97.9017029 90.3904495 -7.57291031
v 97.6598358 91.0669479 -8.64294243
v 95.5524521 90.0640793 -7.23323202
v 95.330574 90.5475159 -8.45079899
v 97.3989487 92.0284805 -9.40836239
v 99.8776169 92.5499573 -9.46560669
v 97.1049728 93.3156433 -9.7451334
v 99.6063995 93.7410355 -9.83518124
v 95.068924 91.4385071 -9.40656185
v 102.488556 92.8729553 -9.72919941
v 102.693092 91.9867325 -9.06790257
v 105.216522 93.1122665 -10.0400105
v 105.390671 92.1146545 -9.48986149
v 102.236778 94.0512009 -10.094101
v 104.981667 94.3258286 -10.379612
v 102.864075 91.2664261 -8.18325043
v 105.520721 91.3006592 -8.67571068
v 89.2007523 96.1994171 10.1550198
v 88.8419113 98.5364685 9.0143404
v 86.0595322 98.0554428 9.22892475
v 86.2982941 94.7446289 10.101367
v 86.7168045 92.5004654 11.3305511
v 89.7117462 93.260376 11.5104809
v 87.3581619 91.1147766 14.4349976
v 90.4243393 91.7021408 14.320549
v 92.54422 93.6127701 10.8798351
v 91.9713669 96.9253464 9.89233971
v 95.2121124 93.8461151 9.84019566
v 94.5652695 96.9228897 9.25778675
v 93.3392487 91.7399292 13.2846422
v 91.4646988 98.8831558 8.68073559
v 93.9924469 99.3562241 8.43973827
v 90.880394 88.9652481 -8.49999332
v 91.1004715 87.8936539 -7.40404701
v 88.6455688 86.441391 -7.84296846
v 88.4140472 87.8949509 -8.76836014
v 91.3240814 86.8216095 -6.23568439
v 88.8703766 84.9858093 -6.77201843
v 88.1519775 89.4237137 -9.4396019
v 90.6213913 90.2006607 -9.35843468
v 92.8655624 90.8266144 -9.40839577
v 93.1450882 89.7414932 -8.51160622
v 93.3504181 89.0918274 -7.22470665
v 93.5752487 88.4149094 -5.9604454
v 91.7860336 84.5802612 -3.72962403
v 91.9784851 83.4720154 -2.35277128
v 89.2135544 81.6581726 -2.4680202
v 89.1251602 82.7084656 -3.90155029
v 89.031456 83.7385864 -5.41254854
v 91.561882 85.7158966 -5.02537632
v 93.8368683 87.6448441 -4.70463848
v 94.203392 86.5950775 -3.57897282
v 94.5735855 85.5212631 -2.33342409
v 88.5840759 100.634933 -3.75252652
v 88.7884598 99.4481964 -5.33617687
v 86.3197479 99.3452835 -5.40499783
v 86.1364517 100.514229 -3.77908826
v 86.0048141 101.326279 -1.92016494
v 88.5427704 100.535568 -1.76575112
v 90.6430283 102.122833 -1.91598701
v 90.8235321 101.183586 -3.75062513
v 90.9835892 100.415306 -5.42021322
v 110.99958 92.8383865 -9.42477322
v 111.041794 91.9519653 -8.72600079
v 108.28746 91.480423 -8.93567753
v 108.195778 92.3699799 -9.69621181
v 111.055969 91.0752563 -7.72801208
v 108.340988 90.6664963 -7.8163619
v 108.046066 93.4057465 -10.2181616
v 110.880653 93.8720856 -9.89773941
v 107.820946 94.6559753 -10.5380125
v 110.668159 95.1157608 -10.2033682
v 113.595177 94.2955093 -9.47978592
v 113.669197 93.2271194 -9.04101372
v 115.852783 94.5721893 -8.75929165
v 115.857849 93.401207 -8.36940384
v 113.379173 95.597229 -9.65030384
v 115.619904 95.9670563 -8.842803
v 113.609482 92.3884888 -8.31224918
v 113.534569 91.5692139 -7.4048667
v 115.568443 92.5585556 -7.65986633
v 115.023445 92.0941162 -6.99320984
v 110.005585 98.5809479 8.95187378
v 109.578766 100.271759 8.01051903
v 106.916183 99.8842621 8.02295113
v 107.310181 98.2258911 9.01066589
v 104.239807 99.3734818 7.82838774
v 104.637383 97.8498993 9.01516533
v 109.209053 102.189011 7.33682871
v 106.571373 101.428513 7.07754087
v 103.885536 102.084236 7.27977228
v 107.71566 96.5166016 9.51244164
v 110.425102 96.8819885 9.45751667
v 108.075645 94.9543152 9.72695065
v 110.779839 95.3194962 9.67689991
v 105.060295 96.1415558 9.51684952
v 113.054131 97.2595673 9.33373356
v 112.582855 98.9592514 8.82529259
v 115.22818 97.6333389 8.63271141
v 114.67247 99.3849945 8.18876171
v 113.430122 95.6720963 9.55586338
v 115.647469 95.9939804 8.82941341
v 112.072426 100.615326 8.03973961
v 111.630524 102.008102 6.84447718
v 113.975433 101.02903 7.50682878
v 113.173569 102.027695 6.75090647
v 108.835617 104.699059 4.23702574
v 108.741814 104.784874 1.99183118
v 106.061134 104.510712 1.95633793
v 106.14814 104.318268 4.01293802
v 103.342155 104.931213 1.99092579
v 103.435493 104.43795 3.81224298
v 108.722183 105.137451 -0.118803307
v 106.032402 105.057648 -0.116002351
v 106.312309 103.289604 5.70215511
v 108.96804 103.446892 5.93647718
v 103.614861 103.324387 5.64685535
v 111.474556 103.384941 5.7273941
v 111.361992 103.979797 3.90891576
v 113.511284 102.905174 5.71733522
v 113.594345 103.685234 3.99058032
v 111.28788 104.340233 1.93605506
v 111.289833 104.701248 -0.0971405432
v 113.587013 104.145081 2.03249073
v 113.551956 104.178185 -0.00146245933
v 111.159836 90.6085739 4.03239059
v 111.21051 90.7851562 5.87566042
v 108.686966 90.4467468 5.81382561
v 108.608978 90.5664902 3.89905214
v 106.270416 90.2096481 5.60032749
v 106.17691 90.4218445 3.73637557
v 111.242523 91.2375183 7.36231804
v 108.711555 90.8483963 7.33589411
v 108.537537 90.2847443 1.96152914
v 111.096565 90.6349106 2.01181102
v 108.472755 89.965004 -0.0713408142
v 111.056931 90.4220123 -0.0545460917
v 106.073479 90.2080841 1.85176396
v 113.647118 90.5527267 2.08599472
v 113.681732 90.6995392 4.09182692
v 115.619179 91.4209442 2.103369
v 115.599991 91.6403198 4.0939312
v 113.6325 90.3696899 -0.0153422533
v 115.610283 91.3297119 -0.00488713477
v 113.646835 91.1895294 5.82237339
v 113.596703 91.8198471 7.15887403
v 115.465767 91.9146423 5.81980324
v 115.063507 92.1576309 6.91713095
v 98.9793396 96.9808121 -9.04394913
v 99.2973404 95.2841492 -9.68513298
v 96.7776871 94.8866272 -9.61745358
v 96.4484634 96.7823334 -8.80252743
v 96.1017303 99.5407562 -8.31028843
v 98.6625137 99.6843109 -8.2925663
v 101.329788 98.8475952 -7.74259758
v 101.630028 97.377327 -9.22841454
v 104.082283 99.1313782 -7.65040159
v 104.362 97.737381 -9.4609251
v 101.94091 95.594841 -9.94019127
v 104.685165 95.8891449 -10.2631044
v 101.795975 89.9165344 3.27598
v 101.987381 89.6446915 5.00222111
v 99.7497635 89.3277359 4.91537809
v 99.564743 89.3949356 3.18004584
v 99.3403702 89.5522614 1.49339819
v 101.615402 89.7403336 1.52774155
v 103.782913 90.1525726 1.68907237
v 103.925247 90.316452 3.50804615
v 104.067497 89.8526459 5.31022882
v 98.0868454 103.392052 3.7115562
v 97.9900894 103.72168 1.92568815
v 95.3600616 103.520538 2.00324917
v 95.4898911 102.831131 3.84159327
v 95.6882629 102.082817 5.58259821
v 98.2749939 102.741409 5.53052807
v 96.0434265 100.879448 6.99798727
v 98.6002884 101.432602 7.03982115
v 100.947495 102.81749 5.2789073
v 100.720016 104.081749 3.84350371
v 101.209335 102.149338 7.29143
v 100.612572 104.59478 1.9645884
v 99.5542221 97.7341537 9.01191139
v 99.0311356 100.181641 8.31927204
v 96.5029297 99.4655762 8.19426823
v 97.0763855 97.6631927 8.9478302
v 97.7293243 94.5388565 9.37679386
v 100.119041 95.2238922 9.4059906
v 102.536209 95.7316208 9.45772266
v 102.062798 97.3104782 8.54528809
v 101.61409 100.041985 8.16703033
v 116.898895 93.5059433 -4.49375868
v 116.864456 94.7197723 -4.64271927
v 116.881218 94.7089844 -2.33889842
v 116.906136 93.4483414 -2.27161098
v 116.877579 94.7064667 -0.000896080164
v 116.8992 93.4241257 -0.00176127558
v 116.644379 96.1921387 -4.6834712
v 116.666153 96.2416382 -2.35625029
v 116.664276 96.2604523 -0.0001761311
v 116.679436 92.3073044 -2.18266129
v 116.66185 92.4112549 -4.28961086
v 115.613312 91.3687973 -2.12003756
v 115.593948 91.5348663 -4.14200258
v 116.677505 92.2636948 -0.00207762723
v 116.495605 92.5142593 -6.22333574
v 116.81929 93.5267487 -6.6259203
v 115.445045 91.829422 -5.89011431
v 116.792213 94.7159805 -6.87599325
v 116.561218 96.1325836 -6.94634819
v 115.661995 99.9797058 4.38822842
v 114.961731 102.055122 4.15661526
v 114.856895 101.575012 6.07062483
v 115.586899 99.7068024 6.47600317
v 116.146599 97.8406601 6.77988911
v 116.23111 97.9820557 4.58124399
v 116.562241 96.1439819 6.91406393
v 116.644295 96.197731 4.66944885
v 116.248337 98.1047058 2.31027246
v 115.663658 100.201462 2.21803188
v 116.245392 98.1520538 -6.55286658e-06
v 115.656631 100.285049 3.26376903e-06
v 116.665833 96.2437897 2.3539598
v 114.956551 102.399429 2.11126018
v 114.955803 102.531029 -0.00187166082
v 116.899536 93.5183334 4.48374462
v 116.864388 94.7271194 4.63119984
v 116.794876 94.7232437 6.85683537
v 116.82605 93.5345917 6.61187983
v 115.889557 94.5809784 8.76260757
v 115.897827 93.3939743 8.36828995
v 116.509735 92.521843 6.20245743
v 116.667145 92.434288 4.27468491
v 115.605789 92.5469284 7.63909531
v 116.682701 92.3222046 2.17723441
v 116.905876 93.458847 2.26714396
v 116.881035 94.7157593 2.33534122
v 115.661972 99.9788589 -4.39164543
v 114.99382 102.094597 -4.16996956
v 114.977295 102.420982 -2.11725378
v 115.663879 100.201485 -2.2182188
v 113.48362 103.212486 -3.86720753
v 113.51445 103.832581 -2.00821447
v 116.248695 98.1043854 -2.31125236
v 116.23111 97.9786301 -4.59150124
v 116.145172 97.8273849 -6.81771231
v 115.583458 99.6999893 -6.49545717
v 115.219406 97.5958481 -8.70755577
v 114.661461 99.3680496 -8.25517368
v 114.878601 101.628822 -6.10137367
v 113.424911 102.499275 -5.46656609
v 113.973915 101.082817 -7.56772137
v 113.124413 101.714447 -6.46355677
v 111.042351 90.392067 -4.18383598
v 111.044327 90.3064651 -2.13615203
v 108.422989 89.9561539 -2.13511872
v 108.389664 90.1272964 -4.13988161
v 108.368301 90.2161407 -6.16538668
v 111.057526 90.461853 -6.19133568
v 113.59935 90.8977203 -6.04330826
v 113.641541 90.5012512 -4.20602274
v 113.640297 90.3348618 -2.139539
v 108.819214 104.460602 -4.16937637
v 108.974289 103.681618 -5.96078014
v 106.285744 103.875923 -6.05722618
v 106.148323 104.839203 -4.24797916
v 109.202431 102.164383 -7.34322309
v 106.501579 101.87426 -7.40942907
v 106.069763 105.685165 -2.31818986
v 108.770645 105.430336 -2.31016111
v 111.35434 104.826904 -2.1260252
v 111.482765 104.740173 -4.16742706
v 111.508949 103.488556 -5.76934433
v 111.620377 101.902695 -6.75050926
v 111.176308 92.9433365 9.14210987
v 111.031281 94.0038223 9.59099102
v 108.354881 93.640274 9.61912823
v 108.549522 92.560379 9.16783237
v 108.662933 91.6671219 8.39841175
v 111.230659 92.0727539 8.3844738
v 113.695786 92.4435196 8.20117569
v 113.756409 93.2204361 9.02236938
v 113.670418 94.3170395 9.47832394
v 109.934715 98.471817 -9.46441841
v 110.343094 96.6680298 -10.1964312
v 107.509125 96.2385406 -10.4407444
v 107.154495 98.0632172 -9.54970551
v 106.831749 99.6578598 -7.85926771
v 109.531441 100.071968 -7.92999125
v 112.040596 100.440163 -7.87571621
v 112.562386 98.9091263 -9.07007694
v 113.034721 97.1563797 -9.62167072
v 10.2942286 57.4787102 -14.7578487
v 5.22307348 58.1165543 -14.8001461
v 5.20317173 59.4012375 -14.850069
v 10.3392124 59.2975769 -14.8254919
v 1.51112314e-08 59.2975235 -16.3331451
v 1.93267873e-08 60.1684875 -16.57514
v 14.9724951 59.8377228 -13.3721123
v 14.6848011 57.6950722 -13.0506926
v 18.8168583 59.9824867 -11.6406727
v 18.3869934 57.7361031 -12.07584
v 14.574152 55.9134026 -13.1559649
v 10.2566147 56.1730309 -14.6969481
v 14.579587 54.2651176 -13.4378767
v 10.2397852 55.0368233 -14.6679468
v 18.2949562 55.9746857 -12.7223768
v 18.2791367 54.3914757 -12.9216805
v 5.23421717 57.2769279 -14.8344889
v 1.24410242e-08 58.6258202 -16.1413574
v 5.24247599 56.541172 -14.8532753
v 1.01556239e-08 57.8331566 -15.9549265
v 22.4697056 56.2321434 -7.50109911
v 21.1058426 57.1875954 -10.6279564
v 21.5053596 59.2167549 -9.94911098
v 23.0513229 57.8415985 -7.33017349
v 23.8655567 56.5368423 -3.89215136
v 23.2294216 55.3992882 -3.91537046
v 24.205286 56.197422 -0.356448293
v 23.5428047 55.4073105 -0.516920388
v 22.8772812 54.6605644 -4.00554466
v 22.1573257 55.2046318 -7.4577446
v 22.6121998 53.9480286 -4.57518768
v 22.0236664 54.3489037 -7.64572763
v 23.1187744 54.7452965 -0.658458948
v 22.421627 53.9886246 -1.09750128
v 20.860939 55.7462158 -10.7235384
v 20.7347603 54.5548782 -10.6628723
v 95.0307083 78.0387878 21.9057102
v 94.6551666 79.6475906 22.2189083
v 92.6269379 79.1864929 21.967886
v 92.7343521 77.6232986 21.479435
v 90.8263092 79.5679779 20.7049484
v 90.7393875 78.2347412 20.0861835
v 94.1345139 81.446022 21.5234871
v 92.351532 81.0125809 21.4553871
v 91.0332718 80.759201 20.9376717
v 92.9556961 77.0583191 19.9944458
v 95.032753 77.4464111 20.3126736
v 91.1145782 77.7938461 18.9664898
v 96.8017731 78.6067276 19.9965878
v 97.0211868 79.2090149 21.4206409
v 97.9986038 80.21035 18.9213181
v 98.3142319 80.9411392 20.0689316
v 96.4463272 80.5773087 21.7761097
v 95.779213 82.1331024 21.1799564
v 97.6728745 81.9894028 20.5917358
v 96.8381195 82.7804871 20.5163212
v 98.7800369 85.0494385 15.4466867
v 98.6440125 83.7372818 14.3564901
v 98.690834 85.723465 11.5384245
v 98.6882324 87.1319427 12.7093859
v 97.9055405 88.3211441 13.7776508
v 98.0829163 86.1493835 16.5252953
v 96.425972 89.4426804 15.0756283
v 96.6691666 86.8064117 17.5494518
v 98.1360703 83.957756 18.902956
v 98.7623215 82.9454727 18.0138702
v 96.875946 84.4914398 19.5250149
v 98.4934235 81.9596176 16.968811
v 92.4364929 86.3222427 18.7505741
v 94.6659775 86.6919861 18.2121048
v 94.0755539 89.6822739 16.2520924
v 91.3935242 89.1185684 16.7000332
v 88.7520142 88.530426 16.9042187
v 90.2804337 85.5037689 18.6460323
v 86.3125992 87.4629822 17.3788757
v 88.1969452 84.737175 20.2312908
v 91.5423965 82.9697113 20.023222
v 93.389061 83.6028061 20.2180843
v 89.9135437 82.258812 20.6816044
v 95.2512589 84.2951355 20.172739
v 87.4435349 80.8663101 16.40201
v 87.1294174 82.3836594 19.0771999
v 85.0478439 84.4391022 17.0207005
v 85.450386 82.4347763 14.2968149
v 86.1620712 80.5464096 12.3014011
v 87.9002686 79.253685 14.8413887
v 89.3844757 77.9986343 17.2295971
v 88.8611374 78.9593124 18.681757
v 89.1617661 80.6309738 19.6542912
v 23.7903252 56.0431252 4.51023674
v 23.7175026 55.7434692 2.44628835
v 24.3708496 56.4324532 2.80194664
v 24.2297649 56.8526917 5.46188927
v 23.7363605 56.7335854 7.59494495
v 23.3824215 55.7605553 5.30598164
v 22.5296669 56.3127937 8.84183407
v 22.4837265 55.4517479 5.85589457
v 23.19911 55.286232 2.51229644
v 22.442543 54.8222389 2.72867227
v 21.4013309 52.6162109 -8.84989071
v 20.3912277 52.194149 -10.4844666
v 20.5897579 53.3897781 -10.6377668
v 21.8545246 53.421257 -8.26732445
v 18.1199875 51.2983818 -12.3995333
v 18.2104912 52.8470154 -12.7248411
v 22.2607555 53.0049133 -5.97830963
v 21.5421238 51.8888321 -7.78582239
v 21.8535614 52.4914207 -3.8666234
v 20.9095592 51.6005707 -6.2857852
v 20.1733837 50.9841499 -9.76998901
v 17.852623 49.9675522 -11.5234718
v 19.5975914 50.1464386 -8.39826012
v 17.4406052 48.5243187 -10.2842979
v 10.1471386 51.8007584 -14.3203249
v 5.21529627 53.846138 -14.3270006
v 5.24376011 55.5199242 -14.7829323
v 10.2206125 53.5417023 -14.6301451
v -1.07164685e-11 54.6425362 -14.8961782
v -1.4234512e-11 56.620369 -15.5210218
v 14.5815239 52.525135 -13.5182867
v 14.5367203 50.7586594 -13.4019823
v 14.3860703 48.9788361 -12.9374514
v 9.98566628 49.9289017 -13.5995474
v 14.0084085 47.5842819 -11.7365494
v 9.69187641 48.2667084 -12.4590998
v 5.13528252 51.6080589 -13.7088318
v 1.55329072e-09 52.3424568 -13.9992561
v 4.96395254 49.4488029 -12.7302189
v -1.79717366e-10 50.292614 -12.9822874
v 13.8973093 55.8040733 13.0924397
v 17.1163654 56.0738144 12.1997566
v 19.6701813 56.0808716 10.7282391
v 10.5489264 55.803112 13.5360584
v 7.51996946 56.4566193 12.8541403
v 19.8133678 51.9289017 -5.04359722
v 18.4941273 50.6400108 -7.09552002
v 16.4356556 48.8509407 -8.59558582
v 20.5916615 52.9057922 -2.58536983
v 20.9933014 53.9812775 0.0392117351
v 3.22387552 57.310421 9.59440613
v 5.12392426 57.0508232 11.2354116
v 1.5407263 57.3040085 8.63598347
v -0.0995368361 57.226017 8.31446457
v 21.1133842 54.8094063 5.81807041
v 21.1447334 54.763813 2.90698624
v 20.7889652 55.5279427 8.47004223
v 9.24252224 46.9212112 -10.7134686
v 4.70754957 47.98983 -11.0035954
v -6.34022335e-10 49.2331963 -11.0968714
v 13.3318615 47.2234268 -9.82032013
v -7.28729916 102.746567 18.916523
v -7.54178762 97.7574463 19.4085064
v -3.82177687 96.5029678 19.9057732
v -3.75083733 102.247101 19.3993015
v -7.77503204 95.2026978 19.9765472
v -8.00827599 92.6479416 20.5445881
v -4.01639032 90.7628326 20.2195549
v -3.9190836 93.6329041 20.062664
v 0.0202784222 88.3735352 17.9421043
v 0.0101392949 91.8499832 19.0657883
v -10.4690332 103.2117 18.3589668
v -10.9407358 98.6650162 18.6098595
v -13.1057358 103.521698 16.7236443
v -13.8291121 99.4940262 17.1709862
v -11.3476 96.3468018 19.0341644
v -11.7544622 94.028595 19.4584675
v -14.6345577 97.2941437 17.1896362
v -15.4400034 95.0942688 17.2082863
v -7.19366169 107.446915 18.815134
v -10.2926903 107.4282 18.1010971
v -7.12195253 110.944405 16.5393524
v -10.192461 110.968185 16.4958611
v -12.494092 107.227089 15.8291359
v -11.663476 109.322556 14.7742863
v -3.70898962 107.356461 18.9895554
v -3.69639897 110.991302 16.6172943
v -14.6723785 101.879776 -5.83660316
v -15.7406502 100.513367 -6.51755857
v -15.956212 100.670799 -2.45232987
v -14.6780643 100.585419 -2.19324803
v -16.2969437 99.4340973 -6.58598852
v -16.8532391 98.3548279 -6.65441847
v -17.0400181 99.1716537 -2.38135767
v -16.4981136 99.9212341 -2.41684365
v -16.0072002 100.775368 1.80376673
v -14.9077559 100.493446 1.77306831
v -17.0744476 99.3850861 1.75063062
v -16.5408249 100.080238 1.77719867
v -14.1549149 102.883446 -9.62774277
v -15.1310749 100.11972 -10.2963171
v -13.0536671 103.884262 -13.0996685
v -13.7603569 99.7850952 -13.3733797
v -15.7287436 98.5507812 -10.2463484
v -16.3264122 96.9818497 -10.1963787
v -14.5159731 97.5307693 -13.4691124
v -15.2715883 95.2764282 -13.5648451
v -13.9405861 104.586288 -5.48664379
v -13.706708 106.87352 -9.33034706
v -13.5871572 111.410355 -6.38489342
v -12.7299452 110.525215 -9.59715366
v -12.4726925 107.398788 -12.5065737
v -11.8739767 109.793663 -11.7707653
v -13.7923832 102.307671 -2.06991935
v -13.5755415 101.024757 1.72357237
v -13.873107 111.544182 -2.35553694
v -13.9033403 111.407227 1.86503351
v -7.13325977 113.409805 9.67779636
v -7.15726709 113.263199 5.82489586
v -10.5666714 114.159286 6.01686239
v -10.5059347 114.061752 10.0247288
v -7.21286678 112.898811 1.78877306
v -10.6058416 114.102089 1.82759404
v -14.0477295 111.988037 6.10275936
v -13.8246365 112.118378 10.2077284
v -3.71622705 111.25473 9.58775997
v -3.71544361 111.041344 5.69573402
v -3.68745923 111.031967 1.67126024
v -7.13334703 113.676735 13.5400934
v -3.69825196 113.361435 13.4025803
v -10.1460505 112.235718 13.2234163
v -12.8447685 110.915222 13.3111982
v -9.89039612 69.6566238 -15.54035
v -14.5893564 70.3677673 -15.2816811
v -14.1287756 74.7220001 -15.0850725
v -9.66248322 74.0665665 -16.3914051
v -18.7930279 71.6221619 -14.2425423
v -18.2782173 75.7396317 -14.9548903
v -13.6587982 78.9489517 -15.292244
v -9.30271435 78.4655685 -16.4607792
v -17.7125187 79.7419891 -15.332428
v -10.1451302 65.4265976 -15.0915527
v -15.0657167 66.0209579 -15.7012768
v -10.3122778 61.8651962 -14.9334478
v -15.2789402 62.4752884 -14.5833921
v -19.4286327 67.2571793 -14.7578144
v -20.2261066 63.2176819 -12.6699219
v -5.08352137 69.1816025 -17.4388371
v -5.13211536 65.0158539 -16.2464275
v -5.1725297 61.591507 -15.2893295
v -4.89938736 73.7352753 -17.8550339
v -4.76785612 78.2348557 -18.2893848
v -7.2713232 103.888336 -15.1090155
v -7.5591464 99.5525513 -16.1292858
v -10.9395561 99.5491562 -15.046772
v -10.4133348 103.852692 -14.5091858
v -7.64207983 97.2552414 -15.9439659
v -7.72501373 94.9579315 -15.7586451
v -11.3871107 94.9770126 -14.5125551
v -11.1633339 97.2630844 -14.779664
v -3.71045661 103.768509 -14.8462725
v -3.87661362 99.5987015 -16.8579865
v -3.94597793 97.3342896 -17.246542
v -4.01534271 95.0698776 -17.6350994
v -7.16478968 107.916161 -14.5916491
v -3.73591065 108.082611 -14.9234009
v -7.1693058 111.327591 -13.0105648
v -3.72489977 111.498184 -13.1314545
v -10.1441193 107.703667 -14.1371574
v -10.0624886 110.795021 -12.5908585
v -1.93308425 67.4367599 10.6173964
v -0.889634371 66.8906708 10.1138954
v -0.64561671 70.6286011 10.3311357
v -1.3829174 71.3360901 10.8892956
v 0.0405635498 66.6380768 9.85640144
v 0.0587533452 70.2933426 9.96690369
v -0.649265885 74.175499 9.95144653
v -1.27969098 75.0728912 10.4746141
v -0.0835770369 73.7380905 9.60479355
v -2.17603445 63.5456123 11.1378927
v -0.999705076 63.1843491 10.2345066
v -3.09278369 60.5396309 9.58198643
v -1.27932215 59.9586487 9.52088165
v 0.0705876201 63.0542755 9.63297462
v 0.0966191366 59.8372726 9.15418339
v -2.80546498 67.9814606 12.7886257
v -3.63683057 63.8940887 12.9779921
v -4.21005106 67.8629227 16.9695473
v -5.38015366 63.2618561 16.7266197
v -4.20588255 59.8650284 13.1160879
v -6.7451849 59.5475121 14.9792795
v -2.2660377 72.1693115 12.2524586
v -1.90471685 76.229393 12.0178385
v -3.33038664 72.4834824 16.8286171
v -2.76964045 76.6613693 16.48279
v -7.19823885 113.872421 -6.11102676
v -7.21201086 113.39698 -9.91842842
v -10.0973587 111.807442 -9.55536652
v -10.6351204 114.002434 -6.42168236
v -3.7150538 113.439011 -6.0416131
v -3.72349977 113.517258 -9.90896702
v -7.1862421 113.569557 -2.21781611
v -3.69220734 112.254387 -2.18995023
v -10.6612997 114.214996 -2.33908081
v -14.5763931 101.30069 9.52367115
v -15.7314491 100.302162 10.0813456
v -15.28123 100.329086 14.0519428
v -14.0108118 102.473038 12.7819929
v -16.2162552 99.0823822 10.0420895
v -16.7010612 97.8626022 10.0028324
v -16.6966591 97.872673 14.132431
v -15.988945 99.1008759 14.0921869
v -14.718524 100.233589 5.71063805
v -15.8874683 100.270912 5.97432899
v -16.4827328 99.7056046 5.9623189
v -17.0779972 99.1402893 5.95030832
v -13.8920174 104.11367 9.4320612
v -13.5606041 101.030243 5.58395529
v -13.7507782 107.097351 12.7072811
v -28.5847092 65.2640152 6.64934349
v -28.7713184 64.654213 3.39935756
v -26.8694534 61.1475487 3.39804578
v -26.722393 61.5430412 6.66439104
v -28.8270302 64.3862305 0.0128994267
v -26.483675 61.8631363 0.084041588
v -25.4903183 57.8153229 3.24628353
v -25.2329273 58.4408722 6.347507
v -25.3633423 57.7149467 -0.21193327
v -30.8861065 68.0596695 6.96009827
v -31.050663 67.4744568 3.55640578
v -33.0626221 70.4780807 7.15377569
v -33.2221222 69.9899445 3.65778255
v -30.9573689 67.6354752 0.158852398
v -33.1722336 70.1618347 0.20619075
v -28.3261127 65.9980087 9.98010826
v -30.6819782 68.8995361 10.4227953
v -28.0669899 67.1541061 13.512145
v -30.4074993 70.3419189 13.6572857
v -33.0174713 70.8535919 10.7558813
v -32.6649628 72.6094131 13.5580864
v -26.2806129 62.1294136 9.90919876
v -24.6250343 58.623291 9.36511803
v -25.3992596 63.6654243 12.9862833
v -22.6235008 58.2246513 13.0806551
v -12.2803793 67.4922562 20.0285759
v -7.91907978 67.6980286 19.2476959
v -7.05346727 72.7215729 18.9999371
v -11.3300667 72.84552 20.3544979
v -6.40976524 77.2233505 18.1931286
v -10.4681549 77.5591202 20.0966492
v -13.2819691 62.1106987 18.4187508
v -9.07585812 62.6608582 18.1857662
v -13.9279785 57.7247162 16.080286
v -10.0694265 58.5865936 16.0475559
v -16.5242424 67.5709305 20.176878
v -17.531126 62.0963135 18.0520439
v -20.3582497 68.6975098 19.5032902
v -21.4408665 63.5138741 16.9659481
v -18.0316944 57.5270653 15.402463
v -15.5072994 73.0790329 20.6774521
v -14.5660706 78.0450974 20.8600006
v -19.3050156 73.8851013 20.7586422
v -18.3291931 78.8511658 21.1980858
v -26.4613171 73.6834183 18.1555843
v -27.1703758 70.2814178 15.71033
v -24.518034 66.7517166 16.043293
v -23.6597557 70.9837265 18.9094105
v -29.1682758 75.9792328 18.0824337
v -29.704958 73.1951218 15.7283497
v -31.5999451 77.8276901 17.3402596
v -32.0531616 75.3314743 15.2723904
v -25.7684879 77.4939651 20.4709682
v -28.4798546 79.3521042 19.6610413
v -24.8416023 81.6657333 20.6255016
v -27.6693439 83.0501404 19.5199852
v -31.0679684 80.8145218 18.9239311
v -30.4069386 84.1938171 19.0063858
v -22.7388725 75.4895477 20.9949627
v -21.7374878 80.1821823 21.3143234
v -28.0983505 66.0649338 -6.32273722
v -27.2937279 67.7780762 -9.06984425
v -25.0454807 64.1769714 -9.69863701
v -25.8701267 63.007782 -6.56315899
v -27.0862808 68.6140442 -12.925066
v -24.1370335 65.8535843 -13.1381931
v -22.6075859 61.7997894 -9.4043293
v -23.9349556 60.4675293 -6.63934755
v -30.2370911 69.4757156 -5.92060328
v -30.1059666 69.7016678 -9.52261353
v -32.8331642 71.0023041 -6.20040751
v -32.7724419 70.4963074 -10.0679111
v -29.8606606 70.5024872 -13.1700392
v -32.3945007 71.9232941 -13.3224983
v -28.6514492 64.8088074 -3.33891964
v -30.6455555 68.4511337 -2.96380758
v -33.101696 70.3551788 -3.04780579
v -26.2391472 62.3796616 -3.21514916
v -24.8107128 58.9156647 -3.6017468
v -9.01408768 85.3137131 18.3611526
v -5.17602921 84.4761963 17.194809
v -4.67985249 87.8130264 16.5711918
v -8.39962387 89.0163116 17.2590332
v -2.03905058 83.2755127 16.1845379
v -1.53645456 85.5576324 16.6341839
v -9.62328339 81.6965942 19.8104458
v -5.79194021 81.0755997 17.503355
v -2.42750239 80.3035736 16.0983391
v -12.9253788 86.1432037 17.8708649
v -13.6791162 82.4692459 20.2652817
v -16.5849571 87.1109695 18.0213776
v -17.4252567 83.2907791 19.7188835
v -12.1403847 89.9809647 17.2231159
v -15.8107653 90.7471161 17.0445347
v -21.6889992 98.7701035 -6.6496501
v -21.6879768 99.4551468 -2.70830202
v -19.1305237 98.0775757 -2.49787426
v -19.0742779 98.0908356 -6.57223415
v -21.522747 101.039467 1.29676437
v -19.0838432 100.07666 1.66842699
v -24.7488728 99.5208969 -6.65620184
v -24.6546688 100.444725 -2.97303677
v -28.0076675 100.206398 -6.69352579
v -27.8361626 101.865059 -3.49576521
v -24.5961208 100.950691 0.761149824
v -27.7817726 102.476151 0.281296343
v -21.897337 96.1882935 -9.72436237
v -24.9081306 98.3980484 -10.002635
v -22.1421661 94.2051697 -12.4598427
v -25.3698559 94.2403717 -11.5498285
v -28.1664314 99.3840179 -9.84206581
v -28.5432854 95.2039871 -11.4521637
v -18.8420734 95.2741089 -9.70349693
v -18.9212551 94.2700195 -13.030283
v -0.534106612 80.4780197 11.9277334
v -0.344163537 79.4262161 10.7070522
v -0.186822012 80.8994293 11.1625919
v -0.300315797 82.0208817 12.3307495
v -0.0985289738 78.8873444 10.1314449
v -0.025301937 80.3153381 10.6722202
v -0.787842929 78.1363373 11.4219809
v -0.40178144 77.1165314 10.4957886
v -0.0320847034 76.6305923 9.92724323
v -0.681923389 81.8160782 14.0860844
v -1.20537543 79.4073105 13.1875954
v -0.385562807 83.581131 14.4291983
v -8.42972755 86.6615906 -16.0673103
v -12.5289984 86.8966293 -15.1559248
v -11.9990492 90.8684769 -15.2239294
v -8.10145283 90.7398071 -16.2210445
v -16.3913803 87.3822021 -15.3959846
v -15.7767954 91.1678925 -15.0956726
v -8.84447765 82.6294403 -16.1030006
v -13.1659012 82.9996796 -16.0596066
v -17.0672741 83.6302109 -15.4921999
v -4.44326353 86.658783 -18.6885567
v -4.56474638 82.5095825 -18.3050785
v -4.1855092 90.7916794 -18.1368103
v -37.6374168 71.7626266 6.46944571
v -37.7198944 71.7746277 3.14064813
v -35.4833336 71.1366882 3.48518801
v -35.3657074 71.4079666 6.98919773
v -37.7600784 71.5779419 -0.0421572849
v -35.4845009 71.2049713 0.0732000098
v -40.0555878 72.0364685 5.87496281
v -40.1362724 72.0215988 2.84736633
v -42.8459663 71.7471237 5.49586964
v -42.8808136 71.8198547 2.69098115
v -40.1738319 71.5238419 -0.0692026168
v -42.9166832 71.3641968 -0.0394201949
v -37.5171928 72.1498184 9.78789425
v -39.9655876 72.3776169 8.86233234
v -37.2799149 73.8661652 12.3867197
v -39.8143463 73.8991547 11.3654461
v -42.7904663 72.5592422 8.08234978
v -42.6420174 74.2745743 10.1820822
v -35.2715492 71.7237091 10.560894
v -34.9278336 73.6596756 13.1187334
v -35.3246994 90.0728531 -14.548315
v -35.1075745 92.7103348 -13.0257215
v -31.9949989 92.886673 -13.2816658
v -32.3095322 90.2955322 -14.7996511
v -34.8702431 94.9637985 -10.9004803
v -31.7175941 95.6006317 -11.5279055
v -28.9009113 92.8379517 -13.5705891
v -29.3237705 90.174675 -14.809516
v -38.4104385 89.7476349 -13.9880934
v -38.2757072 92.38871 -12.5460138
v -41.6620064 89.6105804 -13.3998156
v -41.5339203 92.0551071 -11.7834282
v -38.1271667 95.0870056 -10.5312157
v -41.4271431 94.4103394 -9.91075706
v -35.5739822 87.102623 -15.7778225
v -38.6356392 86.9105377 -15.4765892
v -35.9079132 84.0491867 -16.8216705
v -38.8673668 83.8197098 -15.9911604
v -41.7915382 86.8003769 -14.2880926
v -41.8547211 83.8179321 -14.13941
v -32.6549225 87.3273544 -15.8640776
v -29.788311 87.2090759 -15.6140947
v -33.0449486 84.2569733 -16.8432446
v -30.2660198 84.1167526 -16.4826908
v -36.5396156 78.8410797 15.3995705
v -36.8742638 76.4370193 13.829669
v -34.4132957 76.3095551 14.5864172
v -34.0162086 78.7210464 16.3945808
v -39.254158 78.6355515 14.3321428
v -39.5173225 76.2728424 12.914546
v -42.2334671 78.6450958 13.1034489
v -42.4342461 76.3961029 11.7781067
v -36.2258148 81.5812683 16.9185658
v -39.0279503 81.3055038 15.7653589
v -35.9617271 84.7117004 18.1386414
v -38.8214874 84.3845825 16.8207073
v -42.0398941 81.2229309 14.2839231
v -41.9317627 84.1085663 15.5246172
v -33.6175308 81.5277939 18.0356464
v -33.153698 84.7281494 18.7416859
v -34.6027489 100.220329 -6.39409876
v -34.5166702 101.160431 -3.51852536
v -31.1944752 100.861366 -3.61913657
v -31.3059692 100.111565 -6.56724072
v -34.5095787 101.94133 -0.041635152
v -31.1626415 101.910713 -0.022553416
v -37.9725494 100.291519 -6.26265478
v -37.9070892 101.232559 -3.39265919
v -41.3660278 99.7336578 -5.92279768
v -41.3029213 100.499825 -3.17848611
v -37.8577499 100.962975 -0.128424451
v -41.324791 101.115204 -0.13200371
v -34.8411064 100.111565 -9.54012871
v -38.1557579 99.3026352 -9.05021191
v -41.4718628 98.3586578 -8.49825001
v -31.4881248 100.128151 -9.74701977
v -23.2085533 88.8622742 -15.0373201
v -22.6099892 91.8029938 -14.1254988
v -19.2875328 91.330658 -14.393527
v -19.9232597 88.0507202 -15.1479387
v -26.3164253 89.6386414 -14.8747349
v -25.7898006 92.4123383 -13.8664732
v -23.869503 85.6391449 -15.2702799
v -26.8981495 86.5902939 -15.3071842
v -24.5246754 82.2503586 -15.6107893
v -27.4782219 83.4028702 -15.9153824
v -20.6221275 84.5760498 -15.437973
v -21.3030167 80.9117813 -15.5531416
v -23.2523804 89.2382431 18.0664024
v -23.9842644 85.369072 18.5245476
v -20.836031 84.2406082 19.0837345
v -20.0225163 88.1971512 18.2339516
v -26.3194599 90.2719727 17.8713837
v -26.9595337 86.5641098 18.3063774
v -29.3198051 91.1298065 17.7326927
v -29.8332958 87.5977859 18.3404255
v -22.6149502 91.7963486 15.799367
v -25.794939 92.673172 15.4549093
v -22.173605 94.5429306 14.407136
v -25.3632069 94.530777 13.2769337
v -28.8926277 93.5369263 15.2744465
v -28.5417442 95.6815338 12.6656761
v -19.3103886 91.2630692 16.5339241
v -18.9239597 94.1722946 15.292922
v -21.7477074 98.224823 8.69839954
v -21.8888664 95.5374985 11.4379282
v -18.9577293 96.300415 12.8833494
v -18.9497433 96.7196274 9.29114723
v -24.7079411 99.923172 8.28785324
v -25.0112152 97.4153519 11.0190287
v -28.039423 99.5332031 7.30787516
v -28.2189484 98.8882904 10.8365765
v -21.7393684 98.7750549 5.08162975
v -24.6528625 100.380516 4.45781612
v -27.9069633 100.704651 3.90004802
v -19.1054802 98.7591019 5.71723557
v -25.7289143 75.1440735 -15.4726229
v -25.1535339 78.7974548 -15.2304754
v -21.9227905 77.168808 -14.9662628
v -22.4976559 73.2340393 -15.0766859
v -28.636673 76.9105301 -15.4762611
v -28.0727577 80.1799164 -15.7927685
v -31.3263798 77.9851532 -15.8665819
v -30.7934551 81.0004196 -16.4920464
v -26.3899059 71.4265823 -15.0724163
v -29.2213993 73.4792099 -15.0190496
v -31.8647804 74.7989502 -15.2974977
v -23.1906643 69.0913315 -15.1923437
v -48.2469978 98.0287857 4.69183111
v -44.8040504 98.7726974 5.30689812
v -44.7494202 99.493248 2.5559864
v -48.2290878 99.1854782 2.33582306
v -41.2965736 98.8995209 5.89591932
v -41.2546005 99.6670609 2.89740038
v -44.723793 99.8666458 -0.203956202
v -48.2427063 100.005531 -0.0888371244
v -48.3076973 96.8812332 7.19602728
v -44.8477974 97.3744659 8.07900047
v -48.3457794 94.6398849 9.64358616
v -45.0798492 96.7383041 11.2857695
v -41.4767036 98.2303009 9.29202652
v -41.4765282 95.6836243 11.4888954
v -51.7240791 98.1231079 4.73987961
v -51.8027077 97.6815414 7.16520262
v -55.0923347 97.4062653 4.38466263
v -55.1893272 97.1799393 6.47347307
v -51.8912697 95.5599594 9.19957161
v -55.3157196 95.9767303 8.5703764
v -51.6994095 98.9263916 2.40410686
v -51.6891251 99.2012177 0.0387484357
v -55.0397682 98.0181885 2.33371949
v -54.9976006 97.8911819 0.110462494
v -49.5179634 74.0665588 4.44251299
v -46.1576424 72.0404892 5.13922739
v -46.0534363 73.2760849 7.3722744
v -49.4269714 75.1253738 6.4184289
v -45.8298836 75.2610245 9.0425005
v -49.3332558 76.4880142 8.20461464
v -49.5843163 73.4146042 2.2793448
v -46.1721039 71.60569 2.59946465
v -49.6042519 73.2236252 0.0141989971
v -46.1650009 71.6200333 0.0178343933
v -53.1327477 75.5814667 4.04453659
v -53.1791954 75.0074921 2.05267501
v -56.7134132 76.8573914 3.74514103
v -56.7589874 76.2902908 1.86656892
v -53.1925697 74.8141479 -0.00521768304
v -56.7777901 76.0394974 -0.0906446204
v -53.0607605 76.5137558 5.91646671
v -52.9677048 77.7762604 7.61772537
v -56.6440926 77.7477417 5.52212143
v -56.5543404 78.9506302 7.16191435
v -48.6091042 89.7935562 -11.9998436
v -45.0724869 89.5988235 -12.5866871
v -45.1383209 86.9066238 -12.9313622
v -48.6926422 87.2298431 -12.1250238
v -45.1919441 84.1942215 -12.6744175
v -48.8018227 84.722435 -12.0313368
v -48.4662933 92.007431 -10.5190115
v -44.9595528 91.9863586 -11.1886539
v -48.4451675 95.812088 -9.76037979
v -44.9360466 95.4076233 -10.1877079
v -52.1676521 90.0743713 -11.3952589
v -52.0139236 92.924881 -10.1114931
v -55.6419601 90.2949371 -10.5235596
v -55.4953957 93.5641403 -9.83029652
v -51.912262 95.835556 -9.13751698
v -55.3465729 96.1046066 -8.6156826
v -52.3179893 87.710762 -11.8642702
v -52.4493675 85.3321533 -11.651597
v -55.8491249 88.1706314 -11.3108282
v -56.0107346 85.9240799 -11.1543722
v -49.0673523 80.1733856 10.9005165
v -45.521183 79.2364426 11.8343658
v -45.3492126 81.6746521 12.8506308
v -48.9320984 82.415657 11.9774961
v -45.2713318 84.3233948 14.0670357
v -48.8470917 84.8442917 13.0998039
v -49.2134361 78.1764297 9.71336174
v -45.6945801 77.0936432 10.6358595
v -52.7283669 81.1621628 10.3346643
v -52.8555984 79.3382034 9.09528446
v -56.3146133 82.1176453 9.81151962
v -56.4457779 80.4190826 8.61343479
v -52.5987167 83.2109985 11.4108839
v -52.4863472 85.4441071 12.329978
v -56.1682739 84.0008163 10.7519884
v -56.0305405 86.0440979 11.5143156
v -34.5954285 100.202278 6.99718142
v -34.7437859 98.9040604 10.3456602
v -31.4839382 98.9111252 10.4551029
v -31.3040886 99.8076172 7.09855127
v -34.8893242 95.7826309 12.1881285
v -31.7079906 95.7818527 12.384366
v -37.8870277 100.166206 6.81228018
v -38.1309052 99.0247116 10.1651955
v -38.115406 95.5477982 11.8144264
v -34.5145073 100.921677 3.61487985
v -37.8928566 100.700165 3.42072177
v -31.1897621 101.297379 3.74005628
v -35.3943443 91.5449524 17.2809277
v -35.6185303 88.057045 17.8910294
v -32.6911011 88.0861511 18.1922817
v -32.3314896 91.5625839 17.5997105
v -38.5111618 91.09758 16.5676651
v -38.6445389 87.7068405 17.141922
v -41.7439079 90.5046692 15.5623426
v -41.8426208 87.3128433 16.0992737
v -35.109848 93.894455 14.8236961
v -38.3070335 93.6877441 14.5176649
v -41.5970383 93.2271957 13.8793716
v -31.9891109 93.9028778 15.0843687
v -36.5534477 78.2105026 -15.5369186
v -36.206768 81.1014786 -16.2849445
v -33.4827576 81.2314072 -16.7270184
v -33.9290428 78.3155136 -16.0033875
v -39.3270187 78.007782 -14.7449226
v -39.0076981 80.9016876 -15.2242498
v -42.302742 78.217659 -13.4861307
v -42.0808907 80.9449234 -14.1625443
v -36.9763718 75.2342453 -14.6407251
v -39.6203613 75.313942 -13.4023581
v -37.2614403 72.9618912 -12.2798605
v -39.8062134 73.3660126 -11.0829954
v -42.4774437 75.8449478 -11.9152918
v -42.6187706 74.065712 -9.83412838
v -34.4170876 75.2247391 -15.2969112
v -34.8251419 72.6539459 -13.0836067
v -37.6078949 71.3268661 -6.08133602
v -37.4714508 71.6090775 -9.32739639
v -35.1423759 71.0626068 -10.0169802
v -35.2755089 71.3330536 -6.34916306
v -40.0800362 71.2578659 -5.6545372
v -39.9536438 72.0921249 -8.39988899
v -42.8838387 71.5609131 -5.21620035
v -42.7713394 72.6053009 -7.58604956
v -37.7333488 71.118721 -3.04520035
v -40.1522179 71.048027 -2.85254908
v -42.9253693 71.1342316 -2.65643859
v -35.4626503 70.9634628 -3.15396166
v -62.344326 90.9386444 -9.77252007
v -59.0124016 90.5846405 -10.012331
v -59.2380867 88.5649414 -10.8060694
v -62.5674591 88.8800354 -10.1782808
v -59.4298248 86.3597641 -10.8112164
v -62.7862854 86.7198639 -10.5930071
v -62.100647 92.6181641 -8.4122715
v -58.8446198 93.4198532 -9.33622742
v -61.9668808 95.0883484 -7.5284152
v -58.7472 96.2483444 -8.25683403
v -65.7432022 91.3184814 -9.73540688
v -65.5232544 92.9251785 -8.47690105
v -69.2696533 92.0826263 -10.7394152
v -69.0994949 93.3734818 -8.92003632
v -65.3131104 94.409523 -7.22738934
v -68.8747787 94.847641 -7.40693331
v -65.9990158 89.285881 -10.1485481
v -66.2129822 87.0947571 -10.5665379
v -69.558136 89.9187546 -11.1981249
v -69.8123474 87.6085205 -11.3401613
v -63.0765114 83.6439896 9.50426197
v -59.7518463 82.8449707 9.56374836
v -59.5981827 84.6197739 10.5418081
v -62.9110451 85.2722168 10.8280554
v -59.4174538 86.6098099 10.9735155
v -62.7129059 87.250473 11.2789764
v -63.2266388 81.7477875 8.34361458
v -59.8721199 81.2957306 8.20838165
v -63.3452682 80.1837234 6.6782608
v -59.9915199 79.7656708 6.80580854
v -66.3884583 84.0900955 10.3391123
v -66.5555496 82.345726 8.57371902
v -69.7671509 84.3236771 11.0065403
v -69.9736862 82.5203476 9.06048203
v -66.6959305 80.5854721 6.65443182
v -70.1585999 80.8995361 6.64911032
v -66.1961746 85.924202 11.5811081
v -65.989418 87.974968 11.9603071
v -69.5689468 86.5749207 11.56849
v -69.364212 88.6833191 11.8634157
v -61.6914406 97.1681213 -3.71378589
v -58.342144 96.8792496 -3.97461152
v -58.5718727 97.3291931 -6.23815441
v -61.7837257 96.2171631 -5.50776243
v -55.1414833 98.3681412 -4.50887966
v -55.2292976 97.7437515 -6.78126669
v -61.5928001 97.1072998 -1.6038729
v -58.4032631 98.5909271 -1.99353814
v -61.575779 97.2546768 0.534469306
v -58.3217278 98.0178299 0.261478424
v -55.0577316 98.3880997 -2.2005055
v -65.0698547 97.0364075 -3.62442851
v -64.9829025 97.3963242 -1.43171263
v -68.6155701 95.7395477 -3.42624426
v -68.5385895 96.4631577 -1.211483
v -64.945961 97.8146286 0.944045126
v -68.4921494 97.605629 1.24655879
v -65.138092 95.343544 -5.25181103
v -68.7205963 95.7275391 -5.46072197
v -63.5329742 77.9530411 -3.87500286
v -60.1706963 77.2984695 -3.97415829
v -60.2119942 76.9007111 -2.18282723
v -63.5862846 77.3628235 -2.25999141
v -56.7340736 76.4949265 -4.02206612
v -56.7741661 76.0675201 -2.08194947
v -60.2434959 76.6511917 -0.265249461
v -63.5846596 77.4224091 -0.441373885
v -63.473526 78.4766006 -5.50034857
v -60.0937119 78.0562439 -5.6362896
v -63.3845139 79.3605652 -7.10015535
v -60.0204659 78.8286591 -7.42438412
v -56.6463127 77.409462 -5.78102016
v -56.5617943 78.4532318 -7.51008987
v -66.9778137 78.1021957 -3.88329029
v -66.9255829 78.5732422 -5.49921751
v -70.6223984 78.0766983 -4.00299931
v -70.5765076 78.8273544 -5.5075736
v -66.8498917 79.3151398 -7.18690491
v -70.4912109 79.8652115 -6.99372053
v -67.0083618 77.7326126 -2.28330564
v -67.013031 77.5837555 -0.528180063
v -70.6313248 77.7547455 -2.35824966
v -70.5890121 78.2269669 -0.586340904
v -48.580677 89.9297714 12.7762489
v -45.0891151 90.0305634 14.1026287
v -44.9716988 92.6724701 12.7272453
v -48.5656242 93.8578873 11.9962444
v -48.74683 87.4252396 13.5066004
v -45.1999779 87.1868362 14.6407452
v -52.1613731 90.7739944 11.8066721
v -52.3515244 87.8205566 12.5774994
v -55.6464806 91.0550766 10.926198
v -55.8093224 88.1655655 11.1636791
v -52.0727043 94.0942917 11.284483
v -55.5176506 94.4716568 10.474781
v -49.0938988 80.0482864 -11.114563
v -45.5603561 79.0574493 -12.1003923
v -45.6957779 76.8929367 -10.6354837
v -49.2017746 78.1373749 -9.72048473
v -45.8392982 75.1117554 -8.86776447
v -49.3182831 76.4997711 -8.09595203
v -48.9449577 82.3244858 -11.8231487
v -45.3964729 81.5401459 -12.8239374
v -52.72789 81.018219 -10.4683208
v -52.6028976 83.0733871 -11.3653936
v -56.3180695 81.7051697 -10.1025438
v -56.1746483 83.7436752 -10.8538151
v -52.837925 79.2441254 -9.16594791
v -52.9379845 77.7576675 -7.59893465
v -56.4441566 79.9491348 -8.93424225
v -49.5236626 74.0875626 -4.33488035
v -46.068119 72.6122513 -4.75449181
v -46.1621056 71.7733383 -2.47097564
v -49.5787811 73.4666824 -2.21316075
v -49.4292526 75.1335754 -6.28800488
v -45.9558144 73.7277298 -6.85782194
v -53.1166573 75.5677261 -4.04654598
v -53.0392303 76.4920502 -5.91098738
v -53.1686516 75.0081482 -2.0589776
v -48.2794762 98.7646561 -5.04710054
v -44.8153305 99.3318253 -5.44970226
v -44.8538284 97.3838882 -7.89767456
v -48.3140373 96.8575439 -7.38130856
v -48.3350143 100.652122 -2.70538139
v -44.7760086 100.400757 -2.89026642
v -51.7385864 98.5325775 -4.76637077
v -51.657402 98.7173691 -2.33423424
v -51.7856483 96.811821 -6.96085978
v -78.5244064 79.1966705 -3.95503259
v -74.5266495 78.5210876 -4.00069714
v -74.5105438 78.0114746 -2.39255214
v -78.5100784 78.2875977 -2.44554067
v -74.4422913 78.2904434 -0.628377616
v -78.4140854 77.9109421 -0.684141695
v -78.4915314 80.2289886 -5.41340017
v -74.4766769 79.5649261 -5.37830687
v -78.4242172 81.3577194 -6.87180376
v -74.4297256 80.3617859 -7.08065176
v -82.4760208 79.6434021 -4.20666981
v -82.4900131 80.3744507 -5.98826742
v -86.0784378 80.9238739 -4.14045954
v -85.9676895 82.1889648 -5.48204327
v -82.3560638 82.0602036 -7.14815807
v -85.8542404 83.5475998 -6.8725996
v -82.4628448 78.7481308 -2.60199833
v -82.3735428 78.0999908 -0.90827632
v -86.0438309 80.2188187 -2.53842115
v -85.9455872 79.6773605 -0.882917821
v -78.1999588 84.4744873 -9.78075409
v -74.176712 83.4476929 -10.0563707
v -74.3525848 81.4447556 -8.85390186
v -78.3089981 82.8491287 -8.22971058
v -70.2373886 82.7179565 -10.0266542
v -70.383728 81.0716553 -8.58401871
v -77.9920883 86.7688751 -10.6712828
v -73.9929047 85.7370682 -11.3465271
v -77.7520218 89.1416016 -11.1557283
v -73.7464523 88.3681946 -11.9431839
v -70.0379562 84.9817429 -11.1611814
v -82.0089493 85.7446594 -9.06119442
v -81.7890015 87.70401 -9.73268032
v -85.490593 86.8209534 -8.92248917
v -85.2472458 88.5759964 -9.48338318
v -81.5136108 89.7150879 -9.89182854
v -84.9670258 90.3744049 -9.72064114
v -82.1914368 83.9204025 -8.13692856
v -85.6884155 85.1568604 -8.00992584
v -76.1446686 94.6759949 11.5459213
v -72.5234299 94.3359299 11.5805759
v -72.4235611 95.761467 10.9092846
v -76.0880814 96.3136139 10.5419922
v -68.9738846 93.2989883 11.5545111
v -68.7867889 95.6207962 11.3310804
v -72.3468552 96.6124802 9.42632008
v -76.0667953 96.7194138 8.65632153
v -68.693634 96.5209732 9.94180584
v -76.2509003 91.813385 12.1933212
v -72.6607742 91.2848816 12.106925
v -76.3994904 89.685257 12.2408772
v -72.8412704 89.255043 11.8112364
v -69.1600876 90.6834564 11.9487629
v -79.7417145 94.7176132 11.5084772
v -79.8684692 92.2901764 12.2901869
v -83.1453552 94.706955 10.8408947
v -83.4071503 92.3008347 11.6479406
v -80.0230942 89.9577026 12.3242712
v -84.1930695 89.5005188 12.7284889
v -79.6800003 96.5935898 10.0812578
v -79.6950455 96.9295425 7.99692631
v -83.0458755 96.5179672 9.27044392
v -83.009201 98.3042297 7.64420605
v -76.0453262 98.5822601 4.79394388
v -72.2785263 97.3652878 5.32245255
v -72.2454758 98.1881027 3.26556444
v -76.0213699 99.330246 2.74707198
v -68.5195007 97.1894836 5.95401478
v -68.4882202 98.1587906 3.72450209
v -72.2406693 98.3410721 0.958321989
v -76.1130371 98.8417511 0.631274939
v -76.0602493 97.5937119 6.73323584
v -72.290184 97.1692963 7.56432438
v -68.5871735 96.5795593 8.10060024
v -79.6979446 99.5911331 4.30931997
v -79.6879425 98.555542 6.2461319
v -83.0164871 100.490379 4.2081151
v -83.0855865 98.548317 5.53999519
v -79.6882706 100.387833 2.33665848
v -79.7437439 100.236534 0.261615276
v -83.0636368 100.759308 2.16561842
v -83.1822052 100.046059 0.125000507
v -63.5253639 77.9796219 3.30634332
v -60.167572 77.5616684 3.52259398
v -60.0895576 78.5034943 5.22180367
v -63.4533463 78.7810059 5.06801176
v -63.5608177 77.6760406 1.4383812
v -60.2165184 76.9831543 1.68073738
v -66.9151993 78.1977615 3.16357279
v -66.9847412 77.6969833 1.3446039
v -70.4414673 78.5530472 3.09910393
v -70.5249634 78.5005798 1.25232565
v -66.8251877 78.9503174 4.98250055
v -70.313385 79.1547012 4.92415333
v -61.665699 97.3329391 5.04341745
v -58.3929291 97.9650116 4.63054132
v -58.3483772 98.1911469 2.4814167
v -61.6051331 97.174408 2.74950814
v -61.727211 98.3663406 7.38708687
v -58.4611168 97.8228302 6.67883301
v -61.849205 96.8886337 9.05191708
v -58.6247902 96.3813324 8.22133732
v -65.0143585 97.9317474 5.8353157
v -65.1286011 98.0292587 8.18463802
v -65.2023697 96.6613388 9.89476681
v -64.9417267 98.5627594 3.42156148
v -62.2958298 91.5888672 10.6869154
v -59.0076447 91.5863953 10.3793564
v -58.8091774 94.1272507 9.53063202
v -62.0512924 94.528656 10.2673111
v -62.5273781 89.2159271 10.8700628
v -59.2079048 88.5866623 10.264924
v -65.5964432 91.9542084 11.0898733
v -65.7704315 90.0095978 11.8570662
v -65.3640671 94.4594421 10.8648062
v -63.1482277 82.1147461 -10.0052195
v -59.7734261 81.909462 -10.1807261
v -59.8972588 80.2742767 -8.83054066
v -63.2849464 80.4039612 -8.79535103
v -62.977211 84.3620682 -10.4434366
v -59.6088715 84.1135559 -10.6193047
v -66.5880508 82.3504639 -9.91360092
v -66.4118805 84.6611023 -10.3568306
v -66.735672 80.6301498 -8.6844759
v -88.4242706 101.014595 3.90477943
v -85.9210892 100.5159 3.96503901
v -85.9298019 100.982208 2.03258204
v -88.4356537 100.832626 1.914083
v -85.9505844 101.304871 0.0725656524
v -88.4645233 100.833466 0.013421298
v -88.5441132 99.5189056 5.47626019
v -85.918869 100.089798 5.88200188
v -88.6932068 98.4729538 7.06477785
v -85.9827423 98.8806915 7.44170141
v -90.790802 100.962318 3.68408489
v -90.9085999 100.405548 5.51392221
v -93.0997086 101.734772 3.65023851
v -93.3198853 100.806847 5.20296574
v -91.144165 99.5114365 7.0771637
v -93.5833435 100.045883 6.93222666
v -90.7196884 101.473015 1.85246158
v -90.7248993 101.599533 0.019203119
v -92.9536438 102.51181 1.92953765
v -92.8771362 103.001991 0.039664764
v -92.3887024 80.5367584 2.23814249
v -89.1462555 79.3554459 2.40256977
v -89.1414871 79.2030411 4.52410746
v -92.6124725 79.6024017 4.23159838
v -85.7014847 78.6467972 2.57170558
v -85.5736694 78.9755249 4.61863661
v -89.4613266 79.0903091 7.08997202
v -92.7945557 79.5970993 6.84967327
v -85.6238022 79.7051773 7.41191912
v -92.3006287 81.3557739 0.51319474
v -89.2556686 79.6533813 0.493549913
v -92.1237488 82.4654388 -0.901036561
v -89.2892151 80.5065842 -1.11096787
v -85.8370209 79.0253296 0.747266293
v -95.2437286 83.2104416 2.36023259
v -94.9687271 84.1131134 0.763299048
v -97.175148 87.5622253 3.10278988
v -96.8884354 88.0968857 1.49359775
v -94.8160934 84.7362595 -0.840732336
v -96.6046524 88.5970612 -0.0102642486
v -95.6478271 82.1933823 4.22589111
v -95.7066116 82.0131912 6.91367435
v -97.5768356 86.8711929 4.85824394
v -98.1020508 86.2216873 7.36338997
v -89.6136322 95.2986526 -8.80362511
v -87.1757126 94.4169769 -8.76241493
v -87.5118866 92.8122253 -9.61276722
v -89.959053 93.3949051 -9.61938763
v -84.3126144 93.9183578 -9.0089922
v -84.6487885 92.1835327 -9.58307076
v -87.8508148 91.0733185 -9.72657681
v -90.3094406 91.7161026 -9.7102375
v -89.2380066 97.5884628 -8.28170967
v -86.8099518 96.7058258 -8.24271774
v -88.9413986 99.059082 -6.99336529
v -86.4996643 98.6142044 -7.0697751
v -84.0106049 95.3739014 -7.80524635
v -83.6686707 98.0409622 -7.08435154
v -91.8394928 96.1398392 -8.88733959
v -91.4654541 98.4207764 -8.29927826
v -94.0622635 96.9221878 -8.90039158
v -93.7108841 98.9041672 -8.25956535
v -91.1552582 99.8314514 -7.01798582
v -93.3795166 100.710915 -7.07780457
v -92.1936035 93.9253311 -9.6082449
v -92.5440826 92.2889404 -9.7148428
v -94.4130249 94.4228134 -9.6089983
v -94.7553024 92.8165588 -9.73184776
v -93.6477814 79.7345047 13.1627665
v -93.2327652 79.4948425 9.88810062
v -90.3777542 78.4235001 10.0742531
v -91.3989105 78.576416 13.2079077
v -87.7890701 79.2561951 10.7323275
v -89.3528976 78.7877045 13.7709894
v -95.8540268 80.8245773 13.1835213
v -95.8059082 81.3601074 9.97084999
v -97.8109512 81.8379745 13.3496847
v -97.9231262 83.3951797 10.3041086
v -94.2406693 78.802948 15.9888916
v -96.144989 79.5358429 15.8603973
v -94.712204 77.8976135 18.3845272
v -96.3995514 78.7252731 18.2051468
v -97.6763535 80.5931091 16.0298538
v -97.4103317 79.8259201 17.8464432
v -92.2860641 78.1418839 15.9617605
v -90.6170502 78.2839203 16.3215389
v -92.8703308 77.5228577 18.2021751
v -91.4970245 77.7826767 17.8924751
v -76.3041611 97.5492935 -3.51031303
v -72.3962936 96.9051666 -3.5770483
v -72.537941 96.0469589 -5.66452837
v -76.4042511 97.0506134 -5.5631752
v -72.6551514 95.7722397 -7.91441774
v -76.5906372 96.0111771 -7.53273678
v -76.1953964 98.2322464 -1.52038908
v -72.3198242 97.4880447 -1.34688914
v -79.9328003 99.1905975 -3.69391036
v -79.8439713 99.6227646 -1.72809219
v -83.2923584 100.064041 -3.71290779
v -83.2170334 100.22274 -1.8426981
v -80.0922928 98.4342728 -5.43343496
v -80.3267593 97.1029129 -7.07548523
v -83.4770126 99.0173874 -5.38831043
v -76.8442154 84.1796341 11.0711069
v -73.2883835 84.2127762 11.3537979
v -73.0475388 86.8639145 11.6842365
v -76.5788498 87.059639 11.9604177
v -77.1906128 82.3408813 8.50330734
v -73.5454483 82.4307785 9.00526047
v -77.563385 80.0968323 6.83133078
v -73.7970123 80.5522919 6.73573685
v -80.2537384 84.8198776 10.4165344
v -80.7934494 82.4775162 8.55678177
v -83.6533127 85.0019455 10.9983816
v -84.2229996 82.5537262 9.39112568
v -81.4054565 79.9647903 6.9590497
v -80.0554504 87.5295181 11.6951532
v -83.5177231 87.0325317 12.3251696
v -77.1568604 93.157341 -10.3293953
v -73.1639099 92.8217545 -11.2138863
v -73.4644318 90.7030716 -11.7961063
v -77.4843292 91.3573837 -11.255147
v -76.853035 94.6316071 -9.00621223
v -72.9133453 94.1483307 -9.44436073
v -80.9092636 93.3329239 -9.14715195
v -80.6101913 94.8274078 -8.02816868
v -81.2455673 91.6929169 -10.1162691
v -78.0770187 78.3075714 3.10485339
v -74.1955795 78.6282349 3.15544367
v -73.998085 78.7181702 5.15245914
v -77.8479538 78.5136795 5.1204958
v -78.2635498 78.1394882 1.20107698
v -74.3424835 78.7533569 1.25316083
v -81.9800262 78.0044708 2.85648012
v -82.197464 77.7855606 0.913126826
v -81.7605057 78.3901367 4.97457027
v -101.710388 91.2732849 8.71859837
v -99.9617233 90.4363251 9.05482483
v -99.3619614 91.4307327 9.71555805
v -101.270508 92.2971115 9.34364128
v -98.9078827 89.001152 10.4469271
v -98.107605 90.1117554 11.2812386
v -98.5193024 92.7875595 9.88854885
v -100.710701 93.6167603 9.61740208
v -96.1964188 91.3580933 11.2916222
v -101.96714 90.4593506 7.80228853
v -100.103889 89.807312 7.95071602
v -102.033264 89.9861221 6.54108143
v -99.9213257 89.4535522 6.56008196
v -98.9525299 87.9896545 9.19037247
v -103.740685 91.7803192 8.81805801
v -103.966492 90.8750381 7.99759912
v -106.034866 92.1691589 9.05466652
v -106.202637 91.2665787 8.25745106
v -104.069962 90.2810287 6.81791496
v -106.286453 90.4969788 7.1502533
v -103.412949 92.845253 9.37092972
v -103.001259 94.1548615 9.59177494
v -105.783516 93.253624 9.54627609
v -105.455223 94.5711441 9.69729328
v -97.9953156 103.734428 -3.77989841
v -95.4524384 102.841278 -3.75400996
v -95.6208496 101.858238 -5.42508984
v -98.1597824 102.688644 -5.47073317
v -93.0268784 102.187149 -3.78525376
v -93.2069016 101.243538 -5.44612455
v -95.8111649 101.022133 -7.02003479
v -98.3669052 101.646027 -7.09383106
v -97.8946686 104.409943 -1.89393628
v -95.3755264 103.345131 -1.8960669
v -97.9307785 104.100349 0.0493960269
v -95.3387299 103.621658 0.0407369807
v -92.9613571 102.578156 -1.90248108
v -100.640068 104.628426 -3.79794407
v -100.62867 104.501755 -1.88839245
v -103.369133 105.284767 -4.10173941
v -103.292038 105.715309 -2.00873232
v -100.594666 104.633873 0.0129712783
v -103.312668 105.003456 0.0285252649
v -100.837875 103.174477 -5.42727804
v -101.043564 102.132301 -7.19211388
v -103.537407 103.881554 -5.80879545
v -103.775909 101.479057 -7.0777297
v -100.930305 90.1119537 -3.52796173
v -98.6404572 89.5768356 -3.35383177
v -98.8861084 89.5658875 -1.77945721
v -101.156471 89.8921585 -1.90823412
v -96.1578827 89.2791061 -2.9924984
v -96.3475113 89.0170746 -1.49560523
v -99.1018524 89.6840134 -0.145112872
v -101.386429 89.7708282 -0.213436261
v -100.710701 90.4258194 -5.05575418
v -98.3904343 89.6869049 -4.86330891
v -100.507385 90.7327347 -6.48090649
v -98.1412735 89.9540558 -6.28554296
v -95.9630814 89.540329 -4.45946455
v -95.7573929 89.7958603 -5.8831706
v -103.303917 90.4002686 -3.72028208
v -103.161957 90.5591736 -5.43071938
v -105.783264 90.2046585 -3.9706583
v -105.70578 90.3599396 -5.8858757
v -103.016136 90.6753387 -7.02622747
v -105.619774 90.5336151 -7.55156565
v -103.450493 90.2944946 -1.95791423
v -103.615265 90.0726013 -0.155189946
v -105.864647 90.1219254 -2.05847049
v -105.960976 90.0014191 -0.102612264
v -100.107536 91.71521 -8.70615768
v -97.6598434 91.0669479 -8.64294529
v -97.9017258 90.3904572 -7.5729146
v -100.315674 91.0536652 -7.74389029
v -95.3305817 90.5475311 -8.45079994
v -95.5524597 90.0640945 -7.23323345
v -99.8776245 92.5499573 -9.4656086
v -97.3989639 92.0284805 -9.40836334
v -99.6064148 93.7410355 -9.8351841
v -97.1049881 93.3156509 -9.74513626
v -95.0689316 91.4385223 -9.40656471
v -102.693108 91.9867325 -9.06790543
v -102.488571 92.8729477 -9.72920036
v -105.390694 92.1146469 -9.48986435
v -105.216545 93.1122589 -10.0400114
v -102.236801 94.0511932 -10.0941019
v -104.981689 94.3258209 -10.3796129
v -102.864098 91.2664185 -8.18325329
v -105.520744 91.3006516 -8.67571449
v -89.2007675 96.19944 10.1550226
v -86.2983017 94.7446594 10.1013699
v -86.0595398 98.0554657 9.22892857
v -88.8419342 98.5364914 9.01434326
v -89.7117538 93.2603989 11.5104837
v -86.7168121 92.5004959 11.330554
v -90.4243469 91.7021713 14.3205519
v -87.3581696 91.1147995 14.4350004
v -91.9713821 96.9253693 9.89234257
v -92.5442276 93.612793 10.879838
v -94.5652771 96.922905 9.25778866
v -95.2121124 93.8461456 9.84019756
v -93.3392487 91.7399597 13.2846451
v -91.4647141 98.8831787 8.68073845
v -93.9924622 99.3562241 8.43973923
v -90.8804092 88.965271 -8.49999428
v -88.4140549 87.8949738 -8.768363
v -88.6455765 86.4414062 -7.84296989
v -91.1004868 87.8936844 -7.40404987
v -88.8703918 84.9858246 -6.77202129
v -91.3240967 86.8216248 -6.23568726
v -90.6214066 90.2006836 -9.35843658
v -88.1519928 89.4237366 -9.43960285
v -93.1451035 89.7415085 -8.51160812
v -92.8655777 90.8266373 -9.40839958
v -93.350441 89.0918503 -7.22470808
v -93.5752716 88.4149323 -5.96044683
v -91.7860489 84.5802841 -3.72962546
v -89.1251755 82.7084885 -3.90155172
v -89.2135696 81.6581955 -2.46802235
v -91.9785004 83.4720383 -2.35277343
v -91.5618973 85.7159195 -5.02537823
v -89.0314636 83.7386017 -5.4125514
v -94.2034073 86.5950928 -3.57897496
v -93.8368835 87.6448669 -4.70464039
v -94.5736008 85.521286 -2.33342624
v -88.5840912 100.634956 -3.75252652
v -86.1364594 100.514236 -3.77908826
v -86.3197632 99.3452911 -5.4049983
v -88.788475 99.4482193 -5.33617783
v -88.542778 100.535591 -1.76575041
v -86.0048141 101.326286 -1.92016423
v -90.8235474 101.183594 -3.75062513
v -90.6430435 102.122849 -1.9159863
v -90.9836121 100.415314 -5.42021322
v -110.999603 92.8383713 -9.42477608
v -108.195801 92.3699646 -9.69621563
v -108.287498 91.4804077 -8.93568039
v -111.041817 91.9519424 -8.72600365
v -108.341011 90.666481 -7.81636477
v -111.055992 91.0752411 -7.72801495
v -110.880676 93.8720703 -9.89774227
v -108.046089 93.4057388 -10.2181644
v -110.668182 95.1157379 -10.203371
v -107.820969 94.6559601 -10.5380154
v -113.66922 93.2270966 -9.04101849
v -113.5952 94.2954865 -9.47978973
v -115.857872 93.4011841 -8.36940765
v -115.852806 94.5721664 -8.75929451
v -113.379196 95.5972137 -9.65030766
v -115.619926 95.967041 -8.84280777
v -113.609505 92.3884659 -8.31225395
v -113.534592 91.569191 -7.40487099
v -115.568466 92.5585327 -7.65987253
v -115.023468 92.0940933 -6.99321413
v -110.005608 98.5809402 8.95187569
v -107.310204 98.2258759 9.01066685
v -106.916222 99.8842468 8.02295303
v -109.578789 100.271751 8.01052094
v -104.637405 97.849884 9.01516628
v -104.23983 99.3734741 7.82838917
v -106.571396 101.428513 7.07754183
v -109.209076 102.188988 7.33682966
v -103.885574 102.084236 7.27977371
v -110.425125 96.8819733 9.45751762
v -107.715683 96.5165939 9.51244259
v -110.779861 95.3194809 9.67690086
v -108.075668 94.9543076 9.72695255
v -105.060318 96.1415405 9.51685047
v -112.582886 98.9592285 8.82529354
v -113.054169 97.2595444 9.33373547
v -114.672508 99.3849716 8.18876266
v -115.228218 97.633316 8.63271141
v -113.430161 95.6720734 9.55586433
v -115.647499 95.9939575 8.82941437
v -112.072449 100.615311 8.03973961
v -111.630547 102.00808 6.84447765
v -113.975456 101.029022 7.50682926
v -113.173592 102.027687 6.75090647
v -108.83564 104.699043 4.23702621
v -106.148163 104.318268 4.01293802
v -106.061157 104.510712 1.95633829
v -108.741844 104.784874 1.99183154
v -103.435516 104.43795 3.81224346
v -103.342186 104.93119 1.99092615
v -106.032425 105.057648 -0.116002351
v -108.722206 105.137428 -0.118804038
v -108.968063 103.446892 5.93647814
v -106.31234 103.289604 5.70215607
v -103.614883 103.324387 5.64685631
v -111.362015 103.979767 3.90891576
v -111.474579 103.384933 5.72739458
v -113.594368 103.685211 3.99057984
v -113.511307 102.905144 5.71733522
v -111.287903 104.34021 1.93605506
v -111.289856 104.701225 -0.0971412659
v -113.587036 104.145058 2.03249049
v -113.551979 104.178154 -0.00146391138
v -111.159859 90.608551 4.03238964
v -108.609001 90.5664673 3.89905143
v -108.686989 90.4467316 5.81382513
v -111.210533 90.785141 5.87565994
v -106.176949 90.4218369 3.73637486
v -106.270447 90.2096405 5.60032749
v -108.711578 90.8483887 7.33589411
v -111.242546 91.2374954 7.36231804
v -111.096588 90.6348953 2.01181006
v -108.53756 90.284729 1.96152878
v -111.056953 90.4219894 -0.054548271
v -108.472778 89.9649887 -0.0713422671
v -106.073502 90.2080765 1.85176289
v -113.681778 90.6995163 4.09182501
v -113.647148 90.5527039 2.08599329
v -115.600021 91.6402969 4.09393024
v -115.619225 91.4209213 2.10336757
v -113.632538 90.3696747 -0.0153437052
v -115.610313 91.3296967 -0.00489003863
v -113.646873 91.1895065 5.82237339
v -113.596733 91.8198242 7.15887403
v -115.465797 91.9146194 5.81980228
v -115.063545 92.157608 6.91713095
v -98.9793472 96.9808121 -9.04395103
v -96.4484787 96.782341 -8.80253124
v -96.7777023 94.8866425 -9.61745453
v -99.2973557 95.2841492 -9.68513489
v -98.662529 99.6843109 -8.2925663
v -96.1017532 99.5407562 -8.31029034
v -101.630043 97.3773193 -9.2284174
v -101.329811 98.8475876 -7.74260092
v -104.362015 97.7373734 -9.4609251
v -104.082306 99.1313705 -7.65040159
v -101.940926 95.594841 -9.94019413
v -104.685173 95.8891373 -10.2631073
v -101.79599 89.9165344 3.27597904
v -99.5647583 89.3949432 3.18004465
v -99.7497787 89.3277435 4.91537714
v -101.987389 89.6446838 5.00222063
v -101.615425 89.7403259 1.52773976
v -99.3403778 89.5522614 1.49339676
v -103.925255 90.3164444 3.50804543
v -103.782921 90.152565 1.68907022
v -104.067505 89.8526306 5.31022835
v -98.0868454 103.392052 3.71155667
v -95.4898911 102.831131 3.84159374
v -95.3600616 103.520538 2.00324965
v -97.9900894 103.721695 1.92568815
v -98.2749939 102.741409 5.53052902
v -95.6882629 102.082825 5.58259869
v -98.6002884 101.43261 7.03982162
v -96.0434265 100.879463 6.9979887
v -100.720032 104.081749 3.84350395
v -100.94751 102.81749 5.27890778
v -101.209351 102.149338 7.29143095
v -100.612579 104.594765 1.96458876
v -99.5542297 97.7341537 9.01191235
v -97.0764008 97.6631927 8.94783211
v -96.5029373 99.4655762 8.19426918
v -99.0311356 100.181656 8.31927204
v -100.119064 95.2238922 9.4059906
v -97.729332 94.5388641 9.37679482
v -102.06282 97.310463 8.54528904
v -102.536217 95.7316132 9.45772457
v -101.614105 100.041969 8.16703129
v -116.898933 93.505928 -4.49376297
v -116.906166 93.4483185 -2.27161241
v -116.881256 94.7089615 -2.33890057
v -116.864479 94.7197495 -4.64272308
v -116.899231 93.4241104 -0.00176345359
v -116.877617 94.7064514 -0.000897532213
v -116.666191 96.2416229 -2.35625243
v -116.644402 96.1921234 -4.68347502
v -116.664307 96.260437 -0.000177583119
v -116.66188 92.4112396 -4.2896142
v -116.679466 92.3072815 -2.18266273
v -115.593987 91.5348511 -4.14200687
v -115.61335 91.368782 -2.12004042
v -116.677544 92.2636795 -0.00207907893
v -116.819313 93.5267258 -6.62592316
v -116.495628 92.5142365 -6.22334051
v -115.445068 91.8293915 -5.89011717
v -116.792236 94.7159576 -6.87599611
v -116.561241 96.1325531 -6.94635105
v -115.662033 99.9796829 4.38822746
v -115.586945 99.7067719 6.47600317
v -114.856918 101.574989 6.07062531
v -114.961754 102.055077 4.15661526
v -116.23114 97.9820328 4.58124304
v -116.146637 97.8406372 6.77988911
v -116.644333 96.1977005 4.66944838
v -116.562271 96.143959 6.91406393
v -115.663681 100.201416 2.21803117
v -116.248367 98.1046829 2.31027174
v -115.656654 100.285027 1.81175164e-06
v -116.24543 98.1520309 -8.00488397e-06
v -116.665863 96.2437592 2.35395885
v -114.956573 102.399376 2.11125946
v -114.955841 102.531006 -0.00187311287
v -116.899574 93.5183105 4.48374414
v -116.826088 93.5345688 6.61187935
v -116.794907 94.7232208 6.85683537
v -116.864418 94.7270966 4.63119888
v -115.897865 93.3939514 8.36828995
v -115.889595 94.5809555 8.76260757
v -116.667175 92.4342651 4.27468443
v -116.509781 92.5218201 6.20245743
v -115.60582 92.5469055 7.63909531
v -116.905914 93.4588242 2.26714301
v -116.682732 92.3221893 2.17723274
v -116.881065 94.7157364 2.33534026
v -115.66201 99.9788361 -4.39164782
v -115.663902 100.201462 -2.21822023
v -114.977318 102.420975 -2.11725378
v -114.993843 102.094582 -4.16997242
v -113.514473 103.832558 -2.0082159
v -113.483643 103.212479 -3.86721039
v -116.23114 97.9786072 -4.5915041
v -116.248726 98.1043625 -2.31125402
v -115.583481 99.6999664 -6.49546003
v -116.145195 97.8273621 -6.81771517
v -114.661484 99.3680267 -8.25517845
v -115.219429 97.5958405 -8.70755863
v -114.878624 101.628807 -6.10137653
v -113.424934 102.499245 -5.46656799
v -113.973946 101.082802 -7.56772423
v -113.124435 101.714424 -6.46355963
v -111.042374 90.3920517 -4.1838398
v -108.389687 90.1272888 -4.13988495
v -108.423012 89.9561462 -2.13512015
v -111.04435 90.3064423 -2.13615417
v -111.057549 90.4618378 -6.19133854
v -108.368324 90.2161331 -6.16539097
v -113.641563 90.501236 -4.2060256
v -113.599373 90.8977051 -6.04331112
v -113.640327 90.3348465 -2.13954043
v -108.819237 104.460571 -4.16937828
v -106.148346 104.839203 -4.24798155
v -106.285767 103.875923 -6.05722904
v -108.974312 103.681595 -5.96078157
v -106.501602 101.874237 -7.40943193
v -109.202454 102.16436 -7.34322596
v -108.770676 105.430313 -2.31016183
v -106.069786 105.685143 -2.31819057
v -111.482788 104.740166 -4.16742992
v -111.354362 104.826881 -2.1260252
v -111.508987 103.488548 -5.76934719
v -111.620399 101.902687 -6.7505126
v -111.176331 92.9433136 9.14210987
v -108.549545 92.5603638 9.16783333
v -108.354904 93.6402588 9.61912918
v -111.031303 94.0038071 9.59099102
v -111.230682 92.072731 8.3844738
v -108.662956 91.6671143 8.39841175
v -113.756447 93.2204132 9.02237034
v -113.695824 92.4434967 8.20117569
v -113.670448 94.3170166 9.47832489
v -109.934738 98.4717941 -9.46441841
v -107.154518 98.0632019 -9.54971027
v -107.509155 96.238533 -10.4407473
v -110.343117 96.6680145 -10.196434
v -109.531464 100.071953 -7.92999554
v -106.831772 99.6578445 -7.85927057
v -112.562408 98.9091034 -9.0700798
v -112.040619 100.440147 -7.87571907
v -113.03476 97.1563644 -9.62167358
v -10.2942286 57.4787102 -14.7578449
v -10.3392124 59.2975769 -14.8254919
v -5.20317173 59.4012375 -14.850069
v -5.22307348 58.1165543 -14.8001461
v -14.6848011 57.6950722 -13.0506926
v -14.9724951 59.8377228 -13.3721094
v -18.3869934 57.7361031 -12.075839
v -18.8168583 59.9824867 -11.6406717
v -10.2566147 56.1730309 -14.6969481
v -14.574152 55.9134026 -13.1559649
v -10.2397852 55.0368233 -14.6679468
v -14.579587 54.2651176 -13.4378767
v -18.2949562 55.9746857 -12.722374
v -18.2791367 54.3914757 -12.9216805
v -5.23421717 57.2769279 -14.8344889
v -5.24247599 56.541172 -14.8532753
v -22.4697056 56.2321434 -7.50109768
v -23.051321 57.8415985 -7.33017206
v -21.5053577 59.2167549 -9.94911098
v -21.1058407 57.1875954 -10.6279554
v -23.2294216 55.3992882 -3.91536975
v -23.8655548 56.5368423 -3.89214993
v -23.5428047 55.4073105 -0.516920388
v -24.2052841 56.197422 -0.356447548
v -22.1573238 55.2046318 -7.4577446
v -22.8772812 54.6605644 -4.00554371
v -22.0236664 54.3489037 -7.64572763
v -22.6121998 53.9480286 -4.57518768
v -23.1187744 54.7452965 -0.658458948
v -22.421627 53.9886246 -1.09750128
v -20.8609371 55.7462158 -10.7235384
v -20.7347603 54.5548782 -10.6628723
v -95.0307159 78.0388031 21.9057045
v -92.7343597 77.6233215 21.4794273
v -92.6269455 79.1865082 21.9678802
v -94.6551743 79.6476059 22.2189026
v -90.7393951 78.2347488 20.0861721
v -90.8263168 79.5679779 20.7049427
v -92.351532 81.0125961 21.4553814
v -94.1345215 81.4460373 21.5234814
v -91.0332718 80.7592087 20.937664
v -95.032753 77.4464188 20.3126678
v -92.9557037 77.0583344 19.9944363
v -91.1145859 77.7938538 18.9664841
v -97.0211945 79.2090302 21.4206352
v -96.8017807 78.6067352 19.996582
v -98.3142395 80.9411469 20.0689259
v -97.9986191 80.2103577 18.9213123
v -96.4463348 80.5773239 21.776104
v -95.7792206 82.1331177 21.1799526
v -97.6728897 81.9894257 20.5917339
v -96.8381195 82.7805099 20.5163155
v -98.7800369 85.0494537 15.4466829
v -98.6882477 87.1319656 12.7093849
v -98.690834 85.7234879 11.5384216
v -98.6440277 83.7372971 14.3564844
v -98.0829315 86.1493988 16.5252914
v -97.9055405 88.3211746 13.7776499
v -96.6691742 86.806427 17.5494518
v -96.425972 89.4427109 15.0756283
v -98.7623215 82.945488 18.0138645
v -98.1360855 83.9577637 18.9029503
v -96.8759537 84.4914551 19.525013
v -98.4934311 81.9596252 16.9688053
v -92.4365005 86.3222656 18.7505741
v -91.3935242 89.1185989 16.7000351
v -94.0755615 89.682312 16.2520943
v -94.6659775 86.6920013 18.212101
v -90.2804413 85.5037918 18.6460323
v -88.7520218 88.5304642 16.9042206
v -88.1969528 84.7371902 20.231287
v -86.3126068 87.4630127 17.3788776
v -93.3890686 83.602829 20.2180786
v -91.5423965 82.9697189 20.0232182
v -89.9135437 82.2588196 20.6816025
v -95.2512741 84.2951508 20.1727333
v -87.4435425 80.8663177 16.4020061
v -85.4503937 82.4347992 14.296813
v -85.0478516 84.4391327 17.0207005
v -87.129425 82.383667 19.0771999
v -87.9002686 79.2537003 14.8413858
v -86.1620712 80.5464325 12.3014002
v -88.861145 78.9593201 18.6817513
v -89.3844833 77.9986496 17.2295914
v -89.1617737 80.6309814 19.6542892
v -23.7903252 56.0431252 4.51023674
v -24.229763 56.8526917 5.46188927
v -24.3708458 56.4324532 2.80194664
v -23.7175026 55.7434692 2.44628835
v -23.3824215 55.7605553 5.30598164
v -23.7363605 56.7335854 7.59494495
v -22.4837265 55.4517479 5.85589457
v -22.5296669 56.3127937 8.84183407
v -23.19911 55.286232 2.51229644
v -22.442543 54.8222389 2.72867227
v -21.4013309 52.6162109 -8.84989071
v -21.8545246 53.421257 -8.26732445
v -20.5897579 53.3897781 -10.6377668
v -20.3912277 52.194149 -10.4844666
v -18.2104912 52.8470154 -12.7248411
v -18.1199875 51.2983818 -12.3995333
v -21.5421238 51.8888321 -7.78582239
v -22.2607555 53.0049133 -5.97830963
v -20.9095592 51.6005707 -6.2857852
v -21.8535614 52.4914207 -3.8666234
v -20.1733837 50.9841499 -9.76998901
v -17.852623 49.9675522 -11.5234718
v -19.5975914 50.1464386 -8.39826012
v -17.4406052 48.5243187 -10.2842979
v -10.1471386 51.8007584 -14.3203249
v -10.2206125 53.5417023 -14.6301451
v -5.24376011 55.5199242 -14.7829323
v -5.21529627 53.846138 -14.3270006
v -14.5367203 50.7586594 -13.4019823
v -14.5815239 52.525135 -13.5182867
v -9.98566628 49.9289017 -13.5995474
v -14.3860703 48.9788361 -12.9374514
v -9.69187641 48.2667084 -12.4590998
v -14.0084085 47.5842819 -11.7365494
v -5.13528252 51.6080589 -13.7088318
v -4.96395254 49.4488029 -12.7302189
v -13.8973093 55.8040733 13.0924397
v -17.1163654 56.0738144 12.1997566
v -19.6701813 56.0808716 10.7282391
v -10.5489264 55.803112 13.5360584
v -7.51996946 56.4566193 12.8541403
v -19.8133678 51.9289017 -5.04359722
v -18.4941273 50.6400108 -7.09552002
v -16.4356556 48.8509407 -8.59558582
v -20.5916615 52.9057922 -2.58536983
v -20.9933014 53.9812775 0.0392117351
v -3.22387552 57.310421 9.59440613
v -5.12392426 57.0508232 11.2354116
v -1.5407263 57.3040085 8.63598347
v 0.0995368361 57.226017 8.31446457
v -21.1133842 54.8094063 5.81807041
v -21.1447334 54.763813 2.90698624
v -20.7889652 55.5279427 8.47004223
v -9.24252224 46.9212112 -10.7134686
v -4.70754957 47.98983 -11.0035954
v -13.3318615 47.2234268 -9.82032013
v 13.3720417 55.508358 10.1203947
v 15.8556595 55.6077347 9.62926579
v 17.7626686 55.6902771 8.61710739
v 10.6604385 55.1314354 10.2012234
v 7.97038555 55.6905708 9.5310297
v 8.85707188 56.0762939 6.93760347
v 11.1844664 55.6814728 7.05849314
v 2.28289843 53.9665947 3.9634819
v 3.7445097 55.5155525 3.87521696
v 6.21580791 55.405632 6.53940916
v 0.775318325 53.3888359 3.66474652
v 13.0606213 55.6613884 6.76401138
v 14.4808321 55.8167191 6.0794282
v 4.95062399 55.0097237 3.69792533
v 5.80574417 54.7479401 3.25298429
v 18.2001972 52.2906609 -3.88599205
v 17.0610085 51.4033165 -5.91850519
v 15.1604118 49.4819908 -7.03390789
v 18.758213 53.3233528 -1.82833076
v 19.1156635 55.0765457 0.10041786
v 14.5808954 54.1589432 -1.80071771
v 14.294384 53.2400627 -3.3541255
v 6.36213732 54.0747643 -1.47815645
v 5.99181509 53.4598579 -2.51013803
v 14.76896 54.8085289 -0.0630338863
v 6.49958134 54.1471214 -0.301677018
v 13.5547609 51.8093834 -4.52313995
v 11.9113073 49.3687553 -4.47359657
v 5.14222336 52.0566711 -2.98882461
v 3.69063544 50.7301292 -3.48405647
v 3.30683446 55.1549225 7.95643711
v 5.53870344 55.7055435 8.53436279
v 1.50960767 55.2148705 7.24104452
v -0.158849835 55.1045227 7.05914259
v 0.406217843 53.5061684 5.11144161
v 1.66793203 53.5158081 5.60344887
v -1.05201377e-11 52.0985489 2.75945401
v -1.08293209e-11 52.2198982 3.06692457
v -0.120183207 53.565567 4.81678057
v 0.0268424563 52.4520187 2.8981111
v 3.91173172 53.4773636 6.20339966
v 0.127477825 52.7349052 3.34149361
v 19.2231903 55.3157196 4.99033833
v 19.2523212 55.1896324 2.66412973
v 18.8222618 55.3970909 7.03611135
v 15.2246723 55.9129486 4.92118979
v 15.3257027 56.2088699 3.36359859
v 6.32174873 54.7339325 2.54530001
v 6.55360174 54.7486305 1.66732574
v 15.065486 55.7967453 1.59539175
v 6.58065414 54.5957336 0.684923053
v 8.35225677 46.2833519 -8.39904785
v 4.00039291 47.2140923 -8.7707386
v -9.61590399e-13 48.5516701 -8.8292942
v 12.3134928 47.0534286 -7.58078194
v 9.22939491 47.8178864 -5.283916
v 5.57019806 46.7577553 -5.89877987
v 1.72721779 49.3145027 -3.91270137
v 0.281100541 48.0630875 -4.07774258
v 1.80087137 46.8261528 -6.39262104
v -2.7198171e-13 47.8579063 -6.49872732
v -0.0571802966 47.2248535 -4.22702265
v -3.04811867e-13 47.6236229 -4.68119431
v -13.3720417 55.508358 10.1203947
v -15.8556595 55.6077347 9.62926579
v -17.7626686 55.6902771 8.61710739
v -10.6604385 55.1314354 10.2012243
v -7.97038555 55.6905708 9.5310297
v -11.1844664 55.6814728 7.05849314
v -8.85707188 56.0762939 6.93760347
v -3.7445097 55.5155525 3.87521696
v -2.28289843 53.9665947 3.9634819
v -6.21580791 55.405632 6.53940916
v -0.775318325 53.3888359 3.66474676
v -13.0606213 55.6613884 6.76401138
v -14.4808321 55.8167191 6.0794282
v -4.95062399 55.0097237 3.69792533
v -5.80574417 54.7479401 3.25298476
v -18.2001972 52.2906609 -3.88599205
v -17.0610085 51.4033165 -5.91850519
v -15.1604118 49.4819908 -7.03390789
v -18.758213 53.3233528 -1.82833076
v -19.1156635 55.0765457 0.10041786
v -14.294384 53.2400627 -3.3541255
v -14.5808954 54.1589432 -1.80071771
v -5.99181509 53.4598579 -2.51013803
v -6.36213732 54.0747643 -1.47815645
v -14.76896 54.8085289 -0.0630338863
v -6.49958134 54.1471214 -0.301677018
v -13.5547609 51.8093834 -4.52313995
v -11.9113073 49.3687553 -4.47359657
v -5.14222336 52.0566711 -2.98882461
v -3.69063544 50.7301292 -3.48405647
v -3.30683446 55.1549225 7.95643759
v -5.53870344 55.7055435 8.53436375
v -1.50960767 55.2148705 7.24104452
v 0.158849835 55.1045227 7.05914259
v -1.66793203 53.5158081 5.60344934
v -0.406217903 53.5061684 5.11144161
v 0.120183207 53.565567 4.81678057
v -0.0268424563 52.4520187 2.8981111
v -3.91173172 53.4773636 6.20339966
v -0.127477825 52.7349052 3.34149361
v -19.2231903 55.3157196 4.99033833
v -19.2523212 55.1896324 2.66412973
v -18.8222618 55.3970909 7.03611135
v -15.3257027 56.2088699 3.36359859
v -15.2246723 55.9129486 4.92118979
v -6.55360174 54.7486305 1.66732574
v -6.32174873 54.7339325 2.54530025
v -15.065486 55.7967453 1.59539175
v -6.58065414 54.5957336 0.684923053
v -8.35225677 46.2833519 -8.39904785
v -4.00039291 47.2140923 -8.7707386
v -12.3134928 47.0534286 -7.58078194
v -5.57019806 46.7577553 -5.89877987
v -9.22939491 47.8178864 -5.283916
v -0.281100541 48.0630875 -4.07774258
v -1.72721779 49.3145027 -3.91270137
v -1.80087137 46.8261528 -6.39262104
v 0.0571802966 47.2248535 -4.22702265
v 0.771648824 91.9159851 16.5030041
v -0.0182181317 95.4775391 17.4712982
v 0.0101393014 95.3264389 14.7531252
v -17.1495647 59.9533768 -3.23355243e-06
v -15.8230209 56.4013748 -4.83288841e-06
v -14.1752005 56.325943 3.28386712
v -15.5926332 59.8627701 3.72385478
v -12.3631687 56.2764549 4.87022352
v -13.5278635 59.7932816 5.90621471
v -14.3639841 52.9806747 0.0487219095
v -12.7567568 52.9436722 2.86992908
v -11.3031712 52.9365311 3.94438958
v -16.7312298 63.6593933 4.08515835
v -17.9803772 63.7354012 -3.1237123e-06
v -17.2481689 67.7560806 4.26542807
v -17.9697819 67.7752228 -2.32986167e-06
v -14.5969696 63.5888481 6.89173555
v -15.279355 67.7157364 7.59068775
v -17.799448 63.7802238 -4.4066987
v -17.4543762 60.0291901 -4.28422976
v -16.0679798 63.7863274 -8.10866928
v -16.192915 60.075985 -8.11060238
v -17.3901157 67.7752228 -4.30815983
v -15.6511011 67.7752228 -7.89829254
v -16.4778137 56.4684067 -3.96705532
v -16.31287 53.0761261 -3.81559443
v -16.1978054 56.5731888 -8.0418005
v -16.1774006 53.1748276 -7.93922567
v 9.40472412 60.0960808 -11.6494484
v 9.5344429 56.60495 -11.8101292
v 4.92100239 56.60495 -12.1911001
v 4.85405111 60.0960846 -12.0252371
v -1.42326966e-11 56.60495 -12.1911001
v -2.11588472e-11 60.0960846 -12.0252371
v 9.62137699 53.2133713 -11.9178114
v 4.96587133 53.2133713 -12.3022566
v -2.58129802e-08 53.2133713 -12.3022594
v 4.76088285 63.7863197 -11.7944269
v 9.22421074 63.7863235 -11.4258518
v 4.63736343 67.7752228 -11.4884262
v 8.98489189 67.7752228 -11.1294127
v -2.85694038e-11 63.7863197 -11.7944269
v -7.79516063e-10 67.7752228 -11.4884262
v 13.0924273 63.7863274 -10.3201237
v 13.3486395 60.0960922 -10.5220842
v 16.0679817 63.7863274 -8.10866928
v 16.192915 60.075985 -8.11060238
v 12.7527504 67.7752228 -10.052372
v 15.651103 67.7752228 -7.89829254
v 13.5327568 56.6049576 -10.6672134
v 13.6262512 53.2120514 -10.7092867
v 16.1978054 56.5731888 -8.0418005
v 15.9976034 53.1856003 -7.87086439
v 17.1495647 59.9533768 -3.23355243e-06
v 15.8230209 56.4013748 -4.83288841e-06
v 16.4154797 56.4811172 -3.96982503
v 17.4543743 60.0291901 -4.28422976
v 14.153801 53.0435867 -0.057503581
v 15.8518219 53.141243 -3.90076494
v 17.799448 63.7802238 -4.4066987
v 17.9803772 63.7354012 -3.1237123e-06
v 17.3901138 67.7752228 -4.30815983
v 17.9697838 67.7752228 -3.05587218e-06
v 16.7312336 63.6593933 4.08515787
v 15.5926342 59.8627701 3.72385478
v 14.5969706 63.5888481 6.89173651
v 13.5278654 59.7932816 5.90621376
v 17.2481728 67.7560806 4.26542759
v 15.279357 67.7157364 7.59068727
v 14.1752005 56.325943 3.28386664
v 12.6727324 52.9833527 2.79672909
v 12.3631706 56.2764549 4.87022257
v 11.29881 52.9384689 3.94116545
v -9.0533638 59.9916649 9.75898647
v -8.89063644 56.4534798 8.30138683
v -4.81397486 56.5603714 9.58031654
v -4.80466652 60.0912323 10.800395
v 1.04517417e-09 56.5413208 8.22011089
v -2.56499492e-11 60.0734711 9.68623924
v -8.66758633 53.0612259 6.69548607
v -4.79351091 53.1113281 8.11409569
v -1.63051695e-07 53.1036606 6.70990944
v -4.74825144 63.7992897 11.4667711
v -9.10906696 63.7469559 10.8176355
v -4.62979889 67.7682571 11.2972116
v -8.9759798 67.7745209 11.0899925
v -8.30154878e-09 63.7798615 10.8428564
v -1.77534787e-08 67.7655563 11.192318
v -12.5432339 63.6762886 9.20924854
v -12.0919828 59.8971443 7.98069906
v -12.6782923 67.7574387 9.90171719
v -11.4884434 56.3688736 6.53322077
v -10.8596325 53.0024033 5.10895014
v -11.5069704 26.4871521 -0.105333172
v -11.3286066 26.2078724 -2.84142208
v -9.7141571 26.0600834 -2.43997049
v -9.96669197 26.185154 -0.0238493495
v -8.0842123 26.0212326 -2.040025
v -8.3260088 26.0907841 -0.0078909006
v -10.2024193 26.1433487 -5.18117189
v -8.7647295 25.9288807 -4.48514938
v -7.29724026 25.9181252 -3.75781846
v -9.53854084 26.3427925 2.18858075
v -10.8537416 26.9779434 2.29092312
v -8.39491749 26.8573189 3.66602278
v -9.57857132 27.6732349 3.9631443
v -8.01825523 26.1615582 1.92299306
v -7.12864399 26.3915043 3.34900856
v -12.029335 28.0372238 2.44590354
v -12.9691782 27.1584377 -0.221078202
v -13.0928659 29.4333649 2.79421306
v -14.331418 28.483839 -0.237137765
v -10.6201687 28.7576523 4.34929085
v -11.4749393 30.0470352 4.84209394
v -12.863512 26.762846 -3.23044538
v -11.6032162 26.7280197 -5.86663771
v -14.3544226 27.9176044 -3.62506342
v -12.979414 27.8610573 -6.55519056
v -5.88434076 25.9162731 -7.43429995
v -3.06140566 25.733036 -7.79392767
v -2.61662436 25.6537628 -6.66493511
v -5.05213308 25.7630844 -6.3867135
v -2.17305231 25.7083015 -5.56339598
v -4.20917845 25.759016 -5.35794687
v -0.00649973005 25.6744537 -7.84630203
v -0.000757943082 25.604229 -6.70594597
v 0.00225092913 25.7030659 -5.57197666
v -7.14683151 25.8529358 -5.72571325
v -8.29802704 26.0932884 -6.61815262
v -5.96013403 25.8354263 -4.80554867
v -9.41725349 26.7184505 -7.48863029
v -6.68274879 26.4870224 -8.44116688
v -10.5327663 27.8284626 -8.38611031
v -7.49183369 27.5244064 -9.48355198
v -3.50062728 26.1851692 -8.90784836
v -0.0184348878 26.1078033 -8.98192596
v -3.95463538 27.0811691 -10.0748262
v -0.0414760821 26.9449158 -10.2061729
v 10.2235327 28.0005398 -0.491207182
v 9.5337429 28.4558887 1.60473526
v 8.84873199 27.0873013 1.77229571
v 9.45370293 26.7307186 -0.211269006
v 7.82556677 26.3670864 1.78033173
v 8.21048546 26.2081394 -0.0530538447
v 8.67349815 28.5069466 3.56691957
v 7.90358162 27.2606087 3.45247388
v 6.95529938 26.5262051 3.25649667
v 9.46418762 26.3625793 -2.40466237
v 10.7264042 26.9927444 -2.83777404
v 8.67691517 26.0518875 -4.44322586
v 10.0331068 26.4061489 -5.11946392
v 8.02048206 26.0988979 -2.01502419
v 7.25999022 25.9484348 -3.75486016
v 11.8996258 28.0533829 -3.27004361
v 11.3084631 29.2128906 -0.688959539
v 13.3337955 29.3091946 -3.61682487
v 12.9806719 30.3414707 -0.584010541
v 11.3540354 27.1211262 -5.78691292
v 12.6673775 28.3183918 -6.43638325
v 10.5047159 29.8064671 1.66469586
v 9.54916763 29.8031864 3.86124134
v 11.7726145 31.0631828 2.06814027
v 10.5141888 31.0422211 4.33351326
v 5.45002747 27.2774677 6.46847868
v 2.8766315 27.3235168 6.89959717
v 2.49567223 26.8858376 6.17741013
v 4.80384398 26.6792965 5.83586645
v 2.10542536 26.6367626 5.24487877
v 4.05296564 26.4648838 4.96762896
v 0.00621513929 27.922308 6.72094584
v 0.00272048637 27.3841877 6.19561863
v 0.000471611595 26.9846363 5.28385878
v 6.64529037 26.8838196 4.89562416
v 7.36063862 27.8627586 5.20333147
v 5.71540546 26.4320393 4.34399605
v 8.11415577 29.064743 5.61112785
v 6.0917778 28.2159576 6.98728132
v 9.10255814 30.2337494 6.32308435
v 6.78984642 29.4447403 7.45506096
v 3.2632153 28.0484943 7.37631273
v 0.00744685763 28.5915031 6.8621707
v 3.64639235 29.2592964 7.55431747
v 0.00413758028 29.6523094 6.75069189
v -7.95230722 33.8951569 7.3363409
v -7.43022776 31.6014366 7.3435812
v -3.97213554 31.3853245 7.22952938
v -4.23329973 34.0683327 6.61239767
v -1.38606254e-07 31.6100388 6.29187059
v -9.32556574e-08 34.3070831 5.4885993
v -6.74137926 30.0341606 6.80445385
v -3.59757519 29.5801373 7.2071085
v -4.40781832 37.2136955 5.5978651
v -8.14267159 37.0974922 6.39961529
v -4.5260663 40.4293976 4.58543825
v -8.39865303 40.2558479 6.3386364
v -1.38597968e-13 37.3663254 4.54288435
v 1.30913556e-08 40.4991798 3.79712462
v -10.8095732 37.1614151 6.07459974
v -10.8881502 33.9082718 7.04623032
v -11.5991936 37.5076561 4.53112078
v -12.1484938 34.2513542 5.24777651
v -10.521287 40.4737167 4.89255047
v -10.92206 40.7276993 3.78000236
v -10.368022 31.7087746 6.88494778
v -9.54390049 30.1773624 6.11032677
v -12.1108837 31.6887608 5.37202024
v -8.49191761 46.5692062 5.56144094
v -8.50308418 43.4075089 6.02967262
v -4.61811256 43.4880028 4.48065662
v -4.68311071 46.5765991 4.97921515
v -1.56450136e-14 43.5313263 3.59507346
v -2.56209091e-07 46.5906487 4.13930464
v -4.74947166 49.7725639 6.48135567
v -8.60203362 49.7682228 6.12171745
v -4.42059132e-07 49.7639275 5.27919483
v -10.3316202 49.7367363 3.92871857
v -10.1974058 46.6296387 3.59424949
v -10.5521717 49.71175 3.29056382
v -10.2588949 46.6775513 3.04213619
v -10.199316 43.5993767 3.84694195
v -10.3979206 43.7380981 3.22408652
v 15.8158808 33.5989342 0.168124005
v 14.83601 31.6443157 -0.151699215
v 15.0827427 30.7791061 -3.76602173
v 16.3773232 33.1667557 -3.65778494
v 13.9140444 30.3144093 -7.03985643
v 14.8316336 33.1375732 -7.40226364
v 16.6140881 36.4712601 -3.42041993
v 15.9426498 36.6957016 0.449885935
v 15.6936426 40.1027222 -3.68996859
v 13.7661133 40.4503059 -0.00486722915
v 15.6076555 36.3573303 -7.68575668
v 15.973443 39.7897415 -7.75326777
v 13.5297556 37.2517242 3.19712043
v 14.0218878 34.0641251 3.33920693
v 11.623538 37.5007362 4.54381752
v 12.1413813 34.2947121 5.22832441
v 12.2027292 40.6173706 2.67796922
v 10.907876 40.7228889 3.7695446
v 13.2013493 32.3129768 2.81516623
v 11.5666208 32.2960281 5.01470041
v 12.8526917 46.6276932 -0.264993399
v 13.2983198 43.502655 -0.185618177
v 15.2511168 43.3271751 -3.72321987
v 14.6034222 46.5595551 -3.71546149
v 15.7404041 43.1669121 -7.59218407
v 15.2749472 46.4885139 -7.34183455
v 15.1833334 49.8446541 -3.85618162
v 13.447588 49.8130608 -0.212138176
v 15.5720072 49.8381462 -7.61134148
v 11.366045 49.7507286 2.36178041
v 10.9280701 46.6770172 2.18154526
v 10.4710579 49.7328224 3.237427
v 10.0567503 46.6841545 2.91822696
v 11.1771097 43.6880875 2.3122077
v 10.3053207 43.7206459 3.16403842
v 8.67262936 32.3264046 -11.1399832
v 8.09023762 29.5389462 -10.4353571
v 4.22569227 28.8318691 -11.2297955
v 4.5741148 31.2956009 -12.1783676
v -0.0640081093 28.3265839 -11.5518446
v -0.05777077 30.5073967 -12.6988287
v 7.38795376 27.6633873 -9.4429245
v 3.83565569 27.2479534 -10.014183
v 4.71946239 35.5575104 -12.0222654
v 9.06122494 36.0579262 -11.3693419
v 4.83467531 39.6260719 -11.9860601
v 9.39046478 39.6314049 -11.7380466
v -0.0958836973 34.7848892 -12.5689669
v -0.0134913605 39.5317116 -12.0539284
v 12.957015 36.1886749 -10.348278
v 12.207778 32.9193459 -9.74575043
v 13.4742651 39.6252251 -10.7205477
v 11.3726044 30.0574951 -9.11673927
v 10.4292002 27.9604568 -8.3619976
v 9.67107677 46.4296227 -11.9976368
v 9.58729172 43.0349274 -11.9324589
v 4.93933535 43.0386467 -12.2365217
v 4.98840332 46.4302292 -12.358077
v 6.07449291e-12 43.0386467 -12.2365217
v 2.91496081e-12 46.4302292 -12.358077
v 4.99279356 49.821804 -12.3689566
v 9.67353725 49.821804 -11.9824247
v -2.0759193e-12 49.821804 -12.3689566
v 13.6025925 49.8241272 -10.5981169
v 13.5103455 46.4418678 -10.4097242
v 13.6519537 43.0540085 -10.7217875
v -15.382884 33.6335716 0.00193151599
v -15.2870045 30.6249943 -0.124846824
v -13.8341608 31.362669 3.20701933
v -13.9318085 34.0225906 3.32282758
v -13.2396669 37.338295 3.05629873
v -14.7890844 37.0574074 0.00168121059
v -12.3075609 40.6535034 2.76757884
v -13.8771734 40.4728737 0.0570302308
v -15.4756117 36.7568016 -3.71755791
v -16.3214722 32.6874199 -4.04555321
v -15.2696257 36.3159218 -7.56446362
v -15.250864 32.3639908 -7.62286186
v -15.7811127 40.0849113 -3.67464471
v -15.6714897 39.7859688 -7.66145372
v -15.7516899 29.7481365 -3.97652817
v -14.3782425 29.6070099 -7.27836514
v -13.5402775 46.6063538 0.231439412
v -13.8597479 43.5663261 0.183454275
v -11.3478317 43.7260246 2.48625588
v -11.190834 46.6676636 2.46777892
v -11.5261087 49.7026291 2.52546024
v -14.0489111 49.6969109 0.17976369
v -16.1067123 49.7273979 -3.61101723
v -15.6549044 46.527359 -3.40136528
v -16.187006 49.7768478 -7.80355263
v -15.9304571 46.4649048 -7.5269146
v -15.8918133 43.3430367 -3.55400348
v -15.9812479 43.1506882 -7.68799543
v 8.49162197 46.5692825 5.5607276
v 8.50308514 43.4075089 6.0296731
v 10.1507845 43.5910683 3.82014298
v 10.0435276 46.6336174 3.52594066
v 8.39865398 40.2558479 6.3386364
v 10.521287 40.4737167 4.89255142
v 10.2916021 49.7460327 3.90705895
v 8.60203457 49.7682228 6.12171745
v 10.8596354 53.0024033 5.10895014
v 8.66758633 53.0612259 6.69548607
v 4.74947166 49.7725639 6.48135424
v 4.68311071 46.5765991 4.97921515
v 4.79351091 53.1113281 8.11409569
v 4.61811256 43.4880028 4.48065662
v 4.5260663 40.4293976 4.58543825
v 7.9532218 33.892231 7.33933067
v 7.52481461 31.2016678 7.76401186
v 10.2175932 31.6510181 7.05382681
v 10.8824358 33.8988113 7.05931091
v 10.8096209 37.1614037 6.07462645
v 8.14267159 37.0974922 6.39961529
v 4.40781832 37.2136955 5.5978651
v 4.23329973 34.0683327 6.61239767
v 3.9926362 31.2877636 7.3339529
v -5.43800783 27.8074284 5.88381815
v -7.69351196 27.9270153 4.97002077
v -6.76315451 27.0467892 4.67721415
v -4.80575323 26.972374 5.51255226
v -5.77155399 26.5110931 4.24601555
v -4.0804081 26.5647507 4.85104895
v -2.50687742 27.0285664 6.01459408
v -2.86244488 27.633709 6.55541182
v -2.11748528 26.6874695 5.1849432
v -3.22116089 28.4456329 6.94176197
v -6.07642555 28.8366222 6.29432201
v -8.63587379 28.9655075 5.42862558
v 9.0533638 59.9916649 9.75898647
v 8.8906374 56.4534798 8.30138588
v 11.4884434 56.3688736 6.53322029
v 12.0919819 59.8971443 7.98069906
v 12.5432339 63.6762886 9.2092495
v 9.10906696 63.7469559 10.8176355
v 12.6782942 67.7574387 9.90171623
v 8.9759798 67.7745209 11.0899925
v 4.74825144 63.7992897 11.4667702
v 4.80466652 60.0912323 10.800395
v 4.62979889 67.7682571 11.2972116
v 4.81397486 56.5603714 9.58031654
v -9.66503143 46.4302292 -11.9718866
v -9.5699625 43.0386429 -11.8541288
v -13.5418806 43.0505753 -10.5946865
v -13.6433754 46.4349976 -10.5934153
v -9.39039612 39.5560837 -11.6660728
v -13.2664146 39.6484909 -10.4249525
v -13.7001858 49.8165512 -10.7340479
v -9.67353725 49.821804 -11.9824247
v -13.6469326 53.2118988 -10.7413683
v -9.62137699 53.2133713 -11.9178114
v -4.99279356 49.821804 -12.3689566
v -4.98840332 46.4302292 -12.358077
v -4.96587133 53.2133713 -12.3022566
v -4.93945551 43.0382729 -12.2368069
v -4.88434601 39.4385986 -12.1263676
v -9.10027218 31.3875809 -11.6379557
v -8.35013199 29.0903931 -10.6337051
v -11.6669493 29.5414715 -9.34855175
v -12.5510445 32.14608 -10.0930519
v -12.9254265 35.9461975 -10.2648144
v -9.30991077 35.3413887 -11.7892408
v -4.95883131 34.7475853 -12.5980511
v -4.82176304 30.7419968 -12.4729528
v -4.43521261 28.5186195 -11.355938
v 5.84730577 25.9590263 -7.42768478
v 8.26686954 26.1312675 -6.6170826
v 7.11436319 25.8787022 -5.72922421
v 5.02513742 25.7898426 -6.38617039
v 5.93498898 25.8404789 -4.82097006
v 4.19277334 25.7629185 -5.37116671
v 2.6036973 25.6825123 -6.65724373
v 3.03124928 25.7844505 -7.77742147
v 2.17105722 25.7134857 -5.56876373
v 3.44128823 26.2711029 -8.87920952
v 6.63798141 26.5272865 -8.44336224
v 9.37968445 26.753685 -7.50152302
v -9.40472412 60.0960808 -11.6494484
v -9.5344429 56.60495 -11.8101292
v -13.5327568 56.6049576 -10.6672115
v -13.3486395 60.0960922 -10.5220842
v -13.0924273 63.7863274 -10.3201237
v -9.22421074 63.7863235 -11.4258518
v -12.7527494 67.7752228 -10.052372
v -8.98489094 67.7752228 -11.1294107
v -4.76088285 63.7863197 -11.7944269
v -4.85405111 60.0960846 -12.0252371
v -4.63736343 67.7752228 -11.4884243
v -4.92100239 56.60495 -12.1911001
v 8.32251358 76.848114 -10.3089333
v 11.8126011 76.848114 -9.31129646
v 12.3182392 72.1623383 -9.70986652
v 8.67875862 72.1623383 -10.7502069
v 14.4972849 76.848114 -7.3160181
v 15.117837 72.1623383 -7.62918043
v 4.47935915 72.1623383 -11.0969877
v 4.29549122 76.848114 -10.6414795
v 6.41614832e-08 72.1623383 -11.0969877
v 1.75683269e-07 76.848114 -10.6414804
v 4.09438086 81.7329941 -10.1432524
v 7.9328618 81.7330017 -9.82627487
v 3.88464856 86.7174301 -9.62366962
v 7.52650642 86.7174301 -9.32292843
v 3.57203447e-07 81.7329941 -10.1432524
v 6.28123814e-07 86.7174301 -9.62366962
v 11.2595463 81.7330017 -8.87534523
v 13.8185339 81.7330017 -6.97348547
v 10.6827822 86.7174301 -8.42071152
v 13.1106882 86.7174301 -6.61627197
v 16.6450291 76.8481064 -1.77970833e-07
v 16.1080933 76.8481064 3.99055409
v 16.7975998 72.1623306 4.16136837
v 17.3575191 72.1623306 -1.59259253e-06
v 14.4972839 76.8481064 7.3160162
v 15.1178379 72.1623306 7.62917709
v 16.7975998 72.1623383 -4.16137171
v 16.1080914 76.8481064 -3.99055457
v 15.3539276 81.7329865 -3.80371952
v 15.8657265 81.7329941 1.20421009e-06
v 14.5674324 86.7174225 -3.60887432
v 15.0530128 86.7174225 3.29618615e-06
v 15.3539276 81.7329941 3.8037219
v 13.8185349 81.7329941 6.97348785
v 14.5674324 86.7174225 3.60887957
v 13.1106882 86.7174225 6.61627626
v 8.32251358 76.8481064 10.3089323
v 4.29529285 76.8476257 10.6366749
v 4.47402906 72.1500931 10.9676971
v 8.67724228 72.1615219 10.742135
v 5.31203597e-08 76.8445435 10.6056213
v 1.53998181e-09 72.1438065 10.8980074
v 12.3182392 72.1623306 9.70986176
v 11.8126011 76.8481064 9.3112936
v 11.2595463 81.7329865 8.87534809
v 7.93286228 81.7329941 9.82627773
v 10.6827822 86.7174225 8.42071533
v 7.52650547 86.7174225 9.32293415
v 4.09438086 81.7329941 10.1432562
v 1.80100429e-07 81.7329941 10.1432562
v 3.88464832 86.7174225 9.62367439
v 3.50238736e-07 86.7174225 9.62367535
v -8.32251263 76.848114 -10.3089314
v -4.29549026 76.848114 -10.6414795
v -4.47935915 72.1623383 -11.0969877
v -8.67875862 72.1623383 -10.7502069
v -12.3182383 72.1623383 -9.70986652
v -11.8125992 76.848114 -9.31129456
v -15.117837 72.1623383 -7.62918043
v -14.4972839 76.848114 -7.3160162
v -11.2595434 81.7329941 -8.87534237
v -7.93286085 81.7330017 -9.82627392
v -10.6827793 86.7174301 -8.42070866
v -7.52650356 86.7174301 -9.32292747
v -13.818532 81.7329941 -6.97348261
v -13.1106853 86.7174301 -6.61626768
v -4.09437943 81.7330017 -10.1432524
v -3.88464713 86.7174301 -9.62366962
v -16.6450272 76.8481064 1.27404928e-06
v -16.1080914 76.848114 -3.99055314
v -16.7975979 72.1623383 -4.16137028
v -17.3575172 72.1623306 -8.66582013e-07
v -16.7975979 72.1623306 4.16136885
v -16.1080894 76.8481064 3.99055576
v -15.117837 72.1623306 7.62917757
v -14.497282 76.8481064 7.31601858
v -15.3539238 81.7329865 3.80372477
v -15.8657236 81.7329941 4.83426174e-06
v -14.5674295 86.7174225 3.60888314
v -15.05301 86.7174225 6.9262378e-06
v -13.818532 81.7329865 6.97349072
v -13.1106853 86.7174225 6.61627913
v -15.3539238 81.7330017 -3.80371666
v -14.5674295 86.7174301 -3.60887074
v -8.32251263 76.8481064 10.3089333
v -11.8125992 76.8481064 9.31129551
v -12.3182383 72.1623306 9.70986271
v -8.67724228 72.1615219 10.742136
v -4.47402906 72.1500931 10.9676981
v -4.29529238 76.8476257 10.6366768
v -4.09437943 81.7329865 10.1432571
v -7.93286037 81.7329941 9.82628059
v -3.88464713 86.7174225 9.6236763
v -7.52650404 86.7174225 9.32293606
v -11.2595434 81.7329941 8.87535095
v -10.6827793 86.7174225 8.42071819
v -5.33522511 35.1901245 -5.62016916
v -5.01556349 31.9993591 -5.41863441
v -2.26878232e-08 31.9993591 -5.74667168
v 2.26878228e-07 35.2438889 -5.96295357
v -4.8191638 28.8085918 -5.62016821
v -1.36126943e-07 28.7548256 -5.96295261
v 5.01556349 31.9993591 -5.41863441
v 5.33522511 35.1901245 -5.62017012
v 4.8191638 28.8085918 -5.62016869
v -10.2084093 37.4542503 -5.06370306
v -9.48633099 35.0288277 -4.59181643
v -5.74429941 37.7446785 -6.22477293
v -8.92181015 31.9993591 -4.4345212
v -8.57533455 28.9698868 -4.59181547
v -8.5073967 26.544466 -5.06370115
v -4.7798748 26.254034 -6.22477102
v -9.07512927e-08 26.1572247 -6.61179495
v 4.77987385 26.254034 -6.22477198
v 8.5073967 26.544466 -5.06370115
v 8.5753355 28.9698868 -4.59181595
v 8.92181015 31.9993591 -4.4345212
v 9.48633099 35.0288277 -4.5918169
v 5.74429941 37.7446785 -6.22477388
v 10.2084093 37.4542503 -5.06370306
v 1.24783028e-07 37.8414917 -6.61179638
v -10.0909204 34.1417084 1.06412399
v -9.52077866 31.9993591 0.978103459
v -10.9333172 31.9993591 -0.935450435
v -11.6025724 34.4553375 -0.935451031
v -9.17376518 29.8570061 1.0641247
v -10.5245962 29.5433788 -0.935450196
v -10.854949 31.9993591 -2.84900451
v -11.5320539 34.7689667 -2.93502617
v -10.4402542 29.2297516 -2.93502498
v -7.91044092 35.3889809 3.19279981
v -7.39013767 33.8818474 2.72091484
v -10.8174629 35.8568916 1.32218599
v -6.98119688 31.9993591 2.56361961
v -6.73316813 30.1168728 2.72091532
v -6.69559717 28.6097355 3.192801
v -9.11661148 28.1418228 1.3221873
v -10.4520578 27.5770988 -0.935449898
v -10.3622227 27.0123787 -3.1930871
v -12.397316 36.9863396 -3.19308877
v -12.4567108 36.4216156 -0.935451388
v 4.68470669 30.5355206 9.25787544
v 4.91311359 31.999361 9.45941162
v 0 31.999361 10.2200098
v 6.80634713e-08 30.5812473 10.0037298
v 5.05753994 33.4631996 9.25787544
v 1.58814757e-07 33.4174728 10.0037289
v -4.91311359 31.999361 9.45941257
v -4.68470573 30.5355206 9.2578764
v -5.05753994 33.4631996 9.25787544
v 8.35937309 29.019146 6.54843187
v 8.89611721 30.3983421 7.02031708
v 4.40721321 29.2744961 8.65327358
v 9.34122753 31.999361 7.17761183
v 9.62542534 33.6003761 7.0203166
v 9.67943668 34.9795723 6.54843092
v 5.08309078 34.7242241 8.65327263
v 2.26878232e-08 34.6391068 9.35488605
v -5.08309078 34.7242241 8.65327263
v -9.67943668 34.9795723 6.54843044
v -9.62542439 33.6003761 7.02031708
v -9.34122658 31.999361 7.17761087
v -8.89611721 30.3983421 7.02031755
v -4.40721273 29.2744961 8.65327263
v -8.35937309 29.019146 6.54843187
v 1.81502585e-07 29.3596134 9.35488701
v 13.9231634 29.6438618 -5.28626108
v 14.7036304 31.9993591 -5.37228203
v 14.7544727 31.9993591 -0.935450554
v 13.9956627 29.9105988 -0.935450435
v 15.2216883 34.3548546 -5.28626204
v 15.2527542 34.0881195 -0.93545115
v 12.7933435 31.9993591 3.50137997
v 12.1596632 30.1773319 3.41535974
v 13.2038965 33.8213844 3.41535926
v 10.6963587 27.2033215 -8.41933155
v 11.4612103 29.4228516 -8.89121914
v 13.0109186 27.6147213 -5.02819777
v 12.1198254 31.9993572 -9.04851341
v 12.5603971 34.5758667 -8.89121914
v 12.6711063 36.7953949 -8.4193325
v 15.3467045 36.3839951 -5.0281992
v 15.3659983 35.8874855 -0.935451269
v 13.2899313 35.3909683 3.15729642
v 11.4042406 28.6077461 3.15729737
v 13.1008177 28.1112328 -0.935450017
v -6.44820738 29.2856731 -11.1287766
v -6.82340097 31.9993572 -11.3303127
v 6.80634713e-08 31.9993572 -12.0909128
v 1.81502585e-07 29.2399464 -11.8746309
v -7.07533312 34.7130432 -11.1287775
v -1.58814757e-07 34.7587624 -11.8746309
v 6.82340002 31.9993572 -11.3303127
v 6.44820738 29.2856731 -11.1287775
v 7.07533169 34.7130432 -11.1287785
v -10.6963615 27.2033215 -8.4193325
v -11.4612103 29.4228516 -8.89121914
v -6.01389122 26.9479713 -10.5241737
v -12.1198263 31.9993572 -9.04851532
v -12.5603971 34.5758667 -8.89122009
v -12.6711082 36.7953949 -8.41933346
v -7.13986301 37.0507431 -10.5241747
v -4.53756464e-08 37.1358604 -11.2257891
v 7.13986254 37.0507431 -10.5241756
v 6.01389122 26.9479713 -10.5241747
v -1.928465e-07 26.862854 -11.2257881
v -12.1596622 30.1773319 3.41535997
v -12.7933435 31.9993591 3.50138044
v -14.7544746 31.9993591 -0.935450554
v -13.9956627 29.9105988 -0.935450137
v -13.2038965 33.8213844 3.41535926
v -15.2527523 34.0881195 -0.935450912
v -14.7036304 31.9993591 -5.37228155
v -13.9231653 29.6438618 -5.28626108
v -15.2216883 34.3548546 -5.28626156
v -11.4042406 28.6077461 3.15729737
v -13.2899313 35.3909683 3.15729642
v -15.3660002 35.8874855 -0.935451269
v -15.3467026 36.3839951 -5.02819872
v -13.0109186 27.6147213 -5.02819777
v -13.1008158 28.1112328 -0.935450017
v 4.46280289 35.8590698 5.32795382
v -5.67195571e-08 35.7385063 5.78625154
v -4.53756464e-08 35.8783264 7.04789019
v 4.74621153 36.0033989 6.50357246
v -4.46280336 35.8590698 5.32795382
v -4.74621201 36.0033989 6.50357151
v 2.26878232e-08 35.489193 8.30952835
v 4.96839905 35.6017189 7.67918921
v -4.96839905 35.6017189 7.67918873
v 7.91044188 35.3889809 3.19280005
v 4.16444683 35.0985527 4.35387087
v 8.48576641 36.220768 3.95306015
v -1.13439116e-08 35.0017433 4.74089527
v -4.16444731 35.0985527 4.35387087
v -8.48576641 36.220768 3.95306015
v -9.0325861 36.3786201 4.87061548
v -9.46058369 35.9393005 5.78817081
v 9.46058369 35.9393005 5.78817081
v 9.0325861 36.3786201 4.87061596
v -3.64181495 28.1396465 5.32795477
v -4.53756464e-08 28.2602139 5.78625298
v 0 28.1203957 7.04789114
v -3.8482945 27.9953213 6.50357342
v 3.64181447 28.1396465 5.32795477
v 3.84829473 27.9953213 6.50357246
v 4.53756464e-08 28.5095272 8.3095293
v -4.11599636 28.3969994 7.67919016
v 4.11599588 28.3969994 7.67918968
v -3.53426266 28.9001656 4.35387182
v -6.89801073 27.7779484 3.9530611
v -1.13439116e-08 28.9969749 4.74089622
v 3.53426266 28.9001656 4.35387182
v 6.69559717 28.6097355 3.192801
v 6.89801025 27.7779484 3.95306158
v 7.28983784 27.6200962 4.87061691
v 7.80048895 28.0594177 5.78817177
v -7.80048895 28.0594177 5.78817177
v -7.28983784 27.6200962 4.87061739
v 13.3622913 38.2101059 -3.6088562
v 13.406909 37.5068054 -0.935451508
v 14.3116503 37.7127457 -0.935451388
v 14.2817774 38.4423447 -4.11064386
v 11.623311 36.8035049 1.73795331
v 12.3899326 36.9831467 2.23974133
v 15.0162449 37.1395912 -0.935451508
v 14.9963827 37.7959976 -4.61243248
v 12.9884396 36.483181 2.74152923
v 12.397316 36.9863396 -3.19308877
v 11.015192 38.7928391 -5.82396317
v 12.4567099 36.4216156 -0.935451329
v 10.8174629 35.8568916 1.32218599
v 12.3812265 38.3398781 -7.65907431
v 11.7843599 39.0468712 -6.74151754
v 9.3892231 27.1952114 1.73795485
v 10.7611046 26.4919109 -0.935449541
v 11.3761396 26.2859707 -0.935449541
v 9.92418861 27.0155716 2.23974299
v 10.6655626 25.7886105 -3.60885406
v 11.2768021 25.5563717 -4.11064243
v 12.1913252 26.8591309 -0.935449779
v 10.6272726 27.5155373 2.74153066
v 12.092926 26.2027187 -4.61243057
v 9.11661148 28.1418228 1.32218754
v 10.4520569 27.5770988 -0.935449839
v 10.3622227 27.0123787 -3.1930871
v 8.75450611 25.2058735 -5.82396173
v 9.25727463 24.9518414 -6.74151611
v 9.93234825 25.6588383 -7.65907145
v -6.2017827 39.154541 -7.19885635
v 6.80634713e-08 39.2751045 -7.65715361
v 6.80634713e-08 39.5471687 -8.91879272
v -6.6380558 39.4220963 -8.37447453
v 6.20178366 39.154541 -7.19885635
v 6.6380558 39.4220963 -8.37447357
v -9.07512927e-08 38.7899857 -10.1804314
v -6.97634172 38.6774559 -9.55009365
v 6.97634172 38.6774559 -9.5500927
v -11.015192 38.7928391 -5.82396269
v -12.3812265 38.3398781 -7.65907335
v -11.784359 39.0468712 -6.74151802
v 4.91815472 24.8441734 -7.19885397
v 0 24.7236099 -7.65715122
v 1.13439116e-08 24.4515438 -8.91878986
v 5.20090771 24.5766182 -8.37447166
v -4.91815472 24.8441734 -7.19885397
v -5.20090771 24.5766182 -8.37447071
v 0 25.2087288 -10.1804285
v 5.58164978 25.3212547 -9.55009079
v -5.58164978 25.3212547 -9.55008984
v -8.75450516 25.2058735 -5.82396173
v -9.25727463 24.9518414 -6.74151611
v -9.93234825 25.6588364 -7.6590724
v -11.623312 36.8035049 1.73795331
v -13.406909 37.5068054 -0.935451567
v -14.3116503 37.7127457 -0.935451508
v -12.3899345 36.9831467 2.23974133
v -13.3622932 38.2101059 -3.6088562
v -14.2817793 38.4423447 -4.11064434
v -15.016243 37.1395912 -0.935451627
v -12.9884396 36.483181 2.74152923
v -14.9963827 37.7959976 -4.61243248
v -10.6655617 25.7886105 -3.60885429
v -10.7611036 26.4919109 -0.93544966
v -11.3761406 26.2859707 -0.935449541
v -11.2768011 25.5563679 -4.11064196
v -9.3892231 27.1952114 1.73795485
v -9.92418766 27.0155716 2.23974299
v -12.1913252 26.8591309 -0.935449779
v -12.092926 26.2027187 -4.61243057
v -10.6272717 27.5155373 2.74153066
v 11.532053 34.7689667 -2.93502593
v 10.854949 31.9993591 -2.84900451
v 10.9333162 31.9993591 -0.935450256
v 11.6025715 34.4553375 -0.935450852
v 10.4402552 29.2297516 -2.93502498
v 10.5245962 29.5433788 -0.935450077
v 9.5207777 31.9993591 0.978103697
v 10.0909204 34.1417084 1.06412399
v 9.17376423 29.8570099 1.06412482
v 6.7331686 30.1168728 2.72091556
v 6.98119688 31.9993591 2.56361985
v 7.39013767 33.8818474 2.72091484
v 3.89409304 33.7205505 3.74926734
v 3.68139291 31.9993591 3.54773331
v -1.13439116e-08 31.9993591 3.87577128
v -2.26878232e-08 33.6667862 4.09205151
v 3.55267382 30.2781677 3.74926805
v 4.53756464e-08 30.3319302 4.09205246
v -3.68139291 31.9993591 3.54773283
v -3.89409256 33.7205505 3.74926758
v -3.55267358 30.2781677 3.74926805
v 1.65560818 40.5959091 4.63352108
v 0.84009409 40.9672852 4.39853907
v 1.06566834 40.6489983 3.0704937
v 2.05669284 40.3532562 3.73234034
v 0.465102464 41.8352585 4.18721008
v 0.578384221 41.8448906 3.16536808
v 1.21285272 42.0260315 2.62031698
v 1.79498303 41.2308617 2.49916911
v 2.41666532 40.7969704 3.07554078
v 13.3832417 40.6800575 -4.94906807
v 12.9849434 41.6379051 -5.61315584
v 13.5609655 39.8673058 -8.08229733
v 13.9548979 39.0193977 -7.31760168
v 13.3822279 42.7092209 -6.05154514
v 13.954771 40.8931541 -8.61623573
v 14.5393295 39.525116 -9.80325699
v 14.4208145 38.5414848 -9.54211998
v 14.5393295 38.0981407 -8.70280647
v 15.6229057 38.2191391 -9.8554697
v 15.4666281 37.8552895 -8.64474964
v 15.4666281 39.57901 -10.0077553
v 16.2449875 39.809288 -9.44311047
v 16.5124397 38.8928146 -9.11038303
v 16.2449875 38.3852844 -8.34712696
v 4.14998531 42.8044548 6.94887447
v 3.47345018 43.7050781 7.13592243
v 1.5736109 42.217907 5.86993027
v 2.44930744 41.4525604 5.76047468
v 2.94181943 44.6328316 6.55947161
v 1.02856469 43.0924034 5.26324034
v 15.0255842 38.8199806 -6.85670996
v 14.4439993 40.4476929 -4.44597912
v 16.0815563 39.3682175 -6.83802557
v 15.5044899 40.9780006 -4.35383129
v 3.30387425 44.6730843 4.51169491
v 1.81064069 43.2432022 3.25251269
v 1.13597786 43.4511871 4.14306736
v 2.89174891 44.9897614 5.46036243
v 15.0254631 41.3927307 -8.64276981
v 14.4430237 43.2441559 -5.95276403
v 15.5040855 43.0164185 -5.44304466
v 16.0815048 41.2382393 -8.12764072
v 12.8398781 44.1476593 -2.8047688
v 13.8407555 44.641716 -2.55076766
v 11.9556751 45.1338539 0.532715082
v 12.8585987 45.5661469 0.962061882
v 13.7794237 45.2317429 1.56316221
v 14.8445024 44.3623047 -2.01277494
v 10.3871136 45.738945 3.40389204
v 11.1123295 46.1060257 3.99482369
v 8.19366646 45.9154663 5.17254543
v 8.62248611 46.2443733 5.91070414
v 9.20341015 45.8420715 6.74279165
v 11.8972807 45.7214813 4.69561768
v 5.62678766 45.5861473 5.39934063
v 5.63489056 45.9186592 6.26912498
v 5.94776583 45.5451393 7.24947119
v 3.2589438 41.6287575 3.76718831
v 3.1140852 41.2149849 4.84309006
v 4.56075096 42.9088936 4.92465734
v 4.58646631 42.5198669 6.01198769
v 6.47671843 43.7622566 5.70474768
v 6.75238991 43.3298874 6.67451906
v 8.64058495 44.0419083 5.43045473
v 9.18019962 43.563282 6.25510406
v 9.56771374 43.8158646 6.98582697
v 6.72328711 43.6035385 7.5337286
v 10.5746613 43.8053246 3.70230794
v 11.3313503 43.350071 4.39765406
v 12.0140047 43.1385536 0.99595356
v 12.9242353 42.75494 1.59182453
v 13.8165674 43.1380196 2.01594186
v 12.028307 43.6464462 4.98313665
v 12.8495798 42.1088829 -2.04110813
v 13.8512774 41.8056564 -1.50946581
v 14.8501062 42.275898 -1.26181436
v 16.4900837 40.3454094 -7.41718149
v 15.9020815 42.0539436 -4.78558731
v 15.2227859 43.3548813 -1.48998642
v 14.1379642 44.1940041 1.98178005
v 12.2406502 44.6674309 5.08055496
v 9.56714439 44.8008957 7.15733528
v 6.38873434 44.5556183 7.73651648
v 2.67645192 42.4482689 3.11622691
v 4.00476503 43.8045502 4.33642626
v 5.99854565 44.6929283 5.20712757
v 8.2355442 45.0067558 5.0084734
v 10.2030296 44.7886658 3.31192231
v 11.6448717 44.1270752 0.572105646
v 12.4692469 43.0924873 -2.57024693
v 1.53424788 47.0578728 6.47745514
v 0.778513074 47.3948288 6.2487154
v 0.987552106 47.0603447 5.0281682
v 1.90593219 46.8062019 5.65001774
v 0.431009293 48.1924438 6.02704573
v 0.535987198 48.1708374 5.08031273
v 1.12394762 48.3223267 4.57006502
v 1.66340637 47.5822067 4.48161411
v 2.23951769 47.1975517 5.02842188
v 12.402215 46.8495064 -2.40060449
v 12.0331144 47.7168312 -3.04431081
v 12.5669127 46.0031052 -5.27836704
v 12.9319677 45.2406044 -4.5447588
v 12.4012775 48.696003 -3.48236084
v 12.9318514 46.9373093 -5.8035593
v 13.4735613 45.6347389 -6.86212015
v 13.3637333 44.7314911 -6.5908618
v 13.4735613 44.3459358 -5.80023098
v 14.4777079 44.4235649 -6.87145901
v 14.3328857 44.1227379 -5.73920393
v 14.3328857 45.6785507 -7.05314064
v 15.0541887 45.9087067 -6.5370388
v 15.3020372 45.0697975 -6.20147943
v 15.0541906 44.6225204 -5.47937584
v 3.84578085 49.1726379 8.5559864
v 3.21883774 50.0124016 8.70232296
v 1.45826125 48.5971336 7.57417536
v 2.26976705 47.8849907 7.49566126
v 2.72617674 50.8544807 8.14068604
v 0.953168333 49.3889809 6.9861207
v 13.9241724 45.0696716 -4.11191416
v 13.3852177 46.6493187 -1.92769289
v 14.9027357 45.578022 -4.11099052
v 14.3679724 47.1432533 -1.85818756
v 3.061692 50.830574 6.24279928
v 1.67791629 49.4685783 5.11924791
v 1.05270779 49.6878242 5.93787909
v 2.67977643 51.1522331 7.11200809
v 13.9240599 47.3992271 -5.84306002
v 13.3843145 49.1944275 -3.40685296
v 14.3675966 48.9987183 -2.92793727
v 14.9026909 47.271534 -5.36132479
v 11.8986816 50.1253204 -0.518125474
v 12.8261938 50.5905151 -0.297626019
v 11.0792942 51.1384659 2.54363894
v 11.9160309 51.5516891 2.92839098
v 12.7693577 51.2599182 3.49513078
v 13.7563629 50.3477898 0.209018901
v 9.62571239 51.7846985 5.18488979
v 10.2977667 52.1423454 5.72125292
v 7.59305096 52.0010376 6.81776953
v 7.99043655 52.3277283 7.49163628
v 8.52877712 51.979969 8.27434826
v 11.0251799 51.8071175 6.38182831
v 5.2143302 51.7027931 7.03767157
v 5.22183847 52.0367546 7.83334398
v 5.51177979 51.720089 8.75251579
v 3.02005506 47.9886284 5.64418507
v 2.88581514 47.6375351 6.65306425
v 4.22643661 49.2088928 6.67800283
v 4.25026655 48.8810616 7.69672871
v 6.00195885 50.0225945 7.37503815
v 6.25742292 49.6511078 8.28617382
v 8.00720882 50.2734222 7.11262798
v 8.50726795 49.8547516 7.89073277
v 8.86637592 50.1105232 8.55999088
v 6.23045301 49.9302444 9.07381058
v 9.79951286 50.0026627 5.51906013
v 10.5007343 49.6017761 6.17670298
v 11.1333485 49.3042259 3.03231382
v 11.9768581 48.9667206 3.59568071
v 12.8037786 49.3342094 3.97705865
v 11.1466026 49.8937759 6.71013069
v 11.9076738 48.2597923 0.250104874
v 12.8359442 47.9948196 0.751579881
v 13.7615566 48.437767 0.966908693
v 15.2813187 46.4658051 -4.67660904
v 14.7364197 48.1268997 -2.29023361
v 14.1069183 49.4303169 0.723333836
v 13.1016159 50.3112602 3.91386724
v 11.34338 50.8423347 6.76985598
v 8.86584854 51.0280037 8.68941498
v 5.92042398 50.8181267 9.23319054
v 2.48026133 48.7282219 5.01676893
v 3.71120548 50.0208931 6.10641384
v 5.55883741 50.8697319 6.88632727
v 7.63185787 51.1544724 6.69295502
v 9.45512199 50.9017868 5.12809896
v 10.7912741 50.2071533 2.61020374
v 11.5552197 49.1550179 -0.269381076
v 1.42178357 53.0981445 7.99226522
v 0.721446037 53.4033966 7.77033472
v 0.915162086 53.0571251 6.6498394
v 1.76622248 52.8403168 7.23339891
v 0.399415225 54.1355438 7.54119015
v 0.496697992 54.0872345 6.66495752
v 1.04155934 54.212307 6.1878314
v 1.54147446 53.5241547 6.12801981
v 2.07535529 53.1842194 6.64597416
v 11.4931021 52.6398849 -0.224507675
v 11.1510563 53.4239922 -0.846633315
v 11.6457262 51.7699547 -2.86464691
v 11.9840221 51.0856361 -2.16238666
v 11.4922323 54.3178291 -1.28161597
v 11.9839134 52.6195412 -3.37900233
v 12.4859142 51.3814545 -4.3205409
v 12.3841381 50.5529556 -4.04230881
v 12.4859142 50.219471 -3.29849315
v 13.4164543 50.2593651 -4.29300308
v 13.2822485 50.0145607 -3.2353003
v 13.2822485 51.4163208 -4.49877357
v 13.9506779 51.6449127 -4.02762938
v 14.1803589 50.8779335 -3.69176364
v 13.9506798 50.4852333 -3.00957513
v 3.56387544 55.1189728 9.85424709
v 2.9828887 55.9011459 9.96469688
v 1.35136712 54.5565987 8.96207428
v 2.10338736 53.8946533 8.91063118
v 2.52634096 56.6643105 9.41933918
v 0.883298695 55.2724457 8.39375019
v 12.9034948 50.9402542 -1.75637186
v 12.404048 52.4685974 0.219491959
v 13.8103294 51.4111137 -1.77070403
v 13.314764 52.9281693 0.269110352
v 2.83726215 56.5854683 7.66220236
v 1.55492067 55.2903938 6.66224527
v 0.975541711 55.5179176 7.41392374
v 2.48334217 56.909359 8.4576664
v 12.9033909 53.0461884 -3.42938948
v 12.4032097 54.7817192 -1.22657144
v 13.3144169 54.6147652 -0.777145624
v 13.8102865 52.9423103 -2.97938299
v 11.0264788 55.7302437 1.42119944
v 11.8860006 56.1677017 1.61152935
v 10.2671528 56.7601166 4.22678328
v 11.0425558 57.1543465 4.57079983
v 11.8333311 56.9010391 5.10444117
v 12.7479868 55.9580193 2.08804488
v 8.9201231 57.4375763 6.65384245
v 9.54291534 57.7848663 7.13994408
v 7.03646088 57.6867447 8.15977859
v 7.40471745 58.0094643 8.7741642
v 7.90359592 57.7107468 9.50951385
v 10.2170067 57.4941063 7.761796
v 4.83210659 57.4170723 8.372365
v 4.8390646 57.7501717 9.09935284
v 5.10775232 57.484333 9.96016407
v 2.79867744 53.9353256 7.19266796
v 2.67427754 53.6402817 8.13759899
v 3.91662788 55.0964432 8.11374664
v 3.9387114 54.8232307 9.06710148
v 5.56200027 55.8709335 8.73503971
v 5.798738 55.5540733 9.59004879
v 7.42025995 56.0954094 8.48449707
v 7.88366365 55.7308769 9.2176981
v 8.21644878 55.9877815 9.82993412
v 5.77374554 55.8361473 10.3112297
v 9.08118343 55.7970123 7.01660013
v 9.73100376 55.4453583 7.63769579
v 10.3172455 55.0758133 4.73420429
v 11.0989246 54.7800407 5.26608753
v 11.8652287 55.1318092 5.60834599
v 10.3295279 55.7317429 8.12304115
v 11.0348101 54.0253143 2.18848395
v 11.8950357 53.7948761 2.66087532
v 12.7527981 54.2115746 2.84708166
v 14.1611595 52.2164917 -2.32111526
v 13.6562023 53.8263321 -0.160446897
v 13.0728445 55.1236115 2.59182358
v 12.1412344 56.0348854 5.52062464
v 10.5118818 56.6121025 8.15001678
v 8.2159586 56.8414307 9.92239571
v 5.48644209 56.6632843 10.4323206
v 2.2984519 54.6016006 6.5894475
v 3.43916464 55.8314514 7.56007099
v 5.15136051 56.6409645 8.25707722
v 7.0724225 56.8989182 8.06946373
v 8.76203823 56.6181145 6.62762117
v 10.000246 55.8995018 4.31626225
v 10.7081928 54.8389664 1.68058121
v 1.31756341 58.7379875 9.21483421
v 0.668562353 59.0140915 9.00015926
v 0.84807843 58.659893 7.97268486
v 1.63675404 58.4765129 8.51966476
v 0.370137066 59.6853676 8.76604652
v 0.460288793 59.6144524 7.95590878
v 0.965210497 59.7160339 7.51025105
v 1.42848051 59.0768661 7.47541332
v 1.92322683 58.7774887 7.96530771
v 10.65063 58.0680504 1.61802411
v 10.3336563 58.7757072 1.01837349
v 10.7920656 57.1834221 -0.801323593
v 11.1055641 56.5705757 -0.130434081
v 10.6498232 59.5905914 0.588778138
v 11.105464 57.9549484 -1.30311084
v 11.5706663 56.7800827 -2.13818741
v 11.4763498 56.0210266 -1.85573232
v 11.5706663 55.734375 -1.15683389
v 12.4329958 55.7416115 -2.07915664
v 12.3086271 55.5464706 -1.09218121
v 12.3086271 56.8070564 -2.30431247
v 12.9280586 57.0328636 -1.87476039
v 13.1409035 56.3325005 -1.54076064
v 12.9280605 55.989151 -0.897174954
v 3.30263495 60.6653481 10.8790522
v 2.7642355 61.3931084 10.957984
v 1.25230849 60.1178093 10.0695114
v 1.94920385 59.50317 10.0416422
v 2.34115386 62.0836716 10.4300642
v 0.818550706 60.7638588 9.52173233
v 11.9576368 56.4480476 0.249967054
v 11.4947996 57.9226608 2.03438044
v 12.7979984 56.8837395 0.222624704
v 12.3387594 58.3498039 2.06660652
v 2.62928391 61.9581413 8.80493069
v 1.44094121 60.7287445 7.91744852
v 0.904032052 60.9619484 8.60686779
v 2.30130696 62.2819061 9.53202629
v 11.9575396 58.3486214 -1.36252844
v 11.4940243 60.0219002 0.625901163
v 12.3384371 59.8806992 1.04715562
v 12.7979574 58.2658501 -0.942620635
v 10.2182112 60.9795532 3.04996896
v 11.0147276 61.3904228 3.21318507
v 9.51454449 62.0172653 5.61777401
v 10.2331095 62.3926849 5.92462921
v 10.9659176 62.1740036 6.42646503
v 11.8135281 61.2104492 3.66080594
v 8.26625538 62.7172585 7.84551334
v 8.84339619 63.0534401 8.28537178
v 6.52067041 62.9930267 9.23288918
v 6.86193323 63.3102989 9.79230118
v 7.32424259 63.0555954 10.4823198
v 9.4680748 62.8027191 8.8700285
v 4.47790098 62.7496071 9.43784809
v 4.48434973 63.0798492 10.101244
v 4.73334169 62.8593445 10.9064827
v 2.59352756 59.4895134 8.44922161
v 2.47824621 59.2444649 9.33324718
v 3.62952924 60.5924759 9.26764774
v 3.64999413 60.3679047 10.158823
v 5.15429211 61.3283882 9.81995869
v 5.37367582 61.0604553 10.6213484
v 6.87633657 61.5288124 9.58119488
v 7.30577183 61.2130852 10.2711897
v 7.61416292 61.469326 10.8305759
v 5.35051537 61.3432617 11.2808905
v 8.41550922 61.20858 8.2305212
v 9.01769638 60.9014244 8.81629753
v 9.56096554 60.4723969 6.13807869
v 10.285346 60.2143326 6.63955402
v 10.9954786 60.5503769 6.94604969
v 9.57234764 61.1811829 9.25727558
v 10.2259321 59.4233475 3.81158018
v 11.0231009 59.2240257 4.256001
v 11.8179874 59.6155396 4.41601849
v 13.1231117 57.6132545 -0.311237693
v 12.6551695 59.1688652 1.64190805
v 12.1145735 60.4526558 4.15234423
v 11.2512512 61.3841972 6.8378191
v 9.74133396 61.9973907 9.25595856
v 7.61370945 62.2627525 10.8907118
v 5.08427238 62.1129837 11.3683338
v 2.1299696 60.0886078 7.87060213
v 3.1870656 61.2567101 8.73286438
v 4.77375269 62.0273132 9.35425568
v 6.55399752 62.2606316 9.17277908
v 8.11975861 61.9574738 7.84571075
v 9.26720333 61.2228203 5.72636461
v 9.92325592 60.1617889 3.31684184
v 1.22098243 63.99823 10.1786909
v 0.619554877 64.247551 9.97160625
v 0.785911977 63.8887863 9.03052425
v 1.51677573 63.7352791 9.54262447
v 0.343005002 64.8622971 9.73471069
v 0.426548332 64.7724152 8.98646545
v 0.894457996 64.8531876 8.57065678
v 1.32376909 64.2601395 8.55748653
v 1.78224921 63.9974861 9.02017975
v 9.86991119 63.1507416 3.16242194
v 9.57617378 63.7882805 2.58587217
v 10.0009804 62.2591057 0.948014915
v 10.2914982 61.711525 1.58771503
v 9.86916351 64.5302048 2.16362691
v 10.2914038 62.9587173 0.460200071
v 10.7225065 61.8455811 -0.278158426
v 10.6351042 61.1509743 0.00613644067
v 10.7225065 60.9063492 0.662030935
v 11.5216265 60.885498 -0.192455664
v 11.406373 60.7342491 0.727526903
v 11.406373 61.8656006 -0.432831317
v 11.9804001 62.0875778 -0.0417208597
v 12.1776419 61.4488754 0.288560957
v 11.980401 61.1500969 0.894920111
v 3.06054306 65.833107 11.6625299
v 2.56160998 66.5095291 11.7138929
v 1.1605109 65.3017807 10.9290791
v 1.80632186 64.7316589 10.9216299
v 2.16954112 67.1333618 11.2042933
v 0.758548737 65.8838043 10.4024153
v 11.0811129 61.6094017 1.94370842
v 10.6522017 63.0285301 3.55240202
v 11.8598728 62.0121346 1.90536594
v 11.4342966 63.4251175 3.56948781
v 2.43655062 66.9685364 9.70282173
v 1.33531642 65.8033447 8.91755199
v 0.837763906 66.0399323 9.54913425
v 2.13261533 67.2901382 10.3665943
v 11.0810223 63.3215637 0.393404156
v 10.6514835 64.9308014 2.18512535
v 11.4339981 64.8125916 2.57951546
v 11.8598337 63.2574425 0.784803212
v 9.4691906 65.890213 4.40172148
v 10.2073202 66.2756348 4.54061937
v 8.81710625 66.9280777 6.74905825
v 9.48299599 67.2849655 7.02205563
v 10.1620893 67.0974197 7.49339676
v 10.947567 66.1223221 4.96058989
v 7.66031885 67.6429749 8.79151058
v 8.19515324 67.9674988 9.18887043
v 6.04268885 67.9398575 10.0682812
v 6.35893631 68.2504349 10.5769367
v 6.78735733 68.035141 11.2236528
v 8.77404118 67.7527466 9.73787975
v 4.14965963 67.72052 10.2653894
v 4.15563488 68.0462189 10.8699694
v 4.38637543 67.8660431 11.622385
v 2.4034152 64.6714325 9.44711304
v 2.29658461 64.470871 10.2732325
v 3.36347556 65.7174683 10.1721992
v 3.38244009 65.5361023 11.0043287
v 4.77646875 66.4155807 10.6617708
v 4.97977114 66.1913528 11.412034
v 6.37228346 66.5940857 10.4346371
v 6.77023888 66.3222733 11.0831528
v 7.05602503 66.5763168 11.5936108
v 4.95830917 66.4730072 12.0144634
v 7.79863167 66.2571182 9.19318867
v 8.35667706 65.9901352 9.74492073
v 8.86012268 65.5127335 7.27713108
v 9.5314045 65.2887115 7.74931479
v 10.1894827 65.6091156 8.02315617
v 8.87067127 66.2624283 10.1450024
v 9.47634602 64.4715805 5.15363407
v 10.2150803 64.3002472 5.57121944
v 10.9516993 64.6676559 5.7077322
v 12.1611547 62.6718597 1.38909841
v 11.7275133 64.1710587 3.15165424
v 11.2265444 65.4351349 5.43850231
v 10.426507 66.3781738 7.89799786
v 9.02727032 67.0183716 10.1193962
v 7.05560541 67.3129959 11.6256018
v 4.71158218 67.1885529 12.0724573
v 1.97383738 65.2090302 8.89328766
v 2.95344543 66.3167114 9.65702915
v 4.42382479 67.0490265 10.209548
v 6.07357264 67.2597046 10.0344896
v 7.52455997 66.9392624 8.81439495
v 8.58789444 66.1954956 6.87337303
v 9.19585609 65.1407547 4.67333746
v 1.13148153 68.8991547 10.9142637
v 0.574140012 69.1238861 10.7150097
v 0.728302836 68.7634735 9.85408401
v 1.40559232 68.6365967 10.3329859
v 0.317861944 69.686203 10.4772253
v 0.395281315 69.5805893 9.78687668
v 0.828892112 69.6429749 9.39933109
v 1.22673368 69.0932999 9.40485287
v 1.65160584 68.8638458 9.84125423
v 9.14642143 67.9045563 4.44100666
v 8.87421513 68.477829 3.88794875
v 9.26788235 67.0125504 2.41662812
v 9.53710461 66.5244827 3.02548885
v 9.14572906 69.1523895 3.47469163
v 9.53701878 67.6459656 1.94390273
v 9.93652058 66.5929031 1.29328322
v 9.85552406 65.9580307 1.57735455
v 9.93652058 65.7510605 2.19216299
v 10.677062 65.7062149 1.40134788
v 10.5702572 65.5936127 2.25796866
v 10.5702572 66.6068268 1.14942431
v 11.1022062 66.8241119 1.50504529
v 11.2849903 66.2424011 1.83003974
v 11.1022072 65.9837799 2.40058541
v 2.83619761 70.6429749 12.2337971
v 2.37383747 71.2710266 12.2611609
v 1.07544267 70.1289368 11.5703382
v 1.67391407 69.6006622 11.5804729
v 2.01050854 71.8336029 11.7705212
v 0.702945292 70.6522751 11.0651436
v 10.2688379 66.4405365 3.35826778
v 9.87136841 67.8030167 4.8058629
v 10.9905138 66.8124008 3.31072044
v 10.5961342 68.1708527 4.80983973
v 2.2579453 71.6360779 10.384758
v 1.23743451 70.5333939 9.69224358
v 0.776354015 70.7713928 10.2701569
v 1.97628927 71.9537811 10.9899473
v 10.2687559 67.9800491 1.87119496
v 9.87070274 69.5240784 3.48263335
v 10.5958576 69.426384 3.85145688
v 10.9904785 67.9323502 2.23563004
v 8.77507401 70.4789276 5.50701523
v 9.45909786 70.8400726 5.62414885
v 8.17078876 71.5103455 7.65014696
v 8.7878685 71.8490601 7.89233685
v 9.41718292 71.6894302 8.33450508
v 10.1450825 70.7106171 6.01771355
v 7.0987978 72.2335281 9.52053833
v 7.59442759 72.5459824 9.87888241
v 5.5997448 72.5466461 10.6942329
v 5.89281034 72.8495026 11.1560793
v 6.28982639 72.6694183 11.7615099
v 8.13088131 72.363472 10.3938007
v 3.84547901 72.3493881 10.8833523
v 3.85101652 72.6691132 11.4335918
v 4.06484318 72.5247192 12.1358728
v 2.22723866 69.5008163 10.2165518
v 2.12823915 69.3397522 10.987709
v 3.11692429 70.4913406 10.856883
v 3.13449883 70.3482208 11.6330338
v 4.42634201 71.1525726 11.2894745
v 4.61474228 70.9673157 11.9910803
v 5.9051795 71.3111191 11.0737658
v 6.27396441 71.0787354 11.6825533
v 6.53880072 71.3292847 12.1477566
v 4.59485245 71.2461777 12.5406437
v 7.2269721 70.9619217 9.93398476
v 7.74411106 70.7311249 10.4529848
v 8.21065331 70.2152252 8.1815424
v 8.83272743 70.0218277 8.62557983
v 9.44256783 70.326767 8.86964321
v 8.22042751 70.9952774 10.8154106
v 8.78170395 69.187439 6.24583387
v 9.46628857 69.0412216 6.63772678
v 10.1489115 69.3855972 6.75319004
v 11.2697115 67.4080353 2.81283379
v 10.867856 68.8492661 4.40054798
v 10.4036102 70.0884018 6.48089409
v 9.66221619 71.035347 8.73074245
v 8.36554813 71.6946793 10.7691088
v 6.53841162 72.0125732 12.1553764
v 4.36621141 71.9106598 12.5729809
v 1.8291502 69.9822083 9.6875267
v 2.73695064 71.030983 10.3618202
v 4.09954739 71.725769 10.8516922
v 5.62836456 71.9156723 10.6832552
v 6.97299051 71.5824203 9.56276035
v 7.95837927 70.8355408 7.78717566
v 8.5217762 69.7928848 5.78098202
v 1.04854095 73.460434 11.4491329
v 0.532053888 73.6626358 11.2578659
v 0.674916208 73.303093 10.4712315
v 1.30255878 73.1998901 10.9185896
v 0.294561684 74.1763611 11.0208263
v 0.366306096 74.0579071 10.3845692
v 0.768132091 74.1041183 10.0237551
v 1.1368109 73.5951538 10.0452929
v 1.53053892 73.3956757 10.4563503
v 8.47596645 72.3458252 5.48321724
v 8.22371292 72.8602753 4.95383883
v 8.58852386 71.4591446 3.63485789
v 8.83801174 71.0252762 4.213377
v 8.47532463 73.4727097 4.55091858
v 8.83793068 72.0317001 3.17808771
v 9.208148 71.0368958 2.60693598
v 9.13308907 70.4573669 2.88901687
v 9.208148 70.2840271 3.46464562
v 9.89440536 70.2188644 2.73351979
v 9.79543018 70.1401596 3.53030014
v 9.79543114 71.0454865 2.47327614
v 10.2883873 71.25737 2.7961657
v 10.4577713 70.7282944 3.11456084
v 10.2883873 70.505806 3.65073657
v 2.62829709 75.1150284 12.6192036
v 2.19982934 75.6975479 12.6257811
v 0.996609926 74.6190872 12.0200548
v 1.55121207 74.1300888 12.0452271
v 1.86313295 76.2039642 12.1545372
v 0.651417494 75.0887222 11.5365009
v 9.51610756 70.9574661 4.52410984
v 9.14777279 72.2626724 5.82418728
v 10.1848822 71.3004761 4.46896029
v 9.81941128 72.6034851 5.81688023
v 2.09243226 75.9796066 10.8769226
v 1.1467272 74.9375839 10.2684517
v 0.719445169 75.1753006 10.7966127
v 1.83142221 76.2919464 11.4279652
v 9.51603031 72.3389587 3.10076284
v 9.14715576 73.817215 4.54716969
v 9.81915379 73.7377319 4.89169836
v 10.1848497 72.3056717 3.43973303
v 8.13183975 74.7620926 6.39365435
v 8.76572227 75.1000977 6.49135494
v 7.57184935 75.7814484 8.34783936
v 8.14369583 76.1024094 8.56204128
v 8.72687912 75.9677658 8.97635174
v 9.4014225 74.9919434 6.85974789
v 6.57843685 76.5071487 10.0586185
v 7.03773642 76.807251 10.3811874
v 5.18926954 76.8322372 11.1363573
v 5.46085262 77.1265488 11.5550785
v 5.82876682 76.9778366 12.1212177
v 7.53486729 76.653595 10.8635645
v 3.56359553 76.6551819 11.3174162
v 3.56872702 76.9677505 11.8175039
v 3.76687956 76.8549957 12.4722834
v 2.06397653 73.9968643 10.7849245
v 1.97223353 73.8707199 11.5039949
v 2.88844585 74.9334259 11.3484144
v 2.90473223 74.8240585 12.0715733
v 4.1018796 75.5588074 11.729332
v 4.27646971 75.4081802 12.3847046
v 5.47231436 75.6992111 11.5248003
v 5.81406641 75.5021667 12.0956135
v 6.05948973 75.7481232 12.5190048
v 4.25803804 75.6828918 12.8853865
v 6.69721651 75.3417206 10.4795523
v 7.17644835 75.1434555 10.9671535
v 7.60879183 74.5977478 8.87872219
v 8.18526649 74.4318924 9.29577637
v 8.7504034 74.7216263 9.51271915
v 7.61784935 75.3989563 11.2949448
v 8.13798332 73.5879669 7.11654758
v 8.7723856 73.4642487 7.48389435
v 9.40497112 73.7866669 7.58054733
v 10.4436131 71.8372803 3.99001408
v 10.0712166 73.2196198 5.41751814
v 9.64099979 74.4294739 7.30734444
v 8.95395184 75.3737869 9.36289597
v 7.75233269 76.045372 11.231163
v 6.05912971 76.381218 12.5056467
v 4.04615641 76.2993011 12.8954849
v 1.69506884 74.4269333 10.280551
v 2.53632522 75.418457 10.8737564
v 3.79904008 76.076622 11.3067236
v 5.2157917 76.2474899 11.1450434
v 6.46185207 75.9053421 10.117178
v 7.37501001 75.1605225 8.49491978
v 7.89710855 74.1348572 6.66790438
v -1.65560818 40.5959091 4.63352156
v -2.05669284 40.3532562 3.73234034
v -1.06566834 40.6489983 3.0704937
v -0.84009409 40.9672852 4.39853954
v -0.578384221 41.8448906 3.16536832
v -0.465102464 41.8352585 4.18721008
v -1.79498303 41.2308617 2.49916959
v -1.21285272 42.0260315 2.6203177
v -2.41666532 40.7969704 3.07554078
v -13.3832417 40.6800575 -4.94906807
v -13.9548979 39.0193977 -7.31760025
v -13.5609655 39.8673058 -8.08229542
v -12.9849434 41.6379051 -5.61315584
v -13.954771 40.8931541 -8.61623573
v -13.3822279 42.7092209 -6.05154371
v -14.4208145 38.5414848 -9.54211998
v -14.5393295 39.525116 -9.80325508
v -14.5393295 38.0981407 -8.70280647
v -15.4666281 37.8552895 -8.64474964
v -15.6229057 38.2191391 -9.8554697
v -15.4666281 39.57901 -10.0077534
v -16.5124397 38.8928146 -9.11038113
v -16.2449875 39.809288 -9.44310951
v -16.2449875 38.3852844 -8.34712696
v -4.14998531 42.8044548 6.94887447
v -2.44930744 41.4525604 5.76047468
v -1.5736109 42.217907 5.86993027
v -3.47345018 43.7050781 7.13592243
v -1.02856469 43.0924034 5.26324034
v -2.94181943 44.6328316 6.55947161
v -14.4439993 40.4476929 -4.44597912
v -15.0255842 38.8199806 -6.85670853
v -16.0815563 39.3682175 -6.83802366
v -15.5044899 40.9780006 -4.35383129
v -3.30387425 44.6730843 4.51169491
v -2.89174891 44.9897614 5.46036243
v -1.13597786 43.4511871 4.14306736
v -1.81064069 43.2432022 3.25251269
v -15.0254631 41.3927307 -8.64276981
v -14.4430237 43.2441559 -5.95276403
v -16.0815048 41.2382393 -8.12764072
v -15.5040855 43.0164185 -5.44304371
v -13.8407555 44.641716 -2.55076766
v -12.8398781 44.1476593 -2.8047688
v -12.8585987 45.5661469 0.96206224
v -11.9556751 45.1338539 0.532715082
v -14.8445024 44.3623047 -2.01277494
v -13.7794237 45.2317429 1.56316221
v -11.1123295 46.1060257 3.99482369
v -10.3871136 45.738945 3.40389204
v -8.62248611 46.2443733 5.91070414
v -8.19366646 45.9154663 5.17254543
v -11.8972807 45.7214813 4.69561768
v -9.20341015 45.8420715 6.74279165
v -5.63489056 45.9186592 6.26912498
v -5.62678766 45.5861473 5.39934063
v -5.94776583 45.5451393 7.24947119
v -3.1140852 41.2149849 4.84309053
v -3.2589438 41.6287575 3.76718831
v -4.58646631 42.5198669 6.01198769
v -4.56075096 42.9088936 4.92465734
v -6.75238991 43.3298874 6.67451906
v -6.47671843 43.7622566 5.70474768
v -9.18019962 43.563282 6.25510406
v -8.64058495 44.0419083 5.43045473
v -6.72328711 43.6035385 7.53372955
v -9.56771374 43.8158646 6.98582697
v -11.3313503 43.350071 4.39765406
v -10.5746613 43.8053246 3.70230794
v -12.9242353 42.75494 1.59182453
v -12.0140047 43.1385536 0.99595356
v -12.028307 43.6464462 4.98313665
v -13.8165674 43.1380196 2.01594186
v -13.8512774 41.8056564 -1.50946581
v -12.8495798 42.1088829 -2.04110813
v -14.8501062 42.275898 -1.26181436
v -16.4900837 40.3454094 -7.41718006
v -15.9020815 42.0539436 -4.78558683
v -15.2227859 43.3548813 -1.48998642
v -14.1379642 44.1940041 1.98178005
v -12.2406502 44.6674309 5.08055496
v -9.56714439 44.8008957 7.15733528
v -6.38873434 44.5556183 7.73651743
v -2.67645192 42.4482689 3.11622691
v -4.00476503 43.8045502 4.33642626
v -5.99854565 44.6929283 5.20712757
v -8.2355442 45.0067558 5.0084734
v -10.2030296 44.7886658 3.31192255
v -11.6448717 44.1270752 0.572106004
v -12.4692469 43.0924873 -2.57024693
v -1.53424788 47.0578728 6.47745514
v -1.90593219 46.8062019 5.65001774
v -0.987552106 47.0603447 5.02816868
v -0.778513074 47.3948288 6.2487154
v -0.535987198 48.1708374 5.08031273
v -0.431009293 48.1924438 6.0270462
v -1.66340637 47.5822067 4.48161411
v -1.12394762 48.3223267 4.5700655
v -2.23951769 47.1975517 5.02842188
v -12.402215 46.8495102 -2.40060449
v -12.9319677 45.2406082 -4.5447588
v -12.5669127 46.0031052 -5.27836704
v -12.0331144 47.716835 -3.04431081
v -12.9318514 46.9373093 -5.8035593
v -12.4012775 48.6960068 -3.48236084
v -13.3637333 44.7314911 -6.5908618
v -13.4735613 45.6347389 -6.86212015
v -13.4735613 44.3459358 -5.80023098
v -14.3328857 44.1227379 -5.73920393
v -14.4777079 44.4235649 -6.87145901
v -14.3328857 45.6785507 -7.05314064
v -15.3020372 45.0697975 -6.20147943
v -15.0541887 45.9087067 -6.5370388
v -15.0541906 44.6225204 -5.47937584
v -3.84578085 49.1726379 8.5559864
v -2.26976705 47.8849907 7.49566126
v -1.45826125 48.5971336 7.57417536
v -3.21883774 50.0124016 8.70232296
v -0.953168333 49.3889809 6.9861207
v -2.72617674 50.8544807 8.14068604
v -13.3852177 46.6493225 -1.92769289
v -13.9241724 45.0696754 -4.11191416
v -14.9027357 45.578022 -4.11099052
v -14.3679724 47.1432533 -1.85818756
v -3.061692 50.830574 6.24279928
v -2.67977643 51.1522331 7.11200809
v -1.05270779 49.6878242 5.93787909
v -1.67791629 49.4685783 5.11924791
v -13.9240599 47.3992271 -5.84306002
v -13.3843145 49.1944313 -3.40685296
v -14.9026909 47.271534 -5.36132479
v -14.3675966 48.9987221 -2.92793727
v -12.8261938 50.5905151 -0.297626019
v -11.8986816 50.1253204 -0.518125474
v -11.9160309 51.5516891 2.92839098
v -11.0792942 51.1384659 2.54363894
v -13.7563629 50.3477898 0.209018901
v -12.7693577 51.2599182 3.49513102
v -10.2977667 52.1423454 5.72125292
v -9.62571239 51.7846985 5.18489027
v -7.99043655 52.3277283 7.49163675
v -7.59305096 52.0010376 6.81776953
v -11.0251799 51.8071175 6.38182831
v -8.52877712 51.979969 8.27434921
v -5.22183847 52.0367546 7.83334398
v -5.2143302 51.7027931 7.03767157
v -5.51177979 51.720089 8.75251579
v -2.88581514 47.6375351 6.65306425
v -3.02005506 47.9886284 5.64418507
v -4.25026655 48.8810616 7.69672966
v -4.22643661 49.2088928 6.67800283
v -6.25742292 49.6511078 8.28617382
v -6.00195885 50.0225945 7.37503862
v -8.50726795 49.8547516 7.89073277
v -8.00720882 50.2734222 7.11262798
v -6.23045301 49.9302444 9.07381058
v -8.86637592 50.1105232 8.55999088
v -10.5007343 49.6017761 6.17670298
v -9.79951286 50.0026627 5.51906061
v -11.9768581 48.9667206 3.59568071
v -11.1333485 49.3042259 3.03231382
v -11.1466026 49.8937759 6.71013069
v -12.8037786 49.3342094 3.97705865
v -12.8359442 47.9948196 0.751579881
v -11.9076738 48.2597923 0.250104874
v -13.7615566 48.437767 0.966908693
v -15.2813187 46.4658051 -4.67660904
v -14.7364197 48.1269035 -2.29023361
v -14.1069183 49.4303169 0.723333836
v -13.1016159 50.3112602 3.91386724
v -11.34338 50.8423347 6.76985598
v -8.86584854 51.0280037 8.68941498
v -5.92042398 50.8181267 9.23319054
v -2.48026133 48.7282219 5.01676893
v -3.71120548 50.0208931 6.10641384
v -5.55883741 50.8697319 6.88632727
v -7.63185787 51.1544724 6.69295502
v -9.45512199 50.9017868 5.12809896
v -10.7912741 50.2071533 2.61020374
v -11.5552197 49.1550179 -0.269381076
v -1.42178357 53.0981445 7.99226522
v -1.76622248 52.8403168 7.23339891
v -0.915162086 53.0571251 6.6498394
v -0.721446037 53.4033966 7.77033472
v -0.496697992 54.0872345 6.66495752
v -0.399415225 54.1355438 7.54119015
v -1.54147446 53.5241547 6.12801981
v -1.04155934 54.212307 6.1878314
v -2.07535529 53.1842194 6.64597416
v -11.4931021 52.6398849 -0.224507675
v -11.9840221 51.0856361 -2.16238666
v -11.6457262 51.7699547 -2.86464691
v -11.1510563 53.4239922 -0.846633315
v -11.9839134 52.6195412 -3.37900233
v -11.4922323 54.3178291 -1.28161597
v -12.3841381 50.5529556 -4.04230881
v -12.4859142 51.3814545 -4.3205409
v -12.4859142 50.219471 -3.29849315
v -13.2822485 50.0145607 -3.2353003
v -13.4164543 50.2593651 -4.29300308
v -13.2822485 51.4163208 -4.49877357
v -14.1803589 50.8779335 -3.69176364
v -13.9506779 51.6449127 -4.02762938
v -13.9506798 50.4852333 -3.00957513
v -3.56387544 55.1189728 9.85424709
v -2.10338736 53.8946533 8.91063118
v -1.35136712 54.5565987 8.96207428
v -2.9828887 55.9011459 9.96469688
v -0.883298695 55.2724457 8.39375019
v -2.52634096 56.6643105 9.41933918
v -12.404048 52.4685974 0.219491959
v -12.9034948 50.9402542 -1.75637186
v -13.8103294 51.4111137 -1.77070403
v -13.314764 52.9281693 0.269110352
v -2.83726215 56.5854683 7.66220236
v -2.48334217 56.909359 8.4576664
v -0.975541711 55.5179176 7.41392374
v -1.55492067 55.2903938 6.66224527
v -12.9033909 53.0461884 -3.42938948
v -12.4032097 54.7817192 -1.22657144
v -13.8102865 52.9423103 -2.97938299
v -13.3144169 54.6147652 -0.777145624
v -11.8860006 56.1677017 1.61152935
v -11.0264788 55.7302437 1.42119944
v -11.0425558 57.1543465 4.57079983
v -10.2671528 56.7601166 4.22678328
v -12.7479868 55.9580193 2.08804488
v -11.8333311 56.9010391 5.10444117
v -9.54291534 57.7848663 7.13994408
v -8.9201231 57.4375763 6.65384245
v -7.40471745 58.0094643 8.7741642
v -7.03646088 57.6867447 8.15977859
v -10.2170067 57.4941063 7.761796
v -7.90359592 57.7107468 9.50951385
v -4.8390646 57.7501717 9.09935284
v -4.83210659 57.4170723 8.372365
v -5.10775232 57.484333 9.96016407
v -2.67427754 53.6402817 8.13759899
v -2.79867744 53.9353256 7.19266796
v -3.9387114 54.8232307 9.06710148
v -3.91662788 55.0964432 8.11374664
v -5.798738 55.5540733 9.59004879
v -5.56200027 55.8709335 8.73503971
v -7.88366365 55.7308769 9.2176981
v -7.42025995 56.0954094 8.48449707
v -5.77374554 55.8361473 10.3112297
v -8.21644878 55.9877815 9.82993412
v -9.73100376 55.4453583 7.63769579
v -9.08118343 55.7970123 7.01660013
v -11.0989246 54.7800407 5.26608753
v -10.3172455 55.0758133 4.73420429
v -10.3295279 55.7317429 8.12304115
v -11.8652287 55.1318092 5.60834599
v -11.8950357 53.7948761 2.66087532
v -11.0348101 54.0253143 2.18848395
v -12.7527981 54.2115746 2.84708166
v -14.1611595 52.2164917 -2.32111526
v -13.6562023 53.8263321 -0.160446897
v -13.0728445 55.1236115 2.59182358
v -12.1412344 56.0348854 5.52062464
v -10.5118818 56.6121025 8.15001678
v -8.2159586 56.8414307 9.92239571
v -5.48644209 56.6632843 10.4323206
v -2.2984519 54.6016006 6.5894475
v -3.43916464 55.8314514 7.56007099
v -5.15136051 56.6409645 8.25707722
v -7.0724225 56.8989182 8.06946373
v -8.76203823 56.6181145 6.62762117
v -10.000246 55.8995018 4.31626225
v -10.7081928 54.8389664 1.68058121
v -1.31756341 58.7379875 9.21483421
v -1.63675404 58.4765129 8.51966476
v -0.84807843 58.659893 7.97268486
v -0.668562353 59.0140915 9.00015926
v -0.460288793 59.6144524 7.95590878
v -0.370137066 59.6853676 8.76604652
v -1.42848051 59.0768661 7.47541332
v -0.965210497 59.7160339 7.51025105
v -1.92322683 58.7774887 7.96530771
v -10.65063 58.0680504 1.61802411
v -11.1055641 56.5705757 -0.130434081
v -10.7920656 57.1834221 -0.801323593
v -10.3336563 58.7757072 1.01837349
v -11.105464 57.9549484 -1.30311084
v -10.6498232 59.5905914 0.588778138
v -11.4763498 56.0210266 -1.85573232
v -11.5706663 56.7800827 -2.13818741
v -11.5706663 55.734375 -1.15683389
v -12.3086271 55.5464706 -1.09218121
v -12.4329958 55.7416115 -2.07915664
v -12.3086271 56.8070564 -2.30431247
v -13.1409035 56.3325005 -1.54076064
v -12.9280586 57.0328636 -1.87476039
v -12.9280605 55.989151 -0.897174954
v -3.30263495 60.6653481 10.8790522
v -1.94920385 59.50317 10.0416422
v -1.25230849 60.1178093 10.0695114
v -2.7642355 61.3931084 10.957984
v -0.818550706 60.7638588 9.52173233
v -2.34115386 62.0836716 10.4300642
v -11.4947996 57.9226608 2.03438044
v -11.9576368 56.4480476 0.249967054
v -12.7979984 56.8837395 0.222624704
v -12.3387594 58.3498039 2.06660652
v -2.62928391 61.9581413 8.80493069
v -2.30130696 62.2819061 9.53202629
v -0.904032052 60.9619484 8.60686779
v -1.44094121 60.7287445 7.91744852
v -11.9575396 58.3486214 -1.36252844
v -11.4940243 60.0219002 0.625901163
v -12.7979574 58.2658501 -0.942620635
v -12.3384371 59.8806992 1.04715562
v -11.0147276 61.3904228 3.21318507
v -10.2182112 60.9795532 3.04996896
v -10.2331095 62.3926849 5.92462921
v -9.51454449 62.0172653 5.61777401
v -11.8135281 61.2104492 3.66080594
v -10.9659176 62.1740036 6.42646503
v -8.84339619 63.0534401 8.28537178
v -8.26625538 62.7172585 7.84551334
v -6.86193323 63.3102989 9.79230118
v -6.52067041 62.9930267 9.23288918
v -9.4680748 62.8027191 8.8700285
v -7.32424259 63.0555954 10.4823198
v -4.48434973 63.0798492 10.101244
v -4.47790098 62.7496071 9.43784809
v -4.73334169 62.8593445 10.9064827
v -2.47824621 59.2444649 9.33324718
v -2.59352756 59.4895134 8.44922161
v -3.64999413 60.3679047 10.158823
v -3.62952924 60.5924759 9.26764774
v -5.37367582 61.0604553 10.6213484
v -5.15429211 61.3283882 9.81995869
v -7.30577183 61.2130852 10.2711897
v -6.87633657 61.5288124 9.58119488
v -5.35051537 61.3432617 11.2808905
v -7.61416292 61.469326 10.8305759
v -9.01769638 60.9014244 8.81629753
v -8.41550922 61.20858 8.2305212
v -10.285346 60.2143326 6.63955402
v -9.56096554 60.4723969 6.13807869
v -9.57234764 61.1811829 9.25727558
v -10.9954786 60.5503769 6.94604969
v -11.0231009 59.2240257 4.256001
v -10.2259321 59.4233475 3.81158018
v -11.8179874 59.6155396 4.41601849
v -13.1231117 57.6132545 -0.311237693
v -12.6551695 59.1688652 1.64190805
v -12.1145735 60.4526558 4.15234423
v -11.2512512 61.3841972 6.8378191
v -9.74133396 61.9973907 9.25595856
v -7.61370945 62.2627525 10.8907118
v -5.08427238 62.1129837 11.3683338
v -2.1299696 60.0886078 7.87060213
v -3.1870656 61.2567101 8.73286438
v -4.77375269 62.0273132 9.35425568
v -6.55399752 62.2606316 9.17277908
v -8.11975861 61.9574738 7.84571075
v -9.26720333 61.2228203 5.72636461
v -9.92325592 60.1617889 3.31684184
v -1.22098255 63.99823 10.1786909
v -1.51677585 63.7352791 9.54262543
v -0.785912097 63.8887863 9.03052425
v -0.619554877 64.247551 9.97160625
v -0.426548362 64.7724152 8.98646641
v -0.343005002 64.8622971 9.73471069
v -1.32376909 64.2601395 8.55748653
v -0.894458055 64.8531876 8.57065678
v -1.78224921 63.9974861 9.02017975
v -9.86991119 63.1507416 3.16242218
v -10.2914982 61.711525 1.58771539
v -10.0009804 62.2591057 0.948014915
v -9.57617378 63.7882805 2.58587241
v -10.2914038 62.9587173 0.460200071
v -9.86916351 64.5302048 2.16362691
v -10.6351042 61.1509743 0.00613716664
v -10.7225065 61.8455811 -0.278157711
v -10.7225065 60.9063492 0.662030935
v -11.406373 60.7342491 0.727527261
v -11.5216265 60.885498 -0.192454934
v -11.406373 61.8656006 -0.432830572
v -12.1776419 61.4488754 0.288560957
v -11.9804001 62.0875778 -0.0417201333
v -11.980401 61.1500969 0.894920111
v -3.06054306 65.833107 11.6625299
v -1.80632186 64.7316589 10.9216309
v -1.16051102 65.3017807 10.9290791
v -2.56160998 66.5095291 11.7138929
v -0.758548796 65.8838043 10.4024153
v -2.16954112 67.1333618 11.2042933
v -10.6522017 63.0285301 3.55240202
v -11.0811129 61.6094017 1.94370878
v -11.8598728 62.0121346 1.9053663
v -11.4342966 63.4251175 3.56948781
v -2.43655062 66.9685364 9.70282173
v -2.13261533 67.2901382 10.3665943
v -0.837764144 66.0399323 9.54913425
v -1.33531642 65.8033447 8.91755199
v -11.0810223 63.3215637 0.393404156
v -10.6514835 64.9308014 2.18512535
v -11.8598337 63.2574425 0.784803212
v -11.4339981 64.8125916 2.57951617
v -10.2073202 66.2756348 4.54061985
v -9.4691906 65.890213 4.40172148
v -9.48299599 67.2849655 7.0220561
v -8.81710625 66.9280777 6.74905825
v -10.947567 66.1223221 4.96058989
v -10.1620893 67.0974197 7.49339676
v -8.19515228 67.9674988 9.18887043
v -7.6603179 67.6429749 8.79151058
v -6.35893583 68.2504349 10.5769377
v -6.04268885 67.9398575 10.0682812
v -8.77404022 67.7527466 9.73788071
v -6.78735685 68.035141 11.2236528
v -4.15563488 68.0462189 10.8699694
v -4.14965963 67.72052 10.2653894
v -4.38637543 67.8660431 11.622385
v -2.29658461 64.470871 10.2732325
v -2.4034152 64.6714325 9.44711399
v -3.38244009 65.5361023 11.0043287
v -3.36347556 65.7174683 10.1721992
v -4.97977114 66.1913528 11.412035
v -4.77646875 66.4155807 10.6617708
v -6.77023888 66.3222733 11.0831528
v -6.37228346 66.5940857 10.434638
v -4.95830917 66.4730072 12.0144644
v -7.05602407 66.5763168 11.5936108
v -8.3566761 65.9901352 9.74492168
v -7.79863119 66.2571182 9.19318867
v -9.5314045 65.2887115 7.74931574
v -8.86012268 65.5127335 7.27713108
v -8.87067032 66.2624283 10.1450024
v -10.1894827 65.6091156 8.02315617
v -10.2150803 64.3002472 5.57121944
v -9.47634602 64.4715805 5.15363455
v -10.9516993 64.6676559 5.7077322
v -12.1611547 62.6718597 1.38909841
v -11.7275133 64.1710587 3.15165424
v -11.2265444 65.4351349 5.43850231
v -10.426507 66.3781738 7.89799833
v -9.02727032 67.0183716 10.1193962
v -7.05560446 67.3129959 11.6256018
v -4.71158218 67.1885529 12.0724573
v -1.97383738 65.2090302 8.89328861
v -2.95344543 66.3167114 9.65702915
v -4.42382479 67.0490265 10.209548
v -6.07357264 67.2597046 10.0344896
v -7.52455902 66.9392624 8.81439495
v -8.58789444 66.1954956 6.87337303
v -9.19585609 65.1407547 4.67333746
v -1.13148153 68.8991547 10.9142637
v -1.40559232 68.6365967 10.3329868
v -0.728302836 68.7634735 9.85408401
v -0.574140072 69.1238861 10.7150097
v -0.395281315 69.5805893 9.78687668
v -0.317861944 69.686203 10.4772253
v -1.22673368 69.0932999 9.40485287
v -0.828892112 69.6429749 9.39933205
v -1.65160584 68.8638458 9.84125423
v -9.14642143 67.9045563 4.44100666
v -9.53710461 66.5244827 3.02548933
v -9.26788235 67.0125504 2.41662836
v -8.87421513 68.477829 3.88794923
v -9.53701878 67.6459656 1.94390309
v -9.14572906 69.1523895 3.47469211
v -9.85552406 65.9580307 1.57735527
v -9.93652058 66.5929031 1.2932837
v -9.93652058 65.7510605 2.19216323
v -10.5702572 65.5936127 2.2579689
v -10.677062 65.7062149 1.40134823
v -10.5702572 66.6068268 1.14942467
v -11.2849903 66.2424011 1.8300401
v -11.1022062 66.8241119 1.50504565
v -11.1022072 65.9837799 2.40058565
v -2.83619761 70.6429749 12.2337971
v -1.67391407 69.6006622 11.5804739
v -1.07544267 70.1289368 11.5703382
v -2.37383747 71.2710266 12.2611609
v -0.702945292 70.6522751 11.0651445
v -2.01050854 71.8336029 11.7705212
v -9.87136841 67.8030167 4.8058629
v -10.2688379 66.4405365 3.35826802
v -10.9905138 66.8124008 3.31072068
v -10.5961342 68.1708527 4.80983973
v -2.2579453 71.6360779 10.384758
v -1.97628927 71.9537811 10.9899473
v -0.776354015 70.7713928 10.2701569
v -1.23743451 70.5333939 9.69224358
v -10.2687559 67.9800491 1.87119532
v -9.87070274 69.5240784 3.48263407
v -10.9904785 67.9323502 2.23563051
v -10.5958576 69.426384 3.85145688
v -9.45909786 70.8400726 5.6241498
v -8.77507401 70.4789276 5.50701571
v -8.7878685 71.8490601 7.8923378
v -8.17078876 71.5103455 7.65014696
v -10.1450825 70.7106171 6.01771355
v -9.41718292 71.6894302 8.33450508
v -7.59442759 72.5459824 9.87888336
v -7.0987978 72.2335281 9.52053928
v -5.89281034 72.8495026 11.1560802
v -5.5997448 72.5466461 10.6942329
v -8.13088131 72.363472 10.3938007
v -6.28982639 72.6694183 11.7615108
v -3.85101652 72.6691132 11.4335918
v -3.84547901 72.3493881 10.8833523
v -4.06484318 72.5247192 12.1358728
v -2.12823915 69.3397522 10.987709
v -2.22723866 69.5008163 10.2165527
v -3.13449883 70.3482208 11.6330338
v -3.11692429 70.4913406 10.856884
v -4.61474228 70.9673157 11.9910803
v -4.42634201 71.1525726 11.2894745
v -6.27396441 71.0787354 11.6825533
v -5.9051795 71.3111191 11.0737667
v -4.59485245 71.2461777 12.5406437
v -6.53880072 71.3292847 12.1477566
v -7.74411106 70.7311249 10.4529848
v -7.2269721 70.9619217 9.93398476
v -8.83272743 70.0218277 8.62558079
v -8.21065331 70.2152252 8.1815424
v -8.22042751 70.9952774 10.8154106
v -9.44256783 70.326767 8.86964417
v -9.46628857 69.0412216 6.63772774
v -8.78170395 69.187439 6.24583435
v -10.1489115 69.3855972 6.75319099
v -11.2697115 67.4080353 2.8128345
v -10.867856 68.8492661 4.40054798
v -10.4036102 70.0884018 6.48089504
v -9.66221619 71.035347 8.73074245
v -8.36554813 71.6946793 10.7691088
v -6.53841162 72.0125732 12.1553764
v -4.36621141 71.9106598 12.5729809
v -1.8291502 69.9822083 9.68752766
v -2.73695064 71.030983 10.3618212
v -4.09954739 71.725769 10.8516932
v -5.62836456 71.9156723 10.6832561
v -6.97299051 71.5824203 9.56276035
v -7.95837927 70.8355408 7.78717613
v -8.5217762 69.7928848 5.78098249
v -1.04854083 73.460434 11.4491348
v -1.30255866 73.1998901 10.9185905
v -0.674916089 73.303093 10.4712334
v -0.532053828 73.6626358 11.2578669
v -0.366305977 74.0579071 10.3845711
v -0.294561595 74.1763611 11.0208273
v -1.13681066 73.5951538 10.0452948
v -0.768132031 74.1041183 10.0237579
v -1.53053892 73.3956757 10.4563513
v -8.47596645 72.3458328 5.48321867
v -8.83801174 71.0252762 4.21337891
v -8.58852386 71.4591446 3.63485932
v -8.22371292 72.8602753 4.95384073
v -8.83793068 72.0317001 3.17808986
v -8.47532463 73.4727097 4.55092001
v -9.13308907 70.4573669 2.8890183
v -9.208148 71.0368958 2.60693789
v -9.208148 70.2840271 3.46464705
v -9.79543018 70.1401596 3.53030205
v -9.89440536 70.2188644 2.7335217
v -9.79543018 71.0454865 2.47327828
v -10.4577713 70.7282944 3.11456275
v -10.2883863 71.25737 2.79616714
v -10.2883873 70.505806 3.650738
v -2.62829709 75.1150284 12.6192036
v -1.55121207 74.1300888 12.045228
v -0.996609807 74.6190872 12.0200577
v -2.1998291 75.6975479 12.6257839
v -0.651417434 75.0887222 11.5365028
v -1.86313272 76.2039642 12.1545391
v -9.14777279 72.2626724 5.82418919
v -9.51610661 70.9574661 4.52411127
v -10.1848812 71.3004761 4.46896172
v -9.81941032 72.6034851 5.81688166
v -2.09243202 75.9796066 10.8769245
v -1.83142209 76.2919464 11.4279671
v -0.71944499 75.1753006 10.7966137
v -1.14672709 74.9375839 10.2684526
v -9.51602936 72.3389587 3.10076427
v -9.14715576 73.817215 4.54717112
v -10.1848488 72.3056717 3.43973446
v -9.81915379 73.7377319 4.89169979
v -8.76572227 75.1000977 6.49135637
v -8.13183975 74.7621002 6.39365578
v -8.14369583 76.1024094 8.56204224
v -7.57184935 75.7814484 8.34784126
v -9.40142155 74.9919434 6.85974932
v -8.72687912 75.9677658 8.97635365
v -7.03773642 76.807251 10.3811893
v -6.57843685 76.5071487 10.0586205
v -5.46085167 77.1265488 11.5550795
v -5.18926907 76.8322372 11.1363592
v -7.53486729 76.653595 10.8635674
v -5.82876635 76.9778366 12.1212196
v -3.56872702 76.9677505 11.8175058
v -3.56359529 76.6551819 11.3174171
v -3.76687956 76.8549957 12.4722843
v -1.97223353 73.8707199 11.5039959
v -2.06397653 73.9968643 10.7849264
v -2.90473199 74.8240585 12.0715752
v -2.88844585 74.9334259 11.3484154
v -4.27646971 75.4081802 12.3847065
v -4.1018796 75.5588074 11.7293329
v -5.81406593 75.5021667 12.0956144
v -5.47231436 75.6992111 11.5248022
v -4.25803804 75.6828918 12.8853874
v -6.05948973 75.7481232 12.5190048
v -7.17644835 75.1434555 10.9671555
v -6.69721651 75.3417206 10.4795532
v -8.18526649 74.4319 9.29577732
v -7.60879183 74.5977554 8.8787241
v -7.61784935 75.3989563 11.2949476
v -8.7504034 74.7216339 9.51272106
v -8.7723856 73.4642563 7.48389578
v -8.13798332 73.5879745 7.11654902
v -9.40497017 73.7866669 7.58054972
v -10.4436121 71.8372803 3.99001551
v -10.0712156 73.2196198 5.41752005
v -9.64099884 74.4294739 7.30734587
v -8.95395184 75.3737869 9.36289692
v -7.75233269 76.045372 11.2311649
v -6.05912876 76.381218 12.5056496
v -4.04615641 76.2993011 12.8954849
v -1.6950686 74.4269333 10.2805529
v -2.53632498 75.418457 10.8737583
v -3.7990396 76.076622 11.3067255
v -5.21579075 76.2474899 11.1450453
v -6.46185207 75.9053421 10.1171799
v -7.37501001 75.1605225 8.49492168
v -7.89710855 74.1348648 6.66790581
v 1.08485377 51.9532738 -12.0010471
v 1.64674449 52.1384926 -11.5221605
v 1.74124193 51.1539879 -12.3188591
v 1.0328021 51.1437149 -12.6239166
v 2.16278505 51.9780197 -10.9049196
v 2.32719111 51.179142 -11.3901501
v 2.21528435 50.3811531 -11.7420664
v 1.71324897 50.1843643 -12.4919081
v 1.14032745 50.3474312 -12.7857475
v 2.28718185 52.8033943 -8.16514015
v 2.21858668 52.2592506 -9.71892071
v 1.46825206 52.6042938 -10.4265499
v 1.3237977 52.7829628 -9.6582613
v 0.714760661 52.2292519 -11.4407835
v 0 52.7729073 -10.7154207
v 2.46839786 49.6614609 -10.0040865
v 2.29538941 50.1446114 -10.9262314
v 2.52098656 51.2096443 -10.0577126
v 2.56609464 51.2479362 -8.94257355
v 0 49.5761757 -12.1948757
v 0.775682807 50.0948944 -12.5218229
v 1.56266832 49.756588 -11.9704123
v 1.4419955 49.5998573 -11.5881567
v 0.491559952 51.1558228 -12.2626133
v 0 51.1802635 -11.5503111
v 1.08694828 40.731369 -11.4179144
v 1.12552416 41.5086441 -12.1063805
v 1.80214059 41.5274239 -11.8092318
v 1.58986974 40.5775986 -10.9212513
v 1.30385637 42.3128548 -12.3063641
v 1.89290082 42.508152 -12.0292978
v 2.3655324 42.3723984 -11.2366514
v 2.3572464 41.5771065 -10.8441696
v 2.09340191 40.7843208 -10.303627
v 0 43.1793976 -11.5986309
v 0.921288908 42.6041718 -11.9810495
v 0.56031549 41.5363045 -11.6874094
v 0 41.590374 -10.9006052
v 0.700585127 40.4924126 -10.8338575
v 0 39.9817657 -10.1895466
v 2.7806561 43.2968826 -9.42820454
v 2.50354457 42.6860352 -10.3601055
v 1.78796637 43.0002823 -11.4307384
v 1.7122426 43.2026634 -10.957262
v 2.18540549 40.0698471 -7.66257334
v 2.12733412 40.5609512 -9.09962749
v 2.5734787 41.6384125 -9.46284199
v 2.65704656 41.7171745 -8.37927723
v 1.3723278 40.1652718 -9.79874134
v 1.22488284 40.0151443 -9.09892654
v 1.41640043 47.0805511 -13.5119514
v 1.28759718 47.8801994 -13.7210865
v 1.96586883 47.8993225 -13.4931307
v 1.99340606 46.9246979 -13.1884613
v 1.28087151 48.7064514 -13.4878426
v 1.80272055 48.9041557 -13.1682816
v 2.29667425 48.7594032 -12.5415602
v 2.5085299 47.948658 -12.6356602
v 2.46906662 47.1400986 -12.5721979
v 0.852710843 49.0006523 -12.9941959
v 0.664710283 47.907547 -13.2899895
v 0 47.9635773 -12.4886026
v 0.990386903 46.8398247 -13.080452
v 0 46.3556633 -12.4493542
v 2.35476947 49.0688858 -11.5081463
v 1.58699822 49.3982506 -12.2927332
v 2.84644508 46.4674835 -10.429657
v 2.59388113 46.9211693 -11.626194
v 2.7370553 48.0098267 -11.3300295
v 2.83182549 48.0928688 -10.0973787
v 1.84921265 46.5098915 -12.4238482
v 1.74966693 46.3656158 -11.9546804
v 1.66215909 45.4531288 -13.689847
v 2.31854677 45.6509895 -13.4618282
v 2.42461801 44.6683311 -13.4921398
v 1.59639966 44.6464043 -13.6619482
v 2.8670218 45.5222397 -12.7693214
v 3.02929091 44.7307549 -12.599473
v 2.8550508 43.9433289 -12.2216425
v 2.30714369 43.7261696 -12.799592
v 1.65410507 43.874218 -13.1531277
v 2.86762094 45.8438568 -11.7615891
v 2.019979 46.1510582 -12.6592932
v 1.11626589 45.7536583 -13.196825
v 2.84403753 43.739872 -11.0361767
v 3.16019702 44.8096008 -11.1698704
v 3.08167911 44.9139061 -9.83292675
v 1.10597897 43.6490402 -12.5112562
v 1.99744153 43.3332291 -11.7080641
v 0.820769668 44.6857452 -13.1021681
v 0 44.7635231 -12.1367044
v -1.08485377 51.9532738 -12.0010471
v -1.0328021 51.1437149 -12.6239166
v -1.74124193 51.1539879 -12.3188591
v -1.64674449 52.1384926 -11.5221605
v -2.32719111 51.179142 -11.3901501
v -2.16278505 51.9780197 -10.9049196
v -1.71324897 50.1843643 -12.4919081
v -2.21528435 50.3811531 -11.7420664
v -1.14032745 50.3474312 -12.7857475
v -2.28718185 52.8033943 -8.16514015
v -1.3237977 52.7829628 -9.6582613
v -1.46825206 52.6042938 -10.4265499
v -2.21858668 52.2592506 -9.71892071
v -0.714760661 52.2292519 -11.4407835
v -2.46839786 49.6614609 -10.0040865
v -2.56609464 51.2479362 -8.94257355
v -2.52098656 51.2096443 -10.0577126
v -2.29538941 50.1446114 -10.9262314
v -1.4419955 49.5998573 -11.5881567
v -1.56266832 49.756588 -11.9704123
v -0.775682807 50.0948944 -12.5218229
v -0.491559952 51.1558228 -12.2626133
v -1.08694828 40.731369 -11.4179144
v -1.58986974 40.5775986 -10.9212513
v -1.80214059 41.5274239 -11.8092318
v -1.12552416 41.5086441 -12.1063805
v -1.89290082 42.508152 -12.0292978
v -1.30385637 42.3128548 -12.3063641
v -2.3572464 41.5771065 -10.8441696
v -2.3655324 42.3723984 -11.2366514
v -2.09340191 40.7843208 -10.303627
v -0.56031549 41.5363045 -11.6874094
v -0.921288908 42.6041718 -11.9810495
v -0.700585127 40.4924126 -10.8338575
v -2.7806561 43.2968826 -9.42820454
v -1.7122426 43.2026634 -10.957262
v -1.78796637 43.0002823 -11.4307384
v -2.50354457 42.6860352 -10.3601055
v -2.18540549 40.0698471 -7.66257334
v -2.65704656 41.7171745 -8.37927723
v -2.5734787 41.6384125 -9.46284199
v -2.12733412 40.5609512 -9.09962749
v -1.22488284 40.0151443 -9.09892654
v -1.3723278 40.1652718 -9.79874134
v -1.41640043 47.0805511 -13.5119514
v -1.99340606 46.9246979 -13.1884613
v -1.96586883 47.8993225 -13.4931307
v -1.28759718 47.8801994 -13.7210865
v -1.80272055 48.9041557 -13.1682816
v -1.28087151 48.7064514 -13.4878426
v -2.5085299 47.948658 -12.6356602
v -2.29667425 48.7594032 -12.5415602
v -2.46906662 47.1400986 -12.5721979
v -0.664710283 47.907547 -13.2899895
v -0.852710843 49.0006523 -12.9941959
v -0.990386903 46.8398247 -13.080452
v -1.58699822 49.3982506 -12.2927332
v -2.35476947 49.0688858 -11.5081463
v -2.84644508 46.4674835 -10.429657
v -2.83182549 48.0928688 -10.0973787
v -2.7370553 48.0098267 -11.3300295
v -2.59388113 46.9211693 -11.626194
v -1.74966693 46.3656158 -11.9546804
v -1.84921265 46.5098915 -12.4238482
v -1.66215909 45.4531288 -13.689847
v -1.59639966 44.6464043 -13.6619482
v -2.42461801 44.6683311 -13.4921398
v -2.31854677 45.6509895 -13.4618282
v -3.02929091 44.7307549 -12.599473
v -2.8670218 45.5222397 -12.7693214
v -2.30714369 43.7261696 -12.799592
v -2.8550508 43.9433289 -12.2216425
v -1.65410507 43.874218 -13.1531277
v -2.019979 46.1510582 -12.6592932
v -2.86762094 45.8438568 -11.7615891
v -1.11626589 45.7536583 -13.196825
v -3.08167911 44.9139061 -9.83292675
v -3.16019702 44.8096008 -11.1698704
v -2.84403753 43.739872 -11.0361767
v -1.99744153 43.3332291 -11.7080641
v -1.10597897 43.6490402 -12.5112562
v -0.820769668 44.6857452 -13.1021681

# 3975 UV coordinates
vt 0.873039961 0.607999086 0
vt 0.885035038 0.624999762 0
vt 0.859668493 0.64994216 0
vt 0.849716663 0.627511859 0
vt 0.837949872 0.637975216 0
vt 0.847829342 0.661982 0
vt 0.835990131 0.67402184 0
vt 0.826183081 0.648438632 0
vt 0.899684906 0.64160037 0
vt 0.873145044 0.669119 0
vt 0.189584062 0.40565449 0
vt 0.223303214 0.436306477 0
vt 0.200911507 0.444969922 0
vt 0.184901252 0.41012612 0
vt 0.839126706 0.607384086 0
vt 0.863258004 0.592268646 0
vt 0.82987082 0.58789432 0
vt 0.856222987 0.576780498 0
vt 0.813777804 0.625474215 0
vt 0.826452255 0.61642915 0
vt 0.795557499 0.599918842 0
vt 0.812714159 0.593906581 0
vt 0.881897807 0.580157995 0
vt 0.89177227 0.591681957 0
vt 0.894427717 0.568738163 0
vt 0.905299544 0.576738119 0
vt 0.875708461 0.568702996 0
vt 0.886630058 0.563322544 0
vt 0.904850364 0.60499835 0
vt 0.920651317 0.61966753 0
vt 0.919471622 0.5876472 0
vt 0.936573982 0.60066849 0
vt 0.875970304 0.428395957 0
vt 0.859711826 0.451226324 0
vt 0.844915271 0.442599028 0
vt 0.859601498 0.415234059 0
vt 0.850947499 0.409332633 0
vt 0.83741051 0.438942224 0
vt 0.829905748 0.435285419 0
vt 0.842293441 0.403431177 0
vt 0.849707603 0.477778226 0
vt 0.834285259 0.472831637 0
vt 0.827009737 0.470702231 0
vt 0.819734216 0.468572795 0
vt 0.877810836 0.391766608 0
vt 0.896010756 0.4115493 0
vt 0.896060109 0.375466436 0
vt 0.912344396 0.399638414 0
vt 0.857207656 0.373969525 0
vt 0.867509246 0.382868052 0
vt 0.873533905 0.343907416 0
vt 0.884796977 0.359686911 0
vt 0.912893414 0.427767456 0
vt 0.898923159 0.442617297 0
vt 0.926225543 0.438140601 0
vt 0.919921517 0.453009814 0
vt 0.923829317 0.417010218 0
vt 0.930168867 0.427883565 0
vt 0.882365108 0.461437613 0
vt 0.872034907 0.48430863 0
vt 0.912630916 0.472234637 0
vt 0.904822111 0.494722039 0
vt 0.923520148 0.544561863 0
vt 0.908405304 0.540308774 0
vt 0.914585114 0.521484911 0
vt 0.930727959 0.525798857 0
vt 0.921325088 0.499962538 0
vt 0.937674403 0.505130708 0
vt 0.893383443 0.537499428 0
vt 0.898209155 0.517686307 0
vt 0.949176192 0.531553924 0
vt 0.940704763 0.551783025 0
vt 0.969401479 0.539324403 0
vt 0.960282028 0.561015189 0
vt 0.956208587 0.511104047 0
vt 0.977136493 0.517956853 0
vt 0.930842757 0.570484638 0
vt 0.915286362 0.561625421 0
vt 0.949553132 0.581696749 0
vt 0.902422547 0.555466056 0
vt 0.889337599 0.55260849 0
vt 0.914648712 0.162198007 0
vt 0.913460553 0.191397458 0
vt 0.882799387 0.192587957 0
vt 0.883177757 0.163004607 0
vt 0.853699565 0.196767628 0
vt 0.853071749 0.16759643 0
vt 0.913831949 0.220620885 0
vt 0.883800328 0.221870691 0
vt 0.855239213 0.225398481 0
vt 0.884423614 0.134402066 0
vt 0.916874051 0.134435654 0
vt 0.887020946 0.111394048 0
vt 0.919451356 0.111821562 0
vt 0.853309155 0.138140202 0
vt 0.852844357 0.107546002 0
vt 0.950230956 0.137074322 0
vt 0.948840797 0.164213836 0
vt 0.983472526 0.139929444 0
vt 0.982276678 0.166642845 0
vt 0.951925159 0.113441586 0
vt 0.984622717 0.120758027 0
vt 0.947572172 0.192627609 0
vt 0.94684726 0.220955953 0
vt 0.980239034 0.194701791 0
vt 0.977535486 0.222238258 0
vt 0.946264684 0.38720423 0
vt 0.928055525 0.392258614 0
vt 0.91600728 0.366439939 0
vt 0.938377857 0.360197395 0
vt 0.934445143 0.345454186 0
vt 0.909945965 0.351331502 0
vt 0.903884649 0.336223066 0
vt 0.930512428 0.330710977 0
vt 0.961902142 0.355262518 0
vt 0.967110157 0.383241832 0
vt 0.985810518 0.351266176 0
vt 0.989973485 0.379940569 0
vt 0.956785321 0.326233089 0
vt 0.959343731 0.340747803 0
vt 0.981970429 0.322857618 0
vt 0.983890474 0.337061882 0
vt 0.970713496 0.407426864 0
vt 0.951795101 0.409531057 0
vt 0.971886754 0.428119123 0
vt 0.954059243 0.428118825 0
vt 0.992970347 0.405669868 0
vt 0.993687689 0.428335875 0
vt 0.936502695 0.411935568 0
vt 0.940076768 0.42807591 0
vt 0.761532426 0.811525106 0
vt 0.778707504 0.795565665 0
vt 0.781874895 0.80397141 0
vt 0.766202092 0.819748461 0
vt 0.784333408 0.808395863 0
vt 0.769704938 0.824379683 0
vt 0.795159519 0.78056848 0
vt 0.797029376 0.789519548 0
vt 0.798570156 0.7938025 0
vt 0.751384854 0.835752606 0
vt 0.745195925 0.827369928 0
vt 0.738533497 0.850883603 0
vt 0.731066227 0.842535377 0
vt 0.75603807 0.840619206 0
vt 0.744630098 0.856030703 0
vt 0.736348689 0.814954281 0
vt 0.755221844 0.800087452 0
vt 0.724442124 0.803168535 0
vt 0.745458961 0.787902832 0
vt 0.720512986 0.829754591 0
vt 0.707208633 0.818225265 0
vt 0.774378657 0.783865452 0
vt 0.792607307 0.767853737 0
vt 0.76626879 0.770732284 0
vt 0.786556721 0.753745854 0
vt 0.949232638 0.464762688 0
vt 0.934127986 0.459442466 0
vt 0.93838197 0.443471909 0
vt 0.95289439 0.445830882 0
vt 0.970927477 0.447796702 0
vt 0.967782021 0.468784988 0
vt 0.992332339 0.45000872 0
vt 0.988834262 0.4727467 0
vt 0.962508202 0.490424275 0
vt 0.94410038 0.484258771 0
vt 0.983622134 0.49596408 0
vt 0.928272247 0.478486687 0
vt 0.841912389 0.532193482 0
vt 0.849043012 0.55788666 0
vt 0.824381828 0.56435436 0
vt 0.821851015 0.534491539 0
vt 0.812611163 0.534462154 0
vt 0.811621785 0.56561482 0
vt 0.798861682 0.566875339 0
vt 0.80337131 0.534432769 0
vt 0.826102555 0.503946543 0
vt 0.842737675 0.504965246 0
vt 0.810754538 0.501557112 0
vt 0.818428516 0.502751827 0
vt 0.867258668 0.508443058 0
vt 0.869778395 0.534659982 0
vt 0.872222245 0.554076552 0
vt 0.571871877 0.749568939 0
vt 0.580964625 0.772732496 0
vt 0.563400984 0.78088522 0
vt 0.554178476 0.759269595 0
vt 0.545271873 0.788534462 0
vt 0.536059916 0.767645717 0
vt 0.587229967 0.792727113 0
vt 0.570516706 0.799617767 0
vt 0.55283159 0.807031035 0
vt 0.54489404 0.73800832 0
vt 0.564163148 0.726760566 0
vt 0.536225796 0.719881296 0
vt 0.556751907 0.707044125 0
vt 0.526477039 0.747375369 0
vt 0.517414987 0.730840325 0
vt 0.582968712 0.713919878 0
vt 0.589761496 0.73880887 0
vt 0.602071881 0.69955945 0
vt 0.609405935 0.72603488 0
vt 0.576315284 0.692986846 0
vt 0.593760252 0.678525686 0
vt 0.598837137 0.765078962 0
vt 0.603721917 0.788036585 0
vt 0.616744518 0.754471421 0
vt 0.624926925 0.787662566 0
vt 0.705452919 0.761179149 0
vt 0.726633847 0.738477588 0
vt 0.747965813 0.754922986 0
vt 0.726675212 0.774569809 0
vt 0.747541904 0.717728615 0
vt 0.76909399 0.736291409 0
vt 0.7057935 0.794127643 0
vt 0.684932649 0.78538096 0
vt 0.689278722 0.812499702 0
vt 0.668880105 0.80702889 0
vt 0.664266706 0.774656415 0
vt 0.684948981 0.747488916 0
vt 0.646396816 0.759367704 0
vt 0.667059064 0.732533514 0
vt 0.648912191 0.79812932 0
vt 0.706035078 0.72306931 0
vt 0.727325737 0.700332999 0
vt 0.687732875 0.706910789 0
vt 0.708407044 0.683118463 0
vt 0.645197392 0.688328266 0
vt 0.654952466 0.711378455 0
vt 0.634542346 0.736082196 0
vt 0.627408564 0.708758473 0
vt 0.620027721 0.683645964 0
vt 0.63619113 0.666457117 0
vt 0.609816074 0.663621545 0
vt 0.625622034 0.647922039 0
vt 0.651690006 0.648242474 0
vt 0.662839472 0.667467952 0
vt 0.667171597 0.628861666 0
vt 0.68023622 0.646492779 0
vt 0.640148282 0.630970001 0
vt 0.653972268 0.612658203 0
vt 0.674439311 0.687531352 0
vt 0.693467617 0.664844394 0
vt 0.781559944 0.0990973413 0
vt 0.803119659 0.083977133 0
vt 0.814062595 0.103474319 0
vt 0.789886832 0.119529486 0
vt 0.821932554 0.124972641 0
vt 0.796417594 0.141345352 0
vt 0.820401311 0.0700232089 0
vt 0.834318638 0.0881350636 0
vt 0.766959012 0.133145899 0
vt 0.759529531 0.111992478 0
vt 0.748763502 0.143382967 0
vt 0.741860569 0.121714175 0
vt 0.772790313 0.155156314 0
vt 0.753953099 0.165550232 0
vt 0.751774073 0.0926238 0
vt 0.772433996 0.0801007152 0
vt 0.743401289 0.0746641457 0
vt 0.762252569 0.062781781 0
vt 0.734067976 0.101578355 0
vt 0.726551294 0.0828154385 0
vt 0.791995823 0.0655590594 0
vt 0.807978809 0.052011162 0
vt 0.780307412 0.0487246215 0
vt 0.795508742 0.0355109274 0
vt 0.785883546 0.683090329 0
vt 0.804646134 0.666394353 0
vt 0.81919086 0.690448105 0
vt 0.804353893 0.703808904 0
vt 0.82813108 0.714377463 0
vt 0.817262352 0.723668575 0
vt 0.179472163 0.455574006 0
vt 0.178594872 0.411015779 0
vt 0.78758955 0.719318867 0
vt 0.76728332 0.700105906 0
vt 0.803626418 0.737653136 0
vt 0.748229444 0.680235207 0
vt 0.768220901 0.661461532 0
vt 0.729232192 0.661344051 0
vt 0.749895692 0.641063452 0
vt 0.788262308 0.642604291 0
vt 0.770715833 0.621286392 0
vt 0.802375615 0.392013013 0
vt 0.824549139 0.396683574 0
vt 0.813916206 0.430694818 0
vt 0.792698503 0.424802631 0
vt 0.804068685 0.463748693 0
vt 0.783799231 0.455519825 0
vt 0.768859506 0.417214334 0
vt 0.776992321 0.387947202 0
vt 0.745801926 0.409182131 0
vt 0.752090394 0.383389354 0
vt 0.761354208 0.445151478 0
vt 0.738722086 0.43523261 0
vt 0.78299582 0.360235125 0
vt 0.809284806 0.361939907 0
vt 0.785897374 0.336220652 0
vt 0.812424541 0.336637467 0
vt 0.757634521 0.358077884 0
vt 0.761103511 0.335280359 0
vt 0.835047841 0.365411103 0
vt 0.840514958 0.337915957 0
vt 0.820333958 0.757779241 0
vt 0.826901793 0.750277519 0
vt 0.825548768 0.760096192 0
vt 0.82006669 0.767910838 0
vt 0.824716568 0.763409495 0
vt 0.820189118 0.771877468 0
vt 0.829704642 0.747546196 0
vt 0.827288926 0.756390274 0
vt 0.826785088 0.761415601 0
vt 0.810186863 0.777539611 0
vt 0.809509754 0.768038154 0
vt 0.810968935 0.781710804 0
vt 0.808288217 0.753700495 0
vt 0.819946885 0.741384149 0
vt 0.827688336 0.732940018 0
vt 0.831468284 0.730439186 0
vt 0.191991851 0.491286516 0
vt 0.214853808 0.47620672 0
vt 0.919553399 0.275327086 0
vt 0.924147964 0.302545071 0
vt 0.895774126 0.306410551 0
vt 0.890457153 0.277917087 0
vt 0.867353737 0.309845686 0
vt 0.862372637 0.281151116 0
vt 0.88639313 0.250048697 0
vt 0.91609019 0.248300388 0
vt 0.858299971 0.253231049 0
vt 0.947227359 0.247480929 0
vt 0.948929548 0.273303568 0
vt 0.976328969 0.247894287 0
vt 0.976845741 0.272505701 0
vt 0.952173948 0.299353659 0
vt 0.978913069 0.297191441 0
vt 0.534027755 0.684361637 0
vt 0.546461761 0.694003582 0
vt 0.526887298 0.707441211 0
vt 0.516749978 0.697257161 0
vt 0.508988976 0.719522953 0
vt 0.500662386 0.709264159 0
vt 0.506102622 0.686645269 0
vt 0.520847023 0.6748299 0
vt 0.494266182 0.674739838 0
vt 0.506920576 0.663844109 0
vt 0.491722792 0.698210597 0
vt 0.481320441 0.68576324 0
vt 0.535714507 0.662300229 0
vt 0.551309049 0.670605779 0
vt 0.549810708 0.649270892 0
vt 0.566977799 0.656721294 0
vt 0.519417644 0.6523875 0
vt 0.531603277 0.640145242 0
vt 0.565573096 0.679586887 0
vt 0.582057595 0.665355265 0
vt 0.721817374 0.284801543 0
vt 0.742356181 0.289836049 0
vt 0.740567565 0.310967982 0
vt 0.71882081 0.30591321 0
vt 0.737918735 0.331927299 0
vt 0.71512115 0.327076197 0
vt 0.763362885 0.292974114 0
vt 0.762808263 0.314216673 0
vt 0.696457028 0.300370932 0
vt 0.700339139 0.279585272 0
vt 0.672416747 0.295221806 0
vt 0.67674619 0.274948597 0
vt 0.691921532 0.321602762 0
vt 0.667665064 0.316226333 0
vt 0.704111576 0.258030057 0
vt 0.7244941 0.262735069 0
vt 0.707058966 0.237411648 0
vt 0.726129889 0.241988853 0
vt 0.680609584 0.254454792 0
vt 0.683889747 0.234143794 0
vt 0.743560255 0.267700106 0
vt 0.76320529 0.270841002 0
vt 0.743967533 0.24627474 0
vt 0.762369812 0.248353407 0
vt 0.593828917 0.628203034 0
vt 0.61111325 0.635902047 0
vt 0.596442461 0.651130855 0
vt 0.580682278 0.642892301 0
vt 0.56268543 0.635854363 0
vt 0.574674249 0.621540248 0
vt 0.543144763 0.627129316 0
vt 0.554020762 0.613042593 0
vt 0.588144064 0.604800582 0
vt 0.608552814 0.611090779 0
vt 0.601213872 0.586005926 0
vt 0.621155262 0.592782795 0
vt 0.565520108 0.596905231 0
vt 0.578606427 0.57814008 0
vt 0.625859737 0.619056463 0
vt 0.638663709 0.601103246 0
vt 0.705267549 0.373204052 0
vt 0.728652358 0.378290713 0
vt 0.72283721 0.40212515 0
vt 0.699445248 0.396178752 0
vt 0.715951324 0.427222222 0
vt 0.692696869 0.420625389 0
vt 0.675716221 0.389707178 0
vt 0.681463242 0.367595702 0
vt 0.65120095 0.382511765 0
vt 0.656922579 0.361444116 0
vt 0.669165671 0.413201183 0
vt 0.644971013 0.404390901 0
vt 0.686866403 0.344385147 0
vt 0.710570872 0.349691808 0
vt 0.662396789 0.33891201 0
vt 0.733913362 0.354381114 0
vt 0.809875607 0.289129078 0
vt 0.835496664 0.285193801 0
vt 0.839114606 0.311822653 0
vt 0.811973393 0.313076258 0
vt 0.786525309 0.314372212 0
vt 0.785844147 0.29227829 0
vt 0.784530282 0.269355685 0
vt 0.80742681 0.264663666 0
vt 0.782925069 0.245820001 0
vt 0.80507344 0.239671856 0
vt 0.831987262 0.258702874 0
vt 0.829072952 0.23198013 0
vt 0.715070605 0.603282571 0
vt 0.732481658 0.621388316 0
vt 0.71284622 0.643013239 0
vt 0.697608411 0.625009775 0
vt 0.682548642 0.60813731 0
vt 0.697881937 0.58666563 0
vt 0.667265892 0.593112588 0
vt 0.680343211 0.572311759 0
vt 0.711213231 0.567068815 0
vt 0.730612695 0.583901823 0
vt 0.723551154 0.546554387 0
vt 0.744331121 0.564383149 0
vt 0.692289114 0.55204618 0
vt 0.702987432 0.531828105 0
vt 0.750838399 0.60172087 0
vt 0.766837239 0.582427979 0
vt 0.765808582 0.513978004 0
vt 0.785890043 0.527477145 0
vt 0.777618945 0.557952166 0
vt 0.756213069 0.540419102 0
vt 0.734651446 0.523634613 0
vt 0.744221568 0.498936951 0
vt 0.712894559 0.510078669 0
vt 0.721962333 0.486490279 0
vt 0.75310266 0.472633213 0
vt 0.775029898 0.485268056 0
vt 0.730607152 0.461473227 0
vt 0.794793963 0.495581865 0
vt 0.801665783 0.189113185 0
vt 0.826098084 0.177321166 0
vt 0.82723403 0.20441319 0
vt 0.803069115 0.214433119 0
vt 0.781142235 0.222635284 0
vt 0.779240966 0.199986696 0
vt 0.761129022 0.227235854 0
vt 0.75955689 0.206987262 0
vt 0.776562929 0.177500486 0
vt 0.799848199 0.164691746 0
vt 0.757357478 0.186774224 0
vt 0.824669361 0.150004625 0
vt 0.580309153 0.426968664 0
vt 0.58680433 0.407346576 0
vt 0.613180101 0.416760266 0
vt 0.606557727 0.438085139 0
vt 0.638284922 0.427721381 0
vt 0.631351411 0.451322198 0
vt 0.593105197 0.387533605 0
vt 0.619487524 0.395763785 0
vt 0.598589957 0.460296482 0
vt 0.572906494 0.447355658 0
vt 0.58978039 0.483841985 0
vt 0.564065099 0.471362919 0
vt 0.623509586 0.473823339 0
vt 0.615331411 0.495166749 0
vt 0.546550751 0.435448498 0
vt 0.553580046 0.416560262 0
vt 0.520117998 0.423632026 0
vt 0.527114391 0.405829787 0
vt 0.538137197 0.457611293 0
vt 0.512003541 0.443734884 0
vt 0.560096979 0.397938788 0
vt 0.566455364 0.378999501 0
vt 0.533721328 0.38812542 0
vt 0.540128887 0.370135635 0
vt 0.473318249 0.633398771 0
vt 0.482807755 0.622265458 0
vt 0.501914799 0.638678432 0
vt 0.491130531 0.649763525 0
vt 0.49206081 0.610275269 0
vt 0.51241827 0.626684189 0
vt 0.480021238 0.660304785 0
vt 0.46356982 0.643734455 0
vt 0.468587816 0.670590878 0
vt 0.453519017 0.65341413 0
vt 0.445366472 0.626574695 0
vt 0.45386526 0.616261125 0
vt 0.426267236 0.611080945 0
vt 0.433494061 0.600528061 0
vt 0.436866373 0.635923803 0
vt 0.419067413 0.621018767 0
vt 0.462294936 0.605038941 0
vt 0.470662773 0.592905998 0
vt 0.440850735 0.589053273 0
vt 0.448370963 0.576575756 0
vt 0.624003291 0.267335057 0
vt 0.62745589 0.248784289 0
vt 0.654487669 0.251430333 0
vt 0.650898218 0.2709364 0
vt 0.630333483 0.230651945 0
vt 0.657384396 0.232188448 0
vt 0.6467309 0.290617228 0
vt 0.620001614 0.286376894 0
vt 0.641965866 0.31135276 0
vt 0.615347862 0.306675941 0
vt 0.592906892 0.282311589 0
vt 0.596687078 0.264058501 0
vt 0.566160202 0.278140426 0
vt 0.569768071 0.260620624 0
vt 0.5884251 0.301918447 0
vt 0.561813056 0.297013879 0
vt 0.599908531 0.246548727 0
vt 0.602634072 0.229521945 0
vt 0.572775364 0.244072646 0
vt 0.575401664 0.227818251 0
vt 0.510026693 0.5832389 0
vt 0.519686818 0.567473292 0
vt 0.542376459 0.583799958 0
vt 0.532285154 0.599636137 0
vt 0.530516505 0.549847007 0
vt 0.554479361 0.565416753 0
vt 0.522568941 0.613736451 0
vt 0.501126766 0.597269058 0
vt 0.478958398 0.5798527 0
vt 0.487296671 0.565836668 0
vt 0.455930829 0.563278913 0
vt 0.463500202 0.549329042 0
vt 0.496281445 0.55039835 0
vt 0.505405009 0.534174621 0
vt 0.47125423 0.534603119 0
vt 0.479103088 0.519199133 0
vt 0.677083075 0.470499992 0
vt 0.699740469 0.477455676 0
vt 0.690975785 0.500685632 0
vt 0.668804526 0.493019074 0
vt 0.681894243 0.521926463 0
vt 0.660564363 0.513295233 0
vt 0.646585226 0.484348148 0
vt 0.654454947 0.462399542 0
vt 0.638736427 0.504590511 0
vt 0.66189146 0.438381433 0
vt 0.684991479 0.446372569 0
vt 0.708037257 0.452989757 0
vt 0.642746449 0.55316323 0
vt 0.662032962 0.561578155 0
vt 0.650750697 0.581891537 0
vt 0.632568479 0.573280752 0
vt 0.612326264 0.565886974 0
vt 0.622050703 0.545833349 0
vt 0.589507818 0.558076262 0
vt 0.599059463 0.537858546 0
vt 0.630709827 0.524644315 0
vt 0.652126849 0.53258872 0
vt 0.607407093 0.516860962 0
vt 0.672456741 0.541450977 0
vt 0.725332022 0.204781324 0
vt 0.74224472 0.207789451 0
vt 0.743472219 0.226824835 0
vt 0.726188302 0.223365873 0
vt 0.707797527 0.218715414 0
vt 0.707444906 0.200134918 0
vt 0.68582058 0.214862823 0
vt 0.68638128 0.196282014 0
vt 0.706073701 0.181922436 0
vt 0.723624706 0.186229855 0
vt 0.703530788 0.163946331 0
vt 0.720803559 0.167418391 0
vt 0.685930967 0.178325832 0
vt 0.684312761 0.161286682 0
vt 0.740225017 0.188789368 0
vt 0.737239599 0.169110298 0
vt 0.711809218 0.128385454 0
vt 0.726955533 0.127060294 0
vt 0.732774138 0.148025304 0
vt 0.716734469 0.147703588 0
vt 0.700073123 0.145990431 0
vt 0.696105957 0.128748775 0
vt 0.681802094 0.145120442 0
vt 0.678838789 0.129556686 0
vt 0.69184947 0.112125427 0
vt 0.706451893 0.109879613 0
vt 0.687726974 0.0959020853 0
vt 0.701373041 0.0924463272 0
vt 0.675541103 0.114462554 0
vt 0.67199254 0.0992872715 0
vt 0.720259786 0.106967747 0
vt 0.713737965 0.0883091986 0
vt 0.518832445 0.251941323 0
vt 0.522027969 0.236539111 0
vt 0.547124505 0.240704656 0
vt 0.54410553 0.256623089 0
vt 0.525322914 0.220573157 0
vt 0.549954534 0.224733561 0
vt 0.540494323 0.273592412 0
vt 0.515135169 0.26827091 0
vt 0.536178112 0.291746914 0
vt 0.510835111 0.28560847 0
vt 0.489261001 0.26179117 0
vt 0.49315989 0.24611488 0
vt 0.462910503 0.252660573 0
vt 0.466679513 0.23769629 0
vt 0.484998733 0.278153539 0
vt 0.458675265 0.268599451 0
vt 0.496760249 0.231217086 0
vt 0.500613034 0.215399429 0
vt 0.470389187 0.223622814 0
vt 0.475023985 0.208865225 0
vt 0.415898442 0.521754444 0
vt 0.422115982 0.506393671 0
vt 0.44617939 0.520602763 0
vt 0.439408541 0.535207152 0
vt 0.428368449 0.491364658 0
vt 0.453133315 0.505515754 0
vt 0.432617635 0.549623847 0
vt 0.409440577 0.537782788 0
vt 0.425815701 0.563708425 0
vt 0.40303871 0.55370903 0
vt 0.386684865 0.525322914 0
vt 0.392955959 0.507136583 0
vt 0.362539291 0.514685214 0
vt 0.368861914 0.49552694 0
vt 0.380125046 0.54467988 0
vt 0.356033623 0.536753833 0
vt 0.398779869 0.491478831 0
vt 0.404770166 0.476744175 0
vt 0.374790609 0.47953251 0
vt 0.380889475 0.463868946 0
vt 0.501023054 0.319179803 0
vt 0.506060898 0.302938223 0
vt 0.531301498 0.310133815 0
vt 0.526234567 0.327318966 0
vt 0.556863844 0.316392481 0
vt 0.551704407 0.334673226 0
vt 0.520710707 0.344000399 0
vt 0.495430321 0.335223317 0
vt 0.514636159 0.360957563 0
vt 0.489159375 0.351775408 0
vt 0.54617393 0.352236301 0
vt 0.469432771 0.326563627 0
vt 0.475346386 0.310170591 0
vt 0.442186475 0.317805648 0
vt 0.44868499 0.300408781 0
vt 0.462397963 0.344381988 0
vt 0.434613198 0.336659998 0
vt 0.48037675 0.294460177 0
vt 0.453950942 0.284558505 0
vt 0.540115714 0.13699168 0
vt 0.541332304 0.126109809 0
vt 0.562100172 0.127235383 0
vt 0.561422646 0.139163941 0
vt 0.583782494 0.126548111 0
vt 0.583838642 0.13946867 0
vt 0.542412758 0.114581466 0
vt 0.562556446 0.115031809 0
vt 0.583405018 0.114207566 0
vt 0.560433149 0.151335865 0
vt 0.538669825 0.148235649 0
vt 0.559121668 0.16434294 0
vt 0.536915064 0.160414845 0
vt 0.583474576 0.152804136 0
vt 0.582653105 0.166636407 0
vt 0.516938865 0.144110471 0
vt 0.518762112 0.133642763 0
vt 0.494225472 0.139573276 0
vt 0.49632898 0.129656762 0
vt 0.514824867 0.155581236 0
vt 0.491906822 0.150454074 0
vt 0.520400107 0.123452097 0
vt 0.521916866 0.112592995 0
vt 0.498333722 0.119886279 0
vt 0.500283301 0.109390676 0
vt 0.547837973 0.514247417 0
vt 0.55575949 0.49496907 0
vt 0.581736684 0.507154703 0
vt 0.573695421 0.527190506 0
vt 0.564752579 0.546585441 0
vt 0.539612055 0.532343745 0
vt 0.513602257 0.517538548 0
vt 0.521524131 0.500047028 0
vt 0.486865968 0.50296855 0
vt 0.494695425 0.485688776 0
vt 0.529563308 0.480847448 0
vt 0.503032386 0.465953976 0
vt 0.634000361 0.196608827 0
vt 0.6349231 0.180377483 0
vt 0.66114831 0.178732306 0
vt 0.660522938 0.196066648 0
vt 0.63532269 0.164589435 0
vt 0.661126256 0.162097812 0
vt 0.659353197 0.213777691 0
vt 0.632492542 0.213324532 0
vt 0.604821324 0.21311599 0
vt 0.606538594 0.197113276 0
vt 0.577719271 0.211788714 0
vt 0.579775155 0.196063861 0
vt 0.607794702 0.181518435 0
vt 0.608567357 0.166391432 0
vt 0.581418872 0.181070298 0
vt 0.634187877 0.135098964 0
vt 0.632619619 0.121296078 0
vt 0.655668378 0.117625922 0
vt 0.658118784 0.131871223 0
vt 0.630408704 0.107778877 0
vt 0.652725339 0.103301376 0
vt 0.660028934 0.146627814 0
vt 0.635096848 0.149474263 0
vt 0.608825326 0.151824206 0
vt 0.608578086 0.137854725 0
vt 0.607830167 0.124535322 0
vt 0.606560171 0.111840576 0
vt 0.604805589 0.348431617 0
vt 0.610131562 0.328113288 0
vt 0.636648536 0.333599687 0
vt 0.631253362 0.355018556 0
vt 0.625606894 0.375225157 0
vt 0.59916532 0.3678101 0
vt 0.572510064 0.360142171 0
vt 0.578098416 0.341655612 0
vt 0.58334744 0.322352469 0
vt 0.447500378 0.119264483 0
vt 0.450453252 0.109421492 0
vt 0.474417478 0.115226716 0
vt 0.471953332 0.124905378 0
vt 0.453723401 0.0991601944 0
vt 0.477107525 0.104879588 0
vt 0.469537199 0.134640485 0
vt 0.444613993 0.12926212 0
vt 0.466986537 0.145349503 0
vt 0.441446573 0.140269279 0
vt 0.420606077 0.124236196 0
vt 0.42388773 0.114106745 0
vt 0.397910058 0.12051487 0
vt 0.401675135 0.110183388 0
vt 0.41666171 0.135600895 0
vt 0.393244505 0.131858379 0
vt 0.427115828 0.104300112 0
vt 0.430602789 0.0943793952 0
vt 0.405041516 0.100386351 0
vt 0.408483207 0.0906836092 0
vt 0.433795869 0.166000962 0
vt 0.437885553 0.152569592 0
vt 0.464019477 0.157693088 0
vt 0.460309833 0.171233356 0
vt 0.489099085 0.162772924 0
vt 0.485596508 0.176161796 0
vt 0.454938293 0.187296391 0
vt 0.42854321 0.181473732 0
vt 0.449089229 0.203680009 0
vt 0.423213035 0.196743727 0
vt 0.480773687 0.191836223 0
vt 0.402219266 0.173508823 0
vt 0.40733546 0.160562545 0
vt 0.378517151 0.16647765 0
vt 0.383435547 0.155064464 0
vt 0.397238761 0.186583072 0
vt 0.373585582 0.17809087 0
vt 0.412101209 0.148017317 0
vt 0.388280243 0.143604428 0
vt 0.338918447 0.408488959 0
vt 0.345289379 0.392010838 0
vt 0.372521937 0.40748471 0
vt 0.366555154 0.422237337 0
vt 0.398826599 0.421447009 0
vt 0.392852217 0.435228109 0
vt 0.351900101 0.375251412 0
vt 0.378896803 0.391900539 0
vt 0.405099273 0.406966895 0
vt 0.360819995 0.436661839 0
vt 0.332746744 0.424359918 0
vt 0.355056226 0.451710671 0
vt 0.327033132 0.439783931 0
vt 0.386928767 0.449125528 0
vt 0.30309546 0.411397934 0
vt 0.310836136 0.393915832 0
vt 0.273695648 0.396981359 0
vt 0.284221411 0.377735049 0
vt 0.295829475 0.429410547 0
vt 0.257281005 0.421615064 0
vt 0.317799658 0.376932621 0
vt 0.324502319 0.360129237 0
vt 0.292507917 0.360263258 0
vt 0.299702227 0.34367919 0
vt 0.365644902 0.341959834 0
vt 0.372585058 0.325268656 0
vt 0.39951545 0.342113376 0
vt 0.392366767 0.359515458 0
vt 0.426520824 0.356125087 0
vt 0.418845624 0.37445581 0
vt 0.379333198 0.309055805 0
vt 0.406873554 0.324061543 0
vt 0.385531545 0.375948638 0
vt 0.358750403 0.358541787 0
vt 0.411748469 0.391358078 0
vt 0.331557363 0.343074024 0
vt 0.338727981 0.326163203 0
vt 0.306931317 0.327374548 0
vt 0.313967586 0.311688662 0
vt 0.345707238 0.309984267 0
vt 0.352336794 0.294749677 0
vt 0.320777237 0.296655178 0
vt 0.327431798 0.282215357 0
vt 0.392182112 0.579645991 0
vt 0.397290856 0.567777038 0
vt 0.419274092 0.576790631 0
vt 0.413044035 0.58862412 0
vt 0.406970233 0.599651933 0
vt 0.387197822 0.591083407 0
vt 0.400957584 0.610443413 0
vt 0.382316142 0.60247159 0
vt 0.366608024 0.58418417 0
vt 0.370550334 0.572611928 0
vt 0.344488561 0.578151107 0
vt 0.347612709 0.566419244 0
vt 0.362853825 0.595536649 0
vt 0.341681182 0.589551926 0
vt 0.374744475 0.560532928 0
vt 0.351077855 0.554194987 0
vt 0.474515527 0.386828929 0
vt 0.482178479 0.369026303 0
vt 0.508103311 0.378069133 0
vt 0.501234293 0.395056754 0
vt 0.493952245 0.412223279 0
vt 0.466450959 0.404795378 0
vt 0.485775054 0.431529135 0
vt 0.458142012 0.423732191 0
vt 0.438106358 0.40038228 0
vt 0.445908099 0.382618457 0
vt 0.430783778 0.417273581 0
vt 0.454279095 0.363613725 0
vt 0.442075729 0.460213542 0
vt 0.449794531 0.442998648 0
vt 0.476758659 0.453107119 0
vt 0.468293846 0.472573578 0
vt 0.460491508 0.489583552 0
vt 0.43503803 0.476026565 0
vt 0.41104874 0.462058932 0
vt 0.417353809 0.447698265 0
vt 0.423815012 0.433017194 0
vt 0.53234005 0.187337488 0
vt 0.534806788 0.173569381 0
vt 0.557435691 0.178093642 0
vt 0.555382609 0.192482531 0
vt 0.552837849 0.208243862 0
vt 0.529046237 0.203339547 0
vt 0.505189598 0.197823972 0
vt 0.509283304 0.181789845 0
vt 0.512287974 0.168265551 0
vt 0.275499672 0.288370013 0
vt 0.282979548 0.275036484 0
vt 0.300168037 0.285286844 0
vt 0.293103993 0.299449086 0
vt 0.290209472 0.261990964 0
vt 0.307106912 0.271522552 0
vt 0.285790265 0.314066768 0
vt 0.267628193 0.302015722 0
vt 0.278185666 0.329073757 0
vt 0.259239227 0.315924823 0
vt 0.251686364 0.290396184 0
vt 0.260051131 0.277799666 0
vt 0.23669827 0.278808475 0
vt 0.245506316 0.26720345 0
vt 0.242581338 0.303116024 0
vt 0.226912796 0.290431678 0
vt 0.267886996 0.26536572 0
vt 0.275360405 0.253096461 0
vt 0.253645927 0.255658269 0
vt 0.261289507 0.244141981 0
vt 0.204500079 0.581645548 0
vt 0.201068401 0.569569051 0
vt 0.220874429 0.561473787 0
vt 0.224131107 0.574593186 0
vt 0.243889153 0.55461657 0
vt 0.24580434 0.568388939 0
vt 0.19457823 0.556017518 0
vt 0.213591576 0.546489894 0
vt 0.238545269 0.53452152 0
vt 0.225907654 0.586189032 0
vt 0.206595778 0.592712879 0
vt 0.227187097 0.596919656 0
vt 0.208258867 0.603170514 0
vt 0.246662587 0.58024013 0
vt 0.247144312 0.59109062 0
vt 0.0207042694 0.378476351 0
vt 0.013215065 0.369891047 0
vt 0.0275686979 0.350286245 0
vt 0.0354279876 0.359238833 0
vt 0.0408143997 0.328240633 0
vt 0.0517342985 0.332521111 0
vt 0.0063123107 0.361713409 0
vt 0.0200560689 0.342829168 0
vt 0.031218946 0.324420422 0
vt 0.0447592735 0.369170368 0
vt 0.0297044516 0.387542725 0
vt 0.0565763414 0.380912453 0
vt 0.0414491892 0.397482514 0
vt 0.0648339689 0.338145763 0
vt 0.0825228691 0.34773013 0
vt 0.328071296 0.18789807 0
vt 0.333168238 0.176237524 0
vt 0.349387646 0.182641983 0
vt 0.344275951 0.194648087 0
vt 0.368660986 0.190144986 0
vt 0.363588512 0.202661306 0
vt 0.337808669 0.165415853 0
vt 0.354194641 0.171329051 0
vt 0.338822573 0.207112193 0
vt 0.322545737 0.200064942 0
vt 0.333037883 0.219748616 0
vt 0.316669255 0.212356627 0
vt 0.358258635 0.215502232 0
vt 0.352613658 0.228517026 0
vt 0.308032393 0.19367516 0
vt 0.313586354 0.18176952 0
vt 0.294047236 0.187231213 0
vt 0.299589396 0.175587058 0
vt 0.30211705 0.205634892 0
vt 0.288155079 0.198864698 0
vt 0.318653971 0.170360327 0
vt 0.323149681 0.15988636 0
vt 0.304607421 0.164396316 0
vt 0.308985651 0.154198974 0
vt 0.168812752 0.526664615 0
vt 0.180841476 0.51590395 0
vt 0.199188173 0.530150771 0
vt 0.183305621 0.540926278 0
vt 0.190518767 0.504608631 0
vt 0.212794274 0.517814755 0
vt 0.0717975795 0.422233284 0
vt 0.0568324924 0.408780932 0
vt 0.0712831914 0.395753801 0
vt 0.0848636031 0.413115859 0
vt 0.0900375843 0.381716639 0
vt 0.0988228619 0.405374289 0
vt 0.0938594937 0.43029204 0
vt 0.0829639137 0.437642992 0
vt 0.10038802 0.444712907 0
vt 0.0910520852 0.452161759 0
vt 0.10424754 0.424398899 0
vt 0.106212378 0.436847359 0
vt 0.154353708 0.513894677 0
vt 0.163990349 0.505011976 0
vt 0.171533287 0.496524394 0
vt 0.141887724 0.502690852 0
vt 0.151144028 0.495863855 0
vt 0.159590483 0.492563009 0
vt 0.392346621 0.278075635 0
vt 0.398507625 0.26300168 0
vt 0.426609039 0.272662818 0
vt 0.420637995 0.289431095 0
vt 0.404439718 0.248426333 0
vt 0.431910813 0.25671345 0
vt 0.413937598 0.306564271 0
vt 0.385848373 0.293498099 0
vt 0.358748615 0.280211329 0
vt 0.365041792 0.266142905 0
vt 0.33401975 0.268250406 0
vt 0.340471447 0.254695296 0
vt 0.371111453 0.252525747 0
vt 0.376920849 0.239076883 0
vt 0.346676588 0.241474688 0
vt 0.313462615 0.486872852 0
vt 0.320351183 0.461666703 0
vt 0.348673582 0.469957948 0
vt 0.342214644 0.488765895 0
vt 0.335495651 0.510617673 0
vt 0.306704879 0.510764241 0
vt 0.329479456 0.533090591 0
vt 0.301617622 0.531336427 0
vt 0.277528942 0.505752087 0
vt 0.284901232 0.479849458 0
vt 0.250111818 0.499590814 0
vt 0.258301198 0.471411765 0
vt 0.272073269 0.528747082 0
vt 0.290923834 0.450120658 0
vt 0.259489208 0.448677391 0
vt 0.4145841 0.221891224 0
vt 0.418752104 0.20979549 0
vt 0.444642067 0.216972232 0
vt 0.440781027 0.229160085 0
vt 0.436634421 0.242250949 0
vt 0.409856141 0.234642699 0
vt 0.382424146 0.225631222 0
vt 0.387505114 0.212444276 0
vt 0.392380625 0.199556053 0
vt 0.296368718 0.560038686 0
vt 0.298462659 0.547140658 0
vt 0.32544297 0.549244404 0
vt 0.322605789 0.56146872 0
vt 0.320176959 0.573653817 0
vt 0.294788003 0.572246909 0
vt 0.318116993 0.585403383 0
vt 0.293649554 0.583958328 0
vt 0.269869924 0.575016379 0
vt 0.270220637 0.562909484 0
vt 0.269605726 0.586163342 0
vt 0.270421028 0.548374414 0
vt 0.116824895 0.300200343 0
vt 0.129705697 0.298784137 0
vt 0.135227889 0.32037431 0
vt 0.119145632 0.320824385 0
vt 0.137684822 0.344384372 0
vt 0.120975018 0.344507098 0
vt 0.143507272 0.295524329 0
vt 0.152401447 0.31689477 0
vt 0.162242621 0.344291925 0
vt 0.10400486 0.32095927 0
vt 0.104289353 0.300640047 0
vt 0.0889022052 0.31904459 0
vt 0.0916065276 0.300374895 0
vt 0.104839534 0.344960868 0
vt 0.103868484 0.281822801 0
vt 0.113909721 0.280591249 0
vt 0.10218206 0.263932347 0
vt 0.110314965 0.262219757 0
vt 0.0931999087 0.282795489 0
vt 0.0931046307 0.265735328 0
vt 0.124093205 0.278855801 0
vt 0.135264784 0.276029855 0
vt 0.118523002 0.26045081 0
vt 0.127847016 0.258029521 0
vt 0.246805459 0.20416677 0
vt 0.253149211 0.193904817 0
vt 0.267614722 0.202267811 0
vt 0.261155903 0.213041589 0
vt 0.281994522 0.210192531 0
vt 0.275479198 0.221449584 0
vt 0.259092301 0.183430403 0
vt 0.273693442 0.191347077 0
vt 0.254277885 0.223776266 0
vt 0.240045935 0.21435155 0
vt 0.246964127 0.234498009 0
vt 0.232812077 0.224458113 0
vt 0.26857689 0.232749403 0
vt 0.226244301 0.20475179 0
vt 0.232845038 0.195193961 0
vt 0.213222057 0.195346966 0
vt 0.219477624 0.186357945 0
vt 0.219189733 0.214204445 0
vt 0.206441104 0.204094395 0
vt 0.238924086 0.185417116 0
vt 0.244569153 0.175397664 0
vt 0.225211978 0.177113831 0
vt 0.230478078 0.167563498 0
vt 0.293848217 0.0918771029 0
vt 0.296201169 0.0820795298 0
vt 0.309867501 0.0862119198 0
vt 0.308349937 0.0958799422 0
vt 0.325454772 0.089959532 0
vt 0.324380457 0.0998426974 0
vt 0.298411667 0.0720814168 0
vt 0.311170727 0.0764885247 0
vt 0.326338261 0.0803314447 0
vt 0.30662784 0.105357349 0
vt 0.291355193 0.101470381 0
vt 0.304684401 0.114619076 0
vt 0.288753271 0.11066103 0
vt 0.323006779 0.109759599 0
vt 0.321169734 0.11938113 0
vt 0.276361644 0.097458154 0
vt 0.279809237 0.0874663293 0
vt 0.261534989 0.09312132 0
vt 0.265678614 0.0828890502 0
vt 0.273022205 0.106494784 0
vt 0.257772446 0.101935297 0
vt 0.283025146 0.0773387253 0
vt 0.286139905 0.0670200288 0
vt 0.269660205 0.0723820925 0
vt 0.273589194 0.0614799261 0
vt 0.283784211 0.126294971 0
vt 0.286211312 0.118889272 0
vt 0.302498102 0.123541892 0
vt 0.300054252 0.131807297 0
vt 0.318754315 0.128510982 0
vt 0.315899521 0.137070298 0
vt 0.297295749 0.139553279 0
vt 0.281323195 0.133303195 0
vt 0.294010341 0.147796065 0
vt 0.278499097 0.140872329 0
vt 0.312657595 0.145381272 0
vt 0.265568137 0.126734853 0
vt 0.26779604 0.120466769 0
vt 0.250492305 0.120243073 0
vt 0.252629399 0.114428014 0
vt 0.263105869 0.133634061 0
vt 0.248162687 0.126747876 0
vt 0.270189464 0.113975912 0
vt 0.254934371 0.108637124 0
vt 0.239330649 0.345485032 0
vt 0.250245214 0.330027699 0
vt 0.270292103 0.344370902 0
vt 0.260701656 0.361061007 0
vt 0.248109996 0.379999071 0
vt 0.225430101 0.363142341 0
vt 0.229502082 0.400584042 0
vt 0.207750887 0.383574545 0
vt 0.204727292 0.345870763 0
vt 0.220046431 0.329968572 0
vt 0.184922308 0.327484995 0
vt 0.202018291 0.314218104 0
vt 0.186972231 0.366117299 0
vt 0.232405454 0.315984994 0
vt 0.215725869 0.30200994 0
vt 0.345977187 0.145970076 0
vt 0.34979412 0.136181295 0
vt 0.367776155 0.139802337 0
vt 0.363290876 0.150354415 0
vt 0.353475302 0.126132101 0
vt 0.3724567 0.128944784 0
vt 0.35878852 0.160748005 0
vt 0.342009842 0.155572474 0
vt 0.32706815 0.150566995 0
vt 0.330634624 0.14161095 0
vt 0.333910823 0.132470548 0
vt 0.336847961 0.122939318 0
vt 0.361310303 0.10547334 0
vt 0.365504265 0.0950478017 0
vt 0.385190248 0.0974823236 0
vt 0.38158524 0.107513547 0
vt 0.369205236 0.0848378539 0
vt 0.388442725 0.0875819027 0
vt 0.377184421 0.118058652 0
vt 0.357223392 0.115882427 0
vt 0.339348584 0.113115162 0
vt 0.341653943 0.103111982 0
vt 0.344128788 0.0930327177 0
vt 0.346719682 0.0831531882 0
vt 0.304049313 0.23675628 0
vt 0.310519516 0.224504679 0
vt 0.326972008 0.232310802 0
vt 0.320599079 0.24504815 0
vt 0.313965857 0.25813812 0
vt 0.297264457 0.249237701 0
vt 0.282536685 0.240982056 0
vt 0.289413452 0.229115456 0
vt 0.29593423 0.217369497 0
vt 0.224102557 0.102248698 0
vt 0.226637334 0.0970464647 0
vt 0.240559936 0.103177816 0
vt 0.238241613 0.108550459 0
vt 0.229451925 0.0908906162 0
vt 0.243348181 0.0968417227 0
vt 0.236065537 0.114066631 0
vt 0.221681237 0.107780814 0
vt 0.233768821 0.120275229 0
vt 0.219276875 0.114159465 0
vt 0.207018584 0.10102874 0
vt 0.209788322 0.095420301 0
vt 0.175301164 0.0994441509 0
vt 0.179499328 0.103955865 0
vt 0.170010924 0.11085695 0
vt 0.166372985 0.107104123 0
vt 0.204153597 0.107873708 0
vt 0.183849573 0.109659672 0
vt 0.17378521 0.115802258 0
vt 0.21272856 0.0901242793 0
vt 0.215947032 0.0843196213 0
vt 0.162289649 0.103742331 0
vt 0.170806855 0.0953937173 0
vt 0.203022808 0.0825674236 0
vt 0.208294064 0.0797129571 0
vt 0.134359032 0.218806937 0
vt 0.144629389 0.214769006 0
vt 0.15269655 0.228456438 0
vt 0.141881973 0.233567044 0
vt 0.162267387 0.242919058 0
vt 0.150711536 0.24912414 0
vt 0.154291034 0.210159972 0
vt 0.162831604 0.222674087 0
vt 0.172947258 0.236015126 0
vt 0.131070554 0.237792596 0
vt 0.124206752 0.222289547 0
vt 0.12115553 0.240999445 0
vt 0.11503461 0.22510685 0
vt 0.13892138 0.254259825 0
vt 0.118164122 0.207788587 0
vt 0.128032506 0.204873249 0
vt 0.114152163 0.195705146 0
vt 0.12471211 0.193044975 0
vt 0.109373719 0.210419655 0
vt 0.104717225 0.198469907 0
vt 0.138069689 0.201938584 0
vt 0.147382259 0.198713779 0
vt 0.135540813 0.190750316 0
vt 0.143935591 0.191846982 0
vt 0.170755893 0.198947117 0
vt 0.177929193 0.192500859 0
vt 0.187850624 0.202160046 0
vt 0.18025732 0.209485948 0
vt 0.199118346 0.212609515 0
vt 0.191162884 0.220819265 0
vt 0.184458882 0.185574561 0
vt 0.194788963 0.194433033 0
vt 0.171951026 0.216341376 0
vt 0.162928879 0.204859778 0
vt 0.18248713 0.228640422 0
vt 0.155471027 0.194451496 0
vt 0.162656337 0.189431921 0
vt 0.148878217 0.187192947 0
vt 0.155750662 0.18257454 0
vt 0.169351369 0.183822542 0
vt 0.175481588 0.17766121 0
vt 0.162339449 0.177252054 0
vt 0.168472111 0.171327978 0
vt 0.0686043799 0.237525448 0
vt 0.079117924 0.235400975 0
vt 0.0813705623 0.251205832 0
vt 0.0702606738 0.253262401 0
vt 0.0824615359 0.267569155 0
vt 0.0706562102 0.269066572 0
vt 0.0880894065 0.233213171 0
vt 0.0910764337 0.248989567 0
vt 0.0583200455 0.2549932 0
vt 0.0570005178 0.239539251 0
vt 0.0462106466 0.256353199 0
vt 0.0449214876 0.24130322 0
vt 0.0584883988 0.27012229 0
vt 0.046715349 0.270778954 0
vt 0.0552209616 0.22432144 0
vt 0.0664755404 0.222413719 0
vt 0.0539364815 0.212277368 0
vt 0.0652520061 0.210586324 0
vt 0.0432976484 0.226131946 0
vt 0.0418976247 0.213953137 0
vt 0.0764559805 0.220655784 0
vt 0.0848092437 0.218802497 0
vt 0.0752616227 0.209249869 0
vt 0.0821369886 0.210679591 0
vt 0.269905865 0.161410064 0
vt 0.274658978 0.150450379 0
vt 0.289834082 0.157704264 0
vt 0.284945905 0.168691367 0
vt 0.279531151 0.18007338 0
vt 0.264686942 0.172526538 0
vt 0.249865651 0.164926857 0
vt 0.255030751 0.153740942 0
vt 0.235435605 0.157427609 0
vt 0.240660548 0.145888776 0
vt 0.259759843 0.142500192 0
vt 0.245181561 0.134871155 0
vt 0.0656791329 0.29894802 0
vt 0.0784842968 0.299710929 0
vt 0.0739570856 0.316451341 0
vt 0.0604427755 0.314046681 0
vt 0.0487142205 0.311921358 0
vt 0.0537121892 0.298036516 0
vt 0.0384114385 0.309794247 0
vt 0.0428463221 0.296919525 0
vt 0.0569007993 0.284279644 0
vt 0.0690565705 0.28414461 0
vt 0.0455879271 0.284111261 0
vt 0.0814074874 0.283641577 0
vt 0.216733485 0.244430318 0
vt 0.225085557 0.234517664 0
vt 0.239235669 0.24531886 0
vt 0.230914712 0.256103039 0
vt 0.221825391 0.266690016 0
vt 0.207604796 0.254101992 0
vt 0.211696804 0.277142942 0
vt 0.197449148 0.263499588 0
vt 0.194412678 0.241319507 0
vt 0.203386247 0.232569739 0
vt 0.184486508 0.249700427 0
vt 0.21160531 0.223503113 0
vt 0.172704011 0.281423539 0
vt 0.185831547 0.272659063 0
vt 0.200060129 0.28750807 0
vt 0.186306238 0.297974527 0
vt 0.170042217 0.308402061 0
vt 0.158288538 0.289377213 0
vt 0.147912979 0.271358311 0
vt 0.160873085 0.265084714 0
vt 0.173244268 0.257710367 0
vt 0.148675978 0.11687839 0
vt 0.152879149 0.121486187 0
vt 0.143275172 0.128772825 0
vt 0.138819784 0.123926163 0
vt 0.133936644 0.13698861 0
vt 0.129361182 0.132059455 0
vt 0.157437146 0.127339929 0
vt 0.148417473 0.134775043 0
vt 0.1394777 0.142889827 0
vt 0.134768933 0.119845361 0
vt 0.144576311 0.113157719 0
vt 0.204455286 0.0621742904 0
vt 0.208295554 0.0504013002 0
vt 0.215125024 0.052010864 0
vt 0.211247206 0.0628770292 0
vt 0.125406325 0.127783805 0
vt 0.212434113 0.038185358 0
vt 0.219172567 0.0403850079 0
vt 0.154257059 0.108096808 0
vt 0.158397853 0.111350685 0
vt 0.208077639 0.072609067 0
vt 0.201547652 0.0731763542 0
vt 0.162253976 0.115452468 0
vt 0.166285455 0.120745182 0
vt 0.138897419 0.172404915 0
vt 0.148043633 0.177799016 0
vt 0.140900791 0.183709085 0
vt 0.131228358 0.179974079 0
vt 0.124906063 0.187687576 0
vt 0.122084498 0.174850374 0
vt 0.130084693 0.166426241 0
vt 0.11446631 0.169367582 0
vt 0.122465879 0.160452992 0
vt 0.115331292 0.182883173 0
vt 0.107601404 0.177391291 0
vt 0.138195544 0.158115059 0
vt 0.14650172 0.164982051 0
vt 0.146371871 0.15002203 0
vt 0.153958917 0.157606304 0
vt 0.130816907 0.151535958 0
vt 0.15503794 0.171595991 0
vt 0.161713332 0.165055215 0
vt 0.112483978 0.150268614 0
vt 0.116745442 0.155094326 0
vt 0.109082818 0.164250851 0
vt 0.105413079 0.159466267 0
vt 0.102228731 0.172183067 0
vt 0.0988410115 0.167013139 0
vt 0.102899343 0.154650629 0
vt 0.109190881 0.145717144 0
vt 0.0658780038 0.203904524 0
vt 0.0771262944 0.203043848 0
vt 0.0969298482 0.16157186 0
vt 0.0860768259 0.206117123 0
vt 0.116792649 0.136579156 0
vt 0.120545536 0.140993953 0
vt 0.0537513793 0.20539853 0
vt 0.0411566794 0.207019791 0
vt 0.125059217 0.145878732 0
vt 0.167905182 0.142922103 0
vt 0.173230141 0.151154459 0
vt 0.167756379 0.158132672 0
vt 0.161056221 0.150166959 0
vt 0.178308755 0.15800789 0
vt 0.173772305 0.164787143 0
vt 0.154479027 0.142161071 0
vt 0.162535518 0.134742439 0
vt 0.170542598 0.127790809 0
vt 0.174604952 0.136003494 0
vt 0.177906156 0.122361094 0
vt 0.181353778 0.13057369 0
vt 0.1781106 0.144340098 0
vt 0.181997269 0.151171267 0
vt 0.183490813 0.139385641 0
vt 0.185642242 0.146119177 0
vt 0.237113208 0.0721039474 0
vt 0.241302371 0.0614869297 0
vt 0.255653322 0.0671364367 0
vt 0.251432121 0.0776879787 0
vt 0.245478362 0.0500677228 0
vt 0.259885311 0.0557723939 0
vt 0.247142762 0.0879465044 0
vt 0.233014375 0.0822564662 0
vt 0.219197631 0.0763259828 0
vt 0.222807139 0.0666333437 0
vt 0.226843029 0.0559684336 0
vt 0.23092109 0.0445533693 0
vt 0.19562459 0.170474052 0
vt 0.200270683 0.162299544 0
vt 0.21225071 0.169308543 0
vt 0.207007051 0.178049773 0
vt 0.20431304 0.153534144 0
vt 0.216998786 0.160160363 0
vt 0.201212376 0.186442852 0
vt 0.190361083 0.178232312 0
vt 0.180859089 0.170947582 0
vt 0.185532182 0.163864166 0
vt 0.189490914 0.156458527 0
vt 0.192513168 0.14824155 0
vt 0.101400405 0.229152247 0
vt 0.107654333 0.227280363 0
vt 0.113025963 0.243268386 0
vt 0.106016964 0.245095119 0
vt 0.0990614593 0.246941209 0
vt 0.0952576995 0.231097683 0
vt 0.0912766755 0.216648683 0
vt 0.0967633724 0.214540824 0
vt 0.0913917422 0.203475848 0
vt 0.102464408 0.212601215 0
vt 0.0973181725 0.201030269 0
vt 0.212512225 0.132075071 0
vt 0.216603279 0.121938169 0
vt 0.23094663 0.128000408 0
vt 0.226641446 0.138485849 0
vt 0.221514523 0.150207996 0
vt 0.207996726 0.143638253 0
vt 0.194227487 0.138089746 0
vt 0.19780454 0.126721978 0
vt 0.192268133 0.126573175 0
vt 0.201249987 0.116379917 0
vt 0.188431054 0.116878867 0
vt 0.924313962 0.0848064721 0
vt 0.954002142 0.0934984982 0
vt 0.953145206 0.100037187 0
vt 0.92199564 0.0964188576 0
vt 0.985535324 0.106898963 0
vt 0.985219836 0.111949116 0
vt 0.891748786 0.0943134427 0
vt 0.896498442 0.0815726519 0
vt 0.865948141 0.0875730813 0
vt 0.873033047 0.0751377046 0
vt 0.899739146 0.0712384582 0
vt 0.925781608 0.0771574378 0
vt 0.902390122 0.0614511967 0
vt 0.926760495 0.0718791485 0
vt 0.878291965 0.0657326579 0
vt 0.882101774 0.0577008724 0
vt 0.954717577 0.0893232524 0
vt 0.985848308 0.102937728 0
vt 0.955325127 0.0857365429 0
vt 0.986317992 0.0983400643 0
vt 0.838806748 0.0517987907 0
vt 0.855548263 0.0657455325 0
vt 0.847081304 0.075591594 0
vt 0.83139199 0.0596333146 0
vt 0.818253517 0.0428984165 0
vt 0.825585365 0.0363167226 0
vt 0.805472493 0.0272719264 0
vt 0.812149286 0.0221834183 0
vt 0.831139207 0.0318670571 0
vt 0.844395816 0.046168983 0
vt 0.838228524 0.0296607018 0
vt 0.850123525 0.0423177183 0
vt 0.816504776 0.0186603367 0
vt 0.822182178 0.0163284242 0
vt 0.861103296 0.0583506525 0
vt 0.865279675 0.0522302687 0
vt 0.135056883 0.462820381 0
vt 0.138011754 0.458791882 0
vt 0.144223005 0.464250058 0
vt 0.140720218 0.468975127 0
vt 0.1545313 0.470593035 0
vt 0.149744302 0.47741437 0
vt 0.143528402 0.45250088 0
vt 0.150713801 0.458300442 0
vt 0.158071965 0.462905437 0
vt 0.137775779 0.473642409 0
vt 0.131881088 0.467111796 0
vt 0.133833587 0.482333928 0
vt 0.124854535 0.474694848 0
vt 0.145491868 0.482856125 0
vt 0.140864432 0.488248408 0
vt 0.125726789 0.460381299 0
vt 0.129873633 0.456493556 0
vt 0.117158622 0.451819956 0
vt 0.122237086 0.447003007 0
vt 0.117430329 0.465195686 0
vt 0.111674309 0.457270414 0
vt 0.132900536 0.452688247 0
vt 0.137348175 0.445842892 0
vt 0.126937896 0.442867041 0
vt 0.132815212 0.438968867 0
vt 0.12187776 0.402854741 0
vt 0.111306816 0.402384281 0
vt 0.107774317 0.375065386 0
vt 0.121762961 0.374532551 0
vt 0.135269105 0.375526488 0
vt 0.131792784 0.404482037 0
vt 0.151418895 0.380410552 0
vt 0.1430161 0.408649147 0
vt 0.128468394 0.425566912 0
vt 0.121380478 0.42524305 0
vt 0.12635389 0.441837132 0
vt 0.120047182 0.443143934 0
vt 0.136425644 0.427484065 0
vt 0.113638759 0.42374447 0
vt 0.113066763 0.440768212 0
vt 0.167954683 0.426738381 0
vt 0.155498803 0.416625679 0
vt 0.169564903 0.392567277 0
vt 0.18677038 0.406709373 0
vt 0.203565568 0.421036214 0
vt 0.179650307 0.437485307 0
vt 0.217735171 0.436199903 0
vt 0.189140886 0.44896856 0
vt 0.162493438 0.449704498 0
vt 0.153502077 0.441880584 0
vt 0.169749796 0.458175033 0
vt 0.144840747 0.433761388 0
vt 0.197790414 0.476454526 0
vt 0.196127355 0.464100152 0
vt 0.226197869 0.455866575 0
vt 0.227887183 0.472435564 0
vt 0.223135024 0.494746864 0
vt 0.196104288 0.490079969 0
vt 0.173665881 0.487395227 0
vt 0.17336145 0.478784353 0
vt 0.156390637 0.486183256 0
vt 0.154512882 0.479322404 0
vt 0.173104286 0.469228029 0
vt 0.155566633 0.470938027 0
vt 0.584373295 0.81231308 0
vt 0.574253798 0.818009615 0
vt 0.573315561 0.811472714 0
vt 0.587474585 0.805005968 0
vt 0.559270263 0.826742351 0
vt 0.557000279 0.818975329 0
vt 0.599814355 0.802339971 0
vt 0.589936852 0.812259972 0
vt 0.608629763 0.803985834 0
vt 0.595004439 0.81466341 0
vt 0.576378107 0.821678936 0
vt 0.560844898 0.831853747 0
vt 0.579604506 0.824967861 0
vt 0.560892642 0.837705255 0
vt 0.863633215 0.0381782651 0
vt 0.872828424 0.0414957106 0
vt 0.869652212 0.0466210842 0
vt 0.857339978 0.0398228467 0
vt 0.887827814 0.0425465107 0
vt 0.88519758 0.0499281287 0
vt 0.848788381 0.030574888 0
vt 0.86080873 0.0327660143 0
vt 0.841408789 0.0216787755 0
vt 0.858044147 0.0247523487 0
vt 0.873964727 0.0348494053 0
vt 0.889637113 0.0354403853 0
vt 0.873728752 0.0269705653 0
vt 0.891085863 0.0272688568 0
vt 0.930072427 0.053068012 0
vt 0.957319021 0.0714412928 0
vt 0.955945253 0.0815399289 0
vt 0.928431511 0.0625239313 0
vt 0.988523841 0.0782913268 0
vt 0.98712337 0.0912237167 0
vt 0.905029297 0.0514526665 0
vt 0.907333374 0.0423845351 0
vt 0.909419119 0.0336967111 0
vt 0.932000637 0.0421288013 0
vt 0.911317825 0.0260636806 0
vt 0.934349656 0.0322121978 0
vt 0.959443986 0.0563573539 0
vt 0.990236878 0.0627498329 0
vt 0.961877048 0.0412513018 0
vt 0.991699278 0.0494937301 0
vt 0.660965204 0.821433842 0
vt 0.643377602 0.813326597 0
vt 0.626841128 0.809469461 0
vt 0.678871572 0.828623176 0
vt 0.695757151 0.836042166 0
vt 0.855161548 0.0152918994 0
vt 0.872592688 0.0170022547 0
vt 0.891622245 0.016694963 0
vt 0.838185072 0.0117157102 0
vt 0.821241379 0.00553447008 0
vt 0.720413506 0.856368065 0
vt 0.709882736 0.846301198 0
vt 0.728845835 0.863919735 0
vt 0.736421466 0.869409204 0
vt 0.598625898 0.821530104 0
vt 0.584354699 0.830626607 0
vt 0.57043767 0.841346502 0
vt 0.612348318 0.81314218 0
vt 0.938148141 0.0197771192 0
vt 0.965016842 0.0282922089 0
vt 0.99368763 0.0376571119 0
vt 0.913866103 0.0164327025 0
vt 0.84325099 0.705813646 0
vt 0.858198047 0.687466323 0
vt 0.946499228 0.907205462 0
vt 0.953609705 0.894873977 0
vt 0.968295693 0.898330808 0
vt 0.959755242 0.914745212 0
vt 0.956435382 0.882894635 0
vt 0.971471369 0.882394671 0
vt 0.950535297 0.930273771 0
vt 0.936971247 0.918983936 0
vt 0.938304067 0.942114353 0
vt 0.925556958 0.928878725 0
vt 0.920373261 0.910371482 0
vt 0.929154515 0.900849223 0
vt 0.876864612 0.932817876 0
vt 0.882375002 0.926623702 0
vt 0.907730579 0.922088742 0
vt 0.869701147 0.9397493 0
vt 0.935218632 0.891564131 0
vt 0.937515616 0.883052707 0
vt 0.885944724 0.921007633 0
vt 0.887349725 0.915880978 0
vt 0.901322842 0.831955433 0
vt 0.887216091 0.828799844 0
vt 0.885692298 0.816978991 0
vt 0.90133667 0.820959926 0
vt 0.870184422 0.829711676 0
vt 0.868084431 0.817508459 0
vt 0.915587187 0.827920914 0
vt 0.913887739 0.838171542 0
vt 0.92930162 0.837023616 0
vt 0.92533648 0.84612149 0
vt 0.901024818 0.856089175 0
vt 0.893076122 0.850725174 0
vt 0.869481802 0.896333456 0
vt 0.863531768 0.893977523 0
vt 0.909314394 0.861721933 0
vt 0.874574959 0.899708331 0
vt 0.883285642 0.847082794 0
vt 0.87020731 0.847901702 0
vt 0.855692387 0.893188596 0
vt 0.844935238 0.894519091 0
vt 0.902658343 0.943195224 0
vt 0.913617015 0.936266601 0
vt 0.923944712 0.949270964 0
vt 0.911691666 0.954796553 0
vt 0.902880013 0.960449994 0
vt 0.893776059 0.950824738 0
vt 0.896739721 0.966524959 0
vt 0.88692534 0.958888471 0
vt 0.873663843 0.950228631 0
vt 0.879924536 0.944699287 0
vt 0.854802132 0.940627575 0
vt 0.86386466 0.945033252 0
vt 0.871877432 0.950808585 0
vt 0.853826165 0.941237271 0
vt 0.893119097 0.933849394 0
vt 0.866204381 0.94322747 0
vt 0.946273327 0.863094389 0
vt 0.936615229 0.854353845 0
vt 0.942753673 0.847322643 0
vt 0.955029368 0.858214498 0
vt 0.965765059 0.869344413 0
vt 0.953415871 0.872462809 0
vt 0.934979022 0.875822902 0
vt 0.928218305 0.870587111 0
vt 0.886349201 0.911245525 0
vt 0.883528888 0.907055438 0
vt 0.918608844 0.866596282 0
vt 0.879431486 0.903244972 0
vt 0.834316432 0.848387241 0
vt 0.815755844 0.863999367 0
vt 0.806809545 0.853372693 0
vt 0.828303039 0.836693943 0
vt 0.795598149 0.882515907 0
vt 0.78520596 0.873274028 0
vt 0.84835273 0.824493825 0
vt 0.851809025 0.836631656 0
vt 0.852950215 0.85395968 0
vt 0.833340526 0.867549419 0
vt 0.830185175 0.898715496 0
vt 0.818924189 0.901961327 0
vt 0.8127352 0.888286889 0
vt 0.806527793 0.892660916 0
vt 0.815604508 0.901280761 0
vt 0.815034389 0.901477218 0
vt 0.241569489 0.469443411 0
vt 0.25983578 0.502580345 0
vt 0.22879611 0.507443547 0
vt 0.26810953 0.45948109 0
vt 0.288737893 0.494297445 0
vt 0.167083442 0.504467726 0
vt 0.15502657 0.466005713 0
vt 0.173022896 0.414030135 0
vt 0.195705876 0.403519511 0
vt 0.247481182 0.424664736 0
vt 0.179140314 0.542929709 0
vt 0.204511538 0.526999056 0
vt 0.188062355 0.187557206 0
vt 0.209845647 0.194749385 0
vt 0.205739781 0.217005044 0
vt 0.183854088 0.210776001 0
vt 0.204638854 0.231548607 0
vt 0.182149693 0.228072315 0
vt 0.231434301 0.203619421 0
vt 0.227647737 0.223877102 0
vt 0.226733506 0.235239223 0
vt 0.161819801 0.205404997 0
vt 0.16632916 0.181572899 0
vt 0.139107898 0.20094806 0
vt 0.143564641 0.176804662 0
vt 0.159309119 0.22494927 0
vt 0.135962859 0.222185224 0
vt 0.172146782 0.156579867 0
vt 0.193889111 0.162553534 0
vt 0.177737743 0.132436007 0
vt 0.200143814 0.138422504 0
vt 0.148553103 0.151296437 0
vt 0.153194323 0.126954064 0
vt 0.215602383 0.170147061 0
vt 0.236266524 0.176506743 0
vt 0.221509114 0.144721419 0
vt 0.242288798 0.150923461 0
vt 0.20956476 0.541862607 0
vt 0.232728198 0.535748661 0
vt 0.240669295 0.567470789 0
vt 0.216002226 0.573395491 0
vt 0.249359116 0.603448153 0
vt 0.222917676 0.609001994 0
vt 0.255001396 0.529062867 0
vt 0.264425576 0.560743928 0
vt 0.275003672 0.596834183 0
vt 0.189751476 0.578617334 0
vt 0.184824079 0.547467232 0
vt 0.161197618 0.583134234 0
vt 0.157748222 0.552527785 0
vt 0.194956735 0.613597214 0
vt 0.164782822 0.617223203 0
vt 0.18027398 0.520936847 0
vt 0.203732058 0.515071213 0
vt 0.175672874 0.497799069 0
vt 0.198050156 0.491887242 0
vt 0.154510826 0.526265204 0
vt 0.151099905 0.503145576 0
vt 0.225707427 0.508820951 0
vt 0.246887729 0.502215445 0
vt 0.219277039 0.48556605 0
vt 0.240036443 0.479230285 0
vt 0.186301693 0.442984164 0
vt 0.207947418 0.436091393 0
vt 0.213489458 0.460394263 0
vt 0.191890195 0.467851222 0
vt 0.229891971 0.427822709 0
vt 0.234205961 0.454400361 0
vt 0.170220524 0.47367236 0
vt 0.164625034 0.448722541 0
vt 0.146630704 0.478776067 0
vt 0.141879007 0.453255534 0
vt 0.16039829 0.424917191 0
vt 0.182421818 0.419850349 0
vt 0.158144116 0.405381739 0
vt 0.1809863 0.402579874 0
vt 0.137683183 0.4291026 0
vt 0.134792522 0.407851785 0
vt 0.204290107 0.414008945 0
vt 0.226324245 0.40766269 0
vt 0.203500807 0.399494141 0
vt 0.225781128 0.396336854 0
vt 0.176388234 0.261975765 0
vt 0.198625311 0.260873288 0
vt 0.196619034 0.286081851 0
vt 0.175023004 0.286790818 0
vt 0.200048208 0.315419823 0
vt 0.177284122 0.315288246 0
vt 0.221871972 0.259754032 0
vt 0.219090432 0.285446018 0
vt 0.222666502 0.315530062 0
vt 0.153650641 0.287327766 0
vt 0.154499635 0.262684673 0
vt 0.130848691 0.28774783 0
vt 0.131869808 0.2628178 0
vt 0.154200912 0.315146357 0
vt 0.130448803 0.314997196 0
vt 0.156292617 0.241829723 0
vt 0.178647697 0.242107466 0
vt 0.133535624 0.2412422 0
vt 0.201209098 0.242312655 0
vt 0.224162072 0.242644116 0
vt 0.381166548 0.228787795 0
vt 0.386927485 0.215339318 0
vt 0.395660937 0.21957387 0
vt 0.389069021 0.23304686 0
vt 0.406175107 0.224770233 0
vt 0.398997933 0.238125309 0
vt 0.394122928 0.203207523 0
vt 0.402781248 0.207321107 0
vt 0.412954032 0.212304503 0
vt 0.383976221 0.245684445 0
vt 0.376814157 0.241527751 0
vt 0.381394535 0.257234156 0
vt 0.373622537 0.253212661 0
vt 0.392760426 0.250921398 0
vt 0.388995528 0.262668759 0
vt 0.369130701 0.23859562 0
vt 0.373962671 0.225097567 0
vt 0.360704929 0.2368159 0
vt 0.365825236 0.222303852 0
vt 0.365707815 0.25063017 0
vt 0.357706636 0.249138191 0
vt 0.37921378 0.211792603 0
vt 0.386178315 0.199481577 0
vt 0.371175379 0.208317876 0
vt 0.377886206 0.195563689 0
vt 0.418013811 0.185365364 0
vt 0.435204655 0.176664516 0
vt 0.441091359 0.182890564 0
vt 0.425468564 0.190561607 0
vt 0.447047561 0.189149782 0
vt 0.433435827 0.195818126 0
vt 0.454987884 0.167344317 0
vt 0.458425909 0.175032273 0
vt 0.461768359 0.182740152 0
vt 0.412552088 0.198294729 0
vt 0.404301703 0.193833441 0
vt 0.421931744 0.20322074 0
vt 0.396424502 0.189488411 0
vt 0.410731703 0.18018125 0
vt 0.387984991 0.184592664 0
vt 0.40260011 0.174160972 0
vt 0.429154158 0.170345932 0
vt 0.451098591 0.159277245 0
vt 0.422067583 0.162962779 0
vt 0.445932806 0.149610341 0
vt 0.382267356 0.401894331 0
vt 0.378122956 0.388956517 0
vt 0.38695538 0.384872377 0
vt 0.390898049 0.398047596 0
vt 0.394399554 0.380331457 0
vt 0.399153292 0.393408537 0
vt 0.375191957 0.376387864 0
vt 0.383646846 0.372506559 0
vt 0.390896261 0.368140846 0
vt 0.395508111 0.411862642 0
vt 0.387657344 0.416288823 0
vt 0.402576149 0.424315065 0
vt 0.394160926 0.428770602 0
vt 0.405216157 0.406914204 0
vt 0.41231811 0.419313133 0
vt 0.379242629 0.420171112 0
vt 0.373527884 0.405498534 0
vt 0.369885147 0.423934251 0
vt 0.363464952 0.409107208 0
vt 0.386252105 0.43277815 0
vt 0.377711475 0.436727494 0
vt 0.369101882 0.392176241 0
vt 0.366456062 0.379221231 0
vt 0.359609395 0.394349754 0
vt 0.357906073 0.381136417 0
vt 0.376809627 0.349415511 0
vt 0.377318174 0.334314436 0
vt 0.382637024 0.332315177 0
vt 0.382779777 0.346922994 0
vt 0.389068097 0.329957068 0
vt 0.389667392 0.343660355 0
vt 0.375291973 0.315784603 0
vt 0.3803716 0.315635622 0
vt 0.387236208 0.315344393 0
vt 0.382803142 0.35986802 0
vt 0.37585175 0.363185525 0
vt 0.389768034 0.356217593 0
vt 0.367759287 0.365992159 0
vt 0.370212018 0.351853639 0
vt 0.35890767 0.367977619 0
vt 0.362716258 0.354557663 0
vt 0.372118115 0.336146563 0
vt 0.370826304 0.315717727 0
vt 0.365119666 0.33782202 0
vt 0.364081621 0.31547755 0
vt 0.339122176 0.270992637 0
vt 0.350836337 0.27311641 0
vt 0.353409052 0.291673243 0
vt 0.337973267 0.290929258 0
vt 0.351851523 0.315398872 0
vt 0.335464805 0.315381348 0
vt 0.360123068 0.275575191 0
vt 0.363858789 0.29348883 0
vt 0.319630325 0.290226907 0
vt 0.321715772 0.269316792 0
vt 0.300706655 0.289883703 0
vt 0.304312944 0.266032606 0
vt 0.317479461 0.31544587 0
vt 0.29951492 0.315522999 0
vt 0.32282719 0.255031437 0
vt 0.338819027 0.25733763 0
vt 0.320607185 0.246174663 0
vt 0.337196231 0.247476086 0
vt 0.303963929 0.251282364 0
vt 0.302243173 0.244665757 0
vt 0.34873566 0.258987933 0
vt 0.357665837 0.260497898 0
vt 0.349000663 0.248483747 0
vt 0.265141368 0.261679441 0
vt 0.285782427 0.263621509 0
vt 0.283033848 0.288486212 0
vt 0.264275849 0.286963969 0
vt 0.282623142 0.315576464 0
vt 0.264720738 0.315608978 0
vt 0.242219567 0.285385966 0
vt 0.243452772 0.260484964 0
vt 0.244590715 0.315597594 0
vt 0.246585399 0.242695212 0
vt 0.26638934 0.244527966 0
vt 0.247692227 0.238569379 0
vt 0.266534269 0.241025209 0
vt 0.2849935 0.24691321 0
vt 0.284217447 0.242999539 0
vt 0.343033582 0.412647039 0
vt 0.352777272 0.411548823 0
vt 0.359448612 0.426935285 0
vt 0.347568989 0.428815365 0
vt 0.367064178 0.441142648 0
vt 0.353729188 0.446220368 0
vt 0.332874417 0.430567533 0
vt 0.3292813 0.413130939 0
vt 0.314117521 0.435054332 0
vt 0.307638556 0.413143992 0
vt 0.33800751 0.451150239 0
vt 0.320913941 0.455981135 0
vt 0.324369073 0.396458834 0
vt 0.339853227 0.396478236 0
vt 0.321647435 0.384866029 0
vt 0.338510334 0.383557171 0
vt 0.30502528 0.396110117 0
vt 0.303115636 0.386707544 0
vt 0.349414676 0.395687103 0
vt 0.348860234 0.382126778 0
vt 0.270699441 0.417750806 0
vt 0.290070921 0.415425748 0
vt 0.295967847 0.438740373 0
vt 0.275873274 0.442140549 0
vt 0.302625 0.460595548 0
vt 0.282195359 0.46556887 0
vt 0.25517723 0.448563606 0
vt 0.250501484 0.422762632 0
vt 0.260992378 0.472566724 0
vt 0.247936115 0.401514649 0
vt 0.267550468 0.398264587 0
vt 0.247223794 0.393489897 0
vt 0.266677767 0.391125053 0
vt 0.286008 0.396130055 0
vt 0.284853786 0.388850808 0
vt 0.378512919 0.47626853 0
vt 0.392380029 0.466205359 0
vt 0.413473874 0.479242951 0
vt 0.400862336 0.49140662 0
vt 0.439897597 0.494640797 0
vt 0.42896384 0.509856999 0
vt 0.402624816 0.457948387 0
vt 0.422532916 0.469227254 0
vt 0.446947843 0.482022524 0
vt 0.378422827 0.509044349 0
vt 0.359414726 0.487903893 0
vt 0.354563653 0.523830831 0
vt 0.339616358 0.497750074 0
vt 0.405017823 0.533176243 0
vt 0.373844713 0.554142475 0
vt 0.346557379 0.468794882 0
vt 0.363125682 0.461375803 0
vt 0.328698814 0.475509584 0
vt 0.377171129 0.45385325 0
vt 0.387997568 0.447417468 0
vt 0.298584968 0.513969064 0
vt 0.319636434 0.506115437 0
vt 0.333055854 0.534649968 0
vt 0.310781747 0.544302344 0
vt 0.349802494 0.567592144 0
vt 0.325588882 0.579005539 0
vt 0.287847131 0.552988172 0
vt 0.27700749 0.521656334 0
vt 0.300587296 0.588876784 0
vt 0.268056035 0.495108753 0
vt 0.289269209 0.487879634 0
vt 0.309822828 0.481611967 0
vt 0.342360735 0.219073683 0
vt 0.355698407 0.220390603 0
vt 0.351092905 0.236022845 0
vt 0.338995188 0.235393375 0
vt 0.322537988 0.234982759 0
vt 0.325591356 0.217681706 0
vt 0.303913385 0.235108927 0
vt 0.306646556 0.217696309 0
vt 0.330312759 0.198753923 0
vt 0.349766642 0.201758742 0
vt 0.338033885 0.179933026 0
vt 0.356293708 0.186572343 0
vt 0.312773794 0.195091963 0
vt 0.319953948 0.174029484 0
vt 0.361964136 0.204928234 0
vt 0.368324161 0.191256985 0
vt 0.27043286 0.214445859 0
vt 0.288910687 0.216005147 0
vt 0.285158217 0.235898674 0
vt 0.267335534 0.23428911 0
vt 0.248564407 0.230806634 0
vt 0.251528352 0.209275767 0
vt 0.256546497 0.182708159 0
vt 0.275633335 0.188876107 0
vt 0.262572825 0.157428667 0
vt 0.282157391 0.164067522 0
vt 0.294549942 0.191725001 0
vt 0.301498234 0.168856576 0
vt 0.265209734 0.370013803 0
vt 0.286166281 0.367843091 0
vt 0.285598427 0.384765834 0
vt 0.266485214 0.387226492 0
vt 0.304855347 0.365124762 0
vt 0.304742008 0.379990548 0
vt 0.246115416 0.389175683 0
vt 0.243151173 0.37107873 0
vt 0.223341823 0.388799936 0
vt 0.221328571 0.371517986 0
vt 0.242090553 0.345904052 0
vt 0.264300585 0.344365239 0
vt 0.218830317 0.345639229 0
vt 0.283173829 0.342755705 0
vt 0.300914764 0.341183126 0
vt 0.339782983 0.35941273 0
vt 0.353348464 0.357536763 0
vt 0.349931538 0.370297372 0
vt 0.339996845 0.37315321 0
vt 0.32372874 0.375904918 0
vt 0.322319329 0.361524045 0
vt 0.319848806 0.340595692 0
vt 0.338047236 0.339610368 0
vt 0.353786319 0.338987231 0
vt 0.375428379 0.280606955 0
vt 0.374019355 0.265733212 0
vt 0.381242454 0.269682765 0
vt 0.381817728 0.28354311 0
vt 0.388010412 0.274304718 0
vt 0.388094842 0.286848962 0
vt 0.38190639 0.298740238 0
vt 0.376527399 0.297085881 0
vt 0.388112962 0.300630271 0
vt 0.370864928 0.295366734 0
vt 0.368150294 0.277981162 0
vt 0.366115451 0.262653947 0
vt 0.175724134 0.368614167 0
vt 0.197982252 0.370034277 0
vt 0.200274736 0.388664901 0
vt 0.177700743 0.388512313 0
vt 0.155354872 0.38848263 0
vt 0.153837934 0.367613554 0
vt 0.132603988 0.388779312 0
vt 0.131211817 0.36719057 0
vt 0.153304279 0.342957914 0
vt 0.174679771 0.343764871 0
vt 0.130506039 0.342250019 0
vt 0.196296379 0.344742566 0
vt 0.299161047 0.116023012 0
vt 0.319678158 0.124179624 0
vt 0.309364647 0.147934303 0
vt 0.289589405 0.141324624 0
vt 0.339880079 0.133239567 0
vt 0.328284115 0.154909015 0
vt 0.269387394 0.13437441 0
vt 0.278109759 0.10834273 0
vt 0.248784035 0.127682045 0
vt 0.256569117 0.101152167 0
vt 0.288901567 0.077706404 0
vt 0.311404288 0.0863833949 0
vt 0.301636696 0.0425426513 0
vt 0.326112509 0.0524701588 0
vt 0.265892744 0.0699932203 0
vt 0.276518553 0.0345148444 0
vt 0.333282083 0.0959941521 0
vt 0.355423659 0.107725091 0
vt 0.349703163 0.0638422966 0
vt 0.373418838 0.0768824816 0
vt 0.380773753 0.158594772 0
vt 0.392741591 0.166947111 0
vt 0.378026009 0.178819567 0
vt 0.365634173 0.17190063 0
vt 0.347632766 0.163019031 0
vt 0.36218226 0.145817235 0
vt 0.381525367 0.126072004 0
vt 0.401408076 0.14272137 0
vt 0.403917253 0.09852314 0
vt 0.427715302 0.122155927 0
vt 0.413003206 0.153843328 0
vt 0.438514411 0.137316152 0
vt 0.417921275 0.44624418 0
vt 0.404110759 0.437979162 0
vt 0.412257224 0.433413684 0
vt 0.425286442 0.440937907 0
vt 0.421496451 0.428364843 0
vt 0.433133125 0.435610652 0
vt 0.441064209 0.448378175 0
vt 0.435337245 0.454765618 0
vt 0.458594173 0.455991507 0
vt 0.45535484 0.463827819 0
vt 0.446856469 0.44203499 0
vt 0.461768359 0.448150814 0
vt 0.429445177 0.461337388 0
vt 0.410689443 0.451581568 0
vt 0.451722383 0.472078741 0
vt 0.396370322 0.44243294 0
vt 0.211620972 0.0885634944 0
vt 0.234588012 0.0946248099 0
vt 0.227749199 0.121376961 0
vt 0.205812305 0.115221687 0
vt 0.182416916 0.109330527 0
vt 0.187045455 0.0829204395 0
vt 0.156740919 0.103890881 0
vt 0.160126016 0.0777402744 0
vt 0.192100316 0.0520015582 0
vt 0.218105048 0.0573204271 0
vt 0.197515026 0.0173497591 0
vt 0.225174591 0.022122765 0
vt 0.163766041 0.0473220088 0
vt 0.167605683 0.0134925153 0
vt 0.242484957 0.0632816255 0
vt 0.251271486 0.0278073065 0
vt 0.0944319442 0.5607602 0
vt 0.0932810456 0.53528136 0
vt 0.125396758 0.531097293 0
vt 0.127456442 0.557015896 0
vt 0.0916790441 0.512333989 0
vt 0.123007067 0.508023918 0
vt 0.129572436 0.586904049 0
vt 0.0955245122 0.589792728 0
vt 0.13172473 0.619831264 0
vt 0.0966032445 0.621384323 0
vt 0.0597120784 0.591941357 0
vt 0.0592310019 0.56385833 0
vt 0.0228191521 0.593708932 0
vt 0.0225018486 0.566648126 0
vt 0.0601639934 0.62211889 0
vt 0.0230796523 0.62245506 0
vt 0.058623299 0.538906217 0
vt 0.05748941 0.516162395 0
vt 0.022010373 0.542311728 0
vt 0.0209424291 0.519869566 0
vt 0.0858374462 0.461221904 0
vt 0.0831348598 0.43530035 0
vt 0.112323955 0.432344794 0
vt 0.115684509 0.457499653 0
vt 0.0809516832 0.411844164 0
vt 0.109663181 0.409847975 0
vt 0.119512059 0.483434677 0
vt 0.0889408588 0.48759672 0
vt 0.0551932156 0.491339773 0
vt 0.0525231101 0.464547455 0
vt 0.0186309293 0.495030761 0
vt 0.0158291254 0.467733771 0
vt 0.0502594486 0.437943548 0
vt 0.0483895838 0.413764864 0
vt 0.0139096454 0.440319777 0
vt 0.012356448 0.415424049 0
vt 0.0766070336 0.367881238 0
vt 0.0750237033 0.342169732 0
vt 0.104382195 0.342077762 0
vt 0.105664805 0.367326349 0
vt 0.0745352209 0.314643413 0
vt 0.104026206 0.314830601 0
vt 0.107537329 0.389583379 0
vt 0.0787617117 0.390791684 0
vt 0.0462988243 0.392056823 0
vt 0.0441394784 0.368545592 0
vt 0.0104886731 0.393127263 0
vt 0.00853674673 0.369046152 0
vt 0.0425400734 0.342330992 0
vt 0.0420567468 0.314433753 0
vt 0.00716677168 0.342355847 0
vt 0.00689138146 0.31419909 0
vt 0.0971240401 0.0690404028 0
vt 0.0984793156 0.0401380062 0
vt 0.132342935 0.0433197059 0
vt 0.129991427 0.0730530769 0
vt 0.0998580456 0.00870708004 0
vt 0.134780273 0.0105951373 0
vt 0.127736315 0.0988681167 0
vt 0.0957469642 0.0944230258 0
vt 0.12516962 0.121872954 0
vt 0.0939396545 0.117296122 0
vt 0.0612297468 0.0904788151 0
vt 0.0620810017 0.0656187683 0
vt 0.0247726925 0.0867099017 0
vt 0.025514802 0.06246683 0
vt 0.0598724112 0.113143764 0
vt 0.0234721154 0.109066367 0
vt 0.062837556 0.0376506783 0
vt 0.0635913089 0.00760729564 0
vt 0.0261094961 0.035515409 0
vt 0.0266644545 0.00689138146 0
vt 0.0876042545 0.168270186 0
vt 0.090971522 0.1419608 0
vt 0.121470094 0.146406665 0
vt 0.117396645 0.172298223 0
vt 0.11376667 0.197420359 0
vt 0.0846194625 0.19413963 0
vt 0.110845678 0.219889447 0
vt 0.0821649805 0.217555538 0
vt 0.0518113561 0.191122785 0
vt 0.0543744527 0.164589465 0
vt 0.0155580323 0.188317761 0
vt 0.0178004913 0.160995692 0
vt 0.0496550351 0.215246812 0
vt 0.0136967171 0.213143513 0
vt 0.0573270917 0.137880892 0
vt 0.020899849 0.133805141 0
vt 0.0772832707 0.261444479 0
vt 0.0797216073 0.23857066 0
vt 0.108474813 0.240129396 0
vt 0.106326267 0.262361765 0
vt 0.104726419 0.287590891 0
vt 0.0753751397 0.287127823 0
vt 0.0429045931 0.286549717 0
vt 0.0448421612 0.260370284 0
vt 0.00754936738 0.286056846 0
vt 0.00927695818 0.259406537 0
vt 0.0472979806 0.236905843 0
vt 0.0115444111 0.23538056 0
vt 0.770324707 0.560868561 0
vt 0.801962376 0.548830688 0
vt 0.823763669 0.59725982 0
vt 0.792494178 0.611499965 0
vt 0.4980084 0.542513192 0
vt 0.527066946 0.558425903 0
vt 0.505675673 0.604059994 0
vt 0.475551546 0.589353979 0
vt 0.792494059 0.0495405421 0
vt 0.823763669 0.0637806654 0
vt 0.801962376 0.112209901 0
vt 0.770324647 0.100171939 0
vt 0.475551128 0.0716868713 0
vt 0.505675256 0.0569808558 0
vt 0.527066588 0.102614872 0
vt 0.498008102 0.118527628 0
vt 0.727341533 0.529381335 0
vt 0.751357615 0.52066654 0
vt 0.745310485 0.569704354 0
vt 0.782505929 0.509529412 0
vt 0.51427108 0.504485965 0
vt 0.543269634 0.519486725 0
vt 0.566523015 0.533265531 0
vt 0.550650537 0.571491539 0
vt 0.530406415 0.616578281 0
vt 0.530406117 0.0444624126 0
vt 0.550650239 0.0895492136 0
vt 0.566522777 0.127775237 0
vt 0.543269336 0.141554132 0
vt 0.514270902 0.156554893 0
vt 0.782505929 0.151511237 0
vt 0.751357555 0.140374094 0
vt 0.745310366 0.0913362131 0
vt 0.727341413 0.131659344 0
vt 0.767066419 0.0379234739 0
vt 0.767066538 0.62311697 0
vt 0.736366153 0.445385158 0
vt 0.759596527 0.438984782 0
vt 0.763623059 0.464664191 0
vt 0.737023294 0.472890347 0
vt 0.535221875 0.43756026 0
vt 0.558890402 0.44057405 0
vt 0.55443275 0.468459457 0
vt 0.527549803 0.461077064 0
vt 0.770181 0.484732658 0
vt 0.740836442 0.494551539 0
vt 0.550515175 0.491768479 0
vt 0.521810889 0.480117053 0
vt 0.719695032 0.41461879 0
vt 0.736837685 0.411071807 0
vt 0.717247307 0.45086056 0
vt 0.757153213 0.40681085 0
vt 0.541919351 0.407036394 0
vt 0.562663019 0.407155424 0
vt 0.580408096 0.406989247 0
vt 0.579103291 0.442931145 0
vt 0.576954305 0.475191265 0
vt 0.57443136 0.503378332 0
vt 0.71801585 0.503088236 0
vt 0.715616703 0.479995608 0
vt 0.640723526 0.293084592 0
vt 0.652570486 0.291847736 0
vt 0.652371705 0.330520362 0
vt 0.641099691 0.330520391 0
vt 0.664263725 0.290325135 0
vt 0.663687229 0.330520362 0
vt 0.652570546 0.369193017 0
vt 0.640723526 0.367956161 0
vt 0.664263785 0.370715588 0
vt 0.626253784 0.256070018 0
vt 0.639329195 0.254717827 0
vt 0.629048288 0.293791264 0
vt 0.652744412 0.252592176 0
vt 0.665619373 0.250076205 0
vt 0.67718488 0.247502416 0
vt 0.675489008 0.288735032 0
vt 0.674905539 0.330520362 0
vt 0.675489068 0.372305721 0
vt 0.677184939 0.413538307 0
vt 0.665619373 0.410964519 0
vt 0.652744472 0.408448577 0
vt 0.639329255 0.406322926 0
vt 0.629048347 0.367249489 0
vt 0.626253843 0.404970706 0
vt 0.630021095 0.330520391 0
vt 0.635278165 0.144131392 0
vt 0.652381778 0.145110935 0
vt 0.652705669 0.175778911 0
vt 0.635966063 0.176624104 0
vt 0.668092549 0.146138459 0
vt 0.66780293 0.17476213 0
vt 0.652705371 0.21258527 0
vt 0.63719219 0.214705959 0
vt 0.667177498 0.210140526 0
vt 0.615077078 0.112356387 0
vt 0.632725298 0.113036223 0
vt 0.618562043 0.143589705 0
vt 0.651308656 0.11488755 0
vt 0.668715775 0.117595546 0
vt 0.683368623 0.120640568 0
vt 0.680790007 0.147237435 0
vt 0.680214942 0.173735455 0
vt 0.679435492 0.20772329 0
vt 0.622088194 0.216198489 0
vt 0.619407475 0.177228674 0
vt 0.627206087 0.590004385 0
vt 0.64984411 0.589126587 0
vt 0.648679614 0.654149175 0
vt 0.618359327 0.651185095 0
vt 0.671830356 0.586313605 0
vt 0.678967834 0.652820706 0
vt 0.618359029 0.00985548832 0
vt 0.648679376 0.00689138146 0
vt 0.649843931 0.071914047 0
vt 0.627205908 0.0710362568 0
vt 0.678967655 0.00821973942 0
vt 0.671830177 0.0747270063 0
vt 0.615077317 0.548684239 0
vt 0.632725477 0.548004508 0
vt 0.6064955 0.588961065 0
vt 0.651308835 0.546153128 0
vt 0.668715894 0.54344517 0
vt 0.683368742 0.540400088 0
vt 0.690954983 0.582395613 0
vt 0.705127358 0.648150861 0
vt 0.70512718 0.0128896432 0
vt 0.690954804 0.0786449984 0
vt 0.606495261 0.0720795989 0
vt 0.592146456 0.0160452835 0
vt 0.592146814 0.644995272 0
vt 0.637192309 0.446334749 0
vt 0.652705491 0.448455453 0
vt 0.652705789 0.485261768 0
vt 0.635966182 0.484416604 0
vt 0.667177618 0.450900197 0
vt 0.667803049 0.486278564 0
vt 0.652381897 0.515929759 0
vt 0.635278344 0.516909361 0
vt 0.668092668 0.514902234 0
vt 0.622088313 0.444842279 0
vt 0.679435551 0.453317404 0
vt 0.680215061 0.487305224 0
vt 0.680790067 0.513803244 0
vt 0.618562222 0.517450988 0
vt 0.619407594 0.483812064 0
vt 0.709189832 0.286439627 0
vt 0.709972084 0.330520362 0
vt 0.698237419 0.330520362 0
vt 0.69771874 0.286577851 0
vt 0.709189832 0.374601096 0
vt 0.69771874 0.374462873 0
vt 0.686357737 0.330520362 0
vt 0.686506271 0.287379354 0
vt 0.686506271 0.373661399 0
vt 0.719694972 0.246421933 0
vt 0.721838474 0.287301362 0
vt 0.70721072 0.244373783 0
vt 0.722557724 0.330520362 0
vt 0.721838474 0.373739362 0
vt 0.70721072 0.416666925 0
vt 0.697111666 0.416889966 0
vt 0.687407434 0.415708601 0
vt 0.687407374 0.245332137 0
vt 0.697111607 0.244150773 0
vt 0.593764603 0.368443757 0
vt 0.59372139 0.330520421 0
vt 0.606282473 0.330520391 0
vt 0.60571146 0.367695361 0
vt 0.593764544 0.292597055 0
vt 0.60571146 0.293345392 0
vt 0.61843884 0.330520391 0
vt 0.617461741 0.367209584 0
vt 0.617461681 0.293831199 0
vt 0.580706477 0.369188517 0
vt 0.592871249 0.406329006 0
vt 0.580361068 0.330520421 0
vt 0.580706418 0.291852295 0
vt 0.580408037 0.254051566 0
vt 0.592871189 0.254711837 0
vt 0.60327071 0.255706131 0
vt 0.614203453 0.256355435 0
vt 0.614203513 0.404685318 0
vt 0.603270769 0.405334651 0
vt 0.704774618 0.152730569 0
vt 0.703102767 0.176215917 0
vt 0.696120024 0.173723191 0
vt 0.69720304 0.150052786 0
vt 0.704919696 0.20658347 0
vt 0.696664929 0.205238447 0
vt 0.689364552 0.173179582 0
vt 0.690075815 0.1485769 0
vt 0.688985884 0.205895469 0
vt 0.71801573 0.157952458 0
vt 0.712887287 0.127274752 0
vt 0.715616643 0.18104507 0
vt 0.717247307 0.210180119 0
vt 0.694816232 0.123344995 0
vt 0.703825772 0.12531516 0
vt 0.5911901 0.216992766 0
vt 0.589292169 0.181271508 0
vt 0.595751762 0.178904742 0
vt 0.59898752 0.216994852 0
vt 0.587092876 0.149714321 0
vt 0.594054461 0.145482391 0
vt 0.605471551 0.177867249 0
vt 0.609035313 0.216951504 0
vt 0.604384899 0.143939048 0
vt 0.579103172 0.218109667 0
vt 0.576954126 0.185849547 0
vt 0.574431181 0.157662421 0
vt 0.579814076 0.119291708 0
vt 0.588870466 0.115184866 0
vt 0.600291193 0.113049053 0
vt 0.729321122 0.574056506 0
vt 0.750577092 0.630699515 0
vt 0.738781512 0.636116445 0
vt 0.718255758 0.576276958 0
vt 0.750576973 0.0303409044 0
vt 0.729321003 0.0869840458 0
vt 0.718255639 0.0847636759 0
vt 0.738781393 0.0249240641 0
vt 0.724802792 0.641797185 0
vt 0.706335425 0.578938782 0
vt 0.706335306 0.0821017772 0
vt 0.724802673 0.0192433875 0
vt 0.712887406 0.533765912 0
vt 0.694816351 0.537695646 0
vt 0.703825831 0.535725534 0
vt 0.565757632 0.0818037465 0
vt 0.546701014 0.0359952971 0
vt 0.558382571 0.0297548342 0
vt 0.576930583 0.0775375068 0
vt 0.546701372 0.625045359 0
vt 0.565757871 0.579237044 0
vt 0.576930881 0.583503187 0
vt 0.558382928 0.631285846 0
vt 0.572377086 0.0232088733 0
vt 0.589665532 0.0744597986 0
vt 0.589665771 0.586580992 0
vt 0.572377443 0.637831748 0
vt 0.579814315 0.54174906 0
vt 0.588870704 0.545855939 0
vt 0.600291431 0.547991693 0
vt 0.704919755 0.454457223 0
vt 0.703102887 0.484824777 0
vt 0.696120143 0.487317502 0
vt 0.696664989 0.455802262 0
vt 0.704774678 0.508310139 0
vt 0.6972031 0.510987878 0
vt 0.689364612 0.487861097 0
vt 0.688985884 0.45514524 0
vt 0.690075934 0.512463808 0
vt 0.587093055 0.511326432 0
vt 0.589292347 0.47976923 0
vt 0.595751941 0.482135981 0
vt 0.594054639 0.515558362 0
vt 0.591190219 0.444048017 0
vt 0.598987639 0.444045931 0
vt 0.60547173 0.48317349 0
vt 0.604385078 0.517101645 0
vt 0.609035432 0.444089264 0
vt 0.740836442 0.16648908 0
vt 0.770181 0.176307976 0
vt 0.763623059 0.196376488 0
vt 0.737023294 0.188150346 0
vt 0.521810651 0.18092379 0
vt 0.550514996 0.169272318 0
vt 0.554432571 0.192581356 0
vt 0.527549624 0.199963778 0
vt 0.759596527 0.222055912 0
vt 0.736366093 0.215655535 0
vt 0.558890283 0.220466763 0
vt 0.535221756 0.223480582 0
vt 0.562662959 0.253885388 0
vt 0.541919231 0.254004449 0
vt 0.757153213 0.254229844 0
vt 0.736837685 0.249968886 0
vt 0.737668931 0.288989544 0
vt 0.756132245 0.291082114 0
vt 0.755824924 0.330520362 0
vt 0.737925351 0.330520362 0
vt 0.545482755 0.290540159 0
vt 0.564328551 0.291190594 0
vt 0.56443435 0.330520421 0
vt 0.546329856 0.330520421 0
vt 0.756132245 0.369958609 0
vt 0.737668931 0.372051179 0
vt 0.564328611 0.369850248 0
vt 0.545482814 0.370500714 0
vt 0.180678025 0.657610059 0
vt 0.175140247 0.655472815 0
vt 0.176097929 0.64045459 0
vt 0.184709176 0.651881695 0
vt 0.169409245 0.657054484 0
vt 0.166234702 0.651286244 0
vt 0.160655782 0.647539258 0
vt 0.160881475 0.6362378 0
vt 0.191443443 0.636547446 0
vt 0.190790847 0.647715211 0
vt 0.201118499 0.883768141 0
vt 0.214709014 0.888626277 0
vt 0.19585906 0.921804786 0
vt 0.186595216 0.90993768 0
vt 0.122412436 0.884938478 0
vt 0.135395512 0.880970955 0
vt 0.146195814 0.90758723 0
vt 0.137750968 0.918586493 0
vt 0.157803059 0.915537477 0
vt 0.166181117 0.927062869 0
vt 0.174100161 0.916364193 0
vt 0.166276082 0.91152072 0
vt 0.170439079 0.910814881 0
vt 0.161925182 0.910547495 0
vt 0.162930101 0.906640589 0
vt 0.166288197 0.907410979 0
vt 0.169545501 0.906994164 0
vt 0.182693139 0.687485754 0
vt 0.173389897 0.686842799 0
vt 0.174037844 0.668177664 0
vt 0.181863919 0.668036222 0
vt 0.164544389 0.684636295 0
vt 0.166783333 0.666671276 0
vt 0.179812506 0.903395891 0
vt 0.189170808 0.879052579 0
vt 0.173012182 0.898998499 0
vt 0.177942201 0.875704706 0
vt 0.147531494 0.678360581 0
vt 0.153354838 0.657379985 0
vt 0.160327628 0.662733197 0
vt 0.156266764 0.681539953 0
vt 0.152731985 0.901840508 0
vt 0.146035239 0.877488256 0
vt 0.156206146 0.875165522 0
vt 0.159351483 0.898136377 0
vt 0.133529961 0.843878448 0
vt 0.145403698 0.842163503 0
vt 0.136454299 0.804094315 0
vt 0.148179695 0.803604186 0
vt 0.159903064 0.80330956 0
vt 0.157093763 0.840693057 0
vt 0.140576541 0.766246676 0
vt 0.151610717 0.767242134 0
vt 0.144983932 0.734005809 0
vt 0.154224366 0.735829771 0
vt 0.164130792 0.738052666 0
vt 0.162779808 0.76840812 0
vt 0.145935014 0.705096662 0
vt 0.154678762 0.707012892 0
vt 0.164041981 0.709686577 0
vt 0.198868006 0.658020973 0
vt 0.190012559 0.664396882 0
vt 0.205329597 0.681782722 0
vt 0.19287385 0.686097383 0
vt 0.205132574 0.710240304 0
vt 0.192480415 0.712586641 0
vt 0.204360157 0.738129675 0
vt 0.192248106 0.739578664 0
vt 0.183463022 0.740131855 0
vt 0.183402866 0.712911963 0
vt 0.206063703 0.769683421 0
vt 0.193290681 0.770066738 0
vt 0.206821725 0.806958437 0
vt 0.193802848 0.805916846 0
vt 0.182708368 0.804570675 0
vt 0.183697611 0.769923687 0
vt 0.206244931 0.846221864 0
vt 0.193070129 0.843640506 0
vt 0.181029633 0.841372132 0
vt 0.1662734 0.897539318 0
vt 0.166889235 0.874416351 0
vt 0.169045866 0.840398371 0
vt 0.171568111 0.803619027 0
vt 0.173736066 0.769296765 0
vt 0.174455985 0.739543676 0
vt 0.174136028 0.711786807 0
vt 0.209730312 0.648280621 0
vt 0.143178567 0.648779452 0
vt 0.134452611 0.676541269 0
vt 0.219981715 0.676610589 0
vt 0.219658166 0.707351625 0
vt 0.134798154 0.705812752 0
vt 0.13413012 0.733757317 0
vt 0.218068495 0.736106694 0
vt 0.219313711 0.768390954 0
vt 0.129175335 0.765641689 0
vt 0.124103881 0.803948998 0
vt 0.220236003 0.806763709 0
vt 0.220236003 0.847637832 0
vt 0.120455071 0.844579995 0
vt 0.289827168 0.65604341 0
vt 0.284695327 0.654062867 0
vt 0.285582811 0.640145481 0
vt 0.293562829 0.650735021 0
vt 0.279384404 0.655528545 0
vt 0.276442558 0.650183141 0
vt 0.2712726 0.646710813 0
vt 0.271481723 0.6362378 0
vt 0.299803495 0.636524737 0
vt 0.299198717 0.646873832 0
vt 0.308769345 0.865623593 0
vt 0.321363688 0.870125592 0
vt 0.303895473 0.900871992 0
vt 0.295310676 0.889874816 0
vt 0.235832632 0.8667081 0
vt 0.247864023 0.863031387 0
vt 0.257872641 0.887696683 0
vt 0.250046819 0.897889614 0
vt 0.268629044 0.895064116 0
vt 0.276392996 0.905744672 0
vt 0.28373152 0.895830274 0
vt 0.276480973 0.891341865 0
vt 0.280338824 0.890687704 0
vt 0.272448987 0.890439868 0
vt 0.27338025 0.886819363 0
vt 0.276492178 0.887533307 0
vt 0.279510766 0.887147069 0
vt 0.291694611 0.683729112 0
vt 0.283073276 0.683133304 0
vt 0.283673704 0.665836334 0
vt 0.290926129 0.665705264 0
vt 0.274876177 0.681088567 0
vt 0.276950985 0.664440393 0
vt 0.289025128 0.883812487 0
vt 0.297697484 0.861253738 0
vt 0.282723278 0.879737556 0
vt 0.287291914 0.858151197 0
vt 0.259110361 0.675272882 0
vt 0.264506847 0.655830204 0
vt 0.270968497 0.660791039 0
vt 0.267205298 0.678219259 0
vt 0.263929725 0.882371187 0
vt 0.257723838 0.859803975 0
vt 0.26714918 0.857651591 0
vt 0.270063937 0.878938556 0
vt 0.246135235 0.828657925 0
vt 0.25713858 0.827068627 0
vt 0.24884516 0.791790009 0
vt 0.259711057 0.791335821 0
vt 0.270575076 0.791062832 0
vt 0.267971694 0.825706005 0
vt 0.252665251 0.756716728 0
vt 0.262890577 0.75763917 0
vt 0.25674957 0.726839185 0
vt 0.265312642 0.728529453 0
vt 0.274492919 0.73058939 0
vt 0.273241013 0.758719683 0
vt 0.257630914 0.700049162 0
vt 0.265733719 0.701824903 0
vt 0.274410576 0.704302609 0
vt 0.306683779 0.656424224 0
vt 0.298477471 0.662332773 0
vt 0.312671721 0.678444207 0
vt 0.301128983 0.682442605 0
vt 0.312489152 0.704815745 0
vt 0.300764441 0.706990063 0
vt 0.31177336 0.730660677 0
vt 0.30054915 0.73200357 0
vt 0.292408019 0.73251617 0
vt 0.292352289 0.707291543 0
vt 0.313352048 0.759901524 0
vt 0.301515311 0.760256708 0
vt 0.314054519 0.794444203 0
vt 0.301989943 0.793478966 0
vt 0.291708708 0.7922315 0
vt 0.292625457 0.760124207 0
vt 0.313519984 0.830829501 0
vt 0.301310956 0.828437388 0
vt 0.290153056 0.826335311 0
vt 0.276478469 0.878385305 0
vt 0.277049154 0.856957316 0
vt 0.279047698 0.825432897 0
vt 0.281385064 0.79134959 0
vt 0.283394098 0.75954318 0
vt 0.284061253 0.731971085 0
vt 0.28376472 0.706248879 0
vt 0.316749871 0.647397816 0
vt 0.255076498 0.647860169 0
vt 0.246990174 0.673586965 0
vt 0.326249838 0.673651159 0
vt 0.325949997 0.702138782 0
vt 0.247310415 0.70071274 0
vt 0.246691361 0.726608872 0
vt 0.324476868 0.728786051 0
vt 0.325630784 0.758703828 0
vt 0.242099777 0.756156087 0
vt 0.23740007 0.791655362 0
vt 0.326485485 0.794263721 0
vt 0.326485485 0.832141697 0
vt 0.234018758 0.829308033 0
vt 0.527268648 0.686285675 0
vt 0.522512913 0.684450328 0
vt 0.523335338 0.671553075 0
vt 0.530730426 0.681366324 0
vt 0.517591357 0.685808539 0
vt 0.51486516 0.680855036 0
vt 0.510074198 0.67763716 0
vt 0.510267973 0.667931855 0
vt 0.536513627 0.668197811 0
vt 0.535953164 0.677788258 0
vt 0.544822276 0.880503058 0
vt 0.556493402 0.884675145 0
vt 0.540305674 0.913167715 0
vt 0.532350183 0.902976632 0
vt 0.477232039 0.881508052 0
vt 0.488381475 0.878100872 0
vt 0.497656435 0.90095818 0
vt 0.490404308 0.910403967 0
vt 0.507624388 0.907785594 0
vt 0.514819205 0.917683244 0
vt 0.521619797 0.908495486 0
vt 0.514900744 0.904336095 0
vt 0.518475831 0.903729916 0
vt 0.511164308 0.903500319 0
vt 0.512027264 0.900145173 0
vt 0.514911175 0.900806844 0
vt 0.517708421 0.900448918 0
vt 0.52899915 0.711941957 0
vt 0.521009803 0.71138984 0
vt 0.521566212 0.69536078 0
vt 0.528286994 0.695239305 0
vt 0.513413548 0.709495008 0
vt 0.515336275 0.69406718 0
vt 0.526525378 0.897358716 0
vt 0.534561992 0.876453519 0
vt 0.520685494 0.893582404 0
vt 0.524919212 0.873578429 0
vt 0.498803437 0.704105616 0
vt 0.503804326 0.686088085 0
vt 0.509792328 0.690685272 0
vt 0.506305039 0.706835926 0
vt 0.503269553 0.896023095 0
vt 0.497518539 0.87511009 0
vt 0.506253064 0.87311542 0
vt 0.508954108 0.892841995 0
vt 0.486779422 0.846247077 0
vt 0.496976197 0.844774306 0
vt 0.489290714 0.812081695 0
vt 0.499360144 0.811660826 0
vt 0.509427786 0.811407745 0
vt 0.507015228 0.843511522 0
vt 0.492830783 0.779579401 0
vt 0.502306521 0.780434191 0
vt 0.496615678 0.751891911 0
vt 0.504551053 0.753458321 0
vt 0.513058424 0.755367279 0
vt 0.511898279 0.781435549 0
vt 0.497432411 0.727065742 0
vt 0.504941285 0.728711247 0
vt 0.51298213 0.731007397 0
vt 0.542889595 0.686638594 0
vt 0.535284817 0.692114055 0
vt 0.548438609 0.707044423 0
vt 0.537742019 0.710749745 0
vt 0.548269451 0.731482923 0
vt 0.53740418 0.733497798 0
vt 0.547606111 0.755433381 0
vt 0.537204683 0.756677747 0
vt 0.529660285 0.757152796 0
vt 0.529608667 0.733777225 0
vt 0.549069047 0.782530725 0
vt 0.538100004 0.782859921 0
vt 0.549720049 0.81454134 0
vt 0.538539827 0.813646853 0
vt 0.529012263 0.812490821 0
vt 0.529861748 0.782737017 0
vt 0.549224675 0.848259449 0
vt 0.53791064 0.846042693 0
vt 0.527570665 0.844094694 0
vt 0.514898419 0.892329276 0
vt 0.515427351 0.872472107 0
vt 0.517279327 0.84325844 0
vt 0.51944536 0.811673522 0
vt 0.521307111 0.782198727 0
vt 0.52192533 0.756647646 0
vt 0.521650612 0.732811034 0
vt 0.552217841 0.678273797 0
vt 0.495065302 0.678702295 0
vt 0.487571716 0.702543259 0
vt 0.561021447 0.702602684 0
vt 0.56074357 0.729002178 0
vt 0.487868458 0.727680624 0
vt 0.487294793 0.751678526 0
vt 0.559378386 0.753696144 0
vt 0.560447693 0.781420827 0
vt 0.483039796 0.779059827 0
vt 0.478684574 0.811956882 0
vt 0.561239779 0.81437403 0
vt 0.561239779 0.849475443 0
vt 0.475551128 0.846849501 0
vt 0.815610707 0.684940338 0
vt 0.811203718 0.68323952 0
vt 0.811965823 0.671287656 0
vt 0.818818808 0.680381596 0
vt 0.80664289 0.684498131 0
vt 0.804116547 0.679907739 0
vt 0.799676716 0.676925719 0
vt 0.799856305 0.667931855 0
vt 0.82417804 0.66817832 0
vt 0.823658764 0.67706573 0
vt 0.831877649 0.864921093 0
vt 0.842693269 0.868787289 0
vt 0.827692151 0.895191431 0
vt 0.820319831 0.885747313 0
vt 0.769241989 0.865852416 0
vt 0.779574096 0.862694979 0
vt 0.788169205 0.883876741 0
vt 0.781448603 0.8926301 0
vt 0.797406435 0.890203714 0
vt 0.80407387 0.899375856 0
vt 0.810375988 0.89086163 0
vt 0.804149449 0.887007117 0
vt 0.807462454 0.886445343 0
vt 0.800686896 0.886232615 0
vt 0.801486671 0.883123338 0
vt 0.804159045 0.883736551 0
vt 0.806751311 0.883404791 0
vt 0.817214489 0.708715916 0
vt 0.809810758 0.708204269 0
vt 0.810326397 0.693350196 0
vt 0.816554546 0.693237662 0
vt 0.80277133 0.706448257 0
vt 0.804553151 0.692151368 0
vt 0.814921975 0.880541205 0
vt 0.822369516 0.861168385 0
vt 0.809510112 0.877041638 0
vt 0.813433588 0.858504057 0
vt 0.789232135 0.701453984 0
vt 0.793866515 0.684757173 0
vt 0.799415588 0.689017415 0
vt 0.796183825 0.703984141 0
vt 0.793370783 0.879303396 0
vt 0.788041413 0.859923422 0
vt 0.796135604 0.858074963 0
vt 0.798638701 0.876355588 0
vt 0.778089464 0.833176136 0
vt 0.787538826 0.831811309 0
vt 0.780416727 0.801515162 0
vt 0.789748013 0.801125109 0
vt 0.79907769 0.800890625 0
vt 0.796841979 0.830641091 0
vt 0.783697248 0.771395326 0
vt 0.792478442 0.772187471 0
vt 0.787204742 0.745737433 0
vt 0.794558465 0.747188985 0
vt 0.802442193 0.748957992 0
vt 0.801367044 0.773115396 0
vt 0.787961662 0.722731054 0
vt 0.794920146 0.724255979 0
vt 0.802371502 0.726383746 0
vt 0.830086648 0.685267329 0
vt 0.823039412 0.690341473 0
vt 0.83522892 0.70417732 0
vt 0.825316429 0.707611024 0
vt 0.83507216 0.726824403 0
vt 0.825003326 0.728691638 0
vt 0.834457457 0.749019206 0
vt 0.824818432 0.750172496 0
vt 0.817827106 0.750612676 0
vt 0.817779243 0.72895056 0
vt 0.835813165 0.774130285 0
vt 0.825648189 0.774435401 0
vt 0.836416423 0.803794503 0
vt 0.826055765 0.802965522 0
vt 0.817226589 0.801894307 0
vt 0.818013787 0.774321556 0
vt 0.835957408 0.835041046 0
vt 0.825472653 0.832986772 0
vt 0.81589061 0.831181586 0
vt 0.804147303 0.87588042 0
vt 0.804637372 0.857478738 0
vt 0.806353688 0.830406547 0
vt 0.808360934 0.801136971 0
vt 0.81008625 0.773822606 0
vt 0.81065917 0.750144541 0
vt 0.810404539 0.728055179 0
vt 0.83873111 0.677515805 0
vt 0.785768032 0.677912772 0
vt 0.778823733 0.700006127 0
vt 0.846889317 0.700061262 0
vt 0.846631885 0.724525511 0
vt 0.77909869 0.723300815 0
vt 0.778567076 0.745539665 0
vt 0.845366776 0.747409403 0
vt 0.846357763 0.773101747 0
vt 0.77462405 0.770913839 0
vt 0.770587981 0.801399469 0
vt 0.847091794 0.803639472 0
vt 0.847091794 0.836167872 0
vt 0.767684281 0.833734393 0
vt 0.881959975 0.0226530842 0
vt 0.877875924 0.0210769083 0
vt 0.878582239 0.0100011993 0
vt 0.884932876 0.0184285194 0
vt 0.873649418 0.0222433321 0
vt 0.871308208 0.0179893598 0
vt 0.867193937 0.0152260019 0
vt 0.867360353 0.00689138146 0
vt 0.889899254 0.00711974734 0
vt 0.889418006 0.0153557565 0
vt 0.897034407 0.189440802 0
vt 0.907057166 0.193023592 0
vt 0.893155634 0.217492208 0
vt 0.88632369 0.208740398 0
vt 0.838989973 0.190303817 0
vt 0.848564804 0.187377855 0
vt 0.856529772 0.207006961 0
vt 0.850301862 0.215118706 0
vt 0.865089953 0.212870166 0
vt 0.87126857 0.221369937 0
vt 0.877108812 0.213479802 0
vt 0.871338665 0.209907874 0
vt 0.874408841 0.209387273 0
vt 0.868129969 0.2091901 0
vt 0.868871093 0.206308797 0
vt 0.871347666 0.206877008 0
vt 0.873749852 0.206569627 0
vt 0.883446038 0.0446858667 0
vt 0.876585126 0.0442116968 0
vt 0.877062917 0.0304464661 0
vt 0.882834494 0.0303422082 0
vt 0.870061636 0.0425844528 0
vt 0.871712863 0.0293355398 0
vt 0.881321549 0.203915909 0
vt 0.888223231 0.185963184 0
vt 0.876306474 0.200672895 0
vt 0.879942238 0.183494121 0
vt 0.857514918 0.0379562303 0
vt 0.861809611 0.0224833731 0
vt 0.866951883 0.0264312886 0
vt 0.863957107 0.0403009541 0
vt 0.861350119 0.202768862 0
vt 0.856411457 0.184809431 0
vt 0.863912284 0.183096498 0
vt 0.866231918 0.200037092 0
vt 0.847189009 0.16002278 0
vt 0.855945706 0.158758014 0
vt 0.849345684 0.130682632 0
vt 0.857992947 0.130321205 0
vt 0.86663872 0.130103931 0
vt 0.864566863 0.157673612 0
vt 0.852385759 0.102770671 0
vt 0.860523283 0.103504807 0
vt 0.855636179 0.0789935812 0
vt 0.862450838 0.0803387538 0
vt 0.869756639 0.0819781199 0
vt 0.868760347 0.104364701 0
vt 0.856337607 0.057673648 0
vt 0.862785935 0.0590867884 0
vt 0.869691133 0.0610586144 0
vt 0.895374775 0.0229561217 0
vt 0.888844013 0.0276582483 0
vt 0.900140047 0.0404800214 0
vt 0.890954137 0.0436619967 0
vt 0.899994791 0.061467018 0
vt 0.890664041 0.0631973296 0
vt 0.899425089 0.0820349008 0
vt 0.890492618 0.0831035301 0
vt 0.884013832 0.0835114717 0
vt 0.883969426 0.0634373054 0
vt 0.900681436 0.105305202 0
vt 0.891261518 0.105587907 0
vt 0.901240468 0.132794917 0
vt 0.891639233 0.132026792 0
vt 0.883457243 0.131034046 0
vt 0.884186804 0.105482437 0
vt 0.90081507 0.161751032 0
vt 0.891098917 0.159847334 0
vt 0.882219195 0.15817444 0
vt 0.871336699 0.199596778 0
vt 0.871790886 0.182543993 0
vt 0.873381376 0.157456279 0
vt 0.875241518 0.130332157 0
vt 0.876840353 0.105020091 0
vt 0.877371252 0.0830776766 0
vt 0.877135336 0.0626075193 0
vt 0.90338552 0.0157727823 0
vt 0.85430479 0.0161406659 0
vt 0.847869515 0.0366145335 0
vt 0.910945714 0.0366656221 0
vt 0.910707116 0.0593366213 0
vt 0.848124325 0.0582016967 0
vt 0.847631633 0.0788103566 0
vt 0.909534752 0.0805430114 0
vt 0.910453081 0.104352079 0
vt 0.84397763 0.102324516 0
vt 0.840237439 0.130575448 0
vt 0.91113323 0.132651299 0
vt 0.91113323 0.162795261 0
vt 0.837546527 0.160540119 0
vt 0.966073751 0.0214976687 0
vt 0.962289155 0.0200370383 0
vt 0.962943614 0.00977321807 0
vt 0.968828738 0.0175827779 0
vt 0.958372414 0.0211179629 0
vt 0.956202865 0.0171758104 0
vt 0.952390075 0.0146150263 0
vt 0.952544332 0.00689138146 0
vt 0.97343111 0.00710296165 0
vt 0.972985089 0.0147352535 0
vt 0.980043232 0.17605938 0
vt 0.989331305 0.179379568 0
vt 0.976448834 0.202054545 0
vt 0.970117748 0.193944275 0
vt 0.926253676 0.1768592 0
vt 0.935126662 0.17414768 0
vt 0.942507803 0.192337915 0
vt 0.936736405 0.199855044 0
vt 0.950440466 0.197771311 0
vt 0.956166267 0.20564799 0
vt 0.96157831 0.198336244 0
vt 0.956231117 0.195026174 0
vt 0.959076226 0.194543749 0
vt 0.95325768 0.194361001 0
vt 0.953944445 0.191690922 0
vt 0.956239402 0.192217484 0
vt 0.958465517 0.191932604 0
vt 0.967450917 0.0419153832 0
vt 0.961092889 0.0414760001 0
vt 0.961535692 0.0287197642 0
vt 0.966884196 0.0286231525 0
vt 0.955047667 0.039968051 0
vt 0.956577837 0.0276902951 0
vt 0.965482235 0.189473435 0
vt 0.971877933 0.172836706 0
vt 0.960834801 0.186468154 0
vt 0.964204013 0.170548648 0
vt 0.943420649 0.0356790759 0
vt 0.947400451 0.0213404316 0
vt 0.952165842 0.0249989554 0
vt 0.949390531 0.0378519222 0
vt 0.946974814 0.188410461 0
vt 0.942398071 0.171767548 0
vt 0.949349105 0.170180172 0
vt 0.951498687 0.185878962 0
vt 0.933851659 0.14879787 0
vt 0.941966474 0.147625804 0
vt 0.935850203 0.121608436 0
vt 0.94386363 0.121273488 0
vt 0.951875687 0.121072121 0
vt 0.949955702 0.14662087 0
vt 0.938667476 0.095742479 0
vt 0.946208537 0.0964227766 0
vt 0.941679597 0.0737082884 0
vt 0.947994649 0.074954845 0
vt 0.954764962 0.0764740333 0
vt 0.953841746 0.0972196311 0
vt 0.942329526 0.0539511517 0
vt 0.948305249 0.0552607104 0
vt 0.954704225 0.0570879988 0
vt 0.978505194 0.021778496 0
vt 0.972453237 0.026135942 0
vt 0.982921183 0.0380178355 0
vt 0.974408686 0.0409666002 0
vt 0.982786536 0.0574664399 0
vt 0.97413981 0.059069898 0
vt 0.982258677 0.0765266344 0
vt 0.973980963 0.0775169581 0
vt 0.967977107 0.0778950006 0
vt 0.967935979 0.0592922941 0
vt 0.983422875 0.0980911851 0
vt 0.974693537 0.0983531773 0
vt 0.983940959 0.12356583 0
vt 0.975043535 0.122854009 0
vt 0.967461348 0.121934041 0
vt 0.968137383 0.0982554406 0
vt 0.983546734 0.150399357 0
vt 0.974542797 0.148635224 0
vt 0.966314077 0.147084981 0
vt 0.95622927 0.185470939 0
vt 0.956650198 0.169668168 0
vt 0.958124101 0.146419466 0
vt 0.959847808 0.121283606 0
vt 0.96132952 0.0978269726 0
vt 0.961821437 0.0774930045 0
vt 0.961602807 0.0585233346 0
vt 0.985928714 0.0151216863 0
vt 0.940445781 0.0154626351 0
vt 0.934482217 0.0344357491 0
vt 0.992934823 0.0344830491 0
vt 0.99271369 0.0554922074 0
vt 0.93471837 0.0544404946 0
vt 0.934261799 0.0735385045 0
vt 0.991627276 0.0751441196 0
vt 0.992478311 0.0972079262 0
vt 0.930875659 0.0953290239 0
vt 0.927409649 0.121509127 0
vt 0.993108571 0.123432748 0
vt 0.993108571 0.151367053 0
vt 0.924916029 0.149277285 0
vt 0.952664077 0.476949573 0
vt 0.949156821 0.475596011 0
vt 0.949763417 0.46608454 0
vt 0.955217123 0.473321646 0
vt 0.945527315 0.476597726 0
vt 0.943516791 0.472944528 0
vt 0.939983428 0.470571458 0
vt 0.940126419 0.463413954 0
vt 0.959482133 0.463610083 0
vt 0.959068835 0.470682889 0
vt 0.965609491 0.620181561 0
vt 0.974216759 0.623258352 0
vt 0.962278605 0.644271255 0
vt 0.956411481 0.636755466 0
vt 0.915762842 0.620922744 0
vt 0.923985302 0.618409932 0
vt 0.930825472 0.63526684 0
vt 0.925477147 0.642232895 0
vt 0.938176692 0.640301943 0
vt 0.943482697 0.647601306 0
vt 0.948498011 0.64082545 0
vt 0.943542838 0.637758076 0
vt 0.94617939 0.637310982 0
vt 0.940787256 0.637141585 0
vt 0.941423774 0.634667218 0
vt 0.943550467 0.635155201 0
vt 0.945613444 0.634891272 0
vt 0.953940272 0.49587065 0
vt 0.948048294 0.495463401 0
vt 0.948458672 0.48364231 0
vt 0.953415096 0.483552754 0
vt 0.942446172 0.49406603 0
vt 0.943864226 0.482688278 0
vt 0.952115774 0.632612348 0
vt 0.958042681 0.61719507 0
vt 0.947808981 0.629827321 0
vt 0.950931311 0.615074754 0
vt 0.9316715 0.490091443 0
vt 0.935359597 0.476803869 0
vt 0.939775646 0.480194211 0
vt 0.937203765 0.492105007 0
vt 0.934964955 0.631627262 0
vt 0.930723786 0.616204262 0
vt 0.93716532 0.614733279 0
vt 0.939157307 0.629281342 0
vt 0.922803879 0.594918311 0
vt 0.93032378 0.593832195 0
vt 0.924655914 0.569721937 0
vt 0.932081938 0.569411576 0
vt 0.93950671 0.569224954 0
vt 0.937727451 0.592900932 0
vt 0.927266717 0.545751989 0
vt 0.934254944 0.546382487 0
vt 0.930058002 0.525332987 0
vt 0.935910285 0.526488185 0
vt 0.942184269 0.527895987 0
vt 0.941328645 0.547120869 0
vt 0.930660367 0.507024109 0
vt 0.936198056 0.50823766 0
vt 0.942128003 0.509931028 0
vt 0.964184284 0.477209836 0
vt 0.958575904 0.481247902 0
vt 0.96827656 0.492258817 0
vt 0.960388005 0.494991392 0
vt 0.968151748 0.510281742 0
vt 0.960138798 0.511767685 0
vt 0.967662573 0.527944744 0
vt 0.959991634 0.528862476 0
vt 0.954427838 0.529212832 0
vt 0.954389751 0.511973798 0
vt 0.968741477 0.547928631 0
vt 0.960651934 0.548171401 0
vt 0.969221532 0.571535885 0
vt 0.960976303 0.570876241 0
vt 0.953949928 0.570023715 0
vt 0.954576433 0.548080802 0
vt 0.968856215 0.596402407 0
vt 0.960512221 0.59476763 0
vt 0.952886701 0.593330979 0
vt 0.94354111 0.62890327 0
vt 0.943931162 0.614258766 0
vt 0.945297062 0.59271431 0
vt 0.946894467 0.569420934 0
vt 0.948267519 0.547683716 0
vt 0.948723495 0.528840244 0
vt 0.948520839 0.511261165 0
vt 0.971063673 0.471041024 0
vt 0.928914666 0.471356958 0
vt 0.923388302 0.488939196 0
vt 0.977556169 0.488983095 0
vt 0.977351189 0.508452237 0
vt 0.923607111 0.507477641 0
vt 0.923184037 0.525175631 0
vt 0.976344407 0.526663601 0
vt 0.977133095 0.547110081 0
vt 0.920045972 0.54536885 0
vt 0.916834056 0.569629908 0
vt 0.977717161 0.571412563 0
vt 0.977717161 0.597299218 0
vt 0.914523184 0.595362604 0
vt 0.0671143904 0.90569061 0
vt 0.0711455569 0.911418974 0
vt 0.0625343174 0.922846138 0
vt 0.0615766309 0.907827973 0
vt 0.0526711084 0.912014484 0
vt 0.0558456331 0.906246245 0
vt 0.0473178774 0.927062988 0
vt 0.0470921621 0.915761471 0
vt 0.0772272423 0.915585577 0
vt 0.0778798237 0.926753283 0
vt 0.0875548273 0.679532528 0
vt 0.0730315372 0.653362989 0
vt 0.0822953656 0.641495824 0
vt 0.101145357 0.674674392 0
vt 0.0088486718 0.67836231 0
vt 0.0241872296 0.644714236 0
vt 0.0326320603 0.655713439 0
vt 0.0218317732 0.682329834 0
vt 0.0526173711 0.6362378 0
vt 0.0442393199 0.647763193 0
vt 0.0605364628 0.646936536 0
vt 0.0568753816 0.652485847 0
vt 0.0527123697 0.65177989 0
vt 0.0483614504 0.652753234 0
vt 0.0527244806 0.65588969 0
vt 0.0493663773 0.65666014 0
vt 0.0559817925 0.656306505 0
vt 0.0691295341 0.875815034 0
vt 0.0683002844 0.895264506 0
vt 0.0604742095 0.895123124 0
vt 0.059826266 0.876457989 0
vt 0.0532197095 0.896629453 0
vt 0.0509807579 0.878664434 0
vt 0.0756071284 0.68424809 0
vt 0.0662488118 0.659904838 0
vt 0.0594484806 0.66430223 0
vt 0.0643784851 0.687596023 0
vt 0.0339678712 0.884940147 0
vt 0.0427031182 0.881760716 0
vt 0.0467640087 0.900567532 0
vt 0.0397912189 0.905920804 0
vt 0.0391682722 0.661460161 0
vt 0.0324715041 0.685812533 0
vt 0.0457877256 0.665164351 0
vt 0.0426424332 0.688135207 0
vt 0.0318399779 0.721137285 0
vt 0.0199662801 0.71942234 0
vt 0.0346160047 0.759696603 0
vt 0.022890592 0.759206474 0
vt 0.0435300581 0.722607732 0
vt 0.046339374 0.759991229 0
vt 0.0380470566 0.796058655 0
vt 0.0270128697 0.797054172 0
vt 0.0406607054 0.827471018 0
vt 0.0314202718 0.829295039 0
vt 0.0492161773 0.794892669 0
vt 0.0505671613 0.825248122 0
vt 0.0411151163 0.856287897 0
vt 0.0323713608 0.858204126 0
vt 0.0504783168 0.853614151 0
vt 0.0764489397 0.898903787 0
vt 0.0853043795 0.905279756 0
vt 0.0793101862 0.877203345 0
vt 0.0917659551 0.881518006 0
vt 0.0789167732 0.850714147 0
vt 0.0915689394 0.853060424 0
vt 0.0786844417 0.823722064 0
vt 0.0907965004 0.825171113 0
vt 0.0698392317 0.850388765 0
vt 0.0698993579 0.823168874 0
vt 0.0797270164 0.793233991 0
vt 0.0925000384 0.793617368 0
vt 0.0802391544 0.757383883 0
vt 0.0932580456 0.756342292 0
vt 0.0701339617 0.793377042 0
vt 0.0691446811 0.758729994 0
vt 0.079506442 0.719660223 0
vt 0.0926812589 0.717078924 0
vt 0.0674659386 0.721928596 0
vt 0.0527096577 0.665761352 0
vt 0.0533255301 0.688884377 0
vt 0.0554821566 0.722902417 0
vt 0.0580044501 0.759681761 0
vt 0.0601724088 0.794004083 0
vt 0.0608923249 0.823757112 0
vt 0.060572397 0.851513922 0
vt 0.0961666927 0.915020108 0
vt 0.0296149757 0.914521217 0
vt 0.020888973 0.88675952 0
vt 0.106418088 0.88669014 0
vt 0.106094509 0.855949104 0
vt 0.021234531 0.857488036 0
vt 0.0205664858 0.829543471 0
vt 0.104504839 0.827194035 0
vt 0.105750024 0.794909835 0
vt 0.0156116644 0.797659099 0
vt 0.0105401864 0.75935179 0
vt 0.106672317 0.75653708 0
vt 0.106672317 0.715662897 0
vt 0.00689138146 0.718720853 0
vt 0.396076739 0.885938942 0
vt 0.3998124 0.891247392 0
vt 0.391832381 0.901836932 0
vt 0.390944928 0.887919545 0
vt 0.382692158 0.891799271 0
vt 0.385634005 0.886453807 0
vt 0.377731323 0.905744672 0
vt 0.3775222 0.895271659 0
vt 0.405448318 0.895108581 0
vt 0.406053036 0.905457675 0
vt 0.415018797 0.676358879 0
vt 0.401560128 0.652107656 0
vt 0.410144925 0.641110361 0
vt 0.427613109 0.671856821 0
vt 0.342082083 0.675274372 0
vt 0.356296271 0.644092858 0
vt 0.364122063 0.654285789 0
vt 0.354113489 0.678951085 0
vt 0.382642388 0.6362378 0
vt 0.374878496 0.646918297 0
vt 0.389980972 0.646152258 0
vt 0.386588275 0.651294768 0
vt 0.382730395 0.650640607 0
vt 0.378698438 0.651542544 0
vt 0.38274163 0.654449046 0
vt 0.379629731 0.65516305 0
vt 0.385760188 0.654835343 0
vt 0.397944182 0.8582533 0
vt 0.397175729 0.876277089 0
vt 0.389923304 0.876146078 0
vt 0.389322847 0.858849108 0
vt 0.383200586 0.877542019 0
vt 0.381125748 0.860893846 0
vt 0.403946936 0.680728734 0
vt 0.39527458 0.658169866 0
vt 0.388972759 0.662244976 0
vt 0.393541366 0.683831275 0
vt 0.365359932 0.86670959 0
vt 0.373454869 0.863763213 0
vt 0.377218097 0.881191373 0
vt 0.370756418 0.886152148 0
vt 0.370179147 0.659611285 0
vt 0.36397332 0.682178438 0
vt 0.376313359 0.663043916 0
vt 0.373398632 0.68433094 0
vt 0.363388062 0.714913845 0
vt 0.352384716 0.713324547 0
vt 0.365960568 0.750646651 0
vt 0.355094671 0.750192463 0
vt 0.374221176 0.716276526 0
vt 0.376824588 0.75091964 0
vt 0.369140089 0.784343302 0
vt 0.358914733 0.785265744 0
vt 0.371562153 0.813453019 0
vt 0.362999111 0.815143287 0
vt 0.379490495 0.78326273 0
vt 0.38074246 0.811393082 0
vt 0.37198329 0.840157509 0
vt 0.363880455 0.84193325 0
vt 0.380660117 0.837679803 0
vt 0.404727072 0.87964958 0
vt 0.412933379 0.885558188 0
vt 0.407378554 0.859539807 0
vt 0.418921292 0.863538206 0
vt 0.407013983 0.834992349 0
vt 0.418738693 0.837166607 0
vt 0.406798661 0.809978843 0
vt 0.418022901 0.811321735 0
vt 0.39860183 0.834690869 0
vt 0.39865756 0.809466302 0
vt 0.407764822 0.781725705 0
vt 0.41960153 0.782080889 0
vt 0.408239424 0.748503447 0
vt 0.420304 0.747538209 0
vt 0.398874938 0.781858206 0
vt 0.397958219 0.749750853 0
vt 0.407560408 0.713545084 0
vt 0.419769466 0.711152971 0
vt 0.396402508 0.715647161 0
vt 0.382727921 0.663597167 0
vt 0.383298635 0.685025156 0
vt 0.385297179 0.716549575 0
vt 0.387634575 0.750632882 0
vt 0.38964361 0.782439172 0
vt 0.390310764 0.810011387 0
vt 0.390014261 0.835733473 0
vt 0.422999442 0.894584537 0
vt 0.361326098 0.894122303 0
vt 0.353239775 0.868395507 0
vt 0.432499379 0.868331254 0
vt 0.432199538 0.839843631 0
vt 0.353559971 0.841269732 0
vt 0.352940917 0.81537354 0
vt 0.430726349 0.813196361 0
vt 0.431880265 0.783278584 0
vt 0.348349303 0.785826385 0
vt 0.343649566 0.75032717 0
vt 0.432734936 0.747718751 0
vt 0.432734936 0.709840775 0
vt 0.340268224 0.712674499 0
vt 0.626739979 0.899329305 0
vt 0.630201876 0.904248655 0
vt 0.622806787 0.914061844 0
vt 0.621984363 0.901164711 0
vt 0.61433655 0.904760003 0
vt 0.617062747 0.899806499 0
vt 0.609739423 0.917683125 0
vt 0.609545529 0.907977819 0
vt 0.635424614 0.907826781 0
vt 0.635985017 0.917417228 0
vt 0.644293725 0.70511204 0
vt 0.631821573 0.682638466 0
vt 0.639777124 0.672447324 0
vt 0.655964792 0.700939953 0
vt 0.57670337 0.704106987 0
vt 0.589875698 0.675211132 0
vt 0.597127795 0.684656918 0
vt 0.587852895 0.707514226 0
vt 0.614290535 0.667931855 0
vt 0.607095778 0.677829504 0
vt 0.621091187 0.677119613 0
vt 0.617947161 0.681885183 0
vt 0.614372134 0.681278944 0
vt 0.610635757 0.68211478 0
vt 0.614382505 0.684808254 0
vt 0.611498713 0.685469925 0
vt 0.617179811 0.68516624 0
vt 0.6284706 0.873673081 0
vt 0.627758443 0.890375674 0
vt 0.621037662 0.890254259 0
vt 0.620481253 0.874225199 0
vt 0.614807725 0.891547859 0
vt 0.612884939 0.87612009 0
vt 0.634033442 0.70916158 0
vt 0.625996828 0.688256383 0
vt 0.620156884 0.692032754 0
vt 0.624390602 0.71203661 0
vt 0.598274827 0.881509483 0
vt 0.60577637 0.878779113 0
vt 0.609263778 0.894929767 0
vt 0.603275776 0.899526894 0
vt 0.602740884 0.689592004 0
vt 0.59698993 0.710505009 0
vt 0.608425498 0.692773044 0
vt 0.605724394 0.712499678 0
vt 0.596447587 0.740840793 0
vt 0.586250842 0.739368021 0
vt 0.598831534 0.773954272 0
vt 0.588762105 0.773533404 0
vt 0.606486619 0.742103517 0
vt 0.608899176 0.774207294 0
vt 0.601777971 0.805180848 0
vt 0.592302144 0.806035697 0
vt 0.604022443 0.832156777 0
vt 0.596087098 0.833723128 0
vt 0.61136961 0.804179549 0
vt 0.612529814 0.830247819 0
vt 0.604412675 0.856903791 0
vt 0.596903861 0.858549297 0
vt 0.61245352 0.854607642 0
vt 0.634756207 0.893501043 0
vt 0.642360985 0.898976445 0
vt 0.637213349 0.874865294 0
vt 0.647909999 0.878570616 0
vt 0.63687551 0.85211724 0
vt 0.647740781 0.854132175 0
vt 0.636676073 0.828937352 0
vt 0.647077501 0.830181718 0
vt 0.629079998 0.851837814 0
vt 0.629131675 0.828462303 0
vt 0.637571394 0.802755237 0
vt 0.648540497 0.803084433 0
vt 0.638011217 0.771968246 0
vt 0.64919138 0.771073759 0
vt 0.629333198 0.802878082 0
vt 0.628483653 0.773124218 0
vt 0.637381971 0.739572406 0
vt 0.648696065 0.73735559 0
vt 0.627041996 0.741520405 0
vt 0.61436975 0.693285763 0
vt 0.614898682 0.713143051 0
vt 0.616750717 0.742356658 0
vt 0.61891675 0.773941576 0
vt 0.620778561 0.803416371 0
vt 0.62139672 0.828967452 0
vt 0.621121943 0.852804005 0
vt 0.651689172 0.907341182 0
vt 0.594536662 0.906912744 0
vt 0.587043107 0.88307178 0
vt 0.660492778 0.883012354 0
vt 0.660214901 0.856612921 0
vt 0.587339878 0.857934415 0
vt 0.586766183 0.833936512 0
vt 0.658849776 0.831918955 0
vt 0.659919143 0.804194272 0
vt 0.582511187 0.806555271 0
vt 0.578155935 0.773658156 0
vt 0.660711169 0.771241069 0
vt 0.660711169 0.736139655 0
vt 0.575022519 0.738765597 0
vt 0.722420573 0.882367373 0
vt 0.725628555 0.886926055 0
vt 0.71877557 0.896019995 0
vt 0.718013465 0.884068251 0
vt 0.710926294 0.887399971 0
vt 0.713452697 0.88280952 0
vt 0.706666112 0.899375796 0
vt 0.706486464 0.890381932 0
vt 0.730468512 0.890241921 0
vt 0.730987847 0.899129391 0
vt 0.738687456 0.702386618 0
vt 0.727129519 0.681560338 0
vt 0.734501898 0.672116339 0
vt 0.749503016 0.698520362 0
vt 0.676051676 0.701455235 0
vt 0.68825841 0.674677551 0
vt 0.694978952 0.68343091 0
vt 0.686383784 0.704612672 0
vt 0.710883617 0.667931855 0
vt 0.704216182 0.677103996 0
vt 0.717185676 0.67644614 0
vt 0.714272141 0.680862308 0
vt 0.710959136 0.680300593 0
vt 0.707496643 0.681075096 0
vt 0.710968852 0.68357116 0
vt 0.708296418 0.684184313 0
vt 0.713561058 0.68390286 0
vt 0.724024236 0.858591735 0
vt 0.723364294 0.874069989 0
vt 0.717136145 0.873957515 0
vt 0.716620505 0.859103382 0
vt 0.711362839 0.875156283 0
vt 0.709581077 0.860859394 0
vt 0.729179263 0.706139266 0
vt 0.721731663 0.686766505 0
vt 0.716319859 0.690266013 0
vt 0.720243275 0.708803654 0
vt 0.696041942 0.865853786 0
vt 0.702993572 0.86332351 0
vt 0.706225336 0.878290236 0
vt 0.700676262 0.882550478 0
vt 0.700180531 0.688004255 0
vt 0.6948511 0.707384288 0
vt 0.705448449 0.690952122 0
vt 0.702945352 0.709232748 0
vt 0.694348514 0.735496342 0
vt 0.684899211 0.734131575 0
vt 0.69655776 0.766182542 0
vt 0.687226474 0.765792549 0
vt 0.703651667 0.73666656 0
vt 0.705887377 0.766417086 0
vt 0.699288249 0.79512018 0
vt 0.690507054 0.795912385 0
vt 0.701368213 0.820118725 0
vt 0.69401449 0.821570277 0
vt 0.708176792 0.794192255 0
vt 0.70925194 0.818349659 0
vt 0.701729894 0.843051732 0
vt 0.694771409 0.844576657 0
vt 0.709181249 0.840923905 0
vt 0.72984916 0.876966298 0
vt 0.736896455 0.882040322 0
vt 0.732126176 0.859696567 0
vt 0.742038727 0.863130331 0
vt 0.731813133 0.838616014 0
vt 0.741881907 0.840483248 0
vt 0.73162818 0.817135274 0
vt 0.741267204 0.818288445 0
vt 0.72458899 0.838357091 0
vt 0.724636912 0.816694975 0
vt 0.732457936 0.79287225 0
vt 0.742622912 0.793177366 0
vt 0.732865453 0.764342129 0
vt 0.743226111 0.763513148 0
vt 0.724823594 0.792986095 0
vt 0.724036276 0.765413344 0
vt 0.7322824 0.734320939 0
vt 0.742767155 0.732266665 0
vt 0.722700357 0.736126125 0
vt 0.71095705 0.691427231 0
vt 0.71144712 0.709828913 0
vt 0.713163435 0.736901104 0
vt 0.715170681 0.7661708 0
vt 0.716895998 0.793485045 0
vt 0.717468917 0.81716311 0
vt 0.717214346 0.839252472 0
vt 0.745540917 0.889791906 0
vt 0.692577839 0.889394879 0
vt 0.685633481 0.867301524 0
vt 0.753699124 0.867246389 0
vt 0.753441632 0.84278214 0
vt 0.685908496 0.844006836 0
vt 0.685376823 0.821767986 0
vt 0.752176523 0.819898307 0
vt 0.75316751 0.794205904 0
vt 0.681433737 0.796393871 0
vt 0.677397728 0.765908182 0
vt 0.753901482 0.76366818 0
vt 0.753901482 0.731139839 0
vt 0.674493968 0.733573318 0
vt 0.881959856 0.433869511 0
vt 0.884932756 0.438094079 0
vt 0.87858212 0.446521401 0
vt 0.877875805 0.435445696 0
vt 0.871308148 0.438533217 0
vt 0.873649299 0.434279233 0
vt 0.867360234 0.449631214 0
vt 0.867193818 0.441296577 0
vt 0.889417887 0.441166848 0
vt 0.889899194 0.449402839 0
vt 0.897034347 0.267081797 0
vt 0.88632369 0.247782215 0
vt 0.893155575 0.239030421 0
vt 0.907057106 0.263498992 0
vt 0.838989973 0.266218722 0
vt 0.850301862 0.241403878 0
vt 0.856529772 0.249515623 0
vt 0.848564804 0.269144714 0
vt 0.87126863 0.235152707 0
vt 0.865090013 0.243652448 0
vt 0.877108812 0.243042812 0
vt 0.874408841 0.247135326 0
vt 0.871338665 0.246614739 0
vt 0.868129969 0.247332513 0
vt 0.871347606 0.249645591 0
vt 0.868871093 0.250213832 0
vt 0.873749852 0.249953017 0
vt 0.883445978 0.411836714 0
vt 0.882834435 0.426180363 0
vt 0.877062798 0.426076144 0
vt 0.876585007 0.412310869 0
vt 0.871712744 0.427187026 0
vt 0.870061576 0.413938135 0
vt 0.888223171 0.2705594 0
vt 0.881321549 0.25260669 0
vt 0.876306474 0.255849719 0
vt 0.879942238 0.273028433 0
vt 0.857514799 0.418566346 0
vt 0.863956988 0.416221648 0
vt 0.866951764 0.430091292 0
vt 0.861809433 0.434039205 0
vt 0.861350119 0.253753752 0
vt 0.856411397 0.271713108 0
vt 0.866231859 0.256485492 0
vt 0.863912284 0.273426056 0
vt 0.855945647 0.29776451 0
vt 0.84718895 0.296499729 0
vt 0.857992887 0.32620132 0
vt 0.849345624 0.325839877 0
vt 0.864566863 0.298848957 0
vt 0.86663866 0.326418638 0
vt 0.860523224 0.353017777 0
vt 0.8523857 0.353751868 0
vt 0.862450719 0.376183838 0
vt 0.85563606 0.377528965 0
vt 0.868760288 0.352157891 0
vt 0.869756579 0.374544472 0
vt 0.862785816 0.397435755 0
vt 0.856337488 0.398848921 0
vt 0.869691014 0.395463943 0
vt 0.888843894 0.42886436 0
vt 0.895374656 0.433566451 0
vt 0.890954077 0.412860602 0
vt 0.900139987 0.416042566 0
vt 0.890663922 0.393325239 0
vt 0.899994671 0.395055562 0
vt 0.890492558 0.373419017 0
vt 0.89942503 0.374487698 0
vt 0.883969367 0.393085271 0
vt 0.884013772 0.373011112 0
vt 0.891261458 0.350934654 0
vt 0.900681317 0.35121733 0
vt 0.891639173 0.324495792 0
vt 0.901240408 0.323727638 0
vt 0.884186745 0.351040125 0
vt 0.883457184 0.325488508 0
vt 0.891098797 0.296675205 0
vt 0.90081501 0.294771552 0
vt 0.882219136 0.298348129 0
vt 0.871336699 0.256925792 0
vt 0.871790886 0.273978591 0
vt 0.873381317 0.299066275 0
vt 0.875241458 0.326190412 0
vt 0.876840293 0.351502508 0
vt 0.877371192 0.373444885 0
vt 0.877135217 0.393915057 0
vt 0.90338546 0.440749824 0
vt 0.854304671 0.440381914 0
vt 0.847869337 0.419908017 0
vt 0.910945654 0.419856966 0
vt 0.910706997 0.397185922 0
vt 0.848124206 0.398320854 0
vt 0.847631574 0.37771219 0
vt 0.909534633 0.375979543 0
vt 0.910453022 0.352170527 0
vt 0.843977511 0.354198039 0
vt 0.840237379 0.325947076 0
vt 0.91113317 0.323871255 0
vt 0.91113317 0.293727279 0
vt 0.837546527 0.295982391 0
vt 0.902032316 0.852082253 0
vt 0.904787302 0.855997145 0
vt 0.898902178 0.863806725 0
vt 0.898247659 0.853542924 0
vt 0.892161369 0.856404066 0
vt 0.894330978 0.852461994 0
vt 0.888502836 0.866688609 0
vt 0.888348639 0.85896492 0
vt 0.908943594 0.858844638 0
vt 0.909389675 0.866476953 0
vt 0.916001797 0.697520494 0
vt 0.906076252 0.679635644 0
vt 0.912407279 0.671525359 0
vt 0.925289869 0.694200337 0
vt 0.862212181 0.696720719 0
vt 0.87269491 0.67372489 0
vt 0.878466308 0.681241989 0
vt 0.871085107 0.699432254 0
vt 0.892124712 0.667931855 0
vt 0.886398911 0.675808549 0
vt 0.897536755 0.675243616 0
vt 0.89503473 0.67903614 0
vt 0.892189622 0.6785537 0
vt 0.889216125 0.679218888 0
vt 0.892197907 0.68136245 0
vt 0.889902949 0.681888998 0
vt 0.894424021 0.681647301 0
vt 0.903409421 0.831664562 0
vt 0.90284276 0.844956815 0
vt 0.897494256 0.844860137 0
vt 0.897051394 0.832103968 0
vt 0.892536342 0.845889628 0
vt 0.891006231 0.833611906 0
vt 0.907836437 0.700743258 0
vt 0.90144068 0.68410641 0
vt 0.896793246 0.687111735 0
vt 0.900162518 0.703031301 0
vt 0.879379153 0.837900877 0
vt 0.885349035 0.835728049 0
vt 0.888124347 0.848581016 0
vt 0.883358955 0.85223949 0
vt 0.882933319 0.685169399 0
vt 0.878356576 0.701812387 0
vt 0.887457192 0.687700987 0
vt 0.88530755 0.703399777 0
vt 0.877924979 0.725954115 0
vt 0.869810164 0.724782109 0
vt 0.879822075 0.752306461 0
vt 0.871808767 0.751971543 0
vt 0.885914266 0.72695905 0
vt 0.887834132 0.752507865 0
vt 0.882166982 0.777157187 0
vt 0.874625981 0.777837455 0
vt 0.883953214 0.798625052 0
vt 0.877638042 0.799871624 0
vt 0.889800251 0.776360333 0
vt 0.890723526 0.797105908 0
vt 0.884263813 0.818319261 0
vt 0.87828809 0.819628835 0
vt 0.890662849 0.816491961 0
vt 0.908411741 0.847443938 0
vt 0.914463758 0.851801455 0
vt 0.910367191 0.832613349 0
vt 0.918879747 0.83556211 0
vt 0.910098255 0.814509988 0
vt 0.9187451 0.816113532 0
vt 0.909939528 0.796063006 0
vt 0.918217182 0.797053337 0
vt 0.903894484 0.814287663 0
vt 0.903935611 0.795684934 0
vt 0.910652041 0.775226772 0
vt 0.91938144 0.775488734 0
vt 0.9110021 0.750725925 0
vt 0.919899523 0.750014067 0
vt 0.904095948 0.775324523 0
vt 0.903419852 0.751645923 0
vt 0.910501301 0.724944711 0
vt 0.919505298 0.723180532 0
vt 0.902272582 0.726494908 0
vt 0.892187774 0.688108981 0
vt 0.892608643 0.703911781 0
vt 0.894082546 0.727160454 0
vt 0.895806372 0.752296269 0
vt 0.897287965 0.775752962 0
vt 0.897779942 0.796086907 0
vt 0.897561371 0.815056562 0
vt 0.921887338 0.858458221 0
vt 0.876404285 0.858117342 0
vt 0.870440781 0.83914423 0
vt 0.928893328 0.839096844 0
vt 0.928672254 0.818087697 0
vt 0.870676935 0.819139421 0
vt 0.870220363 0.800041437 0
vt 0.927585781 0.798435867 0
vt 0.928436756 0.776372015 0
vt 0.866834104 0.778250933 0
vt 0.863368154 0.752070844 0
vt 0.929067075 0.750147164 0
vt 0.929067075 0.722212851 0
vt 0.860874534 0.724302649 0
vt 0.875687301 0.634065688 0
vt 0.878240347 0.637693584 0
vt 0.872786582 0.64493072 0
vt 0.872180104 0.63541919 0
vt 0.866539955 0.638070703 0
vt 0.868550479 0.634417534 0
vt 0.863149643 0.647601306 0
vt 0.863006651 0.640443802 0
vt 0.882091999 0.640332341 0
vt 0.882505298 0.647405207 0
vt 0.888632834 0.49083367 0
vt 0.879434824 0.474259764 0
vt 0.885301888 0.466744006 0
vt 0.897240102 0.487756878 0
vt 0.838786125 0.490092516 0
vt 0.848500431 0.468782276 0
vt 0.853848755 0.47574839 0
vt 0.847008705 0.492605239 0
vt 0.86650598 0.463413954 0
vt 0.861199975 0.470713258 0
vt 0.871521413 0.47018975 0
vt 0.869202733 0.473704278 0
vt 0.866566122 0.473257214 0
vt 0.863810658 0.473873585 0
vt 0.86657387 0.47586 0
vt 0.864447057 0.476347953 0
vt 0.868636847 0.476123989 0
vt 0.876963556 0.61514461 0
vt 0.876438379 0.627462447 0
vt 0.871481955 0.62737298 0
vt 0.871071517 0.615551829 0
vt 0.866887391 0.628326952 0
vt 0.865469456 0.616949201 0
vt 0.881066024 0.493820131 0
vt 0.875139117 0.478402883 0
vt 0.870832324 0.48118791 0
vt 0.873954654 0.495940477 0
vt 0.854694724 0.620923817 0
vt 0.860226989 0.618910193 0
vt 0.86279887 0.630821049 0
vt 0.858382761 0.634211361 0
vt 0.857988358 0.479387939 0
vt 0.85374707 0.494810909 0
vt 0.86218065 0.481733888 0
vt 0.860188603 0.496281952 0
vt 0.853347123 0.517183006 0
vt 0.845827162 0.51609689 0
vt 0.855105221 0.541603684 0
vt 0.847679257 0.541293263 0
vt 0.860750794 0.518114328 0
vt 0.862529993 0.541790247 0
vt 0.857278168 0.564632773 0
vt 0.850289941 0.565263212 0
vt 0.858933508 0.584527016 0
vt 0.853081286 0.585682154 0
vt 0.864351869 0.563894331 0
vt 0.865207493 0.583119214 0
vt 0.85922128 0.602777541 0
vt 0.853683591 0.603991091 0
vt 0.865151286 0.601084173 0
vt 0.881599128 0.629767358 0
vt 0.887207508 0.633805394 0
vt 0.883411229 0.616023839 0
vt 0.891299784 0.618756473 0
vt 0.883162022 0.599247515 0
vt 0.891175032 0.600733519 0
vt 0.883014917 0.582152784 0
vt 0.890685856 0.583070457 0
vt 0.877413034 0.599041462 0
vt 0.877451122 0.581802428 0
vt 0.883675277 0.562843859 0
vt 0.89176476 0.563086629 0
vt 0.883999586 0.540139019 0
vt 0.892244756 0.539479315 0
vt 0.877599716 0.562934458 0
vt 0.876973212 0.540991545 0
vt 0.883535504 0.516247571 0
vt 0.891879559 0.514612794 0
vt 0.875909984 0.517684221 0
vt 0.866564512 0.48211202 0
vt 0.866954505 0.496756434 0
vt 0.868320346 0.518300951 0
vt 0.86991775 0.541594267 0
vt 0.871290803 0.563331544 0
vt 0.871746719 0.582174957 0
vt 0.871544123 0.599754035 0
vt 0.894086897 0.639974296 0
vt 0.85193789 0.639658272 0
vt 0.846411526 0.622076035 0
vt 0.900579393 0.622032166 0
vt 0.900374472 0.602563024 0
vt 0.846630335 0.603537619 0
vt 0.846207261 0.58583957 0
vt 0.89936769 0.584351599 0
vt 0.900156319 0.56390518 0
vt 0.843069255 0.56564635 0
vt 0.83985734 0.541385293 0
vt 0.900740445 0.539602637 0
vt 0.900740445 0.513716042 0
vt 0.837546527 0.515652657 0
vt 0.950412989 0.271953851 0
vt 0.954743922 0.269970596 0
vt 0.953292072 0.277157068 0
vt 0.949323893 0.277357757 0
vt 0.960366488 0.269516319 0
vt 0.959562719 0.275958806 0
vt 0.95769465 0.281114221 0
vt 0.952841759 0.281994164 0
vt 0.949965835 0.281061083 0
vt 0.979653835 0.250680745 0
vt 0.967982113 0.262556314 0
vt 0.957963943 0.261452436 0
vt 0.9612993 0.254401296 0
vt 0.948374152 0.266967237 0
vt 0.944446206 0.257059813 0
vt 0.972315252 0.287237614 0
vt 0.963775098 0.283354312 0
vt 0.96931839 0.273030043 0
vt 0.97949028 0.269351691 0
vt 0.941461742 0.288631976 0
vt 0.947264194 0.283519 0
vt 0.954033732 0.285757571 0
vt 0.95525372 0.289021879 0
vt 0.9458462 0.276182055 0
vt 0.939361036 0.273666948 0
vt 0.949869692 0.364058197 0
vt 0.949464917 0.358431458 0
vt 0.953176796 0.358781576 0
vt 0.953901291 0.366351217 0
vt 0.950627744 0.354991287 0
vt 0.953290343 0.354149938 0
vt 0.957928419 0.354859948 0
vt 0.959405661 0.360097438 0
vt 0.959680796 0.366993129 0
vt 0.940943122 0.346624941 0
vt 0.948161244 0.352307349 0
vt 0.945423126 0.359373719 0
vt 0.93802166 0.362220526 0
vt 0.947519541 0.369221747 0
vt 0.943412721 0.378532469 0
vt 0.97411406 0.348209947 0
vt 0.96471864 0.352514207 0
vt 0.954945922 0.350417107 0
vt 0.956908464 0.346839875 0
vt 0.977195799 0.386011451 0
vt 0.967146218 0.374447018 0
vt 0.969618797 0.363334954 0
vt 0.979653835 0.366670579 0
vt 0.956797361 0.375363678 0
vt 0.959554195 0.381976485 0
vt 0.948939681 0.307974458 0
vt 0.948514521 0.304639757 0
vt 0.951332033 0.304690123 0
vt 0.951812327 0.308999211 0
vt 0.948750317 0.301227391 0
vt 0.951449513 0.300089777 0
vt 0.955548763 0.300008059 0
vt 0.95614922 0.304539889 0
vt 0.955690145 0.308813065 0
vt 0.946561456 0.297819972 0
vt 0.944798768 0.304380804 0
vt 0.936634779 0.303505212 0
vt 0.946520805 0.310996264 0
vt 0.939657867 0.317768097 0
vt 0.961374342 0.295609385 0
vt 0.952958047 0.294456035 0
vt 0.971172869 0.317322075 0
vt 0.961583555 0.311840236 0
vt 0.964580417 0.303723007 0
vt 0.974947512 0.302066356 0
vt 0.953352869 0.313423723 0
vt 0.954705715 0.316960216 0
vt 0.950508475 0.327373058 0
vt 0.952880025 0.326624125 0
vt 0.95316571 0.329917997 0
vt 0.950364292 0.330056518 0
vt 0.956195831 0.326729327 0
vt 0.957296968 0.330086917 0
vt 0.957700491 0.334201068 0
vt 0.953905582 0.334332854 0
vt 0.950770617 0.333434224 0
vt 0.961229205 0.323744535 0
vt 0.953661323 0.322501332 0
vt 0.947757959 0.324561626 0
vt 0.96357137 0.33882308 0
vt 0.965203166 0.330929846 0
vt 0.976077378 0.332335204 0
vt 0.948075294 0.337554812 0
vt 0.955605388 0.340432942 0
vt 0.946133196 0.330558747 0
vt 0.936795473 0.331809074 0

# 5266 vertex normals
vn 6.99701023 3.46923375 48.0917168
vn 2.83518624 4.31648827 48.4472542
vn 1.71570528 2.6778698 48.6178207
vn 6.1964016 6.70557976 47.8586121
vn 4.03008127 8.59465694 47.7880478
vn -4.50273323 -0.505458653 48.5105858
vn -2.03044796 -17.9840336 45.2355919
vn 6.93575048 -10.9881334 46.9570312
vn 5.78283016e-06 4.85960817 48.4787712
vn 0.000781698385 -2.54384637 48.6552773
vn 1.90899014 44.3802185 20.013958
vn -48.4593468 5.04810667 -0.124262311
vn 0.13872233 -3.52387857 48.5939293
vn 0.0870637745 13.3682013 46.8517952
vn 15.0796938 7.85251665 45.6590385
vn 17.8704567 5.44061995 44.9983711
vn 32.1848526 13.3068447 34.0715408
vn 37.7671127 10.1842184 29.0470963
vn 16.164175 -3.8305521 45.8023262
vn 15.15485 10.3679008 45.1291924
vn 24.566433 9.43823433 41.0026436
vn 30.0856686 13.7926292 35.7550392
vn 20.9945869 13.9440928 41.6964798
vn 5.21554518 14.1341324 46.3339081
vn 20.7174587 30.0887547 32.2375679
vn 3.96721554 32.7648964 35.8403397
vn 39.518589 11.8382063 25.921896
vn 36.3782349 19.9245987 25.5624943
vn 1.46422279 15.0622702 46.3118896
vn 4.83328995e-06 14.8092766 46.4165077
vn 0.93903178 32.407177 36.3689423
vn -3.48895628e-06 32.2779045 36.4958115
vn 42.3700714 23.8949776 2.75940967
vn 25.9803925 40.8475418 5.50491285
vn 28.3447857 39.6276817 0.163954064
vn 40.4549446 26.8583431 -3.97918963
vn 42.6522408 22.1036186 -8.12547398
vn 40.3652039 27.0958042 -3.20543671
vn 27.162365 39.8650551 -6.84034491
vn 32.0763779 34.0020523 -13.7394743
vn 10.8935366 47.3745193 3.28528452
vn 17.4073048 45.457653 2.0962882
vn 37.7469749 30.7903595 0.962551773
vn 21.5082779 43.7135429 -0.571905673
vn 43.5941467 17.252758 -13.255167
vn 46.0784569 13.2204714 -8.70642567
vn 34.3584175 9.99960518 -33.0652962
vn 36.8711967 9.59163189 -30.3697586
vn 32.8339348 29.3257351 -20.8744011
vn 42.7352066 17.0729866 -16.0006847
vn 19.6755238 19.5676231 -40.0473289
vn 31.9041557 9.20467091 -35.6539688
vn 46.9865837 8.22079659 -9.9240427
vn 48.2691727 6.62427807 0.11411725
vn 38.2009811 24.8952007 -17.1674271
vn 42.1851997 22.6133575 -9.102314
vn 37.2180443 12.282362 -28.9442139
vn 33.3145599 25.048851 -25.2289944
vn 46.7792778 12.8420086 4.53749609
vn 43.2363815 22.3216572 2.48305702
vn 44.0856628 20.7396946 -0.355297506
vn 44.4573441 19.9275208 -0.495394737
vn -12.4597034 47.069706 -1.73364341
vn 10.8154707 46.7432098 8.47967243
vn 7.85365152 48.0603065 -1.52781498
vn -19.1786804 44.7526894 -1.78376782
vn 9.15925598 47.8530197 -0.0589911565
vn -18.1303711 45.145813 2.63664865
vn 40.5442123 25.4411697 9.09509087
vn 43.0679398 22.7575722 -1.02597153
vn -2.22364712 48.6485596 -1.47662926
vn -2.04999375 47.8114586 -9.14708519
vn -1.74313391e-05 48.7187347 -0.54017061
vn 4.74924036e-06 47.547348 -10.6328287
vn 0.0286240522 48.3375702 6.10613966
vn -1.8744915e-05 48.0750618 7.91171312
vn 0.084325701 47.9155693 8.8259716
vn -0.60454607 46.5421677 14.3968182
vn 1.1821101e-05 48.0886536 7.82869339
vn 16.8873634 40.2368927 21.6706371
vn 37.3523941 23.0986958 21.0963478
vn 9.53398514 -4.33758402 -47.5825119
vn 13.6799021 -2.67913699 -46.6850014
vn 7.75394154 -2.10054803 -48.0548782
vn 6.01275587 0.483072847 -48.3468781
vn 1.0463326 -3.83434534 -48.5593452
vn 0.645584822 0.639703929 -48.713253
vn 14.2324514 -0.0580603145 -46.5965767
vn 6.35990953 -2.54384279 -48.2378197
vn 1.28718686 -3.84296036 -48.5528755
vn 6.36931753 -5.32783651 -48.0088844
vn 5.20403624 -6.33871317 -48.0265083
vn 11.5719013 -14.7521925 -44.9696655
vn 5.03631735 -8.56191826 -47.6983833
vn 7.40004635 -8.6806469 -47.3676338
vn 19.7806854 -22.2671471 -38.5578232
vn 14.5805721 -10.3850374 -45.3140678
vn 18.1091328 -8.74267673 -44.3782806
vn 1.95727466e-06 -13.8423471 -46.7139778
vn 4.70290979e-06 -11.1882534 -47.4197197
vn 10.462388 -9.92690563 -46.5381813
vn 2.02371575e-06 -13.7154608 -46.7513962
vn 18.9813538 -2.91372609 -44.7775078
vn 17.9907093 1.31963122 -45.2592506
vn -4.40428494e-06 -2.38166237 -48.6634827
vn -1.12979305e-05 1.91685534 -48.6840057
vn 5.93987465 8.71479702 -47.5665512
vn 17.4966393 7.90773296 -44.7788162
vn 17.9908371 3.88283014 -45.1116447
vn 10.8882647 6.33153725 -47.0655289
vn 15.8069963 -0.478177428 -46.0838051
vn 16.6028156 -0.698730826 -45.8002739
vn 12.3652458 5.04671049 -46.8555069
vn 17.6035786 3.34603047 -45.3070068
vn 7.65836668 12.8826389 -46.3594017
vn 3.63065529 10.4808645 -47.4423523
vn 2.01703278e-06 16.0842018 -45.9902802
vn 2.81277221e-06 11.3594656 -47.3789978
vn 16.8986835 7.42538071 -45.0899696
vn 12.8163853 6.59299612 -46.5411568
vn -1.07932538e-05 10.6562872 -47.5420876
vn 2.35547375e-07 10.7161112 -47.5286369
vn 3.02126789 12.2374096 -47.0629845
vn 5.50285435 12.9106693 -46.6566238
vn 2.81655979 32.8584709 -35.8635483
vn 8.53307152 32.6674309 -35.1259422
vn 4.09000995e-06 12.1380768 -47.1855316
vn 9.0105641e-06 33.3562126 -35.5129433
vn 17.4995022 13.5034809 -43.4192429
vn 19.6897449 31.7017841 -31.3227959
vn -34.0372238 -3.24583149 34.7093506
vn -37.2001953 -1.373505 31.4335175
vn -24.1035156 -0.237938777 42.3411217
vn -21.4306412 -1.18206155 43.7394218
vn -20.1728001 0.19657065 44.3489151
vn -18.0114822 -1.57743156 45.242733
vn -36.6196098 -7.01080132 31.3633461
vn -30.4418144 -1.82665503 37.9969292
vn -27.3530521 1.18830955 40.3014297
vn -17.5676765 -7.23292875 44.8649979
vn -33.8954124 -8.28860855 34.0030441
vn -12.0568857 -12.1148577 45.625309
vn -28.4220009 -14.732626 36.7280121
vn -17.9057579 -5.33828449 44.9965935
vn -12.7973347 -12.4822969 45.3235855
vn -42.3550911 -10.3444176 21.7450294
vn -44.2189178 -6.30192375 19.4622688
vn -32.050457 -15.5189896 33.2526093
vn -37.0489578 -7.98015356 30.6186047
vn -37.4247322 -18.1157818 25.3971405
vn -25.4151993 -24.9638939 33.2367058
vn -45.2391777 -3.92436171 17.6585159
vn -44.0264587 -9.07509995 18.7914982
vn -38.555397 -2.98781395 29.6371555
vn -37.6453171 -1.91877413 30.8699722
vn -2.4569478 48.5903473 -2.5978632
vn 16.448925 44.5425682 -10.9178391
vn 19.2318745 40.1179466 -19.8618221
vn 6.88922977 45.0172997 -17.3143921
vn 1.85708821 46.4327278 -14.6410341
vn 1.47736692 48.5927277 3.22037005
vn -6.25892289e-06 46.5618744 -14.3456907
vn -1.44335468e-06 48.6284294 3.01375484
vn 1.49512422 47.619175 10.1973133
vn -12.4083281 46.7119598 6.15084362
vn 3.06362085e-06 47.6970482 9.93971729
vn 12.4063959 47.1063957 0.93581444
vn 39.2157211 28.48382 -4.96048546
vn 45.6730423 15.6189241 6.62036324
vn 42.1995888 21.3182011 11.7701225
vn 38.1551285 30.2822342 0.989663482
vn 42.6492119 23.1244602 4.48457575
vn 42.0314941 19.8184414 14.6420412
vn 36.4035606 26.4382191 18.697813
vn 33.8693733 34.1905556 7.59461403
vn 26.218977 41.0314369 1.67126334
vn 20.5287018 44.0962143 -2.8112216
vn 26.1939449 39.546032 11.1263514
vn 39.0182304 28.7599792 4.92423344
vn 44.322197 19.8698292 -3.81308889
vn 48.4081955 5.48094273 -0.642173409
vn 46.7181702 6.66991472 12.1132812
vn 39.9879112 -26.663538 7.98932838
vn 43.0203857 -21.5462608 7.66888666
vn 43.8010712 -21.3222828 0.79596895
vn 40.1731987 -27.4638596 2.37856126
vn 42.3674126 -23.2137966 -6.3189621
vn 38.9724579 -28.8631859 -4.67662621
vn 41.2542038 -24.6143627 8.12593079
vn 42.102684 -24.3876286 2.5326426
vn 43.4720955 -21.145607 -6.07021523
vn 37.4688377 -30.991991 3.06419516
vn 35.7304459 -32.1833611 7.83411694
vn 29.3910294 -38.7921753 2.26745915
vn 27.3735352 -39.8316879 6.1590209
vn 38.1564827 -29.979044 -4.37568951
vn 27.4504051 -40.1442642 -2.95298338
vn 34.2495804 -32.2713013 12.6228571
vn 38.3735771 -27.2532845 12.5910339
vn 28.8239326 -26.4523888 29.0389214
vn 32.3890686 -25.1427689 26.3172245
vn 25.7981129 -38.1386719 15.9281435
vn 23.1231861 -27.2357254 33.1261292
vn 40.8519592 -22.3102016 14.3937149
vn 38.5593719 -26.0374393 14.458005
vn 35.1565781 -21.744688 25.7874069
vn 27.4227867 -30.7407455 26.0154591
vn -4.86955881 -9.02325821 47.6306114
vn -9.55602551 -1.3195281 47.7571754
vn -19.6601925 -0.0993685648 44.5788536
vn -16.7048435 -7.3488183 45.1746597
vn -13.729352 1.58097088 46.7205772
vn -21.1901894 2.35529113 43.809082
vn -13.406805 -18.4153118 43.0690269
vn -1.5294987 -19.2477932 44.7324295
vn -11.0351963 -28.9622364 37.592823
vn 0.801104665 -32.6390038 36.1643486
vn 10.921339 -19.7555275 43.1769638
vn 5.07625246 -11.1992044 47.1446304
vn 23.843853 -18.6708565 38.1664391
vn 14.6175289 -13.7844238 44.3860855
vn 12.4173222 -34.2481995 32.3523979
vn -1.23253894 -3.89648056 48.5500259
vn -4.23198223 2.46218181 48.4750977
vn 3.69567132 -7.39883804 48.0146408
vn -1.66072631 5.13259792 48.4221573
vn 23.5653553 -19.430294 37.9597778
vn 21.2463093 -16.756876 40.5167694
vn 27.5805206 -19.0352993 35.3663521
vn 25.8818913 -20.4056873 35.8823471
vn 24.3974037 -21.6500263 36.1918488
vn 23.4320793 -19.9800243 37.7563705
vn 23.1528492 -22.0827579 36.743763
vn 23.0546684 -20.2515182 37.8439598
vn 17.3962364 -6.89749241 44.9844704
vn 16.7450848 -8.45760155 44.9652977
vn 6.00517035 10.3930244 47.2200165
vn 6.22113895 12.2413015 46.7467079
vn 16.016016 -8.40074921 45.2407074
vn 5.24516487 5.50162029 48.1251183
vn 10.8597345 -9.46905613 46.5425568
vn 1.61434042 9.37199211 47.7845879
vn 37.5009117 -26.2357502 -16.7085037
vn 36.5458755 -26.1188526 -18.868269
vn 32.3501816 -28.7666016 -22.3552074
vn 34.2370758 -30.9492702 -15.6131992
vn 22.8572464 -27.8787422 -32.7739105
vn 26.3324966 -30.3709068 -27.5320721
vn 39.9191246 -18.5383205 -20.89501
vn 31.7390785 -22.9043007 -29.0143204
vn 24.5536804 -41.0035667 -9.46735859
vn 30.9931316 -35.9248772 -11.0740919
vn 14.8636026 -45.5904922 -8.62478161
vn 16.0318298 -45.8417206 -3.91460109
vn 18.0314178 -35.0158615 -28.6803818
vn 12.0815754 -35.3088417 -31.3229675
vn 36.194088 -30.6128864 -11.2536983
vn 38.3920517 -27.8632011 -11.1130352
vn 21.5118313 -43.0609283 -7.53686142
vn 39.9239006 -25.4408875 -11.5173759
vn 43.6440468 -17.2645416 -13.0743809
vn -9.94465542 12.756361 45.9585228
vn 3.24791789 -12.2937422 47.0331993
vn -0.939296305 -15.9102144 46.0411758
vn -14.6237955 3.92012691 46.3096581
vn -14.234045 -19.1161575 42.4943695
vn -26.3581104 -6.94700718 40.3831177
vn 48.4715538 4.92652321 -0.211527005
vn -20.2967777 2.79923487 44.2042084
vn -14.2915335 8.68238449 45.7621613
vn -33.2216187 -4.85147905 35.3071442
vn -4.11744404 14.7437658 46.2544594
vn -2.22707963 16.600708 45.7521935
vn -2.23967004 17.1358414 45.5538521
vn -2.26550508 16.2914352 45.8613472
vn 8.11158752 -4.92411804 47.788723
vn 7.81775904 6.10307121 47.7015953
vn -16.1784515 42.5379066 -17.395153
vn 0.850931764 45.143055 -18.3081245
vn -5.22195292 47.3733673 -10.1144829
vn -15.5679874 44.7590981 -11.3167095
vn -6.80898762 48.2416458 0.434003562
vn -11.730545 47.2618256 1.58787704
vn -14.9874105 44.9230537 -11.4500647
vn -15.1419811 43.4507408 -16.0175133
vn -4.90252876 46.6187477 -13.2840033
vn -6.12438822 46.271862 -13.9718847
vn -12.4442034 47.0147514 2.92611861
vn -5.84083366 48.2846947 2.87750769
vn -11.0365257 34.1046448 -32.9981117
vn -9.77645493 36.6174469 -30.6168308
vn -3.04700398 28.9567165 -39.0644493
vn -0.578018069 33.3104401 -35.5511894
vn -6.39070749 36.6675301 -31.4397564
vn -3.16676927 24.6272106 -41.9199142
vn 6.6832099 41.2032433 -25.1283607
vn 8.63451004 33.2424431 -34.5570869
vn -45.47258 -10.1351566 14.2593775
vn -42.0662117 -16.8975143 17.8525906
vn -43.3287926 -12.7014017 18.3056698
vn -42.3542137 -8.51718235 22.5252094
vn -39.0395584 -12.7349272 26.2210007
vn -41.4463425 -4.18222523 25.2688885
vn -9.07256108e-05 -36.8639374 31.8568192
vn -5.67821007e-05 -31.961935 36.7728386
vn -8.30737044e-05 -28.7973804 39.3003502
vn -36.4950294 -7.62746716 31.3646526
vn -42.0981789 -11.1261625 21.8577042
vn -33.7302208 -5.86518049 34.6652374
vn -44.0842514 -11.1368122 17.5030632
vn -43.1724205 -11.2610016 19.5739269
vn -37.769043 -18.6180763 24.5086346
vn -0.0425091945 -31.2732182 37.3602867
vn 48.5108337 -4.38882494 -1.11545789
vn 0.20012404 -24.6991177 41.9966736
vn 16.6171474 2.41448474 -45.7367172
vn 17.942812 4.59002113 -45.0643349
vn 7.51352835 5.76378822 -47.7925949
vn 4.10208988 3.58682489 -48.4160576
vn 4.96476936 10.5583096 -47.3041191
vn 1.78569317 4.72904539 -48.4587898
vn 4.32074356 1.44758451 -48.5081673
vn 14.326848 2.07666659 -46.521347
vn 1.38157499 0.899345636 -48.6938324
vn 17.9382553 0.936398923 -45.2896118
vn 18.6561375 0.886868 -44.9996567
vn -9.36461493e-06 0.265479982 -48.7210045
vn -1.66386985e-06 0.00546669913 -48.7217293
vn 19.053751 5.23702335 -44.5346489
vn -4.12176496e-06 5.79303265 -48.3761063
vn 8.25814724 -47.8948631 3.41936159
vn 14.8353071 -46.1865654 4.53011417
vn 15.861721 -46.0357971 1.70823145
vn 7.34648418 -48.1202431 2.06851244
vn 13.4476576 -46.8135223 1.20904827
vn 4.25305748 -48.2796135 4.9797039
vn -0.0476868376 -48.6087494 3.3157196
vn 2.28849912 -48.5122986 3.88925147
vn -1.54251003 -48.5476646 3.81466198
vn 1.90116167 -48.0140343 8.05264091
vn -0.79052341 -48.2187996 6.93754339
vn 0.804434359 -48.4792404 4.78780699
vn 8.8471365 -44.6271591 17.4341965
vn 11.1893272 -44.3420753 16.8043633
vn 14.7601776 -32.18573 33.4667397
vn 14.3636646 -30.4134789 35.2492905
vn 10.4720678 -41.8879776 22.5729923
vn 17.040535 -31.0708466 33.4369507
vn 16.1615295 -42.3517189 17.8589916
vn 17.029995 -28.2502995 35.8567543
vn 6.54566336 21.8358345 -43.0599289
vn 1.97377312 20.0996799 -44.3386269
vn 3.80534029 26.973175 -40.3952255
vn 7.29837084 27.617691 -39.4690285
vn 3.18035984 23.0215397 -42.8217316
vn 7.62004709 23.4203434 -42.0384293
vn -1.18220448 16.505373 -45.8255615
vn -1.37007713 26.906908 -40.5949287
vn 9.47931862 27.3703022 -39.1767235
vn 10.0106993 22.191843 -42.2032547
vn 7.73092175 25.6141396 -40.7180023
vn 11.6460342 20.1463585 -42.8053894
vn 9.52491188 22.5268307 -42.1381645
vn 6.33626413 23.5009823 -42.206192
vn 13.0584688 14.1408634 -44.7584496
vn 5.74551964 16.8645306 -45.3473663
vn 16.8679523 0.36965239 -45.7071381
vn 7.44005108 3.6462276 -48.0120583
vn 17.3006573 7.72944212 -44.8859673
vn 20.1294365 -0.166125625 -44.3687401
vn -0.561515749 15.3028688 -46.2527161
vn -5.25015593 11.5712137 -47.0356178
vn -1.3443054 6.0905304 -48.3208542
vn -7.67466116 5.05274534 -47.8474274
vn 15.1309834 -22.7266903 40.3529167
vn 18.9810867 -22.2334366 38.9769135
vn 17.5475121 -22.8947105 39.2647934
vn 14.2313719 -22.921381 40.5695114
vn 15.5549593 -23.1294022 39.9609947
vn 15.7600775 -21.5129223 40.7752495
vn 18.1755238 -23.8193321 38.420002
vn 18.2686176 -19.8544674 40.5692596
vn 17.0855007 -17.690321 42.0588303
vn 16.2651749 -17.1522617 42.6034126
vn 17.1666622 -8.96019363 44.7082481
vn 14.1179943 -4.58397388 46.4055634
vn 18.9592304 -17.3030109 41.4120789
vn 18.528574 -11.8263407 43.4814529
vn 16.0359306 -13.6236391 43.9437408
vn 8.64307976 0.519003808 47.9461632
vn 0.628646612 47.7717705 -9.55352306
vn -0.019273499 47.7645645 -9.61004162
vn 3.28688145 46.6603394 -13.6314297
vn 0.355082184 47.3961143 -11.2822495
vn 3.18238211 48.6161575 0.385796428
vn 3.94649029 48.5559921 0.7397964
vn 5.08064222 47.6386337 -8.86310387
vn 6.90156412 46.1499634 -14.0127144
vn 7.13567257 47.4550667 -8.42056084
vn 9.9166975 43.9190521 -18.6167412
vn 6.68017197 48.1265907 3.60737848
vn 7.73926497 47.7517242 5.80371523
vn 10.4367208 34.1128426 -33.1842728
vn 5.99308252 38.1115532 -29.7556648
vn 10.3390627 32.6445007 -34.6590157
vn -0.133432075 39.3016777 -28.795269
vn 0.10188508 9.31087303 -47.8236732
vn 2.03902483 6.85113049 -48.1945114
vn 4.95640564 16.108923 -45.7137108
vn 1.71504712 21.8375015 -43.5199852
vn -0.762503505 26.3370361 -40.9827538
vn -1.18885481 12.2599621 -47.1390152
vn -4.56215763 7.42722607 -47.9356842
vn -1.22921526 4.57938337 -48.4904633
vn -7.4941206 2.29152155 -48.0873604
vn -2.51937556 -0.461517781 -48.6543617
vn 0.259930342 2.39203715 -48.662281
vn -0.0556304529 -2.63728046 -48.6502647
vn -1.04597294 19.1800213 44.7754364
vn -0.515499473 17.1550503 45.5987396
vn -0.888312936 16.9383907 45.6739388
vn 0.954391241 14.8122044 46.4057617
vn 0.0031361396 11.2072496 47.4152374
vn -3.94026756 20.8420868 43.8621559
vn 0.15810582 8.99430943 47.8840752
vn -2.94982886 22.5377827 43.0947037
vn -4.2012372 33.2915497 35.3246346
vn 1.0600152 28.1657944 39.7413063
vn -3.51572752 33.9703484 34.7485542
vn 5.59114742 34.1670265 34.2806129
vn -4.72233105 36.0544891 32.4280701
vn -2.58009219 31.7478199 36.8676796
vn 5.30481052 19.1557827 44.4828262
vn 17.3166199 24.6506329 38.2921371
vn -12.4554825 42.2406578 20.8421383
vn 10.4062891 44.7853966 16.1178341
vn 19.2411537 40.3070793 19.4659863
vn -1.11655664 40.5446396 26.9942989
vn -8.0056076 35.128006 32.7984734
vn -10.5988541 44.0977592 17.8005352
vn -1.54224122 38.3889542 29.9619122
vn -1.39681625 46.3296967 15.0138369
vn -8.93750095 46.170372 12.7367363
vn -11.9170761 44.8765793 14.7608643
vn -3.38998652 46.2975388 14.7936859
vn 0.233580649 45.8852158 16.3798561
vn -1.51316881 -1.75800574 -48.6664848
vn -4.40452766 -1.07834589 -48.5102501
vn -2.27946901 -3.45152664 -48.5458336
vn -3.26283741 -2.92862248 -48.5240555
vn -6.52580929 -4.46096516 -48.0761909
vn -2.68593025 -5.3972559 -48.3473091
vn -6.17209625 -5.72433329 -47.9890022
vn -2.95447469 -9.28384304 -47.7377052
vn 6.68929529 -15.3938942 -45.7393494
vn 9.44437981 -13.5491695 -45.836998
vn 3.45937037 -17.2992001 -45.4156075
vn 5.18283796 -11.8257389 -46.9797516
vn 3.98031545 45.1744766 17.8109665
vn 4.49764872 46.3864594 14.2082577
vn 6.1398406 46.3914642 13.5624962
vn 8.63488579 45.2183342 15.9545603
vn 9.38301468 46.2824707 11.9874668
vn 12.1573782 45.6833115 11.7915325
vn 6.00241375 47.5935135 8.52262783
vn 4.55062389 47.6713257 8.97458553
vn 12.7113104 42.7866249 19.5328979
vn 5.60095072 42.3569298 23.416378
vn 12.2203894 35.5851555 30.9542561
vn 7.57581329 38.6524734 28.6775227
vn 10.6801033 41.163559 23.7761059
vn 6.83918381 32.2108498 35.9095268
vn 0.930467367 43.273941 22.3675404
vn 4.05767202 46.5365105 13.8454189
vn 0.369028866 45.325325 17.8685799
vn 1.7665031 47.8362541 9.0762825
vn -0.725882888 38.833889 29.4144306
vn 2.59896398 37.1285286 31.4408131
vn 8.78456211 46.528904 11.4760141
vn 13.0337791 46.804554 3.64156795
vn 5.11288118 48.1251945 5.62413406
vn 5.63366365 48.332058 2.46597767
vn 22.3729668 -40.0743103 16.3495235
vn 21.0960217 -35.7136993 25.5596676
vn 18.898859 -36.4671326 26.2066498
vn 15.4632206 -44.1924706 13.4804134
vn 18.4511795 -31.6110821 32.1574287
vn 19.3464661 -29.5736542 33.5398254
vn 12.1912775 -46.9139938 4.92513561
vn 21.584856 -43.0867348 7.17177105
vn 12.6847782 -47.0363426 0.69675988
vn 20.6290417 -44.1333237 -0.706690907
vn 18.1307888 -44.3237686 8.97135258
vn 17.8401756 -41.9211006 17.2672043
vn 13.1331034 -45.8240204 10.0741158
vn 13.4955521 -43.2457848 17.9298401
vn 17.6593685 -45.4062195 0.47826767
vn 12.5968151 -47.0368576 1.63126659
vn 17.0582714 -38.4124374 24.6436024
vn 15.9399319 -33.8541107 31.2029629
vn 13.5559921 -39.345932 25.3365173
vn 13.3429708 -34.5918541 31.6097374
vn 5.88737965 15.3024712 -45.8800583
vn 7.24664259 1.14906263 -48.1660919
vn 13.3356314 2.38028455 -46.800663
vn 9.88755131 16.9475689 -44.5962296
vn 8.02939892 -2.61646509 -47.9842644
vn 14.726697 -0.66069448 -46.438076
vn 5.23537683 21.5239582 -43.3948936
vn 5.06608868 18.7689991 -44.6751213
vn 3.2739265 25.4084377 -41.4427261
vn 5.24107504 29.9433651 -38.0753593
vn 4.1979084 16.8261166 -45.5309372
vn 5.29303646 14.8578987 -46.0980873
vn 5.18453217 16.0499401 -45.7091522
vn 6.37339067 14.4248323 -46.0989265
vn 1.99088013 31.2194271 -37.352253
vn 2.3112812 31.0422707 -37.4812241
vn 6.43409014 3.28013039 -48.1835022
vn 6.58795738 -4.15793371 -48.0948792
vn 6.85446692 6.82010603 -47.7525826
vn 6.54682875 -3.81980157 -48.1285248
vn 14.3517942 -21.3065567 41.3988342
vn 13.1389723 -19.150383 42.8303261
vn 17.1840382 -17.8625278 41.9457474
vn 17.6201859 -19.5640926 40.9949074
vn 13.1322947 -12.9905577 45.0843124
vn 17.091032 -13.359725 43.6259232
vn 18.4632835 -24.9766483 37.5377312
vn 16.2967682 -26.6296005 37.4043655
vn 14.2883673 -28.2946796 37.0008163
vn 12.5591297 -23.0549889 41.0431824
vn 12.3977709 -29.7634506 36.5272408
vn 10.7073545 -24.5640984 40.691082
vn 11.898366 -19.2163048 43.1621284
vn 12.7083149 -9.90407562 45.9805946
vn 9.81706524 -18.2792606 44.0828896
vn 10.9770708 -3.96259975 47.3033676
vn 0.209375098 46.6564293 14.0335646
vn -2.05768466 46.3629951 14.8339443
vn 0.596517384 39.0748138 29.0965672
vn 1.11132586 37.3186989 31.3031406
vn 1.84707904 32.7953148 35.9842033
vn 3.51295352 32.6966934 35.9498596
vn 8.11273956 37.6258545 29.8711414
vn 8.93954754 46.4713554 11.5889797
vn 6.50775146 32.1271133 36.0458755
vn 9.07702446 46.896656 9.59782696
vn 3.52007818 47.3901443 10.751277
vn -0.192612857 46.473587 14.627903
vn 7.5894289 22.6980762 42.4382439
vn 1.64249825 23.5152874 42.6396599
vn 3.79262114 8.16719818 47.8823547
vn 10.1555738 6.39160442 47.2209587
vn 15.2681313 3.21349645 46.1558723
vn 13.0663948 19.894659 42.5120964
vn 17.9532375 0.689873099 45.288105
vn 17.2674179 16.8990593 42.3091621
vn 8.79668903 34.6275101 33.1264381
vn 4.98860312 37.2490501 31.0069199
vn 11.5486851 28.4730053 37.8116684
vn 0.464819849 37.4563255 31.1546841
vn 12.0269585 -10.9478235 -45.927166
vn 3.7747159 -10.6709337 -47.3887062
vn 0.859579206 -7.04292727 -48.2023354
vn 10.1496944 -8.46227741 -46.8954201
vn 16.983202 -7.15788269 -45.1014748
vn 17.3128567 -12.8327532 -43.6965942
vn 19.3634052 -4.97902679 -44.4305611
vn 20.4099102 -15.7694569 -41.3348083
vn 19.328928 -26.1660919 -36.2703094
vn 14.2683773 -23.0724068 -40.4707832
vn 18.1502419 -37.0879936 -25.8622532
vn 15.3498955 -37.1781616 -27.4949493
vn 21.467289 -27.5495129 -33.9703789
vn 19.5277233 -35.4670715 -27.1028004
vn 7.77282715 -19.8340111 -43.8178291
vn 12.0070944 -36.0892181 -30.4500408
vn 3.45401192 -48.3728828 -4.68412066
vn 6.4942193 -48.2467384 -1.97079349
vn 11.1225224 -46.1953049 -10.774538
vn 10.9428062 -45.723629 -12.7832613
vn 12.3116207 -43.89785 -17.1816673
vn 4.9099803 -47.6299629 -9.00475311
vn 15.8800039 -40.7460289 -21.4800777
vn 11.2835226 -45.3346176 -13.8297415
vn 0.237283394 -48.7060432 1.21315074
vn 1.31069696 -48.6885414 1.23085856
vn 5.80888128 -48.2962837 -2.74451661
vn 8.14423275 -47.9953308 -1.98158813
vn 2.50713706 18.9311485 -44.823349
vn 2.22992396 9.54622555 -47.725296
vn 5.39839554 9.16180801 -47.547081
vn 6.36265755 15.7375622 -45.6689453
vn 2.32815981 1.84536064 -48.631073
vn 4.89970779 -1.09599578 -48.4623451
vn 9.58114433 16.6934986 -44.7586403
vn 6.12330246 23.0002823 -42.5123405
vn 11.9539442 31.4834766 -35.2093811
vn 13.521513 32.3067551 -33.8710632
vn -5.04280424 30.1902924 -37.9067688
vn -8.23647499 21.2276859 -43.0738068
vn -10.7893438 33.9914169 -33.1960907
vn -12.320838 23.3648109 -40.9400711
vn 0.186805874 36.8290138 -31.8966427
vn -8.74821377 39.7476578 -26.7843094
vn -7.30319643 7.73495579 -47.5461922
vn -5.64681864 1.3785032 -48.3737526
vn -10.903924 6.06952 -47.0964165
vn -8.39206409 -1.42280495 -47.9724503
vn 0.976653695 -28.8744392 39.2316132
vn -2.68122125 -20.0302944 44.3328896
vn 4.42531633 -18.672121 44.7836494
vn 6.72995901 -26.5641613 40.2847366
vn -8.24290657 -1.07785177 48.0072899
vn 1.26717651 0.302414894 48.7043037
vn 7.8576107 -31.0139332 36.745079
vn 3.18408561 -32.256443 36.3756828
vn 8.20595741 -35.2573204 32.6096725
vn 4.33704281 -35.520256 33.0652199
vn -0.0326570198 -35.0637474 33.8280907
vn -2.9018538 -29.2089233 38.8873329
vn -1.98951721 -37.5617599 30.9671268
vn -2.73169875 -25.9539204 41.14291
vn 2.84354973 -35.9712906 32.7381668
vn -0.972534299 -36.5155258 32.2409248
vn -3.17011762 -16.7260933 45.650795
vn -4.79225254 -3.1692338 48.3817825
vn -0.501899004 -10.1011639 47.6604805
vn 0.575449347 -3.99541759 48.5542183
vn 5.8809185 46.1839027 -14.362052
vn 11.3610783 43.1536789 -19.5574303
vn 11.6893435 45.1672211 -14.0387974
vn 10.3565769 46.4376259 -10.4926271
vn 2.89267302 44.1832619 -20.329258
vn 6.29431057 47.066082 -10.9074736
vn 8.34902382 47.7588959 -4.81550455
vn 5.00815582 48.1504974 -5.5004549
vn 5.99519682 48.2621422 2.93768835
vn 2.90776086 48.577301 -2.36602139
vn 5.99923658 48.2964973 -2.29451609
vn 4.16906977 47.7349663 -8.82036781
vn 7.00049829 45.3830643 -16.2842674
vn -0.274294049 46.4279556 -14.7707968
vn -0.74075675 46.5880928 -14.2410593
vn -1.31244683 47.6469803 -10.0920744
vn -0.778629005 47.0667496 -12.5666895
vn 4.83855057 42.7369194 -22.8899708
vn -5.01539993 45.6480522 -16.2759991
vn 5.13415289 -46.0862274 -14.95016
vn 5.95628548 -47.7015839 -7.93024683
vn 9.35328007 -47.2145424 -7.55712748
vn 9.03997231 -45.1542282 -15.9116907
vn 12.0531492 -46.6690826 -7.10810709
vn 11.1561308 -44.4661179 -16.4958305
vn 6.17014647 -48.2850266 2.07173777
vn 9.70986462 -47.6965179 2.13710761
vn 7.99848843 -43.3456802 -20.760128
vn 4.26314402 -44.7088318 -18.8878918
vn 6.12082338 -39.5982819 -27.7185612
vn 3.56075001 -41.1836853 -25.7882042
vn 9.38409805 -41.768074 -23.2631397
vn 7.33620405 -37.6267204 -30.0701981
vn 2.03870988 -44.6167297 -19.4678688
vn 1.47911561 -46.6172714 -14.0872049
vn 4.93961954 -42.6663818 -22.9997139
vn 2.94083095 -45.7253647 -16.5635052
vn 3.19525504 -40.7901497 -26.4529991
vn 5.3933301 -40.4170303 -26.6679974
vn 2.90375161 -48.3479118 -5.27772856
vn 4.9162569 -48.3615341 3.28621793
vn 2.65526605 -48.6111908 -1.92570186
vn 4.58942509 -47.9397011 7.38436031
vn 11.4948187 12.3030634 45.7199097
vn 9.38478565 25.6310959 40.3581429
vn 12.8681183 22.261528 41.3840866
vn 16.4670029 14.5744934 43.4767609
vn 17.6195316 0.7867347 45.4174004
vn 13.2129059 2.72408128 46.8167229
vn 12.6785984 4.80477381 46.7971573
vn 11.2512741 9.30423737 46.4827614
vn 11.7552776 6.58097506 46.8221169
vn 11.3062992 6.88418865 46.8890457
vn 5.15744591 27.0055466 40.2232246
vn 7.49028015 24.3077393 41.5552254
vn 14.8366604 -20.3930416 -41.6869812
vn 16.8446732 -29.0048046 -35.3381615
vn 20.243206 -27.889801 -34.4409447
vn 19.2870731 -18.0646076 -40.9326935
vn 17.7920876 -33.8678856 -30.1697578
vn 19.8231182 -33.8311348 -28.9189415
vn 16.6398888 -4.98134995 -45.5204086
vn 11.012229 -8.27232647 -46.7344284
vn 8.38391113 -11.0010662 -46.7171669
vn 10.5298815 -22.0019646 -42.1763229
vn 5.87674713 -10.2605667 -47.2651215
vn 5.5451045 -21.8178635 -43.2092552
vn 11.5714588 -30.2578144 -36.3919334
vn 12.4857302 -35.6492538 -30.7740803
vn 5.86728096 -30.8776169 -37.2284126
vn 19.2591877 -41.1097527 -17.6883869
vn 20.1659412 -43.4276237 -9.01017189
vn 15.5256329 -45.5757866 -7.45717049
vn 17.7588978 -41.9560928 -17.2660046
vn 18.957346 -38.122242 -23.6879787
vn 18.3591614 -37.8380508 -24.5973663
vn 13.8816051 -39.568737 -24.8077221
vn 15.2660112 -43.0002861 -17.0801392
vn 16.5553017 -45.1142197 -8.0272131
vn 8.46990681 40.1743813 -26.2314034
vn 5.48284149 40.4651222 -26.5766602
vn 7.03456831 36.410038 -31.6011181
vn 7.7665143 41.5339508 -24.2573528
vn 4.09624147 47.8513298 -8.20230484
vn 8.6689539 47.2875977 -7.9081912
vn 12.4292336 46.8786964 -4.65927649
vn 5.29172516 44.5129814 -19.0892353
vn 0.0408749357 41.6937141 -25.2079258
vn 4.09470654 -42.0385094 -24.2858753
vn 2.94238758 -46.2100754 -15.1584482
vn 2.76291919 -48.2736282 -5.98579645
vn 5.7083559 -43.1842995 -21.8251705
vn -1.12806404 -48.670105 -1.93784344
vn -0.692429841 -48.2359886 6.82766008
vn 7.19981384 -40.5715675 -25.998415
vn 4.07471323 -39.4978676 -28.2333488
vn 8.17458344 -39.7904053 -26.9017925
vn 7.06405067 -34.9080009 -33.2466202
vn 9.26681423 -36.7364502 -30.6327553
vn 9.83580112 -41.605114 -23.3683205
vn 18.3726044 -33.098381 -30.6716709
vn 18.9786587 -37.9318886 -23.9747639
vn 8.94634342 -28.6742668 -38.3608742
vn 14.9240093 -27.960638 -37.0038338
vn 10.5863152 -43.8377533 -18.4387798
vn 9.6681881 -46.5993385 -10.4323759
vn 17.0941544 -40.9240417 -20.1697712
vn 14.2402287 -43.3121185 -17.1779785
vn 12.2970543 -22.5628777 -41.3945122
vn 10.9874401 -29.5695095 -37.1312141
vn 8.13948059 -33.5708046 -34.35923
vn 7.22563887 -24.9130669 -41.2424049
vn 3.8478291 -34.4096222 -34.2779694
vn 1.11232412 -24.5804577 -42.0519981
vn 5.06146097 -14.8643084 -46.1220207
vn 12.3809385 -12.2327299 -45.506916
vn 1.82231748 -3.26162338 -48.5782661
vn 11.9598475 -3.52120161 -47.0995789
vn -3.5505836 -13.076623 -46.7995949
vn 9.92795372 -9.87802505 -46.6654778
vn 10.5960684 -19.5352554 -43.3578606
vn 4.98301029 -10.5979652 -47.2933388
vn 8.54336071 -18.8539963 -44.1060638
vn 9.65911865 -2.9431808 -47.663887
vn 2.56501627 -2.2369442 -48.6027145
vn 9.78351688 -25.0726662 -40.6134377
vn 11.4040747 -23.7288666 -40.9962769
vn -0.425395638 18.7283821 44.976368
vn -0.564051628 38.954113 29.2586002
vn 0.233929351 32.7029419 36.1146812
vn -0.950972021 13.1447258 46.9054222
vn -3.21488237 23.5533867 42.5289307
vn -4.53885126 8.1042347 47.8281021
vn -1.20106101 45.5255585 17.3143902
vn -0.727624238 45.7291985 16.7963619
vn 0.302379966 42.407917 23.985075
vn -1.97046375 2.38535309 48.623394
vn -1.78433251 5.00094604 48.4315338
vn -1.85243225 -4.14418221 48.5098
vn -1.65626967 -3.79917765 48.5451317
vn -2.67977333 3.74288511 48.5037766
vn 2.02242827 10.1478052 47.6102791
vn 4.32211685 21.8564262 43.3292389
vn 0.764179707 19.180563 44.780899
vn 6.14706421 22.1469574 42.9596596
vn -1.02205896 -0.994971931 48.7008438
vn -19.8684216 16.3306618 41.3806992
vn 1.34820974 39.3310432 28.723835
vn -3.34902048 43.7131615 21.2544231
vn -1.43497205 33.4136505 35.4298744
vn -9.618536 41.7707634 23.162344
vn -9.63774681 44.3210869 17.7921963
vn -12.3937397 46.7514343 5.87412786
vn -6.86136532 47.6605377 7.42979622
vn -5.04887629 46.1723671 14.7115164
vn 2.23278379 48.3575363 5.51094198
vn 4.87899446 47.0396156 11.7165222
vn -13.23738 45.7582512 -10.235301
vn -9.05933666 46.7024727 -10.517333
vn -3.25627375 47.0970192 12.0446854
vn -4.62432051 44.0739822 20.2461491
vn 4.51939201 47.4558945 10.0657663
vn -4.70367861 41.2178192 25.5494385
vn -7.05008173 42.9949532 21.8068199
vn -8.32954407 40.7979355 25.2973099
vn -5.86015081 43.6428909 20.8509865
vn -9.62845039 47.6859512 2.67391992
vn -9.73114014 46.805809 -9.39830875
vn -5.9279995 48.3386536 1.42827213
vn -9.14237404 47.6222191 -4.72740602
vn 4.92808056 -45.7945328 15.8865242
vn 4.4501667 -40.4677658 26.7649555
vn 8.24064064 -40.0699196 26.4631882
vn 8.74200344 -44.548996 17.6853333
vn 9.64396286 -46.6918755 10.0334215
vn 5.72013998 -47.6333733 8.49403095
vn 5.29702377 -47.931015 6.95458937
vn 4.27789164 -46.5679321 13.6724072
vn 5.47595453 -48.1217003 5.30311584
vn 2.87257624 -47.9539452 8.12246895
vn 3.44821262 -40.7231216 26.5244064
vn -0.275621474 -41.8140297 25.0063572
vn -0.887877822 48.5928917 -3.42778111
vn -0.510024905 48.7095833 -0.960984886
vn 4.22191334 48.5135193 1.55584466
vn 0.0187269151 48.6991234 1.48384476
vn -6.41483402 46.2239189 14.0002203
vn -4.41036892 47.1140556 11.6026392
vn -6.70639563 32.7435341 35.449852
vn -9.80779457 29.3682384 37.6180916
vn 5.20695543 46.6402283 13.0913677
vn 2.30218649 48.5683784 3.10144448
vn -2.52614427 34.0029831 34.8026314
vn -4.07311153 48.5492516 0.4321253
vn -8.45672226 5.98065901 47.6080132
vn -9.40097237 14.7230091 45.4825401
vn -1.12345302 19.3221188 44.7124176
vn 1.32917321 6.05526257 48.3257103
vn 0.719154716 6.85723639 48.2314034
vn -10.0254707 6.37765789 47.2506294
vn -7.8415184 6.29091644 47.6732826
vn -8.54852581 7.64006615 47.35355
vn -7.96970892 13.685853 46.0758972
vn 2.75363231 -19.463129 -44.5803871
vn 3.09738255 -33.8777847 -34.8784866
vn 3.67796183 -32.4734421 -36.1352386
vn 2.62833643 -20.4712906 -44.1341705
vn 3.2820375 -7.61992598 -48.010128
vn 2.34190917 -6.31831169 -48.2535095
vn -2.76666832 -8.47924423 -47.8983803
vn 1.06874752 -21.3972969 -43.7586594
vn 3.45765328 -34.006958 -34.7185555
vn -3.30178547 46.3990402 14.4925556
vn -4.23470926 48.4191628 3.38506246
vn -3.01339841 48.5509186 2.74491954
vn -3.13979173 45.7644615 16.4183693
vn -4.97578907 48.4503746 1.26893175
vn -3.61826634 48.5852089 -0.439271331
vn -3.18977618 41.8036156 24.8211651
vn -2.10534906 41.1476212 26.0047569
vn -4.38124132 43.5949287 21.3094711
vn -3.99490571 44.8438377 18.6246624
vn -9.31017399 41.6614609 23.482975
vn -9.73186302 44.7181396 16.7148304
vn -13.94489 40.6724205 22.9150829
vn -16.9271469 41.4107094 19.2984924
vn -10.5386362 43.3636093 19.5535488
vn -9.62708378 40.631279 25.1042957
vn -15.5797491 45.5378342 7.57523203
vn -20.0949993 44.2669563 3.23025632
vn -18.9796429 43.0939674 12.5096045
vn -17.7911682 45.3235359 1.74876308
vn 23.2671299 -39.2422523 -17.1024284
vn 19.7967072 -43.4345207 -9.7642107
vn 5.03529978 -48.4426498 -1.3275404
vn 11.0593767 -46.7694054 -8.00746155
vn 3.70409179 -47.6105537 9.66034412
vn 9.06836319 -47.8665619 0.603509903
vn 20.2147102 -44.0235786 -5.20547438
vn 0.375206828 -48.6871223 -1.79732394
vn -11.6921997 -44.4897308 16.0549965
vn 14.7941179 -43.3657265 -16.5636673
vn 26.6329021 -35.532402 -20.0485325
vn 17.4324684 -38.7823868 -23.7874393
vn 26.4351425 -33.0723381 -24.1083031
vn 11.8067436 -46.1981506 -10.0069141
vn 38.1144142 -24.7290535 -17.594656
vn 37.6230202 -24.6632023 -18.709404
vn 35.3469353 -30.6060829 -13.6992254
vn 37.4603119 -27.4159698 -14.7951365
vn 36.9045372 -25.8283901 -18.5676174
vn 33.0284691 -33.6214066 -12.3502216
vn 37.6829948 -28.0750771 -12.8681326
vn 36.7967148 -30.7939606 -8.45818806
vn 40.1731873 -24.6703243 -12.3002815
vn 42.8982658 -21.6639404 -8.01369095
vn -5.37139702 14.0833273 -46.3315811
vn -3.36392546 10.5180044 -47.4537888
vn -2.51501942 11.2554369 -47.3370514
vn -5.18217897 17.2181892 -45.2822876
vn 0.806270897 10.642108 -47.5384293
vn -2.84307218 22.156599 -43.2990646
vn 1.10399842 -3.39902377 -48.590477
vn 1.03947282 -2.53414726 -48.6446838
vn -7.13702869 18.1125183 -44.66325
vn -7.10640144 20.0390892 -43.8376656
vn -7.38083458 35.4634743 -32.5833206
vn -10.6703672 38.3514786 -28.0911751
vn -5.30877733 20.6039772 -43.8303528
vn -7.19234943 30.5118484 -37.2975121
vn -7.37518787 21.3236351 -43.1823616
vn -4.55176258 13.1668711 -46.6874962
vn -4.6496973 20.459383 -43.9727249
vn -2.06870675 13.2607889 -46.8367271
vn -14.0276527 37.4518738 -27.8278427
vn -10.1977196 37.5298309 -29.348341
vn -2.87311888 9.03479767 -47.7904205
vn 0.749949694 -3.53196216 -48.5877495
vn -1.59979141 9.17494488 -47.8232994
vn 0.738778472 -3.58157635 -48.5842896
vn 20.7236004 -42.9215889 -10.1032782
vn 5.90010405 -48.091774 -5.11633587
vn 2.07046485 -48.5812531 -3.06297827
vn 21.9625168 -43.1585922 -5.36568689
vn -13.3019924 -46.7697449 -3.07492018
vn -20.5988522 -44.0966339 2.23189473
vn 31.2824383 -36.1004181 -9.59038925
vn 24.6384735 -39.8070984 -13.4962015
vn 41.393837 -23.1638622 -11.1262121
vn 38.0350418 -28.0589714 -11.825264
vn 22.2636356 -39.6379585 -17.5205593
vn 16.3756447 -42.4149208 -17.510561
vn 26.0379715 -39.0891304 -12.9565077
vn 15.7432079 -43.7802429 -14.4654226
vn 36.2814178 -29.9927139 -12.5659313
vn 35.7608948 -31.4445782 -10.3055162
vn 5.27380943 -46.6615295 -12.9882851
vn -6.64198351 -47.4342804 -8.92636013
vn 1.99185622 -46.949337 -12.8685312
vn -6.13868809 -47.376049 -9.5725174
vn -13.5470276 44.4754066 -14.5678825
vn -11.1628609 43.6602173 -18.5197983
vn -8.50433826 46.0380898 -13.4899025
vn -10.2086544 45.7106209 -13.4212265
vn -3.25076532 37.8500443 -30.5059528
vn -6.89456511 40.8941994 -25.5721817
vn -10.3815289 45.0289421 -15.4410086
vn -13.323101 44.7006302 -14.0767746
vn -12.6079483 45.9715538 -10.0728655
vn -14.0798712 44.1722336 -14.9792442
vn -11.655591 46.9343338 -5.92640543
vn -9.72008038 44.2714233 -17.8708725
vn -11.7807293 41.1039696 -23.3556271
vn -5.12391901 31.4161034 -36.8860474
vn -7.58106089 40.9327698 -25.3148766
vn 4.71279621 -26.9023247 40.3467674
vn 1.7001487 -10.1273403 47.6272354
vn -1.76653874 -7.05225229 48.1762581
vn -0.695023179 -25.2558765 41.6589088
vn -0.623288453 -37.6484146 30.9194946
vn 1.92755616 -33.891983 34.9488831
vn -2.84116077 -34.9667854 33.8091545
vn -1.55850697 -33.1009636 35.7169991
vn -2.22518682 -30.1287956 38.2244835
vn 0.322953641 -26.8621826 40.6463509
vn -25.0765343 -31.1833248 27.7952251
vn -29.3139858 -25.7345047 29.1930199
vn -2.23123169 -35.0736542 33.7441444
vn -1.27525473 -14.3762665 46.5349731
vn -31.0928211 -10.1631222 36.1075363
vn 6.84795666 28.1247864 -39.19067
vn 10.0732107 11.0138369 -46.3792267
vn -0.641759574 8.09203148 -48.0407524
vn -3.1540978 26.6545296 -40.661953
vn -5.30780983 35.5979118 -32.8393593
vn 3.55792141 32.6365891 -36.0000153
vn 1.78474307 26.4454384 -40.8810463
vn 4.57240295 26.9431229 -40.3356895
vn 8.47620106 11.0997238 -46.6771584
vn -3.78737092 -48.4398117 3.61211371
vn -2.58565331 -44.3466721 20.0123367
vn -3.73155332 -43.3490295 21.9258823
vn -2.32950139 -48.592617 2.67172551
vn -1.91548479 -48.4946289 4.29053116
vn -4.21174908 -48.4321556 3.22401261
vn 6.10230637 -48.2927399 -2.09292841
vn 3.48717022 -48.3387718 5.0010128
vn 1.48018289 -45.58078 17.1466599
vn 11.2919464 -28.1377773 38.1387482
vn 8.17248154 -13.1375446 46.1998138
vn 22.3536091 0.654741228 43.28619
vn 31.8825665 -18.5951595 31.8045368
vn 34.2998543 19.7688847 28.3992634
vn 45.5528259 0.122060545 17.2838631
vn 2.21495271 1.11853158 48.6585007
vn 8.89359474 13.1674261 46.0578918
vn 19.3549995 31.0886421 32.1354523
vn 31.9827309 -33.2550812 15.6528425
vn 10.8569412 -40.5950928 24.6571007
vn 28.8150539 -39.1885223 2.78556228
vn 8.16497517 -46.2905006 12.8191099
vn 46.265728 -14.965497 3.05343747
vn 3.66738057 -38.5504265 29.5672417
vn 2.7064116 -27.7083092 39.9841461
vn 2.82775426 -36.4132118 32.2473068
vn 1.47086787 -26.3257179 40.970726
vn 4.21826982 -45.4833412 16.9493027
vn 4.00964642 -44.5775642 19.2501984
vn 1.15285349 -14.9357252 46.3616447
vn -0.780643702 -1.54796875 48.6908722
vn -0.183684245 -13.2358284 46.88908
vn -1.30619001 -0.478457898 48.7018661
vn -12.5082836 42.8304558 -19.5678749
vn -10.7983723 39.5179863 -26.3729115
vn -11.0718699 41.145607 -23.6275196
vn -13.708189 42.6732216 -19.1020565
vn -13.1469622 42.0248604 -20.8536682
vn -13.6948853 42.7863007 -18.8570652
vn -5.09818935 32.7558403 -35.7053185
vn -7.77902508 36.0460434 -31.8430023
vn -14.4583788 45.7050591 -8.70689583
vn -11.3980455 47.1355209 -4.70468378
vn -12.3258047 47.118084 1.32962
vn -9.64565182 47.6253014 3.54948211
vn -14.9556465 45.4958725 -8.95887947
vn -11.0619373 47.4474106 -0.428556055
vn -12.4867172 43.4321098 -18.208252
vn -6.65121937 48.2500153 1.2264756
vn -6.43861771 43.9510841 -20.0163288
vn -9.47848606 47.6259918 3.96614408
vn -3.9183073 47.9670906 7.59022713
vn -8.20596027 36.6735916 -31.0083351
vn -0.877122581 26.9406662 -40.5861816
vn -4.84874725 33.9771538 -34.5810585
vn -2.84966302 18.3835373 -45.0303459
vn 7.74557686 -47.6640053 -6.47731352
vn 6.79052353 -48.0780716 -4.02422762
vn 8.85015965 -47.708168 -4.4058938
vn 7.96515322 -47.6539536 -6.28201914
vn 29.3349094 -36.901001 -12.3120337
vn 24.0833263 -39.9044952 -14.1926632
vn 5.61686611 -48.3352165 -2.4422884
vn 11.0108414 -47.1285248 -5.60979795
vn 7.73831749 -47.2752304 -8.88695526
vn 7.26549339 -47.4171867 -8.52231693
vn 7.60443974 -46.5352249 -12.2659082
vn 5.99686813 -46.6641464 -12.6610422
vn 18.2958412 -42.6399994 -14.8626909
vn 14.1106291 -44.1020317 -15.1561117
vn -1.43227875 -48.3880234 -5.50952196
vn 0.496216267 -48.4861984 -4.75908899
vn -2.90769577 -48.3843346 -4.93036652
vn -3.22818255 -48.5177727 -3.0677855
vn -3.06954479 -46.813015 -13.1501684
vn -2.80615306 -45.5746193 -16.9966698
vn 1.99796081 -48.4849586 -4.36163425
vn 3.10605597 -48.595047 -1.63717926
vn -2.68242097 -48.5715714 -2.72282815
vn -1.15171337 -48.6944962 1.15168834
vn 3.44885707 -35.2910919 -33.4133301
vn 4.77155495 -42.8755913 -22.6433811
vn 7.41397619 -43.8368988 -19.9290409
vn 6.75921631 -36.5078735 -31.5482922
vn 11.8440447 -43.2636642 -19.0205383
vn 9.90317059 -37.3636627 -29.6595783
vn 4.0702424 -22.1389713 -43.210022
vn 0.925256014 -22.7834949 -43.0565147
vn 0.0931028724 -4.15673304 -48.5439987
vn -2.30633545 -5.06667805 -48.4026527
vn 5.55317783 -21.6823978 -43.2763519
vn -2.81753707 -22.1227512 -43.3180351
vn -2.50200653 -33.6103516 -35.1836815
vn -2.37182617 -19.3799858 -44.6385155
vn -2.2861557 -30.0330582 -38.2961578
vn -4.41567183 -5.6984477 -48.1854324
vn -3.52795982 -5.49561739 -48.2820702
vn -3.22367024 -41.099308 -25.9665508
vn -2.66138339 -38.0248947 -30.3451996
vn -2.1128664 19.0755978 44.7824097
vn -4.36338329 37.7625999 30.4754658
vn -4.85548496 33.6223831 34.9251556
vn -1.78412485 19.6703854 44.5387459
vn -7.59030581 29.1235504 38.3146591
vn -2.96638775 32.4385605 36.2318535
vn -13.6592731 34.6320953 31.4300613
vn -1.3705641 38.5292397 29.7897034
vn 10.5211811 28.1602402 38.3420525
vn 5.66002893 19.3464832 44.3563347
vn 11.1799984 20.7826118 42.6250839
vn 6.79787588 15.1368799 45.809063
vn 11.3273973 38.9037666 27.0553818
vn -3.77292848 36.8559914 31.6418705
vn -1.60237145 31.8871613 36.8028297
vn 13.8424759 -28.1707687 -37.2639313
vn 20.8085346 -30.2076931 -32.0672264
vn 17.1467667 -25.2811241 -37.9560318
vn 12.1766186 -21.748394 -41.8634033
vn 25.2616425 -28.9071274 -30.0005722
vn 20.4375343 -28.2091255 -34.0640488
vn 6.00946236 -13.558486 -46.4096985
vn 6.28421783 -17.4046345 -45.0709839
vn 5.95702219 -20.2771854 -43.899395
vn 13.2039127 -34.3378754 -31.9432907
vn 19.7010746 -37.4883118 -24.0894356
vn 25.2067547 -34.6328163 -23.2162552
vn 25.1934566 -30.199522 -28.7590942
vn 24.9928131 -32.1522179 -26.7469769
vn 20.8523445 -36.1900406 -25.0852165
vn 22.5647297 -33.9579735 -26.6738834
vn 22.336525 -31.5855675 -29.6182079
vn 26.4083424 -28.7900085 -29.1125717
vn 29.4190083 -29.9259377 -24.7541275
vn 32.3436432 -26.1152954 -25.4103756
vn 34.7360649 -25.8152828 -22.3781986
vn -7.85770273 44.0442047 -19.2917461
vn -9.37090206 42.7604179 -21.3901749
vn -4.65266848 42.182373 -23.9333916
vn -3.33770704 44.3711891 -19.8460007
vn -3.53450298 48.2517891 -5.75142145
vn -6.80588675 47.9758072 -5.08023167
vn -19.4410038 44.25951 -6.07866907
vn -16.7627716 41.6861 -18.8437119
vn -16.2541046 41.4560432 -19.7739048
vn 9.07137299 -24.8593731 -40.9087868
vn 9.42194462 -33.4937973 -34.1057129
vn 3.86184359 -35.4127769 -33.2389603
vn 3.86639786 -26.7715034 -40.5233841
vn 8.72128391 -41.1649818 -24.5599289
vn 3.06889224 -43.6860657 -21.3522015
vn 3.31005311 -16.695713 -45.6519814
vn 8.57896328 -14.05474 -45.854908
vn 1.81682014 -4.69273615 -48.4611664
vn 7.78672934 -3.21410131 -47.9879494
vn 12.7108393 -10.6469488 -45.8135796
vn 12.3667021 -24.1460247 -40.4702492
vn 31.7752895 -4.43217278 -36.6673393
vn 29.748457 -19.9332867 -33.0378609
vn 13.0103846 -0.00404473068 -46.9524956
vn 31.52771 5.97505951 -36.6620903
vn 12.6910801 -34.206955 -32.2897415
vn 14.2272148 -39.795517 -24.242733
vn 23.6274757 -34.2655792 -25.3262558
vn 18.8546467 -40.1615067 -20.1336155
vn -1.412992 18.3329601 45.1188774
vn -1.96872973 22.5135975 43.1632843
vn -3.69798779 21.6068096 43.5118103
vn -2.79279804 19.4008694 44.6050797
vn -0.489905924 18.594202 45.0313492
vn -4.27334738 18.7405586 44.769825
vn -1.40613496 27.9123001 39.9090652
vn -2.46129799 24.8804264 41.8176193
vn 1.98551536 28.5594749 39.4236069
vn -0.922206223 9.8956871 47.6973
vn 0.170349076 10.3543797 47.608448
vn -0.0330094956 1.11275935 48.7090073
vn 1.23960924 1.98115575 48.6656494
vn -3.22115135 10.1600666 47.5416069
vn 6.60270452 11.516614 46.8783417
vn 4.33830547 18.3528976 44.9239044
vn 28.5785961 14.5722647 36.6704216
vn 25.2077847 20.2500267 36.446003
vn 8.20783997 3.51468778 47.8966141
vn 30.8039093 7.61855698 36.9713898
vn 2.80663657 24.9584198 41.7493362
vn 4.48068714 30.788002 37.4943848
vn 18.8471794 27.7378616 35.3440514
vn 10.2730665 33.1527672 34.193058
vn 1.84490263 46.2652435 15.1634398
vn 2.48202682 48.202816 6.64339733
vn -0.266241342 48.159626 7.37469006
vn -2.1282599 45.7540131 16.6086617
vn -1.12793827 48.1114731 7.60402489
vn -2.32415676 44.8304482 18.9376926
vn 3.97599196 47.8275566 8.39780807
vn 0.693390906 47.5339928 10.6698494
vn -2.33127856 37.2498093 31.3181095
vn -0.0959945023 37.6590538 30.9126759
vn -2.06333685 39.8973007 27.8882561
vn 7.39370251 39.7236824 27.2244244
vn 8.2482338 46.1229134 13.3585463
vn 19.0060577 38.0339851 23.7906151
vn 22.2833881 41.6070061 12.0877924
vn 7.95446253 47.5990334 6.69816542
vn 10.3177681 47.4621925 3.83288479
vn 23.0199738 42.555275 5.73901844
vn 24.9416733 41.8534966 -0.0664322674
vn 2.97547364 -48.5117111 3.40099669
vn 6.28319693 -47.2488708 10.0932245
vn 4.81504965 -48.2071724 5.16629601
vn 3.35673308 -48.5912018 1.19775343
vn 4.93036175 -48.4181747 2.2756846
vn 3.42206025 -48.5952301 -0.774933219
vn 8.15266037 -42.5044518 22.3766079
vn 5.41712046 -43.4987183 21.2678852
vn 3.34009051 -48.3021088 5.43663597
vn 2.39727879 -48.5147705 3.79166698
vn 3.29214215 -48.5090752 3.13662004
vn 3.35808134 -48.482708 3.45791459
vn 0.760360777 -48.4263687 5.30244827
vn 10.1252956 -47.5469208 3.25198865
vn 11.3924646 -46.9518127 6.28858852
vn 25.8724155 -41.1886101 2.81487536
vn 24.1906357 -41.8694229 5.96420383
vn 10.3955803 -47.5416298 2.35205913
vn 26.7424335 -40.7178612 0.83942014
vn 12.5012636 -45.055912 13.6926994
vn 11.4063158 -42.4172363 21.0827122
vn 20.094223 -42.8308334 11.6425571
vn 14.5301094 -43.0772209 17.5224361
vn -2.23503327 17.2115898 -45.5255165
vn -4.57311392 10.6308861 -47.3273468
vn -2.06681561 10.4141436 -47.5508194
vn -2.07374597 13.8436089 -46.6675606
vn -3.57607532 20.3693733 -44.1147079
vn 0.5861305 19.1428795 -44.7997017
vn 1.82229722 22.3089466 -43.2758293
vn -3.4225471 24.2607441 -42.1130562
vn -4.24931145 24.2646694 -42.0354118
vn -6.06908321 27.9647503 -39.4328003
vn -5.93478012 10.4219074 -47.2225456
vn -5.0684185 10.87356 -47.2216454
vn 8.49414253 -47.8862457 -2.92642975
vn 7.88926888 -48.0787125 -0.0591284595
vn 24.1572628 -41.8436394 -6.27243662
vn 19.7455196 -43.8055801 -8.06177521
vn 14.972002 -45.8076668 -7.16265774
vn 6.84668207 -48.2382545 -0.0207443386
vn 4.35856724 -48.4258804 3.12155747
vn 5.92316532 -48.2801132 -2.78450561
vn 5.74947357 -48.3722801 0.934446454
vn -8.9397192 44.764286 17.030777
vn -9.69880295 46.8738747 9.08734512
vn -11.8081989 45.8618088 11.4484749
vn -14.3477821 42.8134842 18.3017464
vn -14.6560144 39.0535851 25.1758919
vn -7.49366236 40.9919968 25.2449627
vn -10.4884281 35.4207954 31.7673817
vn -6.96587372 34.1369705 34.0580482
vn -6.25072241 41.0195312 25.5369015
vn -8.40217113 43.6887321 19.862154
vn -2.84555626 33.5449715 35.2199478
vn -9.68476486 47.1145935 7.76061678
vn 1.34127009 11.5718861 47.3085594
vn -2.80610156 21.5507755 43.6061554
vn -4.13813066 25.4474926 41.3413544
vn 0.0407871716 12.3041649 47.1424713
vn 2.42484736 12.3625774 47.0647812
vn -0.098809123 9.40235233 47.8057823
vn -2.17508459 10.6997414 47.4825439
vn 0.548811436 15.3973913 46.2214851
vn 2.61493468 16.5168247 45.7620354
vn 48.3955536 -5.4215827 -1.51125181
vn 48.533886 4.13971806 -1.06387377
vn 48.5625305 3.93294024 -0.139679253
vn 48.5242271 -4.37743711 -0.210891604
vn 48.5732002 3.80147409 -0.00158077618
vn 48.5346832 -4.26517916 0.00540452963
vn 47.8287964 9.18495274 -1.36007333
vn 47.920536 8.79279423 -0.340189517
vn 47.9446297 8.66716385 -0.00139172655
vn 41.9807739 -24.7027931 -1.09238374
vn 40.8386955 -26.3433113 -3.46955085
vn 27.2050591 -40.3816643 -1.7358098
vn 26.2822399 -40.6555367 -5.49342966
vn 42.0838737 -24.5506287 0.145045757
vn 36.5107956 -30.0825195 -11.6537819
vn 45.7437172 -10.9283705 -12.7235909
vn 23.1902809 -41.0823746 -12.1760693
vn 47.0017242 2.18963289 -12.6431961
vn 46.1214867 9.39494705 -12.5837383
vn 46.2451324 15.0470009 2.9634757
vn 41.3913574 24.7525005 6.91924953
vn 36.1116943 27.0046329 18.4527054
vn 42.7430992 18.1272755 14.772809
vn 44.8145676 14.0782213 12.9331217
vn 47.0794373 12.4033728 1.86808228
vn 46.158371 9.6605711 12.2427702
vn 47.8273544 9.19664669 1.33151209
vn 47.2270355 11.960103 0.607786775
vn 46.6142731 14.1349421 1.05832374
vn 47.2627869 11.8336754 0.00173815701
vn 46.7164383 13.8338203 0.0809569955
vn 47.9186325 8.80345345 0.332300752
vn 42.5710144 23.5582504 2.55425477
vn 42.302475 24.1624889 -0.694105446
vn 48.4120293 -5.29752302 1.4206562
vn 48.530529 4.18872929 1.02427769
vn 47.1066818 2.43805742 12.1993027
vn 45.9161797 -10.7158384 12.2752733
vn 31.9219627 -3.75212884 36.615799
vn 29.8665733 -20.4772873 32.5956306
vn 35.9180794 -31.0483494 10.9406614
vn 40.3237762 -27.1265202 3.45718598
vn 22.1367798 -36.3734932 23.6799316
vn 41.7162552 -25.1308517 1.41470897
vn 48.5287514 -4.32700062 0.210313797
vn 48.5613785 3.94736242 0.133325249
vn 46.391346 14.6042843 -2.89219069
vn 38.2143631 29.0681038 -8.2773304
vn 40.8791924 26.1976414 -4.04750252
vn 46.6969872 13.8698626 -0.908306181
vn 26.7674522 38.5341873 -13.1311378
vn 27.3075047 39.9813538 -5.44043541
vn 47.2280083 11.9559679 -0.614073515
vn 47.0766525 12.4079905 -1.90719724
vn 44.8173904 13.9705381 -13.0396309
vn 42.9799957 17.6515942 -14.6611032
vn 29.8368797 13.708869 -35.9949226
vn 25.2720165 21.3815022 -35.7486191
vn 31.9561176 31.6356068 -18.7563858
vn 19.5006237 37.4738922 -24.2742596
vn 15.5353727 31.4451656 -33.8180504
vn 7.98887825 36.1327057 -31.6924648
vn 4.17634678 -48.4191093 -3.45757675
vn 3.54999709 -48.5863571 -0.755176306
vn 2.16135263 -48.6489105 -1.55534518
vn 1.37351441 -48.6234016 -2.77218652
vn 1.7955116 -48.1193886 -7.42345667
vn 6.4530549 -47.0503616 -10.8824711
vn 14.7036419 -44.4148293 -13.5990086
vn 13.1779184 -46.5770035 -5.54364014
vn 11.6802483 -47.2848434 -1.23368049
vn 3.65981054 44.3241997 -19.8941784
vn 3.61174607 37.1202278 -31.3504505
vn 0.182022512 35.6331558 -33.2272797
vn 3.71154094 43.6780663 -21.2663574
vn 3.25831985 23.6002598 -42.4996223
vn -3.419945 19.1156731 -44.6844749
vn 2.85088372 48.5286789 -3.26289153
vn 5.100667 48.1964912 -4.98881102
vn 13.772871 46.5428352 -4.22842216
vn 13.9130802 43.4498558 -17.0980396
vn 13.3381643 35.3831367 -30.7235126
vn 8.09121418 29.0283089 -38.28442
vn 4.70888233 -25.7222652 41.1095886
vn 2.73070502 -10.7595339 47.4403076
vn 1.33552766 -11.5400801 47.3164825
vn 3.18484211 -25.4348812 41.433445
vn 4.5580039 -35.1281509 33.4521255
vn 6.84845257 -35.6186028 32.5303078
vn 9.82411385 -37.4426956 29.5861111
vn 9.81281376 -25.537384 40.3157234
vn 9.48880291 -9.12046528 46.9104042
vn -0.438188672 26.0457783 -41.1731987
vn 4.8012991 10.6827993 -47.2930412
vn -0.895869911 11.2131004 -47.4053841
vn -4.33747482 27.7382851 -39.8193512
vn -5.27518511 23.7336807 -42.2219353
vn -0.822816133 25.3940678 -41.5724831
vn 2.18287945 29.0359612 -39.0634727
vn 5.76053524 23.0232849 -42.5505714
vn 11.4598866 10.7650404 -46.1149788
vn 8.75619221 -2.08019972 -47.8832817
vn 6.43547487 -3.35933471 -48.1778603
vn 7.62993908 -6.93561506 -47.6181526
vn 7.41693115 -6.35822773 -47.7322655
vn 0 -5.81433249 -48.3735504
vn -1.43198463e-06 -11.7567511 -47.2819786
vn 15.5950069 -10.3221664 -44.9895058
vn 14.6938877 0.545032263 -46.4499664
vn 23.2072067 -9.06412601 -41.8697243
vn 19.837656 4.78026056 -44.2427788
vn 11.8652287 5.10319901 -46.9785118
vn 8.76162243 0.753281951 -47.9215317
vn 10.7032871 2.34145069 -47.4738235
vn 7.72317982 0.59290272 -48.1020584
vn 18.6384106 6.03470469 -44.6094017
vn 20.3545647 0.0832636133 -44.2661476
vn 5.80271626 -2.757164 -48.2963066
vn 9.22101663e-06 -5.08293867 -48.4558601
vn 4.3783021 -4.70211172 -48.2962494
vn 3.53982523e-06 -7.52254295 -48.1374931
vn 43.4797554 -12.3207922 -18.2075768
vn 35.5086212 -0.323312879 -33.3592644
vn 35.233593 -6.87471819 -32.941452
vn 42.612545 -11.204175 -20.7952976
vn 42.7658997 -20.0254192 -11.9944887
vn 42.9440193 -21.2401161 -8.85863876
vn 39.6135178 -28.1354733 -3.60152221
vn 39.314373 -28.7594452 -1.0397824
vn 43.8699722 -20.428587 -5.64843464
vn 45.2313461 -9.52937889 -15.3988123
vn 46.0192795 -15.6082287 -3.5236547
vn 46.4136734 -4.02314806 -14.2615604
vn 37.7227478 -30.7660465 2.06199193
vn 27.1708641 -39.2768745 9.63735199
vn 37.7854004 -1.68599808 -30.7120171
vn 39.2446785 -2.59561777 -28.7563
vn 12.3059359 -30.0915699 36.2886772
vn 1.75366724 2.49334002 48.6262779
vn -16.4797592 -3.5057447 45.7157974
vn -13.6067142 -33.4817467 32.6747131
vn -28.3901196 -8.9978838 38.559639
vn -28.2898846 -30.1027527 25.8324127
vn -4.59060049 19.358326 44.4745789
vn -12.0957756 15.3055649 44.6457024
vn -19.5622253 4.43581295 44.4010124
vn -4.21383381 -48.447464 2.98224235
vn 16.9329567 -45.5586395 3.39000225
vn -16.3521347 -45.7684135 3.41565943
vn 32.1934547 -36.5610275 0.824428022
vn 32.6684189 -19.9713287 30.1285191
vn 42.0264778 -24.4788857 -2.89241982
vn 44.7153206 -7.33480978 17.9038429
vn 17.2925129 8.60509205 44.7295036
vn 5.99309254 21.2496815 43.4320221
vn 30.4908257 14.6501293 35.0640869
vn 17.3341713 22.5088501 39.5813713
vn 47.9430847 6.83408451 5.34440327
vn 47.5095673 -9.68258667 -4.78490829
vn 47.9707336 -7.71957111 -3.60883427
vn 47.493824 7.75682354 7.61414099
vn 38.4067421 24.2725964 17.5946064
vn 38.8651733 22.5352364 18.8538628
vn 24.7857571 33.8500519 24.7719021
vn 22.9878769 29.8594551 30.8832798
vn 36.4944305 20.1434803 25.2230759
vn 47.9780312 2.01283932 8.23797894
vn 19.3950806 27.3364067 35.3604126
vn 46.0697365 -15.0452757 -5.00259161
vn -3.79175973 24.8834553 41.7162209
vn 6.88899088 29.4915066 38.1654243
vn 10.2120266 34.7269669 32.6122551
vn -1.0605886 30.8229027 37.7177773
vn -7.44360781 30.7178555 37.0784683
vn 0.331893235 25.6566811 41.4177666
vn -26.0695915 23.1335354 34.044426
vn -12.4057789 15.4072819 44.525486
vn -2.15491414 22.0285664 43.4039803
vn -6.35715437 23.1132412 42.4166451
vn -10.9162455 6.24917555 47.0700607
vn 4.57810545 26.1482849 40.8548012
vn -39.0854912 -25.8158512 13.4042311
vn -35.9237328 -14.21486 29.6855259
vn -42.7730026 -6.76872349 22.3262501
vn -41.616436 -22.5445747 11.559473
vn -35.8389587 -31.8090401 8.80687428
vn -30.4115429 -37.9021835 3.51703763
vn -22.6900768 -43.102211 1.08032334
vn -34.9837189 -27.5117569 19.8254757
vn -31.9070911 -15.1439924 33.5619392
vn 35.3644676 -33.0985413 5.25815964
vn 35.6676788 -33.0536308 3.01355553
vn 37.3568497 -31.0876694 3.43932652
vn 37.7078285 -29.8815937 7.68225718
vn 33.0307999 -33.9076271 11.5345736
vn 30.036375 -37.5060387 8.05730343
vn 23.5350132 -39.6647301 15.7041044
vn 19.8576336 -43.3629494 9.95671654
vn 31.1741467 -37.0681152 5.28530455
vn 18.272398 -44.4751778 7.86668205
vn 42.6423492 -13.7099257 -19.1696281
vn 37.1646385 -15.366889 -27.5037346
vn 38.5143356 -6.12326145 -29.2054539
vn 45.4911079 -6.36728191 -16.2426453
vn 24.4657707 -15.4678268 -39.1915665
vn 22.3597965 -6.10016251 -42.8559761
vn 44.7201805 -18.9457626 -3.86909986
vn 40.2552757 -26.4577904 -7.30100393
vn 26.9119949 -39.0688362 11.098546
vn 22.9715462 -41.5810738 10.8226414
vn 35.5076599 -28.4324684 -17.4530258
vn 26.7669525 -27.6712513 -29.8603287
vn 25.4924221 -41.0134773 6.46823454
vn 23.7190056 -42.0364647 -6.64464712
vn 1.61352634 -11.6929283 -47.2702751
vn -0.904144704 -13.4748192 -46.8125916
vn 1.81688666 -8.94267654 -47.8595276
vn 4.89144373 -4.84397984 -48.2329407
vn 0 -14.5642891 -46.4939575
vn -4.99301814e-06 -12.0604801 -47.2054176
vn 10.8315592 -3.83807397 -47.3471603
vn 11.4106617 -12.8233175 -45.5978737
vn 11.6832104 -25.6872425 -39.7174416
vn -1.04735482 -20.9517975 -43.9742203
vn 10.7632236 -41.8649788 -22.4785118
vn -2.46617675 -34.6208038 -34.1924667
vn -2.48013496 -18.3346252 -45.0721321
vn 1.04195794e-06 -17.9189625 -45.3069267
vn -5.34337425 -30.6761475 -37.4730415
vn 2.36527194e-06 -30.3120708 -38.1442642
vn 2.87452936 -45.4625359 17.28298
vn 7.42178965 -46.1439819 13.7643347
vn 9.50670147 -45.6179543 14.2278557
vn -7.22717905 -42.6668129 22.3856621
vn -18.1599121 -38.5184593 23.6717663
vn 3.4259367 -44.3858299 19.7981815
vn 10.110158 -40.8667183 24.5255585
vn 16.5630512 -41.4762573 19.4728489
vn 2.4077282 -44.1225319 20.5234451
vn -2.99852681 -45.7522392 16.4787083
vn -23.2761345 -23.7153797 35.6315727
vn -25.7507648 -33.3132858 24.5138702
vn -11.8206863 -19.5270348 43.0438461
vn -6.92020655 -21.1252232 43.354847
vn 3.15282035 -48.0858727 7.18441868
vn -2.54357839 -48.2099457 6.5679841
vn 7.50863266 -46.4027367 12.8145885
vn -1.20393646 -44.968029 -18.7145481
vn -9.02115154 -41.7220421 -23.4882259
vn 5.39904931e-06 -42.8231697 -23.2375355
vn 12.3750782 -47.1229553 -0.302579582
vn -6.99699879 3.46922898 48.0917168
vn -6.1963954 6.70558071 47.8586121
vn -1.71615684 2.6789341 48.6177444
vn -2.83518481 4.3164835 48.447258
vn -4.03007555 8.59464931 47.7880478
vn -6.93574524 -10.9881325 46.9570351
vn 1.99647141 -17.9794846 45.2389107
vn 4.4900794 -0.495101154 48.5118675
vn 4.2662487 -24.0143318 42.1772156
vn 10.4508886 -7.30679417 47.0233612
vn -17.8704319 5.44061613 44.9983826
vn -15.0797081 7.85250998 45.6590309
vn -37.7670975 10.1842155 29.0471172
vn -32.1848793 13.3068428 34.0715179
vn -15.1548691 10.3679028 45.1291847
vn -16.1641579 -3.83054996 45.80233
vn -30.0856819 13.7926455 35.7550163
vn -24.566433 9.43825245 41.0026436
vn -5.21553278 14.1341372 46.3339081
vn -20.9945602 13.9441013 41.6964874
vn -3.96726751 32.7648888 35.8403435
vn -20.7174377 30.0887661 32.2375717
vn -39.5185852 11.8382053 25.9219017
vn -36.3781929 19.9246426 25.5625248
vn -1.46421969 15.0622683 46.3118896
vn -0.939060867 32.4071846 36.3689384
vn -42.3700638 23.8949871 2.75945258
vn -40.4549789 26.8582973 -3.97912478
vn -28.344759 39.6277008 0.163934812
vn -25.9804592 40.8474998 5.5049243
vn -42.6522789 22.1035652 -8.12541389
vn -32.0762711 34.00214 -13.7394972
vn -27.1622429 39.8651276 -6.8403964
vn -40.3651924 27.0958233 -3.20546079
vn -17.4072914 45.4576607 2.09628749
vn -10.8936596 47.374485 3.285285
vn -21.5082932 43.7135353 -0.571863949
vn -37.7469711 30.7903709 0.962566376
vn -46.0784569 13.2204895 -8.70641041
vn -43.5941772 17.2527065 -13.2551498
vn -36.8711891 9.59163189 -30.3697701
vn -34.3584023 9.99958992 -33.0653229
vn -42.7352562 17.0728989 -16.0006466
vn -32.83395 29.3257256 -20.8744011
vn -31.9041767 9.2046423 -35.6539574
vn -19.6755085 19.5676193 -40.0473404
vn -48.2691689 6.62427902 0.114132978
vn -46.9865837 8.22078419 -9.92403126
vn -42.1851997 22.6133518 -9.10231876
vn -38.2010078 24.8951721 -17.1674232
vn -37.2180557 12.2823534 -28.9442043
vn -33.3145828 25.0488224 -25.2289886
vn -46.7792816 12.842 4.53752089
vn -43.2364197 22.3215923 2.48306036
vn -44.0856667 20.7396851 -0.355298311
vn -44.4573479 19.9275093 -0.49539414
vn 12.4596977 47.069706 -1.73363972
vn 19.1786747 44.7526932 -1.7837677
vn -7.85366392 48.0603065 -1.52781403
vn -10.8154964 46.7431984 8.47967815
vn 18.1304111 45.1457939 2.63664865
vn -9.15922832 47.8530235 -0.0589922108
vn -43.0679512 22.7575493 -1.0259527
vn -40.5442123 25.4411736 9.0951004
vn 2.05001926 47.8114586 -9.14708138
vn 2.2236104 48.6485596 -1.47662926
vn -0.0286334176 48.337574 6.10613871
vn 0.604500651 46.5421638 14.3968344
vn -0.0842905343 47.9155693 8.82597351
vn -16.8873425 40.2368927 21.6706505
vn -37.3523407 23.0987568 21.0963707
vn -9.5340023 -4.33757353 -47.5825081
vn -6.01276445 0.483080506 -48.3468781
vn -7.75394964 -2.10053706 -48.0548782
vn -13.6799164 -2.67912364 -46.6849937
vn -0.645585477 0.639714718 -48.7132492
vn -1.04632914 -3.83434176 -48.5593452
vn -6.35992813 -2.54383039 -48.2378197
vn -14.2324705 -0.0580525994 -46.5965652
vn -1.28718603 -3.84295678 -48.5528755
vn -5.20404911 -6.33870649 -48.0265083
vn -6.3693223 -5.32783937 -48.0088844
vn -5.03632259 -8.56191254 -47.6983833
vn -11.571888 -14.7521935 -44.9696655
vn -7.40005589 -8.68066025 -47.36763
vn -19.7806644 -22.2671471 -38.5578346
vn -18.109129 -8.74267387 -44.3782806
vn -14.5805683 -10.3850393 -45.3140678
vn -10.4623842 -9.92690086 -46.5381775
vn -18.9813652 -2.91371679 -44.7775078
vn -17.9907303 1.31964207 -45.259243
vn -5.93990755 8.71479797 -47.5665512
vn -10.8882914 6.33149719 -47.0655327
vn -17.9908504 3.88280153 -45.1116409
vn -17.4966469 7.90774012 -44.7788124
vn -15.8070126 -0.478200346 -46.0838013
vn -17.6036053 3.34602547 -45.3069954
vn -12.3652525 5.0467 -46.8555069
vn -16.6028519 -0.69875294 -45.8002625
vn -3.63067365 10.4808378 -47.4423523
vn -7.65838385 12.882616 -46.3594017
vn -12.8163929 6.59299612 -46.541153
vn -16.8987141 7.42538691 -45.0899544
vn -5.50286913 12.9106884 -46.6566124
vn -3.02128196 12.2374239 -47.0629845
vn -8.53309441 32.6674232 -35.1259499
vn -2.8165617 32.8584747 -35.8635483
vn -17.4994926 13.5034866 -43.4192429
vn -19.6897888 31.7017612 -31.3227978
vn 34.0372238 -3.24583554 34.7093506
vn 21.4306526 -1.18206215 43.739418
vn 24.1035137 -0.237944305 42.3411255
vn 37.2001839 -1.37350821 31.433527
vn 18.0115032 -1.5774287 45.2427292
vn 20.1728191 0.196570858 44.3489075
vn 30.4417992 -1.82666254 37.9969368
vn 36.6196098 -7.01080513 31.3633461
vn 27.3530521 1.18830216 40.3014336
vn 33.8954201 -8.28860855 34.0030365
vn 17.5676842 -7.23293352 44.8649979
vn 28.4220047 -14.732626 36.7280045
vn 12.0568886 -12.1148596 45.625309
vn 17.9057617 -5.3382864 44.9965897
vn 12.7973232 -12.4822969 45.3235893
vn 44.2189178 -6.30192471 19.462265
vn 42.3550911 -10.3444157 21.7450256
vn 37.0489578 -7.98015404 30.618597
vn 32.050457 -15.5189905 33.2526093
vn 37.4247322 -18.1157837 25.3971405
vn 25.4151974 -24.9638977 33.2366982
vn 45.2391777 -3.92436552 17.6585159
vn 44.0264664 -9.07508659 18.7914867
vn 38.5554047 -2.98782086 29.6371498
vn 37.6453247 -1.91877556 30.8699684
vn 2.45694208 48.5903435 -2.59786701
vn -6.88922691 45.0172997 -17.3143997
vn -19.2319107 40.1179314 -19.8618202
vn -16.4489193 44.542572 -10.9178362
vn -1.47737086 48.5927277 3.22036958
vn -1.8571018 46.432724 -14.6410389
vn 12.4083328 46.7119598 6.15084267
vn -1.49511063 47.6191788 10.1973133
vn -12.4064131 47.1063919 0.935813308
vn -39.2157745 28.4837494 -4.96047354
vn -38.1551552 30.2822056 0.989646316
vn -42.1996117 21.3181648 11.770092
vn -45.6730537 15.6189022 6.62035465
vn -42.6491814 23.1245079 4.48455811
vn -33.8693352 34.1906013 7.59456778
vn -36.4035683 26.4382305 18.6977844
vn -42.0315132 19.8184357 14.642004
vn -20.5288277 44.0961609 -2.81121016
vn -26.2190018 41.0314255 1.67128348
vn -39.0181808 28.7600403 4.92428827
vn -26.1938992 39.5460396 11.1264296
vn -48.4081955 5.48094225 -0.642150939
vn -44.3222198 19.8697872 -3.81306481
vn -46.7181816 6.66990757 12.1132584
vn -39.9879074 -26.6635437 7.9893198
vn -40.1731911 -27.4638672 2.37856746
vn -43.8010674 -21.3222942 0.79598695
vn -43.0203819 -21.5462704 7.66889286
vn -38.9724541 -28.8631878 -4.67663717
vn -42.3674126 -23.2137909 -6.31897688
vn -42.102684 -24.3876286 2.53263474
vn -41.2542152 -24.6143475 8.12593365
vn -43.4720955 -21.1455956 -6.07022667
vn -35.7304955 -32.1833076 7.83411932
vn -37.4688721 -30.9919548 3.06418896
vn -27.3735466 -39.8316765 6.15903187
vn -29.3910789 -38.792141 2.26747322
vn -38.156517 -29.9790001 -4.37569571
vn -27.4504967 -40.1442032 -2.95299625
vn -38.3735657 -27.2532845 12.591053
vn -34.24963 -32.2712402 12.6228628
vn -32.3890686 -25.1427689 26.3172283
vn -28.8239346 -26.4523773 29.0389252
vn -25.7981033 -38.1386719 15.9281569
vn -23.1232071 -27.235714 33.1261215
vn -40.851963 -22.3102112 14.3937044
vn -38.5593834 -26.037426 14.457984
vn -35.1565628 -21.7447014 25.7874184
vn -27.4227867 -30.7407436 26.0154591
vn 4.86955595 -9.02327824 47.6306038
vn 16.7048454 -7.34883451 45.1746559
vn 19.6601982 -0.0993785635 44.578846
vn 9.5560236 -1.31954813 47.7571793
vn 21.1902084 2.35529232 43.8090668
vn 13.7293577 1.58096504 46.7205734
vn 1.52949965 -19.2477951 44.7324295
vn 13.4068022 -18.4153118 43.0690269
vn -0.801109552 -32.6390038 36.1643486
vn 11.0351906 -28.9622421 37.5928192
vn -5.07627249 -11.1992159 47.1446266
vn -10.9213524 -19.7555218 43.1769638
vn -14.6175241 -13.7844238 44.3860855
vn -23.8438511 -18.670845 38.1664391
vn -12.417325 -34.2481956 32.3524055
vn 1.23253012 -3.89649034 48.5500259
vn 4.23197365 2.46217227 48.4750977
vn -3.69568229 -7.39884663 48.0146408
vn 1.66071033 5.13259172 48.4221573
vn -23.5653572 -19.4302788 37.9597816
vn -25.8818874 -20.4056854 35.8823471
vn -27.5805111 -19.0353127 35.3663521
vn -21.2462769 -16.7568836 40.5167809
vn -23.4320583 -19.9800167 37.756382
vn -24.3974113 -21.6500225 36.1918449
vn -23.0546665 -20.2515106 37.8439713
vn -23.1528587 -22.0827522 36.743763
vn -16.7450924 -8.45759869 44.9652939
vn -17.396225 -6.89747667 44.984478
vn -6.2211113 12.2413054 46.7467117
vn -6.00514174 10.3930187 47.2200279
vn -16.016016 -8.40074444 45.2407036
vn -5.24517775 5.50161409 48.1251183
vn -10.859725 -9.46907043 46.5425568
vn -1.61434603 9.3719759 47.7845879
vn -37.5009232 -26.2357502 -16.7084713
vn -34.2370796 -30.9492683 -15.6132059
vn -32.350174 -28.7666073 -22.3552094
vn -36.5458755 -26.1188583 -18.8682556
vn -26.332468 -30.3709164 -27.5320835
vn -22.8572369 -27.8787537 -32.7738991
vn -31.7390671 -22.9043064 -29.0143261
vn -39.9191132 -18.5383282 -20.8950157
vn -30.993166 -35.9248581 -11.0740585
vn -24.5537128 -41.0035515 -9.46736813
vn -16.0318813 -45.8417015 -3.91456962
vn -14.8636274 -45.5904846 -8.6247921
vn -18.0314445 -35.0158386 -28.6803913
vn -12.0815697 -35.3088303 -31.3229809
vn -38.3920441 -27.8632069 -11.1130257
vn -36.1941261 -30.6128635 -11.2536535
vn -21.5119152 -43.0608902 -7.53682804
vn -39.9239006 -25.4408913 -11.5173836
vn -43.6440544 -17.2645283 -13.0743876
vn 9.94465542 12.7563791 45.958519
vn 14.6237822 3.92014003 46.3096581
vn 0.958710253 -15.904007 46.0429192
vn -3.24791551 -12.2937336 47.0332031
vn 26.3581009 -6.94701624 40.3831215
vn 14.1458101 -19.1791477 42.4954529
vn 14.2915363 8.68238735 45.7621613
vn 20.2967758 2.79923415 44.2042046
vn 33.2216263 -4.85148382 35.3071327
vn 2.22708511 16.6007061 45.7521973
vn 4.11744595 14.7437563 46.2544632
vn 2.26552296 16.2914486 45.8613472
vn 2.23966503 17.1358376 45.5538559
vn -8.11157894 -4.92410183 47.788723
vn -7.81774092 6.10308886 47.7015991
vn 16.1784096 42.5378876 -17.3952236
vn 15.567997 44.7590904 -11.3167276
vn 5.22209311 47.3733406 -10.114501
vn -0.850748539 45.1430435 -18.3081551
vn 11.730731 47.2617722 1.58792901
vn 6.80908775 48.2416267 0.434071749
vn 15.1419544 43.4507103 -16.0176086
vn 14.9875078 44.9230118 -11.4500971
vn 6.12452936 46.2718163 -13.971962
vn 4.90258026 46.6187363 -13.2840061
vn 12.4443369 47.0147057 2.92617369
vn 5.84079218 48.2846947 2.87757468
vn 9.77648354 36.617424 -30.6168518
vn 11.0365286 34.1045799 -32.9981728
vn 0.578001738 33.3104515 -35.5511856
vn 3.04703164 28.9567242 -39.0644417
vn 6.39082813 36.6674461 -31.4398232
vn 3.16683316 24.6271992 -41.9199181
vn -6.68317556 41.2032394 -25.1283722
vn -8.63450527 33.2424545 -34.5570793
vn 45.4725647 -10.1351757 14.2594128
vn 42.3542595 -8.51717472 22.5251312
vn 43.3287582 -12.7014265 18.3057175
vn 42.0661621 -16.8975716 17.8526382
vn 41.4463806 -4.18221569 25.2688313
vn 39.0396576 -12.7349148 26.2208729
vn 42.0981903 -11.126153 21.8576832
vn 36.4950371 -7.62747622 31.3646412
vn 33.7302284 -5.86518764 34.6652298
vn 43.1724129 -11.2610197 19.5739384
vn 44.0842438 -11.136816 17.5030708
vn 37.7564049 -18.6433487 24.5089054
vn -16.6171474 2.41449475 -45.7367172
vn -4.10208368 3.58682561 -48.4160576
vn -7.51350927 5.7637763 -47.7925987
vn -17.9428387 4.59002399 -45.0643196
vn -1.78569794 4.72904825 -48.4587898
vn -4.9647646 10.5583105 -47.3041229
vn -14.3268499 2.07666755 -46.521347
vn -4.32075596 1.44758713 -48.5081673
vn -1.38157916 0.899345577 -48.6938324
vn -18.6561413 0.886861563 -44.9996567
vn -17.9382687 0.93639034 -45.2896118
vn -19.0537796 5.23703766 -44.5346336
vn -8.25811481 -47.8948708 3.41936159
vn -7.34637451 -48.1202507 2.06851387
vn -15.8616838 -46.0358086 1.70824265
vn -14.8352356 -46.1865845 4.53011894
vn -4.2529974 -48.2796211 4.97965813
vn -13.4476004 -46.8135376 1.20901108
vn -2.28849506 -48.5123062 3.88925076
vn 0.0476561636 -48.6087494 3.3157146
vn -1.9011786 -48.0140343 8.05263996
vn 1.54250991 -48.5476685 3.81466007
vn 0.790494144 -48.218811 6.93748283
vn -0.804382324 -48.4792519 4.78772163
vn -11.1893415 -44.3420525 16.8043995
vn -8.84719276 -44.6271477 17.4342079
vn -14.3636351 -30.4134445 35.2493248
vn -14.7601852 -32.1857147 33.4667511
vn -10.4720955 -41.8879547 22.5730152
vn -17.0405846 -31.0708122 33.4369583
vn -16.1614933 -42.3517265 17.859024
vn -17.0299988 -28.2502708 35.8567734
vn -6.54564524 21.8358154 -43.0599403
vn -7.29835749 27.6176796 -39.4690323
vn -3.80532622 26.9731693 -40.3952293
vn -1.97377777 20.0996723 -44.3386307
vn -7.62004566 23.4203205 -42.0384407
vn -3.18030643 23.0215073 -42.8217545
vn 1.37012351 26.906908 -40.5949211
vn 1.18221867 16.505373 -45.8255653
vn -10.0107231 22.1918526 -42.2032433
vn -9.47933102 27.3703022 -39.1767197
vn -11.6460648 20.1463604 -42.805378
vn -7.73095083 25.61413 -40.7180023
vn -9.52497005 22.5268288 -42.1381493
vn -6.33632183 23.5009785 -42.2061844
vn -5.74549913 16.8645325 -45.3473663
vn -13.0585318 14.140872 -44.7584381
vn -7.44004631 3.64626789 -48.0120544
vn -16.8679867 0.36966756 -45.7071266
vn -17.3006878 7.72946692 -44.8859482
vn -20.1294384 -0.166108876 -44.3687401
vn 0.56154561 15.3028765 -46.2527161
vn 5.25017023 11.5712271 -47.0356178
vn 1.34434557 6.09057331 -48.3208504
vn 7.67468166 5.05276203 -47.8474197
vn -15.131052 -22.7267017 40.3528862
vn -14.2313986 -22.9214077 40.5694923
vn -17.5475807 -22.8946953 39.2647743
vn -18.9811401 -22.2334175 38.9768906
vn -15.7600956 -21.5129433 40.7752342
vn -15.554966 -23.1294193 39.9609756
vn -18.2686138 -19.8544865 40.5692482
vn -18.1755562 -23.8193359 38.4199867
vn -16.2651424 -17.1522598 42.6034279
vn -17.0854931 -17.6903057 42.0588379
vn -14.1179447 -4.58394909 46.4055862
vn -17.1666279 -8.96016693 44.7082672
vn -18.9592133 -17.3029919 41.4120979
vn -18.5285969 -11.8262978 43.4814568
vn -16.0359211 -13.6236248 43.9437485
vn -8.64307785 0.519008934 47.9461632
vn -0.628858805 47.7717743 -9.55349827
vn -0.355286896 47.3960991 -11.2823229
vn -3.28695083 46.6603317 -13.6314287
vn 0.0193011928 47.7645645 -9.61004066
vn -3.94663548 48.5559845 0.739879787
vn -3.18251133 48.6161423 0.385866672
vn -6.90160084 46.1499443 -14.0127621
vn -5.08069515 47.6386147 -8.86317635
vn -9.91658974 43.9190331 -18.6168518
vn -7.13560915 47.4550705 -8.4206171
vn -6.68010235 48.1265945 3.60746121
vn -7.73928261 47.7517166 5.80378389
vn -5.99321032 38.1116371 -29.7555275
vn -10.4367714 34.1128883 -33.1842041
vn -10.3390675 32.6445198 -34.6589966
vn 0.133524269 39.3016663 -28.7952805
vn -0.101914689 9.31088161 -47.8236732
vn -1.71507287 21.8375072 -43.5199776
vn -4.95639229 16.1089344 -45.7137108
vn -2.03903008 6.85114527 -48.1945114
vn 1.18883562 12.2599754 -47.1390152
vn 0.762485623 26.3370609 -40.9827423
vn 1.22918749 4.57939529 -48.4904633
vn 4.56214523 7.42723942 -47.9356842
vn 2.51934886 -0.461509973 -48.6543617
vn 7.49412107 2.29153967 -48.0873566
vn -0.259932607 2.39203382 -48.662281
vn 0.0556349307 -2.63726926 -48.6502686
vn 1.04597294 19.1800041 44.7754402
vn -0.95436883 14.8121843 46.4057655
vn 0.888319671 16.938385 45.6739426
vn 0.515503049 17.1550503 45.5987434
vn 3.94026494 20.842062 43.8621674
vn -0.00312009244 11.2072344 47.4152374
vn 2.94981623 22.5377941 43.0946999
vn -0.158132166 8.99431992 47.8840714
vn -1.06001961 28.1657829 39.7413101
vn 4.20124149 33.2915115 35.3246613
vn -5.59111071 34.1670227 34.2806168
vn 3.51573086 33.9703217 34.7485809
vn 4.72231579 36.0544586 32.4281158
vn 2.58003664 31.7478142 36.867691
vn -5.30482197 19.1557884 44.4828224
vn -17.3166084 24.6506004 38.29216
vn 12.4555483 42.2406425 20.842123
vn 1.11664116 40.5446587 26.9942818
vn -19.2411118 40.3071136 19.4659557
vn -10.4062338 44.7854271 16.1177731
vn 10.5988522 44.0977592 17.8005428
vn 8.00559616 35.1280098 32.7984734
vn 1.39690149 46.3296928 15.0138388
vn 1.5422008 38.3889732 29.961895
vn 11.9172211 44.8765221 14.7609167
vn 8.93755722 46.1703529 12.7367973
vn 3.39001298 46.2975159 14.7937527
vn -0.233505964 45.8851929 16.3799152
vn 1.51315224 -1.75800645 -48.666481
vn 3.26281643 -2.92859793 -48.5240555
vn 2.27947569 -3.45151401 -48.5458374
vn 4.40451241 -1.07834828 -48.5102501
vn 2.68593001 -5.39724588 -48.3473091
vn 6.52581358 -4.46095514 -48.0761948
vn 2.95448065 -9.28385353 -47.7377052
vn 6.1721096 -5.72433424 -47.9890022
vn -9.44438076 -13.54918 -45.836998
vn -6.68930101 -15.3938866 -45.7393532
vn -3.45936894 -17.2991924 -45.4156113
vn -5.18285084 -11.8257494 -46.979744
vn -3.98033452 45.1744766 17.8109665
vn -8.63494015 45.2183228 15.9545603
vn -6.13995743 46.3914375 13.5625448
vn -4.49767065 46.3864441 14.2083025
vn -12.1574421 45.6832886 11.7915421
vn -9.38310623 46.2824478 11.9874573
vn -4.55066347 47.6713066 8.97468662
vn -6.00235748 47.593502 8.52272987
vn -5.60097933 42.3569489 23.4163361
vn -12.7113199 42.7866287 19.5328808
vn -7.57577991 38.6524963 28.677496
vn -12.2203989 35.5851555 30.9542408
vn -10.680151 41.1635551 23.7761059
vn -6.83922148 32.2108574 35.9095116
vn -4.05760288 46.5365181 13.8454151
vn -0.930452943 43.2739677 22.3674984
vn -1.766554 47.8362541 9.07628918
vn -0.368992746 45.3253365 17.8685532
vn 0.72589606 38.833931 29.4143734
vn -2.59895229 37.1285629 31.4407692
vn -8.78450775 46.5289154 11.4760218
vn -13.033783 46.8045464 3.64169478
vn -5.112854 48.1251984 5.62414074
vn -5.63368797 48.3320465 2.46607566
vn -22.3729839 -40.074295 16.3495388
vn -15.4631987 -44.1924706 13.4804325
vn -18.8988094 -36.4671288 26.2066841
vn -21.0960083 -35.7136955 25.5596886
vn -19.3464165 -29.5736485 33.5398598
vn -18.4511604 -31.611063 32.1574631
vn -21.5848637 -43.0867348 7.17173862
vn -12.1912355 -46.9140091 4.92511749
vn -20.6290722 -44.1333084 -0.706784308
vn -12.6847687 -47.0363503 0.696671069
vn -17.8402367 -41.9210777 17.2672005
vn -18.1308594 -44.3237419 8.97132683
vn -13.4955902 -43.2457733 17.9298401
vn -13.1332159 -45.8239937 10.0740805
vn -17.65942 -45.4061966 0.478200227
vn -12.5968933 -47.0368385 1.63123202
vn -17.058321 -38.4124146 24.6436024
vn -15.9399633 -33.8540649 31.2029896
vn -13.5559607 -39.345932 25.336544
vn -13.3429537 -34.591835 31.6097755
vn -5.8873806 15.3024607 -45.8800659
vn -9.88754177 16.9475574 -44.5962334
vn -13.3356218 2.38030958 -46.8006668
vn -7.24664593 1.14908278 -48.1660919
vn -14.726716 -0.660687268 -46.4380722
vn -8.02940559 -2.61646795 -47.9842644
vn -5.06609917 18.7689896 -44.6751289
vn -5.2353816 21.523941 -43.3949013
vn -5.24106169 29.943388 -38.0753479
vn -3.27393031 25.4084473 -41.4427185
vn -5.29303694 14.8578987 -46.0980873
vn -4.19790411 16.8261032 -45.5309448
vn -6.37336302 14.4248352 -46.0989265
vn -5.18449545 16.0499363 -45.7091637
vn -1.99086761 31.2194328 -37.3522453
vn -2.31122732 31.0422688 -37.4812279
vn -6.43407726 3.28015995 -48.1835022
vn -6.58793163 -4.15792418 -48.0948792
vn -6.85443497 6.82011175 -47.7525864
vn -6.5468111 -3.81979179 -48.1285286
vn -14.3518305 -21.306551 41.3988228
vn -17.6202106 -19.5640984 40.9948959
vn -17.1840248 -17.862505 41.9457626
vn -13.1389723 -19.1503716 42.8303375
vn -17.0910568 -13.3596888 43.625927
vn -13.1323004 -12.9905376 45.0843201
vn -16.2968159 -26.629549 37.4043808
vn -18.4633236 -24.9766235 37.5377235
vn -12.5591526 -23.0549831 41.0431786
vn -14.288393 -28.2946243 37.0008507
vn -10.7073383 -24.5640945 40.6910934
vn -12.3977594 -29.7634296 36.527256
vn -11.898385 -19.2162876 43.1621361
vn -12.7083349 -9.90404892 45.9805946
vn -9.81705379 -18.2792206 44.0829086
vn -10.9770746 -3.96257019 47.3033676
vn -0.209379047 46.6564293 14.0335588
vn -1.11127412 37.3187256 31.3031158
vn -0.596506119 39.0748405 29.096529
vn 2.05767727 46.3629913 14.8339472
vn -3.51291728 32.6966896 35.9498749
vn -1.84708679 32.7953072 35.9842072
vn -8.93946362 46.4713669 11.5889902
vn -8.11270332 37.6258621 29.8711491
vn -6.50778151 32.1270981 36.0458717
vn -3.52015233 47.3901291 10.7513304
vn -9.07689953 46.8966789 9.5978117
vn 0.192508519 46.4735603 14.6279945
vn -7.58939505 22.6980801 42.4382515
vn -10.1555452 6.39162254 47.2209625
vn -3.79263926 8.1672163 47.8823509
vn -1.64247513 23.5152931 42.6396523
vn -13.0664129 19.8946381 42.512104
vn -15.2681093 3.21351337 46.15588
vn -17.2674503 16.899025 42.3091621
vn -17.9532375 0.689870298 45.288105
vn -4.98857021 37.2490234 31.0069523
vn -8.79673767 34.6274796 33.1264496
vn -11.5487165 28.4729939 37.811676
vn -0.464796633 37.4562988 31.1547184
vn -12.0269566 -10.9478502 -45.9271622
vn -10.1497011 -8.46227264 -46.8954201
vn -0.859569132 -7.04291773 -48.2023354
vn -3.77473426 -10.6709585 -47.3887024
vn -17.3128338 -12.8327579 -43.6966019
vn -16.9831867 -7.15787745 -45.1014786
vn -20.409935 -15.7694511 -41.3348045
vn -19.3634014 -4.9790225 -44.4305649
vn -14.2683172 -23.0724201 -40.4707985
vn -19.328886 -26.1660843 -36.2703362
vn -15.3498955 -37.178154 -27.4949474
vn -18.1502781 -37.0879784 -25.8622627
vn -21.4673309 -27.5494995 -33.9703636
vn -19.5277157 -35.4670753 -27.1027966
vn -7.77279758 -19.8340168 -43.8178329
vn -12.0070324 -36.0892296 -30.4500523
vn -3.45401168 -48.3728828 -4.68407249
vn -10.9428978 -45.7236099 -12.7832365
vn -11.1225414 -46.1953011 -10.7745256
vn -6.49423361 -48.2467384 -1.97075629
vn -4.91004515 -47.6299706 -9.00469685
vn -12.3116722 -43.8978424 -17.1816616
vn -11.2835894 -45.3346214 -13.829669
vn -15.879981 -40.7460556 -21.4800491
vn -1.31063461 -48.6885414 1.23086655
vn -0.237344787 -48.7060471 1.21314609
vn -5.80889225 -48.2962875 -2.74455976
vn -8.14417648 -47.9953384 -1.98158419
vn -2.50714636 18.9311104 -44.8233681
vn -6.36262274 15.7375574 -45.6689529
vn -5.3983593 9.16180992 -47.5470886
vn -2.22991729 9.54622269 -47.725296
vn -4.89968967 -1.09599018 -48.4623413
vn -2.32814193 1.84537768 -48.6310692
vn -6.12330914 23.0002422 -42.5123596
vn -9.58109474 16.6934967 -44.7586517
vn -13.5214958 32.3067322 -33.8710938
vn -11.9539022 31.4834538 -35.2094193
vn 8.23647976 21.2276535 -43.073822
vn 5.04273987 30.190239 -37.906826
vn 12.3209143 23.3648186 -40.9400444
vn 10.789362 33.9914093 -33.1960945
vn -0.186845839 36.8289719 -31.8966885
vn 8.74821472 39.7476349 -26.7843475
vn 7.30320597 7.73497105 -47.5461884
vn 5.64682245 1.37852859 -48.3737526
vn 10.9039516 6.06951094 -47.0964088
vn 8.39206123 -1.42280769 -47.9724503
vn -0.976634741 -28.874445 39.2316132
vn -6.72999048 -26.5641632 40.2847252
vn -4.42531681 -18.6721115 44.7836533
vn 2.68124628 -20.0302925 44.3328896
vn -1.26717532 0.302440852 48.7043076
vn 8.2428894 -1.07782996 48.0072937
vn -3.18410134 -32.2564087 36.3757133
vn -7.85762739 -31.013895 36.7451057
vn -4.33709526 -35.5202332 33.0652351
vn -8.20596886 -35.2572899 32.6097031
vn 2.90189505 -29.2088966 38.8873444
vn 0.0326519683 -35.063736 33.8280983
vn 2.73167968 -25.953907 41.1429176
vn 1.98946798 -37.5617371 30.9671612
vn -2.84360433 -35.9712715 32.7381783
vn 0.9724828 -36.5154877 32.2409744
vn 3.17012453 -16.7260685 45.6508064
vn 4.79223251 -3.16923952 48.3817863
vn 0.501900136 -10.1011667 47.6604767
vn -0.575448811 -3.99544406 48.5542183
vn -5.8809576 46.183918 -14.3619909
vn -10.3566456 46.4376183 -10.4926052
vn -11.6893358 45.1672096 -14.0388556
vn -11.361064 43.1536713 -19.5574455
vn -6.29431486 47.0660667 -10.9075184
vn -2.8926785 44.183239 -20.3293056
vn -5.0081768 48.1505013 -5.50039625
vn -8.34914398 47.7588768 -4.81542587
vn -2.90777612 48.5772896 -2.36601877
vn -5.99525881 48.2621346 2.9377141
vn -5.99927378 48.2964935 -2.29442239
vn -7.00051498 45.3830872 -16.2841892
vn -4.16909027 47.7349777 -8.82029152
vn 0.740708351 46.5881157 -14.2409735
vn 0.274324358 46.4279823 -14.7707167
vn 1.31244433 47.6469803 -10.0920668
vn 0.778646171 47.0667458 -12.5666828
vn -4.83853817 42.7369194 -22.8899746
vn 5.01538706 45.6480484 -16.2760048
vn -5.1342063 -46.0862045 -14.9502039
vn -9.04000092 -45.1542053 -15.9117346
vn -9.35330009 -47.2145271 -7.55716753
vn -5.95630264 -47.7015686 -7.93030262
vn -11.1560946 -44.4661064 -16.4958706
vn -12.0531464 -46.669075 -7.10815716
vn -9.70992947 -47.6965141 2.13708043
vn -6.17017078 -48.2850266 2.0717237
vn -4.26324368 -44.7088318 -18.887888
vn -7.99855852 -43.345665 -20.7601337
vn -3.56081653 -41.183712 -25.7881565
vn -6.12085247 -39.5983086 -27.7185078
vn -9.38410473 -41.7680855 -23.2631111
vn -7.33621407 -37.6267433 -30.0701599
vn -1.47904718 -46.61726 -14.0872545
vn -2.03869438 -44.6167336 -19.4678631
vn -2.94078016 -45.7253647 -16.5635242
vn -4.93960953 -42.6663971 -22.999691
vn -3.19525981 -40.7901649 -26.4529686
vn -5.39334869 -40.4170418 -26.667984
vn -2.9037323 -48.347908 -5.27779913
vn -4.91627073 -48.3615417 3.28619814
vn -2.65524721 -48.6111946 -1.92576611
vn -4.58943701 -47.9397087 7.38432789
vn -11.4948263 12.3030634 45.7199097
vn -16.4669876 14.5744991 43.4767685
vn -12.8680906 22.2615566 41.3840828
vn -9.38474846 25.6311073 40.3581429
vn -13.212925 2.72408032 46.8167191
vn -17.619545 0.786722004 45.4173927
vn -11.2512941 9.30421925 46.4827614
vn -12.6786013 4.80476809 46.7971573
vn -11.3062849 6.88417006 46.8890495
vn -11.7552729 6.58096743 46.8221245
vn -5.15747643 27.0055466 40.2232208
vn -7.49029207 24.3077488 41.5552101
vn -14.8366356 -20.3930435 -41.6869888
vn -19.2871056 -18.0646133 -40.9326782
vn -20.2432346 -27.8897953 -34.4409332
vn -16.8446636 -29.0047874 -35.3381729
vn -19.8231258 -33.8311348 -28.9189377
vn -17.7921009 -33.867897 -30.1697521
vn -11.0122147 -8.27234173 -46.7344284
vn -16.6399059 -4.98135948 -45.5203972
vn -10.5298929 -22.0019588 -42.1763229
vn -8.38391399 -11.0010729 -46.7171631
vn -5.54511213 -21.8178616 -43.2092514
vn -5.87674809 -10.2605419 -47.2651291
vn -11.5714989 -30.2577877 -36.3919487
vn -12.4857702 -35.6492653 -30.7740536
vn -5.86726761 -30.8776283 -37.228405
vn -19.2592125 -41.1097641 -17.688324
vn -17.7588902 -41.9561234 -17.2659359
vn -15.5256119 -45.5757828 -7.45722628
vn -20.1659641 -43.4276085 -9.01021099
vn -18.3591995 -37.8380699 -24.5972996
vn -18.9573689 -38.1222687 -23.6879215
vn -15.2660389 -43.0002861 -17.0801125
vn -13.8816252 -39.5687637 -24.8076611
vn -16.5553341 -45.1141968 -8.02725792
vn -8.46985054 40.1743355 -26.2314892
vn -7.76644897 41.533905 -24.2574482
vn -7.03458738 36.4100266 -31.6011295
vn -5.48277855 40.4651108 -26.5766945
vn -8.66885281 47.2876167 -7.90818834
vn -4.09614182 47.8513336 -8.20233345
vn -5.29173851 44.5129433 -19.0893269
vn -12.4292421 46.8786964 -4.65923166
vn -0.0408618674 41.6936951 -25.2079544
vn -4.09469032 -42.0385094 -24.2858772
vn -5.70834494 -43.1842918 -21.8251781
vn -2.76291108 -48.2736206 -5.98587227
vn -2.9423759 -46.2100525 -15.1585159
vn 0.69240284 -48.2359962 6.82759905
vn 1.12804103 -48.6701088 -1.93791294
vn -4.07467365 -39.49786 -28.2333603
vn -7.19981384 -40.5715714 -25.9984074
vn -7.06399488 -34.9079971 -33.2466316
vn -8.1745882 -39.7904091 -26.9017906
vn -9.83584499 -41.6051216 -23.368288
vn -9.26679993 -36.7364693 -30.6327438
vn -18.9786491 -37.9319115 -23.9747429
vn -18.3725777 -33.0983963 -30.671669
vn -8.94633102 -28.6742783 -38.3608627
vn -14.9240055 -27.9606152 -37.0038528
vn -10.5863514 -43.8377266 -18.4388142
vn -9.66819668 -46.5993233 -10.4324293
vn -17.094162 -40.9240189 -20.1698132
vn -14.2401905 -43.3121147 -17.1780357
vn -12.2970734 -22.5628948 -41.3945007
vn -7.2256012 -24.9131165 -41.2423859
vn -8.1394701 -33.5708504 -34.3591843
vn -10.9874401 -29.5695362 -37.1311951
vn -1.11231697 -24.5805111 -42.0519714
vn -3.8478322 -34.4096603 -34.2779312
vn -12.3809328 -12.2327185 -45.5069237
vn -5.06143475 -14.8643017 -46.1220284
vn -11.9598503 -3.52120924 -47.0995789
vn -1.82232082 -3.26164103 -48.5782661
vn 3.55059028 -13.0766401 -46.7995872
vn -10.5960932 -19.5352459 -43.3578606
vn -9.92796516 -9.87803936 -46.6654778
vn -8.54332829 -18.8539925 -44.1060715
vn -4.98299599 -10.5979738 -47.2933388
vn -9.65910339 -2.94317722 -47.663887
vn -2.56500745 -2.23695374 -48.6027145
vn -9.78354836 -25.0726681 -40.6134224
vn -11.4040585 -23.7288799 -40.9962769
vn 0.425444752 18.7283649 44.9763718
vn 0.950961769 13.1447325 46.9054146
vn -0.234021559 32.7029381 36.1146812
vn 0.564073682 38.9541016 29.2586155
vn 4.53885317 8.10425663 47.8280945
vn 3.21481586 23.5534 42.5289192
vn 0.727561176 45.7291985 16.7963734
vn 1.20110023 45.525547 17.3144112
vn -0.302435815 42.4079056 23.9850922
vn 1.78433418 5.00095701 48.4315376
vn 1.97045958 2.38533163 48.623394
vn 1.65626645 -3.79916692 48.5451355
vn 1.85243881 -4.14419651 48.5098
vn 2.67976785 3.74285293 48.5037842
vn -4.32210159 21.856451 43.3292274
vn -2.02243328 10.1477909 47.6102867
vn -6.14708376 22.1469898 42.9596443
vn -0.764191568 19.1805382 44.7809067
vn 1.02205908 -0.994990885 48.7008476
vn 19.8684273 16.3306332 41.3807106
vn -1.34815073 39.3310547 28.7238178
vn 3.34908938 43.7131538 21.2544346
vn 1.43497801 33.413662 35.4298592
vn 9.61849403 41.770771 23.1623535
vn 9.63772011 44.321106 17.79216
vn 5.04893541 46.1723747 14.7114477
vn 6.86137581 47.6605301 7.42981815
vn 12.3938723 46.7513924 5.87418699
vn -4.87898207 47.0396347 11.7164555
vn -2.23283672 48.3575287 5.51095343
vn 9.05939198 46.7024689 -10.5173292
vn 13.2374601 45.7582207 -10.2353477
vn 4.6243639 44.0740051 20.2460938
vn 3.25632071 47.0970306 12.0446329
vn -4.51936197 47.4559135 10.0657072
vn 7.05008554 42.9949455 21.8068333
vn 4.7036767 41.2178574 25.5493793
vn 5.86008787 43.6429329 20.8509216
vn 8.32951927 40.7979736 25.2972546
vn 9.62842941 47.685955 2.67398691
vn 9.73103428 46.8058014 -9.39844131
vn 5.92785168 48.3386765 1.42837298
vn 9.14228249 47.6222267 -4.72748327
vn -4.92814827 -45.794529 15.8865223
vn -8.74203396 -44.5489883 17.6853371
vn -8.24065018 -40.0699081 26.4631958
vn -4.4502573 -40.4677658 26.7649384
vn -5.72018528 -47.6333733 8.4940033
vn -9.64401913 -46.6918793 10.0333757
vn -4.27792883 -46.5679245 13.6723967
vn -5.29703856 -47.931015 6.95458174
vn -2.87258005 -47.9539452 8.12247562
vn -5.47596264 -48.1217003 5.30311298
vn -3.44826484 -40.7231178 26.5244064
vn 0.275600314 -41.8140182 25.0063744
vn 0.887943327 48.5928879 -3.42781639
vn -0.0187533908 48.6991234 1.48385334
vn -4.22196627 48.5135193 1.55585265
vn 0.510084152 48.7095833 -0.960976005
vn 4.41037321 47.1140709 11.6025715
vn 6.41481018 46.2239342 14.0001783
vn 9.80781555 29.3682652 37.6180611
vn 6.70639133 32.7435913 35.4498062
vn -2.30224967 48.5683861 3.10136271
vn -5.20692635 46.6402435 13.0913076
vn 2.52613211 34.0029755 34.8026352
vn 4.07307005 48.5492554 0.432122588
vn 8.45675278 5.9806509 47.6080055
vn -1.32912135 6.05525398 48.3257065
vn 1.12349498 19.3221149 44.7124176
vn 9.4009676 14.7230215 45.4825363
vn 10.0254755 6.37767601 47.2506294
vn -0.719159365 6.85724449 48.2313957
vn 8.54854774 7.64007425 47.35355
vn 7.8415246 6.29090595 47.6732826
vn 7.96968937 13.6858835 46.0758896
vn -2.75364852 -19.46311 -44.5803947
vn -2.62831664 -20.4712944 -44.1341667
vn -3.6779604 -32.4734879 -36.1351967
vn -3.097404 -33.8778229 -34.8784523
vn -2.34190321 -6.31831026 -48.2535095
vn -3.28201723 -7.61991596 -48.010128
vn -1.06874228 -21.3973198 -43.7586479
vn 2.76666069 -8.47925568 -47.8983803
vn -3.45761347 -34.0069923 -34.7185249
vn 3.30180311 46.3990593 14.4924936
vn 3.13984847 45.7644958 16.4182625
vn 3.01350403 48.5509071 2.74500966
vn 4.23478031 48.4191551 3.38507843
vn 3.6184206 48.5851936 -0.439258933
vn 4.97577524 48.4503746 1.26896429
vn 2.10536671 41.1476517 26.0047092
vn 3.18984699 41.8036499 24.8210869
vn 3.99504042 44.843853 18.6245937
vn 4.38127136 43.5949326 21.3094673
vn 9.73178768 44.7181778 16.7147827
vn 9.31015873 41.6614838 23.4829426
vn 16.9271011 41.4107552 19.298439
vn 13.9449224 40.6724205 22.9150581
vn 10.5386229 43.363636 19.5535107
vn 9.62693691 40.6312408 25.1044006
vn 15.5796289 45.5378685 7.57523346
vn 20.0949516 44.2669716 3.23030806
vn 18.9795113 43.0940285 12.5096006
vn 17.7910366 45.3235855 1.74881363
vn -23.2671432 -39.2422523 -17.1024246
vn -11.0593777 -46.7694054 -8.00746059
vn -5.03524923 -48.4426498 -1.32755125
vn -19.79673 -43.4345055 -9.76423454
vn -9.06836987 -47.8665581 0.603522897
vn -3.70409751 -47.6105461 9.6603632
vn -0.375194162 -48.6871262 -1.79727817
vn -20.2147121 -44.0235786 -5.20546579
vn 11.6921673 -44.4897308 16.055027
vn -26.6328907 -35.5324364 -20.0484848
vn -14.7940683 -43.365757 -16.5636234
vn -26.435154 -33.072319 -24.1083241
vn -17.4324093 -38.7823868 -23.7874985
vn -11.8067503 -46.1981506 -10.0069265
vn -37.6230087 -24.6632175 -18.7094097
vn -38.1144066 -24.7290516 -17.5946808
vn -37.4602623 -27.4160461 -14.7951221
vn -35.3468742 -30.6061592 -13.6992254
vn -36.9045677 -25.828371 -18.5675907
vn -33.0283241 -33.6215477 -12.3502293
vn -37.6830368 -28.0750427 -12.8680687
vn -36.79673 -30.793951 -8.45813942
vn -40.1731682 -24.6703987 -12.3001909
vn -42.8982277 -21.6640377 -8.01366138
vn 5.37135458 14.0833111 -46.3315887
vn 5.18216038 17.2181969 -45.2822876
vn 2.51503611 11.255477 -47.3370438
vn 3.36389875 10.5179977 -47.4537964
vn 2.8430655 22.156601 -43.2990646
vn -0.806249619 10.6421242 -47.5384254
vn -1.03948283 -2.53415537 -48.6446724
vn -1.10400009 -3.39902306 -48.5904808
vn 7.1063509 20.0391273 -43.8376541
vn 7.13702154 18.1125431 -44.6632462
vn 10.6702976 38.3515549 -28.0911026
vn 7.38085032 35.4635277 -32.583252
vn 5.30874205 20.6039791 -43.8303604
vn 7.19230652 30.5119095 -37.2974625
vn 4.55174589 13.1668606 -46.6875
vn 7.37513113 21.3236828 -43.1823463
vn 2.06867313 13.2608128 -46.8367233
vn 4.64966297 20.4594517 -43.972702
vn 14.0275927 37.4519234 -27.8278103
vn 10.1976128 37.5299149 -29.3482704
vn 2.873106 9.0347929 -47.7904282
vn -0.749941111 -3.53193903 -48.5877571
vn 1.59977758 9.17497253 -47.8232918
vn -0.738744795 -3.58153272 -48.5842972
vn -20.7235603 -42.9215965 -10.1033316
vn -21.9624863 -43.1586037 -5.36573648
vn -2.07047033 -48.5812531 -3.06296659
vn -5.90008402 -48.0917664 -5.11642551
vn 20.5988121 -44.0966492 2.23186469
vn 13.3019705 -46.7697372 -3.07504511
vn -24.6384525 -39.807106 -13.4962206
vn -31.282383 -36.1004486 -9.59045601
vn -38.0350113 -28.0589504 -11.8254013
vn -41.393856 -23.1638069 -11.1262627
vn -16.3756256 -42.4149132 -17.5105934
vn -22.2636261 -39.6379547 -17.5205631
vn -15.7432165 -43.7802353 -14.4654579
vn -26.0379448 -39.0891228 -12.956583
vn -36.2813797 -29.9927731 -12.5659046
vn -35.7608337 -31.4446774 -10.3054323
vn -5.27373648 -46.6615257 -12.9883251
vn 6.64196444 -47.434269 -8.92642212
vn -1.99179232 -46.9493599 -12.8684835
vn 6.13870764 -47.3760567 -9.5724659
vn 13.5470238 44.4754333 -14.5677929
vn 10.2086449 45.71064 -13.4211769
vn 8.50426102 46.038105 -13.4898863
vn 11.1628256 43.6602364 -18.519762
vn 6.89457989 40.8941879 -25.5721931
vn 3.25077844 37.8500328 -30.5059738
vn 13.3230867 44.7006302 -14.0767889
vn 10.3816175 45.0289383 -15.4409714
vn 14.0798292 44.1722984 -14.9790983
vn 12.6078081 45.9715843 -10.0729237
vn 9.72002792 44.2714806 -17.87076
vn 11.6555567 46.9343338 -5.92648697
vn 11.7808018 41.1039886 -23.355545
vn 5.12394285 31.4161263 -36.8860283
vn 7.58096075 40.932827 -25.3148155
vn -4.71277905 -26.9023476 40.3467522
vn 0.695040345 -25.2559032 41.6588898
vn 1.76655662 -7.05226135 48.1762505
vn -1.70014739 -10.1273403 47.6272354
vn -1.92754781 -33.8919945 34.9488831
vn 0.623292923 -37.6483994 30.9195118
vn 1.55851066 -33.1009331 35.7170258
vn 2.84114933 -34.9667511 33.8091888
vn -0.323001295 -26.8621845 40.6463509
vn 2.22513819 -30.1287899 38.2244873
vn 29.3139591 -25.7345219 29.1930313
vn 25.0765076 -31.1833248 27.7952538
vn 2.23116875 -35.0736313 33.7441711
vn 1.2752229 -14.3762732 46.5349731
vn 31.0927963 -10.1631441 36.1075516
vn -6.84798098 28.1247292 -39.1907082
vn 3.15410948 26.6545372 -40.6619492
vn 0.641774178 8.09198952 -48.0407562
vn -10.0732126 11.0137777 -46.3792381
vn -3.55789542 32.6365547 -36.0000496
vn 5.30783224 35.597908 -32.8393517
vn -4.5723815 26.9430923 -40.3357162
vn -1.78470826 26.4454269 -40.8810577
vn -8.4762125 11.099699 -46.6771622
vn 3.78730726 -48.4398155 3.61212564
vn 2.32951021 -48.5926094 2.67173386
vn 3.73157549 -43.3490143 21.9258995
vn 2.58564138 -44.3466606 20.012373
vn 4.2116704 -48.4321632 3.22401476
vn 1.91545379 -48.4946327 4.29052687
vn -3.48724794 -48.3387604 5.00104141
vn -6.10231304 -48.2927322 -2.09292078
vn -1.48028541 -45.5807648 17.146698
vn -11.2918119 -28.1378021 38.1387672
vn -31.8824081 -18.5951862 31.8046837
vn -22.3536224 0.654672205 43.2861824
vn -8.17246246 -13.1375751 46.1998062
vn -45.5527649 0.12202131 17.2840214
vn -34.2999115 19.7688236 28.3992271
vn -8.89369011 13.1674175 46.0578766
vn -2.21498752 1.11847484 48.6585007
vn -19.3551025 31.0886745 32.1353645
vn -10.8568401 -40.5950928 24.657135
vn -31.982605 -33.2551804 15.6528759
vn -8.16486645 -46.2904892 12.8192234
vn -28.8148766 -39.1886559 2.78549242
vn -46.2656822 -14.9655962 3.05355406
vn -2.70632577 -27.7083035 39.9841537
vn -3.66729379 -38.5504494 29.5672245
vn -1.47087693 -26.3257179 40.9707184
vn -2.82775736 -36.4132652 32.2472496
vn -4.21818781 -45.483326 16.9493542
vn -4.00958824 -44.5775795 19.250185
vn -1.15279436 -14.9357328 46.3616409
vn 0.780652404 -1.54795611 48.6908722
vn 0.183689177 -13.2358351 46.88908
vn 1.30620384 -0.478441924 48.70187
vn 12.5082808 42.8304329 -19.5679226
vn 13.7080259 42.6732178 -19.1021748
vn 11.0716972 41.1456451 -23.627533
vn 10.7984591 39.5179787 -26.3728924
vn 13.6945906 42.7863693 -18.8571339
vn 13.1467113 42.0249596 -20.8536301
vn 7.77893639 36.046051 -31.8430176
vn 5.09822416 32.7558517 -35.7053108
vn 11.3980331 47.1355133 -4.70481539
vn 14.4582653 45.7050705 -8.70698833
vn 9.6456995 47.6252937 3.54945278
vn 12.3256826 47.1181107 1.32960963
vn 14.955472 45.4959183 -8.95890903
vn 12.486558 43.4321289 -18.2083302
vn 11.0618477 47.4474258 -0.428601027
vn 6.43862581 43.9511147 -20.0162544
vn 6.6511755 48.2500153 1.22653425
vn 9.47837257 47.6260071 3.96623921
vn 3.91828036 47.967083 7.59031582
vn 8.20589638 36.6736488 -31.0082874
vn 0.877116263 26.9406815 -40.5861702
vn 4.84882879 33.97715 -34.5810509
vn 2.84967852 18.3835182 -45.0303497
vn -7.74546671 -47.6640205 -6.4773407
vn -7.96503973 -47.6539612 -6.28207874
vn -8.84995937 -47.7082062 -4.40594625
vn -6.79043484 -48.0780754 -4.02435493
vn -24.083292 -39.9045448 -14.1925869
vn -29.3347797 -36.9011154 -12.3120012
vn -11.0105953 -47.1285896 -5.60979748
vn -5.61685467 -48.3352127 -2.44235945
vn -7.26534462 -47.4172134 -8.52227783
vn -7.73820162 -47.2752419 -8.88699341
vn -5.99682236 -46.6641693 -12.6609974
vn -7.60436153 -46.5352402 -12.2658968
vn -18.2958012 -42.6400185 -14.8626842
vn -14.1104727 -44.1020622 -15.1561813
vn -0.496225476 -48.4862061 -4.75901794
vn 1.4323827 -48.388031 -5.50939989
vn 3.22809672 -48.5177803 -3.06775141
vn 2.90772009 -48.3843384 -4.93030357
vn 3.06971002 -46.8130074 -13.1501541
vn 2.80623841 -45.5746002 -16.9966984
vn -1.99790168 -48.4849586 -4.36167049
vn -3.10599923 -48.5950546 -1.63723934
vn 2.68245125 -48.5715714 -2.72282887
vn 1.15186727 -48.6944962 1.15166843
vn -3.44876218 -35.2910805 -33.4133568
vn -6.75918531 -36.5078812 -31.5482998
vn -7.41387892 -43.8369141 -19.9290352
vn -4.77152967 -42.875618 -22.6433334
vn -9.90316677 -37.3636894 -29.6595497
vn -11.8438578 -43.2636986 -19.0205822
vn -0.925201416 -22.7834816 -43.0565186
vn -4.07018423 -22.1389942 -43.2100105
vn 2.30634499 -5.06668234 -48.4026451
vn -0.0930690467 -4.15674496 -48.5439987
vn -5.55315924 -21.682375 -43.2763672
vn 2.50200462 -33.6103554 -35.1836777
vn 2.81751132 -22.1227036 -43.318058
vn 2.28617167 -30.0330582 -38.2961617
vn 2.37185264 -19.3799114 -44.6385498
vn 4.41566801 -5.69848299 -48.1854324
vn 3.52795577 -5.49561644 -48.2820778
vn 3.22375846 -41.0993156 -25.9665279
vn 2.66137171 -38.0248871 -30.3452148
vn 2.11286354 19.0755901 44.7824097
vn 1.78412807 19.6704063 44.5387306
vn 4.8555336 33.6223717 34.9251518
vn 4.36345434 37.7626038 30.4754467
vn 2.96641469 32.4385605 36.2318573
vn 7.59030151 29.1235561 38.3146591
vn 1.37057436 38.5292168 29.7897205
vn 13.6592722 34.6320801 31.4300804
vn -5.66006422 19.3465042 44.3563232
vn -10.5212202 28.1602707 38.3420143
vn -6.79796886 15.1369238 45.8090324
vn -11.1801147 20.7826309 42.6250381
vn -11.3274164 38.9037781 27.0553627
vn 3.77288485 36.85606 31.6417961
vn 1.6022017 31.8871059 36.8028908
vn -13.8424845 -28.1708279 -37.2638779
vn -12.1766138 -21.7483997 -41.8633995
vn -17.1467113 -25.2811031 -37.9560661
vn -20.8084888 -30.2076778 -32.067276
vn -20.4374886 -28.2091084 -34.0640869
vn -25.2615643 -28.9070835 -30.0006809
vn -6.28419876 -17.404665 -45.0709801
vn -6.00948906 -13.5585194 -46.409687
vn -13.2039051 -34.3379478 -31.9432201
vn -5.95697355 -20.2771759 -43.8994026
vn -19.7010746 -37.4883118 -24.0894394
vn -25.2066898 -34.632782 -23.2163811
vn -25.1934509 -30.1995392 -28.7590809
vn -22.5646763 -33.9580154 -26.673872
vn -20.8523178 -36.1900215 -25.0852489
vn -24.9928513 -32.1522408 -26.7469158
vn -26.4083118 -28.789999 -29.1126041
vn -22.3364391 -31.5855598 -29.618288
vn -32.3437042 -26.1153221 -25.410265
vn -29.419014 -29.9259262 -24.7541351
vn -34.7360687 -25.8153229 -22.378149
vn 7.8578124 44.0442009 -19.2917099
vn 3.33779144 44.3711967 -19.8459854
vn 4.65266371 42.1823921 -23.9333553
vn 9.370965 42.7604179 -21.390152
vn 6.80591774 47.975811 -5.08020782
vn 3.53464222 48.25177 -5.75149822
vn 16.7627945 41.6860962 -18.8436966
vn 19.4410038 44.2595177 -6.07862329
vn 16.2541313 41.4560623 -19.7738457
vn -9.07141972 -24.859354 -40.908783
vn -3.86629486 -26.771492 -40.5233994
vn -3.86179233 -35.4127426 -33.2389984
vn -9.42190552 -33.4937897 -34.1057243
vn -3.06884837 -43.686058 -21.3522282
vn -8.72117805 -41.1650047 -24.5599346
vn -8.57896996 -14.0547647 -45.8549004
vn -3.31000066 -16.6957035 -45.6519928
vn -7.78671265 -3.21412468 -47.9879532
vn -1.81680834 -4.69272375 -48.4611664
vn -12.366725 -24.1460056 -40.4702568
vn -12.7108755 -10.6469793 -45.8135643
vn -29.7483864 -19.9332714 -33.0379295
vn -31.7752857 -4.43215895 -36.667347
vn -13.0103884 -0.00407216791 -46.9524918
vn -31.5277481 5.97505093 -36.6620598
vn -12.6910238 -34.2069435 -32.289772
vn -14.2271166 -39.7955589 -24.2427139
vn -23.6274052 -34.2655411 -25.3263798
vn -18.8546333 -40.1614952 -20.1336479
vn 1.41293931 18.3329582 45.1188774
vn 2.79283142 19.4008617 44.6050835
vn 3.69800925 21.6067886 43.5118179
vn 1.96868324 22.5136471 43.1632576
vn 4.2733736 18.7405758 44.7698135
vn 0.489911884 18.5941505 45.0313683
vn 2.46119452 24.8803825 41.8176537
vn 1.40600884 27.9122372 39.909111
vn -1.98550773 28.5594559 39.4236221
vn -0.170389041 10.3543901 47.608448
vn 0.922199368 9.89568996 47.6972923
vn -1.23960698 1.98114431 48.6656456
vn 0.0329939499 1.11276126 48.7090073
vn 3.22115612 10.1601086 47.5415993
vn -4.3383255 18.3528271 44.9239311
vn -6.6026907 11.5166006 46.8783455
vn -25.2077885 20.2499657 36.4460297
vn -28.5785847 14.5722008 36.6704597
vn -8.20782661 3.51469254 47.8966141
vn -30.8037281 7.61853504 36.97155
vn -2.80659389 24.9584274 41.7493324
vn -4.4806776 30.7879963 37.4943924
vn -18.8470592 27.7378674 35.3441124
vn -10.2730665 33.1527405 34.1930771
vn -1.84503281 46.265255 15.1634254
vn 2.12824821 45.7540398 16.6085968
vn 0.266295642 48.1596451 7.37460232
vn -2.48218584 48.202816 6.64333963
vn 2.32412577 44.8305321 18.9374924
vn 1.12792277 48.1114883 7.60387564
vn -0.693449259 47.5340157 10.6697235
vn -3.97614145 47.8275757 8.39761543
vn 0.0958251283 37.6590424 30.9126892
vn 2.33120108 37.2498055 31.3181171
vn 2.06330919 39.8973389 27.8882084
vn -8.24845505 46.1228905 13.3584871
vn -7.39385986 39.7236824 27.2243767
vn -22.2835693 41.6069603 12.0876245
vn -19.006155 38.033989 23.7905197
vn -7.95470238 47.598999 6.69810867
vn -10.3178873 47.4621735 3.83281255
vn -23.020031 42.5552406 5.73901653
vn -24.9416122 41.8535423 -0.0663123056
vn -2.9754684 -48.5117188 3.40097857
vn -3.35671973 -48.5912018 1.1977824
vn -4.81499052 -48.2071724 5.16634512
vn -6.28308296 -47.2488899 10.0931759
vn -3.4218843 -48.5952377 -0.774979353
vn -4.93021393 -48.4181862 2.27571821
vn -5.41703701 -43.4987297 21.267889
vn -8.15247345 -42.5044937 22.3765984
vn -2.39730453 -48.5147705 3.79164672
vn -3.34002042 -48.3021164 5.43659353
vn -3.35803008 -48.4827156 3.45788908
vn -3.29197264 -48.5090942 3.13659501
vn -0.760192513 -48.4263725 5.30238962
vn -11.3924942 -46.9517937 6.28865099
vn -10.1252718 -47.546936 3.25193691
vn -24.1907368 -41.8693504 5.96428919
vn -25.872488 -41.1885681 2.81478548
vn -10.3955479 -47.5416412 2.35195088
vn -26.7423935 -40.7178993 0.83932668
vn -12.501214 -45.0559235 13.6927052
vn -11.4062576 -42.4172325 21.0827637
vn -20.0942173 -42.830822 11.6426153
vn -14.5300446 -43.0772285 17.5224762
vn 2.23501444 17.2116089 -45.5255165
vn 2.07369137 13.8436356 -46.6675529
vn 2.06677985 10.4141579 -47.5508194
vn 4.57308054 10.6308832 -47.3273544
vn -0.586152136 19.1429062 -44.7996941
vn 3.57600856 20.3694096 -44.1146965
vn 3.42243242 24.2607727 -42.1130447
vn -1.8223567 22.3089638 -43.2758141
vn 6.06901169 27.964798 -39.4327774
vn 4.24926138 24.2646561 -42.0354271
vn 5.9347558 10.4219255 -47.2225494
vn 5.06843042 10.8735781 -47.2216415
vn -8.49380016 -47.8863106 -2.92638326
vn -19.7453213 -43.805687 -8.06169319
vn -24.157093 -41.8437424 -6.27242279
vn -7.88905716 -48.0787506 -0.0590844601
vn -6.84652424 -48.2382812 -0.0207196865
vn -14.9718142 -45.8077431 -7.16257858
vn -5.92297077 -48.2801361 -2.78457832
vn -4.3584609 -48.4258957 3.12149739
vn -5.74934101 -48.3722916 0.934473038
vn 8.93961334 44.7643013 17.0307846
vn 14.347724 42.8135033 18.3017349
vn 11.8081369 45.8618202 11.4484892
vn 9.69876289 46.8738785 9.08734703
vn 7.49358749 40.9920387 25.2449169
vn 14.6559362 39.0536499 25.1758499
vn 6.96579027 34.1369896 34.0580521
vn 10.4883356 35.4207458 31.7674809
vn 8.40204716 43.6888046 19.8620434
vn 6.25064611 41.019558 25.5368748
vn 2.84551954 33.5449829 35.219944
vn 9.68457985 47.1146431 7.76053095
vn -1.34128249 11.5718851 47.3085556
vn -0.040813379 12.3041735 47.1424713
vn 4.13805914 25.4473763 41.3414345
vn 2.80607796 21.5507717 43.6061592
vn 0.0988066047 9.40234756 47.8057899
vn -2.42488933 12.3625956 47.0647736
vn -0.548841894 15.3974037 46.2214851
vn 2.17507553 10.6997538 47.4825401
vn -2.61497808 16.5168018 45.7620354
vn -48.395565 -5.42149591 -1.51123011
vn -48.5242271 -4.3774147 -0.211076289
vn -48.5625267 3.93300104 -0.139963925
vn -48.5338745 4.13981819 -1.06393278
vn -48.5346794 -4.26514578 0.00545299845
vn -48.5732002 3.80148458 -0.00177454902
vn -47.9205437 8.79276371 -0.340502858
vn -47.8288078 9.18488503 -1.36018407
vn -47.9446297 8.66716766 -0.00155318656
vn -40.8387146 -26.3432713 -3.46961045
vn -41.9807701 -24.7028008 -1.09247744
vn -26.2822475 -40.655529 -5.49344683
vn -27.2050514 -40.3816681 -1.73578584
vn -42.0839119 -24.5505562 0.145211264
vn -45.7437057 -10.9282999 -12.7237043
vn -36.5108185 -30.0824909 -11.6537848
vn -23.1902695 -41.0823784 -12.1760473
vn -47.0016937 2.18966675 -12.6433077
vn -46.1215019 9.39490509 -12.5837145
vn -46.2450981 15.0471573 2.96323514
vn -42.7431145 18.1273346 14.7726955
vn -36.1116638 27.0048008 18.4525108
vn -41.3913689 24.7525673 6.91897154
vn -47.0794487 12.4033461 1.86807191
vn -44.8146057 14.078124 12.9330807
vn -47.8273582 9.19663429 1.3313632
vn -46.1583099 9.66056061 12.2429619
vn -46.6142426 14.1350451 1.05832005
vn -47.2270088 11.9602127 0.607819557
vn -46.7164268 13.8338633 0.081033729
vn -47.2627487 11.833807 0.00169397297
vn -47.9186325 8.80344772 0.332256168
vn -42.5710258 23.5582352 2.55425096
vn -42.3024101 24.1626053 -0.693935215
vn -48.4120407 -5.29744911 1.42055202
vn -45.9161797 -10.7156954 12.2753983
vn -47.1066017 2.43804979 12.1996279
vn -48.530529 4.18874598 1.02417958
vn -29.8665295 -20.4772663 32.5956917
vn -31.9217434 -3.75217986 36.6159821
vn -40.3237915 -27.1265221 3.45702147
vn -35.9181786 -31.0482464 10.9406385
vn -22.1367702 -36.3734665 23.6799755
vn -48.5287437 -4.32701492 0.210504547
vn -41.7162781 -25.1308079 1.41477954
vn -48.5613785 3.94737315 0.13333261
vn -46.3913307 14.6043415 -2.89224744
vn -46.6969681 13.8699236 -0.908325851
vn -40.8791542 26.1977234 -4.04737091
vn -38.2143517 29.0681229 -8.27736092
vn -27.3074856 39.9813881 -5.4402585
vn -26.7674751 38.5341568 -13.1311741
vn -47.0766563 12.4079752 -1.90730429
vn -47.2279892 11.9560232 -0.614324033
vn -42.9800224 17.6516132 -14.6610212
vn -44.8174095 13.9705486 -13.0395689
vn -25.2720222 21.3815365 -35.7485924
vn -29.8369255 13.7089453 -35.9948502
vn -31.9561405 31.6356411 -18.7562733
vn -19.5006142 37.4738922 -24.2742767
vn -15.5355072 31.4452438 -33.8179169
vn -7.98891115 36.1328812 -31.6922569
vn -4.17623758 -48.419117 -3.45757127
vn -1.37338257 -48.6234131 -2.77216816
vn -2.16119671 -48.6489182 -1.55537856
vn -3.54987216 -48.5863724 -0.755207121
vn -6.45294094 -47.0503769 -10.8824759
vn -1.79543269 -48.1193924 -7.42341757
vn -13.1778803 -46.5770226 -5.54360151
vn -14.7035007 -44.4148903 -13.5989542
vn -11.6802855 -47.2848358 -1.23365951
vn -3.66000152 44.3242378 -19.8940506
vn -3.71172285 43.6781273 -21.2661972
vn -0.18225348 35.6331635 -33.2272758
vn -3.61196971 37.1202087 -31.3504601
vn 3.41987705 19.1156349 -44.684494
vn -3.25838876 23.6002312 -42.4996376
vn -5.10076046 48.1964874 -4.98877811
vn -2.85105157 48.5286789 -3.26281738
vn -13.9130402 43.449894 -17.0979767
vn -13.7728796 46.5428429 -4.2282815
vn -13.3382006 35.3831177 -30.7235184
vn -8.09123325 29.0283298 -38.2843971
vn -4.70879459 -25.7221928 41.109642
vn -3.18484187 -25.4348755 41.4334488
vn -1.33554292 -11.5400658 47.3164864
vn -2.73066258 -10.75949 47.4403191
vn -6.84831333 -35.6185837 32.5303612
vn -4.55795622 -35.12817 33.4521179
vn -9.81280804 -25.5374203 40.3157043
vn -9.8241024 -37.4426956 29.5861149
vn -9.48878002 -9.12047291 46.9104118
vn 0.438129395 26.045742 -41.1732216
vn 4.33743715 27.7383022 -39.8193436
vn 0.895830214 11.213109 -47.4053841
vn -4.80132914 10.6827993 -47.2930412
vn 0.82274729 25.3940544 -41.5724869
vn 5.2752037 23.7336979 -42.22192
vn -5.76052904 23.0232735 -42.5505829
vn -2.18285704 29.0359478 -39.063488
vn -11.4599314 10.7650652 -46.1149673
vn -8.75618553 -2.0801661 -47.8832817
vn -7.41691351 -6.35823059 -47.7322693
vn -7.62994337 -6.9356184 -47.6181488
vn -6.43548107 -3.35932159 -48.1778603
vn -14.6938848 0.545045078 -46.4499741
vn -15.5949907 -10.3221493 -44.989521
vn -19.8376694 4.78025389 -44.242775
vn -23.2071762 -9.06410789 -41.8697548
vn -8.76163387 0.753314435 -47.9215317
vn -11.8652353 5.10322094 -46.978508
vn -7.72318554 0.592900872 -48.1020584
vn -10.7032881 2.34147191 -47.4738235
vn -18.6384315 6.03472281 -44.6093903
vn -20.3545666 0.0833032057 -44.2661476
vn -5.80271435 -2.75713754 -48.2963104
vn -4.37830353 -4.70211315 -48.2962494
vn -43.4797554 -12.3207836 -18.2075863
vn -42.612545 -11.2041788 -20.7952976
vn -35.233593 -6.8747077 -32.9414558
vn -35.5086174 -0.323322624 -33.3592682
vn -42.9440384 -21.240078 -8.85864353
vn -42.7659035 -20.0253983 -11.994503
vn -39.3143997 -28.7594109 -1.03977251
vn -39.6135445 -28.1354389 -3.60150409
vn -45.2313614 -9.52931595 -15.3987932
vn -43.8699875 -20.4285583 -5.64842319
vn -46.413681 -4.02310944 -14.2615376
vn -46.0192909 -15.6082029 -3.52364421
vn -37.722744 -30.7660503 2.06198716
vn -27.1708527 -39.2768784 9.63734341
vn -37.7854118 -1.68596613 -30.7120094
vn -39.2447014 -2.59558225 -28.7562771
vn -12.3059578 -30.0915718 36.2886658
vn 13.6067162 -33.4817085 32.6747589
vn 16.4797382 -3.50570297 45.7158089
vn -1.75364709 2.49333835 48.6262779
vn 28.2897968 -30.1028004 25.8324528
vn 28.3900452 -8.99793434 38.5596886
vn 12.0957642 15.3055325 44.6457138
vn 4.59061575 19.3582973 44.4745941
vn 19.5622768 4.43578386 44.4009933
vn -16.9329739 -45.5586395 3.38997793
vn 4.21388149 -48.4474564 2.98228312
vn 16.3521919 -45.7683945 3.41569757
vn -32.6683731 -19.9713688 30.1285419
vn -32.19347 -36.5610199 0.824427664
vn -44.7152596 -7.3348527 17.9039688
vn -42.0264816 -24.4788933 -2.89227748
vn -17.2924747 8.60499001 44.7295341
vn -5.9930253 21.2496471 43.4320564
vn -30.4908867 14.6501207 35.0640373
vn -17.3342419 22.5089283 39.5812988
vn -47.9430885 6.83407354 5.34439421
vn -47.493824 7.75679159 7.6141715
vn -47.9707413 -7.71953535 -3.60887814
vn -47.5095749 -9.68245506 -4.78506899
vn -38.8652267 22.5351295 18.8538933
vn -38.4067497 24.272562 17.594635
vn -22.987896 29.8593903 30.8833294
vn -24.7858391 33.8500137 24.7718716
vn -47.9780159 2.01287055 8.23801041
vn -36.4945374 20.1434231 25.2229595
vn -19.3950768 27.3364468 35.3603859
vn -46.0697861 -15.0451651 -5.00247574
vn 3.79168701 24.883358 41.7162895
vn 1.06058848 30.8228264 37.7178383
vn -10.21208 34.7268753 32.612339
vn -6.88906193 29.4913883 38.1655045
vn -0.331900418 25.6566467 41.4177895
vn 7.44361115 30.7178345 37.0784874
vn 12.4057369 15.4072685 44.5255051
vn 26.0695801 23.1334896 34.0444679
vn 6.35706139 23.1132011 42.4166794
vn 2.15486217 22.0284977 43.4040222
vn 10.9163208 6.24912119 47.0700493
vn -4.57808208 26.1482582 40.8548241
vn 39.0855255 -25.815794 13.4042444
vn 41.6164818 -22.5445175 11.5594196
vn 42.7729988 -6.76869965 22.3262615
vn 35.9237213 -14.2148571 29.6855373
vn 30.4116039 -37.9021416 3.51695752
vn 35.8389893 -31.809021 8.80680466
vn 34.9836884 -27.5117283 19.8255634
vn 22.6900921 -43.1021957 1.08030224
vn 31.9070187 -15.1440096 33.5620003
vn -35.3645096 -33.0984955 5.25814676
vn -37.7078438 -29.8815708 7.68223906
vn -37.3568764 -31.0876465 3.4393034
vn -35.6677017 -33.0535965 3.01356363
vn -30.0363808 -37.506031 8.05731773
vn -33.0308266 -33.9076004 11.534564
vn -19.8576202 -43.3629532 9.95672131
vn -23.5350094 -39.6647339 15.704113
vn -31.1741295 -37.0681305 5.28531122
vn -18.2723656 -44.4752007 7.86667919
vn -42.6423531 -13.7099237 -19.1696167
vn -45.4911079 -6.36728191 -16.2426453
vn -38.5143433 -6.12325525 -29.2054424
vn -37.1646461 -15.3668861 -27.503727
vn -22.3598022 -6.10015678 -42.8559761
vn -24.4657764 -15.4678221 -39.1915665
vn -40.2552834 -26.4577847 -7.30100346
vn -44.7201843 -18.9457684 -3.86910176
vn -22.9715405 -41.5810738 10.8226433
vn -26.9119987 -39.0688324 11.0985489
vn -35.5076561 -28.4324608 -17.4530258
vn -26.7669582 -27.6712513 -29.8603249
vn -25.4924412 -41.0134697 6.46822643
vn -23.7190228 -42.0364532 -6.64464712
vn -1.61352861 -11.6929302 -47.2702751
vn -4.89144516 -4.8439765 -48.2329407
vn -1.81689024 -8.94267654 -47.8595276
vn 0.904143155 -13.4748173 -46.8125916
vn -11.4106569 -12.8233118 -45.5978775
vn -10.8315535 -3.8380692 -47.3471603
vn 1.04735446 -20.9517975 -43.9742203
vn -11.6832094 -25.6872425 -39.7174416
vn 2.46617222 -34.6208038 -34.1924706
vn -10.7632303 -41.8649788 -22.4785118
vn 2.48013544 -18.3346272 -45.0721321
vn 5.34337234 -30.6761494 -37.4730453
vn -2.87454104 -45.4625359 17.28298
vn -7.42179394 -46.1439781 13.7643347
vn -9.50668621 -45.6179543 14.2278576
vn 7.22717381 -42.6668129 22.3856621
vn 18.1599236 -38.5184555 23.6717625
vn -3.42593932 -44.3858337 19.7981815
vn -10.1101704 -40.8667183 24.5255585
vn -16.5630798 -41.4762535 19.472847
vn -2.40773559 -44.1225319 20.5234432
vn 2.99850917 -45.752243 16.4787064
vn 23.276144 -23.7153778 35.6315765
vn 25.7507744 -33.3132782 24.5138702
vn 11.8206987 -19.5270329 43.0438538
vn 6.92019606 -21.1252213 43.3548508
vn -3.15278912 -48.0858727 7.18441772
vn 2.54360247 -48.2099419 6.56797981
vn -7.50861454 -46.4027367 12.8145895
vn 1.20393074 -44.9680252 -18.7145443
vn 9.02115059 -41.7220421 -23.488224
vn -12.3750877 -47.1229515 -0.302580357
vn 2.24732065 -48.6542206 1.23426199
vn 2.95216703 -48.6044731 1.64223671
vn -0.215760261 -48.5653572 3.89441657
vn -2.21973658 -48.6633949 0.867932975
vn -4.45197201 -48.2337227 5.24355602
vn 7.3797493 -47.1375465 -9.86903763
vn -1.14044142 -48.6026154 3.20805407
vn 13.2804165 -46.8170509 2.36665154
vn 9.90193176 -47.1121254 -7.49706507
vn 13.8137751 -46.5911064 3.50072956
vn 27.2390022 -26.1940403 -30.7524967
vn 0.823563695 -48.6103935 3.18724227
vn 1.18441224 -48.7049599 0.480536848
vn -3.08807111 -46.052742 15.6017838
vn 3.2916522 -48.231926 6.0542407
vn -1.34975624 -42.7176971 23.391943
vn 7.60612154 -37.9996986 29.5292511
vn 18.758337 -34.2479324 29.1377945
vn -5.46197367 -41.6423531 24.6959209
vn -9.15606499 -44.2162552 18.3001785
vn -1.84673417 -43.4689407 21.9282436
vn -0.553155005 -38.8319397 29.4207649
vn 1.77062774 -44.8663635 18.9124603
vn 3.66519427 -33.616024 35.0761452
vn -0.250517756 -44.6618538 19.4695435
vn 2.67593026 -45.6610565 16.7843513
vn 9.22783184 -27.7735844 38.952301
vn 13.1038103 -24.5637665 39.9839745
vn 5.84492683 -16.1431465 45.5965271
vn 3.60404539 -18.7890854 44.8083458
vn -11.2660189 -33.5707703 33.4647141
vn -1.69309986 -44.038578 20.773634
vn -11.0208797 -30.9880466 35.9456253
vn -5.28690147 -32.9644127 35.4852448
vn -13.9213924 -37.1571198 28.272789
vn -5.80260992 -40.8221359 25.9555397
vn -4.0926403e-05 -40.5590172 26.9958038
vn 8.80701991e-05 -41.7841415 25.0577812
vn -22.4272022 -35.2865944 25.01367
vn -31.8265686 -30.8895226 20.1671448
vn 17.0533752 -45.6280365 1.03531384
vn 10.8565044 -47.370121 3.46623111
vn -9.74748421 -47.6883888 2.14735746
vn -11.8722277 -46.7024078 7.19323397
vn -5.84625149 -48.2217178 3.7807405
vn -0.555008113 -48.6795998 -1.9481324
vn -1.67825842 -48.6508675 2.02083468
vn 6.86074972 -48.2191162 -1.28611493
vn 7.13678455 -48.1357651 2.41284132
vn -0.873495877 -47.0189171 12.7383356
vn 4.4765234 -45.4688835 16.9218273
vn 0.864465892 -48.7136345 0.20301877
vn -10.0368996 -45.9360008 -12.7652407
vn 9.21593073e-06 -45.389019 -17.7100048
vn 14.897665 -43.7037354 15.5515242
vn 7.53661966 -34.2268105 33.8457031
vn 1.53061056 -43.1631508 22.5478668
vn 4.22958899 -24.0968857 42.1338043
vn 4.43335247 -36.3048248 32.1886978
vn -10.5819998 -47.5577126 0.303394586
vn -1.12198377e-05 -45.7772369 -16.6808701
vn -9.63908291 -46.1556206 12.2700167
vn -3.61627572e-05 -46.7064056 -13.8679047
vn -2.24734545 -48.6542206 1.23426068
vn -2.95217967 -48.6044693 1.64223599
vn 0.215760455 -48.5653572 3.89441562
vn 2.21973372 -48.6634026 0.867934525
vn 4.45199919 -48.2337189 5.24355555
vn 1.14041972 -48.6026154 3.20805597
vn -7.37973595 -47.1375504 -9.86903572
vn -9.90193939 -47.1121254 -7.49705839
vn -13.280345 -46.8170776 2.36665606
vn -13.8137436 -46.591114 3.50073266
vn -27.2390137 -26.1940498 -30.7524853
vn -0.823597312 -48.6103935 3.18724227
vn -1.18445134 -48.7049599 0.480535895
vn 3.08804679 -46.0527382 15.6017885
vn -3.29172444 -48.2319145 6.05423832
vn 1.34974194 -42.7176971 23.3919468
vn -7.6061306 -37.9996986 29.529253
vn -18.7583275 -34.2479286 29.1378002
vn 5.46196079 -41.6423531 24.6959209
vn 9.15605068 -44.2162552 18.3001728
vn 0.553148687 -38.8319397 29.4207668
vn 1.84673178 -43.4689407 21.9282436
vn -3.66519833 -33.6160202 35.0761452
vn -1.77062774 -44.8663635 18.9124584
vn 0.250523418 -44.66185 19.4695454
vn -2.67593026 -45.6610565 16.7843513
vn -9.22782993 -27.7735844 38.952301
vn -13.1038027 -24.5637703 39.9839821
vn -5.84493256 -16.1431408 45.5965195
vn -3.60404277 -18.7890835 44.8083496
vn 11.2660112 -33.5707664 33.4647141
vn 1.69309294 -44.0385742 20.773634
vn 11.0208807 -30.9880466 35.9456253
vn 5.28694153 -32.9644089 35.4852448
vn 5.80265379 -40.8221359 25.9555321
vn 13.9214373 -37.1571083 28.2727737
vn 22.4271202 -35.2866325 25.0136986
vn 31.8264198 -30.8896313 20.1672192
vn -17.0533962 -45.6280327 1.03532386
vn -10.8563938 -47.3701477 3.46623325
vn 9.74749947 -47.688385 2.14735866
vn 11.8722296 -46.702404 7.19323111
vn 5.84625149 -48.2217178 3.78074074
vn 1.67825568 -48.6508675 2.02083588
vn 0.554990649 -48.6796074 -1.94813263
vn -7.13677311 -48.1357613 2.4128437
vn -6.86080074 -48.2191124 -1.28611505
vn 0.873494804 -47.0189171 12.7383337
vn -4.4765234 -45.4688835 16.9218273
vn -0.8644647 -48.7136345 0.203019902
vn 10.0369081 -45.9360008 -12.7652378
vn -14.8976593 -43.7037354 15.5515261
vn -1.53060043 -43.1631584 22.5478668
vn -7.53661299 -34.2268066 33.8457069
vn -4.43333054 -36.3048248 32.1886978
vn -4.22958231 -24.0968895 42.1338005
vn 10.5820084 -47.5577126 0.30339402
vn 9.63907528 -46.155632 12.2700109
vn -10.4896011 -7.33879471 47.009758
vn -4.21879721 -24.0418758 42.1662979
vn -48.4676857 -4.8226757 -1.19659936
vn 0.452032745 -47.2816696 -11.7493143
vn -0.0880329534 -33.9843941 34.9121819
vn -47.0258636 -1.58727896 -12.643383
vn -0.0158967916 -19.6053982 -44.6030846
vn 47.0241852 -1.0542897 -12.7051678
vn 43.318676 7.87214422 -20.8645287
vn 0.230798036 33.2869873 -35.577095
vn -43.2223015 7.90702009 -21.0503788
vn -45.8484573 -13.063652 10.0531788
vn -43.7837944 -15.156662 15.0685911
vn -36.248745 -18.1499062 27.0262127
vn -39.0760155 -16.0772228 24.2568493
vn -35.3687782 -18.0713234 28.218502
vn -35.3937988 -17.0395393 28.8225632
vn -41.9596863 -10.4184999 22.4643459
vn -34.0915794 -15.2003632 31.3132572
vn -36.517662 -15.9813309 28.015419
vn -42.7817345 -10.0317526 21.0450516
vn -48.1007767 -5.12130308 5.82189989
vn -45.5230713 -0.70027411 17.3483982
vn -48.5884209 3.01302004 1.97328472
vn -36.4235725 -12.3455858 29.9118137
vn -37.5355721 -3.08774972 30.9087925
vn -47.4868584 -0.288707018 -10.8959608
vn -47.7651443 -7.75732279 -5.66763926
vn -38.331768 2.9347086 -29.9310951
vn -40.8038216 -1.22926533 -26.5959396
vn -46.5599098 5.35614204 -13.3151541
vn -37.3186913 5.87761164 -30.7664757
vn -47.9035492 -8.63599491 2.11578965
vn -47.7615738 -4.08111811 8.71684074
vn -43.5657997 -1.85696983 -21.734293
vn -45.1154137 -0.760935664 -18.3800812
vn 8.73871899 2.92523217 -47.842289
vn 8.83465385 2.02847815 -47.8710861
vn 2.00823617 1.98458862 -48.6398544
vn 2.0067873 2.71854281 -48.6044121
vn -1.60294832e-07 1.95410895 -48.6825256
vn 0 2.67685342 -48.6481361
vn 9.2866869 0.949338377 -47.8190651
vn 2.00886345 1.29696381 -48.6630173
vn -1.20204049e-07 1.27700913 -48.704998
vn 2.00464559 3.43675494 -48.5590057
vn 8.72790146 3.69748759 -47.7907867
vn 2.00209785 4.09097576 -48.5083733
vn 8.71524334 4.4006176 -47.7334862
vn -1.43243551e-06 3.38412857 -48.6040611
vn -3.42529142e-06 4.02838755 -48.5549088
vn 21.872427 3.93109703 -43.3583984
vn 23.0128784 2.56179428 -42.867836
vn 38.331768 2.93470263 -29.9310799
vn 40.8461113 -1.33582485 -26.5257893
vn 21.4678802 5.12657261 -43.4356499
vn 37.3186951 5.87760592 -30.76647
vn 24.752039 1.06684089 -41.9524155
vn 27.0598335 -1.10253334 -40.5013199
vn 43.8215446 -3.44698763 -21.0142193
vn 45.777317 -4.95576477 -15.9274826
vn 45.8375587 -13.1776886 9.95355129
vn 43.4388618 -16.9550571 14.1208477
vn 47.4162903 -10.9999294 2.12226224
vn 47.7324753 -7.9615097 -5.65964413
vn 41.9413605 -15.0516729 19.7021809
vn 46.9225426 -9.67186642 8.86212158
vn 47.4868584 -0.288711071 -10.8959579
vn 48.1007729 -5.12131071 5.82187128
vn 46.5599098 5.35612679 -13.3151598
vn 48.5884209 3.01301241 1.97326756
vn 42.7817268 -10.0317612 21.0450516
vn 39.0760002 -16.0772381 24.2568684
vn 36.4235458 -12.3455982 29.9118462
vn 35.3937569 -17.0395603 28.8226013
vn 45.5230598 -0.700268447 17.3484039
vn 37.5355606 -3.08774233 30.908802
vn 36.2757797 -18.9578152 26.4286976
vn 35.1609077 -17.6551151 28.7369919
vn 35.5329437 -18.3036804 27.8602276
vn 37.3314476 -16.8437881 26.3904724
vn -16.5855637 -15.1593313 43.2310143
vn -18.8017426 -18.7944527 40.8297729
vn -0.555051088 -18.5355244 45.0547791
vn -0.298082322 -14.2405586 46.5931816
vn -5.71195096e-06 -18.3856792 45.1195488
vn -6.34987964e-06 -14.6662598 46.4618988
vn -20.9669228 -17.1236992 40.5089378
vn -0.136852935 -18.9670925 44.8780327
vn 6.92178901e-06 -19.8089867 44.5130463
vn -0.380129367 -6.01913452 48.3470039
vn -13.3314428 -7.71738148 46.2225189
vn -0.608227015 1.42276943 48.6971512
vn -9.84326935 0.528454423 47.7141304
vn 2.79134201e-06 -6.52950668 48.2822151
vn 2.21339428e-06 1.14651418 48.7082367
vn -27.6823292 -11.2211809 38.4912987
vn -30.2392883 -16.8779335 34.2713814
vn -24.6266689 -2.01772928 41.9912224
vn -32.6099586 -18.9032135 30.8717766
vn -36.6426773 -16.1377201 27.7613888
vn -17.2144623 -44.6171608 9.31550694
vn -12.5632782 -47.0740738 -0.0492694266
vn -4.42462444 -48.4921341 1.65603423
vn -7.59366512 -47.8802414 4.86063004
vn -1.90942061 -48.6395264 2.08740616
vn -3.10352182 -48.5510559 2.64002943
vn -10.2158604 -47.0285034 -7.60016918
vn -3.83629131 -48.5623932 -0.885347545
vn -1.52144241 -48.6628685 1.84860206
vn -11.6239958 -44.7589417 15.3403635
vn -20.4984646 -38.7028542 21.3473396
vn -12.934144 -38.8890495 26.3468552
vn -18.0280437 -32.2370758 31.7737007
vn -5.71385145 -47.1852341 10.7104101
vn -9.32849503 -43.015419 20.8916225
vn -26.8375435 -32.2176895 24.8107567
vn -27.6600208 -38.1793365 12.2909765
vn -33.1338196 -24.5328083 25.9634018
vn -37.2230263 -28.1327572 14.0285835
vn -21.3315411 -29.4980412 32.3826828
vn -26.0702419 -25.5812206 32.2451591
vn -24.4639168 -42.0603943 -2.4994359
vn -18.9767475 -42.1659164 -15.3533707
vn -35.1731758 -33.5179329 -3.6335721
vn -26.5469551 -35.2266731 -20.6917267
vn -5.91811419 -46.8850098 -11.8566017
vn -2.80361915 -47.4108391 -10.8700714
vn -1.4933089 -48.6975136 -0.359814137
vn -2.70049 -48.6263733 -1.41073763
vn -0.917379856 -48.6270981 2.89323521
vn -1.58669817 -48.6635017 1.7756623
vn 0.461075068 -47.5217972 -10.7365208
vn 0.269738197 -48.7209778 -0.0224497449
vn 0.176154763 -48.6146736 3.22327375
vn -3.40587449 -48.5534821 -2.18320274
vn -8.24291515 -46.5599747 -11.7486048
vn -1.61306679 -48.6765404 1.34138298
vn -13.6977196 -41.1611748 -22.1796513
vn -9.65121651 -41.4242325 -23.7632885
vn -18.0644932 -34.4950638 -29.2843189
vn -12.3535671 -35.0457764 -31.5117359
vn -4.52086258 -42.4305954 -23.5162315
vn 0.713502824 -42.6297379 -23.5797215
vn -6.03761148 -36.2242622 -32.0180664
vn 1.11239898 -36.2453537 -32.5398827
vn 36.437664 -27.2189503 17.4709034
vn 38.1577759 -24.3747444 17.9906311
vn 33.7309608 -30.5085144 17.4716835
vn 30.4066353 -35.9801102 12.4368505
vn 24.736063 -38.933197 15.6888609
vn 19.4713306 -43.8437881 8.50861835
vn 36.7432518 -26.0974598 18.5111485
vn 31.6730347 -31.7162304 19.09729
vn 23.0042324 -40.1126785 15.3487587
vn 20.2961655 -43.7940254 6.62996864
vn 29.9222145 -36.9443436 10.6575699
vn 10.1946096 -47.6387901 0.650057018
vn 19.6025124 -44.5434723 -2.32968998
vn 10.909008 -47.332222 3.80276656
vn 5.1980648 -48.3983421 2.09462976
vn 31.8077126 -34.8829079 12.052352
vn 30.9679108 -32.2493935 19.3590336
vn 32.3675575 -35.5384941 7.94756174
vn 26.2070942 -36.9741249 17.8860168
vn 27.4553032 -39.7122307 -6.55377054
vn 32.5836143 -33.5878601 -13.5635891
vn 32.3593788 -31.8116531 17.7396927
vn 34.3647957 -31.1206818 14.9790154
vn 26.5507259 -36.4182854 18.5087605
vn 31.5768738 -34.3539009 14.0184698
vn 15.4597721 -33.4668961 31.8554459
vn -2.13574505 -31.0643005 37.4733849
vn -4.34505844 -42.6186066 23.207365
vn 7.55587435 -43.1753693 21.2744713
vn -5.61984825 -45.7350464 15.8281279
vn 1.49837267 -46.8877831 13.1566591
vn -3.84522843 -25.8666992 41.1088181
vn -2.61124182 -40.2265816 27.364399
vn -1.47125804 -44.8967819 18.8658829
vn 22.875103 -38.4474373 19.2958755
vn 31.2103138 -29.7359543 22.7045403
vn 12.8655043 -45.1995697 12.8563032
vn 31.5415859 -30.887455 20.6131172
vn 17.555275 -26.1293793 37.187027
vn 29.0305519 -31.0386314 23.8251343
vn 13.6956463 -19.0481606 42.7013321
vn -1.22137737 -15.7814913 46.078846
vn -3.37115312 -8.74190521 47.8123474
vn -3.86250377 -2.27399182 48.5151138
vn -1.84787261 3.47706532 48.5623512
vn 0.468291789 7.66130161 48.113327
vn -3.24110484 -7.49928141 48.0318909
vn 5.14718151 3.63030195 48.3128777
vn 8.99614906 12.1858416 46.3074608
vn -0.550986707 10.7247744 47.5234947
vn -0.0721944124 14.169239 46.6158104
vn -8.62236786 -19.3430576 43.8783302
vn -0.735203564 -6.85736418 48.2311401
vn 11.0190811 12.6497478 45.7424393
vn 1.02393293 11.8366852 47.2509346
vn 13.0174541 6.93113184 46.4361076
vn -3.91304588 8.28594494 47.852253
vn -4.74387065e-07 14.0079355 46.6645927
vn 7.15982196e-07 7.77998543 48.0965576
vn -27.7069035 12.2225447 38.1673088
vn -23.8069801 4.10933828 42.3101387
vn -36.9368706 12.1965561 29.338007
vn -37.2241402 4.81267214 31.064579
vn -35.731369 10.8510466 31.2942619
vn -37.3284645 12.3730211 28.762846
vn -20.1974754 -13.9577494 42.0838509
vn -16.1935902 -26.0856476 37.8300629
vn -33.5780106 -12.6512079 32.958622
vn -18.1389065 -4.92226696 44.9506149
vn -11.2944221 4.95164013 47.1351662
vn 12.4500933 -0.545224309 47.1010056
vn 8.45041275 -10.4482822 46.8319435
vn 2.63821926e-06 -2.74704313 48.6442261
vn 2.15117711e-06 -13.2505541 46.8852844
vn 3.12774301 -17.3198395 45.4317894
vn -21.0979309 -12.9867735 41.9526901
vn 6.66081269e-06 -19.3649006 44.7080269
vn -41.6145668 -9.34140491 23.5536137
vn -43.9193001 -1.14612222 21.0615501
vn -38.9269218 -9.55393314 27.6988068
vn -40.2315025 -1.30028844 27.4507179
vn -41.7694168 6.81848001 24.1377544
vn -39.3743362 6.83445644 27.8703918
vn 43.7057343 -12.2991152 17.6733494
vn 33.9451675 -30.666811 16.7654152
vn 39.249855 -28.8661308 0.0455366299
vn 46.6254234 -13.738637 -3.33562183
vn 36.4107552 -23.881918 -21.8567562
vn 39.3598251 -13.8215103 -25.1709538
vn 48.6050987 3.19548035 1.06757128
vn 43.740593 9.45727634 19.2646732
vn 47.0022087 9.16455269 8.97831345
vn 40.6574707 15.0302629 22.2456341
vn 42.9127502 -5.85369158 -22.3167362
vn 45.7901649 0.79713887 -16.6262474
vn 35.1129189 12.912652 31.2114296
vn 37.0551987 -7.63211775 30.6996651
vn 36.0415497 12.6951904 30.2265682
vn 37.9308853 -2.02664566 30.5114346
vn 34.3590317 15.8813334 30.676487
vn 37.8527641 13.8586102 27.3662891
vn 30.8570919 -29.2016392 23.8518486
vn 35.3450165 -25.6506653 21.6004601
vn 40.7920151 -0.536906242 26.6370029
vn 40.6813583 8.09984589 25.5582981
vn 46.0730858 6.92316151 14.2529669
vn 46.3048515 0.479294956 15.1472139
vn 47.0091743 5.17629766 -11.711113
vn 47.8039932 1.02846396 -9.35559464
vn 46.3166351 -7.80187941 12.9501781
vn 41.1376114 -9.88572979 24.1614494
vn 46.8811378 -5.87066078 -11.8954268
vn 35.1475372 -11.55126 31.7021446
vn 35.4460678 -1.1540401 33.4073524
vn 40.7782364 -11.2577677 24.1703377
vn 42.8657608 -1.41547191 23.1155796
vn 35.3416443 9.1644516 32.2612381
vn 41.4284401 8.50906086 24.18857
vn 14.6741533 -9.56954956 -45.4631729
vn 15.7043238 -20.6930065 -41.2186928
vn 9.45540524 -24.3883324 -41.1048851
vn 9.23336124 -9.07445431 -46.9702721
vn 1.66948378 -27.5601444 -40.1429749
vn 2.14032269 -11.247879 -47.3572693
vn 13.0338049 -31.102953 -35.1643753
vn 7.23051262 -33.9941292 -34.1456566
vn 5.76487637 0.328967214 -48.3783531
vn 10.5883827 -4.56365633 -47.3377876
vn 2.78047085 -1.48828971 -48.6195526
vn 8.25407314 -3.60431027 -47.8820038
vn 1.91923571 2.37614107 -48.6258926
vn 1.01843917 0.737627089 -48.7054977
vn 24.8840256 -8.66605473 -40.9816093
vn 24.9800816 -12.627368 -39.8792191
vn 26.2817745 -3.73276114 -40.8551292
vn 24.5896645 -20.033596 -36.9839249
vn 21.8296928 -30.7660828 -30.8337383
vn 10.385211 -0.234595597 -47.6014671
vn 8.9686327 -1.24478507 -47.8729668
vn 1.68945658 -2.37582517 -48.6344337
vn 1.84144211 -0.819285095 -48.6800232
vn 0.186999157 -2.13639379 -48.674511
vn 0.000365457206 -0.950270236 -48.7124596
vn 1.97784185 0.454181701 -48.679451
vn 10.2186852 -0.166369647 -47.6377792
vn 4.00921074e-08 0.400869489 -48.7200813
vn 29.7049026 -2.62805605 -38.5294571
vn 30.9319496 0.61268121 -37.6383553
vn 28.9541206 1.72348797 -39.1470947
vn -46.4176903 2.84771705 14.5291166
vn -44.5263062 -12.8890152 15.0029545
vn -39.5101204 -10.6740665 26.4352341
vn -40.6673317 4.34884739 26.4775887
vn -38.2678604 11.6480808 27.8154602
vn -45.08078 8.33278275 16.4953022
vn -35.1598549 11.1517143 31.8312893
vn -42.6139145 5.50853109 22.9677486
vn -48.4653625 3.22309542 3.81145692
vn -48.6773338 -1.32677364 -1.60113227
vn -44.3682594 -1.702268 -20.0590916
vn -41.6950111 -6.76871443 -24.2799702
vn -47.8043633 -1.39697349 9.30581951
vn -45.3678169 -4.57469368 -17.1650963
vn -44.5648079 -19.363945 -3.58085847
vn -34.9208145 -23.4318771 -24.6026649
vn -38.0633125 -1.16073406 30.39151
vn -39.6170883 2.82905078 28.218605
vn -31.8836098 6.22337675 36.3113174
vn -30.6057129 -1.08740282 37.8934669
vn -31.6745644 -8.64744949 35.9965363
vn -39.4442978 -5.71799088 28.0224667
vn -47.0051346 -3.65489507 12.2868185
vn -46.6741638 -1.41810417 13.9038925
vn -45.8391151 -2.78534937 -16.2734089
vn -46.4686356 -1.69085813 -14.5469503
vn -47.1112556 0.115314566 12.4226961
vn -46.0070686 -1.26517832 -15.9861202
vn 19.0996151 -4.98566914 44.5438576
vn 11.795208 5.2878809 46.9757195
vn 42.6261749 7.69226122 22.3079605
vn 45.1598053 -1.15811789 18.2498684
vn 3.99367499 8.38536644 47.8282661
vn 35.8973999 11.2296972 30.968977
vn 42.378273 -10.2275085 21.7551594
vn 21.5214348 -13.2964239 41.6394081
vn 36.8147316 -16.3783245 27.390377
vn 21.0297451 -17.1922073 40.4473076
vn -3.12662125 -17.3210621 45.4314003
vn -8.44840622 -10.4483814 46.832283
vn 0.136855349 -18.9670944 44.8780327
vn -12.4492054 -0.544075966 47.1012535
vn -13.0174551 6.93113089 46.4361076
vn -0.396199584 10.186842 47.6432381
vn 6.32454634 -5.07491922 48.0421906
vn 28.0387287 -18.1930943 35.4492264
vn 27.0668964 2.3028357 40.4460983
vn 27.6421242 12.2344227 38.210453
vn -1.04520619 11.8622131 47.244072
vn -11.0214825 12.6527529 45.741024
vn -9.43918896 13.2715721 45.9192085
vn -7.67514992 7.90144253 47.4601517
vn -13.7332344 -27.2812214 37.9597168
vn -15.6132631 -29.1467171 35.7840996
vn -13.5035887 -35.8792343 30.0689297
vn -9.68587017 -36.9946899 30.1891365
vn -9.57196712 -42.0509987 22.6693115
vn -4.56849623 -43.6249199 21.20854
vn -1.18928921 -38.9357147 29.2643566
vn -4.9845705 -25.9183311 40.9536514
vn 2.03764009 -44.2797508 20.2227249
vn -4.75384092 -15.7502861 45.8599625
vn -12.6966286 -24.2213955 40.3227768
vn -15.2262878 -28.2320042 36.6731606
vn 16.5855656 -15.1593256 43.2310181
vn 18.8017368 -18.7944527 40.8297729
vn 32.6195831 -18.9092464 30.8579025
vn 30.2392769 -16.877943 34.2713928
vn 27.6823158 -11.2211914 38.4913063
vn 13.3314419 -7.71738005 46.2225189
vn 24.6266651 -2.01773238 41.9912224
vn 9.84326172 0.528454959 47.7141304
vn 0.380128503 -6.01912928 48.3470001
vn 0.298071504 -14.24055 46.5931816
vn 0.608229697 1.42277658 48.6971512
vn 0.555044115 -18.5355206 45.0547791
vn -9.73804474 -1.09867311 -47.7259903
vn -9.75348186 -2.17493725 -47.6859169
vn -27.4995461 -2.17529249 -40.1603012
vn -27.9908371 -1.47110128 -39.8516731
vn -10.7796564 -0.902610481 -47.5056992
vn -27.3753586 -3.56060028 -40.1462173
vn -27.0998688 -1.18000793 -40.4723587
vn -9.39454174 0.0638710707 -47.8073769
vn -25.8109837 0.588561356 -41.318924
vn -8.95474339 1.2306329 -47.8759346
vn -2.01178527 0.407100886 -48.6784744
vn -2.01371408 -0.96439749 -48.6705437
vn -2.00886369 1.29696262 -48.6630173
vn -2.03649902 -1.93586123 -48.6406441
vn -2.57760739 1.07440972 -48.6416321
vn -15.6710482 -12.3004742 -44.4626045
vn -14.6621418 -26.9308605 -37.8623466
vn -22.8560486 -25.0931568 -34.9534111
vn -26.9306889 -10.4028797 -39.2469749
vn -27.7353134 -2.85716176 -39.9549179
vn -13.3735027 -0.765951872 -46.844101
vn -4.2834692 1.42397928 -48.5121727
vn -6.46491861 -12.2595301 -46.7088432
vn -7.03274107 -28.0646877 -39.2010307
vn 5.77525949 -46.7384338 -12.4888763
vn 10.500206 -46.3803787 -10.6025257
vn 4.9449296 -48.4169235 -2.27061582
vn 2.82489228 -48.5873642 -2.25710344
vn 2.57471919 -48.6468315 0.814449251
vn 1.73910439 -48.683548 0.833551288
vn 1.80915987 -48.6770248 -1.03979158
vn 3.19563627 -47.2239571 -11.5538979
vn 1.1640991 -48.6566658 2.23186231
vn 5.04615355 -41.6219788 -24.8184204
vn 9.53591824 -40.4163818 -25.4831257
vn 16.7666664 -40.500248 -21.2700577
vn -8.73872375 2.92522955 -47.842289
vn -8.78201675 2.09242392 -47.8780174
vn -24.5076027 1.52525055 -42.0815659
vn -23.0128899 2.5617907 -42.8678284
vn -21.8724213 3.93110514 -43.3583946
vn -8.72789478 3.69749856 -47.7907867
vn -21.4678726 5.12657309 -43.4356499
vn -8.71524048 4.40062141 -47.73349
vn -2.00464749 3.43676424 -48.5590057
vn -2.00678825 2.71854329 -48.6044121
vn -2.00210142 4.09097815 -48.5083733
vn -2.00823736 1.98458982 -48.6398544
vn 8.69198799 5.27409029 -47.6491356
vn 21.4009666 6.14135933 -43.3369293
vn 21.4281139 5.75260878 -43.3768387
vn 8.70144272 4.93934679 -47.6832733
vn 37.1240158 7.13835621 -30.7352924
vn 37.1772804 6.68746996 -30.7723045
vn 1.99916434 4.59238434 -48.4635963
vn 1.99715352 4.90404177 -48.4331322
vn -1.99284091e-06 4.52203894 -48.5114212
vn 2.61464538e-06 4.82886839 -48.4818382
vn 1.99583983 5.07542181 -48.4155273
vn 8.68595314 5.45813513 -47.629509
vn 1.94760501 5.12846375 -48.4119072
vn 8.50143242 5.50569344 -47.6573143
vn 2.61464015e-06 4.99755287 -48.4647408
vn 0 5.05143213 -48.459156
vn 21.3843174 6.35510492 -43.3143158
vn 37.092701 7.3864646 -30.7144737
vn 21.0718822 6.40234709 -43.4602394
vn 36.9230118 7.45804071 -30.9010677
vn 48.1413765 7.49767303 -1.32314635e-05
vn 46.1023216 7.46629906 13.8793812
vn 46.0888672 5.91468763 14.6505919
vn 48.2410393 6.82364035 0.216966614
vn 37.1240044 7.1383357 30.7353153
vn 37.371933 4.88303614 30.8755856
vn 46.1701241 6.99603939 -13.8990011
vn 46.1023216 7.46631718 -13.8793774
vn 46.0630875 7.72484875 -13.8681412
vn 48.1002655 7.75702047 -5.81040058e-06
vn 46.0391922 7.80794334 -13.9009352
vn 48.0867157 7.84056234 9.07184221e-06
vn 46.0630875 7.72484303 13.8681498
vn 37.0926971 7.38644361 30.7144814
vn 46.0391808 7.80795383 13.9009552
vn 36.9230118 7.45803785 30.9010658
vn 8.48273277 5.06951666 47.7090187
vn 1.62035251 4.28597689 48.5057945
vn 1.05408084 3.67072272 48.5718193
vn 8.30394268 4.35190105 47.8112183
vn 7.43904684e-06 3.97658944 48.5591774
vn 2.26797965e-06 3.32921505 48.6078529
vn 22.1180706 4.62150621 43.1652603
vn 21.3887005 6.12950468 43.3446655
vn 21.3843365 6.35507536 43.3143158
vn 8.67837429 5.45154047 47.6316452
vn 21.0719166 6.40233278 43.460228
vn 8.50145435 5.5056715 47.6573143
vn 1.94216371 5.01662683 48.4238396
vn 8.13538099e-06 4.89483595 48.4752274
vn 1.94761145 5.12844515 48.4119072
vn 6.67406402e-06 5.05141973 48.4591599
vn -8.69200134 5.27410078 -47.6491318
vn -1.99715567 4.90403938 -48.4331322
vn -1.99916935 4.59237766 -48.4635963
vn -8.70145035 4.93934202 -47.6832695
vn -21.428112 5.75261116 -43.3768425
vn -21.4009666 6.14137888 -43.3369217
vn -37.177269 6.68747711 -30.7723083
vn -37.1240044 7.13837242 -30.7352982
vn -21.3843365 6.35512161 -43.3143044
vn -8.68597412 5.45814371 -47.6295013
vn -21.0719223 6.40235329 -43.4602203
vn -8.50145721 5.50569725 -47.6573105
vn -37.0926857 7.38648272 -30.7144852
vn -36.9230042 7.4580493 -30.9010677
vn -1.99584568 5.07541752 -48.4155273
vn -1.94761717 5.12846375 -48.4119034
vn -48.1413727 7.49767876 1.86006982e-05
vn -46.1023216 7.46631908 -13.8793602
vn -46.1701241 6.99604654 -13.8989916
vn -48.2410393 6.82363892 0.216975972
vn -46.088871 5.91468 14.6505766
vn -46.1023216 7.46631289 13.879384
vn -37.3719406 4.8830266 30.8755703
vn -37.1240005 7.13834143 30.7353096
vn -46.0630875 7.72484732 13.8681526
vn -48.1002655 7.75702333 1.26092445e-05
vn -46.0391846 7.80793285 13.9009485
vn -48.0867195 7.84054804 -3.57721547e-06
vn -37.0926933 7.38644648 30.7144871
vn -36.9230118 7.45802832 30.9010658
vn -46.0630875 7.72486162 -13.868144
vn -46.0391808 7.80795193 -13.9009619
vn -8.48273087 5.06951046 47.7090187
vn -21.3886929 6.12950039 43.3446655
vn -22.1180782 4.62150049 43.1652603
vn -8.30395126 4.35189772 47.8112183
vn -1.0540787 3.67072058 48.5718193
vn -1.62034631 4.28597403 48.5057907
vn -1.9421525 5.01662302 48.4238396
vn -8.67836189 5.45153666 47.631649
vn -1.9475981 5.12844849 48.4119072
vn -8.501441 5.50567675 47.6573181
vn -21.3843288 6.3550725 43.3143158
vn -21.0719166 6.40233135 43.4602242
vn 7.20384932 8.08404446 47.5032616
vn 7.63688993 0.755516946 48.1135521
vn 1.5044651e-06 0.128271922 48.7215614
vn 2.60581805e-06 7.60778999 48.1240959
vn 8.02724075 -6.5828805 47.6028976
vn 4.63282447e-07 -7.36105204 48.1624527
vn -7.63689184 0.755518794 48.1135521
vn -7.20384645 8.08405113 47.5032578
vn -8.02723885 -6.58288717 47.6028938
vn 17.5951977 22.8382721 39.2763214
vn 20.5970516 10.4730349 42.8938637
vn 6.26012087 20.9613647 43.5343399
vn 21.9965286 3.46073651 43.335701
vn 23.1660404 -3.52013731 42.7170906
vn 22.1978741 -16.8247852 39.9748421
vn 7.58087444 -19.7537422 43.8876648
vn -4.09509965e-07 -20.547102 44.1771812
vn -7.58087492 -19.7537327 43.8876648
vn -22.1978703 -16.8247814 39.9748459
vn -23.16605 -3.52013946 42.7170868
vn -21.9965229 3.46073222 43.335701
vn -20.5970535 10.4730425 42.8938637
vn -6.26011324 20.9613686 43.5343399
vn -17.5951977 22.8382721 39.2763214
vn 1.99021474e-06 20.6996059 44.1059303
vn 32.5920486 14.4853268 -33.192482
vn 33.0553246 6.9666419 -35.1086655
vn 45.6758499 9.77137375 -13.8579855
vn 44.4776726 16.0404568 -11.7578526
vn 34.750061 -0.15813303 -34.1498947
vn 46.6192551 3.95611143 -13.5941439
vn 42.9310722 8.44671631 21.4332142
vn 40.5746078 15.0721893 22.3682251
vn 44.1288948 2.04285455 20.5493183
vn 19.5110321 28.8709984 -34.052784
vn 20.0875664 13.8010168 -42.1880188
vn 31.0892849 27.102459 -25.9368477
vn 20.3661308 3.64160109 -44.1108398
vn 21.9438705 -6.39874506 -43.0270767
vn 23.4507065 -22.5342007 -36.2778358
vn 36.843998 -13.3180752 -28.9647293
vn 47.0643272 -7.48342943 -10.136776
vn 42.9513626 -10.524662 20.450407
vn 34.2657585 26.5295372 22.2676563
vn 39.9865952 27.1304436 -6.23041725
vn 14.1090784 -15.4204435 44.010807
vn 14.8722057 -2.13243127 46.3473511
vn 7.91296225e-06 -0.472131073 48.7194405
vn -2.28365843e-06 -14.9846516 46.3601913
vn 13.8890018 11.7976122 45.1853828
vn 6.35797778e-06 14.2138643 46.6022873
vn -14.872201 -2.13242221 46.3473511
vn -14.1090746 -15.4204626 44.0107956
vn -13.8889885 11.7976236 45.1853828
vn 22.8973103 -27.7872105 32.8236389
vn 27.318222 -16.5602036 36.7869759
vn 11.2058973 -29.3813705 37.2151794
vn 28.7959957 -6.32039976 38.7898216
vn 28.0335903 5.37723684 39.4842987
vn 23.9507713 20.8458557 36.954258
vn 10.8089447 27.4329071 38.7867203
vn -4.07778907e-06 29.6416817 38.6675262
vn -10.8089504 27.4328899 38.7867241
vn -23.950779 20.8458557 36.954258
vn -28.0335999 5.37724447 39.4842949
vn -28.7960072 -6.32039022 38.7898102
vn -27.318222 -16.5602093 36.786972
vn -11.2059126 -29.3813705 37.2151756
vn -22.8973122 -27.7872066 32.8236313
vn -8.65509901e-06 -29.9771538 38.4080315
vn 43.4547081 -17.5939121 -13.2646008
vn 44.8907394 -11.7713432 -14.8345585
vn 45.9306908 -13.1817122 9.50902367
vn 44.0205231 -18.5105648 9.66226101
vn 45.8906708 -4.37376404 -15.7709522
vn 47.2564583 -6.21945047 10.0971594
vn 39.4306717 -10.7627106 26.517786
vn 37.5765343 -17.7903233 25.403059
vn 39.8125763 -2.01238966 28.0127773
vn 28.4810696 -22.6277218 -32.4132957
vn 30.0187187 -13.7303658 -35.8351784
vn 40.8329926 -24.2334976 -10.9183798
vn 30.2853298 -6.42167568 -37.621376
vn 29.9568367 1.84682584 -38.3794785
vn 28.6639519 14.1393957 -36.7731247
vn 45.6298218 8.05322742 -15.0622454
vn 46.9427795 5.94316196 11.6129723
vn 37.3401337 11.8504734 28.967001
vn 33.4346581 -25.7932625 24.303051
vn 40.7625542 -24.559763 10.4421663
vn -12.6683798 -9.78814697 -46.0164223
vn -12.4526062 -1.72105908 -47.0720444
vn -8.20774289e-07 -0.308929652 -48.7207489
vn -3.52823577e-07 -8.54204559 -47.9670753
vn -11.925643 6.60044336 -46.7762756
vn -2.46590366e-06 7.96438313 -48.0663643
vn 12.4526148 -1.7210505 -47.0720444
vn 12.6683865 -9.78814507 -46.0164261
vn 11.9256458 6.60043192 -46.7762756
vn -28.4810638 -22.6277275 -32.4132957
vn -30.018713 -13.7303658 -35.835186
vn -12.2064495 -20.3551598 -42.5496979
vn -30.2853241 -6.42167521 -37.6213837
vn -29.9568329 1.84683526 -38.3794785
vn -28.6639538 14.1394014 -36.7731171
vn -10.9986219 18.0840416 -43.8839912
vn 3.55218958e-07 19.1689854 -44.7923775
vn 10.9986258 18.0840397 -43.8839912
vn 12.206461 -20.3551674 -42.5496902
vn -5.58208103e-06 -19.5882874 -44.6106033
vn -37.5765305 -17.7903328 25.403059
vn -39.4306793 -10.7627039 26.5177803
vn -45.930687 -13.1816988 9.50902081
vn -44.0205116 -18.5105839 9.66226959
vn -39.8125916 -2.01238322 28.0127602
vn -47.2564545 -6.21944904 10.0971622
vn -44.8907394 -11.7713356 -14.8345575
vn -43.4547005 -17.5939217 -13.2646065
vn -45.8906822 -4.37376213 -15.7709417
vn -33.4346504 -25.7932682 24.3030491
vn -37.3401299 11.8504744 28.9670124
vn -46.9427795 5.9431572 11.6129742
vn -45.6298294 8.0532198 -15.0622425
vn -40.8329887 -24.233511 -10.9183702
vn -40.7625504 -24.5597782 10.4421673
vn -6.23515892 45.3478928 -16.6882591
vn 4.80213612e-06 45.6673813 -16.9793129
vn 9.11497227e-06 48.3937721 5.64354706
vn -0.739822268 48.2689705 6.58527565
vn 6.23516321 45.3478966 -16.6882496
vn 0.739832878 48.2689705 6.58527136
vn -4.85963483e-06 42.1958771 24.3580494
vn 5.47727823 41.1395149 25.5215015
vn -5.47729301 41.1395073 25.5215015
vn -19.5110378 28.8709888 -34.052784
vn -9.0014286 30.6324768 -36.8026161
vn -13.4866676 44.4034233 -14.8409176
vn 0 31.3206673 -37.3205376
vn 9.00142956 30.6324768 -36.8026199
vn 13.4866905 44.4034233 -14.840909
vn -0.118684255 47.7963676 9.44986629
vn -14.4677687 37.4288864 27.6327515
vn 14.4677572 37.428894 27.6327496
vn 0.118683815 47.7963676 9.44986916
vn 7.49420118 -45.0150452 -17.0672169
vn -1.77724178e-05 -45.6761169 -16.9557991
vn -1.09401126e-05 -48.3760796 5.79326773
vn 0.834775329 -48.2660065 6.59566784
vn -7.49423456 -45.0150414 -17.067215
vn -0.834771574 -48.2660027 6.59566689
vn -2.37281824e-06 -42.2082558 24.336607
vn -5.97832584 -41.5567513 24.7205009
vn 5.9783287 -41.5567513 24.7204971
vn 10.6385803 -29.0376148 -37.6489677
vn 16.8774452 -42.6325035 -16.4750805
vn -1.45152781e-05 -31.1030731 -37.5020828
vn -10.6385927 -29.0376053 -37.6489716
vn -23.4507084 -22.5341816 -36.2778435
vn -16.8774471 -42.6325111 -16.475071
vn -0.217962369 -47.9284859 8.75327873
vn 14.1623621 -39.5431404 24.689558
vn -14.1623735 -39.5431328 24.6895618
vn 0.217953131 -47.9284859 8.75327587
vn -15.2318439 42.9439888 17.2514324
vn -22.3623734 43.0705299 4.31977844
vn 13.1690655 45.0707779 13.000289
vn 17.3235912 45.4237823 3.22189116
vn -20.5940952 43.2618828 -8.83741093
vn 4.63301849 46.6921272 13.1220112
vn 39.1928787 25.6344833 13.4386911
vn 39.1017075 27.3590794 -9.81553173
vn 27.3679771 30.9033661 25.8801689
vn -34.2657623 26.5295372 22.2676544
vn -7.79096889 41.8187752 23.7549515
vn -39.986599 27.1304436 -6.23040152
vn -31.0893135 27.1024475 -25.9368286
vn 23.7822323 31.6586246 -28.3891449
vn 10.3862963 47.2074356 -6.11473083
vn -27.4483948 -38.4250717 -11.9961138
vn -32.6021576 -36.1614723 1.80390155
vn 9.70334339 -46.2968941 11.6726189
vn 2.90456057 -47.3395691 11.1505985
vn -22.4444466 -38.7758217 19.1439056
vn 15.4014654 -45.9841194 4.69707251
vn 33.380043 -33.5197601 11.6621227
vn 24.3295155 -36.304409 21.5376701
vn 34.5447121 -33.7428856 -6.4720273
vn -36.843998 -13.318078 -28.9647331
vn -47.0643158 -7.48345852 -10.1367788
vn -42.9513512 -10.5246849 20.4504128
vn -9.64531136 -40.5481796 25.2313309
vn 11.3689547 -47.1442719 -4.68736124
vn 23.870945 -34.6911049 -24.5053444
vn 2.84678984 41.1479225 25.9335804
vn 1.24972928e-07 41.1208458 26.1320286
vn 3.7662727e-07 47.9194756 -8.80515766
vn -3.79402161 47.8345909 -8.44183445
vn -2.84679317 41.1479187 25.9335899
vn 3.79401827 47.8345871 -8.44182873
vn 1.68657527e-06 34.3622513 -34.540451
vn -8.85324097 33.8266144 -33.9291458
vn 8.85324764 33.826622 -33.929142
vn 7.79099321 41.818779 23.75494
vn -23.7822323 31.6586266 -28.3891506
vn -10.3862686 47.2074432 -6.11474133
vn -3.29603863 -40.9834938 26.1399345
vn 2.1062317e-06 -41.187233 26.0272751
vn 1.88679223e-07 -47.8892937 -8.96784019
vn 4.67386055 -47.7833138 -8.28956318
vn 3.29603696 -40.9834976 26.1399288
vn -4.67386103 -47.7833099 -8.28955173
vn -5.80308324e-06 -34.4922485 -34.4106369
vn 10.160841 -34.6027145 -32.7599831
vn -10.1608353 -34.6027069 -32.7599831
vn 9.64530754 -40.5481758 25.2313328
vn -11.3689575 -47.1442719 -4.68734837
vn -23.8709221 -34.6911201 -24.5053463
vn 20.5941219 43.2618713 -8.83739662
vn 22.3623753 43.0705299 4.31978464
vn -13.1690598 45.0707779 13.000288
vn -4.63303995 46.6921234 13.1220198
vn 15.2318726 42.9439812 17.2514191
vn -17.3235588 45.42379 3.22189546
vn -39.1928711 25.6344948 13.438693
vn -27.3679771 30.9033623 25.8801613
vn -39.1016998 27.3590755 -9.81553364
vn 22.4445248 -38.7757759 19.1439095
vn 32.602211 -36.1614227 1.80388999
vn -9.70335293 -46.2968903 11.6726379
vn -15.4014874 -45.984108 4.69708633
vn 27.4484005 -38.4250641 -11.9961195
vn -2.90456772 -47.3395691 11.1505938
vn -33.380085 -33.519722 11.6621256
vn -34.5447388 -33.7428627 -6.47201443
vn -24.3295403 -36.3043976 21.5376663
vn -40.5746078 15.0721951 22.3682194
vn -42.9310722 8.44671059 21.4332085
vn -45.6758499 9.77137184 -13.8579903
vn -44.477684 16.0404472 -11.7578373
vn -44.1289024 2.04285622 20.5493011
vn -46.6192589 3.95610809 -13.5941467
vn -33.0553398 6.96664524 -35.1086502
vn -32.5920563 14.4853239 -33.1924744
vn -34.7500763 -0.158132941 -34.1498833
vn -21.9438763 -6.39874554 -43.0270767
vn -20.3661518 3.64159727 -44.110836
vn -20.0875683 13.8010273 -42.1880074
vn -9.27748299 13.6937542 -45.8281174
vn -9.39980888 1.12668121 -47.7931099
vn 3.4822142e-07 0.221182436 -48.7212257
vn -6.98348629e-07 13.7330017 -46.7462463
vn -10.1910229 -11.4705372 -46.242588
vn -4.18992931e-06 -13.3188181 -46.8659325
vn 9.39980507 1.12669158 -47.7931061
vn 9.27747822 13.6937466 -45.8281212
vn 10.1910181 -11.4705429 -46.2425842
vn -8.24636173 -42.2273636 22.8616295
vn -35.7016792 -28.7485199 16.5142288
vn -25.6859837 -35.032196 -22.0631428
vn 9.51303291 -47.6463585 -3.62405038
vn -47.9714584 -1.49113095 8.38585472
vn -43.2508202 3.29858804 -22.1876755
vn -16.6812801 12.9645729 -43.9028664
vn 4.75596142 -12.9812479 -46.7191086
vn 27.1966057 -28.9561939 -28.2079887
vn -35.4863853 -31.4785404 11.1186714
vn -48.0030899 -3.13137531 -7.72688961
vn -46.6311531 -7.66961145 -11.8540897
vn -33.8359528 -33.2872391 10.9952288
vn -33.5402451 27.5291233 -22.158659
vn -31.9747066 20.9162197 -30.2313938
vn -25.8506298 7.90464783 -40.5347824
vn -31.4110432 -23.146698 -29.1784763
vn -27.1329784 -40.4672012 -0.119133666
vn 11.7116375 -30.4011917 -36.2272301
vn 6.90309238 -48.1145973 3.3376596
vn 7.69234896 11.320323 -46.759861
vn 35.5635223 16.1708775 -29.1126366
vn 44.6933746 -12.2084084 -15.0752821
vn 35.4869766 -31.5203838 10.9975729
vn 0.790060878 -31.0850334 37.508709
vn -17.4473228 -0.896461487 45.4817963
vn -28.116087 -11.8018246 38.0001297
vn -1.68406427 -35.0889473 33.7599869
vn -26.9113178 27.2662773 30.1021271
vn -41.3983803 14.9463501 20.8946838
vn 0.407516599 -41.3959427 25.6908035
vn -1.16627431 -42.5232544 23.7533016
vn 34.9673767 -25.6509056 22.2063198
vn 34.5391464 -26.6081123 21.7454071
vn -2.73191261 35.0980453 -33.6819077
vn -8.03661823 29.9462948 -37.5824318
vn -35.0255585 32.1046371 -10.7846823
vn -23.234684 42.7699051 -2.16600323
vn 1.87500119 35.7968254 -32.9981613
vn 0.551111519 42.896328 -23.0956287
vn 33.9139061 33.3807907 -10.4583197
vn 34.9148407 28.4811707 -18.5360107
vn -32.994297 30.8030548 -18.3399887
vn 1.52441823 46.254158 -15.2327328
vn -30.5002079 32.2714996 -20.05229
vn 3.40170503 47.7541084 -9.04325962
vn 32.7385139 35.3307953 7.33016443
vn 34.0288811 34.7651062 -2.68877506
vn -25.0469933 32.800415 -25.8957081
vn 3.66077185 48.5061417 -2.749542
vn -14.0000248 33.771862 -32.2066422
vn -0.990323484 48.6108055 3.13306355
vn 12.2514782 35.4589119 31.0865517
vn 26.6433868 35.7192421 19.6995602
vn -3.74454975 34.7473526 -33.947113
vn -10.7704506 47.4204178 3.01802254
vn -7.76228046 33.4103241 34.6020851
vn 37.9503784 -19.2731628 -23.7090855
vn 27.6174278 -39.4485283 7.40933037
vn 32.1090279 -22.8235626 -28.6688385
vn 22.8711357 -42.837822 3.9546299
vn 12.2754946 -32.4718323 -34.1862411
vn 10.3528442 -47.60429 -0.676011443
vn -12.4857273 -37.2580223 -28.8054371
vn 0.495966673 -48.7170715 0.455549747
vn 16.7409744 -29.338728 35.1110497
vn 5.83236599 -29.6371689 38.2286339
vn -28.3479939 -36.3841591 -15.6968479
vn -3.89283848 -48.3371429 4.70881224
vn -33.7133255 -34.9859428 -3.63361502
vn -3.50631022 -47.4418068 10.5255613
vn 31.5527725 -30.5676765 21.0676708
vn 26.4896755 -30.3738403 27.3776169
vn -35.2362061 -33.206871 5.43326044
vn -2.00619793 -45.6758347 16.837471
vn 33.8978539 -29.3898411 18.9994678
vn 48.4493141 3.16544604 4.05596256
vn 47.8671761 5.03075695 7.56520033
vn 47.2822266 4.50893879 10.8566847
vn 44.4771957 5.05267048 19.2368488
vn 36.414875 6.65110779 31.6784859
vn 19.6753159 7.78100061 43.887867
vn -1.32750452 5.54529667 48.3869247
vn 23.5536232 8.85827255 -41.7200775
vn 21.6408215 7.74641514 -42.958992
vn 7.78060722 -1.23364019 -48.0806274
vn -18.262146 -7.92250443 -44.4694824
vn -38.2730217 -7.12555885 -29.2952061
vn -45.6561508 -4.34476328 -16.4452496
vn -47.7840652 -2.70804191 -9.11901188
vn -8.24641705 -41.4683037 24.2112217
vn -35.7016716 -28.2011375 17.432539
vn -25.6860256 -35.7253075 -20.9221859
vn 9.51297569 -47.7384453 -2.08594799
vn -47.9714546 -1.22003758 8.42957687
vn -43.2508163 2.58153939 -22.2825012
vn -16.6813011 11.5423403 -44.2980309
vn 4.75589752 -14.480773 -46.2762947
vn 27.1966209 -29.8505878 -27.2597389
vn -35.4864082 -31.1036663 12.1278009
vn -48.0030937 -3.37886977 -7.62191534
vn -46.6311493 -8.04779243 -11.6006784
vn -33.8359718 -32.9154129 12.0627251
vn -33.5402336 26.8003693 -23.0347519
vn -31.9747009 19.9306278 -30.8900471
vn -25.8506298 6.59356833 -40.7685776
vn -31.4110413 -24.0754452 -28.4170055
vn -27.132967 -40.4500122 1.18568623
vn 11.7116108 -31.5534496 -35.2281837
vn 6.90315008 -47.9819641 4.88720608
vn 7.69227791 9.80683804 -47.1005478
vn 35.5634956 15.2238264 -29.618906
vn 44.6933632 -12.6881313 -14.6738319
vn 35.4870377 -31.1493549 12.0081081
vn 0.790108263 -29.8595848 38.4913979
vn -17.4473648 0.57039386 45.4870415
vn -28.116106 -10.5705452 38.3608513
vn -1.68410301 -33.9822502 34.8737335
vn -26.9113331 28.2226429 29.2073479
vn -41.3983574 15.6122761 20.4019566
vn 0.40760839 -40.5461082 27.0120945
vn -1.16622996 -41.7352943 25.1119919
vn 34.9674492 -24.9215374 23.021759
vn 34.5391655 -25.8931408 22.5919895
vn -2.73191547 33.9938354 -34.7960129
vn -8.03657818 28.7190323 -38.5283966
vn -35.0255013 31.7403049 -11.8141718
vn -23.2346802 42.6778374 -3.54383397
vn 1.87493658 34.7142792 -34.1351776
vn 0.551156402 42.1293793 -24.4666843
vn 33.9139214 33.0262375 -11.5291281
vn 34.9148178 27.868742 -19.4446735
vn -32.9942398 30.1957741 -19.3236275
vn 1.52447939 45.7389832 -16.7160969
vn -30.5001335 31.6082611 -21.082365
vn 3.40169382 47.4377174 -10.5782108
vn 32.7384567 35.5488129 6.18723679
vn 34.0288353 34.6603889 -3.80825377
vn -25.0469551 31.9484539 -26.9398098
vn 3.6607604 48.3922729 -4.31201982
vn -14.0000143 32.7159119 -33.2787552
vn -0.990377843 48.6865425 1.56417549
vn 12.2514305 36.4427452 29.9271736
vn 26.643343 36.3358269 18.5377178
vn -3.74463654 33.6347885 -35.0497627
vn -10.7705669 47.493042 1.48756397
vn -7.76234627 34.5085602 33.506897
vn 37.9503937 -20.0275688 -23.0753345
vn 27.617384 -39.1891556 8.67738724
vn 32.1089973 -23.7360954 -27.9180355
vn 22.8711281 -42.6880493 5.33375406
vn 12.2755413 -33.5572281 -33.1214409
vn 10.3528671 -47.6013298 0.859227896
vn -12.4856844 -38.1673927 -27.5892181
vn 0.495892435 -48.677063 2.02600789
vn 16.7409229 -28.1915474 36.038662
vn 5.83239079 -28.3892117 39.1643066
vn -28.3480549 -36.8712807 -14.515626
vn -3.89294052 -48.1601906 6.26481104
vn -33.7134018 -35.0848198 -2.50376248
vn -3.50637841 -47.0777702 12.0497017
vn 31.5527725 -29.8725109 22.0422897
vn 26.4896584 -29.4753628 28.3426914
vn -35.2362137 -33.0144234 6.50105047
vn -2.00622058 -45.1092224 18.3013611
vn 33.8978424 -28.7619972 19.9371662
vn 48.4493141 3.29459906 3.95178318
vn 47.8671722 5.2720623 7.39906168
vn 47.2822266 4.85664654 10.705658
vn 44.4771805 5.67033482 19.0639629
vn 36.4148445 7.66900206 31.4476128
vn 19.6753101 9.19194031 43.6141891
vn -1.32750607 7.10247231 48.1829796
vn 23.5536022 7.50854683 -41.984005
vn 21.6407852 6.35733509 -43.1864281
vn 7.78057432 -2.78317404 -48.0158653
vn -18.262085 -9.3520956 -44.1909676
vn -38.2729759 -8.06633568 -29.0503139
vn -45.6561356 -4.8726902 -16.2966461
vn -47.7840729 -3.00059247 -9.02698421
vn -8.24625778 -40.666153 25.5356655
vn -35.7016258 -27.6244888 18.3327179
vn -25.6859837 -36.3813438 -19.7594318
vn 9.51304054 -47.7808647 -0.54567802
vn -47.9714661 -0.947639704 8.46450996
vn -43.2508163 1.86164892 -22.3541546
vn -16.6812515 10.1081591 -44.6471443
vn 4.75588799 -15.9652891 -45.785347
vn 27.1965485 -30.7140388 -26.2831192
vn -35.4864578 -30.6964493 13.1242523
vn -48.0030823 -3.62285638 -7.50905752
vn -46.6311493 -8.41767979 -11.3351469
vn -33.8359489 -32.5094109 13.1176939
vn -33.5401573 26.0438423 -23.8868732
vn -31.9746189 18.9244041 -31.5166206
vn -25.8505325 5.27579451 -40.9600105
vn -31.4109859 -24.9791679 -27.6260338
vn -27.1329403 -40.3907623 2.4892447
vn 11.711689 -32.67276 -34.1926041
vn 6.90317726 -47.7994347 6.43169832
vn 7.69238281 8.28308964 -47.3922386
vn 35.5634308 14.2609711 -30.0944176
vn 44.693367 -13.1545544 -14.2571974
vn 35.4869957 -30.7460327 13.0062008
vn 0.790025294 -28.6030159 39.434124
vn -17.447361 2.03668737 45.4450035
vn -28.1161327 -9.32819843 38.6817093
vn -1.68412113 -32.8402023 35.9512329
vn -26.9113121 29.1496735 28.2822342
vn -41.3983841 16.2619305 19.8879547
vn 0.407505065 -39.65411 28.3053493
vn -1.16628957 -40.9039688 26.4445076
vn 34.967392 -24.166378 23.8133297
vn 34.539238 -25.1512337 23.4150238
vn -2.73192 32.8542862 -35.8739319
vn -8.0366354 27.4618778 -39.4343109
vn -35.0255737 31.3428173 -12.8313732
vn -23.2346058 42.5414352 -4.91797543
vn 1.87516963 33.5956573 -35.2366638
vn 0.551276863 41.3186226 -25.8122864
vn 33.9139595 32.63731 -12.5879335
vn 34.9148674 27.2272778 -20.3330898
vn -32.9942551 29.557045 -20.2871151
vn 1.52454984 45.1762505 -18.1821041
vn -30.5001888 30.9120522 -22.0904922
vn 3.40170741 47.071991 -12.1021786
vn 32.7385025 35.7297783 5.03788662
vn 34.0288925 34.5195351 -4.92376518
vn -25.0470772 31.0632133 -27.9558125
vn 3.66072392 48.228096 -5.87000227
vn -14.0001268 31.6259518 -34.3162079
vn -0.990348518 48.7116623 -0.00632529333
vn 12.2514677 37.3886719 28.7366619
vn 26.6433506 36.9145966 17.3565903
vn -3.7445457 32.4872589 -36.1159668
vn -10.7704401 47.5163383 -0.0444032289
vn -7.76227951 35.5709305 32.3768806
vn 37.950386 -20.7611618 -22.4176064
vn 27.6174107 -38.8889961 9.93638229
vn 32.1089935 -24.6238003 -27.1383038
vn 22.8710537 -42.4939346 6.70726967
vn 12.275506 -34.6075745 -32.0224075
vn 10.3529062 -47.5488777 2.39352536
vn -12.4856749 -39.0370293 -26.3443565
vn 0.495929092 -48.5864296 3.59440255
vn 16.7410164 -27.0148392 36.9289055
vn 5.83238268 -27.1116486 40.0593109
vn -28.3479939 -37.3201637 -13.319293
vn -3.89296174 -47.9331703 7.81427097
vn -33.7133217 -35.147377 -1.37126327
vn -3.5063436 -46.6648102 13.5612555
vn 31.5528049 -29.1463318 22.9938774
vn 26.4897099 -28.5462761 29.2781887
vn -35.2362862 -32.7875938 7.56204987
vn -2.00620675 -44.4957161 19.7462234
vn 33.8979301 -28.1041794 20.8540707
vn 48.4493179 3.42027855 3.84348416
vn 47.8671684 5.50790596 7.22523928
vn 47.2822304 5.19930124 10.5434828
vn 44.4772072 6.28201771 18.8711815
vn 36.4148903 8.67894268 31.1839523
vn 19.6753235 10.5934229 43.2951317
vn -1.32751358 8.65230656 47.9289284
vn 23.5536232 6.15099525 -42.2042542
vn 21.6407833 4.96164608 -43.3689461
vn 7.7805686 -4.32981062 -47.9011765
vn -18.2621651 -10.7719851 -43.8664436
vn -38.2729797 -8.9988203 -28.775116
vn -45.6561394 -5.39566469 -16.1310577
vn -47.7840652 -3.29012537 -8.92552853
vn -8.24642944 -39.8217049 26.8334732
vn -35.7017288 -27.0189495 19.213789
vn -25.6860867 -36.9994316 -18.5761795
vn 9.51296329 -47.7736397 0.995093286
vn -47.9714508 -0.674201071 8.49071884
vn -43.2508049 1.14010167 -22.4025688
vn -16.6812878 8.66337967 -44.9498291
vn 4.75586891 -17.4332218 -45.2467842
vn 27.1965561 -31.5454807 -25.2791786
vn -35.4864502 -30.2573471 14.1071539
vn -48.0030823 -3.86308622 -7.38832712
vn -46.6311493 -8.77873898 -11.0578661
vn -33.8359985 -32.0695267 14.1590052
vn -33.5401688 25.2601299 -24.7141533
vn -31.9746799 17.8983974 -32.1103477
vn -25.8506126 3.95242524 -41.1087685
vn -31.4109993 -25.8568497 -26.8063278
vn -27.1329613 -40.289505 3.79017091
vn 11.7116604 -33.7581749 -33.1214371
vn 6.90316105 -47.5672379 7.9694128
vn 7.69237518 6.75085926 -47.634655
vn 35.563488 13.283329 -30.5384769
vn 44.6933784 -13.607338 -13.8256674
vn 35.4870148 -30.3107204 13.9906597
vn 0.789989531 -27.3167229 40.3358383
vn -17.4473362 3.50077844 45.3557243
vn -28.1160946 -8.07621765 38.9623756
vn -1.6841712 -31.6639805 36.9913902
vn -26.9113235 30.0463104 27.3277702
vn -41.3983688 16.8946323 19.3533916
vn 0.4074395 -38.7208786 29.5691528
vn -1.16638279 -40.0300865 27.7495728
vn 34.9674301 -23.3859768 24.5801144
vn 34.5392036 -24.3832531 24.2137871
vn -2.73187065 31.6805553 -36.9145737
vn -8.03657722 26.1761494 -40.2992477
vn -35.0254936 30.9128819 -13.835288
vn -23.234705 42.3606949 -6.28705215
vn 1.874915 32.4421539 -36.301487
vn 0.551052392 40.4649048 -27.1310673
vn 33.9138069 32.2146225 -13.6337376
vn 34.9147644 26.5576515 -21.2004089
vn -32.9943161 28.8875027 -21.2295551
vn 1.52448392 44.5665359 -19.6292343
vn -30.5002975 30.1836853 -23.0756073
vn 3.40188336 46.6573372 -13.6134853
vn 32.7386475 35.873497 3.88332129
vn 34.0289764 34.3427582 -6.034132
vn -25.0469379 30.1458092 -28.9428406
vn 3.66078949 48.0137596 -7.42189312
vn -14.0000029 30.5030479 -35.3181381
vn -0.990373731 48.6861305 -1.57695496
vn 12.2514029 38.2957916 27.516222
vn 26.6433735 37.4550133 16.1573296
vn -3.74455309 31.3059063 -37.1446571
vn -10.7704992 47.4901886 -1.5764761
vn -7.76231575 36.5963173 31.2131824
vn 37.9503632 -21.4731255 -21.7366447
vn 27.6174068 -38.5484238 11.1850357
vn 32.1090202 -25.4859524 -26.3303013
vn 22.8711605 -42.2555237 8.07390785
vn 12.2754755 -35.6220551 -30.8899422
vn 10.3528337 -47.4469948 3.92538333
vn -12.4857788 -39.8661232 -25.0719833
vn 0.495896876 -48.445282 5.15905523
vn 16.7409515 -25.8102055 37.7806969
vn 5.83234406 -25.8060818 40.9125557
vn -28.3480663 -37.7301407 -12.1091299
vn -3.89290023 -47.6563072 9.35568905
vn -33.7133827 -35.1732635 -0.237394333
vn -3.5065155 -46.2033043 15.058753
vn 31.5527115 -28.3898315 23.9217548
vn 26.4896641 -27.5874119 30.1834278
vn -35.2362251 -32.5268059 8.61525726
vn -2.00635433 -43.8359451 21.1705303
vn 33.897789 -27.4173241 21.7494164
vn 48.4493141 3.5424509 3.7312026
vn 47.8671684 5.73803329 7.04386616
vn 47.2822227 5.53657675 10.3703766
vn 44.4771881 6.88719416 18.6588707
vn 36.4148483 9.67981148 30.8879719
vn 19.6753044 11.9837132 42.9311028
vn -1.32754564 10.1930037 47.6250687
vn 23.5535679 4.78713799 -42.3806496
vn 21.64077 3.560817 -43.5063705
vn 7.78058815 -5.87196922 -47.7366676
vn -18.262125 -12.1807089 -43.4963455
vn -38.2729797 -9.92188454 -28.4700241
vn -45.6561317 -5.91297054 -15.948699
vn -47.7840576 -3.57617044 -8.8148613
vn -8.24648285 -38.9358559 28.1034126
vn -35.7016945 -26.3854828 20.0749149
vn -25.6860695 -37.5790787 -17.3737011
vn 9.51290512 -47.716732 2.53473592
vn -47.9714546 -0.400158972 8.50800705
vn -43.2507858 0.417261243 -22.4277115
vn -16.6812572 7.20965433 -45.2057915
vn 4.75590229 -18.8828983 -44.6612206
vn 27.1965179 -32.3440971 -24.2490368
vn -35.4863396 -29.7868729 15.0754414
vn -48.0030937 -4.09925079 -7.25991726
vn -46.6311607 -9.13072109 -10.7690372
vn -33.8359337 -31.5963917 15.1856709
vn -33.5401192 24.4502583 -25.5157299
vn -31.9746952 16.8537807 -32.6707268
vn -25.8506699 2.62485528 -41.214798
vn -31.411047 -26.7077007 -25.9586525
vn -27.1329002 -40.146389 5.08723211
vn 11.7116785 -34.8085594 -32.0157433
vn 6.90315676 -47.2855453 9.49898434
vn 7.69234324 5.21148586 -47.8275528
vn 35.5635109 12.2917805 -30.9508572
vn 44.6933708 -14.0460806 -13.3797226
vn 35.4870186 -29.8438492 14.960721
vn 0.790093005 -26.002039 41.195591
vn -17.4473057 4.96131992 45.2192841
vn -28.1160717 -6.81576872 39.2025299
vn -1.68408263 -30.4548321 37.9930763
vn -26.9113312 30.9118023 26.3447876
vn -41.3983536 17.5099487 18.798542
vn 0.407615781 -37.7473984 30.8021851
vn -1.1660825 -39.1145973 29.0257778
vn 34.9674263 -22.5813465 25.3213081
vn 34.5391769 -23.5898991 24.9873714
vn -2.73184991 30.4738655 -37.9168472
vn -8.03649712 24.8632793 -41.122242
vn -35.0254364 30.4507847 -14.8248205
vn -23.2346287 42.1359978 -7.64961767
vn 1.87511706 31.2548466 -37.3286133
vn 0.551333547 39.5691757 -28.421524
vn 33.9138756 31.758255 -14.6652308
vn 34.9148598 25.8602486 -22.0455742
vn -32.9942055 28.1881599 -22.1498756
vn 1.52445674 43.9104996 -21.0559063
vn -30.5003071 29.423996 -24.0367737
vn 3.40154719 46.1941566 -15.1107979
vn 32.7385292 35.9801559 2.72459912
vn 34.0288315 34.1304779 -7.13835001
vn -25.0471592 29.1968136 -29.8997021
vn 3.6606915 47.7495117 -8.9660778
vn -14.0000439 29.3484402 -36.2832527
vn -0.990329921 48.6099739 -3.14585352
vn 12.251461 39.1630211 26.2672119
vn 26.6433735 37.9564667 14.9413557
vn -3.74458647 30.0919361 -38.1347656
vn -10.7705183 47.4146652 -3.10684037
vn -7.76230001 37.5836296 30.0170689
vn 37.9503441 -22.1627808 -21.0330544
vn 27.617363 -38.1677933 12.4220581
vn 32.1090622 -26.3215809 -25.4948921
vn 22.8711586 -41.9732513 9.43204498
vn 12.275548 -36.5994225 -29.7254162
vn 10.352828 -47.2957764 5.45306349
vn -12.485775 -40.6537361 -23.7736435
vn 0.495883226 -48.2537537 6.71836805
vn 16.7409687 -24.5786381 38.5932274
vn 5.83232403 -24.4735546 41.7233315
vn -28.3480778 -38.1009445 -10.8862877
vn -3.89284682 -47.3298798 10.8874035
vn -33.7132759 -35.1627235 0.896886945
vn -3.50619626 -45.6937675 16.5406513
vn 31.5527458 -27.6037922 24.8246155
vn 26.4897366 -26.5999069 31.0571346
vn -35.2361107 -32.2322197 9.65958405
vn -2.00599694 -43.1305809 22.5729027
vn 33.8977852 -26.7018108 22.6221161
vn 48.4493141 3.66090465 3.6150403
vn 47.8671646 5.96214628 6.85525084
vn 47.2822189 5.86796904 10.1865425
vn 44.4771996 7.48511934 18.4271221
vn 36.4148712 10.6707077 30.5597763
vn 19.6753139 13.3617287 42.5223846
vn -1.32749009 11.7232742 47.2716522
vn 23.5535927 3.41820741 -42.5129509
vn 21.6407833 2.15628338 -43.5985489
vn 7.78054333 -7.40792322 -47.5225563
vn -18.2621651 -13.5766878 -43.0810165
vn -38.2729912 -10.8345776 -28.1353302
vn -45.6561432 -6.42395878 -15.7498074
vn -47.7840652 -3.85846472 -8.69493675
vn -8.24644375 -38.0095139 29.3441677
vn -35.7016411 -25.7245636 20.9152241
vn -25.6859779 -38.1197739 -16.1530266
vn 9.51295376 -47.6101837 4.07195091
vn -47.9714584 -0.125645638 8.51647758
vn -43.2508011 -0.306150764 -22.4294739
vn -16.6813755 5.74827623 -45.4147072
vn 4.75599051 -20.312933 -44.0292206
vn 27.1966114 -33.1090698 -23.1935482
vn -35.4862633 -29.2853966 16.0280285
vn -48.0030823 -4.3311367 -7.12404156
vn -46.6311493 -9.47310257 -10.4691334
vn -33.8359528 -31.0903339 16.1965027
vn -33.5402184 23.6147957 -26.2907257
vn -31.9746666 15.7916946 -33.1971436
vn -25.8505745 1.29474044 -41.2780571
vn -31.4110432 -27.5307102 -25.0841236
vn -27.1330166 -39.9614182 6.37899065
vn 11.7117929 -35.8225899 -30.876894
vn 6.90324688 -46.9546928 11.0185671
vn 7.69245481 3.66681528 -47.9706917
vn 35.5635147 11.2875261 -31.3310604
vn 44.6934395 -14.4699974 -12.9198542
vn 35.4871521 -29.34585 15.9150867
vn 0.790062964 -24.6603622 42.0124855
vn -17.4473991 6.41666794 45.0357819
vn -28.1161327 -5.54832935 39.4018517
vn -1.68408883 -29.2141075 38.9551849
vn -26.9113903 31.7451344 25.3343754
vn -41.3983841 18.1069317 18.2241573
vn 0.407646358 -36.7346268 32.0032539
vn -1.16605759 -38.1584244 30.2717991
vn 34.9674034 -21.7531929 26.0362453
vn 34.5391426 -22.7720432 25.7349739
vn -2.73192906 29.2356434 -38.8795624
vn -8.03661537 23.5245781 -41.9024353
vn -35.0255241 29.9568977 -15.798852
vn -23.2346649 41.8674507 -9.00410271
vn 1.87494183 30.0350819 -38.316906
vn 0.551109195 38.6322174 -29.6825676
vn 33.9139023 31.2688866 -15.6815538
vn 34.9148026 25.1360359 -22.8679543
vn -32.9942818 27.4592667 -23.0471878
vn 1.5243485 43.2087975 -22.4606915
vn -30.5003338 28.6336899 -24.97295
vn 3.40157843 45.6829529 -16.5922909
vn 32.7385063 36.0493202 1.56325996
vn 34.0288506 33.8825874 -8.23495674
vn -25.0470753 28.2176495 -30.8255577
vn 3.6605866 47.4356117 -10.5009489
vn -14.0000143 28.1633434 -37.2106514
vn -0.990467846 48.4832802 -4.71147871
vn 12.2513561 39.9895782 24.9908905
vn 26.6432648 38.4185181 13.709878
vn -3.74457765 28.8468876 -39.0850639
vn -10.7704659 47.2898598 -4.6339221
vn -7.76227236 38.5319366 28.78965
vn 37.9504089 -22.8293819 -20.3074551
vn 27.6173992 -37.7473869 13.6462631
vn 32.109066 -27.1299095 -24.6329556
vn 22.871172 -41.6473198 10.7804193
vn 12.2754021 -37.5388756 -28.5298882
vn 10.3527546 -47.0953979 6.97502136
vn -12.4858141 -41.3991394 -22.4504471
vn 0.495953083 -48.0120735 8.27053833
vn 16.7409935 -23.3216457 39.3655586
vn 5.83237362 -23.1156921 42.4906464
vn -28.3480148 -38.4321632 -9.65224075
vn -3.89266753 -46.954277 12.4076433
vn -33.7133369 -35.1154747 2.03000784
vn -3.50631261 -45.1367378 18.0052071
vn 31.5528793 -26.7890205 25.7015743
vn 26.4898434 -25.5847111 31.8985481
vn -35.2361069 -31.9040146 10.6938076
vn -2.00609374 -42.3803711 23.9517574
vn 33.8978462 -25.958559 23.4711742
vn 48.4493179 3.77553082 3.49516082
vn 47.8671722 6.17999268 6.6594553
vn 47.2822266 6.19338226 9.99199486
vn 44.4771843 8.07545567 18.1761971
vn 36.4148331 11.6504116 30.1999092
vn 19.6752853 14.7257614 42.0694847
vn -1.32750022 13.2412558 46.8691139
vn 23.5535736 2.04578114 -42.6010628
vn 21.6407509 0.749492168 -43.6454201
vn 7.78057384 -8.93633556 -47.2589874
vn -18.2620983 -14.9586802 -42.6208992
vn -38.2729492 -11.7361021 -27.7714329
vn -45.6561317 -6.92848253 -15.5344849
vn -47.7840652 -4.13679552 -8.56602287
vn -8.24613476 -37.0437202 30.55439
vn -35.7016945 -25.0367737 21.7337513
vn -25.6859322 -38.6207771 -14.9156084
vn 9.51324558 -47.4540901 5.6048646
vn -47.9714546 0.149087399 8.51609612
vn -43.2508163 -1.02908647 -22.407917
vn -16.6813068 4.28125668 -45.5764389
vn 4.75596809 -21.7219982 -43.3513832
vn 27.196701 -33.8396034 -22.1139679
vn -35.4864349 -28.7532711 16.9637642
vn -48.0030861 -4.55861616 -6.98065472
vn -46.6311493 -9.80581188 -10.1581984
vn -33.8359108 -30.5520229 17.1904697
vn -33.5402908 22.7547798 -27.0384121
vn -31.9746361 14.7131786 -33.6890488
vn -25.850605 -0.036866691 -41.2983284
vn -31.4110794 -28.3251514 -24.1833992
vn -27.1328907 -39.7350807 7.66398525
vn 11.7115993 -36.7995758 -29.7058277
vn 6.90320015 -46.575058 12.5266323
vn 7.69242239 2.1181891 -48.0639839
vn 35.5635872 10.2713995 -31.6786423
vn 44.693367 -14.8792486 -12.4465923
vn 35.4870529 -28.8176022 16.8529491
vn 0.789987624 -23.2928734 42.7858047
vn -17.4472771 7.8653121 44.8055382
vn -28.1160202 -4.27508545 39.5603371
vn -1.68399191 -27.9429131 39.8768692
vn -26.9113159 32.5454521 24.2977638
vn -41.3983803 18.6850204 17.6309681
vn 0.407620966 -35.6837387 33.170948
vn -1.16631222 -37.162571 31.4863415
vn 34.967392 -20.9024773 26.7240467
vn 34.5391579 -21.930439 26.455801
vn -2.73191786 27.9668732 -39.8019791
vn -8.03659725 22.1612434 -42.6391754
vn -35.0255356 29.4319057 -16.7565422
vn -23.2347145 41.555336 -10.3493652
vn 1.87520087 28.7840633 -39.265358
vn 0.551196873 37.655117 -30.9127007
vn 33.9140129 30.7469196 -16.68153
vn 34.9149246 24.3856087 -23.6663647
vn -32.9944878 26.7017365 -23.920454
vn 1.52430153 42.4621582 -23.8421612
vn -30.5003242 27.8136845 -25.8831196
vn 3.40161538 45.124279 -18.0564499
vn 32.7384605 36.0810165 0.400089264
vn 34.0289536 33.5993538 -9.32313538
vn -25.0470543 27.2092304 -31.7192268
vn 3.66068649 47.0723763 -12.0248585
vn -14.0001478 26.9490166 -38.0992508
vn -0.990388989 48.3061562 -6.27222109
vn 12.2514582 40.7745209 23.6885376
vn 26.6432819 38.8405952 12.4639692
vn -3.74460769 27.5717812 -39.9947739
vn -10.7704821 47.11586 -6.15623903
vn -7.7622962 39.4400978 27.5323906
vn 37.9503822 -23.4722748 -19.5608711
vn 27.6175117 -37.2877197 14.8561649
vn 32.1091461 -27.9100342 -23.7453098
vn 22.8710938 -41.2780724 12.1177835
vn 12.2756662 -38.4391632 -27.3046799
vn 10.3529129 -46.8459663 8.4899826
vn -12.4857168 -42.1014671 -21.1040344
vn 0.495964438 -47.7204399 9.81430149
vn 16.7409725 -22.0402794 40.0970421
vn 5.83240557 -21.7336025 43.2138939
vn -28.3481274 -38.72332 -8.40803623
vn -3.89279056 -46.5297699 13.9152288
vn -33.7134438 -35.0316658 3.16117644
vn -3.5062139 -44.5327148 19.451231
vn 31.5527992 -25.9463863 26.5520782
vn 26.4896774 -24.5429211 32.7070122
vn -35.2362823 -31.542511 11.7167053
vn -2.00620031 -41.5861168 25.3056698
vn 33.8978882 -25.1882458 24.2959309
vn 48.4493179 3.88623405 3.37163806
vn 47.8671646 6.39157677 6.45670176
vn 47.2822266 6.51229382 9.78714752
vn 44.477169 8.65725708 17.9064293
vn 36.4147987 12.6180964 29.8085976
vn 19.6752987 16.0744381 41.5728493
vn -1.32751727 14.7454262 46.4178505
vn 23.5535316 0.671185255 -42.6449013
vn 21.6407967 -0.658148944 -43.6468811
vn 7.78068638 -10.455389 -46.9462776
vn -18.2621174 -16.325098 -42.1164207
vn -38.2730598 -12.6253204 -27.3784847
vn -45.6561584 -7.42563534 -15.3030167
vn -47.7840614 -4.41085052 -8.42822361
vn 8.24638081 -42.2273636 22.8616238
vn -9.5130415 -47.6463547 -3.6240654
vn 25.6860371 -35.0321617 -22.0631351
vn 35.7017288 -28.7484741 16.5141964
vn 43.2508163 3.29858255 -22.1876793
vn 47.9714546 -1.49117291 8.38584805
vn -4.75592852 -12.9812393 -46.7191086
vn 16.6812954 12.9645929 -43.9028587
vn -27.1966057 -28.956192 -28.2079868
vn 35.486393 -31.4785366 11.1186666
vn 33.8359489 -33.2872429 10.9952259
vn 46.6311493 -7.66961432 -11.8540859
vn 48.0030899 -3.13137555 -7.72688103
vn 31.9747295 20.9162006 -30.2313766
vn 33.5402489 27.5291233 -22.1586494
vn 31.4110374 -23.1466866 -29.1784916
vn 25.8506527 7.90464878 -40.5347633
vn 27.1329632 -40.467205 -0.119140416
vn -6.90310526 -48.1145897 3.33765125
vn -11.7116489 -30.4011726 -36.2272453
vn -7.69235754 11.3203402 -46.759861
vn -44.6933823 -12.2083912 -15.0752687
vn -35.5635567 16.1708641 -29.1125984
vn -35.4869728 -31.5203896 10.9975519
vn -0.790029645 -31.0850449 37.5087051
vn 1.6840868 -35.0889473 33.7599831
vn 28.1161175 -11.8018093 38.0001106
vn 17.4473362 -0.896453679 45.4817924
vn 41.3983841 14.946331 20.8946896
vn 26.9113121 27.2662792 30.1021309
vn 1.16628671 -42.5232544 23.7533054
vn -0.407509834 -41.3959427 25.6907959
vn -34.9673691 -25.6509171 22.2063236
vn -34.539135 -26.6081181 21.7454205
vn 2.73192358 35.0980415 -33.6819077
vn 23.2346954 42.7699013 -2.16599917
vn 35.0255623 32.1046295 -10.7846956
vn 8.03660679 29.946291 -37.5824318
vn -1.87500679 35.796814 -32.9981766
vn -0.55110842 42.896328 -23.0956364
vn -34.9148598 28.4811611 -18.5359974
vn -33.913887 33.3808098 -10.4583187
vn -1.52441061 46.2541542 -15.2327356
vn 32.994278 30.8030739 -18.3399963
vn -3.401721 47.7541084 -9.04326248
vn 30.5001774 32.2715263 -20.0523014
vn -34.0288429 34.7651405 -2.68877959
vn -32.7384949 35.3308105 7.33016348
vn -3.66075683 48.5061417 -2.74954247
vn 25.0470028 32.8004112 -25.8957081
vn 0.990362585 48.6108055 3.13306403
vn 14.0000553 33.7718468 -32.2066383
vn -26.6433716 35.7192497 19.6995659
vn -12.2514524 35.4589195 31.0865498
vn 10.770463 47.4204102 3.01802397
vn 3.74456668 34.7473526 -33.9471169
vn 7.76229477 33.4103241 34.6020775
vn -27.617485 -39.448494 7.40932274
vn -37.950386 -19.2731495 -23.7090797
vn -22.8711166 -42.8378296 3.95462632
vn -32.1090279 -22.8235607 -28.6688442
vn -10.3528357 -47.60429 -0.676021159
vn -12.2754774 -32.4718361 -34.1862411
vn -0.495956093 -48.7170753 0.455549777
vn 12.4857311 -37.2580223 -28.8054333
vn -5.8323741 -29.6371689 38.2286339
vn -16.7409782 -29.338726 35.111042
vn 3.89285111 -48.3371506 4.70881224
vn 28.3480091 -36.3841553 -15.696846
vn 3.50632477 -47.4418068 10.5255604
vn 33.7133255 -34.9859314 -3.63361907
vn -26.4896717 -30.3738403 27.377615
vn -31.5527687 -30.5676746 21.0676708
vn 2.00620937 -45.6758347 16.8374672
vn 35.2362022 -33.2068748 5.43325043
vn -33.8978424 -29.3898449 18.9994736
vn -48.4493141 3.16545701 4.05597067
vn -47.8671722 5.03077412 7.5652132
vn -47.2822227 4.50893545 10.8566952
vn -44.4771957 5.05267 19.2368526
vn -36.4148712 6.65111303 31.6784859
vn -19.6753197 7.78101015 43.887867
vn 1.32751453 5.54530621 48.3869247
vn -23.5536022 8.85827351 -41.720089
vn -21.6408119 7.74640942 -42.958992
vn -7.78060055 -1.23365092 -48.0806313
vn 18.2621479 -7.92250776 -44.4694824
vn 38.2730217 -7.12555885 -29.2952042
vn 45.6561508 -4.34478092 -16.4452438
vn 47.7840691 -2.70805693 -9.11900997
vn 8.24641991 -41.4683037 24.2112255
vn -9.51297665 -47.7384453 -2.08594751
vn 25.6860046 -35.7253189 -20.9221725
vn 35.7016792 -28.2011356 17.4325333
vn 43.2508163 2.58153033 -22.2824917
vn 47.9714546 -1.22003984 8.42957306
vn -4.7559309 -14.4807816 -46.2762871
vn 16.6813145 11.5423346 -44.2980232
vn -27.1966228 -29.8505955 -27.2597218
vn 35.4864159 -31.1036663 12.1277876
vn 33.8359718 -32.9154015 12.0627537
vn 46.6311493 -8.04780579 -11.6006746
vn 48.0030899 -3.37887549 -7.62193108
vn 31.9747143 19.9306164 -30.8900471
vn 33.5402794 26.8003254 -23.0347328
vn 31.411047 -24.0754528 -28.4169941
vn 25.8506317 6.59357882 -40.7685699
vn 27.1329746 -40.4500046 1.18572271
vn -6.90312052 -47.9819641 4.88723278
vn -11.7115898 -31.5534439 -35.2281952
vn -7.69228649 9.80683804 -47.100544
vn -44.6933556 -12.6881456 -14.6738405
vn -35.5635109 15.2238178 -29.6189003
vn -35.4870186 -31.1493702 12.0081348
vn -0.790118933 -29.8595791 38.4914017
vn 1.68410933 -33.9822502 34.8737335
vn 28.1161118 -10.5705404 38.3608513
vn 17.4473705 0.570398688 45.4870415
vn 41.3983574 15.6122799 20.4019508
vn 26.9113369 28.2226486 29.2073479
vn 1.16626108 -41.7353058 25.1119709
vn -0.4075647 -40.5460892 27.0121326
vn -34.9674149 -24.9215565 23.0217896
vn -34.5391846 -25.8931408 22.591959
vn 2.73191643 33.9938431 -34.7960091
vn 23.2346783 42.6778412 -3.54383445
vn 35.0254936 31.7403049 -11.8141699
vn 8.03657818 28.7190323 -38.5284004
vn -1.87494206 34.7142715 -34.1351929
vn -0.5511415 42.1293755 -24.4666843
vn -34.9148445 27.8687019 -19.4446812
vn -33.9139709 33.0261917 -11.5291128
vn -1.52449644 45.7389946 -16.7160683
vn 32.9942856 30.1957397 -19.323595
vn -3.40172625 47.4377174 -10.5782137
vn 30.5001278 31.6082802 -21.0823593
vn -34.0288696 34.6603584 -3.80822372
vn -32.7384682 35.5488052 6.18723011
vn -3.66079831 48.3922691 -4.3120265
vn 25.0469704 31.9484615 -26.9397831
vn 0.990384996 48.6865425 1.56417608
vn 14.0000439 32.7159081 -33.2787514
vn -26.6433716 36.3358078 18.5377064
vn -12.2514582 36.4427338 29.9271717
vn 10.7705746 47.493042 1.48756254
vn 3.74463391 33.6347847 -35.0497627
vn 7.76235008 34.5085602 33.506897
vn -27.6173611 -39.1891708 8.67738056
vn -37.9503632 -20.0275955 -23.0753498
vn -22.8711395 -42.6880417 5.33376169
vn -32.1089821 -23.7361012 -27.9180565
vn -10.3528824 -47.601326 0.859232366
vn -12.2755585 -33.5572433 -33.1214294
vn -0.495873988 -48.677063 2.02600408
vn 12.4856844 -38.1673927 -27.5892124
vn -5.83237123 -28.3892117 39.1643105
vn -16.7408867 -28.1915531 36.0386696
vn 3.89293861 -48.1601906 6.26481485
vn 28.3480816 -36.8712654 -14.5156174
vn 3.50639653 -47.0777702 12.0497007
vn 33.7134171 -35.0848083 -2.50376081
vn -26.4896603 -29.4753571 28.3426952
vn -31.5527725 -29.8725166 22.042284
vn 2.00623202 -45.1092377 18.3013344
vn 35.2362442 -33.0144043 6.50102854
vn -33.8978653 -28.7619915 19.9371357
vn -48.4493141 3.29457283 3.9517808
vn -47.8671722 5.27207232 7.39904833
vn -47.2822266 4.85665035 10.7056561
vn -44.4771881 5.67032194 19.0639477
vn -36.4148483 7.66899252 31.4476128
vn -19.6753101 9.19193172 43.614193
vn 1.32749808 7.10247374 48.1829796
vn -23.5535965 7.50854635 -41.9840088
vn -21.6407642 6.35733366 -43.1864395
vn -7.78056049 -2.78319049 -48.0158691
vn 18.2621155 -9.35210133 -44.1909523
vn 38.2730179 -8.0663271 -29.0502529
vn 45.6561432 -4.87268448 -16.2966232
vn 47.7840652 -3.00060868 -9.0269928
vn 8.24629307 -40.6661453 25.5356655
vn -9.51297569 -47.7808762 -0.545680344
vn 25.6860104 -36.3813286 -19.7594204
vn 35.7016411 -27.6244755 18.3327122
vn 43.2508202 1.86163366 -22.3541355
vn 47.9714584 -0.947645307 8.46451664
vn -4.75588655 -15.9652958 -45.7853432
vn 16.6812782 10.1081505 -44.6471367
vn -27.1965179 -30.7140751 -26.2831135
vn 35.4864578 -30.696455 13.124258
vn 33.835968 -32.5093918 13.1176844
vn 46.6311531 -8.41767216 -11.3351307
vn 48.0030823 -3.62284684 -7.50904989
vn 31.9746246 18.9244137 -31.5166187
vn 33.5401459 26.0438576 -23.8868771
vn 31.4110107 -24.9791565 -27.6260147
vn 25.8505478 5.27580309 -40.9600067
vn 27.1329842 -40.3907394 2.48923469
vn -6.90315247 -47.7994423 6.43169117
vn -11.7116499 -32.67276 -34.1926155
vn -7.69236708 8.28308868 -47.3922424
vn -44.6933594 -13.154561 -14.2571964
vn -35.5634308 14.2609644 -30.0944252
vn -35.487011 -30.7460194 13.0062056
vn -0.790035546 -28.6030159 39.4341278
vn 1.68410635 -32.8402061 35.9512367
vn 28.1161118 -9.32819843 38.6817245
vn 17.4473476 2.03668308 45.4450073
vn 41.3983765 16.2619362 19.8879681
vn 26.9113121 29.1496677 28.2822399
vn 1.16628253 -40.9039688 26.4445171
vn -0.407493323 -39.6541061 28.3053455
vn -34.967392 -24.1663704 23.8133392
vn -34.5392265 -25.1512413 23.4150314
vn 2.73190093 32.8542824 -35.8739357
vn 23.2346115 42.5414276 -4.91797781
vn 35.0255775 31.3428078 -12.8313646
vn 8.03664398 27.4618759 -39.4343109
vn -1.87518036 33.5956573 -35.2366638
vn -0.551280797 41.3186264 -25.8122864
vn -34.9148712 27.2272739 -20.3330803
vn -33.9139366 32.6373329 -12.5879364
vn -1.52452028 45.1762505 -18.182106
vn 32.9942589 29.557045 -20.2871094
vn -3.40171599 47.0719872 -12.1021843
vn 30.5002289 30.912035 -22.0904751
vn -34.028862 34.5195618 -4.92376852
vn -32.7385406 35.729744 5.03787565
vn -3.66075134 48.228096 -5.87000418
vn 25.0471039 31.0632076 -27.9557972
vn 0.990361035 48.7116623 -0.00632453058
vn 14.0001583 31.625948 -34.3162003
vn -26.6434002 36.9145699 17.3565788
vn -12.2514696 37.3886719 28.7366657
vn 10.7704706 47.5163307 -0.0444040038
vn 3.74455309 32.4872551 -36.1159706
vn 7.76228905 35.5709267 32.3768883
vn -27.6173935 -38.8890076 9.93638039
vn -37.9503632 -20.7611923 -22.4176159
vn -22.8710709 -42.493927 6.70727777
vn -32.1090202 -24.623785 -27.138298
vn -10.3529177 -47.5488739 2.39353347
vn -12.2755222 -34.6075783 -32.0224037
vn -0.495913744 -48.5864296 3.59440422
vn 12.4856806 -39.0370293 -26.3443508
vn -5.83238029 -27.1116505 40.0593109
vn -16.7410049 -27.0148411 36.9289055
vn 3.89296842 -47.9331741 7.81427336
vn 28.3480148 -37.3201523 -13.3192873
vn 3.50632095 -46.6648102 13.5612564
vn 33.7133408 -35.1473618 -1.37126005
vn -26.4897079 -28.5462761 29.2781944
vn -31.5528355 -29.1463089 22.993866
vn 2.00618386 -44.4957161 19.7462234
vn 35.2362747 -32.7876053 7.56205559
vn -33.8979454 -28.1041679 20.8540592
vn -48.4493141 3.4202733 3.84349871
vn -47.8671646 5.50790977 7.22524738
vn -47.2822266 5.19931889 10.5434809
vn -44.4772072 6.28201485 18.87117
vn -36.4148979 8.67891979 31.1839428
vn -19.6753254 10.5934162 43.2951317
vn 1.32751739 8.65229797 47.9289284
vn -23.5536346 6.15099096 -42.2042503
vn -21.6408138 4.96165037 -43.3689346
vn -7.78058624 -4.3298068 -47.9011726
vn 18.2621899 -10.7719908 -43.8664322
vn 38.272995 -8.99881744 -28.775095
vn 45.6561432 -5.39567471 -16.1310349
vn 47.7840652 -3.2901361 -8.92551517
vn 8.24637604 -39.8217125 26.8334751
vn -9.51299858 -47.7736282 0.995096803
vn 25.6860657 -36.9994392 -18.5761757
vn 35.7016983 -27.0189705 19.2138195
vn 43.2508011 1.14012372 -22.4025803
vn 47.9714508 -0.674191296 8.49073696
vn -4.75586128 -17.4332218 -45.2467842
vn 16.6812687 8.66338921 -44.9498367
vn -27.1965561 -31.5454788 -25.2791786
vn 35.4864388 -30.2573566 14.1071577
vn 33.8359871 -32.0695381 14.159008
vn 46.6311493 -8.77873135 -11.057889
vn 48.0030823 -3.86308956 -7.38832855
vn 31.9746628 17.8983974 -32.1103592
vn 33.5401459 25.260149 -24.7141743
vn 31.411005 -25.8568382 -26.8063374
vn 25.8505993 3.95242453 -41.1087799
vn 27.1329689 -40.2894974 3.79017162
vn -6.90314579 -47.5672379 7.96942043
vn -11.7116461 -33.7581749 -33.1214485
vn -7.6923728 6.75086069 -47.634655
vn -44.6933746 -13.6073332 -13.8256741
vn -35.5634918 13.283329 -30.5384712
vn -35.48703 -30.3107185 13.9906492
vn -0.789989829 -27.3167171 40.3358383
vn 1.68415594 -31.6639709 36.9913902
vn 28.116066 -8.07622242 38.9623947
vn 17.4473267 3.50078201 45.355732
vn 41.3983574 16.8946342 19.3534145
vn 26.9113121 30.0463104 27.327776
vn 1.16634572 -40.0300827 27.7495708
vn -0.407475173 -38.7208748 29.5691547
vn -34.9674454 -23.3859673 24.5801029
vn -34.5392227 -24.3832359 24.2137718
vn 2.73185325 31.6805592 -36.9145699
vn 23.2347031 42.3606949 -6.28705359
vn 35.0254822 30.9128933 -13.8352966
vn 8.03654575 26.1761551 -40.2992516
vn -1.87493789 32.4421577 -36.301487
vn -0.551129997 40.4649048 -27.1310616
vn -34.914772 26.5576458 -21.2003975
vn -33.9138412 32.2145882 -13.6337204
vn -1.5245409 44.5665321 -19.6292286
vn 32.994278 28.8875332 -21.2295818
vn -3.40189171 46.6573372 -13.6134872
vn 30.500267 30.1837044 -23.0756226
vn -34.0289917 34.3427505 -6.0341258
vn -32.7386475 35.873497 3.88331556
vn -3.66077423 48.0137596 -7.42189312
vn 25.0469646 30.1458015 -28.9428253
vn 0.990383565 48.6861305 -1.57695222
vn 14.000041 30.5030422 -35.3181267
vn -26.6433659 37.4550209 16.1573315
vn -12.2514038 38.2957916 27.516222
vn 10.7704926 47.4901924 -1.57647657
vn 3.74454427 31.3059063 -37.1446571
vn 7.7623024 36.5963211 31.2131863
vn -27.6174107 -38.5484238 11.1850386
vn -37.9503593 -21.4731178 -21.7366428
vn -22.8711662 -42.2555199 8.07391167
vn -32.1090202 -25.4859486 -26.3302975
vn -10.3528185 -47.4469986 3.92538142
vn -12.2754612 -35.6220551 -30.8899517
vn -0.495857298 -48.445282 5.15905237
vn 12.4857836 -39.866127 -25.0719776
vn -5.83234072 -25.806078 40.9125557
vn -16.7409039 -25.8102112 37.7807121
vn 3.89292979 -47.6563034 9.35568714
vn 28.3480663 -37.7301407 -12.1091299
vn 3.50649357 -46.2033043 15.058753
vn 33.7133904 -35.1732597 -0.237394556
vn -26.4896202 -27.5874195 30.1834564
vn -31.5527401 -28.3898182 23.9217377
vn 2.00631785 -43.8359451 21.1705284
vn 35.2362175 -32.5268097 8.61525249
vn -33.8978348 -27.4172955 21.7493801
vn -48.4493141 3.5424521 3.73119211
vn -47.8671684 5.73803091 7.0438633
vn -47.2822266 5.53657293 10.3703566
vn -44.4771919 6.88718939 18.6588554
vn -36.4148293 9.67982101 30.8879929
vn -19.6752796 11.9837217 42.9311142
vn 1.32754922 10.1930037 47.6250687
vn -23.5535679 4.78713799 -42.3806458
vn -21.640789 3.56081367 -43.5063629
vn -7.78059626 -5.87196493 -47.7366676
vn 18.2621269 -12.180706 -43.4963455
vn 38.2729874 -9.92188644 -28.4700108
vn 45.6561317 -5.91296721 -15.9487114
vn 47.7840576 -3.57618308 -8.8148737
vn 8.24645042 -38.9358559 28.1034164
vn -9.5129652 -47.7167206 2.53474975
vn 25.6860027 -37.5791245 -17.3737183
vn 35.701725 -26.3854599 20.0748863
vn 43.2507706 0.417212337 -22.4277401
vn 47.9714584 -0.400200397 8.50798988
vn -4.75598621 -18.8829403 -44.6611938
vn 16.6812019 7.20961332 -45.2058182
vn -27.1965733 -32.3440933 -24.2489796
vn 35.4863968 -29.7868176 15.0754108
vn 33.8360062 -31.5963306 15.1856394
vn 46.6311607 -9.13070583 -10.7690372
vn 48.0030937 -4.09924936 -7.25991201
vn 31.9746666 16.8537922 -32.6707458
vn 33.5401192 24.4502583 -25.515728
vn 31.4110985 -26.707674 -25.9586201
vn 25.8506794 2.62484407 -41.2147942
vn 27.1329784 -40.1463394 5.08722448
vn -6.90306902 -47.2855568 9.49899292
vn -11.7116289 -34.8085632 -32.0157585
vn -7.69232368 5.211483 -47.8275604
vn -44.6933708 -14.0460634 -13.3797398
vn -35.563488 12.2917843 -30.950882
vn -35.4870186 -29.843853 14.9607182
vn -0.790047705 -26.0020351 41.195591
vn 1.68408716 -30.4548264 37.993084
vn 28.1161156 -6.81574678 39.202507
vn 17.4473286 4.96133232 45.2192764
vn 41.3983688 17.5099239 18.7985249
vn 26.911377 30.9117737 26.3447685
vn 1.16618419 -39.1145859 29.0257797
vn -0.407506824 -37.7473984 30.8021889
vn -34.9674263 -22.5813446 25.32131
vn -34.5391579 -23.5899124 24.9873829
vn 2.73189116 30.4738712 -37.9168396
vn 23.2347126 42.1359634 -7.64959049
vn 35.0254822 30.4507484 -14.8248053
vn 8.03651428 24.8632774 -41.122242
vn -1.87513351 31.2548447 -37.3286171
vn -0.551381826 39.5691757 -28.421524
vn -34.9148521 25.8602467 -22.0455837
vn -33.9139252 31.758215 -14.6652088
vn -1.52451265 43.9104958 -21.0559044
vn 32.9942703 28.1881142 -22.1498356
vn -3.40167236 46.1941452 -15.110796
vn 30.5003281 29.4239788 -24.0367737
vn -34.0288849 34.1304359 -7.13830566
vn -32.7385483 35.9801445 2.72464776
vn -3.66071177 47.7495117 -8.9660759
vn 25.0471134 29.1968365 -29.8997231
vn 0.990366518 48.6099739 -3.14585066
vn 14.0000582 29.3484344 -36.2832565
vn -26.6433487 37.9564743 14.9413919
vn -12.2514191 39.1630402 26.2672081
vn 10.7706003 47.4146461 -3.106848
vn 3.7446413 30.0919323 -38.134758
vn 7.76231956 37.5836296 30.0170631
vn -27.6174545 -38.1677322 12.4220467
vn -37.9503365 -22.1627617 -21.0330925
vn -22.8711967 -41.9732246 9.43206882
vn -32.1090546 -26.3215427 -25.4949417
vn -10.3528347 -47.2957649 5.45309639
vn -12.2755842 -36.599411 -29.7254066
vn -0.495892912 -48.2537537 6.71836662
vn 12.4857759 -40.6537476 -23.773634
vn -5.83229017 -24.4735432 41.7233391
vn -16.7409935 -24.5786324 38.5932198
vn 3.89278007 -47.3298836 10.8874092
vn 28.3480701 -38.1009483 -10.8863001
vn 3.50607061 -45.6937714 16.5406628
vn 33.713192 -35.1628075 0.896880448
vn -26.4897995 -26.5998688 31.0571117
vn -31.5528488 -27.6037369 24.8245544
vn 2.00594807 -43.1305809 22.572897
vn 35.2360611 -32.2322731 9.65959549
vn -33.8978195 -26.7018089 22.6220837
vn -48.4493179 3.66091347 3.61502838
vn -47.8671608 5.96213722 6.85525465
vn -47.2822151 5.86804724 10.1865263
vn -44.4771843 7.48521662 18.4271145
vn -36.4148636 10.6707201 30.5597801
vn -19.6753254 13.3617306 42.5223732
vn 1.32750869 11.7232866 47.2716522
vn -23.5535812 3.4181869 -42.5129585
vn -21.6407261 2.15627265 -43.5985832
vn -7.78053284 -7.40792227 -47.5225563
vn 18.2621841 -13.5766993 -43.0810051
vn 38.272995 -10.8345928 -28.1353264
vn 45.6561317 -6.42400026 -15.7498264
vn 47.7840691 -3.85850143 -8.69491673
vn 8.24643326 -38.0094948 29.3441849
vn -9.51295662 -47.6101837 4.07196665
vn 25.6859436 -38.1197929 -16.1530399
vn 35.701664 -25.7245293 20.9152241
vn 43.2508049 -0.306200534 -22.4294682
vn 47.9714546 -0.12569274 8.51651382
vn -4.75608015 -20.3129578 -44.0291939
vn 16.6814156 5.74822283 -45.4147034
vn -27.1966343 -33.1091003 -23.1934776
vn 35.4863167 -29.2853527 16.0279865
vn 33.8359947 -31.0903053 16.196476
vn 46.6311493 -9.4731226 -10.4691305
vn 48.0030823 -4.33114481 -7.12406301
vn 31.9746304 15.7917166 -33.1971626
vn 33.5401497 23.6148319 -26.2907753
vn 31.4110413 -27.5307407 -25.0841007
vn 25.8506088 1.29473221 -41.2780457
vn 27.1329899 -39.9614258 6.37900305
vn -6.90321875 -46.9546967 11.0185814
vn -11.7117901 -35.8225975 -30.8768883
vn -7.6924324 3.66681123 -47.9706955
vn -44.6934395 -14.4699879 -12.9198637
vn -35.5635147 11.2875299 -31.3310509
vn -35.4871407 -29.3458672 15.9150753
vn -0.790083826 -24.6603603 42.0124931
vn 1.68404138 -29.2140923 38.9552002
vn 28.1160755 -5.54832888 39.4018974
vn 17.4473419 6.41666937 45.0358009
vn 41.3983879 18.1068821 18.2241955
vn 26.9113789 31.7451305 25.3343868
vn 1.16611695 -38.1584244 30.2717991
vn -0.407589227 -36.7346268 32.0032539
vn -34.967453 -21.7531757 26.0361977
vn -34.5391464 -22.7720375 25.7349682
vn 2.73191833 29.2356319 -38.8795738
vn 23.2346783 41.8674393 -9.00410843
vn 35.0255699 29.9568481 -15.7988377
vn 8.03665638 23.524559 -41.9024315
vn -1.87496603 30.0350914 -38.3168983
vn -0.551078379 38.632225 -29.6825676
vn -34.914772 25.1360664 -22.86796
vn -33.9138336 31.2689419 -15.681591
vn -1.52439189 43.2087975 -22.4606972
vn 32.9942474 27.4592953 -23.047205
vn -3.40175605 45.6829376 -16.5922909
vn 30.500267 28.6337433 -24.972971
vn -34.0288658 33.8825684 -8.2349596
vn -32.7386017 36.0492363 1.56322932
vn -3.66069341 47.4356003 -10.5009537
vn 25.046999 28.2176781 -30.825592
vn 0.990435898 48.4832802 -4.71146584
vn 14.0000114 28.1633492 -37.2106476
vn -26.6433868 38.4184494 13.7098389
vn -12.2514009 39.989563 24.9908943
vn 10.770462 47.2898674 -4.63390493
vn 3.74461246 28.8468742 -39.0850716
vn 7.76225805 38.5319328 28.7896519
vn -27.6173992 -37.7473907 13.6462574
vn -37.9503899 -22.8294392 -20.3074207
vn -22.871151 -41.6473236 10.7804337
vn -32.1090851 -27.1298809 -24.632967
vn -10.3528471 -47.0953789 6.97502279
vn -12.2754784 -37.5388489 -28.5298824
vn -0.495776027 -48.0120735 8.27055073
vn 12.4858341 -41.3991432 -22.4504395
vn -5.8323698 -23.1156921 42.4906464
vn -16.7408981 -23.3216763 39.3655701
vn 3.89304829 -46.9542427 12.4076519
vn 28.3480721 -38.4321251 -9.65222168
vn 3.50647712 -45.1367264 18.0052013
vn 33.7133369 -35.1154861 2.03001022
vn -26.4896488 -25.584816 31.8986263
vn -31.5527401 -26.7891064 25.7016525
vn 2.00617194 -42.3803673 23.9517612
vn 35.2361259 -31.9039993 10.6938009
vn -33.8977928 -25.9585953 23.4712162
vn -48.4493141 3.77555227 3.49514127
vn -47.8671722 6.1799612 6.65946341
vn -47.2822266 6.19334221 9.99202347
vn -44.4771996 8.07542133 18.1761646
vn -36.4149055 11.6503658 30.1998425
vn -19.6753273 14.7257528 42.0694695
vn 1.32750416 13.24125 46.8691139
vn -23.5535927 2.04577088 -42.6010513
vn -21.6407604 0.749494493 -43.6454201
vn -7.78054667 -8.93634987 -47.2589874
vn 18.2620926 -14.9587021 -42.6208878
vn 38.2729492 -11.7360849 -27.7714386
vn 45.6561432 -6.92848158 -15.5344572
vn 47.7840652 -4.1368103 -8.56600285
vn 8.24616051 -37.0437393 30.5543594
vn -9.51337051 -47.4540672 5.60486174
vn 25.6859207 -38.6207962 -14.9155922
vn 35.7016792 -25.0367908 21.733757
vn 43.2508316 -1.02909052 -22.4078827
vn 47.9714508 0.149091214 8.51613235
vn -4.7559576 -21.7220039 -43.3513794
vn 16.6813316 4.28124475 -45.5764313
vn -27.1967735 -33.8395309 -22.1139927
vn 35.4864998 -28.7532024 16.9637413
vn 33.835968 -30.5519772 17.1904354
vn 46.6311607 -9.80573559 -10.1582308
vn 48.0030899 -4.55853462 -6.98070526
vn 31.9746685 14.713172 -33.6890221
vn 33.5402679 22.7547874 -27.0384293
vn 31.4111271 -28.3251171 -24.1833725
vn 25.8506527 -0.0368588418 -41.2982979
vn 27.132988 -39.7350235 7.66395283
vn -6.90314007 -46.5750618 12.5266685
vn -11.7116318 -36.7995644 -29.7058315
vn -7.69237423 2.11820436 -48.0639915
vn -44.693409 -14.8791704 -12.446537
vn -35.5635567 10.2714281 -31.6786709
vn -35.4870872 -28.8175564 16.852951
vn -0.789957881 -23.2929344 42.7857666
vn 1.68402004 -27.9429359 39.8768578
vn 28.1160774 -4.27508926 39.5602913
vn 17.4473057 7.86528301 44.8055344
vn 41.3983727 18.6850224 17.6309738
vn 26.9113331 32.5454636 24.2977276
vn 1.16642952 -37.1625443 31.4863682
vn -0.407527208 -35.6837349 33.1709518
vn -34.9673843 -20.9024792 26.7240582
vn -34.5391273 -21.9304619 26.4558201
vn 2.73187661 27.9668732 -39.8019753
vn 23.2347012 41.5553398 -10.3493671
vn 35.0255356 29.4319057 -16.7565479
vn 8.03653336 22.1612473 -42.639183
vn -1.87505293 28.7840538 -39.2653694
vn -0.551176727 37.6551247 -30.912693
vn -34.914875 24.3856411 -23.6664143
vn -33.9140091 30.746933 -16.6815319
vn -1.52449393 42.4621582 -23.8421478
vn 32.994339 26.7018661 -23.9205074
vn -3.40175676 45.1242676 -18.056448
vn 30.500185 27.8137989 -25.8831615
vn -34.0289268 33.5993767 -9.32313156
vn -32.7384529 36.081028 0.40008381
vn -3.6606729 47.0723763 -12.0248652
vn 25.0469761 27.2092361 -31.719286
vn 0.990448654 48.3061562 -6.27224684
vn 14.0000944 26.9490051 -38.0992813
vn -26.6432781 38.8406029 12.4639645
vn -12.2514467 40.7745247 23.688549
vn 10.770504 47.1158524 -6.15625286
vn 3.74460554 27.5717754 -39.9947739
vn 7.76231241 39.4400978 27.532383
vn -27.6175957 -37.2876701 14.8561478
vn -37.9503975 -23.4722252 -19.5608997
vn -22.8710804 -41.2780762 12.1177835
vn -32.1090927 -27.9100628 -23.7453499
vn -10.3528872 -46.8459663 8.48999977
vn -12.2756548 -38.4391823 -27.3046627
vn -0.496100962 -47.7204399 9.81430721
vn 12.4856701 -42.10149 -21.1040173
vn -5.83234596 -21.7336388 43.2138824
vn -16.7411213 -22.0402908 40.0969734
vn 3.8928051 -46.5297852 13.9151793
vn 28.3481274 -38.7233124 -8.40805244
vn 3.50629568 -44.5327301 19.4511833
vn 33.7134094 -35.0316963 3.16115165
vn -26.4898205 -24.5429535 32.7068787
vn -31.5528355 -25.9464035 26.5520134
vn 2.00627327 -41.5861015 25.3056965
vn 35.236248 -31.5425434 11.7167244
vn -33.8978424 -25.1882954 24.2959518
vn -48.4493141 3.88624096 3.37162662
vn -47.8671761 6.39157104 6.45665884
vn -47.2822266 6.51231432 9.78709412
vn -44.4771996 8.65726662 17.9063511
vn -36.4148941 12.6180849 29.8084908
vn -19.6753349 16.074419 41.5728416
vn 1.32751238 14.7453661 46.4178696
vn -23.553566 0.671179295 -42.6448822
vn -21.640789 -0.658183038 -43.6468735
vn -7.78065443 -10.4554129 -46.9462776
vn 18.2620296 -16.3250923 -42.1164665
vn 38.2729988 -12.625351 -27.3785572
vn 45.6561623 -7.42569923 -15.3029556
vn 47.7840652 -4.41083813 -8.42820168
vn -2.59381962 35.2799263 -33.5023346
vn 21.1389351 36.9281235 -23.7332268
vn 29.9231491 16.7007694 -34.6337395
vn -5.18260765 18.2689648 -44.8686104
vn 38.3738174 27.0488377 -13.023737
vn 44.8435287 9.43926811 -16.5458584
vn 43.3078041 -12.9292583 -18.195488
vn 27.4349117 -19.2189445 -35.3802872
vn -1.13436651 -10.8933582 -47.4747849
vn 39.6298523 27.0177212 -8.56298637
vn 38.5284348 28.4072723 -9.07708073
vn 16.7655144 43.2763023 -14.8285484
vn 18.7806568 42.8116913 -13.7205114
vn -11.5888147 38.3491936 -27.7280655
vn -7.19929176e-07 41.7917099 -25.0451508
vn 47.4754486 4.38042259 -10.034977
vn 43.8436623 -17.8358173 -11.5509148
vn 48.0437851 5.59503603 -5.85638571
vn 47.7885513 8.04209995 -5.0384531
vn 0 13.5209522 -46.8080215
vn -14.6833134 -21.1379852 -41.3689842
vn 21.555233 -37.2721138 -22.8028202
vn 35.2919998 6.18277121 -33.015976
vn -28.9216557 16.2553101 -35.6806602
vn -1.16046954e-06 22.211174 -43.3643913
vn -4.03075552 -37.0415955 -31.3923569
vn -6.56951714 -20.1419029 -43.8742752
vn 30.0025864 -21.1215801 -32.0551224
vn 20.9239178 -39.1086693 -20.1620617
vn -2.10749435 9.19521809 -47.7997169
vn 27.5541916 16.3971558 -36.683876
vn 44.4085312 7.95006227 -18.3979759
vn 43.937458 -15.1303434 -14.6416931
vn 37.2031403 -29.63694 -10.5539265
vn 1.68518836e-05 -16.9267044 -45.6869087
vn -15.7537117 21.4608459 -40.8051376
vn -30.1836643 -15.6243668 -34.9089127
vn 3.60376566e-06 -20.7527294 -44.0809555
vn -12.234601 -38.7555122 -26.8725185
vn 1.45201614e-06 -41.8025894 -25.0269852
vn 46.9377937 -10.3645144 -7.95155907
vn 45.1418381 11.7733431 -14.0502605
vn 21.2502422 35.9022865 -25.1646519
vn 34.4921761 -12.2479324 -32.1571884
vn 38.4311638 -28.7806282 -8.27817822
vn 37.330265 -30.2177582 -8.19422436
vn 46.8253975 -11.9795485 -6.13832474
vn 46.5101242 -13.2799587 -5.85304451
vn 17.9120598 -43.422699 -12.9396248
vn 20.3066349 -42.4365044 -12.6724386
vn -3.22753525 -25.6671429 -41.2866554
vn -6.93036127 0.0533667281 -48.2262802
vn 29.7050762 2.80455375 -38.51688
vn 24.4762478 -29.0281734 -30.5300846
vn -5.83550692 25.0000286 -41.409565
vn 21.5779572 31.6046391 -30.1553535
vn 39.0737991 24.2183838 -16.1404819
vn 44.988945 4.77622557 -18.0828514
vn 42.3000488 -17.7734489 -16.3895321
vn -16.8613605 31.2531891 -33.3577499
vn -30.7468071 0.319416761 -37.7933655
vn -7.14083853e-06 2.59799147 -48.6524124
vn -14.6592569 -31.802206 -33.8752518
vn -8.18336048e-06 -3.65595627 -48.5843697
vn 38.4753876 27.7416916 -11.1287756
vn 15.1297655 42.5265884 -18.3408337
vn 47.6043663 6.2232995 -8.30073166
vn 42.8533173 -19.9026299 -11.8863583
vn 47.8030319 5.85047245 -7.37896156
vn 47.7055855 7.07745647 -6.92055225
vn 17.850544 -41.3320732 -18.6232319
vn 32.7844887 3.80877328 -35.8395996
vn -7.65145874 17.6714478 -44.7546883
vn 21.3775215 25.7537251 -35.4055672
vn 26.78125 -11.8129396 -38.9490166
vn -9.67418766 -13.2524986 -45.8757896
vn 40.4444923 20.9285011 -17.3218899
vn 45.5607948 -5.47778225 -16.3711548
vn 38.5278282 -27.6984806 -11.0547495
vn 19.2749672 -37.794117 -23.9559574
vn -6.62642288 -34.9854431 -33.2553139
vn 39.526226 27.1030445 -8.76978111
vn 13.0217981 42.6745911 -19.5734215
vn -18.5591278 25.8904819 -36.8652802
vn 38.4861031 -29.5677414 -4.28662443
vn 48.6823692 -1.26306772 -1.49621284
vn 48.6713982 -2.19576192 0.283610612
vn -14.9059029 -37.5662346 -27.2102814
vn 12.7497482 -45.5623093 -11.6329975
vn -30.5333786 -10.8928537 -36.3712234
vn 8.33181184e-06 -14.1086798 -46.6342354
vn 2.593894 35.2799187 -33.502327
vn 5.18263006 18.2689629 -44.8686104
vn -29.9231319 16.7007847 -34.6337509
vn -21.1388969 36.9281349 -23.7332458
vn -44.8435249 9.43927288 -16.5458622
vn -38.3738098 27.0488434 -13.0237417
vn -27.4349022 -19.2189598 -35.3802872
vn -43.3078117 -12.9292622 -18.1954632
vn 1.13438451 -10.8933611 -47.4747849
vn -39.6298561 27.0177116 -8.56298447
vn -18.7806568 42.8116951 -13.7205114
vn -16.7655125 43.2763062 -14.8285484
vn -38.5284386 28.4072666 -9.07707787
vn 11.5888243 38.3491936 -27.7280598
vn -47.4754486 4.38042641 -10.0349808
vn -47.7885551 8.04208851 -5.03845263
vn -48.0437851 5.59502411 -5.85638523
vn -43.8436623 -17.8358173 -11.5509186
vn -35.2919998 6.18278027 -33.0159798
vn -21.5552158 -37.2721214 -22.8028221
vn 14.6833315 -21.1379852 -41.3689804
vn 28.9216709 16.2553043 -35.6806602
vn 4.03078985 -37.0415955 -31.3923531
vn -20.9238758 -39.1086884 -20.1620655
vn -30.0026073 -21.1215668 -32.0551109
vn 6.56949615 -20.1419048 -43.874279
vn -27.554203 16.3971577 -36.6838684
vn 2.10746598 9.19521713 -47.7997208
vn -43.9374733 -15.1303225 -14.6416817
vn -44.4085312 7.95005941 -18.3979778
vn -37.2031326 -29.6369457 -10.5539217
vn 30.1836624 -15.6243668 -34.9089127
vn 15.7537184 21.4608402 -40.8051414
vn 12.2346478 -38.755497 -26.8725128
vn -46.9377937 -10.3645134 -7.95156097
vn -34.4921684 -12.2479315 -32.1571999
vn -21.250227 35.9022942 -25.1646595
vn -45.1418343 11.7733412 -14.0502605
vn -38.431179 -28.7806034 -8.27817249
vn -46.5101204 -13.2799587 -5.85304689
vn -46.8254013 -11.9795408 -6.13832474
vn -37.3302803 -30.2177429 -8.19422245
vn -20.3066883 -42.4364777 -12.6724329
vn -17.912035 -43.4227104 -12.9396267
vn 3.22750401 -25.6671448 -41.2866554
vn -24.4762592 -29.0281696 -30.5300636
vn -29.7050877 2.80454588 -38.5168686
vn 6.93034315 0.0533646196 -48.226284
vn -21.5779686 31.6046333 -30.1553555
vn 5.83548164 25.0000229 -41.4095764
vn -44.9889488 4.77622652 -18.0828342
vn -39.0737991 24.2183781 -16.1404781
vn -42.3000412 -17.7734795 -16.3895321
vn 30.7467899 0.31942147 -37.7933807
vn 16.8613453 31.2531891 -33.3577538
vn 14.6592245 -31.8022099 -33.8752632
vn -15.1297655 42.5265884 -18.3408337
vn -38.4753838 27.7416992 -11.1287804
vn -47.6043663 6.2232933 -8.30072403
vn -47.7055779 7.07746506 -6.92055368
vn -47.8030319 5.85047865 -7.37896156
vn -42.8533134 -19.9026451 -11.8863535
vn -32.7845192 3.80875278 -35.8395844
vn -17.850523 -41.332077 -18.6232338
vn 7.65144348 17.6714325 -44.7546959
vn 9.6741724 -13.252512 -45.8757858
vn -26.7812462 -11.8129377 -38.9490128
vn -21.3775177 25.7537193 -35.4055672
vn -45.5607948 -5.47777462 -16.3711491
vn -40.4444847 20.928503 -17.3218975
vn -19.2749615 -37.794117 -23.9559536
vn -38.5278397 -27.6984749 -11.0547438
vn 6.62643957 -34.9854469 -33.2553062
vn -13.0218115 42.6745872 -19.5734196
vn -39.5262413 27.1030235 -8.76977634
vn 18.5591106 25.8904724 -36.8652878
vn -48.6713982 -2.195755 0.283609182
vn -48.6823692 -1.263062 -1.49621367
vn -38.4861107 -29.5677357 -4.28662443
vn -12.7497387 -45.5623131 -11.6329966
vn 14.9059315 -37.5662308 -27.2102699
vn 30.5333748 -10.8928547 -36.3712234

# Mesh 'Cube.000' with 3036 faces
g Cube.000
usemtl skin
f  1/1/1 2/2/2 3/3/3 4/4/4
f  5/5/5 6/6/6 7/7/7 8/8/8
f  2/2/2 9/9/9 10/10/10 3/3/3
f  11/11/11 12/12/12 13/13/13 14/14/14
f  1/1/1 4/4/4 15/15/15 16/16/16
f  16/16/16 15/15/15 17/17/17 18/18/18
f  5/5/5 8/8/8 19/19/19 20/20/20
f  20/20/20 19/19/19 21/21/21 22/22/22
f  1/1/1 16/16/16 23/23/23 24/24/24
f  24/24/24 23/23/23 25/25/25 26/26/26
f  16/16/16 18/18/18 27/27/27 23/23/23
f  23/23/23 27/27/27 28/28/28 25/25/25
f  1/1/1 24/24/24 29/29/29 2/2/2
f  2/2/2 29/29/29 30/30/30 9/9/9
f  24/24/24 26/26/26 31/31/31 29/29/29
f  29/29/29 31/31/31 32/32/32 30/30/30
f  33/33/33 34/34/34 35/35/35 36/36/36
f  37/37/37 38/38/38 39/39/39 40/40/40
f  34/34/34 41/41/41 42/42/42 35/35/35
f  38/38/38 43/43/43 44/44/44 39/39/39
f  33/33/33 36/36/36 45/45/45 46/46/46
f  46/46/46 45/45/45 47/47/47 48/48/48
f  37/37/37 40/40/40 49/49/49 50/50/50
f  50/50/50 49/49/49 51/51/51 52/52/52
f  33/33/33 46/46/46 53/53/53 54/54/54
f  54/54/54 53/53/53 55/55/55 56/56/56
f  46/46/46 48/48/48 57/57/57 53/53/53
f  53/53/53 57/57/57 58/58/58 55/55/55
f  33/33/33 54/54/54 59/59/59 34/34/34
f  34/34/34 59/59/59 60/60/60 41/41/41
f  54/54/54 56/56/56 61/61/61 59/59/59
f  59/59/59 61/61/61 62/62/62 60/60/60
f  63/63/63 64/64/64 65/65/65 66/66/66
f  66/66/66 65/65/65 67/67/67 68/68/68
f  64/64/64 69/69/69 70/70/70 65/65/65
f  65/65/65 70/70/70 62/62/62 67/67/67
f  63/63/63 66/66/66 71/71/71 72/72/72
f  72/72/72 71/71/71 73/73/73 74/74/74
f  66/66/66 68/68/68 75/75/75 71/71/71
f  71/71/71 75/75/75 76/76/76 73/73/73
f  63/63/63 72/72/72 77/77/77 78/78/78
f  78/78/78 77/77/77 31/31/31 26/26/26
f  72/72/72 74/74/74 79/79/79 77/77/77
f  77/77/77 79/79/79 32/32/32 31/31/31
f  63/63/63 78/78/78 80/80/80 64/64/64
f  64/64/64 80/80/80 81/81/81 69/69/69
f  78/78/78 26/26/26 25/25/25 80/80/80
f  80/80/80 25/25/25 28/28/28 81/81/81
f  82/82/82 83/83/83 84/84/84 85/85/85
f  85/85/85 84/84/84 86/86/86 87/87/87
f  83/83/83 88/88/88 89/89/89 84/84/84
f  84/84/84 89/89/89 90/90/90 86/86/86
f  82/82/82 85/85/85 91/91/91 92/92/92
f  92/92/92 91/91/91 93/93/93 94/94/94
f  85/85/85 87/87/87 95/95/95 91/91/91
f  91/91/91 95/95/95 96/96/96 93/93/93
f  82/82/82 92/92/92 97/97/97 98/98/98
f  98/98/98 97/97/97 99/99/99 100/100/100
f  92/92/92 94/94/94 101/101/101 97/97/97
f  97/97/97 101/101/101 102/102/102 99/99/99
f  82/82/82 98/98/98 103/103/103 83/83/83
f  83/83/83 103/103/103 104/104/104 88/88/88
f  98/98/98 100/100/100 105/105/105 103/103/103
f  103/103/103 105/105/105 106/106/106 104/104/104
f  107/107/107 108/108/108 109/109/109 110/110/110
f  111/111/111 112/112/112 113/113/113 114/114/114
f  108/108/108 48/48/48 47/47/47 109/109/109
f  112/112/112 52/52/52 51/51/51 113/113/113
f  107/107/107 110/110/110 115/115/115 116/116/116
f  116/116/116 115/115/115 117/117/117 118/118/118
f  111/111/111 114/114/114 119/119/119 120/120/120
f  120/120/120 119/119/119 121/121/121 122/122/122
f  107/107/107 116/116/116 123/123/123 124/124/124
f  124/124/124 123/123/123 125/125/125 126/126/126
f  116/116/116 118/118/118 127/127/127 123/123/123
f  123/123/123 127/127/127 128/128/128 125/125/125
f  107/107/107 124/124/124 129/129/129 108/108/108
f  108/108/108 129/129/129 57/57/57 48/48/48
f  124/124/124 126/126/126 130/130/130 129/129/129
f  129/129/129 130/130/130 58/58/58 57/57/57
f  131/131/131 132/132/132 133/133/133 134/134/134
f  134/134/134 133/133/133 135/135/135 136/136/136
f  132/132/132 137/137/137 138/138/138 133/133/133
f  133/133/133 138/138/138 139/139/139 135/135/135
f  131/131/131 134/134/134 140/140/140 141/141/141
f  141/141/141 140/140/140 142/142/142 143/143/143
f  134/134/134 136/136/136 144/144/144 140/140/140
f  140/140/140 144/144/144 145/145/145 142/142/142
f  131/131/131 141/141/141 146/146/146 147/147/147
f  147/147/147 146/146/146 148/148/148 149/149/149
f  141/141/141 143/143/143 150/150/150 146/146/146
f  146/146/146 150/150/150 151/151/151 148/148/148
f  131/131/131 147/147/147 152/152/152 132/132/132
f  132/132/132 152/152/152 153/153/153 137/137/137
f  147/147/147 149/149/149 154/154/154 152/152/152
f  152/152/152 154/154/154 155/155/155 153/153/153
f  156/156/156 157/157/157 158/158/158 159/159/159
f  159/159/159 158/158/158 130/130/130 126/126/126
f  157/157/157 56/56/56 55/55/55 158/158/158
f  158/158/158 55/55/55 58/58/58 130/130/130
f  156/156/156 159/159/159 160/160/160 161/161/161
f  161/161/161 160/160/160 162/162/162 163/163/163
f  159/159/159 126/126/126 125/125/125 160/160/160
f  160/160/160 125/125/125 128/128/128 162/162/162
f  156/156/156 161/161/161 164/164/164 165/165/165
f  165/165/165 164/164/164 75/75/75 68/68/68
f  161/161/161 163/163/163 166/166/166 164/164/164
f  164/164/164 166/166/166 76/76/76 75/75/75
f  156/156/156 165/165/165 167/167/167 157/157/157
f  157/157/157 167/167/167 61/61/61 56/56/56
f  165/165/165 68/68/68 67/67/67 167/167/167
f  167/167/167 67/67/67 62/62/62 61/61/61
f  168/168/168 169/169/169 170/170/170 171/171/171
f  172/172/172 173/173/173 174/174/174 175/175/175
f  169/169/169 18/18/18 17/17/17 170/170/170
f  173/173/173 22/22/22 21/21/21 174/174/174
f  168/168/168 171/171/171 176/176/176 177/177/177
f  177/177/177 176/176/176 42/42/42 41/41/41
f  172/172/172 175/175/175 178/178/178 179/179/179
f  179/179/179 178/178/178 44/44/44 43/43/43
f  168/168/168 177/177/177 180/180/180 181/181/181
f  181/181/181 180/180/180 70/70/70 69/69/69
f  177/177/177 41/41/41 60/60/60 180/180/180
f  180/180/180 60/60/60 62/62/62 70/70/70
f  168/168/168 181/181/181 182/182/182 169/169/169
f  169/169/169 182/182/182 27/27/27 18/18/18
f  181/181/181 69/69/69 81/81/81 182/182/182
f  182/182/182 81/81/81 28/28/28 27/27/27
f  183/183/183 184/184/184 185/185/185 186/186/186
f  186/186/186 185/185/185 187/187/187 188/188/188
f  184/184/184 189/189/189 190/190/190 185/185/185
f  185/185/185 190/190/190 191/191/191 187/187/187
f  183/183/183 186/186/186 192/192/192 193/193/193
f  193/193/193 192/192/192 194/194/194 195/195/195
f  186/186/186 188/188/188 196/196/196 192/192/192
f  192/192/192 196/196/196 197/197/197 194/194/194
f  183/183/183 193/193/193 198/198/198 199/199/199
f  199/199/199 198/198/198 200/200/200 201/201/201
f  193/193/193 195/195/195 202/202/202 198/198/198
f  198/198/198 202/202/202 203/203/203 200/200/200
f  183/183/183 199/199/199 204/204/204 184/184/184
f  184/184/184 204/204/204 205/205/205 189/189/189
f  199/199/199 201/201/201 206/206/206 204/204/204
f  204/204/204 206/206/206 207/207/207 205/205/205
f  208/208/208 209/209/209 210/210/210 211/211/211
f  211/211/211 210/210/210 154/154/154 149/149/149
f  209/209/209 212/212/212 213/213/213 210/210/210
f  210/210/210 213/213/213 155/155/155 154/154/154
f  208/208/208 211/211/211 214/214/214 215/215/215
f  215/215/215 214/214/214 216/216/216 217/217/217
f  211/211/211 149/149/149 148/148/148 214/214/214
f  214/214/214 148/148/148 151/151/151 216/216/216
f  208/208/208 215/215/215 218/218/218 219/219/219
f  219/219/219 218/218/218 220/220/220 221/221/221
f  215/215/215 217/217/217 222/222/222 218/218/218
f  218/218/218 222/222/222 207/207/207 220/220/220
f  208/208/208 219/219/219 223/223/223 209/209/209
f  209/209/209 223/223/223 224/224/224 212/212/212
f  219/219/219 221/221/221 225/225/225 223/223/223
f  223/223/223 225/225/225 226/226/226 224/224/224
f  227/227/227 228/228/228 229/229/229 230/230/230
f  230/230/230 229/229/229 206/206/206 201/201/201
f  228/228/228 221/221/221 220/220/220 229/229/229
f  229/229/229 220/220/220 207/207/207 206/206/206
f  227/227/227 230/230/230 231/231/231 232/232/232
f  232/232/232 231/231/231 233/233/233 234/234/234
f  230/230/230 201/201/201 200/200/200 231/231/231
f  231/231/231 200/200/200 203/203/203 233/233/233
f  227/227/227 232/232/232 235/235/235 236/236/236
f  236/236/236 235/235/235 237/237/237 238/238/238
f  232/232/232 234/234/234 239/239/239 235/235/235
f  235/235/235 239/239/239 240/240/240 237/237/237
f  227/227/227 236/236/236 241/241/241 228/228/228
f  228/228/228 241/241/241 225/225/225 221/221/221
f  236/236/236 238/238/238 242/242/242 241/241/241
f  241/241/241 242/242/242 226/226/226 225/225/225
f  243/243/243 244/244/244 245/245/245 246/246/246
f  246/246/246 245/245/245 247/247/247 248/248/248
f  244/244/244 249/249/249 250/250/250 245/245/245
f  245/245/245 250/250/250 96/96/96 247/247/247
f  243/243/243 246/246/246 251/251/251 252/252/252
f  252/252/252 251/251/251 253/253/253 254/254/254
f  246/246/246 248/248/248 255/255/255 251/251/251
f  251/251/251 255/255/255 256/256/256 253/253/253
f  243/243/243 252/252/252 257/257/257 258/258/258
f  258/258/258 257/257/257 196/259/196 188/260/188
f  252/252/252 254/254/254 259/261/259 257/257/257
f  257/257/257 259/261/259 197/262/197 196/259/196
f  243/243/243 258/258/258 260/263/260 244/244/244
f  244/244/244 260/263/260 261/264/261 249/249/249
f  258/258/258 188/260/188 187/265/187 260/263/260
f  260/263/260 187/265/187 191/266/191 261/264/261
f  262/267/262 263/268/263 264/269/264 265/270/265
f  265/270/265 264/269/264 266/271/266 267/272/267
f  263/268/263 8/8/8 7/7/7 264/269/264
f  268/273/268 11/274/11 14/14/14 13/13/13
f  262/267/262 265/270/265 269/275/269 270/276/270
f  270/276/270 269/275/269 213/213/213 212/212/212
f  265/270/265 267/272/267 271/277/271 269/275/269
f  269/275/269 271/277/271 155/155/155 213/213/213
f  262/267/262 270/276/270 272/278/272 273/279/273
f  273/279/273 272/278/272 274/280/274 275/281/275
f  270/276/270 212/212/212 224/224/224 272/278/272
f  272/278/272 224/224/224 226/226/226 274/280/274
f  262/267/262 273/279/273 276/282/276 263/268/263
f  263/268/263 276/282/276 19/19/19 8/8/8
f  273/279/273 275/281/275 277/283/277 276/282/276
f  276/282/276 277/283/277 21/21/21 19/19/19
f  278/284/278 279/285/279 280/286/280 281/287/281
f  281/287/281 280/286/280 282/288/282 283/289/283
f  279/285/279 40/40/40 39/39/39 280/286/280
f  280/286/280 39/39/39 44/44/44 282/288/282
f  278/284/278 281/287/281 284/290/284 285/291/285
f  285/291/285 284/290/284 286/292/286 287/293/287
f  281/287/281 283/289/283 288/294/288 284/290/284
f  284/290/284 288/294/288 289/295/289 286/292/286
f  278/284/278 285/291/285 290/296/290 291/297/291
f  291/297/291 290/296/290 292/298/292 293/299/293
f  285/291/285 287/293/287 294/300/294 290/296/290
f  290/296/290 294/300/294 295/301/295 292/298/292
f  278/284/278 291/297/291 296/302/296 279/285/279
f  279/285/279 296/302/296 49/49/49 40/40/40
f  291/297/291 293/299/293 297/303/297 296/302/296
f  296/302/296 297/303/297 51/51/51 49/49/49
f  298/304/298 299/305/299 300/306/300 301/307/301
f  301/307/301 300/306/300 302/308/302 303/309/303
f  299/305/299 304/310/304 305/311/305 300/306/300
f  300/306/300 305/311/305 306/312/306 302/308/302
f  298/304/298 301/307/301 307/313/307 308/314/308
f  308/314/308 307/313/307 138/138/138 137/137/137
f  301/307/301 303/309/303 309/315/309 307/313/307
f  307/313/307 309/315/309 139/139/139 138/138/138
f  298/304/298 308/314/308 310/316/310 311/317/311
f  311/317/311 310/316/310 271/277/271 267/272/267
f  308/314/308 137/137/137 153/153/153 310/316/310
f  310/316/310 153/153/153 155/155/155 271/277/271
f  298/304/298 311/317/311 312/318/312 299/305/299
f  299/305/299 312/318/312 313/319/313 304/310/304
f  311/317/311 267/272/267 266/271/266 312/318/312
f  314/320/314 268/273/268 13/13/13 315/321/315
f  316/322/316 317/323/317 318/324/318 319/325/319
f  319/325/319 318/324/318 320/326/320 321/327/321
f  317/323/317 114/114/114 113/113/113 318/324/318
f  318/324/318 113/113/113 51/51/51 320/326/320
f  316/322/316 319/325/319 322/328/322 323/329/323
f  323/329/323 322/328/322 89/89/89 88/88/88
f  319/325/319 321/327/321 324/330/324 322/328/322
f  322/328/322 324/330/324 90/90/90 89/89/89
f  316/322/316 323/329/323 325/331/325 326/332/326
f  326/332/326 325/331/325 327/333/327 328/334/328
f  323/329/323 88/88/88 104/104/104 325/331/325
f  325/331/325 104/104/104 106/106/106 327/333/327
f  316/322/316 326/332/326 329/335/329 317/323/317
f  317/323/317 329/335/329 119/119/119 114/114/114
f  326/332/326 328/334/328 330/336/330 329/335/329
f  329/335/329 330/336/330 121/121/121 119/119/119
f  331/337/331 332/338/332 333/339/333 334/340/334
f  334/340/334 333/339/333 335/341/335 336/342/336
f  332/338/332 195/195/195 194/194/194 333/339/333
f  333/339/333 194/194/194 197/197/197 335/341/335
f  331/337/331 334/340/334 337/343/337 338/344/338
f  338/344/338 337/343/337 339/345/339 340/346/340
f  334/340/334 336/342/336 341/347/341 337/343/337
f  337/343/337 341/347/341 342/348/342 339/345/339
f  331/337/331 338/344/338 343/349/343 344/350/344
f  344/350/344 343/349/343 345/351/345 346/352/346
f  338/344/338 340/346/340 347/353/347 343/349/343
f  343/349/343 347/353/347 348/354/348 345/351/345
f  331/337/331 344/350/344 349/355/349 332/338/332
f  332/338/332 349/355/349 202/202/202 195/195/195
f  344/350/344 346/352/346 350/356/350 349/355/349
f  349/355/349 350/356/350 203/203/203 202/202/202
f  351/357/351 352/358/352 353/359/353 354/360/354
f  354/360/354 353/359/353 355/361/355 356/362/356
f  352/358/352 357/363/357 358/364/358 353/359/353
f  353/359/353 358/364/358 295/301/295 355/361/355
f  351/357/351 354/360/354 359/365/359 360/366/360
f  360/366/360 359/365/359 361/367/361 362/368/362
f  354/360/354 356/362/356 363/369/363 359/365/359
f  359/365/359 363/369/363 364/370/364 361/367/361
f  351/357/351 360/366/360 365/371/365 366/372/366
f  366/372/366 365/371/365 367/373/367 368/374/368
f  360/366/360 362/368/362 369/375/369 365/371/365
f  365/371/365 369/375/369 370/376/370 367/373/367
f  351/357/351 366/372/366 371/377/371 352/358/352
f  352/358/352 371/377/371 372/378/372 357/363/357
f  366/372/366 368/374/368 373/379/373 371/377/371
f  371/377/371 373/379/373 374/380/374 372/378/372
f  375/381/375 376/382/376 377/383/377 378/384/378
f  378/384/378 377/383/377 350/356/350 346/352/346
f  376/382/376 234/234/234 233/233/233 377/383/377
f  377/383/377 233/233/233 203/203/203 350/356/350
f  375/381/375 378/384/378 379/385/379 380/386/380
f  380/386/380 379/385/379 381/387/381 382/388/382
f  378/384/378 346/352/346 345/351/345 379/385/379
f  379/385/379 345/351/345 348/354/348 381/387/381
f  375/381/375 380/386/380 383/389/383 384/390/384
f  384/390/384 383/389/383 385/391/385 386/392/386
f  380/386/380 382/388/382 387/393/387 383/389/383
f  383/389/383 387/393/387 388/394/388 385/391/385
f  375/381/375 384/390/384 389/395/389 376/382/376
f  376/382/376 389/395/389 239/239/239 234/234/234
f  384/390/384 386/392/386 390/396/390 389/395/389
f  389/395/389 390/396/390 240/240/240 239/239/239
f  391/397/391 392/398/392 393/399/393 394/400/394
f  394/400/394 393/399/393 395/401/395 396/402/396
f  392/398/392 287/293/287 286/292/286 393/399/393
f  393/399/393 286/292/286 289/295/289 395/401/395
f  391/397/391 394/400/394 397/403/397 398/404/398
f  398/404/398 397/403/397 399/405/399 400/406/400
f  394/400/394 396/402/396 401/407/401 397/403/397
f  397/403/397 401/407/401 402/408/402 399/405/399
f  391/397/391 398/404/398 403/409/403 404/410/404
f  404/410/404 403/409/403 363/369/363 356/362/356
f  398/404/398 400/406/400 405/411/405 403/409/403
f  403/409/403 405/411/405 364/370/364 363/369/363
f  391/397/391 404/410/404 406/412/406 392/398/392
f  392/398/392 406/412/406 294/300/294 287/293/287
f  404/410/404 356/362/356 355/361/355 406/412/406
f  406/412/406 355/361/355 295/301/295 294/300/294
f  407/413/407 408/414/408 409/415/409 410/416/410
f  410/416/410 409/415/409 297/303/297 293/299/293
f  408/414/408 321/327/321 320/326/320 409/415/409
f  409/415/409 320/326/320 51/51/51 297/303/297
f  407/413/407 410/416/410 411/417/411 412/418/412
f  412/418/412 411/417/411 358/364/358 357/363/357
f  410/416/410 293/299/293 292/298/292 411/417/411
f  411/417/411 292/298/292 295/301/295 358/364/358
f  407/413/407 412/418/412 413/419/413 414/420/414
f  414/420/414 413/419/413 415/421/415 416/422/416
f  412/418/412 357/363/357 372/378/372 413/419/413
f  413/419/413 372/378/372 374/380/374 415/421/415
f  407/413/407 414/420/414 417/423/417 408/414/408
f  408/414/408 417/423/417 324/330/324 321/327/321
f  414/420/414 416/422/416 418/424/418 417/423/417
f  417/423/417 418/424/418 90/90/90 324/330/324
f  419/425/419 420/426/420 421/427/421 422/428/422
f  422/428/422 421/427/421 242/242/242 238/238/238
f  420/426/420 275/281/275 274/280/274 421/427/421
f  421/427/421 274/280/274 226/226/226 242/242/242
f  419/425/419 422/428/422 423/429/423 424/430/424
f  424/430/424 423/429/423 425/431/425 426/432/426
f  422/428/422 238/238/238 237/237/237 423/429/423
f  423/429/423 237/237/237 240/240/240 425/431/425
f  419/425/419 424/430/424 427/433/427 428/434/428
f  428/434/428 427/433/427 429/435/429 430/436/430
f  424/430/424 426/432/426 431/437/431 427/433/427
f  427/433/427 431/437/431 432/438/432 429/435/429
f  419/425/419 428/434/428 433/439/433 420/426/420
f  420/426/420 433/439/433 277/283/277 275/281/275
f  428/434/428 430/436/430 434/440/434 433/439/433
f  433/439/433 434/440/434 21/21/21 277/283/277
f  435/441/435 436/442/436 437/443/437 438/444/438
f  438/444/438 437/443/437 434/440/434 430/436/430
f  436/442/436 175/175/175 174/174/174 437/443/437
f  437/443/437 174/174/174 21/21/21 434/440/434
f  435/441/435 438/444/438 439/445/439 440/446/440
f  440/446/440 439/445/439 441/447/441 442/448/442
f  438/444/438 430/436/430 429/435/429 439/445/439
f  439/445/439 429/435/429 432/438/432 441/447/441
f  435/441/435 440/446/440 443/449/443 444/450/444
f  444/450/444 443/449/443 288/294/288 283/289/283
f  440/446/440 442/448/442 445/451/445 443/449/443
f  443/449/443 445/451/445 289/295/289 288/294/288
f  435/441/435 444/450/444 446/452/446 436/442/436
f  436/442/436 446/452/446 178/178/178 175/175/175
f  444/450/444 283/289/283 282/288/282 446/452/446
f  446/452/446 282/288/282 44/44/44 178/178/178
f  447/453/447 448/454/448 449/455/449 450/456/450
f  450/456/450 449/455/449 418/424/418 416/422/416
f  448/454/448 87/87/87 86/86/86 449/455/449
f  449/455/449 86/86/86 90/90/90 418/424/418
f  447/453/447 450/456/450 451/457/451 452/458/452
f  452/458/452 451/457/451 453/459/453 454/460/454
f  450/456/450 416/422/416 415/421/415 451/457/451
f  451/457/451 415/421/415 374/380/374 453/459/453
f  447/453/447 452/458/452 455/461/455 456/462/456
f  456/462/456 455/461/455 255/255/255 248/248/248
f  452/458/452 454/460/454 457/463/457 455/461/455
f  455/461/455 457/463/457 256/256/256 255/255/255
f  447/453/447 456/462/456 458/464/458 448/454/448
f  448/454/448 458/464/458 95/95/95 87/87/87
f  456/462/456 248/248/248 247/247/247 458/464/458
f  458/464/458 247/247/247 96/96/96 95/95/95
f  459/465/459 460/466/460 461/467/461 462/468/462
f  462/468/462 461/467/461 463/469/463 464/470/464
f  460/466/460 465/471/465 466/472/466 461/467/461
f  461/467/461 466/472/466 402/408/402 463/469/463
f  459/465/459 462/468/462 467/473/467 468/474/468
f  468/474/468 467/473/467 469/475/469 470/476/470
f  462/468/462 464/470/464 471/477/471 467/473/467
f  467/473/467 471/477/471 472/478/472 469/475/469
f  459/465/459 468/474/468 473/479/473 474/480/474
f  474/480/474 473/479/473 475/481/475 476/482/476
f  468/474/468 470/476/470 477/483/477 473/479/473
f  473/479/473 477/483/477 478/484/478 475/481/475
f  459/465/459 474/480/474 479/485/479 460/466/460
f  460/466/460 479/485/479 480/486/480 465/471/465
f  474/480/474 476/482/476 481/487/481 479/485/479
f  479/485/479 481/487/481 482/488/482 480/486/480
f  483/489/483 484/490/484 485/491/485 486/492/486
f  486/492/486 485/491/485 347/353/347 340/346/340
f  484/490/484 487/493/487 488/494/488 485/491/485
f  485/491/485 488/494/488 348/354/348 347/353/347
f  483/489/483 486/492/486 489/495/489 490/496/490
f  490/496/490 489/495/489 491/497/491 492/498/492
f  486/492/486 340/346/340 339/345/339 489/495/489
f  489/495/489 339/345/339 342/348/342 491/497/491
f  483/489/483 490/496/490 493/499/493 494/500/494
f  494/500/494 493/499/493 495/501/495 496/502/496
f  490/496/490 492/498/492 497/503/497 493/499/493
f  493/499/493 497/503/497 498/504/498 495/501/495
f  483/489/483 494/500/494 499/505/499 484/490/484
f  484/490/484 499/505/499 500/506/500 487/493/487
f  494/500/494 496/502/496 501/507/501 499/505/499
f  499/505/499 501/507/501 502/508/502 500/506/500
f  503/509/503 504/510/504 505/511/505 506/512/506
f  506/512/506 505/511/505 369/375/369 362/368/362
f  504/510/504 507/513/507 508/514/508 505/511/505
f  505/511/505 508/514/508 370/376/370 369/375/369
f  503/509/503 506/512/506 509/515/509 510/516/510
f  510/516/510 509/515/509 511/517/511 512/518/512
f  506/512/506 362/368/362 361/367/361 509/515/509
f  509/515/509 361/367/361 364/370/364 511/517/511
f  503/509/503 510/516/510 513/519/513 514/520/514
f  514/520/514 513/519/513 515/521/515 516/522/516
f  510/516/510 512/518/512 517/523/517 513/519/513
f  513/519/513 517/523/517 518/524/518 515/521/515
f  503/509/503 514/520/514 519/525/519 504/510/504
f  504/510/504 519/525/519 520/526/520 507/513/507
f  514/520/514 516/522/516 521/527/521 519/525/519
f  519/525/519 521/527/521 522/528/522 520/526/520
f  523/529/523 524/530/524 525/531/525 526/532/526
f  526/532/526 525/531/525 387/393/387 382/388/382
f  524/530/524 527/533/527 528/534/528 525/531/525
f  525/531/525 528/534/528 388/394/388 387/393/387
f  523/529/523 526/532/526 529/535/529 530/536/530
f  530/536/530 529/535/529 488/494/488 487/493/487
f  526/532/526 382/388/382 381/387/381 529/535/529
f  529/535/529 381/387/381 348/354/348 488/494/488
f  523/529/523 530/536/530 531/537/531 532/538/532
f  532/538/532 531/537/531 533/539/533 534/540/534
f  530/536/530 487/493/487 500/506/500 531/537/531
f  531/537/531 500/506/500 502/508/502 533/539/533
f  523/529/523 532/538/532 535/541/535 524/530/524
f  524/530/524 535/541/535 536/542/536 527/533/527
f  532/538/532 534/540/534 537/543/537 535/541/535
f  535/541/535 537/543/537 538/544/538 536/542/536
f  539/545/539 540/546/540 541/547/541 542/548/542
f  542/548/542 541/547/541 543/549/543 544/550/544
f  540/546/540 442/448/442 441/447/441 541/547/541
f  541/547/541 441/447/441 432/438/432 543/549/543
f  539/545/539 542/548/542 545/551/545 546/552/546
f  546/552/546 545/551/545 471/477/471 464/470/464
f  542/548/542 544/550/544 547/553/547 545/551/545
f  545/551/545 547/553/547 472/478/472 471/477/471
f  539/545/539 546/552/546 548/554/548 549/555/549
f  549/555/549 548/554/548 401/407/401 396/402/396
f  546/552/546 464/470/464 463/469/463 548/554/548
f  548/554/548 463/469/463 402/408/402 401/407/401
f  539/545/539 549/555/549 550/556/550 540/546/540
f  540/546/540 550/556/550 445/451/445 442/448/442
f  549/555/549 396/402/396 395/401/395 550/556/550
f  550/556/550 395/401/395 289/295/289 445/451/445
f  551/557/551 552/558/552 553/559/553 554/560/554
f  554/560/554 553/559/553 390/396/390 386/392/386
f  552/558/552 426/432/426 425/431/425 553/559/553
f  553/559/553 425/431/425 240/240/240 390/396/390
f  551/557/551 554/560/554 555/561/555 556/562/556
f  556/562/556 555/561/555 557/563/557 558/564/558
f  554/560/554 386/392/386 385/391/385 555/561/555
f  555/561/555 385/391/385 388/394/388 557/563/557
f  551/557/551 556/562/556 559/565/559 560/566/560
f  560/566/560 559/565/559 547/553/547 544/550/544
f  556/562/556 558/564/558 561/567/561 559/565/559
f  559/565/559 561/567/561 472/478/472 547/553/547
f  551/557/551 560/566/560 562/568/562 552/558/552
f  552/558/552 562/568/562 431/437/431 426/432/426
f  560/566/560 544/550/544 543/549/543 562/568/562
f  562/568/562 543/549/543 432/438/432 431/437/431
f  563/569/563 564/570/564 565/571/565 566/572/566
f  566/572/566 565/571/565 373/379/373 368/374/368
f  564/570/564 454/460/454 453/459/453 565/571/565
f  565/571/565 453/459/453 374/380/374 373/379/373
f  563/569/563 566/572/566 567/573/567 568/574/568
f  568/574/568 567/573/567 569/575/569 570/576/570
f  566/572/566 368/374/368 367/373/367 567/573/567
f  567/573/567 367/373/367 370/376/370 569/575/569
f  563/569/563 568/574/568 571/577/571 572/578/572
f  572/578/572 571/577/571 573/579/573 574/580/574
f  568/574/568 570/576/570 575/581/575 571/577/571
f  571/577/571 575/581/575 576/582/576 573/579/573
f  563/569/563 572/578/572 577/583/577 564/570/564
f  564/570/564 577/583/577 457/463/457 454/460/454
f  572/578/572 574/580/574 578/584/578 577/583/577
f  577/583/577 578/584/578 256/256/256 457/463/457
f  579/585/579 580/586/580 581/587/581 582/588/582
f  582/588/582 581/587/581 578/584/578 574/580/574
f  580/586/580 254/254/254 253/253/253 581/587/581
f  581/587/581 253/253/253 256/256/256 578/584/578
f  579/585/579 582/588/582 583/589/583 584/590/584
f  584/590/584 583/589/583 585/591/585 586/592/586
f  582/588/582 574/580/574 573/579/573 583/589/583
f  583/589/583 573/579/573 576/582/576 585/591/585
f  579/585/579 584/590/584 587/593/587 588/594/588
f  588/594/588 587/593/587 341/595/341 336/596/336
f  584/590/584 586/592/586 589/597/589 587/593/587
f  587/593/587 589/597/589 342/598/342 341/595/341
f  579/585/579 588/594/588 590/599/590 580/586/580
f  580/586/580 590/599/590 259/261/259 254/254/254
f  588/594/588 336/596/336 335/600/335 590/599/590
f  590/599/590 335/600/335 197/262/197 259/261/259
f  591/601/591 592/602/592 593/603/593 594/604/594
f  594/604/594 593/603/593 521/527/521 516/522/516
f  592/602/592 595/605/595 596/606/596 593/603/593
f  593/603/593 596/606/596 522/528/522 521/527/521
f  591/601/591 594/604/594 597/607/597 598/608/598
f  598/608/598 597/607/597 599/609/599 600/610/600
f  594/604/594 516/522/516 515/521/515 597/607/597
f  597/607/597 515/521/515 518/524/518 599/609/599
f  591/601/591 598/608/598 601/611/601 602/612/602
f  602/612/602 601/611/601 603/613/603 604/614/604
f  598/608/598 600/610/600 605/615/605 601/611/601
f  601/611/601 605/615/605 606/616/606 603/613/603
f  591/601/591 602/612/602 607/617/607 592/602/592
f  592/602/592 607/617/607 608/618/608 595/605/595
f  602/612/602 604/614/604 609/619/609 607/617/607
f  607/617/607 609/619/609 610/620/610 608/618/608
f  611/621/611 612/622/612 613/623/613 614/624/614
f  614/624/614 613/623/613 537/543/537 534/540/534
f  612/622/612 615/625/615 616/626/616 613/623/613
f  613/623/613 616/626/616 538/544/538 537/543/537
f  611/621/611 614/624/614 617/627/617 618/628/618
f  618/628/618 617/627/617 619/629/619 620/630/620
f  614/624/614 534/540/534 533/539/533 617/627/617
f  617/627/617 533/539/533 502/508/502 619/629/619
f  611/621/611 618/628/618 621/631/621 622/632/622
f  622/632/622 621/631/621 623/633/623 624/634/624
f  618/628/618 620/630/620 625/635/625 621/631/621
f  621/631/621 625/635/625 626/636/626 623/633/623
f  611/621/611 622/632/622 627/637/627 612/622/612
f  612/622/612 627/637/627 628/638/628 615/625/615
f  622/632/622 624/634/624 629/639/629 627/637/627
f  627/637/627 629/639/629 630/640/630 628/638/628
f  631/641/631 632/642/632 633/643/633 634/644/634
f  634/644/634 633/643/633 635/645/635 636/646/636
f  632/642/632 600/610/600 599/609/599 633/643/633
f  633/643/633 599/609/599 518/524/518 635/645/635
f  631/641/631 634/644/634 637/647/637 638/648/638
f  638/648/638 637/647/637 639/649/639 640/650/640
f  634/644/634 636/646/636 641/651/641 637/647/637
f  637/647/637 641/651/641 482/488/482 639/649/639
f  631/641/631 638/648/638 642/652/642 643/653/643
f  643/653/643 642/652/642 644/654/644 645/655/645
f  638/648/638 640/650/640 646/656/646 642/652/642
f  642/652/642 646/656/646 647/657/647 644/654/644
f  631/641/631 643/653/643 648/658/648 632/642/632
f  632/642/632 648/658/648 605/615/605 600/610/600
f  643/653/643 645/655/645 649/659/649 648/658/648
f  648/658/648 649/659/649 606/616/606 605/615/605
f  650/660/650 651/661/651 652/662/652 653/663/653
f  653/663/653 652/662/652 654/664/654 655/665/655
f  651/661/651 656/666/656 657/667/657 652/662/652
f  652/662/652 657/667/657 498/668/498 654/664/654
f  650/660/650 653/663/653 658/669/658 659/670/659
f  659/670/659 658/669/658 660/671/660 661/672/661
f  653/663/653 655/665/655 662/673/662 658/669/658
f  658/669/658 662/673/662 663/674/663 660/671/660
f  650/660/650 659/670/659 664/675/664 665/676/665
f  665/676/665 664/675/664 666/677/666 667/678/667
f  659/670/659 661/672/661 668/679/668 664/675/664
f  664/675/664 668/679/668 669/680/669 666/677/666
f  650/660/650 665/676/665 670/681/670 651/661/651
f  651/661/651 670/681/670 671/682/671 656/666/656
f  665/676/665 667/678/667 672/683/672 670/681/670
f  670/681/670 672/683/672 673/684/673 671/682/671
f  674/685/674 675/686/675 676/687/676 677/688/677
f  677/688/677 676/687/676 561/567/561 558/564/558
f  675/686/675 470/476/470 469/475/469 676/687/676
f  676/687/676 469/475/469 472/478/472 561/567/561
f  674/685/674 677/688/677 678/689/678 679/690/679
f  679/690/679 678/689/678 528/534/528 527/533/527
f  677/688/677 558/564/558 557/563/557 678/689/678
f  678/689/678 557/563/557 388/394/388 528/534/528
f  674/685/674 679/690/679 680/691/680 681/692/681
f  681/692/681 680/691/680 682/693/682 683/694/683
f  679/690/679 527/533/527 536/542/536 680/691/680
f  680/691/680 536/542/536 538/544/538 682/693/682
f  674/685/674 681/692/681 684/695/684 675/686/675
f  675/686/675 684/695/684 477/483/477 470/476/470
f  681/692/681 683/694/683 685/696/685 684/695/684
f  684/695/684 685/696/685 478/484/478 477/483/477
f  686/697/686 687/698/687 688/699/688 689/700/689
f  689/700/689 688/699/688 575/581/575 570/576/570
f  687/698/687 690/701/690 691/702/691 688/699/688
f  688/699/688 691/702/691 576/582/576 575/581/575
f  686/697/686 689/700/689 692/703/692 693/704/693
f  693/704/693 692/703/692 508/514/508 507/513/507
f  689/700/689 570/576/570 569/575/569 692/703/692
f  692/703/692 569/575/569 370/376/370 508/514/508
f  686/697/686 693/704/693 694/705/694 695/706/695
f  695/706/695 694/705/694 696/707/696 697/708/697
f  693/704/693 507/513/507 520/526/520 694/705/694
f  694/705/694 520/526/520 522/528/522 696/707/696
f  686/697/686 695/706/695 698/709/698 687/698/687
f  687/698/687 698/709/698 699/710/699 690/701/690
f  695/706/695 697/708/697 700/711/700 698/709/698
f  698/709/698 700/711/700 663/674/663 699/710/699
f  701/712/701 702/713/702 703/714/703 704/715/704
f  704/715/704 703/714/703 589/597/589 586/592/586
f  702/713/702 492/716/492 491/717/491 703/714/703
f  703/714/703 491/717/491 342/598/342 589/597/589
f  701/712/701 704/715/704 705/718/705 706/719/706
f  706/719/706 705/718/705 691/702/691 690/701/690
f  704/715/704 586/592/586 585/591/585 705/718/705
f  705/718/705 585/591/585 576/582/576 691/702/691
f  701/712/701 706/719/706 707/720/707 708/721/708
f  708/721/708 707/720/707 662/673/662 655/665/655
f  706/719/706 690/701/690 699/710/699 707/720/707
f  707/720/707 699/710/699 663/674/663 662/673/662
f  701/712/701 708/721/708 709/722/709 702/713/702
f  702/713/702 709/722/709 497/723/497 492/716/492
f  708/721/708 655/665/655 654/664/654 709/722/709
f  709/722/709 654/664/654 498/668/498 497/723/497
f  710/724/710 711/725/711 712/726/712 713/727/713
f  713/727/713 712/726/712 405/411/405 400/406/400
f  711/725/711 512/518/512 511/517/511 712/726/712
f  712/726/712 511/517/511 364/370/364 405/411/405
f  710/724/710 713/727/713 714/728/714 715/729/715
f  715/729/715 714/728/714 466/472/466 465/471/465
f  713/727/713 400/406/400 399/405/399 714/728/714
f  714/728/714 399/405/399 402/408/402 466/472/466
f  710/724/710 715/729/715 716/730/716 717/731/717
f  717/731/717 716/730/716 641/651/641 636/646/636
f  715/729/715 465/471/465 480/486/480 716/730/716
f  716/730/716 480/486/480 482/488/482 641/651/641
f  710/724/710 717/731/717 718/732/718 711/725/711
f  711/725/711 718/732/718 517/523/517 512/518/512
f  717/731/717 636/646/636 635/645/635 718/732/718
f  718/732/718 635/645/635 518/524/518 517/523/517
f  719/733/719 720/734/720 721/735/721 722/736/722
f  722/736/722 721/735/721 672/683/672 667/678/667
f  720/734/720 723/737/723 724/738/724 721/735/721
f  721/735/721 724/738/724 673/684/673 672/683/672
f  719/733/719 722/736/722 725/739/725 726/740/726
f  726/740/726 725/739/725 727/741/727 728/742/728
f  722/736/722 667/678/667 666/677/666 725/739/725
f  725/739/725 666/677/666 669/680/669 727/741/727
f  719/733/719 726/740/726 729/743/729 730/744/730
f  730/744/730 729/743/729 731/745/731 732/746/732
f  726/740/726 728/742/728 733/747/733 729/743/729
f  729/743/729 733/747/733 734/748/734 731/745/731
f  719/733/719 730/744/730 735/749/735 720/734/720
f  720/734/720 735/749/735 736/750/736 723/737/723
f  730/744/730 732/746/732 737/751/737 735/749/735
f  735/749/735 737/751/737 738/752/738 736/750/736
f  739/753/739 740/754/740 741/755/741 742/756/742
f  742/756/742 741/755/741 743/757/743 744/758/744
f  740/754/740 728/742/728 727/741/727 741/755/741
f  741/755/741 727/741/727 669/680/669 743/757/743
f  739/753/739 742/756/742 745/759/745 746/760/746
f  746/760/746 745/759/745 747/761/747 748/762/748
f  742/756/742 744/758/744 749/763/749 745/759/745
f  745/759/745 749/763/749 610/620/610 747/761/747
f  739/753/739 746/760/746 750/764/750 751/765/751
f  751/765/751 750/764/750 752/766/752 753/767/753
f  746/760/746 748/762/748 754/768/754 750/764/750
f  750/764/750 754/768/754 755/769/755 752/766/752
f  739/753/739 751/765/751 756/770/756 740/754/740
f  740/754/740 756/770/756 733/747/733 728/742/728
f  751/765/751 753/767/753 757/771/757 756/770/756
f  756/770/756 757/771/757 734/748/734 733/747/733
f  758/772/758 759/773/759 760/774/760 761/775/761
f  761/775/761 760/774/760 762/776/762 763/777/763
f  759/773/759 764/778/764 765/779/765 760/774/760
f  760/774/760 765/779/765 766/780/766 762/776/762
f  758/772/758 761/775/761 767/781/767 768/782/768
f  768/782/768 767/781/767 769/783/769 770/784/770
f  761/775/761 763/777/763 771/785/771 767/781/767
f  767/781/767 771/785/771 630/640/630 769/783/769
f  758/772/758 768/782/768 772/786/772 773/787/773
f  773/787/773 772/786/772 774/788/774 775/789/775
f  768/782/768 770/784/770 776/790/776 772/786/772
f  772/786/772 776/790/776 777/791/777 774/788/774
f  758/772/758 773/787/773 778/792/778 759/773/759
f  759/773/759 778/792/778 779/793/779 764/778/764
f  773/787/773 775/789/775 780/794/780 778/792/778
f  778/792/778 780/794/780 781/795/781 779/793/779
f  782/796/782 783/797/783 784/798/784 785/799/785
f  785/799/785 784/798/784 786/800/786 787/801/787
f  783/797/783 788/802/788 789/803/789 784/798/784
f  784/798/784 789/803/789 647/657/647 786/800/786
f  782/796/782 785/799/785 790/804/790 791/805/791
f  791/805/791 790/804/790 765/779/765 764/778/764
f  785/799/785 787/801/787 792/806/792 790/804/790
f  790/804/790 792/806/792 766/780/766 765/779/765
f  782/796/782 791/805/791 793/807/793 794/808/794
f  794/808/794 793/807/793 795/809/795 796/810/796
f  791/805/791 764/778/764 779/793/779 793/807/793
f  793/807/793 779/793/779 781/795/781 795/809/795
f  782/796/782 794/808/794 797/811/797 783/797/783
f  783/797/783 797/811/797 798/812/798 788/802/788
f  794/808/794 796/810/796 799/813/799 797/811/797
f  797/811/797 799/813/799 800/814/800 798/812/798
f  801/815/801 802/816/802 803/817/803 804/818/804
f  804/818/804 803/817/803 501/507/501 496/502/496
f  802/816/802 620/630/620 619/629/619 803/817/803
f  803/817/803 619/629/619 502/508/502 501/507/501
f  801/815/801 804/818/804 805/819/805 806/820/806
f  806/820/806 805/819/805 657/821/657 656/822/656
f  804/818/804 496/502/496 495/501/495 805/819/805
f  805/819/805 495/501/495 498/504/498 657/821/657
f  801/815/801 806/820/806 807/823/807 808/824/808
f  808/824/808 807/823/807 809/825/809 810/826/810
f  806/820/806 656/822/656 671/827/671 807/823/807
f  807/823/807 671/827/671 673/828/673 809/825/809
f  801/815/801 808/824/808 811/829/811 802/816/802
f  802/816/802 811/829/811 625/635/625 620/630/620
f  808/824/808 810/826/810 812/830/812 811/829/811
f  811/829/811 812/830/812 626/636/626 625/635/625
f  813/831/813 814/832/814 815/833/815 816/834/816
f  816/834/816 815/833/815 481/487/481 476/482/476
f  814/832/814 640/650/640 639/649/639 815/833/815
f  815/833/815 639/649/639 482/488/482 481/487/481
f  813/831/813 816/834/816 817/835/817 818/836/818
f  818/836/818 817/835/817 819/837/819 820/838/820
f  816/834/816 476/482/476 475/481/475 817/835/817
f  817/835/817 475/481/475 478/484/478 819/837/819
f  813/831/813 818/836/818 821/839/821 822/840/822
f  822/840/822 821/839/821 792/806/792 787/801/787
f  818/836/818 820/838/820 823/841/823 821/839/821
f  821/839/821 823/841/823 766/780/766 792/806/792
f  813/831/813 822/840/822 824/842/824 814/832/814
f  814/832/814 824/842/824 646/656/646 640/650/640
f  822/840/822 787/801/787 786/800/786 824/842/824
f  824/842/824 786/800/786 647/657/647 646/656/646
f  825/843/825 826/844/826 827/845/827 828/846/828
f  828/846/828 827/845/827 685/696/685 683/694/683
f  826/844/826 820/838/820 819/837/819 827/845/827
f  827/845/827 819/837/819 478/484/478 685/696/685
f  825/843/825 828/846/828 829/847/829 830/848/830
f  830/848/830 829/847/829 616/626/616 615/625/615
f  828/846/828 683/694/683 682/693/682 829/847/829
f  829/847/829 682/693/682 538/544/538 616/626/616
f  825/843/825 830/848/830 831/849/831 832/850/832
f  832/850/832 831/849/831 771/785/771 763/777/763
f  830/848/830 615/625/615 628/638/628 831/849/831
f  831/849/831 628/638/628 630/640/630 771/785/771
f  825/843/825 832/850/832 833/851/833 826/844/826
f  826/844/826 833/851/833 823/841/823 820/838/820
f  832/850/832 763/777/763 762/776/762 833/851/833
f  833/851/833 762/776/762 766/780/766 823/841/823
f  834/852/834 835/853/835 836/854/836 837/855/837
f  837/855/837 836/854/836 700/711/700 697/708/697
f  835/853/835 661/672/661 660/671/660 836/854/836
f  836/854/836 660/671/660 663/674/663 700/711/700
f  834/852/834 837/855/837 838/856/838 839/857/839
f  839/857/839 838/856/838 596/606/596 595/605/595
f  837/855/837 697/708/697 696/707/696 838/856/838
f  838/856/838 696/707/696 522/528/522 596/606/596
f  834/852/834 839/857/839 840/858/840 841/859/841
f  841/859/841 840/858/840 749/763/749 744/758/744
f  839/857/839 595/605/595 608/618/608 840/858/840
f  840/858/840 608/618/608 610/620/610 749/763/749
f  834/852/834 841/859/841 842/860/842 835/853/835
f  835/853/835 842/860/842 668/679/668 661/672/661
f  841/859/841 744/758/744 743/757/743 842/860/842
f  842/860/842 743/757/743 669/680/669 668/679/668
f  843/861/843 844/862/844 845/863/845 846/864/846
f  846/864/846 845/863/845 799/813/799 796/810/796
f  844/862/844 847/865/847 848/866/848 845/863/845
f  845/863/845 848/866/848 800/814/800 799/813/799
f  843/861/843 846/864/846 849/867/849 850/868/850
f  850/868/850 849/867/849 851/869/851 852/870/852
f  846/864/846 796/810/796 795/809/795 849/867/849
f  849/867/849 795/809/795 781/795/781 851/869/851
f  843/861/843 850/868/850 853/871/853 854/872/854
f  854/872/854 853/871/853 855/873/855 856/874/856
f  850/868/850 852/870/852 857/875/857 853/871/853
f  853/871/853 857/875/857 858/876/858 855/873/855
f  843/861/843 854/872/854 859/877/859 844/862/844
f  844/862/844 859/877/859 860/878/860 847/865/847
f  854/872/854 856/874/856 861/879/861 859/877/859
f  859/877/859 861/879/861 862/880/862 860/878/860
f  863/881/863 864/882/864 865/883/865 866/884/866
f  866/884/866 865/883/865 867/885/867 868/886/868
f  864/882/864 869/887/869 870/888/870 865/883/865
f  865/883/865 870/888/870 871/889/871 867/885/867
f  863/881/863 866/884/866 872/890/872 873/891/873
f  873/891/873 872/890/872 874/892/874 875/893/875
f  866/884/866 868/886/868 876/894/876 872/890/872
f  872/890/872 876/894/876 738/895/738 874/892/874
f  863/896/863 873/897/873 877/898/877 878/899/878
f  878/899/878 877/898/877 879/900/879 880/901/880
f  873/897/873 875/902/875 881/903/881 877/898/877
f  877/898/877 881/903/881 882/904/882 879/900/879
f  863/896/863 878/899/878 883/905/883 864/906/864
f  864/906/864 883/905/883 884/907/884 869/908/869
f  878/899/878 880/901/880 885/909/885 883/905/883
f  883/905/883 885/909/885 886/910/886 884/907/884
f  887/911/887 888/912/888 889/913/889 890/914/890
f  890/914/890 889/913/889 891/915/891 892/916/892
f  888/912/888 893/917/893 894/918/894 889/913/889
f  889/913/889 894/918/894 755/769/755 891/915/891
f  887/911/887 890/914/890 895/919/895 896/920/896
f  896/920/896 895/919/895 897/921/897 898/922/898
f  890/914/890 892/916/892 899/923/899 895/919/895
f  895/919/895 899/923/899 900/924/900 897/921/897
f  887/911/887 896/920/896 901/925/901 902/926/902
f  902/926/902 901/925/901 903/927/903 904/928/904
f  896/920/896 898/922/898 905/929/905 901/925/901
f  901/925/901 905/929/905 906/930/906 903/927/903
f  887/911/887 902/926/902 907/931/907 888/912/888
f  888/912/888 907/931/907 908/932/908 893/917/893
f  902/926/902 904/928/904 909/933/909 907/931/907
f  907/931/907 909/933/909 910/934/910 908/932/908
f  911/935/911 912/936/912 913/937/913 914/938/914
f  914/938/914 913/937/913 870/888/870 869/887/869
f  912/936/912 915/939/915 916/940/916 913/937/913
f  913/937/913 916/940/916 871/889/871 870/888/870
f  911/941/911 914/942/914 917/943/917 918/944/918
f  918/944/918 917/943/917 919/945/919 920/946/920
f  914/942/914 869/908/869 884/907/884 917/943/917
f  917/943/917 884/907/884 886/910/886 919/945/919
f  911/941/911 918/944/918 921/947/921 922/948/922
f  922/948/922 921/947/921 923/949/923 924/950/924
f  918/944/918 920/946/920 925/951/925 921/947/921
f  921/947/921 925/951/925 926/952/926 923/949/923
f  911/935/911 922/953/922 927/954/927 912/936/912
f  912/936/912 927/954/927 928/955/928 915/939/915
f  922/953/922 924/956/924 929/957/929 927/954/927
f  927/954/927 929/957/929 930/958/930 928/955/928
f  931/959/931 932/960/932 933/961/933 934/962/934
f  934/962/934 933/961/933 649/659/649 645/655/645
f  932/960/932 935/963/935 936/964/936 933/961/933
f  933/961/933 936/964/936 606/616/606 649/659/649
f  931/959/931 934/962/934 937/965/937 938/966/938
f  938/966/938 937/965/937 789/803/789 788/802/788
f  934/962/934 645/655/645 644/654/644 937/965/937
f  937/965/937 644/654/644 647/657/647 789/803/789
f  931/959/931 938/966/938 939/967/939 940/968/940
f  940/968/940 939/967/939 941/969/941 942/970/942
f  938/966/938 788/802/788 798/812/798 939/967/939
f  939/967/939 798/812/798 800/814/800 941/969/941
f  931/959/931 940/968/940 943/971/943 932/960/932
f  932/960/932 943/971/943 944/972/944 935/963/935
f  940/968/940 942/970/942 945/973/945 943/971/943
f  943/971/943 945/973/945 900/924/900 944/972/944
f  946/974/946 947/975/947 948/976/948 949/977/949
f  949/977/949 948/976/948 629/639/629 624/634/624
f  947/975/947 770/784/770 769/783/769 948/976/948
f  948/976/948 769/783/769 630/640/630 629/639/629
f  946/974/946 949/977/949 950/978/950 951/979/951
f  951/979/951 950/978/950 952/980/952 953/981/953
f  949/977/949 624/634/624 623/633/623 950/978/950
f  950/978/950 623/633/623 626/636/626 952/980/952
f  946/974/946 951/979/951 954/982/954 955/983/955
f  955/983/955 954/982/954 956/984/956 957/985/957
f  951/979/951 953/981/953 958/986/958 954/982/954
f  954/982/954 958/986/958 871/889/871 956/984/956
f  946/974/946 955/983/955 959/987/959 947/975/947
f  947/975/947 959/987/959 776/790/776 770/784/770
f  955/983/955 957/985/957 960/988/960 959/987/959
f  959/987/959 960/988/960 777/791/777 776/790/776
f  961/989/961 962/990/962 963/991/963 964/992/964
f  964/992/964 963/991/963 609/619/609 604/614/604
f  962/990/962 748/762/748 747/761/747 963/991/963
f  963/991/963 747/761/747 610/620/610 609/619/609
f  961/989/961 964/992/964 965/993/965 966/994/966
f  966/994/966 965/993/965 936/964/936 935/963/935
f  964/992/964 604/614/604 603/613/603 965/993/965
f  965/993/965 603/613/603 606/616/606 936/964/936
f  961/989/961 966/994/966 967/995/967 968/996/968
f  968/996/968 967/995/967 899/923/899 892/916/892
f  966/994/966 935/963/935 944/972/944 967/995/967
f  967/995/967 944/972/944 900/924/900 899/923/899
f  961/989/961 968/996/968 969/997/969 962/990/962
f  962/990/962 969/997/969 754/768/754 748/762/748
f  968/996/968 892/916/892 891/915/891 969/997/969
f  969/997/969 891/915/891 755/769/755 754/768/754
f  970/998/970 971/999/971 972/1000/972 973/1001/973
f  973/1001/973 972/1000/972 812/830/812 810/826/810
f  971/999/971 953/981/953 952/980/952 972/1000/972
f  972/1000/972 952/980/952 626/636/626 812/830/812
f  970/998/970 973/1001/973 974/1002/974 975/1003/975
f  975/1003/975 974/1002/974 724/1004/724 723/1005/723
f  973/1001/973 810/826/810 809/825/809 974/1002/974
f  974/1002/974 809/825/809 673/828/673 724/1004/724
f  970/998/970 975/1003/975 976/1006/976 977/1007/977
f  977/1007/977 976/1006/976 876/894/876 868/886/868
f  975/1003/975 723/1005/723 736/1008/736 976/1006/976
f  976/1006/976 736/1008/736 738/895/738 876/894/876
f  970/998/970 977/1007/977 978/1009/978 971/999/971
f  971/999/971 978/1009/978 958/986/958 953/981/953
f  977/1007/977 868/886/868 867/885/867 978/1009/978
f  978/1009/978 867/885/867 871/889/871 958/986/958
f  979/1010/979 980/1011/980 981/1012/981 982/1013/982
f  982/1013/982 981/1012/981 983/1014/983 984/1015/984
f  980/1011/980 985/1016/985 986/1017/986 981/1012/981
f  981/1012/981 986/1017/986 987/1018/987 983/1014/983
f  979/1010/979 982/1013/982 988/1019/988 989/1020/989
f  989/1020/989 988/1019/988 990/1021/990 991/1022/991
f  982/1013/982 984/1015/984 992/1023/992 988/1019/988
f  988/1019/988 992/1023/992 886/910/886 990/1021/990
f  979/1010/979 989/1020/989 993/1024/993 994/1025/994
f  994/1025/994 993/1024/993 995/1026/995 996/1027/996
f  989/1020/989 991/1022/991 997/1028/997 993/1024/993
f  993/1024/993 997/1028/997 998/1029/998 995/1026/995
f  979/1010/979 994/1025/994 999/1030/999 980/1011/980
f  980/1011/980 999/1030/999 1000/1031/1000 985/1016/985
f  994/1025/994 996/1027/996 1001/1032/1001 999/1030/999
f  999/1030/999 1001/1032/1001 1002/1033/1002 1000/1031/1000
f  1003/1034/1003 1004/1035/1004 1005/1036/1005 1006/1037/1006
f  1006/1037/1006 1005/1036/1005 1007/1038/1007 1008/1039/1008
f  1004/1035/1004 1009/1040/1009 1010/1041/1010 1005/1036/1005
f  1005/1036/1005 1010/1041/1010 906/930/906 1007/1038/1007
f  1003/1034/1003 1006/1037/1006 1011/1042/1011 1012/1043/1012
f  1012/1043/1012 1011/1042/1011 1013/1044/1013 1014/1045/1014
f  1006/1037/1006 1008/1039/1008 1015/1046/1015 1011/1042/1011
f  1011/1042/1011 1015/1046/1015 862/880/862 1013/1044/1013
f  1003/1034/1003 1012/1043/1012 1016/1047/1016 1017/1048/1017
f  1017/1048/1017 1016/1047/1016 1018/1049/1018 1019/1050/1019
f  1012/1043/1012 1014/1045/1014 1020/1051/1020 1016/1047/1016
f  1016/1047/1016 1020/1051/1020 1021/1052/1021 1018/1049/1018
f  1003/1034/1003 1017/1048/1017 1022/1053/1022 1004/1035/1004
f  1004/1035/1004 1022/1053/1022 1023/1054/1023 1009/1040/1009
f  1017/1048/1017 1019/1050/1019 1024/1055/1024 1022/1053/1022
f  1022/1053/1022 1024/1055/1024 1025/1056/1025 1023/1054/1023
f  1026/1057/1026 1027/1058/1027 1028/1059/1028 1029/1060/1029
f  1029/1060/1029 1028/1059/1028 1030/1061/1030 1031/1062/1031
f  1027/1058/1027 1032/1063/1032 1033/1064/1033 1028/1059/1028
f  1028/1059/1028 1033/1064/1033 882/1065/882 1030/1061/1030
f  1026/1057/1026 1029/1060/1029 1034/1066/1034 1035/1067/1035
f  1035/1067/1035 1034/1066/1034 1036/1068/1036 1037/1069/1037
f  1029/1060/1029 1031/1062/1031 1038/1070/1038 1034/1066/1034
f  1034/1066/1034 1038/1070/1038 1039/1071/1039 1036/1068/1036
f  1026/1057/1026 1035/1067/1035 1040/1072/1040 1041/1073/1041
f  1041/1073/1041 1040/1072/1040 1042/1074/1042 1043/1075/1043
f  1035/1067/1035 1037/1069/1037 1044/1076/1044 1040/1072/1040
f  1040/1072/1040 1044/1076/1044 1045/1077/1045 1042/1074/1042
f  1026/1057/1026 1041/1073/1041 1046/1078/1046 1027/1058/1027
f  1027/1058/1027 1046/1078/1046 1047/1079/1047 1032/1063/1032
f  1041/1073/1041 1043/1075/1043 1048/1080/1048 1046/1078/1046
f  1046/1078/1046 1048/1080/1048 1049/1081/1049 1047/1079/1047
f  1050/1082/1050 1051/1083/1051 1052/1084/1052 1053/1085/1053
f  1053/1085/1053 1052/1084/1052 1054/1086/1054 1055/1087/1055
f  1051/1083/1051 1037/1069/1037 1036/1068/1036 1052/1084/1052
f  1052/1084/1052 1036/1068/1036 1039/1071/1039 1054/1086/1054
f  1050/1082/1050 1053/1085/1053 1056/1088/1056 1057/1089/1057
f  1057/1089/1057 1056/1088/1056 1058/1090/1058 1059/1091/1059
f  1053/1085/1053 1055/1087/1055 1060/1092/1060 1056/1088/1056
f  1056/1088/1056 1060/1092/1060 910/934/910 1058/1090/1058
f  1050/1082/1050 1057/1089/1057 1061/1093/1061 1062/1094/1062
f  1062/1094/1062 1061/1093/1061 1063/1095/1063 1064/1096/1064
f  1057/1089/1057 1059/1091/1059 1065/1097/1065 1061/1093/1061
f  1061/1093/1061 1065/1097/1065 1066/1098/1066 1063/1095/1063
f  1050/1082/1050 1062/1094/1062 1067/1099/1067 1051/1083/1051
f  1051/1083/1051 1067/1099/1067 1044/1076/1044 1037/1069/1037
f  1062/1094/1062 1064/1096/1064 1068/1100/1068 1067/1099/1067
f  1067/1099/1067 1068/1100/1068 1045/1077/1045 1044/1076/1044
f  1069/1101/1069 1070/1102/1070 1071/1103/1071 1072/1104/1072
f  1072/1104/1072 1071/1103/1071 780/794/780 775/789/775
f  1070/1102/1070 852/870/852 851/869/851 1071/1103/1071
f  1071/1103/1071 851/869/851 781/795/781 780/794/780
f  1069/1101/1069 1072/1104/1072 1073/1105/1073 1074/1106/1074
f  1074/1106/1074 1073/1105/1073 1075/1107/1075 1076/1108/1076
f  1072/1104/1072 775/789/775 774/788/774 1073/1105/1073
f  1073/1105/1073 774/788/774 777/791/777 1075/1107/1075
f  1069/1101/1069 1074/1106/1074 1077/1109/1077 1078/1110/1078
f  1078/1110/1078 1077/1109/1077 1079/1111/1079 1080/1112/1080
f  1074/1106/1074 1076/1108/1076 1081/1113/1081 1077/1109/1077
f  1077/1109/1077 1081/1113/1081 987/1018/987 1079/1111/1079
f  1069/1101/1069 1078/1110/1078 1082/1114/1082 1070/1102/1070
f  1070/1102/1070 1082/1114/1082 857/875/857 852/870/852
f  1078/1110/1078 1080/1112/1080 1083/1115/1083 1082/1114/1082
f  1082/1114/1082 1083/1115/1083 858/876/858 857/875/857
f  1084/1116/1084 1085/1117/1085 1086/1118/1086 1087/1119/1087
f  1087/1119/1087 1086/1118/1086 757/771/757 753/767/753
f  1085/1117/1085 1088/1120/1088 1089/1121/1089 1086/1118/1086
f  1086/1118/1086 1089/1121/1089 734/748/734 757/771/757
f  1084/1116/1084 1087/1119/1087 1090/1122/1090 1091/1123/1091
f  1091/1123/1091 1090/1122/1090 894/918/894 893/917/893
f  1087/1119/1087 753/767/753 752/766/752 1090/1122/1090
f  1090/1122/1090 752/766/752 755/769/755 894/918/894
f  1084/1116/1084 1091/1123/1091 1092/1124/1092 1093/1125/1093
f  1093/1125/1093 1092/1124/1092 1060/1092/1060 1055/1087/1055
f  1091/1123/1091 893/917/893 908/932/908 1092/1124/1092
f  1092/1124/1092 908/932/908 910/934/910 1060/1092/1060
f  1084/1116/1084 1093/1125/1093 1094/1126/1094 1085/1117/1085
f  1085/1117/1085 1094/1126/1094 1095/1127/1095 1088/1120/1088
f  1093/1125/1093 1055/1087/1055 1054/1086/1054 1094/1126/1094
f  1094/1126/1094 1054/1086/1054 1039/1071/1039 1095/1127/1095
f  1096/1128/1096 1097/1129/1097 1098/1130/1098 1099/1131/1099
f  1099/1131/1099 1098/1130/1098 737/751/737 732/746/732
f  1097/1129/1097 875/1132/875 874/1133/874 1098/1130/1098
f  1098/1130/1098 874/1133/874 738/752/738 737/751/737
f  1096/1128/1096 1099/1131/1099 1100/1134/1100 1101/1135/1101
f  1101/1135/1101 1100/1134/1100 1089/1121/1089 1088/1120/1088
f  1099/1131/1099 732/746/732 731/745/731 1100/1134/1100
f  1100/1134/1100 731/745/731 734/748/734 1089/1121/1089
f  1096/1128/1096 1101/1135/1101 1102/1136/1102 1103/1137/1103
f  1103/1137/1103 1102/1136/1102 1038/1070/1038 1031/1062/1031
f  1101/1135/1101 1088/1120/1088 1095/1127/1095 1102/1136/1102
f  1102/1136/1102 1095/1127/1095 1039/1071/1039 1038/1070/1038
f  1096/1128/1096 1103/1137/1103 1104/1138/1104 1097/1129/1097
f  1097/1129/1097 1104/1138/1104 881/1139/881 875/1132/875
f  1103/1137/1103 1031/1062/1031 1030/1061/1030 1104/1138/1104
f  1104/1138/1104 1030/1061/1030 882/1065/882 881/1139/881
f  1105/1140/1105 1106/1141/1106 1107/1142/1107 1108/1143/1108
f  1108/1143/1108 1107/1142/1107 945/973/945 942/970/942
f  1106/1141/1106 898/922/898 897/921/897 1107/1142/1107
f  1107/1142/1107 897/921/897 900/924/900 945/973/945
f  1105/1140/1105 1108/1143/1108 1109/1144/1109 1110/1145/1110
f  1110/1145/1110 1109/1144/1109 848/866/848 847/865/847
f  1108/1143/1108 942/970/942 941/969/941 1109/1144/1109
f  1109/1144/1109 941/969/941 800/814/800 848/866/848
f  1105/1140/1105 1110/1145/1110 1111/1146/1111 1112/1147/1112
f  1112/1147/1112 1111/1146/1111 1015/1046/1015 1008/1039/1008
f  1110/1145/1110 847/865/847 860/878/860 1111/1146/1111
f  1111/1146/1111 860/878/860 862/880/862 1015/1046/1015
f  1105/1140/1105 1112/1147/1112 1113/1148/1113 1106/1141/1106
f  1106/1141/1106 1113/1148/1113 905/929/905 898/922/898
f  1112/1147/1112 1008/1039/1008 1007/1038/1007 1113/1148/1113
f  1113/1148/1113 1007/1038/1007 906/930/906 905/929/905
f  1114/1149/1114 1115/1150/1115 1116/1151/1116 1117/1152/1117
f  1117/1152/1117 1116/1151/1116 1068/1100/1068 1064/1096/1064
f  1115/1150/1115 1118/1153/1118 1119/1154/1119 1116/1151/1116
f  1116/1151/1116 1119/1154/1119 1045/1077/1045 1068/1100/1068
f  1114/1149/1114 1117/1152/1117 1120/1155/1120 1121/1156/1121
f  1121/1156/1121 1120/1155/1120 1122/1157/1122 1123/1158/1123
f  1117/1152/1117 1064/1096/1064 1063/1095/1063 1120/1155/1120
f  1120/1155/1120 1063/1095/1063 1066/1098/1066 1122/1157/1122
f  1114/1149/1114 1121/1156/1121 1124/1159/1124 1125/1160/1125
f  1125/1161/1125 1124/1162/1124 1126/1163/1126 1127/1164/1127
f  1121/1156/1121 1123/1158/1123 1128/1165/1128 1124/1159/1124
f  1124/1162/1124 1128/1166/1128 1129/1167/1129 1126/1163/1126
f  1114/1149/1114 1125/1160/1125 1130/1168/1130 1115/1150/1115
f  1115/1150/1115 1130/1168/1130 1131/1169/1131 1118/1153/1118
f  1125/1161/1125 1127/1164/1127 1132/1170/1132 1130/1171/1130
f  1130/1168/1130 1132/1172/1132 1133/1173/1133 1131/1169/1131
f  1134/1174/1134 1135/1175/1135 1136/1176/1136 1137/1177/1137
f  1137/1177/1137 1136/1176/1136 1138/1178/1138 1139/1179/1139
f  1135/1175/1135 1140/1180/1140 1141/1181/1141 1136/1176/1136
f  1136/1176/1136 1141/1181/1141 1142/1182/1142 1138/1178/1138
f  1134/1174/1134 1137/1177/1137 1143/1183/1143 1144/1184/1144
f  1144/1184/1144 1143/1183/1143 1145/1185/1145 1146/1186/1146
f  1137/1177/1137 1139/1179/1139 1147/1187/1147 1143/1183/1143
f  1143/1183/1143 1147/1187/1147 1002/1033/1002 1145/1185/1145
f  1134/1174/1134 1144/1184/1144 1148/1188/1148 1149/1189/1149
f  1149/1189/1149 1148/1188/1148 1150/1190/1150 1151/1191/1151
f  1144/1184/1144 1146/1186/1146 1152/1192/1152 1148/1188/1148
f  1148/1188/1148 1152/1192/1152 1153/1193/1153 1150/1190/1150
f  1134/1174/1134 1149/1189/1149 1154/1194/1154 1135/1175/1135
f  1135/1175/1135 1154/1194/1154 1155/1195/1155 1140/1180/1140
f  1149/1189/1149 1151/1191/1151 1156/1196/1156 1154/1194/1154
f  1154/1194/1154 1156/1196/1156 1157/1197/1157 1155/1195/1155
f  1158/1198/1158 1159/1199/1159 1160/1200/1160 1161/1201/1161
f  1161/1201/1161 1160/1200/1160 1162/1202/1162 1163/1203/1163
f  1159/1199/1159 1164/1204/1164 1165/1205/1165 1160/1200/1160
f  1160/1200/1160 1165/1205/1165 1021/1052/1021 1162/1202/1162
f  1158/1198/1158 1161/1201/1161 1166/1206/1166 1167/1207/1167
f  1167/1207/1167 1166/1206/1166 1141/1181/1141 1140/1180/1140
f  1161/1201/1161 1163/1203/1163 1168/1208/1168 1166/1206/1166
f  1166/1206/1166 1168/1208/1168 1142/1182/1142 1141/1181/1141
f  1158/1198/1158 1167/1207/1167 1169/1209/1169 1170/1210/1170
f  1170/1210/1170 1169/1209/1169 1171/1211/1171 1172/1212/1172
f  1167/1207/1167 1140/1180/1140 1155/1195/1155 1169/1209/1169
f  1169/1209/1169 1155/1195/1155 1157/1197/1157 1171/1211/1171
f  1158/1198/1158 1170/1210/1170 1173/1213/1173 1159/1199/1159
f  1159/1199/1159 1173/1213/1173 1174/1214/1174 1164/1204/1164
f  1170/1210/1170 1172/1212/1172 1175/1215/1175 1173/1213/1173
f  1173/1213/1173 1175/1215/1175 1176/1216/1176 1174/1214/1174
f  1177/1217/1177 1178/1218/1178 1179/1219/1179 1180/1220/1180
f  1180/1220/1180 1179/1219/1179 1181/1221/1181 1182/1222/1182
f  1178/1218/1178 1183/1223/1183 1184/1224/1184 1179/1219/1179
f  1179/1219/1179 1184/1224/1184 998/1029/998 1181/1221/1181
f  1177/1217/1177 1180/1220/1180 1185/1225/1185 1186/1226/1186
f  1186/1226/1186 1185/1225/1185 1187/1227/1187 1188/1228/1188
f  1180/1220/1180 1182/1222/1182 1189/1229/1189 1185/1225/1185
f  1185/1225/1185 1189/1229/1189 1049/1230/1049 1187/1227/1187
f  1177/1217/1177 1186/1226/1186 1190/1231/1190 1191/1232/1191
f  1191/1232/1191 1190/1231/1190 1192/1233/1192 1193/1234/1193
f  1186/1226/1186 1188/1228/1188 1194/1235/1194 1190/1231/1190
f  1190/1231/1190 1194/1235/1194 1195/1236/1195 1192/1233/1192
f  1177/1217/1177 1191/1232/1191 1196/1237/1196 1178/1218/1178
f  1178/1218/1178 1196/1237/1196 1197/1238/1197 1183/1223/1183
f  1191/1232/1191 1193/1234/1193 1198/1239/1198 1196/1237/1196
f  1196/1237/1196 1198/1239/1198 1199/1240/1199 1197/1238/1197
f  1200/1241/1200 1201/1242/1201 1202/1243/1202 1203/1244/1203
f  1203/1244/1203 1202/1243/1202 909/933/909 904/928/904
f  1201/1242/1201 1059/1091/1059 1058/1090/1058 1202/1243/1202
f  1202/1243/1202 1058/1090/1058 910/934/910 909/933/909
f  1200/1241/1200 1203/1244/1203 1204/1245/1204 1205/1246/1205
f  1205/1246/1205 1204/1245/1204 1010/1041/1010 1009/1040/1009
f  1203/1244/1203 904/928/904 903/927/903 1204/1245/1204
f  1204/1245/1204 903/927/903 906/930/906 1010/1041/1010
f  1200/1241/1200 1205/1246/1205 1206/1247/1206 1207/1248/1207
f  1207/1248/1207 1206/1247/1206 1208/1249/1208 1209/1250/1209
f  1205/1246/1205 1009/1040/1009 1023/1054/1023 1206/1247/1206
f  1206/1247/1206 1023/1054/1023 1025/1056/1025 1208/1249/1208
f  1200/1241/1200 1207/1248/1207 1210/1251/1210 1201/1242/1201
f  1201/1242/1201 1210/1251/1210 1065/1097/1065 1059/1091/1059
f  1207/1248/1207 1209/1250/1209 1211/1252/1211 1210/1251/1210
f  1210/1251/1210 1211/1252/1211 1066/1098/1066 1065/1097/1065
f  1212/1253/1212 1213/1254/1213 1214/1255/1214 1215/1256/1215
f  1215/1256/1215 1214/1255/1214 885/909/885 880/901/880
f  1213/1254/1213 991/1022/991 990/1021/990 1214/1255/1214
f  1214/1255/1214 990/1021/990 886/910/886 885/909/885
f  1212/1253/1212 1215/1256/1215 1216/1257/1216 1217/1258/1217
f  1217/1258/1217 1216/1257/1216 1033/1259/1033 1032/1260/1032
f  1215/1256/1215 880/901/880 879/900/879 1216/1257/1216
f  1216/1257/1216 879/900/879 882/904/882 1033/1259/1033
f  1212/1253/1212 1217/1258/1217 1218/1261/1218 1219/1262/1219
f  1219/1262/1219 1218/1261/1218 1189/1229/1189 1182/1222/1182
f  1217/1258/1217 1032/1260/1032 1047/1263/1047 1218/1261/1218
f  1218/1261/1218 1047/1263/1047 1049/1230/1049 1189/1229/1189
f  1212/1253/1212 1219/1262/1219 1220/1264/1220 1213/1254/1213
f  1213/1254/1213 1220/1264/1220 997/1028/997 991/1022/991
f  1219/1262/1219 1182/1222/1182 1181/1221/1181 1220/1264/1220
f  1220/1264/1220 1181/1221/1181 998/1029/998 997/1028/997
f  1221/1265/1221 1222/1266/1222 1223/1267/1223 1224/1268/1224
f  1224/1268/1224 1223/1267/1223 861/879/861 856/874/856
f  1222/1266/1222 1014/1045/1014 1013/1044/1013 1223/1267/1223
f  1223/1267/1223 1013/1044/1013 862/880/862 861/879/861
f  1221/1265/1221 1224/1268/1224 1225/1269/1225 1226/1270/1226
f  1226/1270/1226 1225/1269/1225 1227/1271/1227 1228/1272/1228
f  1224/1268/1224 856/874/856 855/873/855 1225/1269/1225
f  1225/1269/1225 855/873/855 858/876/858 1227/1271/1227
f  1221/1265/1221 1226/1270/1226 1229/1273/1229 1230/1274/1230
f  1230/1274/1230 1229/1273/1229 1168/1208/1168 1163/1203/1163
f  1226/1270/1226 1228/1272/1228 1231/1275/1231 1229/1273/1229
f  1229/1273/1229 1231/1275/1231 1142/1182/1142 1168/1208/1168
f  1221/1265/1221 1230/1274/1230 1232/1276/1232 1222/1266/1222
f  1222/1266/1222 1232/1276/1232 1020/1051/1020 1014/1045/1014
f  1230/1274/1230 1163/1203/1163 1162/1202/1162 1232/1276/1232
f  1232/1276/1232 1162/1202/1162 1021/1052/1021 1020/1051/1020
f  1233/1277/1233 1234/1278/1234 1235/1279/1235 1236/1280/1236
f  1236/1280/1236 1235/1279/1235 1083/1115/1083 1080/1112/1080
f  1234/1278/1234 1228/1272/1228 1227/1271/1227 1235/1279/1235
f  1235/1279/1235 1227/1271/1227 858/876/858 1083/1115/1083
f  1233/1277/1233 1236/1280/1236 1237/1281/1237 1238/1282/1238
f  1238/1282/1238 1237/1281/1237 986/1017/986 985/1016/985
f  1236/1280/1236 1080/1112/1080 1079/1111/1079 1237/1281/1237
f  1237/1281/1237 1079/1111/1079 987/1018/987 986/1017/986
f  1233/1277/1233 1238/1282/1238 1239/1283/1239 1240/1284/1240
f  1240/1284/1240 1239/1283/1239 1147/1187/1147 1139/1179/1139
f  1238/1282/1238 985/1016/985 1000/1031/1000 1239/1283/1239
f  1239/1283/1239 1000/1031/1000 1002/1033/1002 1147/1187/1147
f  1233/1277/1233 1240/1284/1240 1241/1285/1241 1234/1278/1234
f  1234/1278/1234 1241/1285/1241 1231/1275/1231 1228/1272/1228
f  1240/1284/1240 1139/1179/1139 1138/1178/1138 1241/1285/1241
f  1241/1285/1241 1138/1178/1138 1142/1182/1142 1231/1275/1231
f  1242/1286/1242 1243/1287/1243 1244/1288/1244 1245/1289/1245
f  1245/1289/1245 1244/1288/1244 1246/1290/1246 1247/1291/1247
f  1243/1287/1243 1248/1292/1248 1249/1293/1249 1244/1288/1244
f  1244/1288/1244 1249/1293/1249 1250/1294/1250 1246/1290/1246
f  1242/1286/1242 1245/1289/1245 1251/1295/1251 1252/1296/1252
f  1252/1297/1252 1251/1298/1251 1253/1299/1253 1254/1300/1254
f  1245/1289/1245 1247/1291/1247 1255/1301/1255 1251/1295/1251
f  1251/1298/1251 1255/1302/1255 1195/1303/1195 1253/1299/1253
f  1242/1286/1242 1252/1296/1252 1256/1304/1256 1257/1305/1257
f  1257/1305/1257 1256/1304/1256 1132/1170/1132 1127/1164/1127
f  1252/1297/1252 1254/1300/1254 1258/1306/1258 1256/1307/1256
f  1256/1307/1256 1258/1306/1258 1133/1173/1133 1132/1172/1132
f  1242/1286/1242 1257/1305/1257 1259/1308/1259 1243/1287/1243
f  1243/1287/1243 1259/1308/1259 1260/1309/1260 1248/1292/1248
f  1257/1305/1257 1127/1164/1127 1126/1163/1126 1259/1308/1259
f  1259/1308/1259 1126/1163/1126 1129/1167/1129 1260/1309/1260
f  1261/1310/1261 1262/1311/1262 1263/1312/1263 1264/1313/1264
f  1264/1313/1264 1263/1312/1263 1156/1196/1156 1151/1314/1151
f  1262/1311/1262 1172/1212/1172 1171/1211/1171 1263/1312/1263
f  1263/1312/1263 1171/1211/1171 1157/1197/1157 1156/1196/1156
f  1261/1310/1261 1264/1313/1264 1265/1315/1265 1266/1316/1266
f  1266/1316/1266 1265/1315/1265 1267/1317/1267 1268/1318/1268
f  1264/1313/1264 1151/1314/1151 1150/1319/1150 1265/1315/1265
f  1265/1315/1265 1150/1319/1150 1153/1320/1153 1267/1317/1267
f  1261/1310/1261 1266/1316/1266 1269/1321/1269 1270/1322/1270
f  1270/1322/1270 1269/1321/1269 1271/1323/1271 1272/1324/1272
f  1266/1316/1266 1268/1318/1268 1273/1325/1273 1269/1321/1269
f  1269/1321/1269 1273/1325/1273 1250/1294/1250 1271/1323/1271
f  1261/1310/1261 1270/1322/1270 1274/1326/1274 1262/1311/1262
f  1262/1311/1262 1274/1326/1274 1175/1215/1175 1172/1212/1172
f  1270/1322/1270 1272/1324/1272 1275/1327/1275 1274/1326/1274
f  1274/1326/1274 1275/1327/1275 1176/1216/1176 1175/1215/1175
f  1276/1328/1276 1277/1329/1277 1278/1330/1278 1279/1331/1279
f  1279/1331/1279 1278/1330/1278 1280/1332/1280 1281/1333/1281
f  1277/1329/1277 1268/1318/1268 1267/1317/1267 1278/1330/1278
f  1278/1330/1278 1267/1317/1267 1153/1320/1153 1280/1332/1280
f  1276/1328/1276 1279/1331/1279 1282/1334/1282 1283/1335/1283
f  1283/1336/1283 1282/1337/1282 1198/1239/1198 1193/1234/1193
f  1279/1331/1279 1281/1333/1281 1284/1338/1284 1282/1334/1282
f  1282/1337/1282 1284/1339/1284 1199/1240/1199 1198/1239/1198
f  1276/1328/1276 1283/1335/1283 1285/1340/1285 1286/1341/1286
f  1286/1341/1286 1285/1340/1285 1255/1301/1255 1247/1291/1247
f  1283/1336/1283 1193/1234/1193 1192/1233/1192 1285/1342/1285
f  1285/1342/1285 1192/1233/1192 1195/1236/1195 1255/1343/1255
f  1276/1328/1276 1286/1341/1286 1287/1344/1287 1277/1329/1277
f  1277/1329/1277 1287/1344/1287 1273/1325/1273 1268/1318/1268
f  1286/1341/1286 1247/1291/1247 1246/1290/1246 1287/1344/1287
f  1287/1344/1287 1246/1290/1246 1250/1294/1250 1273/1325/1273
f  1288/1345/1288 1289/1346/1289 1290/1347/1290 1291/1348/1291
f  1291/1348/1291 1290/1347/1290 1275/1327/1275 1272/1324/1272
f  1289/1346/1289 1292/1349/1292 1293/1350/1293 1290/1347/1290
f  1290/1347/1290 1293/1350/1293 1176/1216/1176 1275/1327/1275
f  1288/1345/1288 1291/1348/1291 1294/1351/1294 1295/1352/1295
f  1295/1352/1295 1294/1351/1294 1249/1293/1249 1248/1292/1248
f  1291/1348/1291 1272/1324/1272 1271/1323/1271 1294/1351/1294
f  1294/1351/1294 1271/1323/1271 1250/1294/1250 1249/1293/1249
f  1288/1345/1288 1295/1352/1295 1296/1353/1296 1297/1354/1297
f  1297/1354/1297 1296/1353/1296 1298/1355/1298 1299/1356/1299
f  1295/1352/1295 1248/1292/1248 1260/1309/1260 1296/1353/1296
f  1296/1353/1296 1260/1309/1260 1129/1167/1129 1298/1355/1298
f  1288/1345/1288 1297/1354/1297 1300/1357/1300 1289/1346/1289
f  1289/1346/1289 1300/1357/1300 1301/1358/1301 1292/1349/1292
f  1297/1354/1297 1299/1356/1299 1302/1359/1302 1300/1357/1300
f  1300/1357/1300 1302/1359/1302 1303/1360/1303 1301/1358/1301
f  1304/1361/1304 1305/1362/1305 1306/1363/1306 1307/1364/1307
f  1307/1364/1307 1306/1363/1306 1048/1080/1048 1043/1075/1043
f  1305/1362/1305 1188/1365/1188 1187/1366/1187 1306/1363/1306
f  1306/1363/1306 1187/1366/1187 1049/1081/1049 1048/1080/1048
f  1304/1361/1304 1307/1364/1307 1308/1367/1308 1309/1368/1309
f  1309/1368/1309 1308/1367/1308 1119/1154/1119 1118/1153/1118
f  1307/1364/1307 1043/1075/1043 1042/1074/1042 1308/1367/1308
f  1308/1367/1308 1042/1074/1042 1045/1077/1045 1119/1154/1119
f  1304/1361/1304 1309/1368/1309 1310/1369/1310 1311/1370/1311
f  1311/1370/1311 1310/1369/1310 1258/1306/1258 1254/1300/1254
f  1309/1368/1309 1118/1153/1118 1131/1169/1131 1310/1369/1310
f  1310/1369/1310 1131/1169/1131 1133/1173/1133 1258/1306/1258
f  1304/1361/1304 1311/1370/1311 1312/1371/1312 1305/1362/1305
f  1305/1362/1305 1312/1371/1312 1194/1372/1194 1188/1365/1188
f  1311/1370/1311 1254/1300/1254 1253/1299/1253 1312/1371/1312
f  1312/1371/1312 1253/1299/1253 1195/1303/1195 1194/1372/1194
f  1313/1373/1313 1314/1374/1314 1315/1375/1315 1316/1376/1316
f  1316/1376/1316 1315/1375/1315 1024/1055/1024 1019/1050/1019
f  1314/1374/1314 1317/1377/1317 1318/1378/1318 1315/1375/1315
f  1315/1375/1315 1318/1378/1318 1025/1056/1025 1024/1055/1024
f  1313/1373/1313 1316/1376/1316 1319/1379/1319 1320/1380/1320
f  1320/1380/1320 1319/1379/1319 1165/1205/1165 1164/1204/1164
f  1316/1376/1316 1019/1050/1019 1018/1049/1018 1319/1379/1319
f  1319/1379/1319 1018/1049/1018 1021/1052/1021 1165/1205/1165
f  1313/1373/1313 1320/1380/1320 1321/1381/1321 1322/1382/1322
f  1322/1382/1322 1321/1381/1321 1293/1350/1293 1292/1349/1292
f  1320/1380/1320 1164/1204/1164 1174/1214/1174 1321/1381/1321
f  1321/1381/1321 1174/1214/1174 1176/1216/1176 1293/1350/1293
f  1313/1373/1313 1322/1382/1322 1323/1383/1323 1314/1374/1314
f  1314/1374/1314 1323/1383/1323 1324/1384/1324 1317/1377/1317
f  1322/1382/1322 1292/1349/1292 1301/1358/1301 1323/1383/1323
f  1323/1383/1323 1301/1358/1301 1303/1360/1303 1324/1384/1324
f  1325/1385/1325 1326/1386/1326 1327/1387/1327 1328/1388/1328
f  1328/1388/1328 1327/1387/1327 1001/1032/1001 996/1027/996
f  1326/1386/1326 1146/1186/1146 1145/1185/1145 1327/1387/1327
f  1327/1387/1327 1145/1185/1145 1002/1033/1002 1001/1032/1001
f  1325/1385/1325 1328/1388/1328 1329/1389/1329 1330/1390/1330
f  1330/1390/1330 1329/1389/1329 1184/1224/1184 1183/1223/1183
f  1328/1388/1328 996/1027/996 995/1026/995 1329/1389/1329
f  1329/1389/1329 995/1026/995 998/1029/998 1184/1224/1184
f  1325/1385/1325 1330/1390/1330 1331/1391/1331 1332/1392/1332
f  1332/1392/1332 1331/1391/1331 1284/1339/1284 1281/1393/1281
f  1330/1390/1330 1183/1223/1183 1197/1238/1197 1331/1391/1331
f  1331/1391/1331 1197/1238/1197 1199/1240/1199 1284/1339/1284
f  1325/1385/1325 1332/1392/1332 1333/1394/1333 1326/1386/1326
f  1326/1386/1326 1333/1394/1333 1152/1192/1152 1146/1186/1146
f  1332/1392/1332 1281/1393/1281 1280/1395/1280 1333/1394/1333
f  1333/1394/1333 1280/1395/1280 1153/1193/1153 1152/1192/1152
f  1334/1396/1334 1335/1397/1335 1336/1398/1336 1337/1399/1337
f  1337/1399/1337 1336/1398/1336 1211/1252/1211 1209/1250/1209
f  1335/1397/1335 1123/1158/1123 1122/1157/1122 1336/1398/1336
f  1336/1398/1336 1122/1157/1122 1066/1098/1066 1211/1252/1211
f  1334/1396/1334 1337/1399/1337 1338/1400/1338 1339/1401/1339
f  1339/1401/1339 1338/1400/1338 1318/1378/1318 1317/1377/1317
f  1337/1399/1337 1209/1250/1209 1208/1249/1208 1338/1400/1338
f  1338/1400/1338 1208/1249/1208 1025/1056/1025 1318/1378/1318
f  1334/1396/1334 1339/1401/1339 1340/1402/1340 1341/1403/1341
f  1341/1404/1341 1340/1402/1340 1302/1359/1302 1299/1356/1299
f  1339/1401/1339 1317/1377/1317 1324/1384/1324 1340/1402/1340
f  1340/1402/1340 1324/1384/1324 1303/1360/1303 1302/1359/1302
f  1334/1396/1334 1341/1403/1341 1342/1405/1342 1335/1397/1335
f  1335/1397/1335 1342/1405/1342 1128/1165/1128 1123/1158/1123
f  1341/1404/1341 1299/1356/1299 1298/1355/1298 1342/1406/1342
f  1342/1406/1342 1298/1355/1298 1129/1167/1129 1128/1166/1128
f  1343/1407/1343 1344/1408/1344 1345/1409/1345 1346/1410/1346
f  1346/1410/1346 1345/1409/1345 101/101/101 94/94/94
f  1344/1408/1344 1347/1411/1347 1348/1412/1348 1345/1409/1345
f  1345/1409/1345 1348/1412/1348 102/102/102 101/101/101
f  1343/1407/1343 1346/1410/1346 1349/1413/1349 1350/1414/1350
f  1350/1414/1350 1349/1413/1349 1351/1415/1351 1352/1416/1352
f  1346/1410/1346 94/94/94 93/93/93 1349/1413/1349
f  1349/1413/1349 93/93/93 96/96/96 1351/1415/1351
f  1343/1407/1343 1350/1414/1350 1353/1417/1353 1354/1418/1354
f  1354/1418/1354 1353/1417/1353 1355/1419/1355 1356/1420/1356
f  1350/1414/1350 1352/1416/1352 1357/1421/1357 1353/1417/1353
f  1353/1417/1353 1357/1421/1357 1358/1422/1358 1355/1419/1355
f  1343/1407/1343 1354/1418/1354 1359/1423/1359 1344/1408/1344
f  1344/1408/1344 1359/1423/1359 1360/1424/1360 1347/1411/1347
f  1354/1418/1354 1356/1420/1356 1361/1425/1361 1359/1423/1359
f  1359/1423/1359 1361/1425/1361 1362/1426/1362 1360/1424/1360
f  1363/1427/1363 1364/1428/1364 1365/1429/1365 1366/1430/1366
f  1366/1430/1366 1365/1429/1365 250/250/250 249/249/249
f  1364/1428/1364 1352/1416/1352 1351/1415/1351 1365/1429/1365
f  1365/1429/1365 1351/1415/1351 96/96/96 250/250/250
f  1363/1427/1363 1366/1430/1366 1367/1431/1367 1368/1432/1368
f  1368/1432/1368 1367/1431/1367 1369/1433/1369 1370/1434/1370
f  1366/1430/1366 249/249/249 261/264/261 1367/1431/1367
f  1367/1431/1367 261/264/261 191/266/191 1369/1433/1369
f  1363/1427/1363 1368/1432/1368 1371/1435/1371 1372/1436/1372
f  1372/1436/1372 1371/1435/1371 1373/1437/1373 1374/1438/1374
f  1368/1432/1368 1370/1434/1370 1375/1439/1375 1371/1435/1371
f  1371/1435/1371 1375/1439/1375 1376/1440/1376 1373/1437/1373
f  1363/1427/1363 1372/1436/1372 1377/1441/1377 1364/1428/1364
f  1364/1428/1364 1377/1441/1377 1357/1421/1357 1352/1416/1352
f  1372/1436/1372 1374/1438/1374 1378/1442/1378 1377/1441/1377
f  1377/1441/1377 1378/1442/1378 1358/1422/1358 1357/1421/1357
f  1379/1443/1379 1380/1444/1380 1381/1445/1381 1382/1446/1382
f  1382/1446/1382 1381/1445/1381 1383/1447/1383 1384/1448/1384
f  1380/1444/1380 1385/1449/1385 1386/1450/1386 1381/1445/1381
f  1381/1445/1381 1386/1450/1386 1387/1451/1387 1383/1447/1383
f  1379/1443/1379 1382/1446/1382 1388/1452/1388 1389/1453/1389
f  1389/1453/1389 1388/1452/1388 929/1454/929 924/1455/924
f  1382/1446/1382 1384/1448/1384 1390/1456/1390 1388/1452/1388
f  1388/1452/1388 1390/1456/1390 930/1457/930 929/1454/929
f  1379/1443/1379 1389/1453/1389 1391/1458/1391 1392/1459/1392
f  1392/1459/1392 1391/1458/1391 1393/1460/1393 1394/1461/1394
f  1389/1453/1389 924/1455/924 923/1462/923 1391/1458/1391
f  1391/1458/1391 923/1462/923 926/1463/926 1393/1460/1393
f  1379/1443/1379 1392/1459/1392 1395/1464/1395 1380/1444/1380
f  1380/1444/1380 1395/1464/1395 1396/1465/1396 1385/1449/1385
f  1392/1459/1392 1394/1461/1394 1397/1466/1397 1395/1464/1395
f  1395/1464/1395 1397/1466/1397 1398/1467/1398 1396/1465/1396
f  1399/1468/1399 1400/1469/1400 1401/1470/1401 1402/1471/1402
f  1402/1471/1402 1401/1470/1401 992/1023/992 984/1015/984
f  1400/1469/1400 920/946/920 919/945/919 1401/1470/1401
f  1401/1470/1401 919/945/919 886/910/886 992/1023/992
f  1399/1468/1399 1402/1471/1402 1403/1472/1403 1404/1473/1404
f  1404/1473/1404 1403/1472/1403 1405/1474/1405 1406/1475/1406
f  1402/1471/1402 984/1015/984 983/1014/983 1403/1472/1403
f  1403/1472/1403 983/1014/983 987/1018/987 1405/1474/1405
f  1399/1468/1399 1404/1473/1404 1407/1476/1407 1408/1477/1408
f  1408/1477/1408 1407/1476/1407 1397/1478/1397 1394/1479/1394
f  1404/1473/1404 1406/1475/1406 1409/1480/1409 1407/1476/1407
f  1407/1476/1407 1409/1480/1409 1398/1467/1398 1397/1478/1397
f  1399/1468/1399 1408/1477/1408 1410/1481/1410 1400/1469/1400
f  1400/1469/1400 1410/1481/1410 925/951/925 920/946/920
f  1408/1477/1408 1394/1479/1394 1393/1482/1393 1410/1481/1410
f  1410/1481/1410 1393/1482/1393 926/952/926 925/951/925
f  1411/1483/1411 1412/1484/1412 1413/1485/1413 1414/1486/1414
f  1414/1486/1414 1413/1485/1413 1081/1113/1081 1076/1108/1076
f  1412/1484/1412 1406/1475/1406 1405/1474/1405 1413/1485/1413
f  1413/1485/1413 1405/1474/1405 987/1018/987 1081/1113/1081
f  1411/1483/1411 1414/1486/1414 1415/1487/1415 1416/1488/1416
f  1416/1488/1416 1415/1487/1415 1417/1489/1417 1418/1490/1418
f  1414/1486/1414 1076/1108/1076 1075/1107/1075 1415/1487/1415
f  1415/1487/1415 1075/1107/1075 777/791/777 1417/1489/1417
f  1411/1483/1411 1416/1488/1416 1419/1491/1419 1420/1492/1420
f  1420/1492/1420 1419/1491/1419 1386/1450/1386 1385/1449/1385
f  1416/1488/1416 1418/1490/1418 1421/1493/1421 1419/1491/1419
f  1419/1491/1419 1421/1493/1421 1387/1451/1387 1386/1450/1386
f  1411/1483/1411 1420/1492/1420 1422/1494/1422 1412/1484/1412
f  1412/1484/1412 1422/1494/1422 1409/1480/1409 1406/1475/1406
f  1420/1492/1420 1385/1449/1385 1396/1465/1396 1422/1494/1422
f  1422/1494/1422 1396/1465/1396 1398/1467/1398 1409/1480/1409
f  1423/1495/1423 1424/1496/1424 1425/1497/1425 1426/1498/1426
f  1426/1498/1426 1425/1497/1425 960/988/960 957/985/957
f  1424/1496/1424 1418/1490/1418 1417/1489/1417 1425/1497/1425
f  1425/1497/1425 1417/1489/1417 777/791/777 960/988/960
f  1423/1495/1423 1426/1498/1426 1427/1499/1427 1428/1500/1428
f  1428/1500/1428 1427/1499/1427 916/940/916 915/939/915
f  1426/1498/1426 957/985/957 956/984/956 1427/1499/1427
f  1427/1499/1427 956/984/956 871/889/871 916/940/916
f  1423/1495/1423 1428/1500/1428 1429/1501/1429 1430/1502/1430
f  1430/1502/1430 1429/1501/1429 1390/1503/1390 1384/1504/1384
f  1428/1500/1428 915/939/915 928/955/928 1429/1501/1429
f  1429/1501/1429 928/955/928 930/958/930 1390/1503/1390
f  1423/1495/1423 1430/1502/1430 1431/1505/1431 1424/1496/1424
f  1424/1496/1424 1431/1505/1431 1421/1493/1421 1418/1490/1418
f  1430/1502/1430 1384/1504/1384 1383/1506/1383 1431/1505/1431
f  1431/1505/1431 1383/1506/1383 1387/1451/1387 1421/1493/1421
f  1432/1507/1432 1433/1508/1433 1434/1509/1434 1435/1510/1435
f  1435/1510/1435 1434/1509/1434 190/190/190 189/189/189
f  1433/1508/1433 1370/1511/1370 1369/1512/1369 1434/1509/1434
f  1434/1509/1434 1369/1512/1369 191/191/191 190/190/190
f  1432/1507/1432 1435/1510/1435 1436/1513/1436 1437/1514/1437
f  1437/1514/1437 1436/1513/1436 1438/1515/1438 1439/1516/1439
f  1435/1510/1435 189/189/189 205/205/205 1436/1513/1436
f  1436/1513/1436 205/205/205 207/207/207 1438/1515/1438
f  1432/1507/1432 1437/1514/1437 1440/1517/1440 1433/1508/1433
f  1433/1508/1433 1440/1517/1440 1375/1518/1375 1370/1511/1370
f  1437/1514/1437 1439/1516/1439 1441/1519/1441 1440/1517/1440
f  1440/1517/1440 1441/1519/1441 1376/1520/1376 1375/1518/1375
f  1442/1521/1442 1443/1522/1443 1444/1523/1444 1445/1524/1445
f  1445/1524/1445 1444/1523/1444 1378/1442/1378 1374/1438/1374
f  1443/1522/1443 1446/1525/1446 1447/1526/1447 1444/1523/1444
f  1444/1523/1444 1447/1526/1447 1358/1422/1358 1378/1442/1378
f  1442/1521/1442 1445/1524/1445 1448/1527/1448 1449/1528/1449
f  1449/1528/1449 1448/1527/1448 1450/1529/1450 1451/1530/1451
f  1445/1524/1445 1374/1438/1374 1373/1437/1373 1448/1527/1448
f  1448/1527/1448 1373/1437/1373 1376/1440/1376 1450/1529/1450
f  1442/1521/1442 1449/1528/1449 1452/1531/1452 1443/1522/1443
f  1443/1522/1443 1452/1531/1452 1453/1532/1453 1446/1525/1446
f  1449/1528/1449 1451/1530/1451 1454/1533/1454 1452/1531/1452
f  1452/1531/1452 1454/1533/1454 1455/1534/1455 1453/1532/1453
f  1456/1535/1456 1457/1536/1457 1458/1537/1458 1459/1538/1459
f  1459/1538/1459 1458/1537/1458 1361/1425/1361 1356/1420/1356
f  1457/1536/1457 1460/1539/1460 1461/1540/1461 1458/1537/1458
f  1458/1537/1458 1461/1540/1461 1362/1426/1362 1361/1425/1361
f  1456/1535/1456 1459/1538/1459 1462/1541/1462 1463/1542/1463
f  1463/1542/1463 1462/1541/1462 1447/1526/1447 1446/1525/1446
f  1459/1538/1459 1356/1420/1356 1355/1419/1355 1462/1541/1462
f  1462/1541/1462 1355/1419/1355 1358/1422/1358 1447/1526/1447
f  1456/1535/1456 1463/1542/1463 1464/1543/1464 1465/1544/1465
f  1465/1544/1465 1464/1543/1464 1466/1545/1466 1467/1546/1467
f  1463/1542/1463 1446/1525/1446 1453/1532/1453 1464/1543/1464
f  1464/1543/1464 1453/1532/1453 1455/1534/1455 1466/1545/1466
f  1456/1535/1456 1465/1544/1465 1468/1547/1468 1457/1536/1457
f  1457/1536/1457 1468/1547/1468 1469/1548/1469 1460/1539/1460
f  1465/1544/1465 1467/1546/1467 1470/1549/1470 1468/1547/1468
f  1468/1547/1468 1470/1549/1470 1471/1550/1471 1469/1548/1469
f  1472/1551/1472 1473/1552/1473 222/222/222 217/217/217
f  1473/1552/1473 1474/1553/1474 207/207/207 222/222/222
f  1472/1551/1472 217/217/217 216/216/216 1475/1554/1475
f  1475/1554/1475 216/216/216 151/151/151 1476/1555/1476
f  1477/1556/1477 1478/1557/1478 1454/1533/1454 1451/1530/1451
f  1478/1557/1478 1479/1558/1479 1455/1534/1455 1454/1533/1454
f  1477/1556/1477 1451/1530/1451 1450/1529/1450 1480/1559/1480
f  1480/1559/1480 1450/1529/1450 1376/1440/1376 1481/1560/1481
f  1482/1561/1482 1483/1562/1483 150/150/150 143/143/143
f  1483/1562/1483 1476/1555/1476 151/151/151 150/150/150
f  1482/1561/1482 143/143/143 142/142/142 1484/1563/1484
f  1484/1563/1484 142/142/142 145/145/145 1485/1564/1485
f  1486/1565/1486 1487/1566/1487 1441/1519/1441 1439/1516/1439
f  1487/1566/1487 1481/1567/1481 1376/1520/1376 1441/1519/1441
f  1486/1565/1486 1439/1516/1439 1438/1515/1438 1488/1568/1488
f  1488/1568/1488 1438/1515/1438 207/207/207 1474/1553/1474
f  1489/1569/1489 1490/1570/1490 1470/1549/1470 1467/1546/1467
f  1490/1570/1490 1491/1571/1491 1471/1550/1471 1470/1549/1470
f  1489/1569/1489 1467/1546/1467 1466/1545/1466 1492/1572/1492
f  1492/1572/1492 1466/1545/1466 1455/1534/1455 1479/1558/1479
f  1493/1/1493 1494/4/1494 1495/3/1495 1496/2/1496
f  1497/5/1497 1498/8/1498 1499/7/1499 1500/6/1500
f  1496/2/1496 1495/3/1495 10/10/10 9/9/9
f  1500/6/1500 1499/7/1499 1501/1573/1501 1502/1574/1502
f  1493/1/1493 1503/16/1503 1504/15/1504 1494/4/1494
f  1503/16/1503 1505/18/1505 1506/17/1506 1504/15/1504
f  1497/5/1497 1507/20/1507 1508/19/1508 1498/8/1498
f  1507/20/1507 1509/22/1509 1510/21/1510 1508/19/1508
f  1493/1/1493 1511/24/1511 1512/23/1512 1503/16/1503
f  1511/24/1511 1513/26/1513 1514/25/1514 1512/23/1512
f  1503/16/1503 1512/23/1512 1515/27/1515 1505/18/1505
f  1512/23/1512 1514/25/1514 1516/28/1516 1515/27/1515
f  1493/1/1493 1496/2/1496 1517/29/1517 1511/24/1511
f  1496/2/1496 9/9/9 30/30/30 1517/29/1517
f  1511/24/1511 1517/29/1517 1518/31/1518 1513/26/1513
f  1517/29/1517 30/30/30 32/32/32 1518/31/1518
f  1519/33/1519 1520/36/1520 1521/35/1521 1522/34/1522
f  1523/37/1523 1524/40/1524 1525/39/1525 1526/38/1526
f  1522/34/1522 1521/35/1521 1527/42/1527 1528/41/1528
f  1526/38/1526 1525/39/1525 1529/44/1529 1530/43/1530
f  1519/33/1519 1531/46/1531 1532/45/1532 1520/36/1520
f  1531/46/1531 1533/48/1533 1534/47/1534 1532/45/1532
f  1523/37/1523 1535/50/1535 1536/49/1536 1524/40/1524
f  1535/50/1535 1537/52/1537 1538/51/1538 1536/49/1536
f  1519/33/1519 1539/54/1539 1540/53/1540 1531/46/1531
f  1539/54/1539 1541/56/1541 1542/55/1542 1540/53/1540
f  1531/46/1531 1540/53/1540 1543/57/1543 1533/48/1533
f  1540/53/1540 1542/55/1542 1544/58/1544 1543/57/1543
f  1519/33/1519 1522/34/1522 1545/59/1545 1539/54/1539
f  1522/34/1522 1528/41/1528 1546/60/1546 1545/59/1545
f  1539/54/1539 1545/59/1545 1547/61/1547 1541/56/1541
f  1545/59/1545 1546/60/1546 1548/62/1548 1547/61/1547
f  1549/63/1549 1550/66/1550 1551/65/1551 1552/64/1552
f  1550/66/1550 1553/68/1553 1554/67/1554 1551/65/1551
f  1552/64/1552 1551/65/1551 1555/70/1555 1556/69/1556
f  1551/65/1551 1554/67/1554 1548/62/1548 1555/70/1555
f  1549/63/1549 1557/72/1557 1558/71/1558 1550/66/1550
f  1557/72/1557 74/74/74 73/73/73 1558/71/1558
f  1550/66/1550 1558/71/1558 1559/75/1559 1553/68/1553
f  1558/71/1558 73/73/73 76/76/76 1559/75/1559
f  1549/63/1549 1560/78/1560 1561/77/1561 1557/72/1557
f  1560/78/1560 1513/26/1513 1518/31/1518 1561/77/1561
f  1557/72/1557 1561/77/1561 79/79/79 74/74/74
f  1561/77/1561 1518/31/1518 32/32/32 79/79/79
f  1549/63/1549 1552/64/1552 1562/80/1562 1560/78/1560
f  1552/64/1552 1556/69/1556 1563/81/1563 1562/80/1562
f  1560/78/1560 1562/80/1562 1514/25/1514 1513/26/1513
f  1562/80/1562 1563/81/1563 1516/28/1516 1514/25/1514
f  1564/82/1564 1565/85/1565 1566/84/1566 1567/83/1567
f  1565/85/1565 1568/87/1568 1569/86/1569 1566/84/1566
f  1567/83/1567 1566/84/1566 1570/89/1570 1571/88/1571
f  1566/84/1566 1569/86/1569 1572/90/1572 1570/89/1570
f  1564/82/1564 1573/92/1573 1574/91/1574 1565/85/1565
f  1573/92/1573 1575/94/1575 1576/93/1576 1574/91/1574
f  1565/85/1565 1574/91/1574 1577/95/1577 1568/87/1568
f  1574/91/1574 1576/93/1576 1578/96/1578 1577/95/1577
f  1564/82/1564 1579/98/1579 1580/97/1580 1573/92/1573
f  1579/98/1579 100/100/100 99/99/99 1580/97/1580
f  1573/92/1573 1580/97/1580 1581/101/1581 1575/94/1575
f  1580/97/1580 99/99/99 102/102/102 1581/101/1581
f  1564/82/1564 1567/83/1567 1582/103/1582 1579/98/1579
f  1567/83/1567 1571/88/1571 1583/104/1583 1582/103/1582
f  1579/98/1579 1582/103/1582 105/105/105 100/100/100
f  1582/103/1582 1583/104/1583 106/106/106 105/105/105
f  1584/107/1584 1585/110/1585 1586/109/1586 1587/108/1587
f  1588/111/1588 1589/114/1589 1590/113/1590 1591/112/1591
f  1587/108/1587 1586/109/1586 1534/47/1534 1533/48/1533
f  1591/112/1591 1590/113/1590 1538/51/1538 1537/52/1537
f  1584/107/1584 1592/116/1592 1593/115/1593 1585/110/1585
f  1592/116/1592 118/118/118 117/117/117 1593/115/1593
f  1588/111/1588 1594/120/1594 1595/119/1595 1589/114/1589
f  1594/120/1594 122/122/122 121/121/121 1595/119/1595
f  1584/107/1584 1596/124/1596 1597/123/1597 1592/116/1592
f  1596/124/1596 1598/126/1598 1599/125/1599 1597/123/1597
f  1592/116/1592 1597/123/1597 127/127/127 118/118/118
f  1597/123/1597 1599/125/1599 128/128/128 127/127/127
f  1584/107/1584 1587/108/1587 1600/129/1600 1596/124/1596
f  1587/108/1587 1533/48/1533 1543/57/1543 1600/129/1600
f  1596/124/1596 1600/129/1600 1601/130/1601 1598/126/1598
f  1600/129/1600 1543/57/1543 1544/58/1544 1601/130/1601
f  1602/131/1602 1603/134/1603 1604/133/1604 1605/132/1605
f  1603/134/1603 1606/136/1606 1607/135/1607 1604/133/1604
f  1605/132/1605 1604/133/1604 1608/138/1608 1609/137/1609
f  1604/133/1604 1607/135/1607 1610/139/1610 1608/138/1608
f  1602/131/1602 1611/141/1611 1612/140/1612 1603/134/1603
f  1611/141/1611 1613/143/1613 1614/142/1614 1612/140/1612
f  1603/134/1603 1612/140/1612 1615/144/1615 1606/136/1606
f  1612/140/1612 1614/142/1614 1616/145/1616 1615/144/1615
f  1602/131/1602 1617/147/1617 1618/146/1618 1611/141/1611
f  1617/147/1617 1619/149/1619 1620/148/1620 1618/146/1618
f  1611/141/1611 1618/146/1618 1621/150/1621 1613/143/1613
f  1618/146/1618 1620/148/1620 1622/151/1622 1621/150/1621
f  1602/131/1602 1605/132/1605 1623/152/1623 1617/147/1617
f  1605/132/1605 1609/137/1609 1624/153/1624 1623/152/1623
f  1617/147/1617 1623/152/1623 1625/154/1625 1619/149/1619
f  1623/152/1623 1624/153/1624 1626/155/1626 1625/154/1625
f  1627/156/1627 1628/159/1628 1629/158/1629 1630/157/1630
f  1628/159/1628 1598/126/1598 1601/130/1601 1629/158/1629
f  1630/157/1630 1629/158/1629 1542/55/1542 1541/56/1541
f  1629/158/1629 1601/130/1601 1544/58/1544 1542/55/1542
f  1627/156/1627 1631/161/1631 1632/160/1632 1628/159/1628
f  1631/161/1631 163/163/163 162/162/162 1632/160/1632
f  1628/159/1628 1632/160/1632 1599/125/1599 1598/126/1598
f  1632/160/1632 162/162/162 128/128/128 1599/125/1599
f  1627/156/1627 1633/165/1633 1634/164/1634 1631/161/1631
f  1633/165/1633 1553/68/1553 1559/75/1559 1634/164/1634
f  1631/161/1631 1634/164/1634 166/166/166 163/163/163
f  1634/164/1634 1559/75/1559 76/76/76 166/166/166
f  1627/156/1627 1630/157/1630 1635/167/1635 1633/165/1633
f  1630/157/1630 1541/56/1541 1547/61/1547 1635/167/1635
f  1633/165/1633 1635/167/1635 1554/67/1554 1553/68/1553
f  1635/167/1635 1547/61/1547 1548/62/1548 1554/67/1554
f  1636/168/1636 1637/171/1637 1638/170/1638 1639/169/1639
f  1640/172/1640 1641/175/1641 1642/174/1642 1643/173/1643
f  1639/169/1639 1638/170/1638 1506/17/1506 1505/18/1505
f  1643/173/1643 1642/174/1642 1510/21/1510 1509/22/1509
f  1636/168/1636 1644/177/1644 1645/176/1645 1637/171/1637
f  1644/177/1644 1528/41/1528 1527/42/1527 1645/176/1645
f  1640/172/1640 1646/179/1646 1647/178/1647 1641/175/1641
f  1646/179/1646 1530/43/1530 1529/44/1529 1647/178/1647
f  1636/168/1636 1648/181/1648 1649/180/1649 1644/177/1644
f  1648/181/1648 1556/69/1556 1555/70/1555 1649/180/1649
f  1644/177/1644 1649/180/1649 1546/60/1546 1528/41/1528
f  1649/180/1649 1555/70/1555 1548/62/1548 1546/60/1546
f  1636/168/1636 1639/169/1639 1650/182/1650 1648/181/1648
f  1639/169/1639 1505/18/1505 1515/27/1515 1650/182/1650
f  1648/181/1648 1650/182/1650 1563/81/1563 1556/69/1556
f  1650/182/1650 1515/27/1515 1516/28/1516 1563/81/1563
f  1651/183/1651 1652/186/1652 1653/185/1653 1654/184/1654
f  1652/186/1652 1655/188/1655 1656/187/1656 1653/185/1653
f  1654/184/1654 1653/185/1653 1657/190/1657 1658/189/1658
f  1653/185/1653 1656/187/1656 1659/191/1659 1657/190/1657
f  1651/183/1651 1660/193/1660 1661/192/1661 1652/186/1652
f  1660/193/1660 1662/195/1662 1663/194/1663 1661/192/1661
f  1652/186/1652 1661/192/1661 1664/196/1664 1655/188/1655
f  1661/192/1661 1663/194/1663 1665/197/1665 1664/196/1664
f  1651/183/1651 1666/199/1666 1667/198/1667 1660/193/1660
f  1666/199/1666 1668/201/1668 1669/200/1669 1667/198/1667
f  1660/193/1660 1667/198/1667 1670/202/1670 1662/195/1662
f  1667/198/1667 1669/200/1669 1671/203/1671 1670/202/1670
f  1651/183/1651 1654/184/1654 1672/204/1672 1666/199/1666
f  1654/184/1654 1658/189/1658 1673/205/1673 1672/204/1672
f  1666/199/1666 1672/204/1672 1674/206/1674 1668/201/1668
f  1672/204/1672 1673/205/1673 1675/207/1675 1674/206/1674
f  1676/208/1676 1677/211/1677 1678/210/1678 1679/209/1679
f  1677/211/1677 1619/149/1619 1625/154/1625 1678/210/1678
f  1679/209/1679 1678/210/1678 1680/213/1680 1681/212/1681
f  1678/210/1678 1625/154/1625 1626/155/1626 1680/213/1680
f  1676/208/1676 1682/215/1682 1683/214/1683 1677/211/1677
f  1682/215/1682 1684/217/1684 1685/216/1685 1683/214/1683
f  1677/211/1677 1683/214/1683 1620/148/1620 1619/149/1619
f  1683/214/1683 1685/216/1685 1622/151/1622 1620/148/1620
f  1676/208/1676 1686/219/1686 1687/218/1687 1682/215/1682
f  1686/219/1686 1688/221/1688 1689/220/1689 1687/218/1687
f  1682/215/1682 1687/218/1687 1690/222/1690 1684/217/1684
f  1687/218/1687 1689/220/1689 1675/207/1675 1690/222/1690
f  1676/208/1676 1679/209/1679 1691/223/1691 1686/219/1686
f  1679/209/1679 1681/212/1681 1692/224/1692 1691/223/1691
f  1686/219/1686 1691/223/1691 1693/225/1693 1688/221/1688
f  1691/223/1691 1692/224/1692 1694/226/1694 1693/225/1693
f  1695/227/1695 1696/230/1696 1697/229/1697 1698/228/1698
f  1696/230/1696 1668/201/1668 1674/206/1674 1697/229/1697
f  1698/228/1698 1697/229/1697 1689/220/1689 1688/221/1688
f  1697/229/1697 1674/206/1674 1675/207/1675 1689/220/1689
f  1695/227/1695 1699/232/1699 1700/231/1700 1696/230/1696
f  1699/232/1699 1701/234/1701 1702/233/1702 1700/231/1700
f  1696/230/1696 1700/231/1700 1669/200/1669 1668/201/1668
f  1700/231/1700 1702/233/1702 1671/203/1671 1669/200/1669
f  1695/227/1695 1703/236/1703 1704/235/1704 1699/232/1699
f  1703/236/1703 1705/238/1705 1706/237/1706 1704/235/1704
f  1699/232/1699 1704/235/1704 1707/239/1707 1701/234/1701
f  1704/235/1704 1706/237/1706 1708/240/1708 1707/239/1707
f  1695/227/1695 1698/228/1698 1709/241/1709 1703/236/1703
f  1698/228/1698 1688/221/1688 1693/225/1693 1709/241/1709
f  1703/236/1703 1709/241/1709 1710/242/1710 1705/238/1705
f  1709/241/1709 1693/225/1693 1694/226/1694 1710/242/1710
f  1711/243/1711 1712/246/1712 1713/245/1713 1714/244/1714
f  1712/246/1712 1715/248/1715 1716/247/1716 1713/245/1713
f  1714/244/1714 1713/245/1713 1717/250/1717 1718/249/1718
f  1713/245/1713 1716/247/1716 1578/96/1578 1717/250/1717
f  1711/243/1711 1719/252/1719 1720/251/1720 1712/246/1712
f  1719/252/1719 1721/254/1721 1722/253/1722 1720/251/1720
f  1712/246/1712 1720/251/1720 1723/255/1723 1715/248/1715
f  1720/251/1720 1722/253/1722 1724/256/1724 1723/255/1723
f  1711/243/1711 1725/258/1725 1726/257/1726 1719/252/1719
f  1725/258/1725 1655/260/1655 1664/259/1664 1726/257/1726
f  1719/252/1719 1726/257/1726 1727/261/1727 1721/254/1721
f  1726/257/1726 1664/259/1664 1665/262/1665 1727/261/1727
f  1711/243/1711 1714/244/1714 1728/263/1728 1725/258/1725
f  1714/244/1714 1718/249/1718 1729/264/1729 1728/263/1728
f  1725/258/1725 1728/263/1728 1656/265/1656 1655/260/1655
f  1728/263/1728 1729/264/1729 1659/266/1659 1656/265/1656
f  1730/267/1730 1731/270/1731 1732/269/1732 1733/268/1733
f  1731/270/1731 1734/272/1734 1735/271/1735 1732/269/1732
f  1733/268/1733 1732/269/1732 1499/7/1499 1498/8/1498
f  1732/269/1732 1735/271/1735 1501/1573/1501 1499/7/1499
f  1730/267/1730 1736/276/1736 1737/275/1737 1731/270/1731
f  1736/276/1736 1681/212/1681 1680/213/1680 1737/275/1737
f  1731/270/1731 1737/275/1737 1738/277/1738 1734/272/1734
f  1737/275/1737 1680/213/1680 1626/155/1626 1738/277/1738
f  1730/267/1730 1739/279/1739 1740/278/1740 1736/276/1736
f  1739/279/1739 1741/281/1741 1742/280/1742 1740/278/1740
f  1736/276/1736 1740/278/1740 1692/224/1692 1681/212/1681
f  1740/278/1740 1742/280/1742 1694/226/1694 1692/224/1692
f  1730/267/1730 1733/268/1733 1743/282/1743 1739/279/1739
f  1733/268/1733 1498/8/1498 1508/19/1508 1743/282/1743
f  1739/279/1739 1743/282/1743 1744/283/1744 1741/281/1741
f  1743/282/1743 1508/19/1508 1510/21/1510 1744/283/1744
f  1745/284/1745 1746/287/1746 1747/286/1747 1748/285/1748
f  1746/287/1746 1749/289/1749 1750/288/1750 1747/286/1747
f  1748/285/1748 1747/286/1747 1525/39/1525 1524/40/1524
f  1747/286/1747 1750/288/1750 1529/44/1529 1525/39/1525
f  1745/284/1745 1751/291/1751 1752/290/1752 1746/287/1746
f  1751/291/1751 1753/293/1753 1754/292/1754 1752/290/1752
f  1746/287/1746 1752/290/1752 1755/294/1755 1749/289/1749
f  1752/290/1752 1754/292/1754 1756/295/1756 1755/294/1755
f  1745/284/1745 1757/297/1757 1758/296/1758 1751/291/1751
f  1757/297/1757 1759/299/1759 1760/298/1760 1758/296/1758
f  1751/291/1751 1758/296/1758 1761/300/1761 1753/293/1753
f  1758/296/1758 1760/298/1760 1762/301/1762 1761/300/1761
f  1745/284/1745 1748/285/1748 1763/302/1763 1757/297/1757
f  1748/285/1748 1524/40/1524 1536/49/1536 1763/302/1763
f  1757/297/1757 1763/302/1763 1764/303/1764 1759/299/1759
f  1763/302/1763 1536/49/1536 1538/51/1538 1764/303/1764
f  1765/304/1765 1766/307/1766 1767/306/1767 1768/305/1768
f  1766/307/1766 1769/309/1769 1770/308/1770 1767/306/1767
f  1768/305/1768 1767/306/1767 305/311/305 304/310/304
f  1767/306/1767 1770/308/1770 306/312/306 305/311/305
f  1765/304/1765 1771/314/1771 1772/313/1772 1766/307/1766
f  1771/314/1771 1609/137/1609 1608/138/1608 1772/313/1772
f  1766/307/1766 1772/313/1772 1773/315/1773 1769/309/1769
f  1772/313/1772 1608/138/1608 1610/139/1610 1773/315/1773
f  1765/304/1765 1774/317/1774 1775/316/1775 1771/314/1771
f  1774/317/1774 1734/272/1734 1738/277/1738 1775/316/1775
f  1771/314/1771 1775/316/1775 1624/153/1624 1609/137/1609
f  1775/316/1775 1738/277/1738 1626/155/1626 1624/153/1624
f  1765/304/1765 1768/305/1768 1776/318/1776 1774/317/1774
f  1768/305/1768 304/310/304 313/319/313 1776/318/1776
f  1774/317/1774 1776/318/1776 1735/271/1735 1734/272/1734
f  1776/318/1776 313/319/313 1501/1573/1501 1735/271/1735
f  1777/322/1777 1778/325/1778 1779/324/1779 1780/323/1780
f  1778/325/1778 1781/327/1781 1782/326/1782 1779/324/1779
f  1780/323/1780 1779/324/1779 1590/113/1590 1589/114/1589
f  1779/324/1779 1782/326/1782 1538/51/1538 1590/113/1590
f  1777/322/1777 1783/329/1783 1784/328/1784 1778/325/1778
f  1783/329/1783 1571/88/1571 1570/89/1570 1784/328/1784
f  1778/325/1778 1784/328/1784 1785/330/1785 1781/327/1781
f  1784/328/1784 1570/89/1570 1572/90/1572 1785/330/1785
f  1777/322/1777 1786/332/1786 1787/331/1787 1783/329/1783
f  1786/332/1786 328/334/328 327/333/327 1787/331/1787
f  1783/329/1783 1787/331/1787 1583/104/1583 1571/88/1571
f  1787/331/1787 327/333/327 106/106/106 1583/104/1583
f  1777/322/1777 1780/323/1780 1788/335/1788 1786/332/1786
f  1780/323/1780 1589/114/1589 1595/119/1595 1788/335/1788
f  1786/332/1786 1788/335/1788 330/336/330 328/334/328
f  1788/335/1788 1595/119/1595 121/121/121 330/336/330
f  1789/337/1789 1790/340/1790 1791/339/1791 1792/338/1792
f  1790/340/1790 1793/342/1793 1794/341/1794 1791/339/1791
f  1792/338/1792 1791/339/1791 1663/194/1663 1662/195/1662
f  1791/339/1791 1794/341/1794 1665/197/1665 1663/194/1663
f  1789/337/1789 1795/344/1795 1796/343/1796 1790/340/1790
f  1795/344/1795 1797/346/1797 1798/345/1798 1796/343/1796
f  1790/340/1790 1796/343/1796 1799/347/1799 1793/342/1793
f  1796/343/1796 1798/345/1798 1800/348/1800 1799/347/1799
f  1789/337/1789 1801/350/1801 1802/349/1802 1795/344/1795
f  1801/350/1801 1803/352/1803 1804/351/1804 1802/349/1802
f  1795/344/1795 1802/349/1802 1805/353/1805 1797/346/1797
f  1802/349/1802 1804/351/1804 1806/354/1806 1805/353/1805
f  1789/337/1789 1792/338/1792 1807/355/1807 1801/350/1801
f  1792/338/1792 1662/195/1662 1670/202/1670 1807/355/1807
f  1801/350/1801 1807/355/1807 1808/356/1808 1803/352/1803
f  1807/355/1807 1670/202/1670 1671/203/1671 1808/356/1808
f  1809/357/1809 1810/360/1810 1811/359/1811 1812/358/1812
f  1810/360/1810 1813/362/1813 1814/361/1814 1811/359/1811
f  1812/358/1812 1811/359/1811 1815/364/1815 1816/363/1816
f  1811/359/1811 1814/361/1814 1762/301/1762 1815/364/1815
f  1809/357/1809 1817/366/1817 1818/365/1818 1810/360/1810
f  1817/366/1817 1819/368/1819 1820/367/1820 1818/365/1818
f  1810/360/1810 1818/365/1818 1821/369/1821 1813/362/1813
f  1818/365/1818 1820/367/1820 1822/370/1822 1821/369/1821
f  1809/357/1809 1823/372/1823 1824/371/1824 1817/366/1817
f  1823/372/1823 1825/374/1825 1826/373/1826 1824/371/1824
f  1817/366/1817 1824/371/1824 1827/375/1827 1819/368/1819
f  1824/371/1824 1826/373/1826 1828/376/1828 1827/375/1827
f  1809/357/1809 1812/358/1812 1829/377/1829 1823/372/1823
f  1812/358/1812 1816/363/1816 1830/378/1830 1829/377/1829
f  1823/372/1823 1829/377/1829 1831/379/1831 1825/374/1825
f  1829/377/1829 1830/378/1830 1832/380/1832 1831/379/1831
f  1833/381/1833 1834/384/1834 1835/383/1835 1836/382/1836
f  1834/384/1834 1803/352/1803 1808/356/1808 1835/383/1835
f  1836/382/1836 1835/383/1835 1702/233/1702 1701/234/1701
f  1835/383/1835 1808/356/1808 1671/203/1671 1702/233/1702
f  1833/381/1833 1837/386/1837 1838/385/1838 1834/384/1834
f  1837/386/1837 1839/388/1839 1840/387/1840 1838/385/1838
f  1834/384/1834 1838/385/1838 1804/351/1804 1803/352/1803
f  1838/385/1838 1840/387/1840 1806/354/1806 1804/351/1804
f  1833/381/1833 1841/390/1841 1842/389/1842 1837/386/1837
f  1841/390/1841 1843/392/1843 1844/391/1844 1842/389/1842
f  1837/386/1837 1842/389/1842 1845/393/1845 1839/388/1839
f  1842/389/1842 1844/391/1844 1846/394/1846 1845/393/1845
f  1833/381/1833 1836/382/1836 1847/395/1847 1841/390/1841
f  1836/382/1836 1701/234/1701 1707/239/1707 1847/395/1847
f  1841/390/1841 1847/395/1847 1848/396/1848 1843/392/1843
f  1847/395/1847 1707/239/1707 1708/240/1708 1848/396/1848
f  1849/397/1849 1850/400/1850 1851/399/1851 1852/398/1852
f  1850/400/1850 1853/402/1853 1854/401/1854 1851/399/1851
f  1852/398/1852 1851/399/1851 1754/292/1754 1753/293/1753
f  1851/399/1851 1854/401/1854 1756/295/1756 1754/292/1754
f  1849/397/1849 1855/404/1855 1856/403/1856 1850/400/1850
f  1855/404/1855 1857/406/1857 1858/405/1858 1856/403/1856
f  1850/400/1850 1856/403/1856 1859/407/1859 1853/402/1853
f  1856/403/1856 1858/405/1858 1860/408/1860 1859/407/1859
f  1849/397/1849 1861/410/1861 1862/409/1862 1855/404/1855
f  1861/410/1861 1813/362/1813 1821/369/1821 1862/409/1862
f  1855/404/1855 1862/409/1862 1863/411/1863 1857/406/1857
f  1862/409/1862 1821/369/1821 1822/370/1822 1863/411/1863
f  1849/397/1849 1852/398/1852 1864/412/1864 1861/410/1861
f  1852/398/1852 1753/293/1753 1761/300/1761 1864/412/1864
f  1861/410/1861 1864/412/1864 1814/361/1814 1813/362/1813
f  1864/412/1864 1761/300/1761 1762/301/1762 1814/361/1814
f  1865/413/1865 1866/416/1866 1867/415/1867 1868/414/1868
f  1866/416/1866 1759/299/1759 1764/303/1764 1867/415/1867
f  1868/414/1868 1867/415/1867 1782/326/1782 1781/327/1781
f  1867/415/1867 1764/303/1764 1538/51/1538 1782/326/1782
f  1865/413/1865 1869/418/1869 1870/417/1870 1866/416/1866
f  1869/418/1869 1816/363/1816 1815/364/1815 1870/417/1870
f  1866/416/1866 1870/417/1870 1760/298/1760 1759/299/1759
f  1870/417/1870 1815/364/1815 1762/301/1762 1760/298/1760
f  1865/413/1865 1871/420/1871 1872/419/1872 1869/418/1869
f  1871/420/1871 1873/422/1873 1874/421/1874 1872/419/1872
f  1869/418/1869 1872/419/1872 1830/378/1830 1816/363/1816
f  1872/419/1872 1874/421/1874 1832/380/1832 1830/378/1830
f  1865/413/1865 1868/414/1868 1875/423/1875 1871/420/1871
f  1868/414/1868 1781/327/1781 1785/330/1785 1875/423/1875
f  1871/420/1871 1875/423/1875 1876/424/1876 1873/422/1873
f  1875/423/1875 1785/330/1785 1572/90/1572 1876/424/1876
f  1877/425/1877 1878/428/1878 1879/427/1879 1880/426/1880
f  1878/428/1878 1705/238/1705 1710/242/1710 1879/427/1879
f  1880/426/1880 1879/427/1879 1742/280/1742 1741/281/1741
f  1879/427/1879 1710/242/1710 1694/226/1694 1742/280/1742
f  1877/425/1877 1881/430/1881 1882/429/1882 1878/428/1878
f  1881/430/1881 1883/432/1883 1884/431/1884 1882/429/1882
f  1878/428/1878 1882/429/1882 1706/237/1706 1705/238/1705
f  1882/429/1882 1884/431/1884 1708/240/1708 1706/237/1706
f  1877/425/1877 1885/434/1885 1886/433/1886 1881/430/1881
f  1885/434/1885 1887/436/1887 1888/435/1888 1886/433/1886
f  1881/430/1881 1886/433/1886 1889/437/1889 1883/432/1883
f  1886/433/1886 1888/435/1888 1890/438/1890 1889/437/1889
f  1877/425/1877 1880/426/1880 1891/439/1891 1885/434/1885
f  1880/426/1880 1741/281/1741 1744/283/1744 1891/439/1891
f  1885/434/1885 1891/439/1891 1892/440/1892 1887/436/1887
f  1891/439/1891 1744/283/1744 1510/21/1510 1892/440/1892
f  1893/441/1893 1894/444/1894 1895/443/1895 1896/442/1896
f  1894/444/1894 1887/436/1887 1892/440/1892 1895/443/1895
f  1896/442/1896 1895/443/1895 1642/174/1642 1641/175/1641
f  1895/443/1895 1892/440/1892 1510/21/1510 1642/174/1642
f  1893/441/1893 1897/446/1897 1898/445/1898 1894/444/1894
f  1897/446/1897 1899/448/1899 1900/447/1900 1898/445/1898
f  1894/444/1894 1898/445/1898 1888/435/1888 1887/436/1887
f  1898/445/1898 1900/447/1900 1890/438/1890 1888/435/1888
f  1893/441/1893 1901/450/1901 1902/449/1902 1897/446/1897
f  1901/450/1901 1749/289/1749 1755/294/1755 1902/449/1902
f  1897/446/1897 1902/449/1902 1903/451/1903 1899/448/1899
f  1902/449/1902 1755/294/1755 1756/295/1756 1903/451/1903
f  1893/441/1893 1896/442/1896 1904/452/1904 1901/450/1901
f  1896/442/1896 1641/175/1641 1647/178/1647 1904/452/1904
f  1901/450/1901 1904/452/1904 1750/288/1750 1749/289/1749
f  1904/452/1904 1647/178/1647 1529/44/1529 1750/288/1750
f  1905/453/1905 1906/456/1906 1907/455/1907 1908/454/1908
f  1906/456/1906 1873/422/1873 1876/424/1876 1907/455/1907
f  1908/454/1908 1907/455/1907 1569/86/1569 1568/87/1568
f  1907/455/1907 1876/424/1876 1572/90/1572 1569/86/1569
f  1905/453/1905 1909/458/1909 1910/457/1910 1906/456/1906
f  1909/458/1909 1911/460/1911 1912/459/1912 1910/457/1910
f  1906/456/1906 1910/457/1910 1874/421/1874 1873/422/1873
f  1910/457/1910 1912/459/1912 1832/380/1832 1874/421/1874
f  1905/453/1905 1913/462/1913 1914/461/1914 1909/458/1909
f  1913/462/1913 1715/248/1715 1723/255/1723 1914/461/1914
f  1909/458/1909 1914/461/1914 1915/463/1915 1911/460/1911
f  1914/461/1914 1723/255/1723 1724/256/1724 1915/463/1915
f  1905/453/1905 1908/454/1908 1916/464/1916 1913/462/1913
f  1908/454/1908 1568/87/1568 1577/95/1577 1916/464/1916
f  1913/462/1913 1916/464/1916 1716/247/1716 1715/248/1715
f  1916/464/1916 1577/95/1577 1578/96/1578 1716/247/1716
f  1917/465/1917 1918/468/1918 1919/467/1919 1920/466/1920
f  1918/468/1918 1921/470/1921 1922/469/1922 1919/467/1919
f  1920/466/1920 1919/467/1919 1923/472/1923 1924/471/1924
f  1919/467/1919 1922/469/1922 1860/408/1860 1923/472/1923
f  1917/465/1917 1925/474/1925 1926/473/1926 1918/468/1918
f  1925/474/1925 1927/476/1927 1928/475/1928 1926/473/1926
f  1918/468/1918 1926/473/1926 1929/477/1929 1921/470/1921
f  1926/473/1926 1928/475/1928 1930/478/1930 1929/477/1929
f  1917/465/1917 1931/480/1931 1932/479/1932 1925/474/1925
f  1931/480/1931 1933/482/1933 1934/481/1934 1932/479/1932
f  1925/474/1925 1932/479/1932 1935/483/1935 1927/476/1927
f  1932/479/1932 1934/481/1934 1936/484/1936 1935/483/1935
f  1917/465/1917 1920/466/1920 1937/485/1937 1931/480/1931
f  1920/466/1920 1924/471/1924 1938/486/1938 1937/485/1937
f  1931/480/1931 1937/485/1937 1939/487/1939 1933/482/1933
f  1937/485/1937 1938/486/1938 1940/488/1940 1939/487/1939
f  1941/489/1941 1942/492/1942 1943/491/1943 1944/490/1944
f  1942/492/1942 1797/346/1797 1805/353/1805 1943/491/1943
f  1944/490/1944 1943/491/1943 1945/494/1945 1946/493/1946
f  1943/491/1943 1805/353/1805 1806/354/1806 1945/494/1945
f  1941/489/1941 1947/496/1947 1948/495/1948 1942/492/1942
f  1947/496/1947 1949/498/1949 1950/497/1950 1948/495/1948
f  1942/492/1942 1948/495/1948 1798/345/1798 1797/346/1797
f  1948/495/1948 1950/497/1950 1800/348/1800 1798/345/1798
f  1941/489/1941 1951/500/1951 1952/499/1952 1947/496/1947
f  1951/500/1951 1953/502/1953 1954/501/1954 1952/499/1952
f  1947/496/1947 1952/499/1952 1955/503/1955 1949/498/1949
f  1952/499/1952 1954/501/1954 1956/504/1956 1955/503/1955
f  1941/489/1941 1944/490/1944 1957/505/1957 1951/500/1951
f  1944/490/1944 1946/493/1946 1958/506/1958 1957/505/1957
f  1951/500/1951 1957/505/1957 1959/507/1959 1953/502/1953
f  1957/505/1957 1958/506/1958 1960/508/1960 1959/507/1959
f  1961/509/1961 1962/512/1962 1963/511/1963 1964/510/1964
f  1962/512/1962 1819/368/1819 1827/375/1827 1963/511/1963
f  1964/510/1964 1963/511/1963 1965/514/1965 1966/513/1966
f  1963/511/1963 1827/375/1827 1828/376/1828 1965/514/1965
f  1961/509/1961 1967/516/1967 1968/515/1968 1962/512/1962
f  1967/516/1967 1969/518/1969 1970/517/1970 1968/515/1968
f  1962/512/1962 1968/515/1968 1820/367/1820 1819/368/1819
f  1968/515/1968 1970/517/1970 1822/370/1822 1820/367/1820
f  1961/509/1961 1971/520/1971 1972/519/1972 1967/516/1967
f  1971/520/1971 1973/522/1973 1974/521/1974 1972/519/1972
f  1967/516/1967 1972/519/1972 1975/523/1975 1969/518/1969
f  1972/519/1972 1974/521/1974 1976/524/1976 1975/523/1975
f  1961/509/1961 1964/510/1964 1977/525/1977 1971/520/1971
f  1964/510/1964 1966/513/1966 1978/526/1978 1977/525/1977
f  1971/520/1971 1977/525/1977 1979/527/1979 1973/522/1973
f  1977/525/1977 1978/526/1978 1980/528/1980 1979/527/1979
f  1981/529/1981 1982/532/1982 1983/531/1983 1984/530/1984
f  1982/532/1982 1839/388/1839 1845/393/1845 1983/531/1983
f  1984/530/1984 1983/531/1983 1985/534/1985 1986/533/1986
f  1983/531/1983 1845/393/1845 1846/394/1846 1985/534/1985
f  1981/529/1981 1987/536/1987 1988/535/1988 1982/532/1982
f  1987/536/1987 1946/493/1946 1945/494/1945 1988/535/1988
f  1982/532/1982 1988/535/1988 1840/387/1840 1839/388/1839
f  1988/535/1988 1945/494/1945 1806/354/1806 1840/387/1840
f  1981/529/1981 1989/538/1989 1990/537/1990 1987/536/1987
f  1989/538/1989 1991/540/1991 1992/539/1992 1990/537/1990
f  1987/536/1987 1990/537/1990 1958/506/1958 1946/493/1946
f  1990/537/1990 1992/539/1992 1960/508/1960 1958/506/1958
f  1981/529/1981 1984/530/1984 1993/541/1993 1989/538/1989
f  1984/530/1984 1986/533/1986 1994/542/1994 1993/541/1993
f  1989/538/1989 1993/541/1993 1995/543/1995 1991/540/1991
f  1993/541/1993 1994/542/1994 1996/544/1996 1995/543/1995
f  1997/545/1997 1998/548/1998 1999/547/1999 2000/546/2000
f  1998/548/1998 2001/550/2001 2002/549/2002 1999/547/1999
f  2000/546/2000 1999/547/1999 1900/447/1900 1899/448/1899
f  1999/547/1999 2002/549/2002 1890/438/1890 1900/447/1900
f  1997/545/1997 2003/552/2003 2004/551/2004 1998/548/1998
f  2003/552/2003 1921/470/1921 1929/477/1929 2004/551/2004
f  1998/548/1998 2004/551/2004 2005/553/2005 2001/550/2001
f  2004/551/2004 1929/477/1929 1930/478/1930 2005/553/2005
f  1997/545/1997 2006/555/2006 2007/554/2007 2003/552/2003
f  2006/555/2006 1853/402/1853 1859/407/1859 2007/554/2007
f  2003/552/2003 2007/554/2007 1922/469/1922 1921/470/1921
f  2007/554/2007 1859/407/1859 1860/408/1860 1922/469/1922
f  1997/545/1997 2000/546/2000 2008/556/2008 2006/555/2006
f  2000/546/2000 1899/448/1899 1903/451/1903 2008/556/2008
f  2006/555/2006 2008/556/2008 1854/401/1854 1853/402/1853
f  2008/556/2008 1903/451/1903 1756/295/1756 1854/401/1854
f  2009/557/2009 2010/560/2010 2011/559/2011 2012/558/2012
f  2010/560/2010 1843/392/1843 1848/396/1848 2011/559/2011
f  2012/558/2012 2011/559/2011 1884/431/1884 1883/432/1883
f  2011/559/2011 1848/396/1848 1708/240/1708 1884/431/1884
f  2009/557/2009 2013/562/2013 2014/561/2014 2010/560/2010
f  2013/562/2013 2015/564/2015 2016/563/2016 2014/561/2014
f  2010/560/2010 2014/561/2014 1844/391/1844 1843/392/1843
f  2014/561/2014 2016/563/2016 1846/394/1846 1844/391/1844
f  2009/557/2009 2017/566/2017 2018/565/2018 2013/562/2013
f  2017/566/2017 2001/550/2001 2005/553/2005 2018/565/2018
f  2013/562/2013 2018/565/2018 2019/567/2019 2015/564/2015
f  2018/565/2018 2005/553/2005 1930/478/1930 2019/567/2019
f  2009/557/2009 2012/558/2012 2020/568/2020 2017/566/2017
f  2012/558/2012 1883/432/1883 1889/437/1889 2020/568/2020
f  2017/566/2017 2020/568/2020 2002/549/2002 2001/550/2001
f  2020/568/2020 1889/437/1889 1890/438/1890 2002/549/2002
f  2021/569/2021 2022/572/2022 2023/571/2023 2024/570/2024
f  2022/572/2022 1825/374/1825 1831/379/1831 2023/571/2023
f  2024/570/2024 2023/571/2023 1912/459/1912 1911/460/1911
f  2023/571/2023 1831/379/1831 1832/380/1832 1912/459/1912
f  2021/569/2021 2025/574/2025 2026/573/2026 2022/572/2022
f  2025/574/2025 2027/576/2027 2028/575/2028 2026/573/2026
f  2022/572/2022 2026/573/2026 1826/373/1826 1825/374/1825
f  2026/573/2026 2028/575/2028 1828/376/1828 1826/373/1826
f  2021/569/2021 2029/578/2029 2030/577/2030 2025/574/2025
f  2029/578/2029 2031/580/2031 2032/579/2032 2030/577/2030
f  2025/574/2025 2030/577/2030 2033/581/2033 2027/576/2027
f  2030/577/2030 2032/579/2032 2034/582/2034 2033/581/2033
f  2021/569/2021 2024/570/2024 2035/583/2035 2029/578/2029
f  2024/570/2024 1911/460/1911 1915/463/1915 2035/583/2035
f  2029/578/2029 2035/583/2035 2036/584/2036 2031/580/2031
f  2035/583/2035 1915/463/1915 1724/256/1724 2036/584/2036
f  2037/585/2037 2038/588/2038 2039/587/2039 2040/586/2040
f  2038/588/2038 2031/580/2031 2036/584/2036 2039/587/2039
f  2040/586/2040 2039/587/2039 1722/253/1722 1721/254/1721
f  2039/587/2039 2036/584/2036 1724/256/1724 1722/253/1722
f  2037/585/2037 2041/590/2041 2042/589/2042 2038/588/2038
f  2041/590/2041 2043/592/2043 2044/591/2044 2042/589/2042
f  2038/588/2038 2042/589/2042 2032/579/2032 2031/580/2031
f  2042/589/2042 2044/591/2044 2034/582/2034 2032/579/2032
f  2037/585/2037 2045/594/2045 2046/593/2046 2041/590/2041
f  2045/594/2045 1793/596/1793 1799/595/1799 2046/593/2046
f  2041/590/2041 2046/593/2046 2047/597/2047 2043/592/2043
f  2046/593/2046 1799/595/1799 1800/598/1800 2047/597/2047
f  2037/585/2037 2040/586/2040 2048/599/2048 2045/594/2045
f  2040/586/2040 1721/254/1721 1727/261/1727 2048/599/2048
f  2045/594/2045 2048/599/2048 1794/600/1794 1793/596/1793
f  2048/599/2048 1727/261/1727 1665/262/1665 1794/600/1794
f  2049/601/2049 2050/604/2050 2051/603/2051 2052/602/2052
f  2050/604/2050 1973/522/1973 1979/527/1979 2051/603/2051
f  2052/602/2052 2051/603/2051 2053/606/2053 2054/605/2054
f  2051/603/2051 1979/527/1979 1980/528/1980 2053/606/2053
f  2049/601/2049 2055/608/2055 2056/607/2056 2050/604/2050
f  2055/608/2055 2057/610/2057 2058/609/2058 2056/607/2056
f  2050/604/2050 2056/607/2056 1974/521/1974 1973/522/1973
f  2056/607/2056 2058/609/2058 1976/524/1976 1974/521/1974
f  2049/601/2049 2059/612/2059 2060/611/2060 2055/608/2055
f  2059/612/2059 2061/614/2061 2062/613/2062 2060/611/2060
f  2055/608/2055 2060/611/2060 2063/615/2063 2057/610/2057
f  2060/611/2060 2062/613/2062 2064/616/2064 2063/615/2063
f  2049/601/2049 2052/602/2052 2065/617/2065 2059/612/2059
f  2052/602/2052 2054/605/2054 2066/618/2066 2065/617/2065
f  2059/612/2059 2065/617/2065 2067/619/2067 2061/614/2061
f  2065/617/2065 2066/618/2066 2068/620/2068 2067/619/2067
f  2069/621/2069 2070/624/2070 2071/623/2071 2072/622/2072
f  2070/624/2070 1991/540/1991 1995/543/1995 2071/623/2071
f  2072/622/2072 2071/623/2071 2073/626/2073 2074/625/2074
f  2071/623/2071 1995/543/1995 1996/544/1996 2073/626/2073
f  2069/621/2069 2075/628/2075 2076/627/2076 2070/624/2070
f  2075/628/2075 2077/630/2077 2078/629/2078 2076/627/2076
f  2070/624/2070 2076/627/2076 1992/539/1992 1991/540/1991
f  2076/627/2076 2078/629/2078 1960/508/1960 1992/539/1992
f  2069/621/2069 2079/632/2079 2080/631/2080 2075/628/2075
f  2079/632/2079 2081/634/2081 2082/633/2082 2080/631/2080
f  2075/628/2075 2080/631/2080 2083/635/2083 2077/630/2077
f  2080/631/2080 2082/633/2082 2084/636/2084 2083/635/2083
f  2069/621/2069 2072/622/2072 2085/637/2085 2079/632/2079
f  2072/622/2072 2074/625/2074 2086/638/2086 2085/637/2085
f  2079/632/2079 2085/637/2085 2087/639/2087 2081/634/2081
f  2085/637/2085 2086/638/2086 2088/640/2088 2087/639/2087
f  2089/641/2089 2090/644/2090 2091/643/2091 2092/642/2092
f  2090/644/2090 2093/646/2093 2094/645/2094 2091/643/2091
f  2092/642/2092 2091/643/2091 2058/609/2058 2057/610/2057
f  2091/643/2091 2094/645/2094 1976/524/1976 2058/609/2058
f  2089/641/2089 2095/648/2095 2096/647/2096 2090/644/2090
f  2095/648/2095 2097/650/2097 2098/649/2098 2096/647/2096
f  2090/644/2090 2096/647/2096 2099/651/2099 2093/646/2093
f  2096/647/2096 2098/649/2098 1940/488/1940 2099/651/2099
f  2089/641/2089 2100/653/2100 2101/652/2101 2095/648/2095
f  2100/653/2100 2102/655/2102 2103/654/2103 2101/652/2101
f  2095/648/2095 2101/652/2101 2104/656/2104 2097/650/2097
f  2101/652/2101 2103/654/2103 2105/657/2105 2104/656/2104
f  2089/641/2089 2092/642/2092 2106/658/2106 2100/653/2100
f  2092/642/2092 2057/610/2057 2063/615/2063 2106/658/2106
f  2100/653/2100 2106/658/2106 2107/659/2107 2102/655/2102
f  2106/658/2106 2063/615/2063 2064/616/2064 2107/659/2107
f  2108/660/2108 2109/663/2109 2110/662/2110 2111/661/2111
f  2109/663/2109 2112/665/2112 2113/664/2113 2110/662/2110
f  2111/661/2111 2110/662/2110 2114/667/2114 2115/666/2115
f  2110/662/2110 2113/664/2113 1956/668/1956 2114/667/2114
f  2108/660/2108 2116/670/2116 2117/669/2117 2109/663/2109
f  2116/670/2116 2118/672/2118 2119/671/2119 2117/669/2117
f  2109/663/2109 2117/669/2117 2120/673/2120 2112/665/2112
f  2117/669/2117 2119/671/2119 2121/674/2121 2120/673/2120
f  2108/660/2108 2122/676/2122 2123/675/2123 2116/670/2116
f  2122/676/2122 2124/678/2124 2125/677/2125 2123/675/2123
f  2116/670/2116 2123/675/2123 2126/679/2126 2118/672/2118
f  2123/675/2123 2125/677/2125 2127/680/2127 2126/679/2126
f  2108/660/2108 2111/661/2111 2128/681/2128 2122/676/2122
f  2111/661/2111 2115/666/2115 2129/682/2129 2128/681/2128
f  2122/676/2122 2128/681/2128 2130/683/2130 2124/678/2124
f  2128/681/2128 2129/682/2129 2131/684/2131 2130/683/2130
f  2132/685/2132 2133/688/2133 2134/687/2134 2135/686/2135
f  2133/688/2133 2015/564/2015 2019/567/2019 2134/687/2134
f  2135/686/2135 2134/687/2134 1928/475/1928 1927/476/1927
f  2134/687/2134 2019/567/2019 1930/478/1930 1928/475/1928
f  2132/685/2132 2136/690/2136 2137/689/2137 2133/688/2133
f  2136/690/2136 1986/533/1986 1985/534/1985 2137/689/2137
f  2133/688/2133 2137/689/2137 2016/563/2016 2015/564/2015
f  2137/689/2137 1985/534/1985 1846/394/1846 2016/563/2016
f  2132/685/2132 2138/692/2138 2139/691/2139 2136/690/2136
f  2138/692/2138 2140/694/2140 2141/693/2141 2139/691/2139
f  2136/690/2136 2139/691/2139 1994/542/1994 1986/533/1986
f  2139/691/2139 2141/693/2141 1996/544/1996 1994/542/1994
f  2132/685/2132 2135/686/2135 2142/695/2142 2138/692/2138
f  2135/686/2135 1927/476/1927 1935/483/1935 2142/695/2142
f  2138/692/2138 2142/695/2142 2143/696/2143 2140/694/2140
f  2142/695/2142 1935/483/1935 1936/484/1936 2143/696/2143
f  2144/697/2144 2145/700/2145 2146/699/2146 2147/698/2147
f  2145/700/2145 2027/576/2027 2033/581/2033 2146/699/2146
f  2147/698/2147 2146/699/2146 2148/702/2148 2149/701/2149
f  2146/699/2146 2033/581/2033 2034/582/2034 2148/702/2148
f  2144/697/2144 2150/704/2150 2151/703/2151 2145/700/2145
f  2150/704/2150 1966/513/1966 1965/514/1965 2151/703/2151
f  2145/700/2145 2151/703/2151 2028/575/2028 2027/576/2027
f  2151/703/2151 1965/514/1965 1828/376/1828 2028/575/2028
f  2144/697/2144 2152/706/2152 2153/705/2153 2150/704/2150
f  2152/706/2152 2154/708/2154 2155/707/2155 2153/705/2153
f  2150/704/2150 2153/705/2153 1978/526/1978 1966/513/1966
f  2153/705/2153 2155/707/2155 1980/528/1980 1978/526/1978
f  2144/697/2144 2147/698/2147 2156/709/2156 2152/706/2152
f  2147/698/2147 2149/701/2149 2157/710/2157 2156/709/2156
f  2152/706/2152 2156/709/2156 2158/711/2158 2154/708/2154
f  2156/709/2156 2157/710/2157 2121/674/2121 2158/711/2158
f  2159/712/2159 2160/715/2160 2161/714/2161 2162/713/2162
f  2160/715/2160 2043/592/2043 2047/597/2047 2161/714/2161
f  2162/713/2162 2161/714/2161 1950/717/1950 1949/716/1949
f  2161/714/2161 2047/597/2047 1800/598/1800 1950/717/1950
f  2159/712/2159 2163/719/2163 2164/718/2164 2160/715/2160
f  2163/719/2163 2149/701/2149 2148/702/2148 2164/718/2164
f  2160/715/2160 2164/718/2164 2044/591/2044 2043/592/2043
f  2164/718/2164 2148/702/2148 2034/582/2034 2044/591/2044
f  2159/712/2159 2165/721/2165 2166/720/2166 2163/719/2163
f  2165/721/2165 2112/665/2112 2120/673/2120 2166/720/2166
f  2163/719/2163 2166/720/2166 2157/710/2157 2149/701/2149
f  2166/720/2166 2120/673/2120 2121/674/2121 2157/710/2157
f  2159/712/2159 2162/713/2162 2167/722/2167 2165/721/2165
f  2162/713/2162 1949/716/1949 1955/723/1955 2167/722/2167
f  2165/721/2165 2167/722/2167 2113/664/2113 2112/665/2112
f  2167/722/2167 1955/723/1955 1956/668/1956 2113/664/2113
f  2168/724/2168 2169/727/2169 2170/726/2170 2171/725/2171
f  2169/727/2169 1857/406/1857 1863/411/1863 2170/726/2170
f  2171/725/2171 2170/726/2170 1970/517/1970 1969/518/1969
f  2170/726/2170 1863/411/1863 1822/370/1822 1970/517/1970
f  2168/724/2168 2172/729/2172 2173/728/2173 2169/727/2169
f  2172/729/2172 1924/471/1924 1923/472/1923 2173/728/2173
f  2169/727/2169 2173/728/2173 1858/405/1858 1857/406/1857
f  2173/728/2173 1923/472/1923 1860/408/1860 1858/405/1858
f  2168/724/2168 2174/731/2174 2175/730/2175 2172/729/2172
f  2174/731/2174 2093/646/2093 2099/651/2099 2175/730/2175
f  2172/729/2172 2175/730/2175 1938/486/1938 1924/471/1924
f  2175/730/2175 2099/651/2099 1940/488/1940 1938/486/1938
f  2168/724/2168 2171/725/2171 2176/732/2176 2174/731/2174
f  2171/725/2171 1969/518/1969 1975/523/1975 2176/732/2176
f  2174/731/2174 2176/732/2176 2094/645/2094 2093/646/2093
f  2176/732/2176 1975/523/1975 1976/524/1976 2094/645/2094
f  2177/733/2177 2178/736/2178 2179/735/2179 2180/734/2180
f  2178/736/2178 2124/678/2124 2130/683/2130 2179/735/2179
f  2180/734/2180 2179/735/2179 2181/738/2181 2182/737/2182
f  2179/735/2179 2130/683/2130 2131/684/2131 2181/738/2181
f  2177/733/2177 2183/740/2183 2184/739/2184 2178/736/2178
f  2183/740/2183 2185/742/2185 2186/741/2186 2184/739/2184
f  2178/736/2178 2184/739/2184 2125/677/2125 2124/678/2124
f  2184/739/2184 2186/741/2186 2127/680/2127 2125/677/2125
f  2177/733/2177 2187/744/2187 2188/743/2188 2183/740/2183
f  2187/744/2187 2189/746/2189 2190/745/2190 2188/743/2188
f  2183/740/2183 2188/743/2188 2191/747/2191 2185/742/2185
f  2188/743/2188 2190/745/2190 2192/748/2192 2191/747/2191
f  2177/733/2177 2180/734/2180 2193/749/2193 2187/744/2187
f  2180/734/2180 2182/737/2182 2194/750/2194 2193/749/2193
f  2187/744/2187 2193/749/2193 2195/751/2195 2189/746/2189
f  2193/749/2193 2194/750/2194 2196/752/2196 2195/751/2195
f  2197/753/2197 2198/756/2198 2199/755/2199 2200/754/2200
f  2198/756/2198 2201/758/2201 2202/757/2202 2199/755/2199
f  2200/754/2200 2199/755/2199 2186/741/2186 2185/742/2185
f  2199/755/2199 2202/757/2202 2127/680/2127 2186/741/2186
f  2197/753/2197 2203/760/2203 2204/759/2204 2198/756/2198
f  2203/760/2203 2205/762/2205 2206/761/2206 2204/759/2204
f  2198/756/2198 2204/759/2204 2207/763/2207 2201/758/2201
f  2204/759/2204 2206/761/2206 2068/620/2068 2207/763/2207
f  2197/753/2197 2208/765/2208 2209/764/2209 2203/760/2203
f  2208/765/2208 2210/767/2210 2211/766/2211 2209/764/2209
f  2203/760/2203 2209/764/2209 2212/768/2212 2205/762/2205
f  2209/764/2209 2211/766/2211 2213/769/2213 2212/768/2212
f  2197/753/2197 2200/754/2200 2214/770/2214 2208/765/2208
f  2200/754/2200 2185/742/2185 2191/747/2191 2214/770/2214
f  2208/765/2208 2214/770/2214 2215/771/2215 2210/767/2210
f  2214/770/2214 2191/747/2191 2192/748/2192 2215/771/2215
f  2216/772/2216 2217/775/2217 2218/774/2218 2219/773/2219
f  2217/775/2217 2220/777/2220 2221/776/2221 2218/774/2218
f  2219/773/2219 2218/774/2218 2222/779/2222 2223/778/2223
f  2218/774/2218 2221/776/2221 2224/780/2224 2222/779/2222
f  2216/772/2216 2225/782/2225 2226/781/2226 2217/775/2217
f  2225/782/2225 2227/784/2227 2228/783/2228 2226/781/2226
f  2217/775/2217 2226/781/2226 2229/785/2229 2220/777/2220
f  2226/781/2226 2228/783/2228 2088/640/2088 2229/785/2229
f  2216/772/2216 2230/787/2230 2231/786/2231 2225/782/2225
f  2230/787/2230 2232/789/2232 2233/788/2233 2231/786/2231
f  2225/782/2225 2231/786/2231 2234/790/2234 2227/784/2227
f  2231/786/2231 2233/788/2233 2235/791/2235 2234/790/2234
f  2216/772/2216 2219/773/2219 2236/792/2236 2230/787/2230
f  2219/773/2219 2223/778/2223 2237/793/2237 2236/792/2236
f  2230/787/2230 2236/792/2236 2238/794/2238 2232/789/2232
f  2236/792/2236 2237/793/2237 2239/795/2239 2238/794/2238
f  2240/796/2240 2241/799/2241 2242/798/2242 2243/797/2243
f  2241/799/2241 2244/801/2244 2245/800/2245 2242/798/2242
f  2243/797/2243 2242/798/2242 2246/803/2246 2247/802/2247
f  2242/798/2242 2245/800/2245 2105/657/2105 2246/803/2246
f  2240/796/2240 2248/805/2248 2249/804/2249 2241/799/2241
f  2248/805/2248 2223/778/2223 2222/779/2222 2249/804/2249
f  2241/799/2241 2249/804/2249 2250/806/2250 2244/801/2244
f  2249/804/2249 2222/779/2222 2224/780/2224 2250/806/2250
f  2240/796/2240 2251/808/2251 2252/807/2252 2248/805/2248
f  2251/808/2251 2253/810/2253 2254/809/2254 2252/807/2252
f  2248/805/2248 2252/807/2252 2237/793/2237 2223/778/2223
f  2252/807/2252 2254/809/2254 2239/795/2239 2237/793/2237
f  2240/796/2240 2243/797/2243 2255/811/2255 2251/808/2251
f  2243/797/2243 2247/802/2247 2256/812/2256 2255/811/2255
f  2251/808/2251 2255/811/2255 2257/813/2257 2253/810/2253
f  2255/811/2255 2256/812/2256 2258/814/2258 2257/813/2257
f  2259/815/2259 2260/818/2260 2261/817/2261 2262/816/2262
f  2260/818/2260 1953/502/1953 1959/507/1959 2261/817/2261
f  2262/816/2262 2261/817/2261 2078/629/2078 2077/630/2077
f  2261/817/2261 1959/507/1959 1960/508/1960 2078/629/2078
f  2259/815/2259 2263/820/2263 2264/819/2264 2260/818/2260
f  2263/820/2263 2115/822/2115 2114/821/2114 2264/819/2264
f  2260/818/2260 2264/819/2264 1954/501/1954 1953/502/1953
f  2264/819/2264 2114/821/2114 1956/504/1956 1954/501/1954
f  2259/815/2259 2265/824/2265 2266/823/2266 2263/820/2263
f  2265/824/2265 2267/826/2267 2268/825/2268 2266/823/2266
f  2263/820/2263 2266/823/2266 2129/827/2129 2115/822/2115
f  2266/823/2266 2268/825/2268 2131/828/2131 2129/827/2129
f  2259/815/2259 2262/816/2262 2269/829/2269 2265/824/2265
f  2262/816/2262 2077/630/2077 2083/635/2083 2269/829/2269
f  2265/824/2265 2269/829/2269 2270/830/2270 2267/826/2267
f  2269/829/2269 2083/635/2083 2084/636/2084 2270/830/2270
f  2271/831/2271 2272/834/2272 2273/833/2273 2274/832/2274
f  2272/834/2272 1933/482/1933 1939/487/1939 2273/833/2273
f  2274/832/2274 2273/833/2273 2098/649/2098 2097/650/2097
f  2273/833/2273 1939/487/1939 1940/488/1940 2098/649/2098
f  2271/831/2271 2275/836/2275 2276/835/2276 2272/834/2272
f  2275/836/2275 2277/838/2277 2278/837/2278 2276/835/2276
f  2272/834/2272 2276/835/2276 1934/481/1934 1933/482/1933
f  2276/835/2276 2278/837/2278 1936/484/1936 1934/481/1934
f  2271/831/2271 2279/840/2279 2280/839/2280 2275/836/2275
f  2279/840/2279 2244/801/2244 2250/806/2250 2280/839/2280
f  2275/836/2275 2280/839/2280 2281/841/2281 2277/838/2277
f  2280/839/2280 2250/806/2250 2224/780/2224 2281/841/2281
f  2271/831/2271 2274/832/2274 2282/842/2282 2279/840/2279
f  2274/832/2274 2097/650/2097 2104/656/2104 2282/842/2282
f  2279/840/2279 2282/842/2282 2245/800/2245 2244/801/2244
f  2282/842/2282 2104/656/2104 2105/657/2105 2245/800/2245
f  2283/843/2283 2284/846/2284 2285/845/2285 2286/844/2286
f  2284/846/2284 2140/694/2140 2143/696/2143 2285/845/2285
f  2286/844/2286 2285/845/2285 2278/837/2278 2277/838/2277
f  2285/845/2285 2143/696/2143 1936/484/1936 2278/837/2278
f  2283/843/2283 2287/848/2287 2288/847/2288 2284/846/2284
f  2287/848/2287 2074/625/2074 2073/626/2073 2288/847/2288
f  2284/846/2284 2288/847/2288 2141/693/2141 2140/694/2140
f  2288/847/2288 2073/626/2073 1996/544/1996 2141/693/2141
f  2283/843/2283 2289/850/2289 2290/849/2290 2287/848/2287
f  2289/850/2289 2220/777/2220 2229/785/2229 2290/849/2290
f  2287/848/2287 2290/849/2290 2086/638/2086 2074/625/2074
f  2290/849/2290 2229/785/2229 2088/640/2088 2086/638/2086
f  2283/843/2283 2286/844/2286 2291/851/2291 2289/850/2289
f  2286/844/2286 2277/838/2277 2281/841/2281 2291/851/2291
f  2289/850/2289 2291/851/2291 2221/776/2221 2220/777/2220
f  2291/851/2291 2281/841/2281 2224/780/2224 2221/776/2221
f  2292/852/2292 2293/855/2293 2294/854/2294 2295/853/2295
f  2293/855/2293 2154/708/2154 2158/711/2158 2294/854/2294
f  2295/853/2295 2294/854/2294 2119/671/2119 2118/672/2118
f  2294/854/2294 2158/711/2158 2121/674/2121 2119/671/2119
f  2292/852/2292 2296/857/2296 2297/856/2297 2293/855/2293
f  2296/857/2296 2054/605/2054 2053/606/2053 2297/856/2297
f  2293/855/2293 2297/856/2297 2155/707/2155 2154/708/2154
f  2297/856/2297 2053/606/2053 1980/528/1980 2155/707/2155
f  2292/852/2292 2298/859/2298 2299/858/2299 2296/857/2296
f  2298/859/2298 2201/758/2201 2207/763/2207 2299/858/2299
f  2296/857/2296 2299/858/2299 2066/618/2066 2054/605/2054
f  2299/858/2299 2207/763/2207 2068/620/2068 2066/618/2066
f  2292/852/2292 2295/853/2295 2300/860/2300 2298/859/2298
f  2295/853/2295 2118/672/2118 2126/679/2126 2300/860/2300
f  2298/859/2298 2300/860/2300 2202/757/2202 2201/758/2201
f  2300/860/2300 2126/679/2126 2127/680/2127 2202/757/2202
f  2301/861/2301 2302/864/2302 2303/863/2303 2304/862/2304
f  2302/864/2302 2253/810/2253 2257/813/2257 2303/863/2303
f  2304/862/2304 2303/863/2303 2305/866/2305 2306/865/2306
f  2303/863/2303 2257/813/2257 2258/814/2258 2305/866/2305
f  2301/861/2301 2307/868/2307 2308/867/2308 2302/864/2302
f  2307/868/2307 2309/870/2309 2310/869/2310 2308/867/2308
f  2302/864/2302 2308/867/2308 2254/809/2254 2253/810/2253
f  2308/867/2308 2310/869/2310 2239/795/2239 2254/809/2254
f  2301/861/2301 2311/872/2311 2312/871/2312 2307/868/2307
f  2311/872/2311 2313/874/2313 2314/873/2314 2312/871/2312
f  2307/868/2307 2312/871/2312 2315/875/2315 2309/870/2309
f  2312/871/2312 2314/873/2314 2316/876/2316 2315/875/2315
f  2301/861/2301 2304/862/2304 2317/877/2317 2311/872/2311
f  2304/862/2304 2306/865/2306 2318/878/2318 2317/877/2317
f  2311/872/2311 2317/877/2317 2319/879/2319 2313/874/2313
f  2317/877/2317 2318/878/2318 2320/880/2320 2319/879/2319
f  2321/881/2321 2322/884/2322 2323/883/2323 2324/882/2324
f  2322/884/2322 2325/886/2325 2326/885/2326 2323/883/2323
f  2324/882/2324 2323/883/2323 2327/888/2327 2328/887/2328
f  2323/883/2323 2326/885/2326 2329/889/2329 2327/888/2327
f  2321/881/2321 2330/891/2330 2331/890/2331 2322/884/2322
f  2330/891/2330 2332/893/2332 2333/892/2333 2331/890/2331
f  2322/884/2322 2331/890/2331 2334/894/2334 2325/886/2325
f  2331/890/2331 2333/892/2333 2196/895/2196 2334/894/2334
f  2321/896/2321 2335/899/2335 2336/898/2336 2330/897/2330
f  2335/899/2335 2337/901/2337 2338/900/2338 2336/898/2336
f  2330/897/2330 2336/898/2336 2339/903/2339 2332/902/2332
f  2336/898/2336 2338/900/2338 2340/904/2340 2339/903/2339
f  2321/896/2321 2324/906/2324 2341/905/2341 2335/899/2335
f  2324/906/2324 2328/908/2328 2342/907/2342 2341/905/2341
f  2335/899/2335 2341/905/2341 2343/909/2343 2337/901/2337
f  2341/905/2341 2342/907/2342 2344/910/2344 2343/909/2343
f  2345/911/2345 2346/914/2346 2347/913/2347 2348/912/2348
f  2346/914/2346 2349/916/2349 2350/915/2350 2347/913/2347
f  2348/912/2348 2347/913/2347 2351/918/2351 2352/917/2352
f  2347/913/2347 2350/915/2350 2213/769/2213 2351/918/2351
f  2345/911/2345 2353/920/2353 2354/919/2354 2346/914/2346
f  2353/920/2353 2355/922/2355 2356/921/2356 2354/919/2354
f  2346/914/2346 2354/919/2354 2357/923/2357 2349/916/2349
f  2354/919/2354 2356/921/2356 2358/924/2358 2357/923/2357
f  2345/911/2345 2359/926/2359 2360/925/2360 2353/920/2353
f  2359/926/2359 2361/928/2361 2362/927/2362 2360/925/2360
f  2353/920/2353 2360/925/2360 2363/929/2363 2355/922/2355
f  2360/925/2360 2362/927/2362 2364/930/2364 2363/929/2363
f  2345/911/2345 2348/912/2348 2365/931/2365 2359/926/2359
f  2348/912/2348 2352/917/2352 2366/932/2366 2365/931/2365
f  2359/926/2359 2365/931/2365 2367/933/2367 2361/928/2361
f  2365/931/2365 2366/932/2366 2368/934/2368 2367/933/2367
f  2369/935/2369 2370/938/2370 2371/937/2371 2372/936/2372
f  2370/938/2370 2328/887/2328 2327/888/2327 2371/937/2371
f  2372/936/2372 2371/937/2371 2373/940/2373 2374/939/2374
f  2371/937/2371 2327/888/2327 2329/889/2329 2373/940/2373
f  2369/941/2369 2375/944/2375 2376/943/2376 2370/942/2370
f  2375/944/2375 2377/946/2377 2378/945/2378 2376/943/2376
f  2370/942/2370 2376/943/2376 2342/907/2342 2328/908/2328
f  2376/943/2376 2378/945/2378 2344/910/2344 2342/907/2342
f  2369/941/2369 2379/948/2379 2380/947/2380 2375/944/2375
f  2379/948/2379 2381/950/2381 2382/949/2382 2380/947/2380
f  2375/944/2375 2380/947/2380 2383/951/2383 2377/946/2377
f  2380/947/2380 2382/949/2382 2384/952/2384 2383/951/2383
f  2369/935/2369 2372/936/2372 2385/954/2385 2379/953/2379
f  2372/936/2372 2374/939/2374 2386/955/2386 2385/954/2385
f  2379/953/2379 2385/954/2385 2387/957/2387 2381/956/2381
f  2385/954/2385 2386/955/2386 2388/958/2388 2387/957/2387
f  2389/959/2389 2390/962/2390 2391/961/2391 2392/960/2392
f  2390/962/2390 2102/655/2102 2107/659/2107 2391/961/2391
f  2392/960/2392 2391/961/2391 2393/964/2393 2394/963/2394
f  2391/961/2391 2107/659/2107 2064/616/2064 2393/964/2393
f  2389/959/2389 2395/966/2395 2396/965/2396 2390/962/2390
f  2395/966/2395 2247/802/2247 2246/803/2246 2396/965/2396
f  2390/962/2390 2396/965/2396 2103/654/2103 2102/655/2102
f  2396/965/2396 2246/803/2246 2105/657/2105 2103/654/2103
f  2389/959/2389 2397/968/2397 2398/967/2398 2395/966/2395
f  2397/968/2397 2399/970/2399 2400/969/2400 2398/967/2398
f  2395/966/2395 2398/967/2398 2256/812/2256 2247/802/2247
f  2398/967/2398 2400/969/2400 2258/814/2258 2256/812/2256
f  2389/959/2389 2392/960/2392 2401/971/2401 2397/968/2397
f  2392/960/2392 2394/963/2394 2402/972/2402 2401/971/2401
f  2397/968/2397 2401/971/2401 2403/973/2403 2399/970/2399
f  2401/971/2401 2402/972/2402 2358/924/2358 2403/973/2403
f  2404/974/2404 2405/977/2405 2406/976/2406 2407/975/2407
f  2405/977/2405 2081/634/2081 2087/639/2087 2406/976/2406
f  2407/975/2407 2406/976/2406 2228/783/2228 2227/784/2227
f  2406/976/2406 2087/639/2087 2088/640/2088 2228/783/2228
f  2404/974/2404 2408/979/2408 2409/978/2409 2405/977/2405
f  2408/979/2408 2410/981/2410 2411/980/2411 2409/978/2409
f  2405/977/2405 2409/978/2409 2082/633/2082 2081/634/2081
f  2409/978/2409 2411/980/2411 2084/636/2084 2082/633/2082
f  2404/974/2404 2412/983/2412 2413/982/2413 2408/979/2408
f  2412/983/2412 2414/985/2414 2415/984/2415 2413/982/2413
f  2408/979/2408 2413/982/2413 2416/986/2416 2410/981/2410
f  2413/982/2413 2415/984/2415 2329/889/2329 2416/986/2416
f  2404/974/2404 2407/975/2407 2417/987/2417 2412/983/2412
f  2407/975/2407 2227/784/2227 2234/790/2234 2417/987/2417
f  2412/983/2412 2417/987/2417 2418/988/2418 2414/985/2414
f  2417/987/2417 2234/790/2234 2235/791/2235 2418/988/2418
f  2419/989/2419 2420/992/2420 2421/991/2421 2422/990/2422
f  2420/992/2420 2061/614/2061 2067/619/2067 2421/991/2421
f  2422/990/2422 2421/991/2421 2206/761/2206 2205/762/2205
f  2421/991/2421 2067/619/2067 2068/620/2068 2206/761/2206
f  2419/989/2419 2423/994/2423 2424/993/2424 2420/992/2420
f  2423/994/2423 2394/963/2394 2393/964/2393 2424/993/2424
f  2420/992/2420 2424/993/2424 2062/613/2062 2061/614/2061
f  2424/993/2424 2393/964/2393 2064/616/2064 2062/613/2062
f  2419/989/2419 2425/996/2425 2426/995/2426 2423/994/2423
f  2425/996/2425 2349/916/2349 2357/923/2357 2426/995/2426
f  2423/994/2423 2426/995/2426 2402/972/2402 2394/963/2394
f  2426/995/2426 2357/923/2357 2358/924/2358 2402/972/2402
f  2419/989/2419 2422/990/2422 2427/997/2427 2425/996/2425
f  2422/990/2422 2205/762/2205 2212/768/2212 2427/997/2427
f  2425/996/2425 2427/997/2427 2350/915/2350 2349/916/2349
f  2427/997/2427 2212/768/2212 2213/769/2213 2350/915/2350
f  2428/998/2428 2429/1001/2429 2430/1000/2430 2431/999/2431
f  2429/1001/2429 2267/826/2267 2270/830/2270 2430/1000/2430
f  2431/999/2431 2430/1000/2430 2411/980/2411 2410/981/2410
f  2430/1000/2430 2270/830/2270 2084/636/2084 2411/980/2411
f  2428/998/2428 2432/1003/2432 2433/1002/2433 2429/1001/2429
f  2432/1003/2432 2182/1005/2182 2181/1004/2181 2433/1002/2433
f  2429/1001/2429 2433/1002/2433 2268/825/2268 2267/826/2267
f  2433/1002/2433 2181/1004/2181 2131/828/2131 2268/825/2268
f  2428/998/2428 2434/1007/2434 2435/1006/2435 2432/1003/2432
f  2434/1007/2434 2325/886/2325 2334/894/2334 2435/1006/2435
f  2432/1003/2432 2435/1006/2435 2194/1008/2194 2182/1005/2182
f  2435/1006/2435 2334/894/2334 2196/895/2196 2194/1008/2194
f  2428/998/2428 2431/999/2431 2436/1009/2436 2434/1007/2434
f  2431/999/2431 2410/981/2410 2416/986/2416 2436/1009/2436
f  2434/1007/2434 2436/1009/2436 2326/885/2326 2325/886/2325
f  2436/1009/2436 2416/986/2416 2329/889/2329 2326/885/2326
f  2437/1010/2437 2438/1013/2438 2439/1012/2439 2440/1011/2440
f  2438/1013/2438 2441/1015/2441 2442/1014/2442 2439/1012/2439
f  2440/1011/2440 2439/1012/2439 2443/1017/2443 2444/1016/2444
f  2439/1012/2439 2442/1014/2442 2445/1018/2445 2443/1017/2443
f  2437/1010/2437 2446/1020/2446 2447/1019/2447 2438/1013/2438
f  2446/1020/2446 2448/1022/2448 2449/1021/2449 2447/1019/2447
f  2438/1013/2438 2447/1019/2447 2450/1023/2450 2441/1015/2441
f  2447/1019/2447 2449/1021/2449 2344/910/2344 2450/1023/2450
f  2437/1010/2437 2451/1025/2451 2452/1024/2452 2446/1020/2446
f  2451/1025/2451 2453/1027/2453 2454/1026/2454 2452/1024/2452
f  2446/1020/2446 2452/1024/2452 2455/1028/2455 2448/1022/2448
f  2452/1024/2452 2454/1026/2454 2456/1029/2456 2455/1028/2455
f  2437/1010/2437 2440/1011/2440 2457/1030/2457 2451/1025/2451
f  2440/1011/2440 2444/1016/2444 2458/1031/2458 2457/1030/2457
f  2451/1025/2451 2457/1030/2457 2459/1032/2459 2453/1027/2453
f  2457/1030/2457 2458/1031/2458 2460/1033/2460 2459/1032/2459
f  2461/1034/2461 2462/1037/2462 2463/1036/2463 2464/1035/2464
f  2462/1037/2462 2465/1039/2465 2466/1038/2466 2463/1036/2463
f  2464/1035/2464 2463/1036/2463 2467/1041/2467 2468/1040/2468
f  2463/1036/2463 2466/1038/2466 2364/930/2364 2467/1041/2467
f  2461/1034/2461 2469/1043/2469 2470/1042/2470 2462/1037/2462
f  2469/1043/2469 2471/1045/2471 2472/1044/2472 2470/1042/2470
f  2462/1037/2462 2470/1042/2470 2473/1046/2473 2465/1039/2465
f  2470/1042/2470 2472/1044/2472 2320/880/2320 2473/1046/2473
f  2461/1034/2461 2474/1048/2474 2475/1047/2475 2469/1043/2469
f  2474/1048/2474 2476/1050/2476 2477/1049/2477 2475/1047/2475
f  2469/1043/2469 2475/1047/2475 2478/1051/2478 2471/1045/2471
f  2475/1047/2475 2477/1049/2477 2479/1052/2479 2478/1051/2478
f  2461/1034/2461 2464/1035/2464 2480/1053/2480 2474/1048/2474
f  2464/1035/2464 2468/1040/2468 2481/1054/2481 2480/1053/2480
f  2474/1048/2474 2480/1053/2480 2482/1055/2482 2476/1050/2476
f  2480/1053/2480 2481/1054/2481 2483/1056/2483 2482/1055/2482
f  2484/1057/2484 2485/1060/2485 2486/1059/2486 2487/1058/2487
f  2485/1060/2485 2488/1062/2488 2489/1061/2489 2486/1059/2486
f  2487/1058/2487 2486/1059/2486 2490/1064/2490 2491/1063/2491
f  2486/1059/2486 2489/1061/2489 2340/1065/2340 2490/1064/2490
f  2484/1057/2484 2492/1067/2492 2493/1066/2493 2485/1060/2485
f  2492/1067/2492 2494/1069/2494 2495/1068/2495 2493/1066/2493
f  2485/1060/2485 2493/1066/2493 2496/1070/2496 2488/1062/2488
f  2493/1066/2493 2495/1068/2495 2497/1071/2497 2496/1070/2496
f  2484/1057/2484 2498/1073/2498 2499/1072/2499 2492/1067/2492
f  2498/1073/2498 2500/1075/2500 2501/1074/2501 2499/1072/2499
f  2492/1067/2492 2499/1072/2499 2502/1076/2502 2494/1069/2494
f  2499/1072/2499 2501/1074/2501 2503/1077/2503 2502/1076/2502
f  2484/1057/2484 2487/1058/2487 2504/1078/2504 2498/1073/2498
f  2487/1058/2487 2491/1063/2491 2505/1079/2505 2504/1078/2504
f  2498/1073/2498 2504/1078/2504 2506/1080/2506 2500/1075/2500
f  2504/1078/2504 2505/1079/2505 2507/1081/2507 2506/1080/2506
f  2508/1082/2508 2509/1085/2509 2510/1084/2510 2511/1083/2511
f  2509/1085/2509 2512/1087/2512 2513/1086/2513 2510/1084/2510
f  2511/1083/2511 2510/1084/2510 2495/1068/2495 2494/1069/2494
f  2510/1084/2510 2513/1086/2513 2497/1071/2497 2495/1068/2495
f  2508/1082/2508 2514/1089/2514 2515/1088/2515 2509/1085/2509
f  2514/1089/2514 2516/1091/2516 2517/1090/2517 2515/1088/2515
f  2509/1085/2509 2515/1088/2515 2518/1092/2518 2512/1087/2512
f  2515/1088/2515 2517/1090/2517 2368/934/2368 2518/1092/2518
f  2508/1082/2508 2519/1094/2519 2520/1093/2520 2514/1089/2514
f  2519/1094/2519 2521/1096/2521 2522/1095/2522 2520/1093/2520
f  2514/1089/2514 2520/1093/2520 2523/1097/2523 2516/1091/2516
f  2520/1093/2520 2522/1095/2522 2524/1098/2524 2523/1097/2523
f  2508/1082/2508 2511/1083/2511 2525/1099/2525 2519/1094/2519
f  2511/1083/2511 2494/1069/2494 2502/1076/2502 2525/1099/2525
f  2519/1094/2519 2525/1099/2525 2526/1100/2526 2521/1096/2521
f  2525/1099/2525 2502/1076/2502 2503/1077/2503 2526/1100/2526
f  2527/1101/2527 2528/1104/2528 2529/1103/2529 2530/1102/2530
f  2528/1104/2528 2232/789/2232 2238/794/2238 2529/1103/2529
f  2530/1102/2530 2529/1103/2529 2310/869/2310 2309/870/2309
f  2529/1103/2529 2238/794/2238 2239/795/2239 2310/869/2310
f  2527/1101/2527 2531/1106/2531 2532/1105/2532 2528/1104/2528
f  2531/1106/2531 2533/1108/2533 2534/1107/2534 2532/1105/2532
f  2528/1104/2528 2532/1105/2532 2233/788/2233 2232/789/2232
f  2532/1105/2532 2534/1107/2534 2235/791/2235 2233/788/2233
f  2527/1101/2527 2535/1110/2535 2536/1109/2536 2531/1106/2531
f  2535/1110/2535 2537/1112/2537 2538/1111/2538 2536/1109/2536
f  2531/1106/2531 2536/1109/2536 2539/1113/2539 2533/1108/2533
f  2536/1109/2536 2538/1111/2538 2445/1018/2445 2539/1113/2539
f  2527/1101/2527 2530/1102/2530 2540/1114/2540 2535/1110/2535
f  2530/1102/2530 2309/870/2309 2315/875/2315 2540/1114/2540
f  2535/1110/2535 2540/1114/2540 2541/1115/2541 2537/1112/2537
f  2540/1114/2540 2315/875/2315 2316/876/2316 2541/1115/2541
f  2542/1116/2542 2543/1119/2543 2544/1118/2544 2545/1117/2545
f  2543/1119/2543 2210/767/2210 2215/771/2215 2544/1118/2544
f  2545/1117/2545 2544/1118/2544 2546/1121/2546 2547/1120/2547
f  2544/1118/2544 2215/771/2215 2192/748/2192 2546/1121/2546
f  2542/1116/2542 2548/1123/2548 2549/1122/2549 2543/1119/2543
f  2548/1123/2548 2352/917/2352 2351/918/2351 2549/1122/2549
f  2543/1119/2543 2549/1122/2549 2211/766/2211 2210/767/2210
f  2549/1122/2549 2351/918/2351 2213/769/2213 2211/766/2211
f  2542/1116/2542 2550/1125/2550 2551/1124/2551 2548/1123/2548
f  2550/1125/2550 2512/1087/2512 2518/1092/2518 2551/1124/2551
f  2548/1123/2548 2551/1124/2551 2366/932/2366 2352/917/2352
f  2551/1124/2551 2518/1092/2518 2368/934/2368 2366/932/2366
f  2542/1116/2542 2545/1117/2545 2552/1126/2552 2550/1125/2550
f  2545/1117/2545 2547/1120/2547 2553/1127/2553 2552/1126/2552
f  2550/1125/2550 2552/1126/2552 2513/1086/2513 2512/1087/2512
f  2552/1126/2552 2553/1127/2553 2497/1071/2497 2513/1086/2513
f  2554/1128/2554 2555/1131/2555 2556/1130/2556 2557/1129/2557
f  2555/1131/2555 2189/746/2189 2195/751/2195 2556/1130/2556
f  2557/1129/2557 2556/1130/2556 2333/1133/2333 2332/1132/2332
f  2556/1130/2556 2195/751/2195 2196/752/2196 2333/1133/2333
f  2554/1128/2554 2558/1135/2558 2559/1134/2559 2555/1131/2555
f  2558/1135/2558 2547/1120/2547 2546/1121/2546 2559/1134/2559
f  2555/1131/2555 2559/1134/2559 2190/745/2190 2189/746/2189
f  2559/1134/2559 2546/1121/2546 2192/748/2192 2190/745/2190
f  2554/1128/2554 2560/1137/2560 2561/1136/2561 2558/1135/2558
f  2560/1137/2560 2488/1062/2488 2496/1070/2496 2561/1136/2561
f  2558/1135/2558 2561/1136/2561 2553/1127/2553 2547/1120/2547
f  2561/1136/2561 2496/1070/2496 2497/1071/2497 2553/1127/2553
f  2554/1128/2554 2557/1129/2557 2562/1138/2562 2560/1137/2560
f  2557/1129/2557 2332/1132/2332 2339/1139/2339 2562/1138/2562
f  2560/1137/2560 2562/1138/2562 2489/1061/2489 2488/1062/2488
f  2562/1138/2562 2339/1139/2339 2340/1065/2340 2489/1061/2489
f  2563/1140/2563 2564/1143/2564 2565/1142/2565 2566/1141/2566
f  2564/1143/2564 2399/970/2399 2403/973/2403 2565/1142/2565
f  2566/1141/2566 2565/1142/2565 2356/921/2356 2355/922/2355
f  2565/1142/2565 2403/973/2403 2358/924/2358 2356/921/2356
f  2563/1140/2563 2567/1145/2567 2568/1144/2568 2564/1143/2564
f  2567/1145/2567 2306/865/2306 2305/866/2305 2568/1144/2568
f  2564/1143/2564 2568/1144/2568 2400/969/2400 2399/970/2399
f  2568/1144/2568 2305/866/2305 2258/814/2258 2400/969/2400
f  2563/1140/2563 2569/1147/2569 2570/1146/2570 2567/1145/2567
f  2569/1147/2569 2465/1039/2465 2473/1046/2473 2570/1146/2570
f  2567/1145/2567 2570/1146/2570 2318/878/2318 2306/865/2306
f  2570/1146/2570 2473/1046/2473 2320/880/2320 2318/878/2318
f  2563/1140/2563 2566/1141/2566 2571/1148/2571 2569/1147/2569
f  2566/1141/2566 2355/922/2355 2363/929/2363 2571/1148/2571
f  2569/1147/2569 2571/1148/2571 2466/1038/2466 2465/1039/2465
f  2571/1148/2571 2363/929/2363 2364/930/2364 2466/1038/2466
f  2572/1149/2572 2573/1152/2573 2574/1151/2574 2575/1150/2575
f  2573/1152/2573 2521/1096/2521 2526/1100/2526 2574/1151/2574
f  2575/1150/2575 2574/1151/2574 2576/1154/2576 2577/1153/2577
f  2574/1151/2574 2526/1100/2526 2503/1077/2503 2576/1154/2576
f  2572/1149/2572 2578/1156/2578 2579/1155/2579 2573/1152/2573
f  2578/1156/2578 2580/1158/2580 2581/1157/2581 2579/1155/2579
f  2573/1152/2573 2579/1155/2579 2522/1095/2522 2521/1096/2521
f  2579/1155/2579 2581/1157/2581 2524/1098/2524 2522/1095/2522
f  2572/1149/2572 2582/1160/2582 2583/1159/2583 2578/1156/2578
f  2582/1161/2582 2584/1164/2584 2585/1163/2585 2583/1162/2583
f  2578/1156/2578 2583/1159/2583 2586/1165/2586 2580/1158/2580
f  2583/1162/2583 2585/1163/2585 2587/1167/2587 2586/1166/2586
f  2572/1149/2572 2575/1150/2575 2588/1168/2588 2582/1160/2582
f  2575/1150/2575 2577/1153/2577 2589/1169/2589 2588/1168/2588
f  2582/1161/2582 2588/1171/2588 2590/1170/2590 2584/1164/2584
f  2588/1168/2588 2589/1169/2589 2591/1173/2591 2590/1172/2590
f  2592/1174/2592 2593/1177/2593 2594/1176/2594 2595/1175/2595
f  2593/1177/2593 2596/1179/2596 2597/1178/2597 2594/1176/2594
f  2595/1175/2595 2594/1176/2594 2598/1181/2598 2599/1180/2599
f  2594/1176/2594 2597/1178/2597 2600/1182/2600 2598/1181/2598
f  2592/1174/2592 2601/1184/2601 2602/1183/2602 2593/1177/2593
f  2601/1184/2601 2603/1186/2603 2604/1185/2604 2602/1183/2602
f  2593/1177/2593 2602/1183/2602 2605/1187/2605 2596/1179/2596
f  2602/1183/2602 2604/1185/2604 2460/1033/2460 2605/1187/2605
f  2592/1174/2592 2606/1189/2606 2607/1188/2607 2601/1184/2601
f  2606/1189/2606 2608/1191/2608 2609/1190/2609 2607/1188/2607
f  2601/1184/2601 2607/1188/2607 2610/1192/2610 2603/1186/2603
f  2607/1188/2607 2609/1190/2609 2611/1193/2611 2610/1192/2610
f  2592/1174/2592 2595/1175/2595 2612/1194/2612 2606/1189/2606
f  2595/1175/2595 2599/1180/2599 2613/1195/2613 2612/1194/2612
f  2606/1189/2606 2612/1194/2612 2614/1196/2614 2608/1191/2608
f  2612/1194/2612 2613/1195/2613 2615/1197/2615 2614/1196/2614
f  2616/1198/2616 2617/1201/2617 2618/1200/2618 2619/1199/2619
f  2617/1201/2617 2620/1203/2620 2621/1202/2621 2618/1200/2618
f  2619/1199/2619 2618/1200/2618 2622/1205/2622 2623/1204/2623
f  2618/1200/2618 2621/1202/2621 2479/1052/2479 2622/1205/2622
f  2616/1198/2616 2624/1207/2624 2625/1206/2625 2617/1201/2617
f  2624/1207/2624 2599/1180/2599 2598/1181/2598 2625/1206/2625
f  2617/1201/2617 2625/1206/2625 2626/1208/2626 2620/1203/2620
f  2625/1206/2625 2598/1181/2598 2600/1182/2600 2626/1208/2626
f  2616/1198/2616 2627/1210/2627 2628/1209/2628 2624/1207/2624
f  2627/1210/2627 2629/1212/2629 2630/1211/2630 2628/1209/2628
f  2624/1207/2624 2628/1209/2628 2613/1195/2613 2599/1180/2599
f  2628/1209/2628 2630/1211/2630 2615/1197/2615 2613/1195/2613
f  2616/1198/2616 2619/1199/2619 2631/1213/2631 2627/1210/2627
f  2619/1199/2619 2623/1204/2623 2632/1214/2632 2631/1213/2631
f  2627/1210/2627 2631/1213/2631 2633/1215/2633 2629/1212/2629
f  2631/1213/2631 2632/1214/2632 2634/1216/2634 2633/1215/2633
f  2635/1217/2635 2636/1220/2636 2637/1219/2637 2638/1218/2638
f  2636/1220/2636 2639/1222/2639 2640/1221/2640 2637/1219/2637
f  2638/1218/2638 2637/1219/2637 2641/1224/2641 2642/1223/2642
f  2637/1219/2637 2640/1221/2640 2456/1029/2456 2641/1224/2641
f  2635/1217/2635 2643/1226/2643 2644/1225/2644 2636/1220/2636
f  2643/1226/2643 2645/1228/2645 2646/1227/2646 2644/1225/2644
f  2636/1220/2636 2644/1225/2644 2647/1229/2647 2639/1222/2639
f  2644/1225/2644 2646/1227/2646 2507/1230/2507 2647/1229/2647
f  2635/1217/2635 2648/1232/2648 2649/1231/2649 2643/1226/2643
f  2648/1232/2648 2650/1234/2650 2651/1233/2651 2649/1231/2649
f  2643/1226/2643 2649/1231/2649 2652/1235/2652 2645/1228/2645
f  2649/1231/2649 2651/1233/2651 2653/1236/2653 2652/1235/2652
f  2635/1217/2635 2638/1218/2638 2654/1237/2654 2648/1232/2648
f  2638/1218/2638 2642/1223/2642 2655/1238/2655 2654/1237/2654
f  2648/1232/2648 2654/1237/2654 2656/1239/2656 2650/1234/2650
f  2654/1237/2654 2655/1238/2655 2657/1240/2657 2656/1239/2656
f  2658/1241/2658 2659/1244/2659 2660/1243/2660 2661/1242/2661
f  2659/1244/2659 2361/928/2361 2367/933/2367 2660/1243/2660
f  2661/1242/2661 2660/1243/2660 2517/1090/2517 2516/1091/2516
f  2660/1243/2660 2367/933/2367 2368/934/2368 2517/1090/2517
f  2658/1241/2658 2662/1246/2662 2663/1245/2663 2659/1244/2659
f  2662/1246/2662 2468/1040/2468 2467/1041/2467 2663/1245/2663
f  2659/1244/2659 2663/1245/2663 2362/927/2362 2361/928/2361
f  2663/1245/2663 2467/1041/2467 2364/930/2364 2362/927/2362
f  2658/1241/2658 2664/1248/2664 2665/1247/2665 2662/1246/2662
f  2664/1248/2664 2666/1250/2666 2667/1249/2667 2665/1247/2665
f  2662/1246/2662 2665/1247/2665 2481/1054/2481 2468/1040/2468
f  2665/1247/2665 2667/1249/2667 2483/1056/2483 2481/1054/2481
f  2658/1241/2658 2661/1242/2661 2668/1251/2668 2664/1248/2664
f  2661/1242/2661 2516/1091/2516 2523/1097/2523 2668/1251/2668
f  2664/1248/2664 2668/1251/2668 2669/1252/2669 2666/1250/2666
f  2668/1251/2668 2523/1097/2523 2524/1098/2524 2669/1252/2669
f  2670/1253/2670 2671/1256/2671 2672/1255/2672 2673/1254/2673
f  2671/1256/2671 2337/901/2337 2343/909/2343 2672/1255/2672
f  2673/1254/2673 2672/1255/2672 2449/1021/2449 2448/1022/2448
f  2672/1255/2672 2343/909/2343 2344/910/2344 2449/1021/2449
f  2670/1253/2670 2674/1258/2674 2675/1257/2675 2671/1256/2671
f  2674/1258/2674 2491/1260/2491 2490/1259/2490 2675/1257/2675
f  2671/1256/2671 2675/1257/2675 2338/900/2338 2337/901/2337
f  2675/1257/2675 2490/1259/2490 2340/904/2340 2338/900/2338
f  2670/1253/2670 2676/1262/2676 2677/1261/2677 2674/1258/2674
f  2676/1262/2676 2639/1222/2639 2647/1229/2647 2677/1261/2677
f  2674/1258/2674 2677/1261/2677 2505/1263/2505 2491/1260/2491
f  2677/1261/2677 2647/1229/2647 2507/1230/2507 2505/1263/2505
f  2670/1253/2670 2673/1254/2673 2678/1264/2678 2676/1262/2676
f  2673/1254/2673 2448/1022/2448 2455/1028/2455 2678/1264/2678
f  2676/1262/2676 2678/1264/2678 2640/1221/2640 2639/1222/2639
f  2678/1264/2678 2455/1028/2455 2456/1029/2456 2640/1221/2640
f  2679/1265/2679 2680/1268/2680 2681/1267/2681 2682/1266/2682
f  2680/1268/2680 2313/874/2313 2319/879/2319 2681/1267/2681
f  2682/1266/2682 2681/1267/2681 2472/1044/2472 2471/1045/2471
f  2681/1267/2681 2319/879/2319 2320/880/2320 2472/1044/2472
f  2679/1265/2679 2683/1270/2683 2684/1269/2684 2680/1268/2680
f  2683/1270/2683 2685/1272/2685 2686/1271/2686 2684/1269/2684
f  2680/1268/2680 2684/1269/2684 2314/873/2314 2313/874/2313
f  2684/1269/2684 2686/1271/2686 2316/876/2316 2314/873/2314
f  2679/1265/2679 2687/1274/2687 2688/1273/2688 2683/1270/2683
f  2687/1274/2687 2620/1203/2620 2626/1208/2626 2688/1273/2688
f  2683/1270/2683 2688/1273/2688 2689/1275/2689 2685/1272/2685
f  2688/1273/2688 2626/1208/2626 2600/1182/2600 2689/1275/2689
f  2679/1265/2679 2682/1266/2682 2690/1276/2690 2687/1274/2687
f  2682/1266/2682 2471/1045/2471 2478/1051/2478 2690/1276/2690
f  2687/1274/2687 2690/1276/2690 2621/1202/2621 2620/1203/2620
f  2690/1276/2690 2478/1051/2478 2479/1052/2479 2621/1202/2621
f  2691/1277/2691 2692/1280/2692 2693/1279/2693 2694/1278/2694
f  2692/1280/2692 2537/1112/2537 2541/1115/2541 2693/1279/2693
f  2694/1278/2694 2693/1279/2693 2686/1271/2686 2685/1272/2685
f  2693/1279/2693 2541/1115/2541 2316/876/2316 2686/1271/2686
f  2691/1277/2691 2695/1282/2695 2696/1281/2696 2692/1280/2692
f  2695/1282/2695 2444/1016/2444 2443/1017/2443 2696/1281/2696
f  2692/1280/2692 2696/1281/2696 2538/1111/2538 2537/1112/2537
f  2696/1281/2696 2443/1017/2443 2445/1018/2445 2538/1111/2538
f  2691/1277/2691 2697/1284/2697 2698/1283/2698 2695/1282/2695
f  2697/1284/2697 2596/1179/2596 2605/1187/2605 2698/1283/2698
f  2695/1282/2695 2698/1283/2698 2458/1031/2458 2444/1016/2444
f  2698/1283/2698 2605/1187/2605 2460/1033/2460 2458/1031/2458
f  2691/1277/2691 2694/1278/2694 2699/1285/2699 2697/1284/2697
f  2694/1278/2694 2685/1272/2685 2689/1275/2689 2699/1285/2699
f  2697/1284/2697 2699/1285/2699 2597/1178/2597 2596/1179/2596
f  2699/1285/2699 2689/1275/2689 2600/1182/2600 2597/1178/2597
f  2700/1286/2700 2701/1289/2701 2702/1288/2702 2703/1287/2703
f  2701/1289/2701 2704/1291/2704 2705/1290/2705 2702/1288/2702
f  2703/1287/2703 2702/1288/2702 2706/1293/2706 2707/1292/2707
f  2702/1288/2702 2705/1290/2705 2708/1294/2708 2706/1293/2706
f  2700/1286/2700 2709/1296/2709 2710/1295/2710 2701/1289/2701
f  2709/1297/2709 2711/1300/2711 2712/1299/2712 2710/1298/2710
f  2701/1289/2701 2710/1295/2710 2713/1301/2713 2704/1291/2704
f  2710/1298/2710 2712/1299/2712 2653/1303/2653 2713/1302/2713
f  2700/1286/2700 2714/1305/2714 2715/1304/2715 2709/1296/2709
f  2714/1305/2714 2584/1164/2584 2590/1170/2590 2715/1304/2715
f  2709/1297/2709 2715/1307/2715 2716/1306/2716 2711/1300/2711
f  2715/1307/2715 2590/1172/2590 2591/1173/2591 2716/1306/2716
f  2700/1286/2700 2703/1287/2703 2717/1308/2717 2714/1305/2714
f  2703/1287/2703 2707/1292/2707 2718/1309/2718 2717/1308/2717
f  2714/1305/2714 2717/1308/2717 2585/1163/2585 2584/1164/2584
f  2717/1308/2717 2718/1309/2718 2587/1167/2587 2585/1163/2585
f  2719/1310/2719 2720/1313/2720 2721/1312/2721 2722/1311/2722
f  2720/1313/2720 2608/1314/2608 2614/1196/2614 2721/1312/2721
f  2722/1311/2722 2721/1312/2721 2630/1211/2630 2629/1212/2629
f  2721/1312/2721 2614/1196/2614 2615/1197/2615 2630/1211/2630
f  2719/1310/2719 2723/1316/2723 2724/1315/2724 2720/1313/2720
f  2723/1316/2723 2725/1318/2725 2726/1317/2726 2724/1315/2724
f  2720/1313/2720 2724/1315/2724 2609/1319/2609 2608/1314/2608
f  2724/1315/2724 2726/1317/2726 2611/1320/2611 2609/1319/2609
f  2719/1310/2719 2727/1322/2727 2728/1321/2728 2723/1316/2723
f  2727/1322/2727 2729/1324/2729 2730/1323/2730 2728/1321/2728
f  2723/1316/2723 2728/1321/2728 2731/1325/2731 2725/1318/2725
f  2728/1321/2728 2730/1323/2730 2708/1294/2708 2731/1325/2731
f  2719/1310/2719 2722/1311/2722 2732/1326/2732 2727/1322/2727
f  2722/1311/2722 2629/1212/2629 2633/1215/2633 2732/1326/2732
f  2727/1322/2727 2732/1326/2732 2733/1327/2733 2729/1324/2729
f  2732/1326/2732 2633/1215/2633 2634/1216/2634 2733/1327/2733
f  2734/1328/2734 2735/1331/2735 2736/1330/2736 2737/1329/2737
f  2735/1331/2735 2738/1333/2738 2739/1332/2739 2736/1330/2736
f  2737/1329/2737 2736/1330/2736 2726/1317/2726 2725/1318/2725
f  2736/1330/2736 2739/1332/2739 2611/1320/2611 2726/1317/2726
f  2734/1328/2734 2740/1335/2740 2741/1334/2741 2735/1331/2735
f  2740/1336/2740 2650/1234/2650 2656/1239/2656 2741/1337/2741
f  2735/1331/2735 2741/1334/2741 2742/1338/2742 2738/1333/2738
f  2741/1337/2741 2656/1239/2656 2657/1240/2657 2742/1339/2742
f  2734/1328/2734 2743/1341/2743 2744/1340/2744 2740/1335/2740
f  2743/1341/2743 2704/1291/2704 2713/1301/2713 2744/1340/2744
f  2740/1336/2740 2744/1342/2744 2651/1233/2651 2650/1234/2650
f  2744/1342/2744 2713/1343/2713 2653/1236/2653 2651/1233/2651
f  2734/1328/2734 2737/1329/2737 2745/1344/2745 2743/1341/2743
f  2737/1329/2737 2725/1318/2725 2731/1325/2731 2745/1344/2745
f  2743/1341/2743 2745/1344/2745 2705/1290/2705 2704/1291/2704
f  2745/1344/2745 2731/1325/2731 2708/1294/2708 2705/1290/2705
f  2746/1345/2746 2747/1348/2747 2748/1347/2748 2749/1346/2749
f  2747/1348/2747 2729/1324/2729 2733/1327/2733 2748/1347/2748
f  2749/1346/2749 2748/1347/2748 2750/1350/2750 2751/1349/2751
f  2748/1347/2748 2733/1327/2733 2634/1216/2634 2750/1350/2750
f  2746/1345/2746 2752/1352/2752 2753/1351/2753 2747/1348/2747
f  2752/1352/2752 2707/1292/2707 2706/1293/2706 2753/1351/2753
f  2747/1348/2747 2753/1351/2753 2730/1323/2730 2729/1324/2729
f  2753/1351/2753 2706/1293/2706 2708/1294/2708 2730/1323/2730
f  2746/1345/2746 2754/1354/2754 2755/1353/2755 2752/1352/2752
f  2754/1354/2754 2756/1356/2756 2757/1355/2757 2755/1353/2755
f  2752/1352/2752 2755/1353/2755 2718/1309/2718 2707/1292/2707
f  2755/1353/2755 2757/1355/2757 2587/1167/2587 2718/1309/2718
f  2746/1345/2746 2749/1346/2749 2758/1357/2758 2754/1354/2754
f  2749/1346/2749 2751/1349/2751 2759/1358/2759 2758/1357/2758
f  2754/1354/2754 2758/1357/2758 2760/1359/2760 2756/1356/2756
f  2758/1357/2758 2759/1358/2759 2761/1360/2761 2760/1359/2760
f  2762/1361/2762 2763/1364/2763 2764/1363/2764 2765/1362/2765
f  2763/1364/2763 2500/1075/2500 2506/1080/2506 2764/1363/2764
f  2765/1362/2765 2764/1363/2764 2646/1366/2646 2645/1365/2645
f  2764/1363/2764 2506/1080/2506 2507/1081/2507 2646/1366/2646
f  2762/1361/2762 2766/1368/2766 2767/1367/2767 2763/1364/2763
f  2766/1368/2766 2577/1153/2577 2576/1154/2576 2767/1367/2767
f  2763/1364/2763 2767/1367/2767 2501/1074/2501 2500/1075/2500
f  2767/1367/2767 2576/1154/2576 2503/1077/2503 2501/1074/2501
f  2762/1361/2762 2768/1370/2768 2769/1369/2769 2766/1368/2766
f  2768/1370/2768 2711/1300/2711 2716/1306/2716 2769/1369/2769
f  2766/1368/2766 2769/1369/2769 2589/1169/2589 2577/1153/2577
f  2769/1369/2769 2716/1306/2716 2591/1173/2591 2589/1169/2589
f  2762/1361/2762 2765/1362/2765 2770/1371/2770 2768/1370/2768
f  2765/1362/2765 2645/1365/2645 2652/1372/2652 2770/1371/2770
f  2768/1370/2768 2770/1371/2770 2712/1299/2712 2711/1300/2711
f  2770/1371/2770 2652/1372/2652 2653/1303/2653 2712/1299/2712
f  2771/1373/2771 2772/1376/2772 2773/1375/2773 2774/1374/2774
f  2772/1376/2772 2476/1050/2476 2482/1055/2482 2773/1375/2773
f  2774/1374/2774 2773/1375/2773 2775/1378/2775 2776/1377/2776
f  2773/1375/2773 2482/1055/2482 2483/1056/2483 2775/1378/2775
f  2771/1373/2771 2777/1380/2777 2778/1379/2778 2772/1376/2772
f  2777/1380/2777 2623/1204/2623 2622/1205/2622 2778/1379/2778
f  2772/1376/2772 2778/1379/2778 2477/1049/2477 2476/1050/2476
f  2778/1379/2778 2622/1205/2622 2479/1052/2479 2477/1049/2477
f  2771/1373/2771 2779/1382/2779 2780/1381/2780 2777/1380/2777
f  2779/1382/2779 2751/1349/2751 2750/1350/2750 2780/1381/2780
f  2777/1380/2777 2780/1381/2780 2632/1214/2632 2623/1204/2623
f  2780/1381/2780 2750/1350/2750 2634/1216/2634 2632/1214/2632
f  2771/1373/2771 2774/1374/2774 2781/1383/2781 2779/1382/2779
f  2774/1374/2774 2776/1377/2776 2782/1384/2782 2781/1383/2781
f  2779/1382/2779 2781/1383/2781 2759/1358/2759 2751/1349/2751
f  2781/1383/2781 2782/1384/2782 2761/1360/2761 2759/1358/2759
f  2783/1385/2783 2784/1388/2784 2785/1387/2785 2786/1386/2786
f  2784/1388/2784 2453/1027/2453 2459/1032/2459 2785/1387/2785
f  2786/1386/2786 2785/1387/2785 2604/1185/2604 2603/1186/2603
f  2785/1387/2785 2459/1032/2459 2460/1033/2460 2604/1185/2604
f  2783/1385/2783 2787/1390/2787 2788/1389/2788 2784/1388/2784
f  2787/1390/2787 2642/1223/2642 2641/1224/2641 2788/1389/2788
f  2784/1388/2784 2788/1389/2788 2454/1026/2454 2453/1027/2453
f  2788/1389/2788 2641/1224/2641 2456/1029/2456 2454/1026/2454
f  2783/1385/2783 2789/1392/2789 2790/1391/2790 2787/1390/2787
f  2789/1392/2789 2738/1393/2738 2742/1339/2742 2790/1391/2790
f  2787/1390/2787 2790/1391/2790 2655/1238/2655 2642/1223/2642
f  2790/1391/2790 2742/1339/2742 2657/1240/2657 2655/1238/2655
f  2783/1385/2783 2786/1386/2786 2791/1394/2791 2789/1392/2789
f  2786/1386/2786 2603/1186/2603 2610/1192/2610 2791/1394/2791
f  2789/1392/2789 2791/1394/2791 2739/1395/2739 2738/1393/2738
f  2791/1394/2791 2610/1192/2610 2611/1193/2611 2739/1395/2739
f  2792/1396/2792 2793/1399/2793 2794/1398/2794 2795/1397/2795
f  2793/1399/2793 2666/1250/2666 2669/1252/2669 2794/1398/2794
f  2795/1397/2795 2794/1398/2794 2581/1157/2581 2580/1158/2580
f  2794/1398/2794 2669/1252/2669 2524/1098/2524 2581/1157/2581
f  2792/1396/2792 2796/1401/2796 2797/1400/2797 2793/1399/2793
f  2796/1401/2796 2776/1377/2776 2775/1378/2775 2797/1400/2797
f  2793/1399/2793 2797/1400/2797 2667/1249/2667 2666/1250/2666
f  2797/1400/2797 2775/1378/2775 2483/1056/2483 2667/1249/2667
f  2792/1396/2792 2798/1403/2798 2799/1402/2799 2796/1401/2796
f  2798/1404/2798 2756/1356/2756 2760/1359/2760 2799/1402/2799
f  2796/1401/2796 2799/1402/2799 2782/1384/2782 2776/1377/2776
f  2799/1402/2799 2760/1359/2760 2761/1360/2761 2782/1384/2782
f  2792/1396/2792 2795/1397/2795 2800/1405/2800 2798/1403/2798
f  2795/1397/2795 2580/1158/2580 2586/1165/2586 2800/1405/2800
f  2798/1404/2798 2800/1406/2800 2757/1355/2757 2756/1356/2756
f  2800/1406/2800 2586/1166/2586 2587/1167/2587 2757/1355/2757
f  2801/1407/2801 2802/1410/2802 2803/1409/2803 2804/1408/2804
f  2802/1410/2802 1575/94/1575 1581/101/1581 2803/1409/2803
f  2804/1408/2804 2803/1409/2803 1348/1412/1348 1347/1411/1347
f  2803/1409/2803 1581/101/1581 102/102/102 1348/1412/1348
f  2801/1407/2801 2805/1414/2805 2806/1413/2806 2802/1410/2802
f  2805/1414/2805 2807/1416/2807 2808/1415/2808 2806/1413/2806
f  2802/1410/2802 2806/1413/2806 1576/93/1576 1575/94/1575
f  2806/1413/2806 2808/1415/2808 1578/96/1578 1576/93/1576
f  2801/1407/2801 2809/1418/2809 2810/1417/2810 2805/1414/2805
f  2809/1418/2809 2811/1420/2811 2812/1419/2812 2810/1417/2810
f  2805/1414/2805 2810/1417/2810 2813/1421/2813 2807/1416/2807
f  2810/1417/2810 2812/1419/2812 2814/1422/2814 2813/1421/2813
f  2801/1407/2801 2804/1408/2804 2815/1423/2815 2809/1418/2809
f  2804/1408/2804 1347/1411/1347 1360/1424/1360 2815/1423/2815
f  2809/1418/2809 2815/1423/2815 2816/1425/2816 2811/1420/2811
f  2815/1423/2815 1360/1424/1360 1362/1426/1362 2816/1425/2816
f  2817/1427/2817 2818/1430/2818 2819/1429/2819 2820/1428/2820
f  2818/1430/2818 1718/249/1718 1717/250/1717 2819/1429/2819
f  2820/1428/2820 2819/1429/2819 2808/1415/2808 2807/1416/2807
f  2819/1429/2819 1717/250/1717 1578/96/1578 2808/1415/2808
f  2817/1427/2817 2821/1432/2821 2822/1431/2822 2818/1430/2818
f  2821/1432/2821 2823/1434/2823 2824/1433/2824 2822/1431/2822
f  2818/1430/2818 2822/1431/2822 1729/264/1729 1718/249/1718
f  2822/1431/2822 2824/1433/2824 1659/266/1659 1729/264/1729
f  2817/1427/2817 2825/1436/2825 2826/1435/2826 2821/1432/2821
f  2825/1436/2825 2827/1438/2827 2828/1437/2828 2826/1435/2826
f  2821/1432/2821 2826/1435/2826 2829/1439/2829 2823/1434/2823
f  2826/1435/2826 2828/1437/2828 2830/1440/2830 2829/1439/2829
f  2817/1427/2817 2820/1428/2820 2831/1441/2831 2825/1436/2825
f  2820/1428/2820 2807/1416/2807 2813/1421/2813 2831/1441/2831
f  2825/1436/2825 2831/1441/2831 2832/1442/2832 2827/1438/2827
f  2831/1441/2831 2813/1421/2813 2814/1422/2814 2832/1442/2832
f  2833/1443/2833 2834/1446/2834 2835/1445/2835 2836/1444/2836
f  2834/1446/2834 2837/1448/2837 2838/1447/2838 2835/1445/2835
f  2836/1444/2836 2835/1445/2835 2839/1450/2839 2840/1449/2840
f  2835/1445/2835 2838/1447/2838 2841/1451/2841 2839/1450/2839
f  2833/1443/2833 2842/1453/2842 2843/1452/2843 2834/1446/2834
f  2842/1453/2842 2381/1455/2381 2387/1454/2387 2843/1452/2843
f  2834/1446/2834 2843/1452/2843 2844/1456/2844 2837/1448/2837
f  2843/1452/2843 2387/1454/2387 2388/1457/2388 2844/1456/2844
f  2833/1443/2833 2845/1459/2845 2846/1458/2846 2842/1453/2842
f  2845/1459/2845 2847/1461/2847 2848/1460/2848 2846/1458/2846
f  2842/1453/2842 2846/1458/2846 2382/1462/2382 2381/1455/2381
f  2846/1458/2846 2848/1460/2848 2384/1463/2384 2382/1462/2382
f  2833/1443/2833 2836/1444/2836 2849/1464/2849 2845/1459/2845
f  2836/1444/2836 2840/1449/2840 2850/1465/2850 2849/1464/2849
f  2845/1459/2845 2849/1464/2849 2851/1466/2851 2847/1461/2847
f  2849/1464/2849 2850/1465/2850 2852/1467/2852 2851/1466/2851
f  2853/1468/2853 2854/1471/2854 2855/1470/2855 2856/1469/2856
f  2854/1471/2854 2441/1015/2441 2450/1023/2450 2855/1470/2855
f  2856/1469/2856 2855/1470/2855 2378/945/2378 2377/946/2377
f  2855/1470/2855 2450/1023/2450 2344/910/2344 2378/945/2378
f  2853/1468/2853 2857/1473/2857 2858/1472/2858 2854/1471/2854
f  2857/1473/2857 2859/1475/2859 2860/1474/2860 2858/1472/2858
f  2854/1471/2854 2858/1472/2858 2442/1014/2442 2441/1015/2441
f  2858/1472/2858 2860/1474/2860 2445/1018/2445 2442/1014/2442
f  2853/1468/2853 2861/1477/2861 2862/1476/2862 2857/1473/2857
f  2861/1477/2861 2847/1479/2847 2851/1478/2851 2862/1476/2862
f  2857/1473/2857 2862/1476/2862 2863/1480/2863 2859/1475/2859
f  2862/1476/2862 2851/1478/2851 2852/1467/2852 2863/1480/2863
f  2853/1468/2853 2856/1469/2856 2864/1481/2864 2861/1477/2861
f  2856/1469/2856 2377/946/2377 2383/951/2383 2864/1481/2864
f  2861/1477/2861 2864/1481/2864 2848/1482/2848 2847/1479/2847
f  2864/1481/2864 2383/951/2383 2384/952/2384 2848/1482/2848
f  2865/1483/2865 2866/1486/2866 2867/1485/2867 2868/1484/2868
f  2866/1486/2866 2533/1108/2533 2539/1113/2539 2867/1485/2867
f  2868/1484/2868 2867/1485/2867 2860/1474/2860 2859/1475/2859
f  2867/1485/2867 2539/1113/2539 2445/1018/2445 2860/1474/2860
f  2865/1483/2865 2869/1488/2869 2870/1487/2870 2866/1486/2866
f  2869/1488/2869 2871/1490/2871 2872/1489/2872 2870/1487/2870
f  2866/1486/2866 2870/1487/2870 2534/1107/2534 2533/1108/2533
f  2870/1487/2870 2872/1489/2872 2235/791/2235 2534/1107/2534
f  2865/1483/2865 2873/1492/2873 2874/1491/2874 2869/1488/2869
f  2873/1492/2873 2840/1449/2840 2839/1450/2839 2874/1491/2874
f  2869/1488/2869 2874/1491/2874 2875/1493/2875 2871/1490/2871
f  2874/1491/2874 2839/1450/2839 2841/1451/2841 2875/1493/2875
f  2865/1483/2865 2868/1484/2868 2876/1494/2876 2873/1492/2873
f  2868/1484/2868 2859/1475/2859 2863/1480/2863 2876/1494/2876
f  2873/1492/2873 2876/1494/2876 2850/1465/2850 2840/1449/2840
f  2876/1494/2876 2863/1480/2863 2852/1467/2852 2850/1465/2850
f  2877/1495/2877 2878/1498/2878 2879/1497/2879 2880/1496/2880
f  2878/1498/2878 2414/985/2414 2418/988/2418 2879/1497/2879
f  2880/1496/2880 2879/1497/2879 2872/1489/2872 2871/1490/2871
f  2879/1497/2879 2418/988/2418 2235/791/2235 2872/1489/2872
f  2877/1495/2877 2881/1500/2881 2882/1499/2882 2878/1498/2878
f  2881/1500/2881 2374/939/2374 2373/940/2373 2882/1499/2882
f  2878/1498/2878 2882/1499/2882 2415/984/2415 2414/985/2414
f  2882/1499/2882 2373/940/2373 2329/889/2329 2415/984/2415
f  2877/1495/2877 2883/1502/2883 2884/1501/2884 2881/1500/2881
f  2883/1502/2883 2837/1504/2837 2844/1503/2844 2884/1501/2884
f  2881/1500/2881 2884/1501/2884 2386/955/2386 2374/939/2374
f  2884/1501/2884 2844/1503/2844 2388/958/2388 2386/955/2386
f  2877/1495/2877 2880/1496/2880 2885/1505/2885 2883/1502/2883
f  2880/1496/2880 2871/1490/2871 2875/1493/2875 2885/1505/2885
f  2883/1502/2883 2885/1505/2885 2838/1506/2838 2837/1504/2837
f  2885/1505/2885 2875/1493/2875 2841/1451/2841 2838/1506/2838
f  2886/1507/2886 2887/1510/2887 2888/1509/2888 2889/1508/2889
f  2887/1510/2887 1658/189/1658 1657/190/1657 2888/1509/2888
f  2889/1508/2889 2888/1509/2888 2824/1512/2824 2823/1511/2823
f  2888/1509/2888 1657/190/1657 1659/191/1659 2824/1512/2824
f  2886/1507/2886 2890/1514/2890 2891/1513/2891 2887/1510/2887
f  2890/1514/2890 2892/1516/2892 2893/1515/2893 2891/1513/2891
f  2887/1510/2887 2891/1513/2891 1673/205/1673 1658/189/1658
f  2891/1513/2891 2893/1515/2893 1675/207/1675 1673/205/1673
f  2886/1507/2886 2889/1508/2889 2894/1517/2894 2890/1514/2890
f  2889/1508/2889 2823/1511/2823 2829/1518/2829 2894/1517/2894
f  2890/1514/2890 2894/1517/2894 2895/1519/2895 2892/1516/2892
f  2894/1517/2894 2829/1518/2829 2830/1520/2830 2895/1519/2895
f  2896/1521/2896 2897/1524/2897 2898/1523/2898 2899/1522/2899
f  2897/1524/2897 2827/1438/2827 2832/1442/2832 2898/1523/2898
f  2899/1522/2899 2898/1523/2898 2900/1526/2900 2901/1525/2901
f  2898/1523/2898 2832/1442/2832 2814/1422/2814 2900/1526/2900
f  2896/1521/2896 2902/1528/2902 2903/1527/2903 2897/1524/2897
f  2902/1528/2902 2904/1530/2904 2905/1529/2905 2903/1527/2903
f  2897/1524/2897 2903/1527/2903 2828/1437/2828 2827/1438/2827
f  2903/1527/2903 2905/1529/2905 2830/1440/2830 2828/1437/2828
f  2896/1521/2896 2899/1522/2899 2906/1531/2906 2902/1528/2902
f  2899/1522/2899 2901/1525/2901 2907/1532/2907 2906/1531/2906
f  2902/1528/2902 2906/1531/2906 2908/1533/2908 2904/1530/2904
f  2906/1531/2906 2907/1532/2907 2909/1534/2909 2908/1533/2908
f  2910/1535/2910 2911/1538/2911 2912/1537/2912 2913/1536/2913
f  2911/1538/2911 2811/1420/2811 2816/1425/2816 2912/1537/2912
f  2913/1536/2913 2912/1537/2912 1461/1540/1461 1460/1539/1460
f  2912/1537/2912 2816/1425/2816 1362/1426/1362 1461/1540/1461
f  2910/1535/2910 2914/1542/2914 2915/1541/2915 2911/1538/2911
f  2914/1542/2914 2901/1525/2901 2900/1526/2900 2915/1541/2915
f  2911/1538/2911 2915/1541/2915 2812/1419/2812 2811/1420/2811
f  2915/1541/2915 2900/1526/2900 2814/1422/2814 2812/1419/2812
f  2910/1535/2910 2916/1544/2916 2917/1543/2917 2914/1542/2914
f  2916/1544/2916 2918/1546/2918 2919/1545/2919 2917/1543/2917
f  2914/1542/2914 2917/1543/2917 2907/1532/2907 2901/1525/2901
f  2917/1543/2917 2919/1545/2919 2909/1534/2909 2907/1532/2907
f  2910/1535/2910 2913/1536/2913 2920/1547/2920 2916/1544/2916
f  2913/1536/2913 1460/1539/1460 1469/1548/1469 2920/1547/2920
f  2916/1544/2916 2920/1547/2920 2921/1549/2921 2918/1546/2918
f  2920/1547/2920 1469/1548/1469 1471/1550/1471 2921/1549/2921
f  2922/1551/2922 1684/217/1684 1690/222/1690 2923/1552/2923
f  2923/1552/2923 1690/222/1690 1675/207/1675 2924/1553/2924
f  2922/1551/2922 2925/1554/2925 1685/216/1685 1684/217/1684
f  2925/1554/2925 2926/1555/2926 1622/151/1622 1685/216/1685
f  2927/1556/2927 2904/1530/2904 2908/1533/2908 2928/1557/2928
f  2928/1557/2928 2908/1533/2908 2909/1534/2909 2929/1558/2929
f  2927/1556/2927 2930/1559/2930 2905/1529/2905 2904/1530/2904
f  2930/1559/2930 2931/1560/2931 2830/1440/2830 2905/1529/2905
f  2932/1561/2932 1613/143/1613 1621/150/1621 2933/1562/2933
f  2933/1562/2933 1621/150/1621 1622/151/1622 2926/1555/2926
f  2932/1561/2932 2934/1563/2934 1614/142/1614 1613/143/1613
f  2934/1563/2934 2935/1564/2935 1616/145/1616 1614/142/1614
f  2936/1565/2936 2892/1516/2892 2895/1519/2895 2937/1566/2937
f  2937/1566/2937 2895/1519/2895 2830/1520/2830 2931/1567/2931
f  2936/1565/2936 2938/1568/2938 2893/1515/2893 2892/1516/2892
f  2938/1568/2938 2924/1553/2924 1675/207/1675 2893/1515/2893
f  2939/1569/2939 2918/1546/2918 2921/1549/2921 2940/1570/2940
f  2940/1570/2940 2921/1549/2921 1471/1550/1471 1491/1571/1491
f  2939/1569/2939 2941/1572/2941 2919/1545/2919 2918/1546/2918
f  2941/1572/2941 2929/1558/2929 2909/1534/2909 2919/1545/2919
f  2942/1575/2942 2943/1576/2943 1473/1577/1473 1472/1578/1472
f  2943/1576/2943 2944/1579/2944 1474/1580/1474 1473/1577/1473
f  2942/1575/2942 1472/1578/1472 1475/1581/1475 2945/1582/2945
f  2945/1582/2945 1475/1581/1475 1476/1583/1476 2946/1584/2946
f  2942/1575/2942 2945/1582/2945 2947/1585/2947 2948/1586/2948
f  2948/1586/2948 2947/1585/2947 2949/1587/2949 2950/1588/2950
f  2945/1582/2945 2946/1584/2946 2951/1589/2951 2947/1585/2947
f  2947/1585/2947 2951/1589/2951 2952/1590/2952 2949/1587/2949
f  2942/1575/2942 2948/1586/2948 2953/1591/2953 2943/1576/2943
f  2943/1576/2943 2953/1591/2953 2954/1592/2954 2944/1579/2944
f  2948/1586/2948 2950/1588/2950 2955/1593/2955 2953/1591/2953
f  2953/1591/2953 2955/1593/2955 2956/1594/2956 2954/1592/2954
f  2957/1595/2957 2958/1596/2958 1478/1597/1478 1477/1598/1477
f  2958/1596/2958 2959/1599/2959 1479/1600/1479 1478/1597/1478
f  2957/1595/2957 1477/1598/1477 1480/1601/1480 2960/1602/2960
f  2960/1602/2960 1480/1601/1480 1481/1603/1481 2961/1604/2961
f  2957/1595/2957 2960/1602/2960 2962/1605/2962 2963/1606/2963
f  2963/1606/2963 2962/1605/2962 2964/1607/2964 2965/1608/2965
f  2960/1602/2960 2961/1604/2961 2966/1609/2966 2962/1605/2962
f  2962/1605/2962 2966/1609/2966 2967/1610/2967 2964/1607/2964
f  2957/1595/2957 2963/1606/2963 2968/1611/2968 2958/1596/2958
f  2958/1596/2958 2968/1611/2968 2969/1612/2969 2959/1599/2959
f  2963/1606/2963 2965/1608/2965 2970/1613/2970 2968/1611/2968
f  2968/1611/2968 2970/1613/2970 2971/1614/2971 2969/1612/2969
f  2972/1615/2972 2973/1616/2973 1483/1617/1483 1482/1618/1482
f  2973/1616/2973 2946/1584/2946 1476/1583/1476 1483/1617/1483
f  2972/1615/2972 1482/1618/1482 1484/1619/1484 2974/1620/2974
f  2974/1620/2974 1484/1619/1484 1485/1621/1485 2975/1622/2975
f  2972/1615/2972 2974/1620/2974 2976/1623/2976 2977/1624/2977
f  2977/1624/2977 2976/1623/2976 2978/1625/2978 2979/1626/2979
f  2974/1620/2974 2975/1622/2975 2980/1627/2980 2976/1623/2976
f  2976/1623/2976 2980/1627/2980 2981/1628/2981 2978/1625/2978
f  2972/1615/2972 2977/1624/2977 2982/1629/2982 2973/1616/2973
f  2973/1616/2973 2982/1629/2982 2951/1589/2951 2946/1584/2946
f  2977/1624/2977 2979/1626/2979 2983/1630/2983 2982/1629/2982
f  2982/1629/2982 2983/1630/2983 2952/1590/2952 2951/1589/2951
f  2984/1631/2984 2985/1632/2985 1487/1633/1487 1486/1634/1486
f  2985/1632/2985 2961/1604/2961 1481/1603/1481 1487/1633/1487
f  2984/1631/2984 1486/1634/1486 1488/1635/1488 2986/1636/2986
f  2986/1636/2986 1488/1635/1488 1474/1580/1474 2944/1579/2944
f  2984/1631/2984 2986/1636/2986 2987/1637/2987 2988/1638/2988
f  2988/1638/2988 2987/1637/2987 2989/1639/2989 2990/1640/2990
f  2986/1636/2986 2944/1579/2944 2954/1592/2954 2987/1637/2987
f  2987/1637/2987 2954/1592/2954 2956/1594/2956 2989/1639/2989
f  2984/1631/2984 2988/1638/2988 2991/1641/2991 2985/1632/2985
f  2985/1632/2985 2991/1641/2991 2966/1609/2966 2961/1604/2961
f  2988/1638/2988 2990/1640/2990 2992/1642/2992 2991/1641/2991
f  2991/1641/2991 2992/1642/2992 2967/1610/2967 2966/1609/2966
f  2993/1643/2993 2994/1644/2994 1490/1645/1490 1489/1646/1489
f  2994/1644/2994 2995/1647/2995 1491/1648/1491 1490/1645/1490
f  2993/1643/2993 1489/1646/1489 1492/1649/1492 2996/1650/2996
f  2996/1650/2996 1492/1649/1492 1479/1600/1479 2959/1599/2959
f  2993/1643/2993 2996/1650/2996 2997/1651/2997 2998/1652/2998
f  2998/1652/2998 2997/1651/2997 2999/1653/2999 3000/1654/3000
f  2996/1650/2996 2959/1599/2959 2969/1612/2969 2997/1651/2997
f  2997/1651/2997 2969/1612/2969 2971/1614/2971 2999/1653/2999
f  2993/1643/2993 2998/1652/2998 3001/1655/3001 2994/1644/2994
f  2994/1644/2994 3001/1655/3001 3002/1656/3002 2995/1647/2995
f  2998/1652/2998 3000/1654/3000 3003/1657/3003 3001/1655/3001
f  3001/1655/3001 3003/1657/3003 3004/1658/3004 3002/1656/3002
f  3005/1575/3005 2922/1578/2922 2923/1577/2923 3006/1576/3006
f  3006/1576/3006 2923/1577/2923 2924/1580/2924 3007/1579/3007
f  3005/1575/3005 3008/1582/3008 2925/1581/2925 2922/1578/2922
f  3008/1582/3008 3009/1584/3009 2926/1583/2926 2925/1581/2925
f  3005/1575/3005 3010/1586/3010 3011/1585/3011 3008/1582/3008
f  3010/1586/3010 3012/1588/3012 3013/1587/3013 3011/1585/3011
f  3008/1582/3008 3011/1585/3011 3014/1589/3014 3009/1584/3009
f  3011/1585/3011 3013/1587/3013 3015/1590/3015 3014/1589/3014
f  3005/1575/3005 3006/1576/3006 3016/1591/3016 3010/1586/3010
f  3006/1576/3006 3007/1579/3007 3017/1592/3017 3016/1591/3016
f  3010/1586/3010 3016/1591/3016 3018/1593/3018 3012/1588/3012
f  3016/1591/3016 3017/1592/3017 3019/1594/3019 3018/1593/3018
f  3020/1595/3020 2927/1598/2927 2928/1597/2928 3021/1596/3021
f  3021/1596/3021 2928/1597/2928 2929/1600/2929 3022/1599/3022
f  3020/1595/3020 3023/1602/3023 2930/1601/2930 2927/1598/2927
f  3023/1602/3023 3024/1604/3024 2931/1603/2931 2930/1601/2930
f  3020/1595/3020 3025/1606/3025 3026/1605/3026 3023/1602/3023
f  3025/1606/3025 3027/1608/3027 3028/1607/3028 3026/1605/3026
f  3023/1602/3023 3026/1605/3026 3029/1609/3029 3024/1604/3024
f  3026/1605/3026 3028/1607/3028 3030/1610/3030 3029/1609/3029
f  3020/1595/3020 3021/1596/3021 3031/1611/3031 3025/1606/3025
f  3021/1596/3021 3022/1599/3022 3032/1612/3032 3031/1611/3031
f  3025/1606/3025 3031/1611/3031 3033/1613/3033 3027/1608/3027
f  3031/1611/3031 3032/1612/3032 3034/1614/3034 3033/1613/3033
f  3035/1615/3035 2932/1618/2932 2933/1617/2933 3036/1616/3036
f  3036/1616/3036 2933/1617/2933 2926/1583/2926 3009/1584/3009
f  3035/1615/3035 3037/1620/3037 2934/1619/2934 2932/1618/2932
f  3037/1620/3037 3038/1622/3038 2935/1621/2935 2934/1619/2934
f  3035/1615/3035 3039/1624/3039 3040/1623/3040 3037/1620/3037
f  3039/1624/3039 2979/1626/2979 2978/1625/2978 3040/1623/3040
f  3037/1620/3037 3040/1623/3040 3041/1627/3041 3038/1622/3038
f  3040/1623/3040 2978/1625/2978 3042/1628/3042 3041/1627/3041
f  3035/1615/3035 3036/1616/3036 3043/1629/3043 3039/1624/3039
f  3036/1616/3036 3009/1584/3009 3014/1589/3014 3043/1629/3043
f  3039/1624/3039 3043/1629/3043 3044/1630/3044 2979/1626/2979
f  3043/1629/3043 3014/1589/3014 3015/1590/3015 3044/1630/3044
f  3045/1631/3045 2936/1634/2936 2937/1633/2937 3046/1632/3046
f  3046/1632/3046 2937/1633/2937 2931/1603/2931 3024/1604/3024
f  3045/1631/3045 3047/1636/3047 2938/1635/2938 2936/1634/2936
f  3047/1636/3047 3007/1579/3007 2924/1580/2924 2938/1635/2938
f  3045/1631/3045 3048/1638/3048 3049/1637/3049 3047/1636/3047
f  3048/1638/3048 3050/1640/3050 3051/1639/3051 3049/1637/3049
f  3047/1636/3047 3049/1637/3049 3017/1592/3017 3007/1579/3007
f  3049/1637/3049 3051/1639/3051 3019/1594/3019 3017/1592/3017
f  3045/1631/3045 3046/1632/3046 3052/1641/3052 3048/1638/3048
f  3046/1632/3046 3024/1604/3024 3029/1609/3029 3052/1641/3052
f  3048/1638/3048 3052/1641/3052 3053/1642/3053 3050/1640/3050
f  3052/1641/3052 3029/1609/3029 3030/1610/3030 3053/1642/3053
f  3054/1643/3054 2939/1646/2939 2940/1645/2940 3055/1644/3055
f  3055/1644/3055 2940/1645/2940 1491/1648/1491 2995/1647/2995
f  3054/1643/3054 3056/1650/3056 2941/1649/2941 2939/1646/2939
f  3056/1650/3056 3022/1599/3022 2929/1600/2929 2941/1649/2941
f  3054/1643/3054 3057/1652/3057 3058/1651/3058 3056/1650/3056
f  3057/1652/3057 3059/1654/3059 3060/1653/3060 3058/1651/3058
f  3056/1650/3056 3058/1651/3058 3032/1612/3032 3022/1599/3022
f  3058/1651/3058 3060/1653/3060 3034/1614/3034 3032/1612/3032
f  3054/1643/3054 3055/1644/3055 3061/1655/3061 3057/1652/3057
f  3055/1644/3055 2995/1647/2995 3002/1656/3002 3061/1655/3061
f  3057/1652/3057 3061/1655/3061 3062/1657/3062 3059/1654/3059
f  3061/1655/3061 3002/1656/3002 3004/1658/3004 3062/1657/3062
f  6/6/6 1502/1574/3063 1501/1573/3064 7/7/7
f  264/269/264 7/7/7 1501/1573/3064 266/271/266
f  312/318/312 266/271/266 1501/1573/3064 313/319/313
f  3063/1659/3065 3064/1660/3066 3065/1661/3067 315/321/315
f  1502/1662/3068 10/1663/3069 3064/1660/3066 3063/1659/3065
f  1502/1664/3070 1501/1665/3071 268/273/268 314/320/314
f  1501/1665/3071 313/1666/3072 11/274/11 268/273/268
f  313/1667/3072 1501/1668/3073 12/12/12 11/11/11
f  10/1669/3069 1502/1664/3070 314/320/314 3064/1670/3066
f  1501/1668/3073 1502/1662/3068 3063/1659/3065 12/12/12
f  12/12/12 3063/1659/3065 315/321/315 13/13/13
f  3/3/3 10/10/10 1502/1574/3063 6/6/6
f  1645/176/1645 1527/42/1527 1530/43/1530 1646/179/1646
f  1637/171/1637 1645/176/1645 1646/179/1646 1640/172/1640
f  1638/170/1638 1643/173/1643 1509/22/1509 1506/17/1506
f  1637/171/1637 1640/172/1640 1643/173/1643 1638/170/1638
f  1593/115/1593 117/117/117 122/122/122 1594/120/1594
f  1585/110/1585 1593/115/1593 1594/120/1594 1588/111/1588
f  1586/109/1586 1591/112/1591 1537/52/1537 1534/47/1534
f  1585/110/1585 1588/111/1588 1591/112/1591 1586/109/1586
f  1532/45/1532 1534/47/1534 1537/52/1537 1535/50/1535
f  1520/36/1520 1532/45/1532 1535/50/1535 1523/37/1523
f  1521/35/1521 1526/38/1526 1530/43/1530 1527/42/1527
f  1520/36/1520 1523/37/1523 1526/38/1526 1521/35/1521
f  1504/15/1504 1506/17/1506 1509/22/1509 1507/20/1507
f  1494/4/1494 1504/15/1504 1507/20/1507 1497/5/1497
f  1495/3/1495 1500/6/1500 1502/1574/1502 10/10/10
f  1494/4/1494 1497/5/1497 1500/6/1500 1495/3/1495
f  3064/1670/3066 314/320/314 315/321/315 3065/1661/3067
f  176/176/176 179/179/179 43/43/43 42/42/42
f  171/171/171 172/172/172 179/179/179 176/176/176
f  170/170/170 17/17/17 22/22/22 173/173/173
f  171/171/171 170/170/170 173/173/173 172/172/172
f  115/115/115 120/120/120 122/122/122 117/117/117
f  110/110/110 111/111/111 120/120/120 115/115/115
f  109/109/109 47/47/47 52/52/52 112/112/112
f  110/110/110 109/109/109 112/112/112 111/111/111
f  45/45/45 50/50/50 52/52/52 47/47/47
f  36/36/36 37/37/37 50/50/50 45/45/45
f  35/35/35 42/42/42 43/43/43 38/38/38
f  36/36/36 35/35/35 38/38/38 37/37/37
f  15/15/15 20/20/20 22/22/22 17/17/17
f  4/4/4 5/5/5 20/20/20 15/15/15
f  4/4/4 3/3/3 6/6/6 5/5/5

# Mesh 'Cube.000' with 2128 faces
g Cube.000
usemtl guts
f  3066/1671/3074 3067/1672/3075 3068/1673/3076 3069/1674/3077
f  3069/1674/3077 3068/1673/3076 3070/1675/3078 3071/1676/3079
f  3067/1672/3075 3072/1677/3080 3073/1678/3081 3068/1673/3076
f  3068/1673/3076 3073/1678/3081 3074/1679/3082 3070/1675/3078
f  3066/1671/3074 3069/1674/3077 3075/1680/3083 3076/1681/3084
f  3076/1681/3084 3075/1680/3083 3077/1682/3085 3078/1683/3086
f  3069/1674/3077 3071/1676/3079 3079/1684/3087 3075/1680/3083
f  3075/1680/3083 3079/1684/3087 3080/1685/3088 3077/1682/3085
f  3066/1671/3074 3076/1681/3084 3081/1686/3089 3082/1687/3090
f  3082/1687/3090 3081/1686/3089 3083/1688/3091 3084/1689/3092
f  3076/1681/3084 3078/1683/3086 3085/1690/3093 3081/1686/3089
f  3081/1686/3089 3085/1690/3093 3086/1691/3094 3083/1688/3091
f  3066/1671/3074 3082/1687/3090 3087/1692/3095 3067/1672/3075
f  3067/1672/3075 3087/1692/3095 3088/1693/3096 3072/1677/3080
f  3082/1687/3090 3084/1689/3092 3089/1694/3097 3087/1692/3095
f  3087/1692/3095 3089/1694/3097 3090/1695/3098 3088/1693/3096
f  3091/1696/3099 3092/1697/3100 3093/1698/3101 3094/1699/3102
f  3094/1699/3102 3093/1698/3101 3095/1700/3103 3096/1701/3104
f  3092/1697/3100 3097/1702/3105 3098/1703/3106 3093/1698/3101
f  3093/1698/3101 3098/1703/3106 3099/1704/3107 3095/1700/3103
f  3091/1696/3099 3094/1699/3102 3100/1705/3108 3101/1706/3109
f  3101/1706/3109 3100/1705/3108 3102/1707/3110 3103/1708/3111
f  3094/1699/3102 3096/1701/3104 3104/1709/3112 3100/1705/3108
f  3100/1705/3108 3104/1709/3112 3105/1710/3113 3102/1707/3110
f  3091/1696/3099 3101/1706/3109 3106/1711/3114 3107/1712/3115
f  3107/1712/3115 3106/1711/3114 3108/1713/3116 3109/1714/3117
f  3101/1706/3109 3103/1708/3111 3110/1715/3118 3106/1711/3114
f  3106/1711/3114 3110/1715/3118 3111/1716/3119 3108/1713/3116
f  3091/1696/3099 3107/1712/3115 3112/1717/3120 3092/1697/3100
f  3092/1697/3100 3112/1717/3120 3113/1718/3121 3097/1702/3105
f  3107/1712/3115 3109/1714/3117 3114/1719/3122 3112/1717/3120
f  3112/1717/3120 3114/1719/3122 3115/1720/3123 3113/1718/3121
f  3116/1721/3124 3117/1722/3125 3118/1723/3126 3119/1724/3127
f  3119/1724/3127 3118/1723/3126 3114/1719/3122 3109/1714/3117
f  3117/1722/3125 3120/1725/3128 3121/1726/3129 3118/1723/3126
f  3118/1723/3126 3121/1726/3129 3115/1720/3123 3114/1719/3122
f  3116/1721/3124 3119/1724/3127 3122/1727/3130 3123/1728/3131
f  3123/1728/3131 3122/1727/3130 3124/1729/3132 3125/1730/3133
f  3119/1724/3127 3109/1714/3117 3108/1713/3116 3122/1727/3130
f  3122/1727/3130 3108/1713/3116 3111/1716/3119 3124/1729/3132
f  3116/1721/3124 3123/1728/3131 3126/1731/3134 3127/1732/3135
f  3127/1732/3135 3126/1731/3134 3128/1733/3136 3129/1734/3137
f  3123/1728/3131 3125/1730/3133 3130/1735/3138 3126/1731/3134
f  3126/1731/3134 3130/1735/3138 3131/1736/3139 3128/1733/3136
f  3116/1721/3124 3127/1732/3135 3132/1737/3140 3117/1722/3125
f  3117/1722/3125 3132/1737/3140 3133/1738/3141 3120/1725/3128
f  3127/1732/3135 3129/1734/3137 3134/1739/3142 3132/1737/3140
f  3132/1737/3140 3134/1739/3142 3135/1740/3143 3133/1738/3141
f  3136/1741/3144 3137/1742/3145 3138/1743/3146 3139/1744/3147
f  3139/1744/3147 3138/1743/3146 3140/1745/3148 3141/1746/3149
f  3137/1742/3145 3142/1747/3150 3143/1748/3151 3138/1743/3146
f  3138/1743/3146 3143/1748/3151 3144/1749/3152 3140/1745/3148
f  3136/1741/3144 3139/1744/3147 3145/1750/3153 3146/1751/3154
f  3146/1751/3154 3145/1750/3153 3147/1752/3155 3148/1753/3156
f  3139/1744/3147 3141/1746/3149 3149/1754/3157 3145/1750/3153
f  3145/1750/3153 3149/1754/3157 3150/1755/3158 3147/1752/3155
f  3136/1741/3144 3146/1751/3154 3151/1756/3159 3152/1757/3160
f  3152/1757/3160 3151/1756/3159 3079/1684/3087 3071/1676/3079
f  3146/1751/3154 3148/1753/3156 3153/1758/3161 3151/1756/3159
f  3151/1756/3159 3153/1758/3161 3080/1685/3088 3079/1684/3087
f  3136/1741/3144 3152/1757/3160 3154/1759/3162 3137/1742/3145
f  3137/1742/3145 3154/1759/3162 3155/1760/3163 3142/1747/3150
f  3152/1757/3160 3071/1676/3079 3070/1675/3078 3154/1759/3162
f  3154/1759/3162 3070/1675/3078 3074/1679/3082 3155/1760/3163
f  3156/1761/3164 3157/1762/3165 3158/1763/3166 3159/1764/3167
f  3159/1764/3167 3158/1763/3166 3160/1765/3168 3161/1766/3169
f  3157/1762/3165 3162/1767/3170 3163/1768/3171 3158/1763/3166
f  3158/1763/3166 3163/1768/3171 3164/1769/3172 3160/1765/3168
f  3156/1761/3164 3159/1764/3167 3165/1770/3173 3166/1771/3174
f  3166/1771/3174 3165/1770/3173 3167/1772/3175 3168/1773/3176
f  3159/1764/3167 3161/1766/3169 3169/1774/3177 3165/1770/3173
f  3165/1770/3173 3169/1774/3177 3170/1775/3178 3167/1772/3175
f  3156/1761/3164 3166/1771/3174 3171/1776/3179 3172/1777/3180
f  3172/1777/3180 3171/1776/3179 3173/1778/3181 3174/1779/3182
f  3166/1771/3174 3168/1773/3176 3175/1780/3183 3171/1776/3179
f  3171/1776/3179 3175/1780/3183 3176/1781/3184 3173/1778/3181
f  3156/1761/3164 3172/1777/3180 3177/1782/3185 3157/1762/3165
f  3157/1762/3165 3177/1782/3185 3178/1783/3186 3162/1767/3170
f  3172/1777/3180 3174/1779/3182 3179/1784/3187 3177/1782/3185
f  3177/1782/3185 3179/1784/3187 3180/1785/3188 3178/1783/3186
f  3181/1786/3189 3182/1787/3190 3183/1788/3191 3184/1789/3192
f  3184/1789/3192 3183/1788/3191 3185/1790/3193 3186/1791/3194
f  3182/1787/3190 3187/1792/3195 3188/1793/3196 3183/1788/3191
f  3183/1788/3191 3188/1793/3196 3189/1794/3197 3185/1790/3193
f  3181/1786/3189 3184/1789/3192 3190/1795/3198 3191/1796/3199
f  3191/1796/3199 3190/1795/3198 3163/1768/3171 3162/1767/3170
f  3184/1789/3192 3186/1791/3194 3192/1797/3200 3190/1795/3198
f  3190/1795/3198 3192/1797/3200 3164/1769/3172 3163/1768/3171
f  3181/1786/3189 3191/1796/3199 3193/1798/3201 3194/1799/3202
f  3194/1799/3202 3193/1798/3201 3195/1800/3203 3196/1801/3204
f  3191/1796/3199 3162/1767/3170 3178/1783/3186 3193/1798/3201
f  3193/1798/3201 3178/1783/3186 3180/1785/3188 3195/1800/3203
f  3181/1786/3189 3194/1799/3202 3197/1802/3205 3182/1787/3190
f  3182/1787/3190 3197/1802/3205 3198/1803/3206 3187/1792/3195
f  3194/1799/3202 3196/1801/3204 3199/1804/3207 3197/1802/3205
f  3197/1802/3205 3199/1804/3207 3200/1805/3208 3198/1803/3206
f  3201/1806/3209 3202/1807/3210 3203/1808/3211 3204/1809/3212
f  3204/1809/3212 3203/1808/3211 3205/1810/3213 3206/1811/3214
f  3202/1807/3210 3207/1812/3215 3208/1813/3216 3203/1808/3211
f  3203/1808/3211 3208/1813/3216 3209/1814/3217 3205/1810/3213
f  3201/1806/3209 3204/1809/3212 3210/1815/3218 3211/1816/3219
f  3211/1816/3219 3210/1815/3218 3212/1817/3220 3213/1818/3221
f  3204/1809/3212 3206/1811/3214 3214/1819/3222 3210/1815/3218
f  3210/1815/3218 3214/1819/3222 3215/1820/3223 3212/1817/3220
f  3201/1806/3209 3211/1816/3219 3216/1821/3224 3217/1822/3225
f  3217/1822/3225 3216/1821/3224 3218/1823/3226 3219/1824/3227
f  3211/1816/3219 3213/1818/3221 3220/1825/3228 3216/1821/3224
f  3216/1821/3224 3220/1825/3228 3221/1826/3229 3218/1823/3226
f  3201/1806/3209 3217/1822/3225 3222/1827/3230 3202/1807/3210
f  3202/1807/3210 3222/1827/3230 3223/1828/3231 3207/1812/3215
f  3217/1822/3225 3219/1824/3227 3224/1829/3232 3222/1827/3230
f  3222/1827/3230 3224/1829/3232 3225/1830/3233 3223/1828/3231
f  3226/1831/3234 3227/1832/3235 3228/1833/3236 3229/1834/3237
f  3229/1834/3237 3228/1833/3236 3230/1835/3238 3231/1836/3239
f  3227/1832/3235 3232/1837/3240 3233/1838/3241 3228/1833/3236
f  3228/1833/3236 3233/1838/3241 3234/1839/3242 3230/1835/3238
f  3226/1831/3234 3229/1834/3237 3235/1840/3243 3236/1841/3244
f  3236/1841/3244 3235/1840/3243 3208/1813/3216 3207/1812/3215
f  3229/1834/3237 3231/1836/3239 3237/1842/3245 3235/1840/3243
f  3235/1840/3243 3237/1842/3245 3209/1814/3217 3208/1813/3216
f  3226/1831/3234 3236/1841/3244 3238/1843/3246 3239/1844/3247
f  3239/1844/3247 3238/1843/3246 3240/1845/3248 3241/1846/3249
f  3236/1841/3244 3207/1812/3215 3223/1828/3231 3238/1843/3246
f  3238/1843/3246 3223/1828/3231 3225/1830/3233 3240/1845/3248
f  3226/1831/3234 3239/1844/3247 3242/1847/3250 3227/1832/3235
f  3227/1832/3235 3242/1847/3250 3243/1848/3251 3232/1837/3240
f  3239/1844/3247 3241/1846/3249 3244/1849/3252 3242/1847/3250
f  3242/1847/3250 3244/1849/3252 3245/1850/3253 3243/1848/3251
f  3246/1851/3254 3247/1852/3255 3248/1853/3256 3249/1854/3257
f  3249/1854/3257 3248/1853/3256 3250/1855/3258 3251/1856/3259
f  3247/1852/3255 3252/1857/3260 3253/1858/3261 3248/1853/3256
f  3248/1853/3256 3253/1858/3261 3245/1850/3253 3250/1855/3258
f  3246/1851/3254 3249/1854/3257 3254/1859/3262 3255/1860/3263
f  3255/1860/3263 3254/1859/3262 3256/1861/3264 3257/1862/3265
f  3249/1854/3257 3251/1856/3259 3258/1863/3266 3254/1859/3262
f  3254/1859/3262 3258/1863/3266 3259/1864/3267 3256/1861/3264
f  3246/1851/3254 3255/1860/3263 3260/1865/3268 3261/1866/3269
f  3261/1866/3269 3260/1865/3268 3262/1867/3270 3263/1868/3271
f  3255/1860/3263 3257/1862/3265 3264/1869/3272 3260/1865/3268
f  3260/1865/3268 3264/1869/3272 3265/1870/3273 3262/1867/3270
f  3246/1851/3254 3261/1866/3269 3266/1871/3274 3247/1852/3255
f  3247/1852/3255 3266/1871/3274 3267/1872/3275 3252/1857/3260
f  3261/1866/3269 3263/1868/3271 3268/1873/3276 3266/1871/3274
f  3266/1871/3274 3268/1873/3276 3176/1781/3184 3267/1872/3275
f  3269/1874/3277 3270/1875/3278 3271/1876/3279 3272/1877/3280
f  3272/1877/3280 3271/1876/3279 3273/1878/3281 3274/1879/3282
f  3270/1875/3278 3257/1862/3265 3256/1861/3264 3271/1876/3279
f  3271/1876/3279 3256/1861/3264 3259/1864/3267 3273/1878/3281
f  3269/1874/3277 3272/1877/3280 3275/1880/3283 3276/1881/3284
f  3276/1881/3284 3275/1880/3283 3143/1748/3151 3142/1747/3150
f  3272/1877/3280 3274/1879/3282 3277/1882/3285 3275/1880/3283
f  3275/1880/3283 3277/1882/3285 3144/1749/3152 3143/1748/3151
f  3269/1874/3277 3276/1881/3284 3278/1883/3286 3279/1884/3287
f  3279/1884/3287 3278/1883/3286 3280/1885/3288 3281/1886/3289
f  3276/1881/3284 3142/1747/3150 3155/1760/3163 3278/1883/3286
f  3278/1883/3286 3155/1760/3163 3074/1679/3082 3280/1885/3288
f  3269/1874/3277 3279/1884/3287 3282/1887/3290 3270/1875/3278
f  3270/1875/3278 3282/1887/3290 3264/1869/3272 3257/1862/3265
f  3279/1884/3287 3281/1886/3289 3283/1888/3291 3282/1887/3290
f  3282/1887/3290 3283/1888/3291 3265/1870/3273 3264/1869/3272
f  3284/1889/3292 3285/1890/3293 3286/1891/3294 3287/1892/3295
f  3287/1892/3295 3286/1891/3294 3288/1893/3296 3289/1894/3297
f  3285/1890/3293 3219/1824/3227 3218/1823/3226 3286/1891/3294
f  3286/1891/3294 3218/1823/3226 3221/1826/3229 3288/1893/3296
f  3284/1889/3292 3287/1892/3295 3290/1895/3298 3291/1896/3299
f  3291/1896/3299 3290/1895/3298 3292/1897/3300 3293/1898/3301
f  3287/1892/3295 3289/1894/3297 3294/1899/3302 3290/1895/3298
f  3290/1895/3298 3294/1899/3302 3295/1900/3303 3292/1897/3300
f  3284/1889/3292 3291/1896/3299 3296/1901/3304 3297/1902/3305
f  3297/1902/3305 3296/1901/3304 3298/1903/3306 3299/1904/3307
f  3291/1896/3299 3293/1898/3301 3300/1905/3308 3296/1901/3304
f  3296/1901/3304 3300/1905/3308 3301/1906/3309 3298/1903/3306
f  3284/1889/3292 3297/1902/3305 3302/1907/3310 3285/1890/3293
f  3285/1890/3293 3302/1907/3310 3224/1829/3232 3219/1824/3227
f  3297/1902/3305 3299/1904/3307 3303/1908/3311 3302/1907/3310
f  3302/1907/3310 3303/1908/3311 3225/1830/3233 3224/1829/3232
f  3304/1909/3312 3305/1910/3313 3306/1911/3314 3307/1912/3315
f  3307/1912/3315 3306/1911/3314 3308/1913/3316 3309/1914/3317
f  3305/1910/3313 3293/1898/3301 3292/1897/3300 3306/1911/3314
f  3306/1911/3314 3292/1897/3300 3295/1900/3303 3308/1913/3316
f  3304/1909/3312 3307/1912/3315 3310/1915/3318 3311/1916/3319
f  3311/1916/3319 3310/1915/3318 3121/1726/3129 3120/1725/3128
f  3307/1912/3315 3309/1914/3317 3312/1917/3320 3310/1915/3318
f  3310/1915/3318 3312/1917/3320 3115/1720/3123 3121/1726/3129
f  3304/1909/3312 3311/1916/3319 3313/1918/3321 3314/1919/3322
f  3314/1919/3322 3313/1918/3321 3315/1920/3323 3316/1921/3324
f  3311/1916/3319 3120/1725/3128 3133/1738/3141 3313/1918/3321
f  3313/1918/3321 3133/1738/3141 3135/1740/3143 3315/1920/3323
f  3304/1909/3312 3314/1919/3322 3317/1922/3325 3305/1910/3313
f  3305/1910/3313 3317/1922/3325 3300/1905/3308 3293/1898/3301
f  3314/1919/3322 3316/1921/3324 3318/1923/3326 3317/1922/3325
f  3317/1922/3325 3318/1923/3326 3301/1906/3309 3300/1905/3308
f  3319/1924/3327 3320/1925/3328 3321/1926/3329 3322/1927/3330
f  3322/1927/3330 3321/1926/3329 3323/1928/3331 3324/1929/3332
f  3320/1925/3328 3325/1930/3333 3326/1931/3334 3321/1926/3329
f  3321/1926/3329 3326/1931/3334 3200/1932/3208 3323/1928/3331
f  3319/1924/3327 3322/1927/3330 3327/1933/3335 3328/1934/3336
f  3328/1934/3336 3327/1933/3335 3329/1935/3337 3330/1936/3338
f  3322/1927/3330 3324/1929/3332 3331/1937/3339 3327/1933/3335
f  3327/1933/3335 3331/1937/3339 3332/1938/3340 3329/1935/3337
f  3319/1924/3327 3328/1934/3336 3333/1939/3341 3334/1940/3342
f  3334/1940/3342 3333/1939/3341 3294/1899/3302 3289/1894/3297
f  3328/1934/3336 3330/1936/3338 3335/1941/3343 3333/1939/3341
f  3333/1939/3341 3335/1941/3343 3295/1900/3303 3294/1899/3302
f  3319/1924/3327 3334/1940/3342 3336/1942/3344 3320/1925/3328
f  3320/1925/3328 3336/1942/3344 3337/1943/3345 3325/1930/3333
f  3334/1940/3342 3289/1894/3297 3288/1893/3296 3336/1942/3344
f  3336/1942/3344 3288/1893/3296 3221/1826/3229 3337/1943/3345
f  3338/1944/3346 3339/1945/3347 3340/1946/3348 3341/1947/3349
f  3341/1947/3349 3340/1946/3348 3342/1948/3350 3343/1949/3351
f  3339/1945/3347 3330/1936/3338 3329/1935/3337 3340/1946/3348
f  3340/1946/3348 3329/1935/3337 3332/1938/3340 3342/1948/3350
f  3338/1944/3346 3341/1947/3349 3344/1950/3352 3345/1951/3353
f  3345/1951/3353 3344/1950/3352 3098/1703/3106 3097/1702/3105
f  3341/1947/3349 3343/1949/3351 3346/1952/3354 3344/1950/3352
f  3344/1950/3352 3346/1952/3354 3099/1704/3107 3098/1703/3106
f  3338/1944/3346 3345/1951/3353 3347/1953/3355 3348/1954/3356
f  3348/1954/3356 3347/1953/3355 3312/1917/3320 3309/1914/3317
f  3345/1951/3353 3097/1702/3105 3113/1718/3121 3347/1953/3355
f  3347/1953/3355 3113/1718/3121 3115/1720/3123 3312/1917/3320
f  3338/1944/3346 3348/1954/3356 3349/1955/3357 3339/1945/3347
f  3339/1945/3347 3349/1955/3357 3335/1941/3343 3330/1936/3338
f  3348/1954/3356 3309/1914/3317 3308/1913/3316 3349/1955/3357
f  3349/1955/3357 3308/1913/3316 3295/1900/3303 3335/1941/3343
f  3350/1956/3358 3351/1957/3359 3352/1958/3360 3353/1959/3361
f  3353/1959/3361 3352/1958/3360 3268/1873/3276 3263/1868/3271
f  3351/1957/3359 3174/1779/3182 3173/1778/3181 3352/1958/3360
f  3352/1958/3360 3173/1778/3181 3176/1781/3184 3268/1873/3276
f  3350/1956/3358 3353/1959/3361 3354/1960/3362 3355/1961/3363
f  3355/1961/3363 3354/1960/3362 3356/1962/3364 3357/1963/3365
f  3353/1959/3361 3263/1868/3271 3262/1867/3270 3354/1960/3362
f  3354/1960/3362 3262/1867/3270 3265/1870/3273 3356/1962/3364
f  3350/1956/3358 3355/1961/3363 3358/1964/3366 3359/1965/3367
f  3359/1965/3367 3358/1964/3366 3360/1966/3368 3361/1967/3369
f  3355/1961/3363 3357/1963/3365 3362/1968/3370 3358/1964/3366
f  3358/1964/3366 3362/1968/3370 3363/1969/3371 3360/1966/3368
f  3350/1956/3358 3359/1965/3367 3364/1970/3372 3351/1957/3359
f  3351/1957/3359 3364/1970/3372 3179/1784/3187 3174/1779/3182
f  3359/1965/3367 3361/1967/3369 3365/1971/3373 3364/1970/3372
f  3364/1970/3372 3365/1971/3373 3180/1785/3188 3179/1784/3187
f  3366/1972/3374 3367/1973/3375 3368/1974/3376 3369/1975/3377
f  3369/1975/3377 3368/1974/3376 3283/1888/3291 3281/1886/3289
f  3367/1973/3375 3357/1963/3365 3356/1962/3364 3368/1974/3376
f  3368/1974/3376 3356/1962/3364 3265/1870/3273 3283/1888/3291
f  3366/1972/3374 3369/1975/3377 3370/1976/3378 3371/1977/3379
f  3371/1977/3379 3370/1976/3378 3073/1678/3081 3072/1677/3080
f  3369/1975/3377 3281/1886/3289 3280/1885/3288 3370/1976/3378
f  3370/1976/3378 3280/1885/3288 3074/1679/3082 3073/1678/3081
f  3366/1972/3374 3371/1977/3379 3372/1978/3380 3373/1979/3381
f  3373/1979/3381 3372/1978/3380 3374/1980/3382 3375/1981/3383
f  3371/1977/3379 3072/1677/3080 3088/1693/3096 3372/1978/3380
f  3372/1978/3380 3088/1693/3096 3090/1695/3098 3374/1980/3382
f  3366/1972/3374 3373/1979/3381 3376/1982/3384 3367/1973/3375
f  3367/1973/3375 3376/1982/3384 3362/1968/3370 3357/1963/3365
f  3373/1979/3381 3375/1981/3383 3377/1983/3385 3376/1982/3384
f  3376/1982/3384 3377/1983/3385 3363/1969/3371 3362/1968/3370
f  3378/1984/3386 3379/1985/3387 3380/1986/3388 3381/1987/3389
f  3381/1987/3389 3380/1986/3388 3318/1923/3326 3316/1921/3324
f  3379/1985/3387 3382/1988/3390 3383/1989/3391 3380/1986/3388
f  3380/1986/3388 3383/1989/3391 3301/1906/3309 3318/1923/3326
f  3378/1984/3386 3381/1987/3389 3384/1990/3392 3385/1991/3393
f  3385/1991/3393 3384/1990/3392 3386/1992/3394 3387/1993/3395
f  3381/1987/3389 3316/1921/3324 3315/1920/3323 3384/1990/3392
f  3384/1990/3392 3315/1920/3323 3135/1740/3143 3386/1992/3394
f  3378/1984/3386 3385/1991/3393 3388/1994/3396 3389/1995/3397
f  3389/1995/3397 3388/1994/3396 3277/1882/3285 3274/1879/3282
f  3385/1991/3393 3387/1993/3395 3390/1996/3398 3388/1994/3396
f  3388/1994/3396 3390/1996/3398 3144/1749/3152 3277/1882/3285
f  3378/1984/3386 3389/1995/3397 3391/1997/3399 3379/1985/3387
f  3379/1985/3387 3391/1997/3399 3392/1998/3400 3382/1988/3390
f  3389/1995/3397 3274/1879/3282 3273/1878/3281 3391/1997/3399
f  3391/1997/3399 3273/1878/3281 3259/1864/3267 3392/1998/3400
f  3393/1999/3401 3394/2000/3402 3395/2001/3403 3396/2002/3404
f  3396/2002/3404 3395/2001/3403 3303/1908/3311 3299/1904/3307
f  3394/2000/3402 3241/1846/3249 3240/1845/3248 3395/2001/3403
f  3395/2001/3403 3240/1845/3248 3225/1830/3233 3303/1908/3311
f  3393/1999/3401 3396/2002/3404 3397/2003/3405 3398/2004/3406
f  3398/2004/3406 3397/2003/3405 3383/1989/3391 3382/1988/3390
f  3396/2002/3404 3299/1904/3307 3298/1903/3306 3397/2003/3405
f  3397/2003/3405 3298/1903/3306 3301/1906/3309 3383/1989/3391
f  3393/1999/3401 3398/2004/3406 3399/2005/3407 3400/2006/3408
f  3400/2006/3408 3399/2005/3407 3258/1863/3266 3251/1856/3259
f  3398/2004/3406 3382/1988/3390 3392/1998/3400 3399/2005/3407
f  3399/2005/3407 3392/1998/3400 3259/1864/3267 3258/1863/3266
f  3393/1999/3401 3400/2006/3408 3401/2007/3409 3394/2000/3402
f  3394/2000/3402 3401/2007/3409 3244/1849/3252 3241/1846/3249
f  3400/2006/3408 3251/1856/3259 3250/1855/3258 3401/2007/3409
f  3401/2007/3409 3250/1855/3258 3245/1850/3253 3244/1849/3252
f  3402/2008/3410 3403/2009/3411 3404/2010/3412 3405/2011/3413
f  3405/2011/3413 3404/2010/3412 3406/2012/3414 3407/2013/3415
f  3403/2009/3411 3168/1773/3176 3167/1772/3175 3404/2010/3412
f  3404/2010/3412 3167/1772/3175 3170/1775/3178 3406/2012/3414
f  3402/2008/3410 3405/2011/3413 3408/2014/3416 3409/2015/3417
f  3409/2015/3417 3408/2014/3416 3233/1838/3241 3232/1837/3240
f  3405/2011/3413 3407/2013/3415 3410/2016/3418 3408/2014/3416
f  3408/2014/3416 3410/2016/3418 3234/1839/3242 3233/1838/3241
f  3402/2008/3410 3409/2015/3417 3411/2017/3419 3412/2018/3420
f  3412/2018/3420 3411/2017/3419 3253/1858/3261 3252/1857/3260
f  3409/2015/3417 3232/1837/3240 3243/1848/3251 3411/2017/3419
f  3411/2017/3419 3243/1848/3251 3245/1850/3253 3253/1858/3261
f  3402/2008/3410 3412/2018/3420 3413/2019/3421 3403/2009/3411
f  3403/2009/3411 3413/2019/3421 3175/1780/3183 3168/1773/3176
f  3412/2018/3420 3252/1857/3260 3267/1872/3275 3413/2019/3421
f  3413/2019/3421 3267/1872/3275 3176/1781/3184 3175/1780/3183
f  3414/2020/3422 3415/2021/3423 3416/2022/3424 3417/2023/3425
f  3417/2023/3425 3416/2022/3424 3134/1739/3142 3129/1734/3137
f  3415/2021/3423 3387/1993/3395 3386/1992/3394 3416/2022/3424
f  3416/2022/3424 3386/1992/3394 3135/1740/3143 3134/1739/3142
f  3414/2020/3422 3417/2023/3425 3418/2024/3426 3419/2025/3427
f  3419/2025/3427 3418/2024/3426 3420/2026/3428 3421/2027/3429
f  3417/2023/3425 3129/1734/3137 3128/1733/3136 3418/2024/3426
f  3418/2024/3426 3128/1733/3136 3131/1736/3139 3420/2026/3428
f  3414/2020/3422 3419/2025/3427 3422/2028/3430 3423/2029/3431
f  3423/2029/3431 3422/2028/3430 3149/1754/3157 3141/1746/3149
f  3419/2025/3427 3421/2027/3429 3424/2030/3432 3422/2028/3430
f  3422/2028/3430 3424/2030/3432 3150/1755/3158 3149/1754/3157
f  3414/2020/3422 3423/2029/3431 3425/2031/3433 3415/2021/3423
f  3415/2021/3423 3425/2031/3433 3390/1996/3398 3387/1993/3395
f  3423/2029/3431 3141/1746/3149 3140/1745/3148 3425/2031/3433
f  3425/2031/3433 3140/1745/3148 3144/1749/3152 3390/1996/3398
f  3426/2032/3434 3427/2033/3435 3428/2034/3436 3429/2035/3437
f  3429/2035/3437 3428/2034/3436 3377/1983/3385 3375/1981/3383
f  3427/2033/3435 3430/2036/3438 3431/2037/3439 3428/2034/3436
f  3428/2034/3436 3431/2037/3439 3363/1969/3371 3377/1983/3385
f  3426/2032/3434 3429/2035/3437 3432/2038/3440 3433/2039/3441
f  3433/2039/3441 3432/2038/3440 3434/2040/3442 3435/2041/3443
f  3429/2035/3437 3375/1981/3383 3374/1980/3382 3432/2038/3440
f  3432/2038/3440 3374/1980/3382 3090/1695/3098 3434/2040/3442
f  3426/2032/3434 3433/2039/3441 3436/2042/3444 3437/2043/3445
f  3437/2043/3445 3436/2042/3444 3346/2044/3354 3343/2045/3351
f  3433/2039/3441 3435/2041/3443 3438/2046/3446 3436/2042/3444
f  3436/2042/3444 3438/2046/3446 3099/2047/3107 3346/2044/3354
f  3426/2032/3434 3437/2043/3445 3439/2048/3447 3427/2033/3435
f  3427/2033/3435 3439/2048/3447 3440/2049/3448 3430/2036/3438
f  3437/2043/3445 3343/2045/3351 3342/2050/3350 3439/2048/3447
f  3439/2048/3447 3342/2050/3350 3332/2051/3340 3440/2049/3448
f  3441/2052/3449 3442/2053/3450 3443/2054/3451 3444/2055/3452
f  3444/2055/3452 3443/2054/3451 3365/1971/3373 3361/1967/3369
f  3442/2053/3450 3196/1801/3204 3195/1800/3203 3443/2054/3451
f  3443/2054/3451 3195/1800/3203 3180/1785/3188 3365/1971/3373
f  3441/2052/3449 3444/2055/3452 3445/2056/3453 3446/2057/3454
f  3446/2057/3454 3445/2056/3453 3431/2037/3439 3430/2036/3438
f  3444/2055/3452 3361/1967/3369 3360/1966/3368 3445/2056/3453
f  3445/2056/3453 3360/1966/3368 3363/1969/3371 3431/2037/3439
f  3441/2052/3449 3446/2057/3454 3447/2058/3455 3448/2059/3456
f  3448/2059/3456 3447/2058/3455 3331/2060/3339 3324/2061/3332
f  3446/2057/3454 3430/2036/3438 3440/2049/3448 3447/2058/3455
f  3447/2058/3455 3440/2049/3448 3332/2051/3340 3331/2060/3339
f  3441/2052/3449 3448/2059/3456 3449/2062/3457 3442/2053/3450
f  3442/2053/3450 3449/2062/3457 3199/1804/3207 3196/1801/3204
f  3448/2059/3456 3324/2061/3332 3323/2063/3331 3449/2062/3457
f  3449/2062/3457 3323/2063/3331 3200/1805/3208 3199/1804/3207
f  3450/2064/3458 3451/2065/3459 3452/2066/3460 3453/2067/3461
f  3453/2067/3461 3452/2066/3460 3454/2068/3462 3455/2069/3463
f  3451/2065/3459 3213/1818/3221 3212/1817/3220 3452/2066/3460
f  3452/2066/3460 3212/1817/3220 3215/1820/3223 3454/2068/3462
f  3450/2064/3458 3453/2067/3461 3456/2070/3464 3457/2071/3465
f  3457/2071/3465 3456/2070/3464 3188/2072/3196 3187/2073/3195
f  3453/2067/3461 3455/2069/3463 3458/2074/3466 3456/2070/3464
f  3456/2070/3464 3458/2074/3466 3189/2075/3197 3188/2072/3196
f  3450/2064/3458 3457/2071/3465 3459/2076/3467 3460/2077/3468
f  3460/2077/3468 3459/2076/3467 3326/1931/3334 3325/1930/3333
f  3457/2071/3465 3187/2073/3195 3198/2078/3206 3459/2076/3467
f  3459/2076/3467 3198/2078/3206 3200/1932/3208 3326/1931/3334
f  3450/2064/3458 3460/2077/3468 3461/2079/3469 3451/2065/3459
f  3451/2065/3459 3461/2079/3469 3220/1825/3228 3213/1818/3221
f  3460/2077/3468 3325/1930/3333 3337/1943/3345 3461/2079/3469
f  3461/2079/3469 3337/1943/3345 3221/1826/3229 3220/1825/3228
f  3462/2080/3470 3463/2081/3471 3464/2082/3472 3465/2083/3473
f  3465/2083/3473 3464/2082/3472 3089/1694/3097 3084/1689/3092
f  3463/2081/3471 3435/2041/3443 3434/2040/3442 3464/2082/3472
f  3464/2082/3472 3434/2040/3442 3090/1695/3098 3089/1694/3097
f  3462/2080/3470 3465/2083/3473 3466/2084/3474 3467/2085/3475
f  3467/2085/3475 3466/2084/3474 3468/2086/3476 3469/2087/3477
f  3465/2083/3473 3084/1689/3092 3083/1688/3091 3466/2084/3474
f  3466/2084/3474 3083/1688/3091 3086/1691/3094 3468/2086/3476
f  3462/2080/3470 3467/2085/3475 3470/2088/3478 3471/2089/3479
f  3471/2089/3479 3470/2088/3478 3104/2090/3112 3096/2091/3104
f  3467/2085/3475 3469/2087/3477 3472/2092/3480 3470/2088/3478
f  3470/2088/3478 3472/2092/3480 3105/2093/3113 3104/2090/3112
f  3462/2080/3470 3471/2089/3479 3473/2094/3481 3463/2081/3471
f  3463/2081/3471 3473/2094/3481 3438/2046/3446 3435/2041/3443
f  3471/2089/3479 3096/2091/3104 3095/2095/3103 3473/2094/3481
f  3473/2094/3481 3095/2095/3103 3099/2047/3107 3438/2046/3446
f  3474/2096/3482 3475/2097/3483 3476/2098/3484 3477/2099/3485
f  3477/2099/3485 3476/2098/3484 3110/1715/3118 3103/1708/3111
f  3475/2097/3483 3478/2100/3486 3479/2101/3487 3476/2098/3484
f  3476/2098/3484 3479/2101/3487 3111/1716/3119 3110/1715/3118
f  3474/2096/3482 3477/2099/3485 3480/2102/3488 3481/2103/3489
f  3481/2103/3489 3480/2102/3488 3482/2104/3490 3483/2105/3491
f  3477/2099/3485 3103/1708/3111 3102/1707/3110 3480/2102/3488
f  3480/2102/3488 3102/1707/3110 3105/1710/3113 3482/2104/3490
f  3474/2096/3482 3481/2103/3489 3484/2106/3492 3485/2107/3493
f  3485/2107/3493 3484/2106/3492 3486/2108/3494 3487/2109/3495
f  3481/2103/3489 3483/2105/3491 3488/2110/3496 3484/2106/3492
f  3484/2106/3492 3488/2110/3496 3489/2111/3497 3486/2108/3494
f  3474/2096/3482 3485/2107/3493 3490/2112/3498 3475/2097/3483
f  3475/2097/3483 3490/2112/3498 3491/2113/3499 3478/2100/3486
f  3485/2107/3493 3487/2109/3495 3492/2114/3500 3490/2112/3498
f  3490/2112/3498 3492/2114/3500 3493/2115/3501 3491/2113/3499
f  3494/2116/3502 3495/2117/3503 3496/2118/3504 3497/2119/3505
f  3497/2119/3505 3496/2118/3504 3130/1735/3138 3125/1730/3133
f  3495/2117/3503 3498/2120/3506 3499/2121/3507 3496/2118/3504
f  3496/2118/3504 3499/2121/3507 3131/1736/3139 3130/1735/3138
f  3494/2116/3502 3497/2119/3505 3500/2122/3508 3501/2123/3509
f  3501/2123/3509 3500/2122/3508 3479/2101/3487 3478/2100/3486
f  3497/2119/3505 3125/1730/3133 3124/1729/3132 3500/2122/3508
f  3500/2122/3508 3124/1729/3132 3111/1716/3119 3479/2101/3487
f  3494/2116/3502 3501/2123/3509 3502/2124/3510 3503/2125/3511
f  3503/2125/3511 3502/2124/3510 3504/2126/3512 3505/2127/3513
f  3501/2123/3509 3478/2100/3486 3491/2113/3499 3502/2124/3510
f  3502/2124/3510 3491/2113/3499 3493/2115/3501 3504/2126/3512
f  3494/2116/3502 3503/2125/3511 3506/2128/3514 3495/2117/3503
f  3495/2117/3503 3506/2128/3514 3507/2129/3515 3498/2120/3506
f  3503/2125/3511 3505/2127/3513 3508/2130/3516 3506/2128/3514
f  3506/2128/3514 3508/2130/3516 3509/2131/3517 3507/2129/3515
f  3510/2132/3518 3511/2133/3519 3512/2134/3520 3513/2135/3521
f  3513/2135/3521 3512/2134/3520 3424/2030/3432 3421/2027/3429
f  3511/2133/3519 3514/2136/3522 3515/2137/3523 3512/2134/3520
f  3512/2134/3520 3515/2137/3523 3150/1755/3158 3424/2030/3432
f  3510/2132/3518 3513/2135/3521 3516/2138/3524 3517/2139/3525
f  3517/2139/3525 3516/2138/3524 3499/2121/3507 3498/2120/3506
f  3513/2135/3521 3421/2027/3429 3420/2026/3428 3516/2138/3524
f  3516/2138/3524 3420/2026/3428 3131/1736/3139 3499/2121/3507
f  3510/2132/3518 3517/2139/3525 3518/2140/3526 3519/2141/3527
f  3519/2141/3527 3518/2140/3526 3520/2142/3528 3521/2143/3529
f  3517/2139/3525 3498/2120/3506 3507/2129/3515 3518/2140/3526
f  3518/2140/3526 3507/2129/3515 3509/2131/3517 3520/2142/3528
f  3510/2132/3518 3519/2141/3527 3522/2144/3530 3511/2133/3519
f  3511/2133/3519 3522/2144/3530 3523/2145/3531 3514/2136/3522
f  3519/2141/3527 3521/2143/3529 3524/2146/3532 3522/2144/3530
f  3522/2144/3530 3524/2146/3532 3525/2147/3533 3523/2145/3531
f  3526/2148/3534 3527/2149/3535 3528/2150/3536 3529/2151/3537
f  3529/2151/3537 3528/2150/3536 3472/2092/3480 3469/2087/3477
f  3527/2149/3535 3483/2152/3491 3482/2153/3490 3528/2150/3536
f  3528/2150/3536 3482/2153/3490 3105/2093/3113 3472/2092/3480
f  3526/2148/3534 3529/2151/3537 3530/2154/3538 3531/2155/3539
f  3531/2155/3539 3530/2154/3538 3532/2156/3540 3533/2157/3541
f  3529/2151/3537 3469/2087/3477 3468/2086/3476 3530/2154/3538
f  3530/2154/3538 3468/2086/3476 3086/1691/3094 3532/2156/3540
f  3526/2148/3534 3531/2155/3539 3534/2158/3542 3535/2159/3543
f  3535/2159/3543 3534/2158/3542 3536/2160/3544 3537/2161/3545
f  3531/2155/3539 3533/2157/3541 3538/2162/3546 3534/2158/3542
f  3534/2158/3542 3538/2162/3546 3539/2163/3547 3536/2160/3544
f  3526/2148/3534 3535/2159/3543 3540/2164/3548 3527/2149/3535
f  3527/2149/3535 3540/2164/3548 3488/2165/3496 3483/2152/3491
f  3535/2159/3543 3537/2161/3545 3541/2166/3549 3540/2164/3548
f  3540/2164/3548 3541/2166/3549 3489/2167/3497 3488/2165/3496
f  3542/2168/3550 3543/2169/3551 3544/2170/3552 3545/2171/3553
f  3545/2171/3553 3544/2170/3552 3085/1690/3093 3078/1683/3086
f  3543/2169/3551 3533/2157/3541 3532/2156/3540 3544/2170/3552
f  3544/2170/3552 3532/2156/3540 3086/1691/3094 3085/1690/3093
f  3542/2168/3550 3545/2171/3553 3546/2172/3554 3547/2173/3555
f  3547/2173/3555 3546/2172/3554 3548/2174/3556 3549/2175/3557
f  3545/2171/3553 3078/1683/3086 3077/1682/3085 3546/2172/3554
f  3546/2172/3554 3077/1682/3085 3080/1685/3088 3548/2174/3556
f  3542/2168/3550 3547/2173/3555 3550/2176/3558 3551/2177/3559
f  3551/2177/3559 3550/2176/3558 3552/2178/3560 3553/2179/3561
f  3547/2173/3555 3549/2175/3557 3554/2180/3562 3550/2176/3558
f  3550/2176/3558 3554/2180/3562 3555/2181/3563 3552/2178/3560
f  3542/2168/3550 3551/2177/3559 3556/2182/3564 3543/2169/3551
f  3543/2169/3551 3556/2182/3564 3538/2162/3546 3533/2157/3541
f  3551/2177/3559 3553/2179/3561 3557/2183/3565 3556/2182/3564
f  3556/2182/3564 3557/2183/3565 3539/2163/3547 3538/2162/3546
f  3558/2184/3566 3559/2185/3567 3560/2186/3568 3561/2187/3569
f  3561/2187/3569 3560/2186/3568 3153/1758/3161 3148/1753/3156
f  3559/2185/3567 3549/2175/3557 3548/2174/3556 3560/2186/3568
f  3560/2186/3568 3548/2174/3556 3080/1685/3088 3153/1758/3161
f  3558/2184/3566 3561/2187/3569 3562/2188/3570 3563/2189/3571
f  3563/2189/3571 3562/2188/3570 3515/2137/3523 3514/2136/3522
f  3561/2187/3569 3148/1753/3156 3147/1752/3155 3562/2188/3570
f  3562/2188/3570 3147/1752/3155 3150/1755/3158 3515/2137/3523
f  3558/2184/3566 3563/2189/3571 3564/2190/3572 3565/2191/3573
f  3565/2191/3573 3564/2190/3572 3566/2192/3574 3567/2193/3575
f  3563/2189/3571 3514/2136/3522 3523/2145/3531 3564/2190/3572
f  3564/2190/3572 3523/2145/3531 3525/2147/3533 3566/2192/3574
f  3558/2184/3566 3565/2191/3573 3568/2194/3576 3559/2185/3567
f  3559/2185/3567 3568/2194/3576 3554/2180/3562 3549/2175/3557
f  3565/2191/3573 3567/2193/3575 3569/2195/3577 3568/2194/3576
f  3568/2194/3576 3569/2195/3577 3555/2181/3563 3554/2180/3562
f  3570/2196/3578 3571/2197/3579 3572/2198/3580 3573/2199/3581
f  3571/2200/3579 3574/2201/3582 3575/2202/3583 3572/2203/3580
f  3573/2204/3581 3572/2205/3580 3576/2206/3584 3577/2207/3585
f  3572/2208/3580 3575/2209/3583 3578/2210/3586 3576/2211/3584
f  3579/2212/3587 3580/2213/3588 3570/2196/3578 3581/2214/3589
f  3580/2213/3588 3582/2215/3590 3571/2197/3579 3570/2196/3578
f  3582/2216/3590 3583/2217/3591 3574/2201/3582 3571/2200/3579
f  3583/2217/3591 3584/2218/3592 3585/2219/3593 3574/2201/3582
f  3574/2201/3582 3585/2219/3593 3586/2220/3594 3575/2202/3583
f  3575/2209/3583 3586/2221/3594 3587/2222/3595 3578/2210/3586
f  3578/2210/3586 3587/2222/3595 3588/2223/3596 3589/2224/3597
f  3576/2211/3584 3578/2210/3586 3589/2224/3597 3590/2225/3598
f  3577/2207/3585 3576/2206/3584 3590/2226/3598 3591/2227/3599
f  3592/2228/3600 3577/2207/3585 3591/2227/3599 3593/2229/3601
f  3594/2230/3602 3573/2204/3581 3577/2207/3585 3592/2228/3600
f  3581/2214/3589 3570/2196/3578 3573/2199/3581 3594/2231/3602
f  3595/2232/3603 3596/2233/3604 3597/2234/3605 3598/2235/3606
f  3596/2236/3604 3599/2237/3607 3600/2238/3608 3597/2239/3605
f  3598/2235/3606 3597/2234/3605 3601/2240/3609 3602/2241/3610
f  3597/2239/3605 3600/2238/3608 3603/2242/3611 3601/2243/3609
f  3604/2244/3612 3605/2245/3613 3595/2232/3603 3606/2246/3614
f  3605/2245/3613 3607/2247/3615 3596/2233/3604 3595/2232/3603
f  3607/2248/3615 3608/2249/3616 3599/2237/3607 3596/2236/3604
f  3608/2249/3616 3609/2250/3617 3610/2251/3618 3599/2237/3607
f  3599/2237/3607 3610/2251/3618 3611/2252/3619 3600/2238/3608
f  3600/2238/3608 3611/2252/3619 3612/2253/3620 3603/2242/3611
f  3603/2242/3611 3612/2253/3620 3584/2218/3592 3583/2217/3591
f  3601/2243/3609 3603/2242/3611 3583/2217/3591 3582/2216/3590
f  3602/2241/3610 3601/2240/3609 3582/2215/3590 3580/2213/3588
f  3613/2254/3621 3602/2241/3610 3580/2213/3588 3579/2212/3587
f  3614/2255/3622 3598/2235/3606 3602/2241/3610 3613/2254/3621
f  3606/2246/3614 3595/2232/3603 3598/2235/3606 3614/2255/3622
f  3615/2256/3623 3616/2257/3624 3617/2258/3625 3618/2259/3626
f  3616/2257/3624 3619/2260/3627 3620/2261/3628 3617/2258/3625
f  3618/2259/3626 3617/2258/3625 3621/2262/3629 3622/2263/3630
f  3617/2258/3625 3620/2261/3628 3623/2264/3631 3621/2262/3629
f  3624/2265/3632 3625/2266/3633 3615/2256/3623 3626/2267/3634
f  3625/2266/3633 3627/2268/3635 3616/2257/3624 3615/2256/3623
f  3627/2268/3635 3628/2269/3636 3619/2260/3627 3616/2257/3624
f  3628/2269/3636 3629/2270/3637 3630/2271/3638 3619/2260/3627
f  3619/2260/3627 3630/2271/3638 3631/2272/3639 3620/2261/3628
f  3620/2261/3628 3631/2272/3639 3632/2273/3640 3623/2264/3631
f  3623/2264/3631 3632/2273/3640 3633/2274/3641 3634/2275/3642
f  3621/2262/3629 3623/2264/3631 3634/2275/3642 3635/2276/3643
f  3622/2263/3630 3621/2262/3629 3635/2276/3643 3636/2277/3644
f  3637/2278/3645 3622/2263/3630 3636/2277/3644 3638/2279/3646
f  3639/2280/3647 3618/2259/3626 3622/2263/3630 3637/2278/3645
f  3626/2267/3634 3615/2256/3623 3618/2259/3626 3639/2280/3647
f  3640/2281/3648 3641/2282/3649 3642/2283/3650 3643/2284/3651
f  3641/2282/3649 3644/2285/3652 3645/2286/3653 3642/2283/3650
f  3643/2284/3651 3642/2283/3650 3646/2287/3654 3647/2288/3655
f  3642/2283/3650 3645/2286/3653 3648/2289/3656 3646/2287/3654
f  3649/2290/3657 3650/2291/3658 3640/2281/3648 3651/2292/3659
f  3650/2291/3658 3652/2293/3660 3641/2282/3649 3640/2281/3648
f  3652/2293/3660 3653/2294/3661 3644/2285/3652 3641/2282/3649
f  3653/2294/3661 3654/2295/3662 3655/2296/3663 3644/2285/3652
f  3644/2285/3652 3655/2296/3663 3656/2297/3664 3645/2286/3653
f  3645/2286/3653 3656/2297/3664 3657/2298/3665 3648/2289/3656
f  3648/2289/3656 3657/2298/3665 3629/2270/3637 3628/2269/3636
f  3646/2287/3654 3648/2289/3656 3628/2269/3636 3627/2268/3635
f  3647/2288/3655 3646/2287/3654 3627/2268/3635 3625/2266/3633
f  3658/2299/3666 3647/2288/3655 3625/2266/3633 3624/2265/3632
f  3659/2300/3667 3643/2284/3651 3647/2288/3655 3658/2299/3666
f  3651/2292/3659 3640/2281/3648 3643/2284/3651 3659/2300/3667
f  3660/2301/3668 3661/2302/3669 3662/2303/3670 3663/2304/3671
f  3661/2302/3669 3664/2305/3672 3665/2306/3673 3662/2303/3670
f  3663/2307/3671 3662/2308/3670 3666/2309/3674 3667/2310/3675
f  3662/2308/3670 3665/2311/3673 3668/2312/3676 3666/2309/3674
f  3669/2313/3677 3670/2314/3678 3660/2301/3668 3671/2315/3679
f  3670/2314/3678 3672/2316/3680 3661/2302/3669 3660/2301/3668
f  3672/2316/3680 3673/2317/3681 3664/2305/3672 3661/2302/3669
f  3673/2317/3681 3674/2318/3682 3675/2319/3683 3664/2305/3672
f  3664/2305/3672 3675/2319/3683 3676/2320/3684 3665/2306/3673
f  3665/2311/3673 3676/2321/3684 3677/2322/3685 3668/2312/3676
f  3668/2312/3676 3677/2322/3685 3654/2295/3662 3653/2294/3661
f  3666/2309/3674 3668/2312/3676 3653/2294/3661 3652/2293/3660
f  3667/2310/3675 3666/2309/3674 3652/2293/3660 3650/2291/3658
f  3678/2323/3686 3667/2310/3675 3650/2291/3658 3649/2290/3657
f  3679/2324/3687 3663/2307/3671 3667/2310/3675 3678/2323/3686
f  3671/2315/3679 3660/2301/3668 3663/2304/3671 3679/2325/3687
f  3680/2326/3688 3681/2327/3689 3682/2328/3690 3683/2329/3691
f  3681/2327/3689 3684/2330/3692 3685/2331/3693 3682/2328/3690
f  3683/2329/3691 3682/2328/3690 3686/2332/3694 3687/2333/3695
f  3682/2328/3690 3685/2331/3693 3688/2334/3696 3686/2332/3694
f  3638/2279/3646 3636/2277/3644 3680/2326/3688 3689/2335/3697
f  3636/2277/3644 3635/2276/3643 3681/2327/3689 3680/2326/3688
f  3635/2276/3643 3634/2275/3642 3684/2330/3692 3681/2327/3689
f  3634/2275/3642 3633/2274/3641 3690/2336/3698 3684/2330/3692
f  3684/2330/3692 3690/2336/3698 3691/2337/3699 3685/2331/3693
f  3685/2331/3693 3691/2337/3699 3692/2338/3700 3688/2334/3696
f  3688/2334/3696 3692/2338/3700 3674/2318/3682 3673/2317/3681
f  3686/2332/3694 3688/2334/3696 3673/2317/3681 3672/2316/3680
f  3687/2333/3695 3686/2332/3694 3672/2316/3680 3670/2314/3678
f  3693/2339/3701 3687/2333/3695 3670/2314/3678 3669/2313/3677
f  3694/2340/3702 3683/2329/3691 3687/2333/3695 3693/2339/3701
f  3689/2335/3697 3680/2326/3688 3683/2329/3691 3694/2340/3702
f  3695/2341/3703 3696/2342/3704 3697/2343/3705 3698/2344/3706
f  3696/2342/3704 3699/2345/3707 3700/2346/3708 3697/2343/3705
f  3698/2344/3706 3697/2343/3705 3701/2347/3709 3702/2348/3710
f  3697/2343/3705 3700/2346/3708 3703/2349/3711 3701/2347/3709
f  3704/2350/3712 3705/2351/3713 3695/2341/3703 3706/2352/3714
f  3705/2351/3713 3707/2353/3715 3696/2342/3704 3695/2341/3703
f  3707/2353/3715 3708/2354/3716 3699/2345/3707 3696/2342/3704
f  3708/2354/3716 3604/2244/3612 3709/2355/3717 3699/2345/3707
f  3699/2345/3707 3709/2355/3717 3710/2356/3718 3700/2346/3708
f  3700/2346/3708 3710/2356/3718 3711/2357/3719 3703/2349/3711
f  3703/2349/3711 3711/2357/3719 3633/2274/3641 3632/2273/3640
f  3701/2347/3709 3703/2349/3711 3632/2273/3640 3631/2272/3639
f  3702/2348/3710 3701/2347/3709 3631/2272/3639 3630/2271/3638
f  3712/2358/3720 3702/2348/3710 3630/2271/3638 3629/2270/3637
f  3713/2359/3721 3698/2344/3706 3702/2348/3710 3712/2358/3720
f  3706/2352/3714 3695/2341/3703 3698/2344/3706 3713/2359/3721
f  3714/2360/3722 3715/2361/3723 3716/2362/3724 3717/2363/3725
f  3715/2361/3723 3718/2364/3726 3719/2365/3727 3716/2362/3724
f  3717/2363/3725 3716/2362/3724 3720/2366/3728 3721/2367/3729
f  3716/2362/3724 3719/2365/3727 3722/2368/3730 3720/2366/3728
f  3609/2250/3617 3723/2369/3731 3714/2360/3722 3724/2370/3732
f  3723/2369/3731 3725/2371/3733 3715/2361/3723 3714/2360/3722
f  3725/2371/3733 3726/2372/3734 3718/2364/3726 3715/2361/3723
f  3726/2372/3734 3727/2373/3735 3728/2374/3736 3718/2364/3726
f  3718/2364/3726 3728/2374/3736 3729/2375/3737 3719/2365/3727
f  3719/2365/3727 3729/2375/3737 3730/2376/3738 3722/2368/3730
f  3722/2368/3730 3730/2376/3738 3624/2265/3632 3626/2267/3634
f  3720/2366/3728 3722/2368/3730 3626/2267/3634 3639/2280/3647
f  3721/2367/3729 3720/2366/3728 3639/2280/3647 3637/2278/3645
f  3731/2377/3739 3721/2367/3729 3637/2278/3645 3638/2279/3646
f  3732/2378/3740 3717/2363/3725 3721/2367/3729 3731/2377/3739
f  3724/2370/3732 3714/2360/3722 3717/2363/3725 3732/2378/3740
f  3733/2379/3741 3734/2380/3742 3735/2381/3743 3736/2382/3744
f  3734/2380/3742 3737/2383/3745 3738/2384/3746 3735/2381/3743
f  3736/2382/3744 3735/2381/3743 3739/2385/3747 3740/2386/3748
f  3735/2381/3743 3738/2384/3746 3741/2387/3749 3739/2385/3747
f  3593/2229/3601 3742/2388/3750 3733/2379/3741 3743/2389/3751
f  3742/2388/3750 3744/2390/3752 3734/2380/3742 3733/2379/3741
f  3744/2390/3752 3745/2391/3753 3737/2383/3745 3734/2380/3742
f  3745/2391/3753 3704/2350/3712 3706/2352/3714 3737/2383/3745
f  3737/2383/3745 3706/2352/3714 3713/2359/3721 3738/2384/3746
f  3738/2384/3746 3713/2359/3721 3712/2358/3720 3741/2387/3749
f  3741/2387/3749 3712/2358/3720 3629/2270/3637 3657/2298/3665
f  3739/2385/3747 3741/2387/3749 3657/2298/3665 3656/2297/3664
f  3740/2386/3748 3739/2385/3747 3656/2297/3664 3655/2296/3663
f  3746/2392/3754 3740/2386/3748 3655/2296/3663 3654/2295/3662
f  3747/2393/3755 3736/2382/3744 3740/2386/3748 3746/2392/3754
f  3743/2389/3751 3733/2379/3741 3736/2382/3744 3747/2393/3755
f  3748/2394/3756 3749/2395/3757 3750/2396/3758 3751/2397/3759
f  3749/2395/3757 3752/2398/3760 3753/2399/3761 3750/2396/3758
f  3751/2397/3759 3750/2396/3758 3754/2400/3762 3755/2401/3763
f  3750/2396/3758 3753/2399/3761 3756/2402/3764 3754/2400/3762
f  3727/2373/3735 3757/2403/3765 3748/2394/3756 3728/2374/3736
f  3757/2403/3765 3758/2404/3766 3749/2395/3757 3748/2394/3756
f  3758/2404/3766 3759/2405/3767 3752/2398/3760 3749/2395/3757
f  3759/2405/3767 3588/2223/3596 3760/2406/3768 3752/2398/3760
f  3752/2398/3760 3760/2406/3768 3761/2407/3769 3753/2399/3761
f  3753/2399/3761 3761/2407/3769 3762/2408/3770 3756/2402/3764
f  3756/2402/3764 3762/2408/3770 3649/2290/3657 3651/2292/3659
f  3754/2400/3762 3756/2402/3764 3651/2292/3659 3659/2300/3667
f  3755/2401/3763 3754/2400/3762 3659/2300/3667 3658/2299/3666
f  3730/2376/3738 3755/2401/3763 3658/2299/3666 3624/2265/3632
f  3729/2375/3737 3751/2397/3759 3755/2401/3763 3730/2376/3738
f  3728/2374/3736 3748/2394/3756 3751/2397/3759 3729/2375/3737
f  3763/2409/3771 3764/2410/3772 3765/2411/3773 3766/2412/3774
f  3764/2413/3772 3767/2414/3775 3768/2415/3776 3765/2416/3773
f  3766/2412/3774 3765/2411/3773 3769/2417/3777 3770/2418/3778
f  3765/2416/3773 3768/2415/3776 3771/2419/3779 3769/2420/3777
f  3579/2212/3587 3581/2214/3589 3763/2409/3771 3772/2421/3780
f  3581/2214/3589 3594/2231/3602 3764/2410/3772 3763/2409/3771
f  3594/2230/3602 3592/2228/3600 3767/2414/3775 3764/2413/3772
f  3592/2228/3600 3593/2229/3601 3743/2389/3751 3767/2414/3775
f  3767/2414/3775 3743/2389/3751 3747/2393/3755 3768/2415/3776
f  3768/2415/3776 3747/2393/3755 3746/2392/3754 3771/2419/3779
f  3771/2419/3779 3746/2392/3754 3654/2295/3662 3677/2322/3685
f  3769/2420/3777 3771/2419/3779 3677/2322/3685 3676/2321/3684
f  3770/2418/3778 3769/2417/3777 3676/2320/3684 3675/2319/3683
f  3773/2422/3781 3770/2418/3778 3675/2319/3683 3674/2318/3682
f  3774/2423/3782 3766/2412/3774 3770/2418/3778 3773/2422/3781
f  3772/2421/3780 3763/2409/3771 3766/2412/3774 3774/2423/3782
f  3775/2424/3783 3776/2425/3784 3777/2426/3785 3778/2427/3786
f  3776/2428/3784 3779/2429/3787 3780/2430/3788 3777/2431/3785
f  3778/2427/3786 3777/2426/3785 3781/2432/3789 3782/2433/3790
f  3777/2431/3785 3780/2430/3788 3783/2434/3791 3781/2435/3789
f  3588/2223/3596 3587/2222/3595 3775/2424/3783 3760/2406/3768
f  3587/2222/3595 3586/2221/3594 3776/2425/3784 3775/2424/3783
f  3586/2220/3594 3585/2219/3593 3779/2429/3787 3776/2428/3784
f  3585/2219/3593 3584/2218/3592 3784/2436/3792 3779/2429/3787
f  3779/2429/3787 3784/2436/3792 3785/2437/3793 3780/2430/3788
f  3780/2430/3788 3785/2437/3793 3786/2438/3794 3783/2434/3791
f  3783/2434/3791 3786/2438/3794 3669/2313/3677 3671/2315/3679
f  3781/2435/3789 3783/2434/3791 3671/2315/3679 3679/2325/3687
f  3782/2433/3790 3781/2432/3789 3679/2324/3687 3678/2323/3686
f  3762/2408/3770 3782/2433/3790 3678/2323/3686 3649/2290/3657
f  3761/2407/3769 3778/2427/3786 3782/2433/3790 3762/2408/3770
f  3760/2406/3768 3775/2424/3783 3778/2427/3786 3761/2407/3769
f  3787/2439/3795 3788/2440/3796 3789/2441/3797 3790/2442/3798
f  3788/2440/3796 3791/2443/3799 3792/2444/3800 3789/2441/3797
f  3790/2442/3798 3789/2441/3797 3793/2445/3801 3794/2446/3802
f  3789/2441/3797 3792/2444/3800 3795/2447/3803 3793/2445/3801
f  3604/2244/3612 3606/2246/3614 3787/2439/3795 3709/2355/3717
f  3606/2246/3614 3614/2255/3622 3788/2440/3796 3787/2439/3795
f  3614/2255/3622 3613/2254/3621 3791/2443/3799 3788/2440/3796
f  3613/2254/3621 3579/2212/3587 3772/2421/3780 3791/2443/3799
f  3791/2443/3799 3772/2421/3780 3774/2423/3782 3792/2444/3800
f  3792/2444/3800 3774/2423/3782 3773/2422/3781 3795/2447/3803
f  3795/2447/3803 3773/2422/3781 3674/2318/3682 3692/2338/3700
f  3793/2445/3801 3795/2447/3803 3692/2338/3700 3691/2337/3699
f  3794/2446/3802 3793/2445/3801 3691/2337/3699 3690/2336/3698
f  3711/2357/3719 3794/2446/3802 3690/2336/3698 3633/2274/3641
f  3710/2356/3718 3790/2442/3798 3794/2446/3802 3711/2357/3719
f  3709/2355/3717 3787/2439/3795 3790/2442/3798 3710/2356/3718
f  3796/2448/3804 3797/2449/3805 3798/2450/3806 3799/2451/3807
f  3797/2449/3805 3800/2452/3808 3801/2453/3809 3798/2450/3806
f  3799/2451/3807 3798/2450/3806 3802/2454/3810 3803/2455/3811
f  3798/2450/3806 3801/2453/3809 3804/2456/3812 3802/2454/3810
f  3584/2218/3592 3612/2253/3620 3796/2448/3804 3784/2436/3792
f  3612/2253/3620 3611/2252/3619 3797/2449/3805 3796/2448/3804
f  3611/2252/3619 3610/2251/3618 3800/2452/3808 3797/2449/3805
f  3610/2251/3618 3609/2250/3617 3724/2370/3732 3800/2452/3808
f  3800/2452/3808 3724/2370/3732 3732/2378/3740 3801/2453/3809
f  3801/2453/3809 3732/2378/3740 3731/2377/3739 3804/2456/3812
f  3804/2456/3812 3731/2377/3739 3638/2279/3646 3689/2335/3697
f  3802/2454/3810 3804/2456/3812 3689/2335/3697 3694/2340/3702
f  3803/2455/3811 3802/2454/3810 3694/2340/3702 3693/2339/3701
f  3786/2438/3794 3803/2455/3811 3693/2339/3701 3669/2313/3677
f  3785/2437/3793 3799/2451/3807 3803/2455/3811 3786/2438/3794
f  3784/2436/3792 3796/2448/3804 3799/2451/3807 3785/2437/3793
f  3805/2457/3813 3806/2458/3814 3807/2459/3815 3808/2460/3816
f  3806/2461/3814 3809/2462/3817 3810/2463/3818 3807/2464/3815
f  3808/2460/3816 3807/2459/3815 3811/2465/3819 3812/2466/3820
f  3807/2464/3815 3810/2463/3818 3813/2467/3821 3811/2468/3819
f  3593/2229/3601 3591/2227/3599 3805/2457/3813 3742/2388/3750
f  3591/2227/3599 3590/2226/3598 3806/2458/3814 3805/2457/3813
f  3590/2225/3598 3589/2224/3597 3809/2462/3817 3806/2461/3814
f  3589/2224/3597 3588/2223/3596 3759/2405/3767 3809/2462/3817
f  3809/2462/3817 3759/2405/3767 3758/2404/3766 3810/2463/3818
f  3810/2463/3818 3758/2404/3766 3757/2403/3765 3813/2467/3821
f  3813/2467/3821 3757/2403/3765 3727/2373/3735 3814/2469/3822
f  3811/2468/3819 3813/2467/3821 3814/2469/3822 3815/2470/3823
f  3812/2466/3820 3811/2465/3819 3815/2471/3823 3816/2472/3824
f  3745/2391/3753 3812/2466/3820 3816/2472/3824 3704/2350/3712
f  3744/2390/3752 3808/2460/3816 3812/2466/3820 3745/2391/3753
f  3742/2388/3750 3805/2457/3813 3808/2460/3816 3744/2390/3752
f  3817/2473/3825 3818/2474/3826 3819/2475/3827 3820/2476/3828
f  3818/2477/3826 3821/2478/3829 3822/2479/3830 3819/2480/3827
f  3820/2476/3828 3819/2475/3827 3823/2481/3831 3824/2482/3832
f  3819/2480/3827 3822/2479/3830 3825/2483/3833 3823/2484/3831
f  3704/2350/3712 3816/2472/3824 3817/2473/3825 3705/2351/3713
f  3816/2472/3824 3815/2471/3823 3818/2474/3826 3817/2473/3825
f  3815/2470/3823 3814/2469/3822 3821/2478/3829 3818/2477/3826
f  3814/2469/3822 3727/2373/3735 3726/2372/3734 3821/2478/3829
f  3821/2478/3829 3726/2372/3734 3725/2371/3733 3822/2479/3830
f  3822/2479/3830 3725/2371/3733 3723/2369/3731 3825/2483/3833
f  3825/2483/3833 3723/2369/3731 3609/2250/3617 3608/2249/3616
f  3823/2484/3831 3825/2483/3833 3608/2249/3616 3607/2248/3615
f  3824/2482/3832 3823/2481/3831 3607/2247/3615 3605/2245/3613
f  3708/2354/3716 3824/2482/3832 3605/2245/3613 3604/2244/3612
f  3707/2353/3715 3820/2476/3828 3824/2482/3832 3708/2354/3716
f  3705/2351/3713 3817/2473/3825 3820/2476/3828 3707/2353/3715
f  3826/2485/3834 3827/2486/3835 3828/2487/3836 3829/2488/3837
f  3827/2486/3835 3830/2489/3838 3831/2490/3839 3828/2487/3836
f  3828/2487/3836 3831/2490/3839 3832/2491/3840 3833/2492/3841
f  3829/2488/3837 3828/2487/3836 3833/2493/3841 3834/2494/3842
f  3835/2495/3843 3836/2496/3844 3837/2497/3845 3838/2498/3846
f  3836/2499/3844 3839/2500/3847 3840/2501/3848 3837/2502/3845
f  3837/2502/3845 3840/2501/3848 3841/2503/3849 3842/2504/3850
f  3838/2498/3846 3837/2497/3845 3842/2504/3850 3843/2505/3851
f  3843/2505/3851 3842/2504/3850 3844/2506/3852 3845/2507/3853
f  3842/2504/3850 3841/2503/3849 3846/2508/3854 3844/2506/3852
f  3844/2506/3852 3846/2508/3854 3847/2509/3855 3848/2510/3856
f  3845/2507/3853 3844/2506/3852 3848/2510/3856 3849/2511/3857
f  3850/2512/3858 3851/2513/3859 3852/2514/3860 3853/2515/3861
f  3851/2513/3859 3854/2516/3862 3855/2517/3863 3852/2514/3860
f  3852/2514/3860 3855/2517/3863 3830/2489/3838 3827/2486/3835
f  3853/2515/3861 3852/2514/3860 3827/2486/3835 3826/2485/3834
f  3835/2495/3843 3838/2498/3846 3856/2518/3864 3857/2519/3865
f  3838/2498/3846 3843/2505/3851 3845/2507/3853 3856/2518/3864
f  3856/2518/3864 3845/2507/3853 3849/2511/3857 3858/2520/3866
f  3857/2519/3865 3856/2518/3864 3858/2520/3866 3859/2521/3867
f  3860/2522/3868 3861/2523/3869 3862/2524/3870 3863/2525/3871
f  3861/2523/3869 3832/2491/3840 3831/2490/3839 3862/2524/3870
f  3862/2524/3870 3831/2490/3839 3830/2489/3838 3855/2517/3863
f  3863/2525/3871 3862/2524/3870 3855/2517/3863 3854/2516/3862
f  3841/2503/3849 3840/2501/3848 3864/2526/3872 3846/2508/3854
f  3840/2501/3848 3839/2500/3847 3865/2527/3873 3864/2526/3872
f  3864/2526/3872 3865/2527/3873 3866/2528/3874 3867/2529/3875
f  3846/2508/3854 3864/2526/3872 3867/2529/3875 3847/2509/3855
f  3839/2500/3847 3868/2530/3876 3869/2531/3877 3865/2527/3873
f  3868/2530/3876 3870/2532/3878 3871/2533/3879 3869/2531/3877
f  3869/2531/3877 3871/2533/3879 3872/2534/3880 3873/2535/3881
f  3865/2527/3873 3869/2531/3877 3873/2535/3881 3866/2528/3874
f  3870/2532/3878 3874/2536/3882 3875/2537/3883 3871/2533/3879
f  3874/2536/3882 3876/2538/3884 3877/2539/3885 3875/2537/3883
f  3875/2537/3883 3877/2539/3885 3878/2540/3886 3879/2541/3887
f  3871/2533/3879 3875/2537/3883 3879/2541/3887 3872/2534/3880
f  3876/2538/3884 3880/2542/3888 3881/2543/3889 3877/2539/3885
f  3880/2542/3888 3860/2522/3868 3863/2525/3871 3881/2543/3889
f  3881/2543/3889 3863/2525/3871 3854/2516/3862 3882/2544/3890
f  3877/2539/3885 3881/2543/3889 3882/2544/3890 3878/2540/3886
f  3834/2494/3842 3883/2545/3891 3884/2546/3892 3829/2488/3837
f  3883/2545/3891 3885/2547/3893 3886/2548/3894 3884/2546/3892
f  3884/2546/3892 3886/2548/3894 3850/2512/3858 3853/2515/3861
f  3829/2488/3837 3884/2546/3892 3853/2515/3861 3826/2485/3834
f  3885/2547/3893 3887/2549/3895 3888/2550/3896 3886/2548/3894
f  3887/2549/3895 3889/2551/3897 3890/2552/3898 3888/2550/3896
f  3888/2550/3896 3890/2552/3898 3891/2553/3899 3892/2554/3900
f  3886/2548/3894 3888/2550/3896 3892/2554/3900 3850/2512/3858
f  3889/2551/3897 3893/2555/3901 3894/2556/3902 3890/2552/3898
f  3893/2555/3901 3895/2557/3903 3896/2558/3904 3894/2556/3902
f  3894/2556/3902 3896/2558/3904 3897/2559/3905 3898/2560/3906
f  3890/2552/3898 3894/2556/3902 3898/2560/3906 3891/2553/3899
f  3895/2557/3903 3899/2561/3907 3900/2562/3908 3896/2558/3904
f  3899/2561/3907 3835/2495/3843 3857/2519/3865 3900/2562/3908
f  3900/2562/3908 3857/2519/3865 3859/2521/3867 3901/2563/3909
f  3896/2558/3904 3900/2562/3908 3901/2563/3909 3897/2559/3905
f  3849/2511/3857 3848/2510/3856 3902/2564/3910 3858/2520/3866
f  3848/2510/3856 3847/2509/3855 3867/2529/3875 3902/2564/3910
f  3902/2564/3910 3867/2529/3875 3866/2528/3874 3903/2565/3911
f  3858/2520/3866 3902/2564/3910 3903/2565/3911 3859/2521/3867
f  3859/2521/3867 3903/2565/3911 3904/2566/3912 3901/2563/3909
f  3903/2565/3911 3866/2528/3874 3873/2535/3881 3904/2566/3912
f  3904/2566/3912 3873/2535/3881 3872/2534/3880 3905/2567/3913
f  3901/2563/3909 3904/2566/3912 3905/2567/3913 3897/2559/3905
f  3897/2559/3905 3905/2567/3913 3906/2568/3914 3898/2560/3906
f  3905/2567/3913 3872/2534/3880 3879/2541/3887 3906/2568/3914
f  3906/2568/3914 3879/2541/3887 3878/2540/3886 3907/2569/3915
f  3898/2560/3906 3906/2568/3914 3907/2569/3915 3891/2553/3899
f  3891/2553/3899 3907/2569/3915 3908/2570/3916 3892/2554/3900
f  3907/2569/3915 3878/2540/3886 3882/2544/3890 3908/2570/3916
f  3908/2570/3916 3882/2544/3890 3854/2516/3862 3851/2513/3859
f  3892/2554/3900 3908/2570/3916 3851/2513/3859 3850/2512/3858
f  3834/2494/3842 3833/2493/3841 3909/2571/3917 3883/2545/3891
f  3833/2492/3841 3832/2491/3840 3861/2523/3869 3909/2572/3917
f  3909/2572/3917 3861/2523/3869 3860/2522/3868 3910/2573/3918
f  3883/2545/3891 3909/2571/3917 3910/2574/3918 3885/2547/3893
f  3885/2547/3893 3910/2574/3918 3911/2575/3919 3887/2549/3895
f  3910/2573/3918 3860/2522/3868 3880/2542/3888 3911/2576/3919
f  3911/2576/3919 3880/2542/3888 3876/2538/3884 3912/2577/3920
f  3887/2549/3895 3911/2575/3919 3912/2578/3920 3889/2551/3897
f  3889/2551/3897 3912/2578/3920 3913/2579/3921 3893/2555/3901
f  3912/2577/3920 3876/2538/3884 3874/2536/3882 3913/2580/3921
f  3913/2580/3921 3874/2536/3882 3870/2532/3878 3914/2581/3922
f  3893/2555/3901 3913/2579/3921 3914/2582/3922 3895/2557/3903
f  3895/2557/3903 3914/2582/3922 3915/2583/3923 3899/2561/3907
f  3914/2581/3922 3870/2532/3878 3868/2530/3876 3915/2584/3923
f  3915/2584/3923 3868/2530/3876 3839/2500/3847 3836/2499/3844
f  3899/2561/3907 3915/2583/3923 3836/2496/3844 3835/2495/3843
f  3916/2585/3924 3917/2586/3925 3918/2587/3926 3919/2588/3927
f  3917/2586/3925 3920/2589/3928 3921/2590/3929 3918/2587/3926
f  3918/2587/3926 3921/2590/3929 3922/2591/3930 3923/2592/3931
f  3919/2588/3927 3918/2587/3926 3923/2593/3931 3924/2594/3932
f  3925/2595/3933 3926/2596/3934 3927/2597/3935 3928/2598/3936
f  3926/2599/3934 3929/2600/3937 3930/2601/3938 3927/2602/3935
f  3927/2602/3935 3930/2601/3938 3931/2603/3939 3932/2604/3940
f  3928/2598/3936 3927/2597/3935 3932/2604/3940 3933/2605/3941
f  3933/2605/3941 3932/2604/3940 3934/2606/3942 3935/2607/3943
f  3932/2604/3940 3931/2603/3939 3936/2608/3944 3934/2606/3942
f  3934/2606/3942 3936/2608/3944 3937/2609/3945 3938/2610/3946
f  3935/2607/3943 3934/2606/3942 3938/2610/3946 3939/2611/3947
f  3940/2612/3948 3941/2613/3949 3942/2614/3950 3943/2615/3951
f  3941/2613/3949 3944/2616/3952 3945/2617/3953 3942/2614/3950
f  3942/2614/3950 3945/2617/3953 3920/2589/3928 3917/2586/3925
f  3943/2615/3951 3942/2614/3950 3917/2586/3925 3916/2585/3924
f  3925/2595/3933 3928/2598/3936 3946/2618/3954 3947/2619/3955
f  3928/2598/3936 3933/2605/3941 3935/2607/3943 3946/2618/3954
f  3946/2618/3954 3935/2607/3943 3939/2611/3947 3948/2620/3956
f  3947/2619/3955 3946/2618/3954 3948/2620/3956 3949/2621/3957
f  3950/2622/3958 3951/2623/3959 3952/2624/3960 3953/2625/3961
f  3951/2623/3959 3922/2591/3930 3921/2590/3929 3952/2624/3960
f  3952/2624/3960 3921/2590/3929 3920/2589/3928 3945/2617/3953
f  3953/2625/3961 3952/2624/3960 3945/2617/3953 3944/2616/3952
f  3931/2603/3939 3930/2601/3938 3954/2626/3962 3936/2608/3944
f  3930/2601/3938 3929/2600/3937 3955/2627/3963 3954/2626/3962
f  3954/2626/3962 3955/2627/3963 3956/2628/3964 3957/2629/3965
f  3936/2608/3944 3954/2626/3962 3957/2629/3965 3937/2609/3945
f  3929/2600/3937 3958/2630/3966 3959/2631/3967 3955/2627/3963
f  3958/2630/3966 3960/2632/3968 3961/2633/3969 3959/2631/3967
f  3959/2631/3967 3961/2633/3969 3962/2634/3970 3963/2635/3971
f  3955/2627/3963 3959/2631/3967 3963/2635/3971 3956/2628/3964
f  3960/2632/3968 3964/2636/3972 3965/2637/3973 3961/2633/3969
f  3964/2636/3972 3966/2638/3974 3967/2639/3975 3965/2637/3973
f  3965/2637/3973 3967/2639/3975 3968/2640/3976 3969/2641/3977
f  3961/2633/3969 3965/2637/3973 3969/2641/3977 3962/2634/3970
f  3966/2638/3974 3970/2642/3978 3971/2643/3979 3967/2639/3975
f  3970/2642/3978 3950/2622/3958 3953/2625/3961 3971/2643/3979
f  3971/2643/3979 3953/2625/3961 3944/2616/3952 3972/2644/3980
f  3967/2639/3975 3971/2643/3979 3972/2644/3980 3968/2640/3976
f  3924/2594/3932 3973/2645/3981 3974/2646/3982 3919/2588/3927
f  3973/2645/3981 3975/2647/3983 3976/2648/3984 3974/2646/3982
f  3974/2646/3982 3976/2648/3984 3940/2612/3948 3943/2615/3951
f  3919/2588/3927 3974/2646/3982 3943/2615/3951 3916/2585/3924
f  3975/2647/3983 3977/2649/3985 3978/2650/3986 3976/2648/3984
f  3977/2649/3985 3979/2651/3987 3980/2652/3988 3978/2650/3986
f  3978/2650/3986 3980/2652/3988 3981/2653/3989 3982/2654/3990
f  3976/2648/3984 3978/2650/3986 3982/2654/3990 3940/2612/3948
f  3979/2651/3987 3983/2655/3991 3984/2656/3992 3980/2652/3988
f  3983/2655/3991 3985/2657/3993 3986/2658/3994 3984/2656/3992
f  3984/2656/3992 3986/2658/3994 3987/2659/3995 3988/2660/3996
f  3980/2652/3988 3984/2656/3992 3988/2660/3996 3981/2653/3989
f  3985/2657/3993 3989/2661/3997 3990/2662/3998 3986/2658/3994
f  3989/2661/3997 3925/2595/3933 3947/2619/3955 3990/2662/3998
f  3990/2662/3998 3947/2619/3955 3949/2621/3957 3991/2663/3999
f  3986/2658/3994 3990/2662/3998 3991/2663/3999 3987/2659/3995
f  3939/2611/3947 3938/2610/3946 3992/2664/4000 3948/2620/3956
f  3938/2610/3946 3937/2609/3945 3957/2629/3965 3992/2664/4000
f  3992/2664/4000 3957/2629/3965 3956/2628/3964 3993/2665/4001
f  3948/2620/3956 3992/2664/4000 3993/2665/4001 3949/2621/3957
f  3949/2621/3957 3993/2665/4001 3994/2666/4002 3991/2663/3999
f  3993/2665/4001 3956/2628/3964 3963/2635/3971 3994/2666/4002
f  3994/2666/4002 3963/2635/3971 3962/2634/3970 3995/2667/4003
f  3991/2663/3999 3994/2666/4002 3995/2667/4003 3987/2659/3995
f  3987/2659/3995 3995/2667/4003 3996/2668/4004 3988/2660/3996
f  3995/2667/4003 3962/2634/3970 3969/2641/3977 3996/2668/4004
f  3996/2668/4004 3969/2641/3977 3968/2640/3976 3997/2669/4005
f  3988/2660/3996 3996/2668/4004 3997/2669/4005 3981/2653/3989
f  3981/2653/3989 3997/2669/4005 3998/2670/4006 3982/2654/3990
f  3997/2669/4005 3968/2640/3976 3972/2644/3980 3998/2670/4006
f  3998/2670/4006 3972/2644/3980 3944/2616/3952 3941/2613/3949
f  3982/2654/3990 3998/2670/4006 3941/2613/3949 3940/2612/3948
f  3924/2594/3932 3923/2593/3931 3999/2671/4007 3973/2645/3981
f  3923/2592/3931 3922/2591/3930 3951/2623/3959 3999/2672/4007
f  3999/2672/4007 3951/2623/3959 3950/2622/3958 4000/2673/4008
f  3973/2645/3981 3999/2671/4007 4000/2674/4008 3975/2647/3983
f  3975/2647/3983 4000/2674/4008 4001/2675/4009 3977/2649/3985
f  4000/2673/4008 3950/2622/3958 3970/2642/3978 4001/2676/4009
f  4001/2676/4009 3970/2642/3978 3966/2638/3974 4002/2677/4010
f  3977/2649/3985 4001/2675/4009 4002/2678/4010 3979/2651/3987
f  3979/2651/3987 4002/2678/4010 4003/2679/4011 3983/2655/3991
f  4002/2677/4010 3966/2638/3974 3964/2636/3972 4003/2680/4011
f  4003/2680/4011 3964/2636/3972 3960/2632/3968 4004/2681/4012
f  3983/2655/3991 4003/2679/4011 4004/2682/4012 3985/2657/3993
f  3985/2657/3993 4004/2682/4012 4005/2683/4013 3989/2661/3997
f  4004/2681/4012 3960/2632/3968 3958/2630/3966 4005/2684/4013
f  4005/2684/4013 3958/2630/3966 3929/2600/3937 3926/2599/3934
f  3989/2661/3997 4005/2683/4013 3926/2596/3934 3925/2595/3933
f  4006/2685/4014 4007/2686/4015 4008/2687/4016 4009/2688/4017
f  4007/2686/4015 4010/2689/4018 4011/2690/4019 4008/2687/4016
f  4008/2687/4016 4011/2690/4019 4012/2691/4020 4013/2692/4021
f  4009/2688/4017 4008/2687/4016 4013/2693/4021 4014/2694/4022
f  4015/2695/4023 4016/2696/4024 4017/2697/4025 4018/2698/4026
f  4016/2699/4024 4019/2700/4027 4020/2701/4028 4017/2702/4025
f  4017/2702/4025 4020/2701/4028 4021/2703/4029 4022/2704/4030
f  4018/2698/4026 4017/2697/4025 4022/2704/4030 4023/2705/4031
f  4023/2705/4031 4022/2704/4030 4024/2706/4032 4025/2707/4033
f  4022/2704/4030 4021/2703/4029 4026/2708/4034 4024/2706/4032
f  4024/2706/4032 4026/2708/4034 4027/2709/4035 4028/2710/4036
f  4025/2707/4033 4024/2706/4032 4028/2710/4036 4029/2711/4037
f  4030/2712/4038 4031/2713/4039 4032/2714/4040 4033/2715/4041
f  4031/2713/4039 4034/2716/4042 4035/2717/4043 4032/2714/4040
f  4032/2714/4040 4035/2717/4043 4010/2689/4018 4007/2686/4015
f  4033/2715/4041 4032/2714/4040 4007/2686/4015 4006/2685/4014
f  4015/2695/4023 4018/2698/4026 4036/2718/4044 4037/2719/4045
f  4018/2698/4026 4023/2705/4031 4025/2707/4033 4036/2718/4044
f  4036/2718/4044 4025/2707/4033 4029/2711/4037 4038/2720/4046
f  4037/2719/4045 4036/2718/4044 4038/2720/4046 4039/2721/4047
f  4040/2722/4048 4041/2723/4049 4042/2724/4050 4043/2725/4051
f  4041/2723/4049 4012/2691/4020 4011/2690/4019 4042/2724/4050
f  4042/2724/4050 4011/2690/4019 4010/2689/4018 4035/2717/4043
f  4043/2725/4051 4042/2724/4050 4035/2717/4043 4034/2716/4042
f  4021/2703/4029 4020/2701/4028 4044/2726/4052 4026/2708/4034
f  4020/2701/4028 4019/2700/4027 4045/2727/4053 4044/2726/4052
f  4044/2726/4052 4045/2727/4053 4046/2728/4054 4047/2729/4055
f  4026/2708/4034 4044/2726/4052 4047/2729/4055 4027/2709/4035
f  4019/2700/4027 4048/2730/4056 4049/2731/4057 4045/2727/4053
f  4048/2730/4056 4050/2732/4058 4051/2733/4059 4049/2731/4057
f  4049/2731/4057 4051/2733/4059 4052/2734/4060 4053/2735/4061
f  4045/2727/4053 4049/2731/4057 4053/2735/4061 4046/2728/4054
f  4050/2732/4058 4054/2736/4062 4055/2737/4063 4051/2733/4059
f  4054/2736/4062 4056/2738/4064 4057/2739/4065 4055/2737/4063
f  4055/2737/4063 4057/2739/4065 4058/2740/4066 4059/2741/4067
f  4051/2733/4059 4055/2737/4063 4059/2741/4067 4052/2734/4060
f  4056/2738/4064 4060/2742/4068 4061/2743/4069 4057/2739/4065
f  4060/2742/4068 4040/2722/4048 4043/2725/4051 4061/2743/4069
f  4061/2743/4069 4043/2725/4051 4034/2716/4042 4062/2744/4070
f  4057/2739/4065 4061/2743/4069 4062/2744/4070 4058/2740/4066
f  4014/2694/4022 4063/2745/4071 4064/2746/4072 4009/2688/4017
f  4063/2745/4071 4065/2747/4073 4066/2748/4074 4064/2746/4072
f  4064/2746/4072 4066/2748/4074 4030/2712/4038 4033/2715/4041
f  4009/2688/4017 4064/2746/4072 4033/2715/4041 4006/2685/4014
f  4065/2747/4073 4067/2749/4075 4068/2750/4076 4066/2748/4074
f  4067/2749/4075 4069/2751/4077 4070/2752/4078 4068/2750/4076
f  4068/2750/4076 4070/2752/4078 4071/2753/4079 4072/2754/4080
f  4066/2748/4074 4068/2750/4076 4072/2754/4080 4030/2712/4038
f  4069/2751/4077 4073/2755/4081 4074/2756/4082 4070/2752/4078
f  4073/2755/4081 4075/2757/4083 4076/2758/4084 4074/2756/4082
f  4074/2756/4082 4076/2758/4084 4077/2759/4085 4078/2760/4086
f  4070/2752/4078 4074/2756/4082 4078/2760/4086 4071/2753/4079
f  4075/2757/4083 4079/2761/4087 4080/2762/4088 4076/2758/4084
f  4079/2761/4087 4015/2695/4023 4037/2719/4045 4080/2762/4088
f  4080/2762/4088 4037/2719/4045 4039/2721/4047 4081/2763/4089
f  4076/2758/4084 4080/2762/4088 4081/2763/4089 4077/2759/4085
f  4029/2711/4037 4028/2710/4036 4082/2764/4090 4038/2720/4046
f  4028/2710/4036 4027/2709/4035 4047/2729/4055 4082/2764/4090
f  4082/2764/4090 4047/2729/4055 4046/2728/4054 4083/2765/4091
f  4038/2720/4046 4082/2764/4090 4083/2765/4091 4039/2721/4047
f  4039/2721/4047 4083/2765/4091 4084/2766/4092 4081/2763/4089
f  4083/2765/4091 4046/2728/4054 4053/2735/4061 4084/2766/4092
f  4084/2766/4092 4053/2735/4061 4052/2734/4060 4085/2767/4093
f  4081/2763/4089 4084/2766/4092 4085/2767/4093 4077/2759/4085
f  4077/2759/4085 4085/2767/4093 4086/2768/4094 4078/2760/4086
f  4085/2767/4093 4052/2734/4060 4059/2741/4067 4086/2768/4094
f  4086/2768/4094 4059/2741/4067 4058/2740/4066 4087/2769/4095
f  4078/2760/4086 4086/2768/4094 4087/2769/4095 4071/2753/4079
f  4071/2753/4079 4087/2769/4095 4088/2770/4096 4072/2754/4080
f  4087/2769/4095 4058/2740/4066 4062/2744/4070 4088/2770/4096
f  4088/2770/4096 4062/2744/4070 4034/2716/4042 4031/2713/4039
f  4072/2754/4080 4088/2770/4096 4031/2713/4039 4030/2712/4038
f  4014/2694/4022 4013/2693/4021 4089/2771/4097 4063/2745/4071
f  4013/2692/4021 4012/2691/4020 4041/2723/4049 4089/2772/4097
f  4089/2772/4097 4041/2723/4049 4040/2722/4048 4090/2773/4098
f  4063/2745/4071 4089/2771/4097 4090/2774/4098 4065/2747/4073
f  4065/2747/4073 4090/2774/4098 4091/2775/4099 4067/2749/4075
f  4090/2773/4098 4040/2722/4048 4060/2742/4068 4091/2776/4099
f  4091/2776/4099 4060/2742/4068 4056/2738/4064 4092/2777/4100
f  4067/2749/4075 4091/2775/4099 4092/2778/4100 4069/2751/4077
f  4069/2751/4077 4092/2778/4100 4093/2779/4101 4073/2755/4081
f  4092/2777/4100 4056/2738/4064 4054/2736/4062 4093/2780/4101
f  4093/2780/4101 4054/2736/4062 4050/2732/4058 4094/2781/4102
f  4073/2755/4081 4093/2779/4101 4094/2782/4102 4075/2757/4083
f  4075/2757/4083 4094/2782/4102 4095/2783/4103 4079/2761/4087
f  4094/2781/4102 4050/2732/4058 4048/2730/4056 4095/2784/4103
f  4095/2784/4103 4048/2730/4056 4019/2700/4027 4016/2699/4024
f  4079/2761/4087 4095/2783/4103 4016/2696/4024 4015/2695/4023
f  4096/2785/4104 4097/2786/4105 4098/2787/4106 4099/2788/4107
f  4097/2786/4105 4100/2789/4108 4101/2790/4109 4098/2787/4106
f  4098/2787/4106 4101/2790/4109 4102/2791/4110 4103/2792/4111
f  4099/2788/4107 4098/2787/4106 4103/2793/4111 4104/2794/4112
f  4105/2795/4113 4106/2796/4114 4107/2797/4115 4108/2798/4116
f  4106/2799/4114 4109/2800/4117 4110/2801/4118 4107/2802/4115
f  4107/2802/4115 4110/2801/4118 4111/2803/4119 4112/2804/4120
f  4108/2798/4116 4107/2797/4115 4112/2804/4120 4113/2805/4121
f  4113/2805/4121 4112/2804/4120 4114/2806/4122 4115/2807/4123
f  4112/2804/4120 4111/2803/4119 4116/2808/4124 4114/2806/4122
f  4114/2806/4122 4116/2808/4124 4117/2809/4125 4118/2810/4126
f  4115/2807/4123 4114/2806/4122 4118/2810/4126 4119/2811/4127
f  4120/2812/4128 4121/2813/4129 4122/2814/4130 4123/2815/4131
f  4121/2813/4129 4124/2816/4132 4125/2817/4133 4122/2814/4130
f  4122/2814/4130 4125/2817/4133 4100/2789/4108 4097/2786/4105
f  4123/2815/4131 4122/2814/4130 4097/2786/4105 4096/2785/4104
f  4105/2795/4113 4108/2798/4116 4126/2818/4134 4127/2819/4135
f  4108/2798/4116 4113/2805/4121 4115/2807/4123 4126/2818/4134
f  4126/2818/4134 4115/2807/4123 4119/2811/4127 4128/2820/4136
f  4127/2819/4135 4126/2818/4134 4128/2820/4136 4129/2821/4137
f  4130/2822/4138 4131/2823/4139 4132/2824/4140 4133/2825/4141
f  4131/2823/4139 4102/2791/4110 4101/2790/4109 4132/2824/4140
f  4132/2824/4140 4101/2790/4109 4100/2789/4108 4125/2817/4133
f  4133/2825/4141 4132/2824/4140 4125/2817/4133 4124/2816/4132
f  4111/2803/4119 4110/2801/4118 4134/2826/4142 4116/2808/4124
f  4110/2801/4118 4109/2800/4117 4135/2827/4143 4134/2826/4142
f  4134/2826/4142 4135/2827/4143 4136/2828/4144 4137/2829/4145
f  4116/2808/4124 4134/2826/4142 4137/2829/4145 4117/2809/4125
f  4109/2800/4117 4138/2830/4146 4139/2831/4147 4135/2827/4143
f  4138/2830/4146 4140/2832/4148 4141/2833/4149 4139/2831/4147
f  4139/2831/4147 4141/2833/4149 4142/2834/4150 4143/2835/4151
f  4135/2827/4143 4139/2831/4147 4143/2835/4151 4136/2828/4144
f  4140/2832/4148 4144/2836/4152 4145/2837/4153 4141/2833/4149
f  4144/2836/4152 4146/2838/4154 4147/2839/4155 4145/2837/4153
f  4145/2837/4153 4147/2839/4155 4148/2840/4156 4149/2841/4157
f  4141/2833/4149 4145/2837/4153 4149/2841/4157 4142/2834/4150
f  4146/2838/4154 4150/2842/4158 4151/2843/4159 4147/2839/4155
f  4150/2842/4158 4130/2822/4138 4133/2825/4141 4151/2843/4159
f  4151/2843/4159 4133/2825/4141 4124/2816/4132 4152/2844/4160
f  4147/2839/4155 4151/2843/4159 4152/2844/4160 4148/2840/4156
f  4104/2794/4112 4153/2845/4161 4154/2846/4162 4099/2788/4107
f  4153/2845/4161 4155/2847/4163 4156/2848/4164 4154/2846/4162
f  4154/2846/4162 4156/2848/4164 4120/2812/4128 4123/2815/4131
f  4099/2788/4107 4154/2846/4162 4123/2815/4131 4096/2785/4104
f  4155/2847/4163 4157/2849/4165 4158/2850/4166 4156/2848/4164
f  4157/2849/4165 4159/2851/4167 4160/2852/4168 4158/2850/4166
f  4158/2850/4166 4160/2852/4168 4161/2853/4169 4162/2854/4170
f  4156/2848/4164 4158/2850/4166 4162/2854/4170 4120/2812/4128
f  4159/2851/4167 4163/2855/4171 4164/2856/4172 4160/2852/4168
f  4163/2855/4171 4165/2857/4173 4166/2858/4174 4164/2856/4172
f  4164/2856/4172 4166/2858/4174 4167/2859/4175 4168/2860/4176
f  4160/2852/4168 4164/2856/4172 4168/2860/4176 4161/2853/4169
f  4165/2857/4173 4169/2861/4177 4170/2862/4178 4166/2858/4174
f  4169/2861/4177 4105/2795/4113 4127/2819/4135 4170/2862/4178
f  4170/2862/4178 4127/2819/4135 4129/2821/4137 4171/2863/4179
f  4166/2858/4174 4170/2862/4178 4171/2863/4179 4167/2859/4175
f  4119/2811/4127 4118/2810/4126 4172/2864/4180 4128/2820/4136
f  4118/2810/4126 4117/2809/4125 4137/2829/4145 4172/2864/4180
f  4172/2864/4180 4137/2829/4145 4136/2828/4144 4173/2865/4181
f  4128/2820/4136 4172/2864/4180 4173/2865/4181 4129/2821/4137
f  4129/2821/4137 4173/2865/4181 4174/2866/4182 4171/2863/4179
f  4173/2865/4181 4136/2828/4144 4143/2835/4151 4174/2866/4182
f  4174/2866/4182 4143/2835/4151 4142/2834/4150 4175/2867/4183
f  4171/2863/4179 4174/2866/4182 4175/2867/4183 4167/2859/4175
f  4167/2859/4175 4175/2867/4183 4176/2868/4184 4168/2860/4176
f  4175/2867/4183 4142/2834/4150 4149/2841/4157 4176/2868/4184
f  4176/2868/4184 4149/2841/4157 4148/2840/4156 4177/2869/4185
f  4168/2860/4176 4176/2868/4184 4177/2869/4185 4161/2853/4169
f  4161/2853/4169 4177/2869/4185 4178/2870/4186 4162/2854/4170
f  4177/2869/4185 4148/2840/4156 4152/2844/4160 4178/2870/4186
f  4178/2870/4186 4152/2844/4160 4124/2816/4132 4121/2813/4129
f  4162/2854/4170 4178/2870/4186 4121/2813/4129 4120/2812/4128
f  4104/2794/4112 4103/2793/4111 4179/2871/4187 4153/2845/4161
f  4103/2792/4111 4102/2791/4110 4131/2823/4139 4179/2872/4187
f  4179/2872/4187 4131/2823/4139 4130/2822/4138 4180/2873/4188
f  4153/2845/4161 4179/2871/4187 4180/2874/4188 4155/2847/4163
f  4155/2847/4163 4180/2874/4188 4181/2875/4189 4157/2849/4165
f  4180/2873/4188 4130/2822/4138 4150/2842/4158 4181/2876/4189
f  4181/2876/4189 4150/2842/4158 4146/2838/4154 4182/2877/4190
f  4157/2849/4165 4181/2875/4189 4182/2878/4190 4159/2851/4167
f  4159/2851/4167 4182/2878/4190 4183/2879/4191 4163/2855/4171
f  4182/2877/4190 4146/2838/4154 4144/2836/4152 4183/2880/4191
f  4183/2880/4191 4144/2836/4152 4140/2832/4148 4184/2881/4192
f  4163/2855/4171 4183/2879/4191 4184/2882/4192 4165/2857/4173
f  4165/2857/4173 4184/2882/4192 4185/2883/4193 4169/2861/4177
f  4184/2881/4192 4140/2832/4148 4138/2830/4146 4185/2884/4193
f  4185/2884/4193 4138/2830/4146 4109/2800/4117 4106/2799/4114
f  4169/2861/4177 4185/2883/4193 4106/2796/4114 4105/2795/4113
f  4186/2885/4194 4187/2886/4195 4188/2887/4196 4189/2888/4197
f  4187/2886/4195 4190/2889/4198 4191/2890/4199 4188/2887/4196
f  4188/2887/4196 4191/2890/4199 4192/2891/4200 4193/2892/4201
f  4189/2888/4197 4188/2887/4196 4193/2893/4201 4194/2894/4202
f  4195/2895/4203 4196/2896/4204 4197/2897/4205 4198/2898/4206
f  4196/2899/4204 4199/2900/4207 4200/2901/4208 4197/2902/4205
f  4197/2902/4205 4200/2901/4208 4201/2903/4209 4202/2904/4210
f  4198/2898/4206 4197/2897/4205 4202/2904/4210 4203/2905/4211
f  4203/2905/4211 4202/2904/4210 4204/2906/4212 4205/2907/4213
f  4202/2904/4210 4201/2903/4209 4206/2908/4214 4204/2906/4212
f  4204/2906/4212 4206/2908/4214 4207/2909/4215 4208/2910/4216
f  4205/2907/4213 4204/2906/4212 4208/2910/4216 4209/2911/4217
f  4210/2912/4218 4211/2913/4219 4212/2914/4220 4213/2915/4221
f  4211/2913/4219 4214/2916/4222 4215/2917/4223 4212/2914/4220
f  4212/2914/4220 4215/2917/4223 4190/2889/4198 4187/2886/4195
f  4213/2915/4221 4212/2914/4220 4187/2886/4195 4186/2885/4194
f  4195/2895/4203 4198/2898/4206 4216/2918/4224 4217/2919/4225
f  4198/2898/4206 4203/2905/4211 4205/2907/4213 4216/2918/4224
f  4216/2918/4224 4205/2907/4213 4209/2911/4217 4218/2920/4226
f  4217/2919/4225 4216/2918/4224 4218/2920/4226 4219/2921/4227
f  4220/2922/4228 4221/2923/4229 4222/2924/4230 4223/2925/4231
f  4221/2923/4229 4192/2891/4200 4191/2890/4199 4222/2924/4230
f  4222/2924/4230 4191/2890/4199 4190/2889/4198 4215/2917/4223
f  4223/2925/4231 4222/2924/4230 4215/2917/4223 4214/2916/4222
f  4201/2903/4209 4200/2901/4208 4224/2926/4232 4206/2908/4214
f  4200/2901/4208 4199/2900/4207 4225/2927/4233 4224/2926/4232
f  4224/2926/4232 4225/2927/4233 4226/2928/4234 4227/2929/4235
f  4206/2908/4214 4224/2926/4232 4227/2929/4235 4207/2909/4215
f  4199/2900/4207 4228/2930/4236 4229/2931/4237 4225/2927/4233
f  4228/2930/4236 4230/2932/4238 4231/2933/4239 4229/2931/4237
f  4229/2931/4237 4231/2933/4239 4232/2934/4240 4233/2935/4241
f  4225/2927/4233 4229/2931/4237 4233/2935/4241 4226/2928/4234
f  4230/2932/4238 4234/2936/4242 4235/2937/4243 4231/2933/4239
f  4234/2936/4242 4236/2938/4244 4237/2939/4245 4235/2937/4243
f  4235/2937/4243 4237/2939/4245 4238/2940/4246 4239/2941/4247
f  4231/2933/4239 4235/2937/4243 4239/2941/4247 4232/2934/4240
f  4236/2938/4244 4240/2942/4248 4241/2943/4249 4237/2939/4245
f  4240/2942/4248 4220/2922/4228 4223/2925/4231 4241/2943/4249
f  4241/2943/4249 4223/2925/4231 4214/2916/4222 4242/2944/4250
f  4237/2939/4245 4241/2943/4249 4242/2944/4250 4238/2940/4246
f  4194/2894/4202 4243/2945/4251 4244/2946/4252 4189/2888/4197
f  4243/2945/4251 4245/2947/4253 4246/2948/4254 4244/2946/4252
f  4244/2946/4252 4246/2948/4254 4210/2912/4218 4213/2915/4221
f  4189/2888/4197 4244/2946/4252 4213/2915/4221 4186/2885/4194
f  4245/2947/4253 4247/2949/4255 4248/2950/4256 4246/2948/4254
f  4247/2949/4255 4249/2951/4257 4250/2952/4258 4248/2950/4256
f  4248/2950/4256 4250/2952/4258 4251/2953/4259 4252/2954/4260
f  4246/2948/4254 4248/2950/4256 4252/2954/4260 4210/2912/4218
f  4249/2951/4257 4253/2955/4261 4254/2956/4262 4250/2952/4258
f  4253/2955/4261 4255/2957/4263 4256/2958/4264 4254/2956/4262
f  4254/2956/4262 4256/2958/4264 4257/2959/4265 4258/2960/4266
f  4250/2952/4258 4254/2956/4262 4258/2960/4266 4251/2953/4259
f  4255/2957/4263 4259/2961/4267 4260/2962/4268 4256/2958/4264
f  4259/2961/4267 4195/2895/4203 4217/2919/4225 4260/2962/4268
f  4260/2962/4268 4217/2919/4225 4219/2921/4227 4261/2963/4269
f  4256/2958/4264 4260/2962/4268 4261/2963/4269 4257/2959/4265
f  4209/2911/4217 4208/2910/4216 4262/2964/4270 4218/2920/4226
f  4208/2910/4216 4207/2909/4215 4227/2929/4235 4262/2964/4270
f  4262/2964/4270 4227/2929/4235 4226/2928/4234 4263/2965/4271
f  4218/2920/4226 4262/2964/4270 4263/2965/4271 4219/2921/4227
f  4219/2921/4227 4263/2965/4271 4264/2966/4272 4261/2963/4269
f  4263/2965/4271 4226/2928/4234 4233/2935/4241 4264/2966/4272
f  4264/2966/4272 4233/2935/4241 4232/2934/4240 4265/2967/4273
f  4261/2963/4269 4264/2966/4272 4265/2967/4273 4257/2959/4265
f  4257/2959/4265 4265/2967/4273 4266/2968/4274 4258/2960/4266
f  4265/2967/4273 4232/2934/4240 4239/2941/4247 4266/2968/4274
f  4266/2968/4274 4239/2941/4247 4238/2940/4246 4267/2969/4275
f  4258/2960/4266 4266/2968/4274 4267/2969/4275 4251/2953/4259
f  4251/2953/4259 4267/2969/4275 4268/2970/4276 4252/2954/4260
f  4267/2969/4275 4238/2940/4246 4242/2944/4250 4268/2970/4276
f  4268/2970/4276 4242/2944/4250 4214/2916/4222 4211/2913/4219
f  4252/2954/4260 4268/2970/4276 4211/2913/4219 4210/2912/4218
f  4194/2894/4202 4193/2893/4201 4269/2971/4277 4243/2945/4251
f  4193/2892/4201 4192/2891/4200 4221/2923/4229 4269/2972/4277
f  4269/2972/4277 4221/2923/4229 4220/2922/4228 4270/2973/4278
f  4243/2945/4251 4269/2971/4277 4270/2974/4278 4245/2947/4253
f  4245/2947/4253 4270/2974/4278 4271/2975/4279 4247/2949/4255
f  4270/2973/4278 4220/2922/4228 4240/2942/4248 4271/2976/4279
f  4271/2976/4279 4240/2942/4248 4236/2938/4244 4272/2977/4280
f  4247/2949/4255 4271/2975/4279 4272/2978/4280 4249/2951/4257
f  4249/2951/4257 4272/2978/4280 4273/2979/4281 4253/2955/4261
f  4272/2977/4280 4236/2938/4244 4234/2936/4242 4273/2980/4281
f  4273/2980/4281 4234/2936/4242 4230/2932/4238 4274/2981/4282
f  4253/2955/4261 4273/2979/4281 4274/2982/4282 4255/2957/4263
f  4255/2957/4263 4274/2982/4282 4275/2983/4283 4259/2961/4267
f  4274/2981/4282 4230/2932/4238 4228/2930/4236 4275/2984/4283
f  4275/2984/4283 4228/2930/4236 4199/2900/4207 4196/2899/4204
f  4259/2961/4267 4275/2983/4283 4196/2896/4204 4195/2895/4203
f  4276/2985/4284 4277/2986/4285 4278/2987/4286 4279/2988/4287
f  4277/2986/4285 4280/2989/4288 4281/2990/4289 4278/2987/4286
f  4278/2987/4286 4281/2990/4289 4282/2991/4290 4283/2992/4291
f  4279/2988/4287 4278/2987/4286 4283/2993/4291 4284/2994/4292
f  4285/2995/4293 4286/2996/4294 4287/2997/4295 4288/2998/4296
f  4286/2999/4294 4289/3000/4297 4290/3001/4298 4287/3002/4295
f  4287/3002/4295 4290/3001/4298 4291/3003/4299 4292/3004/4300
f  4288/2998/4296 4287/2997/4295 4292/3004/4300 4293/3005/4301
f  4293/3005/4301 4292/3004/4300 4294/3006/4302 4295/3007/4303
f  4292/3004/4300 4291/3003/4299 4296/3008/4304 4294/3006/4302
f  4294/3006/4302 4296/3008/4304 4297/3009/4305 4298/3010/4306
f  4295/3007/4303 4294/3006/4302 4298/3010/4306 4299/3011/4307
f  4300/3012/4308 4301/3013/4309 4302/3014/4310 4303/3015/4311
f  4301/3013/4309 4304/3016/4312 4305/3017/4313 4302/3014/4310
f  4302/3014/4310 4305/3017/4313 4280/2989/4288 4277/2986/4285
f  4303/3015/4311 4302/3014/4310 4277/2986/4285 4276/2985/4284
f  4285/2995/4293 4288/2998/4296 4306/3018/4314 4307/3019/4315
f  4288/2998/4296 4293/3005/4301 4295/3007/4303 4306/3018/4314
f  4306/3018/4314 4295/3007/4303 4299/3011/4307 4308/3020/4316
f  4307/3019/4315 4306/3018/4314 4308/3020/4316 4309/3021/4317
f  4310/3022/4318 4311/3023/4319 4312/3024/4320 4313/3025/4321
f  4311/3023/4319 4282/2991/4290 4281/2990/4289 4312/3024/4320
f  4312/3024/4320 4281/2990/4289 4280/2989/4288 4305/3017/4313
f  4313/3025/4321 4312/3024/4320 4305/3017/4313 4304/3016/4312
f  4291/3003/4299 4290/3001/4298 4314/3026/4322 4296/3008/4304
f  4290/3001/4298 4289/3000/4297 4315/3027/4323 4314/3026/4322
f  4314/3026/4322 4315/3027/4323 4316/3028/4324 4317/3029/4325
f  4296/3008/4304 4314/3026/4322 4317/3029/4325 4297/3009/4305
f  4289/3000/4297 4318/3030/4326 4319/3031/4327 4315/3027/4323
f  4318/3030/4326 4320/3032/4328 4321/3033/4329 4319/3031/4327
f  4319/3031/4327 4321/3033/4329 4322/3034/4330 4323/3035/4331
f  4315/3027/4323 4319/3031/4327 4323/3035/4331 4316/3028/4324
f  4320/3032/4328 4324/3036/4332 4325/3037/4333 4321/3033/4329
f  4324/3036/4332 4326/3038/4334 4327/3039/4335 4325/3037/4333
f  4325/3037/4333 4327/3039/4335 4328/3040/4336 4329/3041/4337
f  4321/3033/4329 4325/3037/4333 4329/3041/4337 4322/3034/4330
f  4326/3038/4334 4330/3042/4338 4331/3043/4339 4327/3039/4335
f  4330/3042/4338 4310/3022/4318 4313/3025/4321 4331/3043/4339
f  4331/3043/4339 4313/3025/4321 4304/3016/4312 4332/3044/4340
f  4327/3039/4335 4331/3043/4339 4332/3044/4340 4328/3040/4336
f  4284/2994/4292 4333/3045/4341 4334/3046/4342 4279/2988/4287
f  4333/3045/4341 4335/3047/4343 4336/3048/4344 4334/3046/4342
f  4334/3046/4342 4336/3048/4344 4300/3012/4308 4303/3015/4311
f  4279/2988/4287 4334/3046/4342 4303/3015/4311 4276/2985/4284
f  4335/3047/4343 4337/3049/4345 4338/3050/4346 4336/3048/4344
f  4337/3049/4345 4339/3051/4347 4340/3052/4348 4338/3050/4346
f  4338/3050/4346 4340/3052/4348 4341/3053/4349 4342/3054/4350
f  4336/3048/4344 4338/3050/4346 4342/3054/4350 4300/3012/4308
f  4339/3051/4347 4343/3055/4351 4344/3056/4352 4340/3052/4348
f  4343/3055/4351 4345/3057/4353 4346/3058/4354 4344/3056/4352
f  4344/3056/4352 4346/3058/4354 4347/3059/4355 4348/3060/4356
f  4340/3052/4348 4344/3056/4352 4348/3060/4356 4341/3053/4349
f  4345/3057/4353 4349/3061/4357 4350/3062/4358 4346/3058/4354
f  4349/3061/4357 4285/2995/4293 4307/3019/4315 4350/3062/4358
f  4350/3062/4358 4307/3019/4315 4309/3021/4317 4351/3063/4359
f  4346/3058/4354 4350/3062/4358 4351/3063/4359 4347/3059/4355
f  4299/3011/4307 4298/3010/4306 4352/3064/4360 4308/3020/4316
f  4298/3010/4306 4297/3009/4305 4317/3029/4325 4352/3064/4360
f  4352/3064/4360 4317/3029/4325 4316/3028/4324 4353/3065/4361
f  4308/3020/4316 4352/3064/4360 4353/3065/4361 4309/3021/4317
f  4309/3021/4317 4353/3065/4361 4354/3066/4362 4351/3063/4359
f  4353/3065/4361 4316/3028/4324 4323/3035/4331 4354/3066/4362
f  4354/3066/4362 4323/3035/4331 4322/3034/4330 4355/3067/4363
f  4351/3063/4359 4354/3066/4362 4355/3067/4363 4347/3059/4355
f  4347/3059/4355 4355/3067/4363 4356/3068/4364 4348/3060/4356
f  4355/3067/4363 4322/3034/4330 4329/3041/4337 4356/3068/4364
f  4356/3068/4364 4329/3041/4337 4328/3040/4336 4357/3069/4365
f  4348/3060/4356 4356/3068/4364 4357/3069/4365 4341/3053/4349
f  4341/3053/4349 4357/3069/4365 4358/3070/4366 4342/3054/4350
f  4357/3069/4365 4328/3040/4336 4332/3044/4340 4358/3070/4366
f  4358/3070/4366 4332/3044/4340 4304/3016/4312 4301/3013/4309
f  4342/3054/4350 4358/3070/4366 4301/3013/4309 4300/3012/4308
f  4284/2994/4292 4283/2993/4291 4359/3071/4367 4333/3045/4341
f  4283/2992/4291 4282/2991/4290 4311/3023/4319 4359/3072/4367
f  4359/3072/4367 4311/3023/4319 4310/3022/4318 4360/3073/4368
f  4333/3045/4341 4359/3071/4367 4360/3074/4368 4335/3047/4343
f  4335/3047/4343 4360/3074/4368 4361/3075/4369 4337/3049/4345
f  4360/3073/4368 4310/3022/4318 4330/3042/4338 4361/3076/4369
f  4361/3076/4369 4330/3042/4338 4326/3038/4334 4362/3077/4370
f  4337/3049/4345 4361/3075/4369 4362/3078/4370 4339/3051/4347
f  4339/3051/4347 4362/3078/4370 4363/3079/4371 4343/3055/4351
f  4362/3077/4370 4326/3038/4334 4324/3036/4332 4363/3080/4371
f  4363/3080/4371 4324/3036/4332 4320/3032/4328 4364/3081/4372
f  4343/3055/4351 4363/3079/4371 4364/3082/4372 4345/3057/4353
f  4345/3057/4353 4364/3082/4372 4365/3083/4373 4349/3061/4357
f  4364/3081/4372 4320/3032/4328 4318/3030/4326 4365/3084/4373
f  4365/3084/4373 4318/3030/4326 4289/3000/4297 4286/2999/4294
f  4349/3061/4357 4365/3083/4373 4286/2996/4294 4285/2995/4293
f  4366/3085/4374 4367/3086/4375 4368/3087/4376 4369/3088/4377
f  4367/3086/4375 4370/3089/4378 4371/3090/4379 4368/3087/4376
f  4368/3087/4376 4371/3090/4379 4372/3091/4380 4373/3092/4381
f  4369/3088/4377 4368/3087/4376 4373/3093/4381 4374/3094/4382
f  4375/3095/4383 4376/3096/4384 4377/3097/4385 4378/3098/4386
f  4376/3099/4384 4379/3100/4387 4380/3101/4388 4377/3102/4385
f  4377/3102/4385 4380/3101/4388 4381/3103/4389 4382/3104/4390
f  4378/3098/4386 4377/3097/4385 4382/3104/4390 4383/3105/4391
f  4383/3105/4391 4382/3104/4390 4384/3106/4392 4385/3107/4393
f  4382/3104/4390 4381/3103/4389 4386/3108/4394 4384/3106/4392
f  4384/3106/4392 4386/3108/4394 4387/3109/4395 4388/3110/4396
f  4385/3107/4393 4384/3106/4392 4388/3110/4396 4389/3111/4397
f  4390/3112/4398 4391/3113/4399 4392/3114/4400 4393/3115/4401
f  4391/3113/4399 4394/3116/4402 4395/3117/4403 4392/3114/4400
f  4392/3114/4400 4395/3117/4403 4370/3089/4378 4367/3086/4375
f  4393/3115/4401 4392/3114/4400 4367/3086/4375 4366/3085/4374
f  4375/3095/4383 4378/3098/4386 4396/3118/4404 4397/3119/4405
f  4378/3098/4386 4383/3105/4391 4385/3107/4393 4396/3118/4404
f  4396/3118/4404 4385/3107/4393 4389/3111/4397 4398/3120/4406
f  4397/3119/4405 4396/3118/4404 4398/3120/4406 4399/3121/4407
f  4400/3122/4408 4401/3123/4409 4402/3124/4410 4403/3125/4411
f  4401/3123/4409 4372/3091/4380 4371/3090/4379 4402/3124/4410
f  4402/3124/4410 4371/3090/4379 4370/3089/4378 4395/3117/4403
f  4403/3125/4411 4402/3124/4410 4395/3117/4403 4394/3116/4402
f  4381/3103/4389 4380/3101/4388 4404/3126/4412 4386/3108/4394
f  4380/3101/4388 4379/3100/4387 4405/3127/4413 4404/3126/4412
f  4404/3126/4412 4405/3127/4413 4406/3128/4414 4407/3129/4415
f  4386/3108/4394 4404/3126/4412 4407/3129/4415 4387/3109/4395
f  4379/3100/4387 4408/3130/4416 4409/3131/4417 4405/3127/4413
f  4408/3130/4416 4410/3132/4418 4411/3133/4419 4409/3131/4417
f  4409/3131/4417 4411/3133/4419 4412/3134/4420 4413/3135/4421
f  4405/3127/4413 4409/3131/4417 4413/3135/4421 4406/3128/4414
f  4410/3132/4418 4414/3136/4422 4415/3137/4423 4411/3133/4419
f  4414/3136/4422 4416/3138/4424 4417/3139/4425 4415/3137/4423
f  4415/3137/4423 4417/3139/4425 4418/3140/4426 4419/3141/4427
f  4411/3133/4419 4415/3137/4423 4419/3141/4427 4412/3134/4420
f  4416/3138/4424 4420/3142/4428 4421/3143/4429 4417/3139/4425
f  4420/3142/4428 4400/3122/4408 4403/3125/4411 4421/3143/4429
f  4421/3143/4429 4403/3125/4411 4394/3116/4402 4422/3144/4430
f  4417/3139/4425 4421/3143/4429 4422/3144/4430 4418/3140/4426
f  4374/3094/4382 4423/3145/4431 4424/3146/4432 4369/3088/4377
f  4423/3145/4431 4425/3147/4433 4426/3148/4434 4424/3146/4432
f  4424/3146/4432 4426/3148/4434 4390/3112/4398 4393/3115/4401
f  4369/3088/4377 4424/3146/4432 4393/3115/4401 4366/3085/4374
f  4425/3147/4433 4427/3149/4435 4428/3150/4436 4426/3148/4434
f  4427/3149/4435 4429/3151/4437 4430/3152/4438 4428/3150/4436
f  4428/3150/4436 4430/3152/4438 4431/3153/4439 4432/3154/4440
f  4426/3148/4434 4428/3150/4436 4432/3154/4440 4390/3112/4398
f  4429/3151/4437 4433/3155/4441 4434/3156/4442 4430/3152/4438
f  4433/3155/4441 4435/3157/4443 4436/3158/4444 4434/3156/4442
f  4434/3156/4442 4436/3158/4444 4437/3159/4445 4438/3160/4446
f  4430/3152/4438 4434/3156/4442 4438/3160/4446 4431/3153/4439
f  4435/3157/4443 4439/3161/4447 4440/3162/4448 4436/3158/4444
f  4439/3161/4447 4375/3095/4383 4397/3119/4405 4440/3162/4448
f  4440/3162/4448 4397/3119/4405 4399/3121/4407 4441/3163/4449
f  4436/3158/4444 4440/3162/4448 4441/3163/4449 4437/3159/4445
f  4389/3111/4397 4388/3110/4396 4442/3164/4450 4398/3120/4406
f  4388/3110/4396 4387/3109/4395 4407/3129/4415 4442/3164/4450
f  4442/3164/4450 4407/3129/4415 4406/3128/4414 4443/3165/4451
f  4398/3120/4406 4442/3164/4450 4443/3165/4451 4399/3121/4407
f  4399/3121/4407 4443/3165/4451 4444/3166/4452 4441/3163/4449
f  4443/3165/4451 4406/3128/4414 4413/3135/4421 4444/3166/4452
f  4444/3166/4452 4413/3135/4421 4412/3134/4420 4445/3167/4453
f  4441/3163/4449 4444/3166/4452 4445/3167/4453 4437/3159/4445
f  4437/3159/4445 4445/3167/4453 4446/3168/4454 4438/3160/4446
f  4445/3167/4453 4412/3134/4420 4419/3141/4427 4446/3168/4454
f  4446/3168/4454 4419/3141/4427 4418/3140/4426 4447/3169/4455
f  4438/3160/4446 4446/3168/4454 4447/3169/4455 4431/3153/4439
f  4431/3153/4439 4447/3169/4455 4448/3170/4456 4432/3154/4440
f  4447/3169/4455 4418/3140/4426 4422/3144/4430 4448/3170/4456
f  4448/3170/4456 4422/3144/4430 4394/3116/4402 4391/3113/4399
f  4432/3154/4440 4448/3170/4456 4391/3113/4399 4390/3112/4398
f  4374/3094/4382 4373/3093/4381 4449/3171/4457 4423/3145/4431
f  4373/3092/4381 4372/3091/4380 4401/3123/4409 4449/3172/4457
f  4449/3172/4457 4401/3123/4409 4400/3122/4408 4450/3173/4458
f  4423/3145/4431 4449/3171/4457 4450/3174/4458 4425/3147/4433
f  4425/3147/4433 4450/3174/4458 4451/3175/4459 4427/3149/4435
f  4450/3173/4458 4400/3122/4408 4420/3142/4428 4451/3176/4459
f  4451/3176/4459 4420/3142/4428 4416/3138/4424 4452/3177/4460
f  4427/3149/4435 4451/3175/4459 4452/3178/4460 4429/3151/4437
f  4429/3151/4437 4452/3178/4460 4453/3179/4461 4433/3155/4441
f  4452/3177/4460 4416/3138/4424 4414/3136/4422 4453/3180/4461
f  4453/3180/4461 4414/3136/4422 4410/3132/4418 4454/3181/4462
f  4433/3155/4441 4453/3179/4461 4454/3182/4462 4435/3157/4443
f  4435/3157/4443 4454/3182/4462 4455/3183/4463 4439/3161/4447
f  4454/3181/4462 4410/3132/4418 4408/3130/4416 4455/3184/4463
f  4455/3184/4463 4408/3130/4416 4379/3100/4387 4376/3099/4384
f  4439/3161/4447 4455/3183/4463 4376/3096/4384 4375/3095/4383
f  4456/3185/4464 4457/3186/4465 4458/3187/4466 4459/3188/4467
f  4459/3188/4467 4458/3187/4466 4460/3189/4468 4461/3190/4469
f  4458/3187/4466 4462/3191/4470 4463/3192/4471 4460/3189/4468
f  4457/3186/4465 4464/3193/4472 4462/3194/4470 4458/3187/4466
f  4465/3195/4473 4466/3196/4474 4467/3197/4475 4468/3198/4476
f  4468/3199/4476 4467/3200/4475 4469/3201/4477 4470/3202/4478
f  4467/3200/4475 4471/3203/4479 4472/3204/4480 4469/3201/4477
f  4466/3196/4474 4473/3205/4481 4471/3203/4479 4467/3197/4475
f  4473/3205/4481 4474/3206/4482 4475/3207/4483 4471/3203/4479
f  4471/3203/4479 4475/3207/4483 4476/3208/4484 4472/3204/4480
f  4475/3207/4483 4477/3209/4485 4478/3210/4486 4476/3208/4484
f  4474/3206/4482 4479/3211/4487 4477/3209/4485 4475/3207/4483
f  4480/3212/4488 4481/3213/4489 4482/3214/4490 4483/3215/4491
f  4483/3215/4491 4482/3214/4490 4484/3216/4492 4485/3217/4493
f  4482/3214/4490 4459/3188/4467 4461/3190/4469 4484/3216/4492
f  4481/3213/4489 4456/3185/4464 4459/3188/4467 4482/3214/4490
f  4465/3195/4473 4486/3218/4494 4487/3219/4495 4466/3196/4474
f  4466/3196/4474 4487/3219/4495 4474/3206/4482 4473/3205/4481
f  4487/3219/4495 4488/3220/4496 4479/3211/4487 4474/3206/4482
f  4486/3218/4494 4489/3221/4497 4488/3220/4496 4487/3219/4495
f  4490/3222/4498 4491/3223/4499 4492/3224/4500 4493/3225/4501
f  4493/3225/4501 4492/3224/4500 4460/3189/4468 4463/3192/4471
f  4492/3224/4500 4484/3216/4492 4461/3190/4469 4460/3189/4468
f  4491/3223/4499 4485/3217/4493 4484/3216/4492 4492/3224/4500
f  4472/3204/4480 4476/3208/4484 4494/3226/4502 4469/3201/4477
f  4469/3201/4477 4494/3226/4502 4495/3227/4503 4470/3202/4478
f  4494/3226/4502 4496/3228/4504 4497/3229/4505 4495/3227/4503
f  4476/3208/4484 4478/3210/4486 4496/3228/4504 4494/3226/4502
f  4470/3202/4478 4495/3227/4503 4498/3230/4506 4499/3231/4507
f  4499/3231/4507 4498/3230/4506 4500/3232/4508 4501/3233/4509
f  4498/3230/4506 4502/3234/4510 4503/3235/4511 4500/3232/4508
f  4495/3227/4503 4497/3229/4505 4502/3234/4510 4498/3230/4506
f  4501/3233/4509 4500/3232/4508 4504/3236/4512 4505/3237/4513
f  4505/3237/4513 4504/3236/4512 4506/3238/4514 4507/3239/4515
f  4504/3236/4512 4508/3240/4516 4509/3241/4517 4506/3238/4514
f  4500/3232/4508 4503/3235/4511 4508/3240/4516 4504/3236/4512
f  4507/3239/4515 4506/3238/4514 4510/3242/4518 4511/3243/4519
f  4511/3243/4519 4510/3242/4518 4491/3223/4499 4490/3222/4498
f  4510/3242/4518 4512/3244/4520 4485/3217/4493 4491/3223/4499
f  4506/3238/4514 4509/3241/4517 4512/3244/4520 4510/3242/4518
f  4464/3193/4472 4457/3186/4465 4513/3245/4521 4514/3246/4522
f  4514/3246/4522 4513/3245/4521 4515/3247/4523 4516/3248/4524
f  4513/3245/4521 4481/3213/4489 4480/3212/4488 4515/3247/4523
f  4457/3186/4465 4456/3185/4464 4481/3213/4489 4513/3245/4521
f  4516/3248/4524 4515/3247/4523 4517/3249/4525 4518/3250/4526
f  4518/3250/4526 4517/3249/4525 4519/3251/4527 4520/3252/4528
f  4517/3249/4525 4521/3253/4529 4522/3254/4530 4519/3251/4527
f  4515/3247/4523 4480/3212/4488 4521/3253/4529 4517/3249/4525
f  4520/3252/4528 4519/3251/4527 4523/3255/4531 4524/3256/4532
f  4524/3256/4532 4523/3255/4531 4525/3257/4533 4526/3258/4534
f  4523/3255/4531 4527/3259/4535 4528/3260/4536 4525/3257/4533
f  4519/3251/4527 4522/3254/4530 4527/3259/4535 4523/3255/4531
f  4526/3258/4534 4525/3257/4533 4529/3261/4537 4530/3262/4538
f  4530/3262/4538 4529/3261/4537 4486/3218/4494 4465/3195/4473
f  4529/3261/4537 4531/3263/4539 4489/3221/4497 4486/3218/4494
f  4525/3257/4533 4528/3260/4536 4531/3263/4539 4529/3261/4537
f  4479/3211/4487 4488/3220/4496 4532/3264/4540 4477/3209/4485
f  4477/3209/4485 4532/3264/4540 4496/3228/4504 4478/3210/4486
f  4532/3264/4540 4533/3265/4541 4497/3229/4505 4496/3228/4504
f  4488/3220/4496 4489/3221/4497 4533/3265/4541 4532/3264/4540
f  4489/3221/4497 4531/3263/4539 4534/3266/4542 4533/3265/4541
f  4533/3265/4541 4534/3266/4542 4502/3234/4510 4497/3229/4505
f  4534/3266/4542 4535/3267/4543 4503/3235/4511 4502/3234/4510
f  4531/3263/4539 4528/3260/4536 4535/3267/4543 4534/3266/4542
f  4528/3260/4536 4527/3259/4535 4536/3268/4544 4535/3267/4543
f  4535/3267/4543 4536/3268/4544 4508/3240/4516 4503/3235/4511
f  4536/3268/4544 4537/3269/4545 4509/3241/4517 4508/3240/4516
f  4527/3259/4535 4522/3254/4530 4537/3269/4545 4536/3268/4544
f  4522/3254/4530 4521/3253/4529 4538/3270/4546 4537/3269/4545
f  4537/3269/4545 4538/3270/4546 4512/3244/4520 4509/3241/4517
f  4538/3270/4546 4483/3215/4491 4485/3217/4493 4512/3244/4520
f  4521/3253/4529 4480/3212/4488 4483/3215/4491 4538/3270/4546
f  4464/3193/4472 4514/3246/4522 4539/3271/4547 4462/3194/4470
f  4462/3191/4470 4539/3272/4547 4493/3225/4501 4463/3192/4471
f  4539/3272/4547 4540/3273/4548 4490/3222/4498 4493/3225/4501
f  4514/3246/4522 4516/3248/4524 4540/3274/4548 4539/3271/4547
f  4516/3248/4524 4518/3250/4526 4541/3275/4549 4540/3274/4548
f  4540/3273/4548 4541/3276/4549 4511/3243/4519 4490/3222/4498
f  4541/3276/4549 4542/3277/4550 4507/3239/4515 4511/3243/4519
f  4518/3250/4526 4520/3252/4528 4542/3278/4550 4541/3275/4549
f  4520/3252/4528 4524/3256/4532 4543/3279/4551 4542/3278/4550
f  4542/3277/4550 4543/3280/4551 4505/3237/4513 4507/3239/4515
f  4543/3280/4551 4544/3281/4552 4501/3233/4509 4505/3237/4513
f  4524/3256/4532 4526/3258/4534 4544/3282/4552 4543/3279/4551
f  4526/3258/4534 4530/3262/4538 4545/3283/4553 4544/3282/4552
f  4544/3281/4552 4545/3284/4553 4499/3231/4507 4501/3233/4509
f  4545/3284/4553 4468/3199/4476 4470/3202/4478 4499/3231/4507
f  4530/3262/4538 4465/3195/4473 4468/3198/4476 4545/3283/4553
f  4546/3285/4554 4547/3286/4555 4548/3287/4556 4549/3288/4557
f  4549/3288/4557 4548/3287/4556 4550/3289/4558 4551/3290/4559
f  4548/3287/4556 4552/3291/4560 4553/3292/4561 4550/3289/4558
f  4547/3286/4555 4554/3293/4562 4552/3294/4560 4548/3287/4556
f  4555/3295/4563 4556/3296/4564 4557/3297/4565 4558/3298/4566
f  4558/3299/4566 4557/3300/4565 4559/3301/4567 4560/3302/4568
f  4557/3300/4565 4561/3303/4569 4562/3304/4570 4559/3301/4567
f  4556/3296/4564 4563/3305/4571 4561/3303/4569 4557/3297/4565
f  4563/3305/4571 4564/3306/4572 4565/3307/4573 4561/3303/4569
f  4561/3303/4569 4565/3307/4573 4566/3308/4574 4562/3304/4570
f  4565/3307/4573 4567/3309/4575 4568/3310/4576 4566/3308/4574
f  4564/3306/4572 4569/3311/4577 4567/3309/4575 4565/3307/4573
f  4570/3312/4578 4571/3313/4579 4572/3314/4580 4573/3315/4581
f  4573/3315/4581 4572/3314/4580 4574/3316/4582 4575/3317/4583
f  4572/3314/4580 4549/3288/4557 4551/3290/4559 4574/3316/4582
f  4571/3313/4579 4546/3285/4554 4549/3288/4557 4572/3314/4580
f  4555/3295/4563 4576/3318/4584 4577/3319/4585 4556/3296/4564
f  4556/3296/4564 4577/3319/4585 4564/3306/4572 4563/3305/4571
f  4577/3319/4585 4578/3320/4586 4569/3311/4577 4564/3306/4572
f  4576/3318/4584 4579/3321/4587 4578/3320/4586 4577/3319/4585
f  4580/3322/4588 4581/3323/4589 4582/3324/4590 4583/3325/4591
f  4583/3325/4591 4582/3324/4590 4550/3289/4558 4553/3292/4561
f  4582/3324/4590 4574/3316/4582 4551/3290/4559 4550/3289/4558
f  4581/3323/4589 4575/3317/4583 4574/3316/4582 4582/3324/4590
f  4562/3304/4570 4566/3308/4574 4584/3326/4592 4559/3301/4567
f  4559/3301/4567 4584/3326/4592 4585/3327/4593 4560/3302/4568
f  4584/3326/4592 4586/3328/4594 4587/3329/4595 4585/3327/4593
f  4566/3308/4574 4568/3310/4576 4586/3328/4594 4584/3326/4592
f  4560/3302/4568 4585/3327/4593 4588/3330/4596 4589/3331/4597
f  4589/3331/4597 4588/3330/4596 4590/3332/4598 4591/3333/4599
f  4588/3330/4596 4592/3334/4600 4593/3335/4601 4590/3332/4598
f  4585/3327/4593 4587/3329/4595 4592/3334/4600 4588/3330/4596
f  4591/3333/4599 4590/3332/4598 4594/3336/4602 4595/3337/4603
f  4595/3337/4603 4594/3336/4602 4596/3338/4604 4597/3339/4605
f  4594/3336/4602 4598/3340/4606 4599/3341/4607 4596/3338/4604
f  4590/3332/4598 4593/3335/4601 4598/3340/4606 4594/3336/4602
f  4597/3339/4605 4596/3338/4604 4600/3342/4608 4601/3343/4609
f  4601/3343/4609 4600/3342/4608 4581/3323/4589 4580/3322/4588
f  4600/3342/4608 4602/3344/4610 4575/3317/4583 4581/3323/4589
f  4596/3338/4604 4599/3341/4607 4602/3344/4610 4600/3342/4608
f  4554/3293/4562 4547/3286/4555 4603/3345/4611 4604/3346/4612
f  4604/3346/4612 4603/3345/4611 4605/3347/4613 4606/3348/4614
f  4603/3345/4611 4571/3313/4579 4570/3312/4578 4605/3347/4613
f  4547/3286/4555 4546/3285/4554 4571/3313/4579 4603/3345/4611
f  4606/3348/4614 4605/3347/4613 4607/3349/4615 4608/3350/4616
f  4608/3350/4616 4607/3349/4615 4609/3351/4617 4610/3352/4618
f  4607/3349/4615 4611/3353/4619 4612/3354/4620 4609/3351/4617
f  4605/3347/4613 4570/3312/4578 4611/3353/4619 4607/3349/4615
f  4610/3352/4618 4609/3351/4617 4613/3355/4621 4614/3356/4622
f  4614/3356/4622 4613/3355/4621 4615/3357/4623 4616/3358/4624
f  4613/3355/4621 4617/3359/4625 4618/3360/4626 4615/3357/4623
f  4609/3351/4617 4612/3354/4620 4617/3359/4625 4613/3355/4621
f  4616/3358/4624 4615/3357/4623 4619/3361/4627 4620/3362/4628
f  4620/3362/4628 4619/3361/4627 4576/3318/4584 4555/3295/4563
f  4619/3361/4627 4621/3363/4629 4579/3321/4587 4576/3318/4584
f  4615/3357/4623 4618/3360/4626 4621/3363/4629 4619/3361/4627
f  4569/3311/4577 4578/3320/4586 4622/3364/4630 4567/3309/4575
f  4567/3309/4575 4622/3364/4630 4586/3328/4594 4568/3310/4576
f  4622/3364/4630 4623/3365/4631 4587/3329/4595 4586/3328/4594
f  4578/3320/4586 4579/3321/4587 4623/3365/4631 4622/3364/4630
f  4579/3321/4587 4621/3363/4629 4624/3366/4632 4623/3365/4631
f  4623/3365/4631 4624/3366/4632 4592/3334/4600 4587/3329/4595
f  4624/3366/4632 4625/3367/4633 4593/3335/4601 4592/3334/4600
f  4621/3363/4629 4618/3360/4626 4625/3367/4633 4624/3366/4632
f  4618/3360/4626 4617/3359/4625 4626/3368/4634 4625/3367/4633
f  4625/3367/4633 4626/3368/4634 4598/3340/4606 4593/3335/4601
f  4626/3368/4634 4627/3369/4635 4599/3341/4607 4598/3340/4606
f  4617/3359/4625 4612/3354/4620 4627/3369/4635 4626/3368/4634
f  4612/3354/4620 4611/3353/4619 4628/3370/4636 4627/3369/4635
f  4627/3369/4635 4628/3370/4636 4602/3344/4610 4599/3341/4607
f  4628/3370/4636 4573/3315/4581 4575/3317/4583 4602/3344/4610
f  4611/3353/4619 4570/3312/4578 4573/3315/4581 4628/3370/4636
f  4554/3293/4562 4604/3346/4612 4629/3371/4637 4552/3294/4560
f  4552/3291/4560 4629/3372/4637 4583/3325/4591 4553/3292/4561
f  4629/3372/4637 4630/3373/4638 4580/3322/4588 4583/3325/4591
f  4604/3346/4612 4606/3348/4614 4630/3374/4638 4629/3371/4637
f  4606/3348/4614 4608/3350/4616 4631/3375/4639 4630/3374/4638
f  4630/3373/4638 4631/3376/4639 4601/3343/4609 4580/3322/4588
f  4631/3376/4639 4632/3377/4640 4597/3339/4605 4601/3343/4609
f  4608/3350/4616 4610/3352/4618 4632/3378/4640 4631/3375/4639
f  4610/3352/4618 4614/3356/4622 4633/3379/4641 4632/3378/4640
f  4632/3377/4640 4633/3380/4641 4595/3337/4603 4597/3339/4605
f  4633/3380/4641 4634/3381/4642 4591/3333/4599 4595/3337/4603
f  4614/3356/4622 4616/3358/4624 4634/3382/4642 4633/3379/4641
f  4616/3358/4624 4620/3362/4628 4635/3383/4643 4634/3382/4642
f  4634/3381/4642 4635/3384/4643 4589/3331/4597 4591/3333/4599
f  4635/3384/4643 4558/3299/4566 4560/3302/4568 4589/3331/4597
f  4620/3362/4628 4555/3295/4563 4558/3298/4566 4635/3383/4643
f  4636/3385/4644 4637/3386/4645 4638/3387/4646 4639/3388/4647
f  4639/3388/4647 4638/3387/4646 4640/3389/4648 4641/3390/4649
f  4638/3387/4646 4642/3391/4650 4643/3392/4651 4640/3389/4648
f  4637/3386/4645 4644/3393/4652 4642/3394/4650 4638/3387/4646
f  4645/3395/4653 4646/3396/4654 4647/3397/4655 4648/3398/4656
f  4648/3399/4656 4647/3400/4655 4649/3401/4657 4650/3402/4658
f  4647/3400/4655 4651/3403/4659 4652/3404/4660 4649/3401/4657
f  4646/3396/4654 4653/3405/4661 4651/3403/4659 4647/3397/4655
f  4653/3405/4661 4654/3406/4662 4655/3407/4663 4651/3403/4659
f  4651/3403/4659 4655/3407/4663 4656/3408/4664 4652/3404/4660
f  4655/3407/4663 4657/3409/4665 4658/3410/4666 4656/3408/4664
f  4654/3406/4662 4659/3411/4667 4657/3409/4665 4655/3407/4663
f  4660/3412/4668 4661/3413/4669 4662/3414/4670 4663/3415/4671
f  4663/3415/4671 4662/3414/4670 4664/3416/4672 4665/3417/4673
f  4662/3414/4670 4639/3388/4647 4641/3390/4649 4664/3416/4672
f  4661/3413/4669 4636/3385/4644 4639/3388/4647 4662/3414/4670
f  4645/3395/4653 4666/3418/4674 4667/3419/4675 4646/3396/4654
f  4646/3396/4654 4667/3419/4675 4654/3406/4662 4653/3405/4661
f  4667/3419/4675 4668/3420/4676 4659/3411/4667 4654/3406/4662
f  4666/3418/4674 4669/3421/4677 4668/3420/4676 4667/3419/4675
f  4670/3422/4678 4671/3423/4679 4672/3424/4680 4673/3425/4681
f  4673/3425/4681 4672/3424/4680 4640/3389/4648 4643/3392/4651
f  4672/3424/4680 4664/3416/4672 4641/3390/4649 4640/3389/4648
f  4671/3423/4679 4665/3417/4673 4664/3416/4672 4672/3424/4680
f  4652/3404/4660 4656/3408/4664 4674/3426/4682 4649/3401/4657
f  4649/3401/4657 4674/3426/4682 4675/3427/4683 4650/3402/4658
f  4674/3426/4682 4676/3428/4684 4677/3429/4685 4675/3427/4683
f  4656/3408/4664 4658/3410/4666 4676/3428/4684 4674/3426/4682
f  4650/3402/4658 4675/3427/4683 4678/3430/4686 4679/3431/4687
f  4679/3431/4687 4678/3430/4686 4680/3432/4688 4681/3433/4689
f  4678/3430/4686 4682/3434/4690 4683/3435/4691 4680/3432/4688
f  4675/3427/4683 4677/3429/4685 4682/3434/4690 4678/3430/4686
f  4681/3433/4689 4680/3432/4688 4684/3436/4692 4685/3437/4693
f  4685/3437/4693 4684/3436/4692 4686/3438/4694 4687/3439/4695
f  4684/3436/4692 4688/3440/4696 4689/3441/4697 4686/3438/4694
f  4680/3432/4688 4683/3435/4691 4688/3440/4696 4684/3436/4692
f  4687/3439/4695 4686/3438/4694 4690/3442/4698 4691/3443/4699
f  4691/3443/4699 4690/3442/4698 4671/3423/4679 4670/3422/4678
f  4690/3442/4698 4692/3444/4700 4665/3417/4673 4671/3423/4679
f  4686/3438/4694 4689/3441/4697 4692/3444/4700 4690/3442/4698
f  4644/3393/4652 4637/3386/4645 4693/3445/4701 4694/3446/4702
f  4694/3446/4702 4693/3445/4701 4695/3447/4703 4696/3448/4704
f  4693/3445/4701 4661/3413/4669 4660/3412/4668 4695/3447/4703
f  4637/3386/4645 4636/3385/4644 4661/3413/4669 4693/3445/4701
f  4696/3448/4704 4695/3447/4703 4697/3449/4705 4698/3450/4706
f  4698/3450/4706 4697/3449/4705 4699/3451/4707 4700/3452/4708
f  4697/3449/4705 4701/3453/4709 4702/3454/4710 4699/3451/4707
f  4695/3447/4703 4660/3412/4668 4701/3453/4709 4697/3449/4705
f  4700/3452/4708 4699/3451/4707 4703/3455/4711 4704/3456/4712
f  4704/3456/4712 4703/3455/4711 4705/3457/4713 4706/3458/4714
f  4703/3455/4711 4707/3459/4715 4708/3460/4716 4705/3457/4713
f  4699/3451/4707 4702/3454/4710 4707/3459/4715 4703/3455/4711
f  4706/3458/4714 4705/3457/4713 4709/3461/4717 4710/3462/4718
f  4710/3462/4718 4709/3461/4717 4666/3418/4674 4645/3395/4653
f  4709/3461/4717 4711/3463/4719 4669/3421/4677 4666/3418/4674
f  4705/3457/4713 4708/3460/4716 4711/3463/4719 4709/3461/4717
f  4659/3411/4667 4668/3420/4676 4712/3464/4720 4657/3409/4665
f  4657/3409/4665 4712/3464/4720 4676/3428/4684 4658/3410/4666
f  4712/3464/4720 4713/3465/4721 4677/3429/4685 4676/3428/4684
f  4668/3420/4676 4669/3421/4677 4713/3465/4721 4712/3464/4720
f  4669/3421/4677 4711/3463/4719 4714/3466/4722 4713/3465/4721
f  4713/3465/4721 4714/3466/4722 4682/3434/4690 4677/3429/4685
f  4714/3466/4722 4715/3467/4723 4683/3435/4691 4682/3434/4690
f  4711/3463/4719 4708/3460/4716 4715/3467/4723 4714/3466/4722
f  4708/3460/4716 4707/3459/4715 4716/3468/4724 4715/3467/4723
f  4715/3467/4723 4716/3468/4724 4688/3440/4696 4683/3435/4691
f  4716/3468/4724 4717/3469/4725 4689/3441/4697 4688/3440/4696
f  4707/3459/4715 4702/3454/4710 4717/3469/4725 4716/3468/4724
f  4702/3454/4710 4701/3453/4709 4718/3470/4726 4717/3469/4725
f  4717/3469/4725 4718/3470/4726 4692/3444/4700 4689/3441/4697
f  4718/3470/4726 4663/3415/4671 4665/3417/4673 4692/3444/4700
f  4701/3453/4709 4660/3412/4668 4663/3415/4671 4718/3470/4726
f  4644/3393/4652 4694/3446/4702 4719/3471/4727 4642/3394/4650
f  4642/3391/4650 4719/3472/4727 4673/3425/4681 4643/3392/4651
f  4719/3472/4727 4720/3473/4728 4670/3422/4678 4673/3425/4681
f  4694/3446/4702 4696/3448/4704 4720/3474/4728 4719/3471/4727
f  4696/3448/4704 4698/3450/4706 4721/3475/4729 4720/3474/4728
f  4720/3473/4728 4721/3476/4729 4691/3443/4699 4670/3422/4678
f  4721/3476/4729 4722/3477/4730 4687/3439/4695 4691/3443/4699
f  4698/3450/4706 4700/3452/4708 4722/3478/4730 4721/3475/4729
f  4700/3452/4708 4704/3456/4712 4723/3479/4731 4722/3478/4730
f  4722/3477/4730 4723/3480/4731 4685/3437/4693 4687/3439/4695
f  4723/3480/4731 4724/3481/4732 4681/3433/4689 4685/3437/4693
f  4704/3456/4712 4706/3458/4714 4724/3482/4732 4723/3479/4731
f  4706/3458/4714 4710/3462/4718 4725/3483/4733 4724/3482/4732
f  4724/3481/4732 4725/3484/4733 4679/3431/4687 4681/3433/4689
f  4725/3484/4733 4648/3399/4656 4650/3402/4658 4679/3431/4687
f  4710/3462/4718 4645/3395/4653 4648/3398/4656 4725/3483/4733
f  4726/3485/4734 4727/3486/4735 4728/3487/4736 4729/3488/4737
f  4729/3488/4737 4728/3487/4736 4730/3489/4738 4731/3490/4739
f  4728/3487/4736 4732/3491/4740 4733/3492/4741 4730/3489/4738
f  4727/3486/4735 4734/3493/4742 4732/3494/4740 4728/3487/4736
f  4735/3495/4743 4736/3496/4744 4737/3497/4745 4738/3498/4746
f  4738/3499/4746 4737/3500/4745 4739/3501/4747 4740/3502/4748
f  4737/3500/4745 4741/3503/4749 4742/3504/4750 4739/3501/4747
f  4736/3496/4744 4743/3505/4751 4741/3503/4749 4737/3497/4745
f  4743/3505/4751 4744/3506/4752 4745/3507/4753 4741/3503/4749
f  4741/3503/4749 4745/3507/4753 4746/3508/4754 4742/3504/4750
f  4745/3507/4753 4747/3509/4755 4748/3510/4756 4746/3508/4754
f  4744/3506/4752 4749/3511/4757 4747/3509/4755 4745/3507/4753
f  4750/3512/4758 4751/3513/4759 4752/3514/4760 4753/3515/4761
f  4753/3515/4761 4752/3514/4760 4754/3516/4762 4755/3517/4763
f  4752/3514/4760 4729/3488/4737 4731/3490/4739 4754/3516/4762
f  4751/3513/4759 4726/3485/4734 4729/3488/4737 4752/3514/4760
f  4735/3495/4743 4756/3518/4764 4757/3519/4765 4736/3496/4744
f  4736/3496/4744 4757/3519/4765 4744/3506/4752 4743/3505/4751
f  4757/3519/4765 4758/3520/4766 4749/3511/4757 4744/3506/4752
f  4756/3518/4764 4759/3521/4767 4758/3520/4766 4757/3519/4765
f  4760/3522/4768 4761/3523/4769 4762/3524/4770 4763/3525/4771
f  4763/3525/4771 4762/3524/4770 4730/3489/4738 4733/3492/4741
f  4762/3524/4770 4754/3516/4762 4731/3490/4739 4730/3489/4738
f  4761/3523/4769 4755/3517/4763 4754/3516/4762 4762/3524/4770
f  4742/3504/4750 4746/3508/4754 4764/3526/4772 4739/3501/4747
f  4739/3501/4747 4764/3526/4772 4765/3527/4773 4740/3502/4748
f  4764/3526/4772 4766/3528/4774 4767/3529/4775 4765/3527/4773
f  4746/3508/4754 4748/3510/4756 4766/3528/4774 4764/3526/4772
f  4740/3502/4748 4765/3527/4773 4768/3530/4776 4769/3531/4777
f  4769/3531/4777 4768/3530/4776 4770/3532/4778 4771/3533/4779
f  4768/3530/4776 4772/3534/4780 4773/3535/4781 4770/3532/4778
f  4765/3527/4773 4767/3529/4775 4772/3534/4780 4768/3530/4776
f  4771/3533/4779 4770/3532/4778 4774/3536/4782 4775/3537/4783
f  4775/3537/4783 4774/3536/4782 4776/3538/4784 4777/3539/4785
f  4774/3536/4782 4778/3540/4786 4779/3541/4787 4776/3538/4784
f  4770/3532/4778 4773/3535/4781 4778/3540/4786 4774/3536/4782
f  4777/3539/4785 4776/3538/4784 4780/3542/4788 4781/3543/4789
f  4781/3543/4789 4780/3542/4788 4761/3523/4769 4760/3522/4768
f  4780/3542/4788 4782/3544/4790 4755/3517/4763 4761/3523/4769
f  4776/3538/4784 4779/3541/4787 4782/3544/4790 4780/3542/4788
f  4734/3493/4742 4727/3486/4735 4783/3545/4791 4784/3546/4792
f  4784/3546/4792 4783/3545/4791 4785/3547/4793 4786/3548/4794
f  4783/3545/4791 4751/3513/4759 4750/3512/4758 4785/3547/4793
f  4727/3486/4735 4726/3485/4734 4751/3513/4759 4783/3545/4791
f  4786/3548/4794 4785/3547/4793 4787/3549/4795 4788/3550/4796
f  4788/3550/4796 4787/3549/4795 4789/3551/4797 4790/3552/4798
f  4787/3549/4795 4791/3553/4799 4792/3554/4800 4789/3551/4797
f  4785/3547/4793 4750/3512/4758 4791/3553/4799 4787/3549/4795
f  4790/3552/4798 4789/3551/4797 4793/3555/4801 4794/3556/4802
f  4794/3556/4802 4793/3555/4801 4795/3557/4803 4796/3558/4804
f  4793/3555/4801 4797/3559/4805 4798/3560/4806 4795/3557/4803
f  4789/3551/4797 4792/3554/4800 4797/3559/4805 4793/3555/4801
f  4796/3558/4804 4795/3557/4803 4799/3561/4807 4800/3562/4808
f  4800/3562/4808 4799/3561/4807 4756/3518/4764 4735/3495/4743
f  4799/3561/4807 4801/3563/4809 4759/3521/4767 4756/3518/4764
f  4795/3557/4803 4798/3560/4806 4801/3563/4809 4799/3561/4807
f  4749/3511/4757 4758/3520/4766 4802/3564/4810 4747/3509/4755
f  4747/3509/4755 4802/3564/4810 4766/3528/4774 4748/3510/4756
f  4802/3564/4810 4803/3565/4811 4767/3529/4775 4766/3528/4774
f  4758/3520/4766 4759/3521/4767 4803/3565/4811 4802/3564/4810
f  4759/3521/4767 4801/3563/4809 4804/3566/4812 4803/3565/4811
f  4803/3565/4811 4804/3566/4812 4772/3534/4780 4767/3529/4775
f  4804/3566/4812 4805/3567/4813 4773/3535/4781 4772/3534/4780
f  4801/3563/4809 4798/3560/4806 4805/3567/4813 4804/3566/4812
f  4798/3560/4806 4797/3559/4805 4806/3568/4814 4805/3567/4813
f  4805/3567/4813 4806/3568/4814 4778/3540/4786 4773/3535/4781
f  4806/3568/4814 4807/3569/4815 4779/3541/4787 4778/3540/4786
f  4797/3559/4805 4792/3554/4800 4807/3569/4815 4806/3568/4814
f  4792/3554/4800 4791/3553/4799 4808/3570/4816 4807/3569/4815
f  4807/3569/4815 4808/3570/4816 4782/3544/4790 4779/3541/4787
f  4808/3570/4816 4753/3515/4761 4755/3517/4763 4782/3544/4790
f  4791/3553/4799 4750/3512/4758 4753/3515/4761 4808/3570/4816
f  4734/3493/4742 4784/3546/4792 4809/3571/4817 4732/3494/4740
f  4732/3491/4740 4809/3572/4817 4763/3525/4771 4733/3492/4741
f  4809/3572/4817 4810/3573/4818 4760/3522/4768 4763/3525/4771
f  4784/3546/4792 4786/3548/4794 4810/3574/4818 4809/3571/4817
f  4786/3548/4794 4788/3550/4796 4811/3575/4819 4810/3574/4818
f  4810/3573/4818 4811/3576/4819 4781/3543/4789 4760/3522/4768
f  4811/3576/4819 4812/3577/4820 4777/3539/4785 4781/3543/4789
f  4788/3550/4796 4790/3552/4798 4812/3578/4820 4811/3575/4819
f  4790/3552/4798 4794/3556/4802 4813/3579/4821 4812/3578/4820
f  4812/3577/4820 4813/3580/4821 4775/3537/4783 4777/3539/4785
f  4813/3580/4821 4814/3581/4822 4771/3533/4779 4775/3537/4783
f  4794/3556/4802 4796/3558/4804 4814/3582/4822 4813/3579/4821
f  4796/3558/4804 4800/3562/4808 4815/3583/4823 4814/3582/4822
f  4814/3581/4822 4815/3584/4823 4769/3531/4777 4771/3533/4779
f  4815/3584/4823 4738/3499/4746 4740/3502/4748 4769/3531/4777
f  4800/3562/4808 4735/3495/4743 4738/3498/4746 4815/3583/4823
f  4816/3585/4824 4817/3586/4825 4818/3587/4826 4819/3588/4827
f  4819/3588/4827 4818/3587/4826 4820/3589/4828 4821/3590/4829
f  4818/3587/4826 4822/3591/4830 4823/3592/4831 4820/3589/4828
f  4817/3586/4825 4824/3593/4832 4822/3594/4830 4818/3587/4826
f  4825/3595/4833 4826/3596/4834 4827/3597/4835 4828/3598/4836
f  4828/3599/4836 4827/3600/4835 4829/3601/4837 4830/3602/4838
f  4827/3600/4835 4831/3603/4839 4832/3604/4840 4829/3601/4837
f  4826/3596/4834 4833/3605/4841 4831/3603/4839 4827/3597/4835
f  4833/3605/4841 4834/3606/4842 4835/3607/4843 4831/3603/4839
f  4831/3603/4839 4835/3607/4843 4836/3608/4844 4832/3604/4840
f  4835/3607/4843 4837/3609/4845 4838/3610/4846 4836/3608/4844
f  4834/3606/4842 4839/3611/4847 4837/3609/4845 4835/3607/4843
f  4840/3612/4848 4841/3613/4849 4842/3614/4850 4843/3615/4851
f  4843/3615/4851 4842/3614/4850 4844/3616/4852 4845/3617/4853
f  4842/3614/4850 4819/3588/4827 4821/3590/4829 4844/3616/4852
f  4841/3613/4849 4816/3585/4824 4819/3588/4827 4842/3614/4850
f  4825/3595/4833 4846/3618/4854 4847/3619/4855 4826/3596/4834
f  4826/3596/4834 4847/3619/4855 4834/3606/4842 4833/3605/4841
f  4847/3619/4855 4848/3620/4856 4839/3611/4847 4834/3606/4842
f  4846/3618/4854 4849/3621/4857 4848/3620/4856 4847/3619/4855
f  4850/3622/4858 4851/3623/4859 4852/3624/4860 4853/3625/4861
f  4853/3625/4861 4852/3624/4860 4820/3589/4828 4823/3592/4831
f  4852/3624/4860 4844/3616/4852 4821/3590/4829 4820/3589/4828
f  4851/3623/4859 4845/3617/4853 4844/3616/4852 4852/3624/4860
f  4832/3604/4840 4836/3608/4844 4854/3626/4862 4829/3601/4837
f  4829/3601/4837 4854/3626/4862 4855/3627/4863 4830/3602/4838
f  4854/3626/4862 4856/3628/4864 4857/3629/4865 4855/3627/4863
f  4836/3608/4844 4838/3610/4846 4856/3628/4864 4854/3626/4862
f  4830/3602/4838 4855/3627/4863 4858/3630/4866 4859/3631/4867
f  4859/3631/4867 4858/3630/4866 4860/3632/4868 4861/3633/4869
f  4858/3630/4866 4862/3634/4870 4863/3635/4871 4860/3632/4868
f  4855/3627/4863 4857/3629/4865 4862/3634/4870 4858/3630/4866
f  4861/3633/4869 4860/3632/4868 4864/3636/4872 4865/3637/4873
f  4865/3637/4873 4864/3636/4872 4866/3638/4874 4867/3639/4875
f  4864/3636/4872 4868/3640/4876 4869/3641/4877 4866/3638/4874
f  4860/3632/4868 4863/3635/4871 4868/3640/4876 4864/3636/4872
f  4867/3639/4875 4866/3638/4874 4870/3642/4878 4871/3643/4879
f  4871/3643/4879 4870/3642/4878 4851/3623/4859 4850/3622/4858
f  4870/3642/4878 4872/3644/4880 4845/3617/4853 4851/3623/4859
f  4866/3638/4874 4869/3641/4877 4872/3644/4880 4870/3642/4878
f  4824/3593/4832 4817/3586/4825 4873/3645/4881 4874/3646/4882
f  4874/3646/4882 4873/3645/4881 4875/3647/4883 4876/3648/4884
f  4873/3645/4881 4841/3613/4849 4840/3612/4848 4875/3647/4883
f  4817/3586/4825 4816/3585/4824 4841/3613/4849 4873/3645/4881
f  4876/3648/4884 4875/3647/4883 4877/3649/4885 4878/3650/4886
f  4878/3650/4886 4877/3649/4885 4879/3651/4887 4880/3652/4888
f  4877/3649/4885 4881/3653/4889 4882/3654/4890 4879/3651/4887
f  4875/3647/4883 4840/3612/4848 4881/3653/4889 4877/3649/4885
f  4880/3652/4888 4879/3651/4887 4883/3655/4891 4884/3656/4892
f  4884/3656/4892 4883/3655/4891 4885/3657/4893 4886/3658/4894
f  4883/3655/4891 4887/3659/4895 4888/3660/4896 4885/3657/4893
f  4879/3651/4887 4882/3654/4890 4887/3659/4895 4883/3655/4891
f  4886/3658/4894 4885/3657/4893 4889/3661/4897 4890/3662/4898
f  4890/3662/4898 4889/3661/4897 4846/3618/4854 4825/3595/4833
f  4889/3661/4897 4891/3663/4899 4849/3621/4857 4846/3618/4854
f  4885/3657/4893 4888/3660/4896 4891/3663/4899 4889/3661/4897
f  4839/3611/4847 4848/3620/4856 4892/3664/4900 4837/3609/4845
f  4837/3609/4845 4892/3664/4900 4856/3628/4864 4838/3610/4846
f  4892/3664/4900 4893/3665/4901 4857/3629/4865 4856/3628/4864
f  4848/3620/4856 4849/3621/4857 4893/3665/4901 4892/3664/4900
f  4849/3621/4857 4891/3663/4899 4894/3666/4902 4893/3665/4901
f  4893/3665/4901 4894/3666/4902 4862/3634/4870 4857/3629/4865
f  4894/3666/4902 4895/3667/4903 4863/3635/4871 4862/3634/4870
f  4891/3663/4899 4888/3660/4896 4895/3667/4903 4894/3666/4902
f  4888/3660/4896 4887/3659/4895 4896/3668/4904 4895/3667/4903
f  4895/3667/4903 4896/3668/4904 4868/3640/4876 4863/3635/4871
f  4896/3668/4904 4897/3669/4905 4869/3641/4877 4868/3640/4876
f  4887/3659/4895 4882/3654/4890 4897/3669/4905 4896/3668/4904
f  4882/3654/4890 4881/3653/4889 4898/3670/4906 4897/3669/4905
f  4897/3669/4905 4898/3670/4906 4872/3644/4880 4869/3641/4877
f  4898/3670/4906 4843/3615/4851 4845/3617/4853 4872/3644/4880
f  4881/3653/4889 4840/3612/4848 4843/3615/4851 4898/3670/4906
f  4824/3593/4832 4874/3646/4882 4899/3671/4907 4822/3594/4830
f  4822/3591/4830 4899/3672/4907 4853/3625/4861 4823/3592/4831
f  4899/3672/4907 4900/3673/4908 4850/3622/4858 4853/3625/4861
f  4874/3646/4882 4876/3648/4884 4900/3674/4908 4899/3671/4907
f  4876/3648/4884 4878/3650/4886 4901/3675/4909 4900/3674/4908
f  4900/3673/4908 4901/3676/4909 4871/3643/4879 4850/3622/4858
f  4901/3676/4909 4902/3677/4910 4867/3639/4875 4871/3643/4879
f  4878/3650/4886 4880/3652/4888 4902/3678/4910 4901/3675/4909
f  4880/3652/4888 4884/3656/4892 4903/3679/4911 4902/3678/4910
f  4902/3677/4910 4903/3680/4911 4865/3637/4873 4867/3639/4875
f  4903/3680/4911 4904/3681/4912 4861/3633/4869 4865/3637/4873
f  4884/3656/4892 4886/3658/4894 4904/3682/4912 4903/3679/4911
f  4886/3658/4894 4890/3662/4898 4905/3683/4913 4904/3682/4912
f  4904/3681/4912 4905/3684/4913 4859/3631/4867 4861/3633/4869
f  4905/3684/4913 4828/3599/4836 4830/3602/4838 4859/3631/4867
f  4890/3662/4898 4825/3595/4833 4828/3598/4836 4905/3683/4913
f  4906/3685/4914 4907/3686/4915 4908/3687/4916 4909/3688/4917
f  4909/3688/4917 4908/3687/4916 4910/3689/4918 4911/3690/4919
f  4908/3687/4916 4912/3691/4920 4913/3692/4921 4910/3689/4918
f  4907/3686/4915 4914/3693/4922 4912/3694/4920 4908/3687/4916
f  4915/3695/4923 4916/3696/4924 4917/3697/4925 4918/3698/4926
f  4918/3699/4926 4917/3700/4925 4919/3701/4927 4920/3702/4928
f  4917/3700/4925 4921/3703/4929 4922/3704/4930 4919/3701/4927
f  4916/3696/4924 4923/3705/4931 4921/3703/4929 4917/3697/4925
f  4923/3705/4931 4924/3706/4932 4925/3707/4933 4921/3703/4929
f  4921/3703/4929 4925/3707/4933 4926/3708/4934 4922/3704/4930
f  4925/3707/4933 4927/3709/4935 4928/3710/4936 4926/3708/4934
f  4924/3706/4932 4929/3711/4937 4927/3709/4935 4925/3707/4933
f  4930/3712/4938 4931/3713/4939 4932/3714/4940 4933/3715/4941
f  4933/3715/4941 4932/3714/4940 4934/3716/4942 4935/3717/4943
f  4932/3714/4940 4909/3688/4917 4911/3690/4919 4934/3716/4942
f  4931/3713/4939 4906/3685/4914 4909/3688/4917 4932/3714/4940
f  4915/3695/4923 4936/3718/4944 4937/3719/4945 4916/3696/4924
f  4916/3696/4924 4937/3719/4945 4924/3706/4932 4923/3705/4931
f  4937/3719/4945 4938/3720/4946 4929/3711/4937 4924/3706/4932
f  4936/3718/4944 4939/3721/4947 4938/3720/4946 4937/3719/4945
f  4940/3722/4948 4941/3723/4949 4942/3724/4950 4943/3725/4951
f  4943/3725/4951 4942/3724/4950 4910/3689/4918 4913/3692/4921
f  4942/3724/4950 4934/3716/4942 4911/3690/4919 4910/3689/4918
f  4941/3723/4949 4935/3717/4943 4934/3716/4942 4942/3724/4950
f  4922/3704/4930 4926/3708/4934 4944/3726/4952 4919/3701/4927
f  4919/3701/4927 4944/3726/4952 4945/3727/4953 4920/3702/4928
f  4944/3726/4952 4946/3728/4954 4947/3729/4955 4945/3727/4953
f  4926/3708/4934 4928/3710/4936 4946/3728/4954 4944/3726/4952
f  4920/3702/4928 4945/3727/4953 4948/3730/4956 4949/3731/4957
f  4949/3731/4957 4948/3730/4956 4950/3732/4958 4951/3733/4959
f  4948/3730/4956 4952/3734/4960 4953/3735/4961 4950/3732/4958
f  4945/3727/4953 4947/3729/4955 4952/3734/4960 4948/3730/4956
f  4951/3733/4959 4950/3732/4958 4954/3736/4962 4955/3737/4963
f  4955/3737/4963 4954/3736/4962 4956/3738/4964 4957/3739/4965
f  4954/3736/4962 4958/3740/4966 4959/3741/4967 4956/3738/4964
f  4950/3732/4958 4953/3735/4961 4958/3740/4966 4954/3736/4962
f  4957/3739/4965 4956/3738/4964 4960/3742/4968 4961/3743/4969
f  4961/3743/4969 4960/3742/4968 4941/3723/4949 4940/3722/4948
f  4960/3742/4968 4962/3744/4970 4935/3717/4943 4941/3723/4949
f  4956/3738/4964 4959/3741/4967 4962/3744/4970 4960/3742/4968
f  4914/3693/4922 4907/3686/4915 4963/3745/4971 4964/3746/4972
f  4964/3746/4972 4963/3745/4971 4965/3747/4973 4966/3748/4974
f  4963/3745/4971 4931/3713/4939 4930/3712/4938 4965/3747/4973
f  4907/3686/4915 4906/3685/4914 4931/3713/4939 4963/3745/4971
f  4966/3748/4974 4965/3747/4973 4967/3749/4975 4968/3750/4976
f  4968/3750/4976 4967/3749/4975 4969/3751/4977 4970/3752/4978
f  4967/3749/4975 4971/3753/4979 4972/3754/4980 4969/3751/4977
f  4965/3747/4973 4930/3712/4938 4971/3753/4979 4967/3749/4975
f  4970/3752/4978 4969/3751/4977 4973/3755/4981 4974/3756/4982
f  4974/3756/4982 4973/3755/4981 4975/3757/4983 4976/3758/4984
f  4973/3755/4981 4977/3759/4985 4978/3760/4986 4975/3757/4983
f  4969/3751/4977 4972/3754/4980 4977/3759/4985 4973/3755/4981
f  4976/3758/4984 4975/3757/4983 4979/3761/4987 4980/3762/4988
f  4980/3762/4988 4979/3761/4987 4936/3718/4944 4915/3695/4923
f  4979/3761/4987 4981/3763/4989 4939/3721/4947 4936/3718/4944
f  4975/3757/4983 4978/3760/4986 4981/3763/4989 4979/3761/4987
f  4929/3711/4937 4938/3720/4946 4982/3764/4990 4927/3709/4935
f  4927/3709/4935 4982/3764/4990 4946/3728/4954 4928/3710/4936
f  4982/3764/4990 4983/3765/4991 4947/3729/4955 4946/3728/4954
f  4938/3720/4946 4939/3721/4947 4983/3765/4991 4982/3764/4990
f  4939/3721/4947 4981/3763/4989 4984/3766/4992 4983/3765/4991
f  4983/3765/4991 4984/3766/4992 4952/3734/4960 4947/3729/4955
f  4984/3766/4992 4985/3767/4993 4953/3735/4961 4952/3734/4960
f  4981/3763/4989 4978/3760/4986 4985/3767/4993 4984/3766/4992
f  4978/3760/4986 4977/3759/4985 4986/3768/4994 4985/3767/4993
f  4985/3767/4993 4986/3768/4994 4958/3740/4966 4953/3735/4961
f  4986/3768/4994 4987/3769/4995 4959/3741/4967 4958/3740/4966
f  4977/3759/4985 4972/3754/4980 4987/3769/4995 4986/3768/4994
f  4972/3754/4980 4971/3753/4979 4988/3770/4996 4987/3769/4995
f  4987/3769/4995 4988/3770/4996 4962/3744/4970 4959/3741/4967
f  4988/3770/4996 4933/3715/4941 4935/3717/4943 4962/3744/4970
f  4971/3753/4979 4930/3712/4938 4933/3715/4941 4988/3770/4996
f  4914/3693/4922 4964/3746/4972 4989/3771/4997 4912/3694/4920
f  4912/3691/4920 4989/3772/4997 4943/3725/4951 4913/3692/4921
f  4989/3772/4997 4990/3773/4998 4940/3722/4948 4943/3725/4951
f  4964/3746/4972 4966/3748/4974 4990/3774/4998 4989/3771/4997
f  4966/3748/4974 4968/3750/4976 4991/3775/4999 4990/3774/4998
f  4990/3773/4998 4991/3776/4999 4961/3743/4969 4940/3722/4948
f  4991/3776/4999 4992/3777/5000 4957/3739/4965 4961/3743/4969
f  4968/3750/4976 4970/3752/4978 4992/3778/5000 4991/3775/4999
f  4970/3752/4978 4974/3756/4982 4993/3779/5001 4992/3778/5000
f  4992/3777/5000 4993/3780/5001 4955/3737/4963 4957/3739/4965
f  4993/3780/5001 4994/3781/5002 4951/3733/4959 4955/3737/4963
f  4974/3756/4982 4976/3758/4984 4994/3782/5002 4993/3779/5001
f  4976/3758/4984 4980/3762/4988 4995/3783/5003 4994/3782/5002
f  4994/3781/5002 4995/3784/5003 4949/3731/4957 4951/3733/4959
f  4995/3784/5003 4918/3699/4926 4920/3702/4928 4949/3731/4957
f  4980/3762/4988 4915/3695/4923 4918/3698/4926 4995/3783/5003
f  4996/3785/5004 4997/3786/5005 4998/3787/5006 4999/3788/5007
f  4999/3788/5007 4998/3787/5006 5000/3789/5008 5001/3790/5009
f  4998/3787/5006 5002/3791/5010 5003/3792/5011 5000/3789/5008
f  4997/3786/5005 5004/3793/5012 5002/3794/5010 4998/3787/5006
f  5005/3795/5013 5006/3796/5014 5007/3797/5015 5008/3798/5016
f  5008/3799/5016 5007/3800/5015 5009/3801/5017 5010/3802/5018
f  5007/3800/5015 5011/3803/5019 5012/3804/5020 5009/3801/5017
f  5006/3796/5014 5013/3805/5021 5011/3803/5019 5007/3797/5015
f  5013/3805/5021 5014/3806/5022 5015/3807/5023 5011/3803/5019
f  5011/3803/5019 5015/3807/5023 5016/3808/5024 5012/3804/5020
f  5015/3807/5023 5017/3809/5025 5018/3810/5026 5016/3808/5024
f  5014/3806/5022 5019/3811/5027 5017/3809/5025 5015/3807/5023
f  5020/3812/5028 5021/3813/5029 5022/3814/5030 5023/3815/5031
f  5023/3815/5031 5022/3814/5030 5024/3816/5032 5025/3817/5033
f  5022/3814/5030 4999/3788/5007 5001/3790/5009 5024/3816/5032
f  5021/3813/5029 4996/3785/5004 4999/3788/5007 5022/3814/5030
f  5005/3795/5013 5026/3818/5034 5027/3819/5035 5006/3796/5014
f  5006/3796/5014 5027/3819/5035 5014/3806/5022 5013/3805/5021
f  5027/3819/5035 5028/3820/5036 5019/3811/5027 5014/3806/5022
f  5026/3818/5034 5029/3821/5037 5028/3820/5036 5027/3819/5035
f  5030/3822/5038 5031/3823/5039 5032/3824/5040 5033/3825/5041
f  5033/3825/5041 5032/3824/5040 5000/3789/5008 5003/3792/5011
f  5032/3824/5040 5024/3816/5032 5001/3790/5009 5000/3789/5008
f  5031/3823/5039 5025/3817/5033 5024/3816/5032 5032/3824/5040
f  5012/3804/5020 5016/3808/5024 5034/3826/5042 5009/3801/5017
f  5009/3801/5017 5034/3826/5042 5035/3827/5043 5010/3802/5018
f  5034/3826/5042 5036/3828/5044 5037/3829/5045 5035/3827/5043
f  5016/3808/5024 5018/3810/5026 5036/3828/5044 5034/3826/5042
f  5010/3802/5018 5035/3827/5043 5038/3830/5046 5039/3831/5047
f  5039/3831/5047 5038/3830/5046 5040/3832/5048 5041/3833/5049
f  5038/3830/5046 5042/3834/5050 5043/3835/5051 5040/3832/5048
f  5035/3827/5043 5037/3829/5045 5042/3834/5050 5038/3830/5046
f  5041/3833/5049 5040/3832/5048 5044/3836/5052 5045/3837/5053
f  5045/3837/5053 5044/3836/5052 5046/3838/5054 5047/3839/5055
f  5044/3836/5052 5048/3840/5056 5049/3841/5057 5046/3838/5054
f  5040/3832/5048 5043/3835/5051 5048/3840/5056 5044/3836/5052
f  5047/3839/5055 5046/3838/5054 5050/3842/5058 5051/3843/5059
f  5051/3843/5059 5050/3842/5058 5031/3823/5039 5030/3822/5038
f  5050/3842/5058 5052/3844/5060 5025/3817/5033 5031/3823/5039
f  5046/3838/5054 5049/3841/5057 5052/3844/5060 5050/3842/5058
f  5004/3793/5012 4997/3786/5005 5053/3845/5061 5054/3846/5062
f  5054/3846/5062 5053/3845/5061 5055/3847/5063 5056/3848/5064
f  5053/3845/5061 5021/3813/5029 5020/3812/5028 5055/3847/5063
f  4997/3786/5005 4996/3785/5004 5021/3813/5029 5053/3845/5061
f  5056/3848/5064 5055/3847/5063 5057/3849/5065 5058/3850/5066
f  5058/3850/5066 5057/3849/5065 5059/3851/5067 5060/3852/5068
f  5057/3849/5065 5061/3853/5069 5062/3854/5070 5059/3851/5067
f  5055/3847/5063 5020/3812/5028 5061/3853/5069 5057/3849/5065
f  5060/3852/5068 5059/3851/5067 5063/3855/5071 5064/3856/5072
f  5064/3856/5072 5063/3855/5071 5065/3857/5073 5066/3858/5074
f  5063/3855/5071 5067/3859/5075 5068/3860/5076 5065/3857/5073
f  5059/3851/5067 5062/3854/5070 5067/3859/5075 5063/3855/5071
f  5066/3858/5074 5065/3857/5073 5069/3861/5077 5070/3862/5078
f  5070/3862/5078 5069/3861/5077 5026/3818/5034 5005/3795/5013
f  5069/3861/5077 5071/3863/5079 5029/3821/5037 5026/3818/5034
f  5065/3857/5073 5068/3860/5076 5071/3863/5079 5069/3861/5077
f  5019/3811/5027 5028/3820/5036 5072/3864/5080 5017/3809/5025
f  5017/3809/5025 5072/3864/5080 5036/3828/5044 5018/3810/5026
f  5072/3864/5080 5073/3865/5081 5037/3829/5045 5036/3828/5044
f  5028/3820/5036 5029/3821/5037 5073/3865/5081 5072/3864/5080
f  5029/3821/5037 5071/3863/5079 5074/3866/5082 5073/3865/5081
f  5073/3865/5081 5074/3866/5082 5042/3834/5050 5037/3829/5045
f  5074/3866/5082 5075/3867/5083 5043/3835/5051 5042/3834/5050
f  5071/3863/5079 5068/3860/5076 5075/3867/5083 5074/3866/5082
f  5068/3860/5076 5067/3859/5075 5076/3868/5084 5075/3867/5083
f  5075/3867/5083 5076/3868/5084 5048/3840/5056 5043/3835/5051
f  5076/3868/5084 5077/3869/5085 5049/3841/5057 5048/3840/5056
f  5067/3859/5075 5062/3854/5070 5077/3869/5085 5076/3868/5084
f  5062/3854/5070 5061/3853/5069 5078/3870/5086 5077/3869/5085
f  5077/3869/5085 5078/3870/5086 5052/3844/5060 5049/3841/5057
f  5078/3870/5086 5023/3815/5031 5025/3817/5033 5052/3844/5060
f  5061/3853/5069 5020/3812/5028 5023/3815/5031 5078/3870/5086
f  5004/3793/5012 5054/3846/5062 5079/3871/5087 5002/3794/5010
f  5002/3791/5010 5079/3872/5087 5033/3825/5041 5003/3792/5011
f  5079/3872/5087 5080/3873/5088 5030/3822/5038 5033/3825/5041
f  5054/3846/5062 5056/3848/5064 5080/3874/5088 5079/3871/5087
f  5056/3848/5064 5058/3850/5066 5081/3875/5089 5080/3874/5088
f  5080/3873/5088 5081/3876/5089 5051/3843/5059 5030/3822/5038
f  5081/3876/5089 5082/3877/5090 5047/3839/5055 5051/3843/5059
f  5058/3850/5066 5060/3852/5068 5082/3878/5090 5081/3875/5089
f  5060/3852/5068 5064/3856/5072 5083/3879/5091 5082/3878/5090
f  5082/3877/5090 5083/3880/5091 5045/3837/5053 5047/3839/5055
f  5083/3880/5091 5084/3881/5092 5041/3833/5049 5045/3837/5053
f  5064/3856/5072 5066/3858/5074 5084/3882/5092 5083/3879/5091
f  5066/3858/5074 5070/3862/5078 5085/3883/5093 5084/3882/5092
f  5084/3881/5092 5085/3884/5093 5039/3831/5047 5041/3833/5049
f  5085/3884/5093 5008/3799/5016 5010/3802/5018 5039/3831/5047
f  5070/3862/5078 5005/3795/5013 5008/3798/5016 5085/3883/5093
f  5086/3885/5094 5087/3886/5095 5088/3887/5096 5089/3888/5097
f  5087/3886/5095 5090/3889/5098 5091/3890/5099 5088/3887/5096
f  5088/3887/5096 5091/3890/5099 5092/3891/5100 5093/3892/5101
f  5089/3888/5097 5088/3887/5096 5093/3892/5101 5094/3893/5102
f  5095/3894/5103 5096/3895/5104 5097/3896/5105 5098/3897/5106
f  5096/3895/5104 5090/3889/5098 5087/3886/5095 5097/3896/5105
f  5097/3896/5105 5087/3886/5095 5086/3885/5094 5099/3898/5107
f  5098/3897/5106 5097/3896/5105 5099/3898/5107 5100/3899/5108
f  5101/3900/5109 5102/3901/5110 5103/3902/5111 5104/3903/5112
f  5102/3901/5110 5092/3891/5100 5091/3890/5099 5103/3902/5111
f  5103/3902/5111 5091/3890/5099 5090/3889/5098 5096/3895/5104
f  5104/3903/5112 5103/3902/5111 5096/3895/5104 5095/3894/5103
f  5105/3904/5113 5106/3905/5114 5107/3906/5115 5108/3907/5116
f  5106/3905/5114 5094/3893/5102 5093/3892/5101 5107/3906/5115
f  5107/3906/5115 5093/3892/5101 5092/3891/5100 5102/3901/5110
f  5108/3907/5116 5107/3906/5115 5102/3901/5110 5101/3900/5109
f  5100/3899/5108 5099/3898/5107 5109/3908/5117 5110/3909/5118
f  5099/3898/5107 5086/3885/5094 5089/3888/5097 5109/3908/5117
f  5109/3908/5117 5089/3888/5097 5094/3893/5102 5106/3905/5114
f  5110/3909/5118 5109/3908/5117 5106/3905/5114 5105/3904/5113
f  5111/3910/5119 5112/3911/5120 5113/3912/5121 5114/3913/5122
f  5112/3911/5120 5115/3914/5123 5116/3915/5124 5113/3912/5121
f  5113/3912/5121 5116/3915/5124 5117/3916/5125 5118/3917/5126
f  5114/3913/5122 5113/3912/5121 5118/3917/5126 5119/3918/5127
f  5120/3919/5128 5121/3920/5129 5122/3921/5130 5123/3922/5131
f  5121/3920/5129 5115/3914/5123 5112/3911/5120 5122/3921/5130
f  5122/3921/5130 5112/3911/5120 5111/3910/5119 5124/3923/5132
f  5123/3922/5131 5122/3921/5130 5124/3923/5132 5125/3924/5133
f  5126/3925/5134 5127/3926/5135 5128/3927/5136 5129/3928/5137
f  5127/3926/5135 5117/3916/5125 5116/3915/5124 5128/3927/5136
f  5128/3927/5136 5116/3915/5124 5115/3914/5123 5121/3920/5129
f  5129/3928/5137 5128/3927/5136 5121/3920/5129 5120/3919/5128
f  5130/3929/5138 5131/3930/5139 5132/3931/5140 5133/3932/5141
f  5131/3930/5139 5119/3918/5127 5118/3917/5126 5132/3931/5140
f  5132/3931/5140 5118/3917/5126 5117/3916/5125 5127/3926/5135
f  5133/3932/5141 5132/3931/5140 5127/3926/5135 5126/3925/5134
f  5125/3924/5133 5124/3923/5132 5134/3933/5142 5135/3934/5143
f  5124/3923/5132 5111/3910/5119 5114/3913/5122 5134/3933/5142
f  5134/3933/5142 5114/3913/5122 5119/3918/5127 5131/3930/5139
f  5135/3934/5143 5134/3933/5142 5131/3930/5139 5130/3929/5138
f  5136/3935/5144 5137/3936/5145 5138/3937/5146 5139/3938/5147
f  5137/3936/5145 5140/3939/5148 5141/3940/5149 5138/3937/5146
f  5138/3937/5146 5141/3940/5149 5142/3941/5150 5143/3942/5151
f  5139/3938/5147 5138/3937/5146 5143/3942/5151 5144/3943/5152
f  5105/3904/5113 5145/3944/5153 5146/3945/5154 5147/3946/5155
f  5145/3944/5153 5140/3939/5148 5137/3936/5145 5146/3945/5154
f  5146/3945/5154 5137/3936/5145 5136/3935/5144 5148/3947/5156
f  5147/3946/5155 5146/3945/5154 5148/3947/5156 5149/3948/5157
f  5101/3900/5109 5150/3949/5158 5151/3950/5159 5108/3907/5116
f  5150/3949/5158 5142/3941/5150 5141/3940/5149 5151/3950/5159
f  5151/3950/5159 5141/3940/5149 5140/3939/5148 5145/3944/5153
f  5108/3907/5116 5151/3950/5159 5145/3944/5153 5105/3904/5113
f  5152/3951/5160 5153/3952/5161 5154/3953/5162 5155/3954/5163
f  5153/3952/5161 5144/3943/5152 5143/3942/5151 5154/3953/5162
f  5154/3953/5162 5143/3942/5151 5142/3941/5150 5150/3949/5158
f  5155/3954/5163 5154/3953/5162 5150/3949/5158 5101/3900/5109
f  5149/3948/5157 5148/3947/5156 5156/3955/5164 5157/3956/5165
f  5148/3947/5156 5136/3935/5144 5139/3938/5147 5156/3955/5164
f  5156/3955/5164 5139/3938/5147 5144/3943/5152 5153/3952/5161
f  5157/3956/5165 5156/3955/5164 5153/3952/5161 5152/3951/5160
f  5158/3957/5166 5159/3958/5167 5160/3959/5168 5161/3960/5169
f  5159/3958/5167 5162/3961/5170 5163/3962/5171 5160/3959/5168
f  5160/3959/5168 5163/3962/5171 5164/3963/5172 5165/3964/5173
f  5161/3960/5169 5160/3959/5168 5165/3964/5173 5166/3965/5174
f  5152/3951/5160 5167/3966/5175 5168/3967/5176 5157/3956/5165
f  5167/3966/5175 5162/3961/5170 5159/3958/5167 5168/3967/5176
f  5168/3967/5176 5159/3958/5167 5158/3957/5166 5169/3968/5177
f  5157/3956/5165 5168/3967/5176 5169/3968/5177 5149/3948/5157
f  5126/3925/5134 5170/3969/5178 5171/3970/5179 5172/3971/5180
f  5170/3969/5178 5164/3963/5172 5163/3962/5171 5171/3970/5179
f  5171/3970/5179 5163/3962/5171 5162/3961/5170 5167/3966/5175
f  5172/3971/5180 5171/3970/5179 5167/3966/5175 5152/3951/5160
f  5120/3919/5128 5173/3972/5181 5174/3973/5182 5129/3928/5137
f  5173/3972/5181 5166/3965/5174 5165/3964/5173 5174/3973/5182
f  5174/3973/5182 5165/3964/5173 5164/3963/5172 5170/3969/5178
f  5129/3928/5137 5174/3973/5182 5170/3969/5178 5126/3925/5134
f  5149/3948/5157 5169/3968/5177 5175/3974/5183 5176/3975/5184
f  5169/3968/5177 5158/3957/5166 5161/3960/5169 5175/3974/5183
f  5175/3974/5183 5161/3960/5169 5166/3965/5174 5173/3972/5181
f  5176/3975/5184 5175/3974/5183 5173/3972/5181 5120/3919/5128
f  5177/3885/5185 5178/3888/5186 5179/3887/5187 5180/3886/5188
f  5180/3886/5188 5179/3887/5187 5181/3890/5189 5182/3889/5190
f  5179/3887/5187 5183/3892/5191 5184/3891/5192 5181/3890/5189
f  5178/3888/5186 5185/3893/5193 5183/3892/5191 5179/3887/5187
f  5186/3894/5194 5187/3897/5195 5188/3896/5196 5189/3895/5197
f  5189/3895/5197 5188/3896/5196 5180/3886/5188 5182/3889/5190
f  5188/3896/5196 5190/3898/5198 5177/3885/5185 5180/3886/5188
f  5187/3897/5195 5100/3899/5108 5190/3898/5198 5188/3896/5196
f  5191/3900/5199 5192/3903/5200 5193/3902/5201 5194/3901/5202
f  5194/3901/5202 5193/3902/5201 5181/3890/5189 5184/3891/5192
f  5193/3902/5201 5189/3895/5197 5182/3889/5190 5181/3890/5189
f  5192/3903/5200 5186/3894/5194 5189/3895/5197 5193/3902/5201
f  5105/3904/5113 5195/3907/5203 5196/3906/5204 5197/3905/5205
f  5197/3905/5205 5196/3906/5204 5183/3892/5191 5185/3893/5193
f  5196/3906/5204 5194/3901/5202 5184/3891/5192 5183/3892/5191
f  5195/3907/5203 5191/3900/5199 5194/3901/5202 5196/3906/5204
f  5100/3899/5108 5110/3909/5118 5198/3908/5206 5190/3898/5198
f  5190/3898/5198 5198/3908/5206 5178/3888/5186 5177/3885/5185
f  5198/3908/5206 5197/3905/5205 5185/3893/5193 5178/3888/5186
f  5110/3909/5118 5105/3904/5113 5197/3905/5205 5198/3908/5206
f  5199/3910/5207 5200/3913/5208 5201/3912/5209 5202/3911/5210
f  5202/3911/5210 5201/3912/5209 5203/3915/5211 5204/3914/5212
f  5201/3912/5209 5205/3917/5213 5206/3916/5214 5203/3915/5211
f  5200/3913/5208 5207/3918/5215 5205/3917/5213 5201/3912/5209
f  5120/3919/5128 5123/3922/5131 5208/3921/5216 5209/3920/5217
f  5209/3920/5217 5208/3921/5216 5202/3911/5210 5204/3914/5212
f  5208/3921/5216 5210/3923/5218 5199/3910/5207 5202/3911/5210
f  5123/3922/5131 5125/3924/5133 5210/3923/5218 5208/3921/5216
f  5211/3925/5219 5212/3928/5220 5213/3927/5221 5214/3926/5222
f  5214/3926/5222 5213/3927/5221 5203/3915/5211 5206/3916/5214
f  5213/3927/5221 5209/3920/5217 5204/3914/5212 5203/3915/5211
f  5212/3928/5220 5120/3919/5128 5209/3920/5217 5213/3927/5221
f  5215/3929/5223 5216/3932/5224 5217/3931/5225 5218/3930/5226
f  5218/3930/5226 5217/3931/5225 5205/3917/5213 5207/3918/5215
f  5217/3931/5225 5214/3926/5222 5206/3916/5214 5205/3917/5213
f  5216/3932/5224 5211/3925/5219 5214/3926/5222 5217/3931/5225
f  5125/3924/5133 5219/3934/5227 5220/3933/5228 5210/3923/5218
f  5210/3923/5218 5220/3933/5228 5200/3913/5208 5199/3910/5207
f  5220/3933/5228 5218/3930/5226 5207/3918/5215 5200/3913/5208
f  5219/3934/5227 5215/3929/5223 5218/3930/5226 5220/3933/5228
f  5221/3935/5229 5222/3938/5230 5223/3937/5231 5224/3936/5232
f  5224/3936/5232 5223/3937/5231 5225/3940/5233 5226/3939/5234
f  5223/3937/5231 5227/3942/5235 5228/3941/5236 5225/3940/5233
f  5222/3938/5230 5229/3943/5237 5227/3942/5235 5223/3937/5231
f  5105/3904/5113 5147/3946/5155 5230/3945/5238 5231/3944/5239
f  5231/3944/5239 5230/3945/5238 5224/3936/5232 5226/3939/5234
f  5230/3945/5238 5232/3947/5240 5221/3935/5229 5224/3936/5232
f  5147/3946/5155 5149/3948/5157 5232/3947/5240 5230/3945/5238
f  5191/3900/5199 5195/3907/5203 5233/3950/5241 5234/3949/5242
f  5234/3949/5242 5233/3950/5241 5225/3940/5233 5228/3941/5236
f  5233/3950/5241 5231/3944/5239 5226/3939/5234 5225/3940/5233
f  5195/3907/5203 5105/3904/5113 5231/3944/5239 5233/3950/5241
f  5235/3951/5243 5236/3954/5244 5237/3953/5245 5238/3952/5246
f  5238/3952/5246 5237/3953/5245 5227/3942/5235 5229/3943/5237
f  5237/3953/5245 5234/3949/5242 5228/3941/5236 5227/3942/5235
f  5236/3954/5244 5191/3900/5199 5234/3949/5242 5237/3953/5245
f  5149/3948/5157 5239/3956/5247 5240/3955/5248 5232/3947/5240
f  5232/3947/5240 5240/3955/5248 5222/3938/5230 5221/3935/5229
f  5240/3955/5248 5238/3952/5246 5229/3943/5237 5222/3938/5230
f  5239/3956/5247 5235/3951/5243 5238/3952/5246 5240/3955/5248
f  5241/3957/5249 5242/3960/5250 5243/3959/5251 5244/3958/5252
f  5244/3958/5252 5243/3959/5251 5245/3962/5253 5246/3961/5254
f  5243/3959/5251 5247/3964/5255 5248/3963/5256 5245/3962/5253
f  5242/3960/5250 5249/3965/5257 5247/3964/5255 5243/3959/5251
f  5235/3951/5243 5239/3956/5247 5250/3967/5258 5251/3966/5259
f  5251/3966/5259 5250/3967/5258 5244/3958/5252 5246/3961/5254
f  5250/3967/5258 5252/3968/5260 5241/3957/5249 5244/3958/5252
f  5239/3956/5247 5149/3948/5157 5252/3968/5260 5250/3967/5258
f  5211/3925/5219 5253/3971/5261 5254/3970/5262 5255/3969/5263
f  5255/3969/5263 5254/3970/5262 5245/3962/5253 5248/3963/5256
f  5254/3970/5262 5251/3966/5259 5246/3961/5254 5245/3962/5253
f  5253/3971/5261 5235/3951/5243 5251/3966/5259 5254/3970/5262
f  5120/3919/5128 5212/3928/5220 5256/3973/5264 5257/3972/5265
f  5257/3972/5265 5256/3973/5264 5247/3964/5255 5249/3965/5257
f  5256/3973/5264 5255/3969/5263 5248/3963/5256 5247/3964/5255
f  5212/3928/5220 5211/3925/5219 5255/3969/5263 5256/3973/5264
f  5149/3948/5157 5176/3975/5184 5258/3974/5266 5252/3968/5260
f  5252/3968/5260 5258/3974/5266 5242/3960/5250 5241/3957/5249
f  5258/3974/5266 5257/3972/5265 5249/3965/5257 5242/3960/5250
f  5176/3975/5184 5120/3919/5128 5257/3972/5265 5258/3974/5266

