# File produced by Open Asset Import Library (http://www.assimp.sf.net)
# (assimp v5.3.0)

mtllib thin_zombie.mtl

# 1672 vertex positions
v -0.129874825 0.181937739 4.00891113
v -0.272006065 0.266001761 3.97004294
v -0.0896287039 0.24943547 4.12160635
v 0.544914663 -0.0604755692 5.30320024
v 0.558674991 -0.00419885572 5.14490366
v 0.553881586 0.111658379 5.13474846
v -0.319472879 0.178869024 0.985100269
v -0.326128632 0.192763805 0.740358114
v -0.241308481 0.283274829 0.738963127
v -0.229765654 0.234236643 1.17505097
v -0.24651204 0.240066633 0.462469816
v -0.234055862 0.298845649 0.438786983
v -0.433365464 -0.23669593 7.66807842
v -0.42015937 -0.0842292383 7.64154625
v -0.295956641 -0.227683738 7.52076244
v 0.253917694 -0.569208145 7.88763475
v 0.269437999 -0.619655013 7.91631603
v 0.13103272 -0.71202606 7.87914658
v 0.376068145 -0.288824022 8.17342377
v 0.265427798 -0.290320098 8.28897381
v 0.282567501 -0.409940302 8.23196316
v -0.310337871 0.442048073 0.766670704
v -0.286856771 0.423528552 0.45864749
v -0.32674098 0.447693825 0.458744764
v -0.358301967 0.464308202 0.756514549
v -0.0124397064 -0.802601516 7.13215542
v -0.0626140609 -0.737940371 7.08253622
v -1.87583424e-08 -0.765900314 7.0545063
v 0.481261283 0.105978124 7.15784311
v 0.315288693 -0.0293497127 6.94641495
v 0.53775686 0.0310677122 6.92521095
v -1.8582375 -0.689939022 2.85813498
v -1.86350679 -0.616222858 2.87824154
v -1.82283485 -0.532758653 2.94107318
v -0.462681383 0.345365703 0.742103577
v -0.435902476 0.333556175 0.453998566
v -0.473644108 0.271988809 0.727418184
v -0.610085309 0.205307633 1.32333827
v -0.677899241 0.169055179 1.69583058
v -0.705163777 0.263925076 1.66916347
v -0.637135565 0.267401934 1.32174993
v -0.451049358 0.411675811 2.1436398
v -0.366837621 0.272800744 2.35081959
v -0.378795803 0.41672647 2.07570529
v -0.0928445831 0.0648516789 3.90566397
v 0 -0.0386229865 3.94165683
v -0.0164587945 0.00769980159 3.85489178
v -0.13459447 -0.149487436 3.8517797
v -0.186842173 -0.207396001 4.00253296
v -0.571430683 0.107336469 5.02867031
v -0.623862505 0.106145889 4.71578836
v -0.640799701 0.000740920368 4.71578217
v -0.558749735 0.000243739079 5.14955664
v -1.60099101 0.0429998673 4.94897032
v -1.48262 0.223199248 5.35967112
v -1.660308 0.153528184 4.97114897
v -0.119119197 -0.723376095 7.17594433
v -0.152613983 -0.663109422 7.15674305
v -0.491329759 -0.297663391 4.69649744
v -0.513644397 -0.30174762 4.41720772
v -0.408432394 -0.365390718 4.39699984
v -0.356309861 -0.407186627 4.58245134
v 0.00100793585 0.856595516 6.30363178
v -0.133436337 0.893976331 6.3295393
v -0.13869226 0.953986585 6.56418228
v -0.317646772 -0.403053045 4.3575058
v -0.445617676 -0.00403231476 1.92299461
v -0.384056747 -0.0328805298 2.08896208
v -0.433136553 -0.192824513 2.49598527
v 0.969805002 0.771116495 6.5698185
v 1.04366529 0.766439378 6.69987392
v 1.0304786 0.761587024 6.50733852
v 0.488740027 -0.431358933 3.3902669
v 0.489337593 -0.396586776 2.999367
v 0.587530851 -0.354080379 3.07193661
v 1.82393765 -0.540390074 3.01522541
v 1.82507062 -0.490947723 3.11805439
v 1.77974117 -0.442650676 3.04973221
v -0.269735128 0.179427445 2.23189235
v -0.262730926 0.124937445 2.41282558
v -0.247636005 0.0607100166 2.30343962
v -0.242555454 0.154560357 2.06567669
v -0.269091845 0.0914104581 2.0403266
v -0.272577703 -0.0130890505 2.31516337
v -0.550027251 0.443183303 1.98995376
v -0.459746242 0.562535882 1.82141662
v -0.547477424 0.530905604 1.78874302
v -0.604422808 0.0766968653 2.14140153
v -0.594767988 -0.0255997982 2.51325226
v -0.61570102 0.0488924682 2.55196953
v -0.614776731 0.104379445 2.31066918
v -0.40046981 0.180662498 0.728482962
v -0.393029749 0.159616798 1.0031569
v -0.449513137 0.174586311 0.97553277
v -0.184991285 -0.0910886228 2.74597073
v -0.110435948 0.0257057771 3.14174032
v -0.128172204 -0.130585954 3.33887053
v -0.510189772 0.315437376 3.58654404
v -0.397832781 0.344623864 3.55612636
v -0.428466886 0.379182279 3.20102167
v -0.533231258 0.336637735 3.18425918
v 0.632875919 0.0973615721 5.64406252
v 0.569346011 -0.0362810381 5.44420433
v 0.550676584 0.142089695 5.38743114
v 2.03875447e-06 0.75469172 6.08146763
v -0.180039227 0.839721501 6.14776421
v -0.590179622 -0.37607789 3.44074702
v -0.587851644 -0.353361309 3.07098055
v -0.49168402 -0.403443336 3.04245043
v -0.488740027 -0.431358933 3.3902669
v -0.127453849 -0.519029558 5.76742935
v -0.102385394 -0.470093131 5.24654007
v 0.0514296815 -0.480112553 5.24198532
v 8.92785247e-05 -0.531975448 5.76574564
v 0.129426003 -0.518708646 5.76762295
v -0.301683307 -0.39231509 5.29312944
v -0.439097971 -0.279179454 5.25779343
v -0.334626794 -0.395587265 4.92243338
v 0.11600396 -0.480104744 4.4837203
v -0.0704375207 -0.480973482 4.45603561
v 0.0977216586 -0.409916043 4.24251556
v 0.380529583 -0.391939342 8.12816334
v 0.447500765 -0.289113343 8.01498508
v -0.748530805 -0.289283752 6.40691853
v -0.830945492 -0.252247572 6.40827942
v -0.502027392 -0.381225824 6.04112816
v -0.409148335 -0.434798002 6.17865372
v -0.597248852 -0.28303057 5.95625019
v -0.405828327 -0.350217521 5.49537849
v -0.279532433 0.190717131 0.472252131
v -0.318852961 0.144303247 0.470470667
v -0.287903637 0.0636839718 0.375413656
v -0.4028669 0.431866646 -0.00317907333
v -0.507143855 0.199597076 0.00189208984
v -0.507352471 0.289976716 0.0722360611
v -0.382627666 -0.450068831 5.96393824
v 0.820885599 0.0624369681 6.04693937
v 0.70954746 -0.123008884 5.98606157
v 0.591750741 -0.159958139 5.67908669
v -0.34180367 0.528439343 0.0512337685
v -0.325476557 0.536508679 0.165604591
v -0.280652136 0.516268432 0.15977335
v -0.517271757 0.207733363 0.201321602
v -0.526257515 0.0640435889 0.183094978
v -0.479388893 0.0847067609 0.276154995
v -0.461897939 0.240692288 0.383390427
v -1.18844151 0.529840112 6.93148708
v -1.16940999 0.473901808 6.99104595
v -1.03856754 0.438979328 7.09830666
v -0.435198009 0.217843443 0.458965063
v -0.4011527 0.117412403 0.434824228
v -1.97257578 -0.485985339 3.21269083
v -1.96116698 -0.42399621 3.25650764
v -1.86768401 -0.351393163 3.18667078
v -0.503130436 -0.118987314 0.18825388
v -0.555377543 -0.0882173181 0.130947113
v -0.622138977 -0.257472336 0.0749812126
v 2.06636786 -0.6673069 3.23555517
v 2.04734302 -0.605597794 3.3604002
v 2.05182791 -0.718585372 3.20333648
v -1.11116397 0.0209903922 6.82419205
v -1.06715834 -0.0757962316 6.71311378
v -0.940930963 -0.183581695 6.59743166
v -1.38782251 0.409015656 6.6543169
v -1.36963248 0.29969424 6.66348839
v -1.32203484 0.325632393 6.81091595
v 0.702562988 0.680143595 6.16954851
v 0.870576382 0.412441611 6.14171934
v 0.743354559 0.386270463 5.94205761
v -0.382422805 -0.412583053 0.125766754
v -0.392477453 -0.357131362 0.188088417
v -0.414280206 -0.442322671 0.133345127
v 0.324742675 -0.56809032 8.00116253
v 0.415603846 -0.444219112 7.98879385
v 0.309855193 -0.512674212 8.12109375
v -0.451194793 0.197949782 -0.0279211998
v -0.572766125 -0.118822202 0.00853252411
v 1.83556843 -0.484533727 3.11225224
v 1.91931975 -0.526724279 3.04584455
v 1.9219048 -0.640599489 2.98674154
v -0.996022046 0.219702452 7.014678
v -0.975636899 0.106353588 6.93590355
v -0.693128467 0.116211332 7.00570011
v 1.79773009 -0.669650137 3.68159127
v 1.74681747 -0.474195659 3.74677515
v 1.79147363 -0.656707108 3.64210558
v -0.571127534 -0.294441044 -0.0325922966
v -0.591326237 -0.3638708 -0.00245189667
v -0.629616261 -0.30654639 0.0168328285
v -0.623664796 -0.249373034 0.00488185883
v -0.250532836 0.0305792745 0.080198288
v -0.32761535 -0.306496024 0.0591402054
v -0.318820775 -0.183887884 0.00729227066
v -1.46978426 0.328209102 5.51137066
v -1.4795388 0.327972591 5.40006685
v 1.46912217 0.347093523 5.72334909
v 1.43188298 0.369121194 5.83880281
v 1.45020413 0.230920985 5.75269556
v -2.01139855 -0.651512027 3.5145421
v -2.02735877 -0.577616215 3.50631762
v -1.98689878 -0.647465169 3.4929657
v -0.369938582 0.518644154 0.161070824
v -0.373970568 0.470936954 0.344626665
v -0.321507126 0.505469561 0.305022717
v -0.0166499577 0.846649468 6.92767763
v -0.376153082 0.948008239 6.93476915
v -0.136976048 0.795364916 7.04076958
v 0.474248797 0.280636489 0.730472326
v 0.420027703 0.365604281 0.467342377
v 0.461702317 0.348357201 0.743375301
v -0.562277973 0.0321451761 6.91917706
v -0.355515987 -0.00292098499 6.9588871
v -0.432672262 0.0571741238 7.08136463
v -0.380808383 0.0036019925 7.13427067
v -0.324355841 -0.0417861678 7.02032328
v -0.242159635 -0.102488168 6.99625349
v -0.222627267 -0.0775585547 6.92666721
v 0.58338362 0.733052731 7.19560909
v 0.568135381 0.533440173 7.28207779
v 0.7920205 0.535191774 7.19562531
v -0.233080477 -0.70314306 7.579916
v -0.248421937 -0.63390559 7.67463398
v -0.32608375 -0.616108418 7.59595966
v -0.423791468 0.0594060346 7.7354641
v -0.382914126 0.0519353859 7.62434864
v 0.113979459 -0.356836081 4.15685797
v 0.217404425 -0.419247687 4.30397177
v -1.46152794 -0.122644588 4.0715785
v -1.58822703 -0.325262189 3.58105612
v -1.56293225 -0.214307576 3.6396935
v -1.4567008 -0.0695386752 4.00977898
v 1.31831849 0.443421304 6.80845261
v 1.38463473 0.416463554 6.6551981
v 1.30476761 0.519181013 6.74862719
v -1.60657871 -0.251284361 3.35379267
v -1.59475398 -0.277876019 3.37132382
v -1.55932021 0.0270921607 3.91964889
v -1.61509275 -0.126035795 3.60374737
v -1.63666761 -0.0687929392 3.69213462
v 0.889946401 -0.220152572 6.5175786
v 1.03664517 -0.123084478 6.5065403
v 1.01138639 -0.140143812 6.62923193
v -0.860609531 0.440052688 6.15012836
v -0.926226497 0.252705514 6.12266254
v -0.981195986 0.279311001 6.14906073
v 0.726025283 -0.200422585 6.73276138
v 0.637579679 -0.315464318 6.5262413
v 0.949602008 -0.147384912 6.69386339
v -1.44212174 0.494394779 4.99761152
v -1.37645638 0.54739815 5.15377188
v -1.31737709 0.568360806 5.06641579
v -0.218838587 -0.497571647 7.87682056
v -0.0852990001 -0.724856675 7.86856222
v -0.253917724 -0.569208622 7.88763475
v -1.74133909 -0.0483168885 4.07466316
v -1.8138653 -0.195574999 3.73919582
v -1.83565879 -0.270080864 3.78513765
v -1.75830805 -0.121577427 4.10251713
v 1.32203531 0.32563293 6.81091595
v 1.31304967 0.198476478 6.68666601
v 1.36856043 0.308460474 6.67440557
v -1.81715524 -0.311311126 3.79902649
v -1.87796843 -0.367352366 3.76197076
v -1.42879164 0.438577056 5.50613308
v -1.44326842 0.42377001 5.38423347
v -1.1144762 0.71971029 6.49467468
v -1.17863083 0.619663358 6.37300491
v -1.32095718 0.493785858 6.27083874
v 0.683652878 0.366004765 1.70847535
v 0.623661458 0.369829237 1.35277724
v 0.52254504 0.523146451 1.39945102
v -1.69017935 -0.268251717 4.02764702
v -1.75076342 -0.384085238 3.79894423
v -1.71359801 -0.411261976 3.7772007
v -1.66699636 -0.289867759 4.02069759
v -1.6710968 -0.424482048 3.67181277
v -1.75039983 -0.493350148 3.69110632
v -0.376575947 -0.390667498 -0.00975418091
v -0.37830168 -0.422309935 0.0386962891
v -0.42003423 -0.457865298 0.0180134773
v -1.74400246 -0.467256904 3.74740553
v -1.3537637 0.0471993424 5.44047356
v -1.41555667 0.042464707 5.24409485
v -1.33132291 0.0110285347 5.29287243
v 1.40884149 0.431157351 4.76102209
v 1.55458462 0.113729946 4.08117771
v 1.46886456 0.172021329 4.23322773
v -1.44676554 -0.105709717 4.86978817
v -1.53209805 -0.0572920218 4.90565348
v -1.26044071 0.0392190032 5.15867662
v -1.37667572 -0.0183238499 5.13394308
v -1.20025647 0.604882479 6.15515041
v -1.17363429 0.584213316 6.29781437
v -1.0839746 0.648546815 6.39885712
v -1.08833992 0.632786393 6.21185398
v -1.35616481 0.450121939 6.06840897
v -1.4128505 0.378126204 5.90565729
v -1.38475335 0.392595947 6.13998365
v 0.173066378 -0.407471538 7.14348555
v 0.0948671475 -0.420161128 7.0996871
v 0.112928599 -0.303392649 7.06726456
v 0.50244385 0.309657812 0.14621973
v 0.537940145 0.181411251 0.0810289383
v 0.519383729 0.245118514 0.0602521896
v 0.52572614 1.0043025 6.84764481
v 0.385840923 1.0031656 6.82650661
v 0.381040335 0.94875735 6.93487406
v -1.22741067 0.147351533 6.26034164
v -1.15699887 0.0583450086 6.33954048
v -1.15508127 0.032581266 6.4264946
v -1.14103365 0.0713826194 6.2015028
v -1.11201036 0.0997679457 6.25526142
v 4.84656404e-08 0.201638147 4.10500383
v 3.62969388e-08 0.0446218625 3.96257567
v 1.59914911 0.0389930904 4.94616699
v 1.64886928 -0.162509769 4.39447641
v 1.70544446 0.0331875235 4.64385605
v 0.0720411837 -0.393014312 8.30630875
v -0.100640185 -0.407247603 8.30043411
v -0.0994035378 -0.517831564 8.21977806
v 1.68203223 0.218833476 4.60709906
v 1.6894654 0.0357158817 4.10700798
v 1.57427883 0.246103004 4.41813803
v -1.10570574 0.244248182 5.08218575
v -1.09305465 0.354591191 5.0207901
v -1.0435586 0.359682322 5.23409176
v -1.21698725 0.298640311 4.69107771
v -1.08476245 0.442006469 5.10725403
v -0.725502133 -0.201639712 6.73127222
v -0.734764159 -0.25335294 6.62183905
v -0.526810884 -0.346760988 6.50753021
v -0.713125288 0.673404098 6.17633152
v -0.6934129 0.797881246 6.29294729
v -0.575799227 0.860500574 6.18342972
v 0.270887285 0.387401402 -0.0235452652
v 0.278604537 0.241436273 -0.032122612
v 0.204456151 0.339673936 0.00462770462
v -1.30882514 0.515839338 6.74350071
v -1.35034108 0.501415491 6.60546112
v 0.248206809 -0.458869934 7.87562895
v 0.103953257 -0.622943223 7.86237669
v 0.366539955 -0.160788685 2.44854975
v 0.320715874 -0.0789760575 2.34078264
v 0.38458854 -0.0354570746 2.09616327
v 1.84679115 -0.773421288 3.61840487
v 1.82672846 -0.625614464 3.7174542
v 2.06468296 -0.553078115 3.36527586
v 2.06447434 -0.546883583 3.33112621
v 2.03135872 -0.504765511 3.34748149
v 0.254858315 -0.393464923 7.36599827
v 0.266449749 -0.439336419 7.24127769
v 0.311285704 -0.293151498 7.27135849
v 0.809044659 0.762075663 6.38436794
v 0.953573167 0.744942069 6.47662258
v 0.957514167 0.597161174 6.31711197
v 1.22322249 0.470447421 6.94424248
v -0.575045049 0.195540577 5.5166316
v -0.547520876 0.12593393 5.32990551
v -0.543881178 -0.0687804893 5.28990984
v -0.565385699 -0.034529686 5.42266417
v 0.949958801 0.78994441 6.68834543
v 0.00488170749 0.377090335 5.28989983
v -0.00504708989 0.443426847 5.50771952
v 0.211375892 0.455831766 5.43631458
v -0.00105438824 -0.744247377 7.84777927
v 0.0762984976 -0.718603253 7.92253304
v -0.469134122 -0.0960577428 7.75094795
v -0.441426873 0.0320217982 7.92213058
v -0.28441304 0.528121531 5.58884621
v -0.307586879 0.430336058 5.34085464
v -0.389113963 0.407857597 5.33040714
v -0.394644976 0.522599697 5.61780167
v -1.01880693 0.395065069 6.06319904
v -0.986212194 0.377500832 6.16855001
v -1.0089345 0.296411157 6.06279087
v -0.436014891 -0.329944789 7.66104698
v -0.413481623 -0.447068691 7.63448238
v -0.407568455 -0.401546478 7.69517612
v 1.87939703 -0.612398088 3.47882485
v 1.82062066 -0.584999323 3.53858209
v 1.64435983 -0.42522341 3.5210402
v -0.642341435 0.987508357 6.64554119
v -0.531713605 1.05368519 6.62499094
v -0.517971754 1.03408158 6.44364452
v -0.635560095 0.945724964 6.44615126
v -1.82192123 -0.659556568 3.52625489
v -1.79009068 -0.65260309 3.63576651
v -0.507220626 -0.139098912 -0.0275635719
v -0.000638108584 0.907631814 6.79251575
v -0.136572614 0.937337637 6.78869724
v -0.385698646 1.00457752 6.8220644
v -0.525667071 1.00701737 6.83982944
v -0.726971507 0.536341071 7.22458649
v -0.725096464 0.362377763 7.24642277
v -0.550057471 0.323925436 7.29289484
v -0.56813544 0.533440173 7.28207779
v -0.427038044 0.557590187 7.27223539
v -0.399638176 0.385989606 7.30801296
v -1.67469299 -0.304134846 3.20990586
v -1.68654406 -0.35954535 3.18333387
v -1.84465957 -0.277244627 3.31211329
v -1.78325713 -0.219548613 3.3703444
v -1.68129385 -0.206038252 3.33781624
v -1.73051667 -0.235026941 3.25768614
v 0.41018939 -0.365204334 4.62375069
v 0.329969376 -0.421612978 4.59719753
v 0.317646772 -0.403053045 4.3575058
v -2.03078794 -0.503679335 3.34931254
v -1.95100009 -0.35040015 3.47965002
v -1.98153746 -0.412923217 3.36632252
v -2.02112865 -0.549084783 3.43223357
v -1.99598408 -0.519189596 3.47750592
v -2.01543522 -0.481403112 3.48352289
v 0.628549516 -0.276814759 6.07594967
v 0.540951669 -0.272289097 5.73167229
v 0.424958229 -0.1242541 8.10909367
v 0.476413071 -0.110547192 7.90427732
v 1.13885188 0.659085214 5.63328648
v 1.19837964 0.586108685 5.28612804
v 1.1569314 0.554330647 5.19267941
v -1.89519858 -0.599616349 3.42949128
v -1.81835961 -0.580545485 3.54247737
v -1.87666476 -0.611716628 3.48055553
v 0.513688266 0.011450802 1.93641472
v 0.533347011 0.0320491344 1.69447231
v 0.608898103 0.0931975618 1.68533158
v -0.180871293 0.274840117 1.80469251
v -0.216724202 0.40724349 1.44049215
v -0.222569376 0.401674032 1.80945373
v -0.286100417 0.398711503 -0.0236549377
v -0.380292177 0.1822166 -0.0339646339
v -0.192289323 -0.548665345 7.15853882
v -0.259361446 -0.447075665 7.22706509
v -0.3106713 -0.293762445 7.26834631
v -0.260208666 -0.342899561 7.19789362
v 0.395337582 0.159244195 1.00815964
v 0.417579412 0.194702744 0.73105216
v 0.450806588 0.172699004 0.994579554
v -0.24849619 0.168443456 7.36456394
v -0.230692402 0.114176951 7.40382195
v -0.176826149 0.158683673 7.41672421
v -1.50446033 -0.181361839 4.28284121
v -1.5979768 -0.274917185 3.99759293
v -1.58019888 -0.285396039 3.84485006
v 0.049601499 -0.699709654 7.85414743
v 0.0725375786 -0.769632399 7.7410965
v -0.228564486 -0.451688647 7.78921843
v -0.0717183873 -0.676000297 7.85959053
v -0.217644423 -0.416120529 7.84705734
v 1.43202662 0.478959858 5.7229743
v 1.40886497 0.484215915 5.86663294
v 0.384814143 -0.350774944 4.95877695
v 0.503013015 -0.303601027 4.56985474
v -0.0538306274 -0.800896943 7.57169914
v -0.143169701 -0.768680394 7.57122707
v -0.172036648 -0.727631986 7.51399183
v -0.258340865 -0.602477908 8.04918671
v -0.324742734 -0.56809032 8.00116253
v -0.269437999 -0.619655013 7.91631603
v -0.179572687 -0.687809587 7.89249802
v -0.0891437903 -0.0848840401 8.35346794
v -0.170609877 -0.290503144 8.34064579
v -1.49356971e-08 -0.25704354 8.33854198
v -1.13323879 0.6619187 5.65751553
v -1.10933816 0.677552044 5.98103428
v -1.06484365 0.613887608 5.89535236
v 0.105317786 -0.0953792334 8.35353661
v 0.168340534 -0.293205559 8.34136295
v -0.0479330942 0.430721521 7.98858309
v -0.11150904 0.371022522 8.09146976
v 0.0469838902 0.384828329 8.09445477
v 0.57280755 -0.297249913 -0.0320935249
v 0.462791532 -0.388995409 -0.0360326767
v 0.423043221 -0.307139397 -0.0397238731
v 0.117246464 0.416381359 7.98361492
v -0.440316916 -0.318807721 7.73612022
v -1.01525235 0.746540964 6.85373402
v -1.13799644 0.603694737 6.88507843
v -0.902198434 0.697693169 6.99457788
v -0.201030239 -0.606560647 7.20791054
v -0.137730882 -0.692483127 7.22958899
v 0.469637662 -0.256631255 7.80000019
v 0.408319235 -0.320032299 7.81983757
v 0.420343548 -0.343566656 7.74239922
v 1.38515186 0.1103267 5.70281982
v 1.40873754 0.129339263 5.48403406
v 1.45829165 0.228421003 5.50336742
v -0.382926613 -0.442335606 7.57724762
v -0.285187572 -0.621912956 7.53200817
v -0.126726374 -0.641718984 7.3700304
v -0.188622609 -0.625406623 7.41739368
v -0.170895323 -0.60519886 7.35949993
v 0.0966982245 0.298104286 4.21672487
v 0.272006184 0.266001761 3.97004271
v 0.123477362 0.181998193 4.01408005
v -0.382319927 0.190826833 7.88262463
v -0.36028409 0.146139875 8.08366776
v -0.255497247 0.303893924 8.05328178
v -0.293321997 0.306570113 7.93160534
v -0.620403886 0.458473504 1.74842358
v -0.57148397 0.460935533 1.38789988
v -0.623661458 0.369829178 1.35277724
v 0.226015404 -0.477886021 6.18512821
v -0.00885819644 -0.488908648 6.15041256
v 0.076656729 -0.527086735 6.00597143
v 1.63724399 -0.320308566 3.26870227
v 1.60711825 -0.251808584 3.35202169
v 1.66739857 -0.298776865 3.2228024
v 1.04205918 0.544481099 6.25708961
v 1.02736986 0.642411113 6.38453865
v 1.08163679 0.644780397 6.39693642
v 0.0861066282 -0.147678748 6.9470439
v -0.000764638069 -0.158542573 6.94246769
v -0.0207381193 -0.115129821 6.86579704
v 0.147873104 -0.100899138 6.90559959
v -0.977032423 0.491609931 6.23467493
v -0.819396257 0.606079578 6.22855949
v -1.04896653 0.0762107149 5.64118338
v -1.05174267 0.230494127 5.35634851
v -1.01686335 0.179350868 5.59595013
v -0.423036724 -0.310973883 -0.0396680832
v 0.180973485 0.598281622 5.74983025
v 0.000884488923 0.626152873 5.86405325
v 0.144737184 0.750589967 5.98572254
v 0.134344548 0.923759282 6.41946268
v -0.00134003919 0.922114909 6.57366562
v -1.34911597 0.583256841 5.71862602
v -1.34159958 0.577676356 5.95012617
v -1.22893405 0.659586251 5.97892332
v 0.129601032 0.905433834 6.8755827
v -0.668417156 0.131977856 2.88308573
v -0.613518357 0.233385339 2.96005535
v -0.556233108 0.183381572 2.62061596
v 0.212144405 0.565498829 7.22649193
v -0.00517394254 0.629546344 7.15798569
v -0.0270987004 0.481660545 7.24701405
v -1.20683074 0.0446496382 5.34208965
v 0.0662298724 -0.646449566 7.03898716
v 0.000190581006 -0.69222182 7.00453091
v 0 -0.447283089 7.08426285
v 1.0200448 0.704612613 6.89695501
v 1.1006242 0.694304347 6.81367111
v 0.985092282 0.771551967 6.83489799
v 0.101126499 -0.791425288 7.57054138
v -0.066111587 -0.769280314 7.51412773
v 0.0983700529 -0.760599673 7.5099287
v 0.257216036 0.217426822 3.87862349
v 0.0936547741 0.0677299574 3.9068377
v 0.0804028437 -0.607560515 8.12282944
v -0.0496622436 -0.703024983 7.96471119
v 0.0815387517 0.339368165 7.56588936
v -0.0334919244 0.400187373 7.63473654
v 0.0877839848 0.383583128 7.61878109
v 1.94090605 -0.718421519 3.2095871
v 1.91607153 -0.61081773 3.27415752
v 1.9404633 -0.681957603 3.19190192
v -0.0136123216 -0.691215396 7.41358185
v -0.0436506607 -0.663865745 7.36104107
v 0.0711499155 -0.660104454 7.3599515
v 0.120552987 -0.162165105 4.00586796
v 0.0158840436 0.00100335572 3.86711884
v 1.24379551 0.652135134 5.69529867
v 1.34099758 0.57937628 5.94395065
v 1.34785092 0.585133851 5.72189617
v 0.250206649 0.354048729 0.768803835
v 0.242326319 0.348413885 0.454126835
v 0.233801067 0.302203357 0.440291882
v 0.240576759 0.28274858 0.758957148
v 0.398299098 0.442279279 0.755320072
v 0.362388879 0.433151543 0.459433079
v 0.327118129 0.447591543 0.459448576
v 0.359492719 0.46429354 0.756425619
v 6.02033979e-05 0.335468113 5.04508209
v -0.215875715 0.42126286 5.3280282
v -0.500458956 0.322501779 4.17506218
v -0.586681128 0.265371919 4.3049984
v -0.506736398 0.356260598 4.32670975
v 0.46804592 0.243294671 0.774783134
v 0.444804728 0.252265632 0.447800159
v 0.442654997 0.295699 0.464955807
v 0.424660802 0.408378243 0.352898836
v 0.459643424 0.319203794 0.364896059
v 0.326089025 0.192679599 0.737796783
v 0.321340024 0.14366436 0.471728086
v 0.361513972 0.120474808 0.462302208
v 0.376132846 0.179332197 0.720782757
v 0.282957315 0.25354594 3.75627971
v 0.369717985 0.263603985 3.86517668
v 0.389337033 0.321636736 3.63550067
v 0.468223602 0.24781014 3.92640686
v -0.120118484 -0.415281534 7.1080246
v -0.171270043 -0.399476707 7.1405735
v -0.231786445 -0.259733796 7.12018013
v 0.54524672 -0.110533625 5.10732126
v 0.623334467 -0.110935137 4.66013098
v 0.635622442 -0.00132658868 4.7504034
v -1.27839375 0.568040013 5.33121538
v 0.73737663 -0.00356679223 3.18468738
v 0.704017401 0.129886925 3.16767883
v 0.702118993 0.135573193 3.56133962
v -0.375178486 -0.0112818042 0.322476149
v -0.333848774 -0.0188895632 0.327808857
v -0.360090464 0.119567156 0.461324692
v -1.45137608 0.126554444 5.30979919
v 0.367397577 0.271116018 2.35668063
v 0.353935897 0.225455329 2.54554105
v 0.443752438 0.25796783 2.66738415
v 0.444042176 0.286126316 2.44029999
v 0.521799743 0.259639919 2.39231205
v 0.509462655 0.229751095 2.64273095
v 0.243390605 0.146657839 2.55958295
v 0.263104528 0.126857772 2.392941
v 0.25123319 0.0690489486 2.27854633
v 0.179409549 0.0505624451 2.63146782
v 0.184514508 -0.0973419398 2.76662254
v 0.277919471 0.0317600593 2.19763517
v 0.675524294 0.167516559 1.68834686
v 0.705163777 0.263925076 1.66916347
v 0.683836162 0.211550325 1.87399578
v 0.253892332 0.118590482 1.97243094
v 0.232469738 0.177720174 2.01968241
v 0.180785134 0.282256722 1.80036116
v 0.208194718 0.184095562 1.74555635
v 0.128781512 -0.132299438 3.35995579
v 0.057536412 0.0231101811 3.49083924
v 0.109643236 0.0248661842 3.17075872
v -0.216438249 -0.483416438 6.16072607
v -0.17991741 -0.513765156 6.01266289
v 0.530477881 0.312697589 2.95748568
v 0.435632646 0.345939219 2.94516611
v 0.422516406 0.379170358 3.28450847
v 0.526555419 0.337566078 3.35472083
v 0.651417434 0.148818791 7.08672714
v 0.755986631 0.0500972904 6.91432667
v 0.850436509 0.219662979 7.06686878
v 0.734112024 -0.142388523 3.46655416
v 0.732385039 0.0202752128 3.79068446
v -0.464519501 -0.332704484 2.74973202
v -0.546006918 -0.290438831 2.76138186
v 0.213827327 -0.690078139 7.51048279
v 0.397486925 -0.236998007 7.62245083
v 0.288987279 -0.401101172 7.48209715
v 0.26074326 -0.21560213 7.47218132
v 0.987543285 0.381630242 6.17053175
v 0.977032125 0.491609752 6.23467445
v -0.178342134 0.0472809896 2.645154
v -0.183422148 0.148572087 2.78132415
v 1.069206 -0.0942731053 6.62791634
v 0.313146174 -0.0913292021 6.85778666
v 0.466506839 -0.19898352 6.75190544
v 0.624102175 -0.142362759 6.7932539
v 1.20327866 -0.00787228066 5.65392065
v 1.32192421 0.0122405142 5.31140327
v 1.35484552 0.0468865596 5.43612003
v 0.384903073 0.293492734 3.98316622
v -1.84450483 -0.439401507 2.98085642
v -1.76829112 -0.327307463 3.10840964
v 0.399658501 -0.173582271 0.230750561
v 0.353835285 -0.183379278 0.226773739
v 0.395776331 -0.365638614 0.185597897
v 0.323459953 -0.209060147 0.175910473
v -1.98628616 -0.849690676 3.06524849
v -1.95176172 -0.883350432 3.0287137
v -1.98961377 -0.643128574 3.38148284
v -4.31821281e-05 -0.297237694 6.51714993
v -0.361568898 -0.300232172 6.6247282
v -0.336825788 -0.381411791 6.46033716
v 0.146645248 -0.669162154 7.15345287
v 0.0626142472 -0.737940311 7.0825367
v 0.49328509 0.306791067 4.13087368
v 0.57920295 0.261095226 4.25153446
v 0.548923075 0.200202629 3.99729848
v 0.842222631 0.391598821 7.20691013
v 0.552086413 0.233296067 7.24897099
v 0.939688087 0.284038007 7.08872318
v 0.474970669 -0.446512163 0.101768017
v 0.485640287 -0.409355879 0.150883198
v 0.41867575 -0.436378658 0.13889122
v 0.194431409 0.363562644 0.159818649
v 0.175508648 0.261127412 0.151057243
v 0.220323443 0.229664266 0.349308729
v 0.489721298 -0.431598783 -0.0143141747
v 0.408080131 -0.441957951 6.19888306e-06
v -0.0575364269 0.0231101811 3.49083924
v 0.52664113 0.141586244 0.00588130951
v 0.235067934 0.25953126 3.09523892
v 0.300145388 0.325306118 3.43570423
v 0.325089872 0.343262792 3.16577196
v -0.402484447 0.163654849 0.490636349
v -0.543285012 0.154037386 5.20043468
v 0.33255133 0.0674406216 -0.0239596367
v 0.270404547 0.073983714 0.00864648819
v 0.229207978 0.202938586 3.52859497e-05
v 0.194269598 0.178995714 0.0676045418
v 0.250653267 0.0315955952 0.07999897
v 0.280814886 0.516326964 0.160577297
v 0.279334426 0.47608906 0.320442915
v 0.321792275 0.505554736 0.304967165
v 0.325274527 0.536430955 0.166664124
v 0.435520172 0.447509408 0.158640385
v 1.00772369 -0.0331220515 6.82352448
v 1.13186002 0.0917405561 6.87411594
v -0.36782676 -0.160236076 2.44593859
v -0.323891491 -0.0647117049 2.29776049
v -0.280575663 -0.187412664 2.6642406
v -0.375009656 0.26364851 3.85814953
v -0.261793822 0.218185529 3.87064028
v 1.48776352 -0.0497756749 3.94050288
v 1.56391633 -0.207922503 3.63913894
v 1.45565987 -0.0704015046 4.01198483
v 1.60153508 -0.354368389 3.48456812
v 1.58278298 -0.312061369 3.69914055
v 1.59744298 -0.27773869 3.36075354
v -1.67389345 0.264316261 4.98113537
v -1.7241025 0.132757917 4.66811514
v -1.70719206 0.0058135516 4.60081673
v 1.68697488 -0.0714488328 3.73130107
v 1.655007 -0.119867899 3.55711031
v 0.626823902 0.26643908 5.68412066
v 0.520529985 0.272551775 5.43130398
v 1.17410636 0.679074943 6.66658449
v 1.07367587 0.750424743 6.51320934
v 1.3051511 0.47587055 4.86417484
v 1.24664223 0.546278834 5.0466547
v 1.30956757 0.57074964 5.08180571
v 1.36036241 0.515380859 4.92919445
v 1.76270986 -0.141502991 4.07504892
v 1.81324518 -0.313742757 3.80160117
v 1.83127475 -0.260466516 3.79358268
v 0.259751469 0.340556383 7.95015526
v 0.250706553 0.305954516 8.05654335
v 0.380126059 0.183200464 7.94787693
v -1.83556843 -0.484533668 3.112252
v -1.91931987 -0.526725054 3.04584408
v -1.89899921 -0.424819827 3.116117
v -0.0365092754 -0.326160252 7.05270958
v 0.615126014 0.0490010157 2.53841376
v 0.601357698 0.116178937 2.58869028
v 0.696669638 0.0249475539 2.87218046
v -0.0717169046 -0.771757245 7.73626852
v 1.48484683 0.222338036 5.35487366
v 1.47162771 0.327899575 5.4252162
v 1.5310812 0.390290439 5.17449188
v 1.4320246 0.427707791 5.41632938
v -0.444042176 0.286126375 2.44029999
v -0.444148749 0.257429242 2.67006183
v -0.374227047 0.234945595 2.58632064
v 1.59797716 -0.274916351 3.99759293
v 1.66115499 -0.402457237 3.71924996
v 1.72156203 -0.408999562 3.78713274
v 1.67056227 -0.2818712 4.03793287
v 1.76598132 -0.442119002 3.20941854
v 1.76961124 -0.438888311 3.7716136
v 1.19979978 0.0438024886 5.36890221
v 1.26354706 0.0369541831 5.15447617
v -0.467511773 -0.353659213 0.185625553
v 0.531571448 1.05348635 6.62897015
v 0.391994685 1.03312528 6.70822859
v 1.41699493 0.0425321832 5.24391747
v 1.37673926 -0.0186761506 5.13268185
v 1.20478392 0.588110805 6.33407402
v 1.17949581 0.577279866 6.278265
v 1.04006529 0.714322746 6.45275307
v 1.08564711 0.630567491 6.23525524
v -0.480078012 -0.421081007 3.64502168
v -0.34952715 -0.376389802 3.53773761
v -0.334635496 -0.315658033 3.9713459
v 1.28597736 0.00897080451 4.76941633
v 1.11239588 0.237420455 5.05644703
v 1.21482646 0.106847107 4.69137383
v 1.35344911 0.293830037 6.22378302
v 1.36084402 0.316058218 6.08063555
v 1.40147114 0.392019391 5.97329664
v 1.38475335 0.392595947 6.13998365
v 1.3694737 0.467227042 6.0079937
v 1.3371135 0.460938752 6.12161303
v 0.442500085 -0.14216578 0.222533226
v 0.507054746 -0.136545405 0.184355259
v 0.468163759 0.0571985058 0.279764652
v 1.26365936 0.144406408 6.11548805
v 1.24379456 0.167953581 6.23960829
v 1.15967953 0.0552820973 6.34765387
v 1.14197683 0.0674299002 6.17519474
v 1.26009142 0.597076297 5.46806145
v 1.28940487 0.565506339 5.30420971
v 1.97382307 -0.573622763 3.66757464
v 1.92185187 -0.466471851 3.73051667
v 1.87937379 -0.502209544 3.74983096
v 0.337734342 -0.316609085 3.96759963
v 0.239230096 -0.250320733 4.04290581
v 0.206952363 -0.227285638 3.73474097
v 1.08911383 0.449596763 5.10569
v 1.09140122 0.359558284 5.02747869
v 1.04306507 0.357549548 5.23494148
v 0.39068836 1.04257023 6.58433008
v 1.86350691 -0.616221845 2.87824154
v 1.89106941 -0.632060766 2.91835189
v 1.85823739 -0.689937949 2.85813475
v 0.676759005 -0.0994902253 2.83214235
v 0.71571219 -0.122507535 3.06736803
v 0.661809504 -0.258409083 3.10845661
v 1.11866498 -0.0367146581 6.59207582
v -1.63229048 0.247263893 4.54826641
v -1.69556034 0.195931882 4.60936928
v 1.03042996 0.544544339 7.0506649
v 1.0385685 0.438980162 7.09830666
v 1.11986482 0.551436007 6.96573448
v 0.486321479 0.281241 4.9368968
v 0.401509374 0.352615178 4.82492113
v 0.386894941 0.360705674 5.05438614
v 0.473399997 0.429093957 5.55606031
v 0.459887356 0.3402794 5.32457399
v 0.38637358 0.414776385 5.34958363
v 0.394646019 0.522559702 5.61782217
v 1.03059995 0.231822282 6.06630516
v 1.01694047 0.215635568 6.16923428
v 0.981195986 0.279311001 6.14906073
v 1.00859809 0.300138175 6.06037617
v -0.252205908 0.351225019 7.83322811
v -0.204616964 0.37903595 7.96600199
v 0.54826659 -0.091619648 2.4803443
v 0.566025078 0.0404821113 2.0384376
v 0.604172826 0.0743183196 2.13814187
v -0.368750691 -0.280833125 2.69549131
v -0.367677659 -0.356547892 3.00461864
v -1.37998617 0.296721578 6.39993477
v -1.31731844 0.190694362 6.46810055
v 0.447333038 0.175945312 7.26741123
v 0.470489383 0.285131276 7.30263424
v -0.596084177 0.196914628 3.86226368
v -0.480408877 0.268443882 3.80886507
v -0.398378432 0.445372701 0.763465405
v 1.65360379 -0.384572387 3.33986235
v 1.74309003 -0.260065556 3.20094371
v 1.64035177 -0.205994636 3.36808872
v 1.72761631 -0.232511774 3.27427769
v -0.426460356 0.572821915 1.44706392
v -0.377482355 -0.494473398 7.89754868
v -0.465177387 -0.267059147 7.88262844
v -0.243189469 0.354953051 0.446856737
v 1.98680329 -0.436032355 3.30536842
v 1.95751667 -0.359894156 3.47099304
v 2.01643205 -0.486864865 3.48467684
v -1.99657202 -0.58535707 3.48086882
v -0.550713778 0.860594511 7.08062267
v -0.599708617 0.119324259 2.58420181
v -0.599743545 0.190209389 2.2601738
v 1.91522229 -0.598665118 3.46542597
v 1.90762198 -0.614990234 3.44674063
v 0.624939561 0.247472018 3.1943109
v 0.61594975 0.241848916 3.51266193
v 0.844246924 -0.234891534 6.33640957
v 0.793212295 -0.224415809 6.22221088
v 1.04661703 -0.107921146 6.39971638
v 0.276112676 0.0703832954 7.43285465
v 0.306575358 -0.0218891762 7.3591342
v 0.228149712 0.118389204 7.40704441
v 0.459914744 0.887683272 6.07469082
v 0.297919303 0.626544893 5.76468515
v 0.348988116 0.866365671 6.05159235
v 0.363625258 -0.400522411 7.74506044
v 0.296175003 -0.598262548 7.65060997
v 0.329512984 -0.612492919 7.59799814
v 0.409677804 -0.458380401 7.63053036
v 0.236509159 -0.563889921 7.4407053
v 0.169242457 -0.606034756 7.3552599
v 0.212326825 -0.533649147 7.37037563
v -0.446177483 0.004438743 1.70984483
v -0.359386861 0.0323168747 1.72987175
v -0.372799516 0.0160323605 1.91607118
v 0.462505311 -0.277727544 7.88376045
v 1.29987633 0.171879023 6.44620514
v 1.37908769 0.293637216 6.42060089
v -0.0715145171 -0.650464296 7.04326725
v -0.583380938 -0.115904652 0.0430717468
v -1.0649992e-08 -0.203447133 4.02059937
v -0.141565517 -0.20321849 4.04361153
v -0.471195459 0.249201626 3.95686722
v -0.384903073 0.293492734 3.98316622
v 0.778375328 0.184336931 5.93445015
v -0.243365854 -0.490468681 5.80634403
v -1.01614702 -0.133975551 6.64244461
v -1.04003048 -0.124698453 6.58071661
v -1.35262311 -0.0673476309 4.8075943
v 0.286479533 0.372035027 4.7939024
v 0.282568485 0.378269792 5.03610659
v -0.984239161 -0.0567012578 6.81261253
v -0.205647513 -0.708880723 7.653162
v -1.02604258 0.628201962 6.36786461
v -1.03942013 0.543628156 6.25719595
v 0.229620829 -0.706417739 7.58024597
v 0.189039961 -0.71737951 7.6680479
v 0.0904368535 -0.794613302 7.65362644
v -0.420580447 0.407543421 4.38016796
v -0.311323255 0.398114622 4.31275892
v -0.408251673 0.37469703 4.18829918
v 0.387229055 0.0172253363 8.13537407
v 0.256217301 0.0489420108 8.26134491
v 0.314769387 -0.127917245 8.26433182
v -0.864212692 0.0361655578 6.15946198
v 0.27941969 0.0555844009 7.5083313
v 0.260539681 0.182250485 7.54725742
v -1.02935708 -0.125341311 6.4709301
v -1.13330853 -0.02035808 6.58211994
v -1.89106965 -0.632061124 2.91835213
v -1.38437271 0.110438772 5.71144533
v -1.3044728 0.0280004591 5.68023872
v -0.211669266 -0.531122863 7.36839104
v -0.259004116 -0.51506263 7.45473289
v -1.66316068 -0.356655419 3.2737987
v -0.354036152 -0.179986089 0.22949791
v -0.412136555 -0.179203868 0.228715897
v -0.0551412739 0.259061635 8.22594643
v 0.0975120068 0.247965872 8.22306442
v -1.85532308 -0.937311351 3.41677284
v -1.82981515 -0.901238978 3.48150206
v -1.89148879 -0.886312127 3.48854089
v 0.628873765 -0.309267104 0.017747879
v 0.578724325 -0.383024156 0.076789856
v 0.591686249 -0.364469588 -0.00142526627
v 1.74923038 -0.488752425 3.69198775
v 0.51466316 -0.373783946 6.04970646
v 0.323153049 -0.462520957 5.81283665
v 0.46568051 -0.363139808 5.78527784
v -0.206634119 0.358826876 4.82358932
v -0.281216443 0.379224658 5.0471158
v 0.618940771 0.963988125 6.44766045
v 0.644083977 0.986107767 6.65199137
v -2.06682563 -0.557255447 3.35703754
v -2.06447458 -0.546884298 3.33112669
v -2.06636763 -0.667307913 3.23555517
v -1.97819054 -0.789187372 3.05870056
v -0.701203585 0.129421011 3.12825632
v -0.619178176 0.252536714 3.38131356
v 0.275288701 0.204125181 1.07721996
v 0.0260612965 0.0233096126 3.7555933
v 0.320339948 -0.585171044 7.54619646
v 0.253917217 0.350483537 7.84162426
v 0.113188915 0.429755867 7.86217642
v -0.650808811 -0.0748298168 4.14515305
v -0.712973058 -0.119310401 3.79663825
v -0.598304212 -0.193709925 4.1045661
v -0.0140637998 0.284198463 4.26779127
v 1.10462773 0.0567865558 5.89445972
v 1.11093247 0.0190745145 5.65133429
v -0.0258783922 -0.803781271 7.66641331
v -0.386681408 0.0177160017 8.13645554
v -1.90742409 -0.7901721 2.94132495
v -1.95499504 -0.742103577 3.00875998
v -1.9115572 -0.705052316 2.95474839
v 0.594528496 -0.0228288677 2.50155163
v 0.613321543 -0.214310795 2.79808593
v -1.07894135 0.618495047 5.63342857
v -1.03906357 0.547922969 5.64497471
v -1.91511726 -0.61133945 3.2671001
v -1.93831933 -0.591427326 3.25962043
v -1.92756617 -0.681428432 3.14286494
v 1.05676746 0.103761896 5.80460978
v 0.401152492 0.117412239 0.434824228
v 0.400563061 0.162720308 0.493977547
v -0.458244056 0.321008623 5.2158823
v -0.466677576 0.394273996 5.48534584
v -0.392760694 1.02238274 6.43546295
v 1.82283449 -0.532756209 2.94107389
v 0.334120065 0.233788967 7.32800484
v 0.197706416 0.192776248 7.37593317
v 0.317989886 0.113251977 7.33213091
v 0.138817355 -0.69018507 7.23225498
v 0.127271205 -0.714895725 7.17960072
v 0.20458667 -0.601802886 7.2189703
v 0.406868517 0.621838033 5.78458881
v 0.420866251 -0.086712338 7.64217758
v 0.452594548 -0.255728245 7.70673752
v 0.243036285 0.428889275 -0.00950622559
v -1.96788931 -0.554749906 3.68128276
v -1.9759587 -0.506111979 3.66933346
v 0.187518775 -0.565802097 7.15828276
v -1.22038496 -0.00896249246 5.61082172
v -1.14184296 0.0429900512 5.9970932
v -1.25945437 0.0682184473 5.94816589
v 0.420166999 0.408737123 4.37893772
v 0.51144439 0.352596283 4.32554388
v 0.408251673 0.37469703 4.18829918
v 0.864199162 0.0361255072 6.15946865
v -0.561164081 0.194272757 4.03597355
v 0.92622745 0.252707183 6.12266302
v 0.582930744 0.868039548 6.20956659
v 0.56720978 0.747113824 6.0049839
v -0.388267219 0.364739001 -0.0196890831
v -0.333014399 0.451330483 -0.0236544609
v -1.37432003 0.501428604 5.34367704
v 1.86441553 -0.657316506 2.91160679
v 1.95176172 -0.883349299 3.0287137
v 1.97819066 -0.789185584 3.0587008
v 1.9862864 -0.849689424 3.06524849
v -0.282567799 -0.409934938 8.23200703
v -0.195651174 -0.417057931 8.28041458
v 0.152195141 0.356259763 8.08242607
v 2.01831484 -0.751575232 3.11200976
v 1.85532308 -0.937311411 3.41677189
v 1.90328598 -0.889758587 3.42644906
v 1.89148891 -0.886312306 3.48853993
v 0.49784416 0.299982905 3.67496872
v 0.593345463 0.230032578 3.72950172
v 1.89852345 -0.602769434 3.71288133
v 1.94418955 -0.716362178 3.62241173
v -1.40159309 0.397606075 6.40325642
v -0.119491868 -0.711898506 7.91425705
v -0.793146253 -0.224449798 6.22217846
v -1.05113077 -0.0858823135 6.34311628
v -1.0878973 0.0517659299 6.27821255
v -0.220335171 0.785964251 5.99529743
v -0.340522379 0.503805697 0.00262975693
v -0.264913768 0.4995175 0.0557951927
v -0.295809299 0.485256791 -0.00698375702
v 0.514104247 0.222549155 5.19176865
v 0.317207962 0.405365229 4.34570217
v 1.22449911 0.660723627 5.98384094
v 0.37748301 -0.494472921 7.89754868
v 1.99648249 -0.672077417 3.33715653
v 1.95448911 -0.677148998 3.33339381
v 0.231437221 -0.347373962 4.21456814
v -0.815283656 0.395369649 6.05325651
v -0.669979811 0.31927526 5.79416084
v -0.786502361 0.188716769 5.94734859
v -1.17423141 0.135011747 5.13554716
v -1.10877073 0.124408945 5.3930521
v 1.86192715 -0.584237933 3.05055285
v 1.93832028 -0.591426611 3.25962043
v 1.06641614 0.180491611 6.08287907
v 0.546370387 -0.291783571 2.76521349
v 0.499062717 -0.163536683 2.50224948
v -0.23557891 0.212458998 8.18320847
v -0.185927272 0.285788536 1.42088962
v -0.372195691 0.22169888 7.31244326
v -0.462655127 0.187738121 7.26469898
v -0.406868517 0.621838093 5.78458881
v -0.359052092 0.00917164329 7.25162411
v -0.336561859 -0.116613276 7.22742891
v -0.581875265 -0.206319645 4.58065319
v -0.627161145 -0.109172687 4.64743185
v -0.504708767 0.537080288 1.41806889
v -0.285544217 0.484769344 0.310052156
v -0.22749415 0.442125201 0.203877926
v 1.22425079 0.27172339 4.64430904
v 1.2401005 0.42994231 4.85268021
v -0.340502471 0.540649831 1.44540691
v -0.251141429 0.356565833 0.76825881
v 1.40291572 0.157348186 4.2891984
v 0.479897022 -0.421956241 3.64137173
v 0.340020388 -0.361144066 3.66229963
v 0.362548202 -0.381035209 3.29974508
v -0.439242631 0.379646242 0.360656977
v -0.41560331 -0.444219649 7.98879385
v 0.363808721 -0.340862155 2.9350071
v -0.220270559 0.285294414 7.58767891
v -0.288921893 0.0149882548 7.37845373
v -0.259416282 0.17995055 7.54343367
v 1.77631199 -0.203944787 3.41103554
v -0.0934706926 -0.148776174 6.95172453
v -0.179563105 0.693687737 7.14002275
v -0.24283269 0.573252022 7.22689629
v 1.81800807 -0.200170577 3.72188878
v -0.518909395 0.230078533 0.9775424
v 0.531877637 -0.289554834 4.07714319
v 0.575236619 -0.363916636 3.69450951
v 0.65495187 -0.246445194 3.75024128
v -0.533116698 0.0312496461 1.69877911
v -0.6070292 0.0936256275 1.66780806
v -0.118817084 0.146089569 3.36541724
v -0.0842339024 0.126709908 3.70689154
v 1.4465121 -0.10606724 4.868186
v -0.314053327 0.341814458 3.30343246
v -0.28108421 0.293074787 3.63015103
v -0.215163097 0.256436706 3.33691168
v -0.167874128 -0.129315495 6.81637192
v -0.633966804 0.958943844 6.83867836
v -0.678169191 0.823324859 7.04161644
v -0.244267702 -0.420070589 7.39913225
v -0.0811126828 -0.105592571 3.71870017
v 0.630172074 -0.0336860381 5.66172791
v -0.320369422 -0.19870235 7.31759548
v -0.311432868 -0.146161392 7.13470936
v -0.53439647 0.203544497 5.02038097
v -0.102754682 -0.670112848 7.29781389
v 0.211895794 -0.419908702 7.84690666
v 0.23085466 -0.442290127 7.79562855
v -0.66022414 0.0523225628 4.18602753
v -0.533065319 -0.289368868 4.07068872
v -2.00072718 -0.461363256 3.56926584
v 0.492378324 0.0757252201 0.246059895
v 0.508622766 0.197985202 0.242620945
v 0.413989991 -0.461227596 0.0518016815
v 0.375378877 -0.422422588 0.0563063622
v 0.00561219826 0.322934628 7.31286478
v -0.185641304 0.30428189 7.32871532
v -0.141369104 0.208059236 7.37929058
v -0.957519591 0.597157717 6.31711197
v -0.948465407 0.711344182 6.43542433
v -0.81210357 0.751170337 6.37298775
v -0.545027673 -0.102265619 5.1301055
v -0.505610943 -0.174033955 5.23912048
v -0.365397215 0.535440743 1.82418442
v 1.89899921 -0.424819946 3.116117
v 1.95351362 -0.470309079 3.18852878
v -0.242544115 -0.463794827 4.57955837
v -0.158553794 -0.422048092 4.27157545
v -0.591346204 -0.363775849 0.081428051
v -0.566384792 -0.295956194 0.138699055
v 0.310103714 -0.197299644 7.17748404
v 0.261878133 -0.319733381 7.19565773
v 0.237357169 -0.106889695 6.99720573
v -0.0378407352 -0.503351271 4.72870731
v 1.85012364 -0.242579117 3.4945097
v 0.616887331 0.115143783 2.25884891
v -0.3389768 0.181457892 7.63702583
v -0.338129371 0.312356174 2.88939095
v -0.436941743 0.333454907 2.90050936
v -0.742202997 0.0081080962 3.60645151
v -0.693448961 0.1373647 3.71054459
v -0.802127123 0.768558204 6.986413
v -0.706744373 0.698361874 7.14517307
v -0.156398878 0.345842719 7.59900904
v -0.227119282 0.349379718 7.71170712
v -0.105682686 0.422357798 7.736166
v -0.525728524 0.298517287 2.89200091
v -0.250754267 0.274366319 2.03173375
v -0.318885744 0.191112742 2.51276255
v 0.819395065 0.606084526 6.22856283
v -0.320844978 0.050131537 1.97007012
v -7.62903801e-05 0.316900074 4.42928028
v 0.678948283 0.137368977 3.79616499
v 1.40125632 0.399474919 6.40623569
v 1.35584044 0.503269494 6.53816795
v -0.21628347 0.164556563 1.77399826
v -0.663888752 0.304012954 1.91232371
v -0.683652878 0.366004765 1.70847535
v -0.52156198 0.258115351 2.40026331
v -0.525137961 0.353862464 2.17461753
v -1.39531064 0.459077954 4.81489801
v -1.67965901 -0.0620554015 3.75360298
v -1.52401996 0.399632454 4.76251745
v -0.672484875 0.19729355 1.93370247
v -0.231437162 -0.347373962 4.21456814
v -0.513091803 0.00186753774 2.01909447
v -0.566051483 0.0441623181 2.01878476
v -1.89154875 -0.50154078 2.97305059
v -1.8501035 -0.37147373 3.05184031
v -0.550855756 -0.0920280218 2.49071026
v -0.257893056 -0.23561573 2.93529367
v -0.24495855 -0.260602891 3.2369585
v -1.3550365 0.499197006 6.45558739
v 0.134236857 0.955904245 6.65187168
v 1.45510101 0.125060111 5.30159378
v -2.02068782 -0.617161512 3.57396865
v -2.02569675 -0.549625337 3.5630424
v -1.30165756 0.207352713 6.77030849
v -0.627224624 0.126025796 4.08123064
v -0.681375265 -0.0950284451 2.84121656
v -0.699386656 0.0236754268 2.88224602
v -0.125610515 -0.618564963 8.10011196
v -0.622335494 -0.205591559 2.80940533
v -0.344044924 0.0874612108 7.30274868
v 0.636128843 0.163532957 4.23843813
v 0.661764205 0.0483884402 4.16550159
v 0.623268545 0.131698534 4.08531904
v 0.358020812 0.528184593 1.84358335
v 0.340372801 0.540527582 1.44099951
v 0.264691442 0.465877414 1.4407599
v -0.651938558 -0.253901362 3.74121118
v -0.732587695 -0.133926719 3.55031157
v -0.723002434 -0.132765263 3.14085126
v -0.664730012 -0.252762794 3.10701323
v -0.670888007 -0.266475916 3.49140048
v -0.20242314 0.333521366 0.00526285172
v -0.261686742 0.106332943 0.00454854965
v -0.270269543 0.262853861 -0.0304460526
v 0.392121911 -0.394340992 7.58960533
v 0.427038014 0.557590246 7.27223539
v 1.34719157 0.528365612 5.48832369
v 0.36936602 -0.285199046 2.70510054
v 0.344092309 0.504078507 0.00328779221
v 0.343602121 0.528958559 0.0531544685
v 0.428349406 0.443922043 0.0508651733
v -1.77974141 -0.442651629 3.04973173
v -1.78293979 -0.424135149 3.03929782
v 0.432724178 -0.359976292 7.65969849
v -1.2393961 0.124180332 6.12623596
v -1.93724465 -0.664767265 3.29489541
v -1.94046247 -0.681958795 3.19190168
v -1.9178282 -0.612226546 3.33570433
v 0.236576423 -0.463233829 4.55777502
v 0.305336058 -0.387034297 5.27144432
v 0.204897538 -0.437443495 5.2722249
v 0.583819568 0.19787325 1.24770164
v 1.36575353 -0.0762540177 4.80910921
v -0.739494562 -0.280461252 6.49768925
v -0.435701817 -0.403387725 6.3407836
v -0.967087805 -0.119979084 6.73181343
v 1.38758385 0.541921318 5.15796423
v -0.624406815 -0.0354592577 5.64522028
v -0.54769212 -0.161362961 5.53074455
v -0.708468556 -0.119569771 5.97595119
v -0.819131017 0.057694152 6.04611015
v -0.624100685 -0.14236252 6.79325485
v 1.8450892 -0.439145029 2.98089933
v 1.89154863 -0.501540482 2.97305012
v -0.00272875559 -0.395073473 6.3595047
v -0.238676503 -0.440689445 6.29928923
v 0.444965959 -0.100024119 2.22972083
v 1.81886458 -0.295460403 3.23965454
v 1.85653007 -0.289836228 3.30181527
v 1.5956347 -0.209929869 4.3192482
v -0.529851794 0.201519504 0.126043797
v -0.543168843 0.140618786 0.0604786873
v -0.187590957 0.36634469 4.4485693
v -1.00628161 0.769917786 6.79628897
v -0.879324317 0.825290263 6.78970814
v -0.955299199 0.784753919 6.66765404
v -0.461985439 0.886785388 6.07442808
v -0.503777742 0.504983246 5.70639658
v -0.23885569 0.422560215 -0.0091509819
v 0.264356256 0.443216562 1.83059406
v 0.101875179 -0.111292817 3.85284114
v 1.43007505 0.502531588 5.0029068
v 0.250561178 -0.269737184 3.27217555
v -0.21815677 0.0973904729 0.244847298
v -0.191411421 0.149603218 0.149317741
v -0.176612258 0.259095132 0.159245014
v -0.443548471 0.0503134951 0.309108973
v -0.635356128 0.169155419 4.25002861
v -0.575380623 -0.364260793 3.69181681
v 1.27148712 0.517587245 6.18349457
v 0.286874622 0.423219204 0.460179567
v -0.389329225 0.358548045 5.03753901
v -0.402481973 0.352212965 4.82397079
v -0.492355108 0.282743514 4.89129496
v 0.596876204 0.18855153 2.27832747
v 1.0531795 0.0736086965 5.63136959
v 1.01533854 0.177040085 5.64296961
v 1.78282332 -0.542720139 3.61436892
v 0.361048549 -0.0440689735 7.16417885
v 0.41787219 0.0514563732 7.17011786
v 0.383482665 0.0828011781 7.26945591
v -0.498409122 -0.16444993 2.50355864
v -1.82393777 -0.540390015 3.01522636
v -1.86441576 -0.657317102 2.91160679
v -1.25615847 0.541948557 5.02562428
v -1.12543547 0.502435446 5.12825298
v -1.22578311 0.457997561 4.91045523
v 0.18000114 0.156722337 7.41621113
v 1.35003603 0.487731397 6.35602379
v 1.78531313 -0.432200611 3.03335857
v 1.80719674 -0.306603491 3.12488651
v 1.87410069 -0.356098235 3.19732571
v -0.73512423 -0.00264102407 3.15215516
v -0.547733545 -0.274069548 6.67205429
v -1.02861428 0.327012062 7.07339478
v -0.853263259 0.305991352 7.15011692
v -0.376558781 -0.181959242 -0.0239672661
v -0.320192784 0.363477767 2.06039476
v 0.39346388 1.02181113 6.4340024
v -1.9167769 -0.626732171 3.42776704
v 1.23858631 0.335778713 6.92765427
v -0.331867427 0.0731381848 -0.0236163139
v -0.490078211 -0.432393253 -0.0134625435
v -0.49886176 -0.447324753 0.0329341888
v -1.24325645 0.650301695 5.68519831
v 1.94407296 -0.374995291 3.2977829
v -1.04422498 -0.110519998 6.40001678
v -1.59552431 0.369796693 4.86229658
v 1.90779316 -0.662339449 3.46768212
v 0.333014399 0.451330423 -0.0236544609
v 0.295809299 0.485256791 -0.00698375702
v -0.312221348 -0.502049983 8.12952518
v 0.663888693 0.304012954 1.91232371
v -0.205495909 0.352765977 0.230663776
v -0.442281067 0.431024253 0.207059383
v -1.59846544 -0.213095337 4.30566502
v 1.76608396 -0.324125051 3.11276841
v -0.179496512 0.329321563 0.0610280037
v -1.41873181 0.244716421 5.85147524
v -1.44908035 0.219703287 5.72213221
v 0.621092319 0.103639938 4.74518156
v -0.765281439 0.204374209 7.08750725
v -0.454497248 0.112687618 7.19531918
v -1.01809108 0.213682085 6.17033195
v -1.22432113 0.347354889 6.94475365
v -1.22675276 0.218212605 6.87908077
v -1.14439094 0.167356402 6.91684055
v 2.02461123 -0.563284218 3.49511337
v 1.99735582 -0.454007328 3.56741929
v 2.02585006 -0.549821913 3.56091404
v 0.590179622 -0.37607789 3.44074702
v 1.18047583 0.669946969 6.47540522
v 0.573268712 -0.32169956 0.129927158
v 0.467243493 -0.355356872 0.185451984
v -0.458831757 -0.275711775 5.03332853
v 0.243920699 -0.608229339 8.05576897
v 0.16687201 -0.690366566 7.9238534
v 0.450402826 -0.341314495 4.02222395
v -2.05182743 -0.718587339 3.20333624
v -2.04793048 -0.604024887 3.36201191
v 0.426460356 0.572821915 1.44706392
v 0.365867287 0.193002224 7.73838997
v 0.441094846 0.0362479575 7.91919041
v 0.427821696 0.0514833853 7.73970318
v 1.08114815 0.619879067 5.63032341
v 1.10761392 0.675995827 6.00789356
v 0.117636621 -0.491564631 4.73282623
v 0.537679315 0.063603878 0.153598785
v 0.0611518249 -0.68569243 7.28437281
v -1.64461994 -0.201532602 3.3727634
v -1.46600366 0.345710337 5.73931885
v 0.203484252 0.306672394 7.58917332
v 0.107033633 0.422400892 7.7370882
v -1.38219643 0.0895310938 4.23659468
v -1.50540698 -0.0677634031 3.88851309
v 0.382925212 -0.39818722 0.145997047
v 0.411101073 0.852374911 7.07709122
v 0.0181573015 0.773261011 7.02949142
v 0.170765489 0.686277211 7.14430141
v -1.91001189 -0.655145764 3.46825409
v 0.550713778 0.860594511 7.08062267
v 0.67816925 0.823324859 7.04161644
v -1.65030634 0.32341814 4.91778469
v -1.55120289 0.378782868 5.13792229
v -1.43432319 0.495443821 5.18957186
v -0.113344386 -0.784263492 7.64417791
v -0.113267034 -0.722912073 7.75710917
v -1.69131076 0.0234913696 4.07328129
v -1.77498484 -0.152718857 3.65981102
v 1.52932453 -0.0552948564 4.91605473
v -1.87808645 -0.500087202 3.75089049
v -1.82789457 -0.623624206 3.71902108
v -1.77099049 -0.441857994 3.77012944
v -1.43225074 0.478311718 5.72171021
v -1.34785998 0.527108371 5.4837656
v 0.411395013 0.419183612 8.34465027e-05
v 2.01161695 -0.517823696 3.26614261
v -1.74940455 -0.169722319 4.07065535
v -1.91635776 -0.593459964 3.46632361
v -1.64092338 -0.420777977 3.52488661
v -1.77366984 -0.529746115 3.6207695
v -1.62360573 -0.364127159 3.3882184
v 0.619974911 -0.252497673 0.000341415405
v 2.01110792 -0.650110364 3.51181841
v 1.11945498 0.501760304 5.13210106
v 0.347489655 -0.466644943 6.07514572
v -1.45934892 0.227454394 5.49239016
v -1.41023898 0.130917206 5.48049927
v -1.21617794 0.105262712 4.68691111
v 0.441872805 -0.277674437 5.26589966
v 1.03407991 0.218610883 5.4566288
v 0.026559446 -0.797915518 7.14338303
v -1.19048274 0.671946406 6.56083965
v -1.2572186 0.528966844 6.19926691
v -1.71330857 -0.259327054 3.21914053
v -1.2962501 0.241835579 6.17072868
v -0.251214087 0.236785099 2.83427858
v 1.01569045 0.326214731 5.49697828
v 1.01142955 0.453505576 5.56960106
v -1.22392058 0.0756883249 6.54710197
v -1.99989772 -0.599749923 3.1607914
v -2.01197195 -0.518342733 3.26544881
v -0.267934799 -0.424899936 7.27646446
v -1.09940231 0.0241296273 5.66109848
v -1.01310027 0.231126264 5.82729006
v -1.03140879 0.229167894 6.06027317
v 0.353413284 0.313320994 7.31903648
v 0.344975233 -0.302866995 0.000682353973
v 0.288846821 0.0674317405 0.379131556
v 0.287299156 -0.0234425478 0.258535385
v 0.334131062 -0.0172546487 0.329699278
v -1.01236665 0.447505057 5.55268002
v -1.0781486 0.517754376 5.32355118
v 1.81854808 -0.826253891 3.49548459
v 1.82981539 -0.901238918 3.4815011
v -1.01465821 0.330652237 5.49770641
v -1.2013073 0.58583504 5.27944469
v -1.796826 -0.671466589 3.68061399
v -1.19848728 0.209136426 4.62705374
v -0.315634638 -0.0982213989 6.85085106
v 1.01884294 0.391772389 6.04881668
v -1.84679067 -0.773421586 3.6184051
v -1.90340984 -0.600705564 3.71183872
v -0.964923859 0.761382997 6.51515007
v -1.05854666 0.761111677 6.55232334
v -1.04448318 0.767719567 6.68279552
v 0.00107063469 0.191298589 7.42225409
v -0.166072413 0.20107615 7.46150494
v 0.0479976498 0.218433514 7.46834278
v -1.03602755 0.753631353 6.49116707
v -1.27279234 0.456643462 6.88482571
v -1.15179324 0.684594333 6.72669125
v 0.182838053 0.324785769 0.0521006584
v 0.206070915 0.417576671 0.059492588
v -0.51811558 0.266838372 5.41635513
v -0.475422889 -0.114710368 7.91164923
v -0.64003402 0.1014762 5.66171932
v -0.571292281 0.422204554 5.71161652
v 0.303689331 0.42911762 5.33656454
v 0.207129866 0.399234295 5.2372365
v 1.85169816 -0.372894645 3.05264068
v -1.86192703 -0.584237397 3.05055285
v -1.82602179 -0.492183089 3.11651039
v 0.343981236 -0.0760371536 7.252841
v 0.434550226 0.180990219 0.429049015
v -0.208496869 0.58272177 5.71422338
v 1.85321629 -0.544104576 3.26840115
v 1.70864868 -0.452383578 3.37752581
v 0.643571258 0.954517484 6.83338261
v 0.811744809 0.751002789 7.00240231
v 0.760510862 0.87254709 6.8395834
v -0.297830015 0.627776086 5.76502705
v -0.485664278 -0.408485711 0.15169239
v -0.840091288 0.803175628 6.48586559
v -0.718465269 0.86483562 6.44299173
v -0.485015184 0.954976559 6.2850647
v -0.753233969 0.895773113 6.67229319
v -0.757014751 0.872889817 6.84593678
v -0.358792871 0.868337333 6.05434752
v -0.368987441 0.940864265 6.25888729
v -0.391364038 1.04253626 6.57954216
v -0.39250508 1.03401577 6.70264482
v 1.61478674 -0.122739263 3.60984683
v -0.568834901 0.723006427 7.20382118
v -0.955274522 0.536367893 7.1052165
v -0.89177072 0.401805758 7.18249464
v -0.413101584 0.852487504 7.0776639
v -0.429034263 0.722202837 7.19099331
v 0.0998963565 0.340800822 4.46725845
v -0.333430171 -0.335979998 4.23666906
v -0.449126422 -0.341163516 4.02915096
v -0.252900898 0.139170155 0.38826704
v -1.92255485 -0.347385883 3.30497217
v -1.81551898 -0.293316603 3.23540497
v 0.522348821 0.343019426 2.19901228
v -1.15258908 0.555306792 5.20185375
v 2.02013373 -0.618113637 3.57505107
v 0.20669657 0.381293178 1.43180394
v 1.06348073 0.610823989 5.90078449
v -0.424840093 -0.124148406 8.10954094
v -0.447508246 -0.28916961 8.01489067
v -0.37743637 -0.285889268 8.17199707
v -1.8498888 -0.540748179 3.27364159
v 0.326189399 -0.0478733592 7.04026318
v -0.310581326 0.369536698 4.81216192
v 0.356882036 0.293497086 2.80070019
v -0.277019411 -0.0668322667 7.4914608
v -0.261804998 -0.37429595 7.35013485
v -0.277960837 0.0735798925 7.51180744
v 1.19891846 0.209314868 4.62582827
v 0.348240882 -0.217969552 6.72556877
v 0.36065498 -0.330503225 6.57443619
v 1.1459496 0.0386933722 5.973629
v 0.275999397 -0.0784105584 7.48955822
v 0.446177483 0.004438743 1.70984483
v -0.0881450698 0.330291212 7.55776405
v 0.136021405 -0.626626551 7.7960825
v 0.00521756429 0.32239759 4.79024935
v -0.506746769 0.231156945 2.64485359
v -0.343860835 -0.515013099 7.66791916
v 1.76200306 -0.138645619 3.70542431
v 1.54258466 0.00928607862 3.91484427
v -0.367154002 -0.39475435 7.74734449
v -0.193278983 -0.5253492 8.19069862
v -0.380207717 -0.386942387 8.13244534
v -0.31481272 -0.12901473 8.26377678
v -0.265393227 -0.290306747 8.28896523
v -0.201357722 -0.113324694 8.3344841
v 0.205010295 -0.113770291 8.33345413
v 1.72410345 0.13275896 4.66811514
v 1.73792601 -0.0360631235 4.09638834
v -0.0605839975 0.0963751897 8.31145477
v 0.104796663 0.081029743 8.30775452
v -0.11048393 0.430194855 7.86099529
v 0.000173363893 0.44608891 7.78725624
v 1.7200923 -0.390035868 3.14721727
v 0.282471508 -0.227490649 2.75937986
v 0.230022579 0.349173486 7.71771526
v 0.409062475 -0.365941584 4.39942408
v -0.0596298389 -0.738826632 7.21182251
v 1.3552525 0.16377081 5.93119621
v 0.394410431 -0.188686028 -0.0295090675
v -0.622817338 -0.307899237 0.0604419708
v 0.573277473 -0.120272972 0.00865030289
v 0.579277098 -0.105580047 0.0370879173
v 0.629637599 -0.257452965 0.0236124992
v 0.281374395 0.341967762 4.12478638
v -1.98533165 -0.750433087 3.52249622
v -1.89615321 -0.900233209 3.42324781
v 0.528177023 -0.289442956 6.64778996
v 0.491354913 -0.354385138 6.50752258
v 0.445898712 -0.0032585056 1.91548491
v 0.282552838 0.530363619 5.5961628
v -0.412341148 -0.317893982 7.81577873
v -0.419469565 -0.306598485 7.8786068
v -0.292460412 -0.0348441638 0.256570339
v 0.238280371 -0.227585778 6.69616222
v 0.0842338949 0.126709893 3.70689154
v 0.2753959 0.291197836 3.62620568
v 0.184755534 -0.121809155 6.83012676
v -1.40443087 0.484014332 5.893116
v -1.80656087 -0.30572629 3.1264534
v 0.317958623 -0.192096069 7.32598495
v -0.317435205 -0.0965557992 7.32896614
v 0.185927287 0.285788536 1.42088962
v 0.373535424 0.0162220336 1.91252756
v 0.116270117 0.811951697 6.13735199
v 0.195649013 -0.417059779 8.28038597
v 0.248496726 0.379066646 7.30181885
v 1.10737514 0.103453912 6.25058985
v 0.429034233 0.722202897 7.19099331
v -0.340284139 -0.283577621 0.159266949
v 0.254260331 0.131726488 0.382172346
v 0.218905061 0.10348466 0.252588272
v 1.04754329 -0.08790683 6.34125757
v 1.20575857 0.534598768 6.89897633
v 0.0953925774 0.230111808 7.3657732
v 0.383134842 0.0511659719 7.62438393
v 0.470058143 -0.0958612114 7.75418139
v 0.1583056 -0.521816373 8.21078014
v -0.259075999 -0.229684979 7.46010208
v 0.122078776 -0.672937691 7.41474485
v 0.147652447 -0.629343867 7.36993885
v 0.238647103 0.211465195 8.18240738
v -0.848497689 -0.225277975 6.3179059
v 0.119848147 -0.656429172 7.31142902
v 0.432049304 -0.194783539 2.50370026
v 0.366752207 0.519461274 0.193356991
v 0.305874497 0.437610388 0.766135931
v -1.81854784 -0.82625401 3.49548483
v 0.637135565 0.267401934 1.32174993
v 1.10877073 0.124409154 5.3930521
v -0.222220048 0.230206445 0.362417459
v 1.90742517 -0.790171087 2.94132519
v 1.95499575 -0.74210304 3.0087595
v 1.92756724 -0.681427479 3.14286494
v 0.201322868 0.242444828 3.44167733
v 1.30067217 0.0283787176 5.70972729
v 0.2538715 0.222484171 0.467414856
v 0.104252927 0.140639693 3.46531677
v -0.00228336104 -0.138970941 6.75893879
v 0.486024529 -0.234830886 5.09736729
v 0.586224496 -0.199256256 4.58550167
v 0.586937368 0.249261841 4.40824747
v -0.281374484 0.341967762 4.12478638
v 0.550466776 0.199837178 4.90362597
v 0.33550635 0.154817194 8.11426163
v 0.65042913 -0.0765255615 4.13579702
v 0.599242091 -0.190382153 4.11369228
v 0.362122327 0.352304041 2.16709971
v 0.448011696 0.376753807 2.21214271
v 0.455711484 0.559907615 1.84102964
v 0.208343625 0.368934691 1.82351065
v 0.267706156 0.204406172 2.15711427
v 0.557094991 0.182919443 2.62275505
v 0.552788854 0.44759047 1.97704625
v 0.153650358 0.15049383 3.05367851
v 0.211263463 0.169983625 2.71466494
v -0.205154598 0.415758848 0.0591573715
v -0.466439784 -0.250913501 7.75834942
v 0.510409117 -0.0314557552 2.12513494
v -1.70983791 -0.446382165 3.34306884
v 0.314978987 0.0551967286 1.97051477
v 0.338845789 0.0410101898 1.73338175
v -0.686921477 0.491063356 5.95410872
v 0.0811126903 -0.105592579 3.71870017
v -2.01490641 -0.62394464 3.17017746
v 0.652365208 0.162297875 2.87197256
v 0.714350164 -0.117638893 3.80266833
v 0.670888007 -0.266475856 3.49140048
v 0.330272764 -0.314244866 0.0529065132
v 0.863567531 0.222441494 6.05411005
v 0.505210757 -0.18024902 5.33352184
v -0.252851158 0.0480463058 8.26300335
v 1.08178914 -0.0419618152 6.76217461
v 1.13123739 0.0304817054 6.78333044
v 1.46356571 -0.125206023 4.06427479
v -0.716486156 0.0307770539 3.87716532
v 0.549754977 -0.109291568 0.140474796
v 0.836180568 0.80314672 6.47840881
v 0.271955371 0.501797438 0.0459766388
v 0.265319169 -0.00942656863 0.16367197
v 1.04469526 0.558685303 5.62156391
v 0.574102044 -0.109963097 0.0946435928
v 0.623220205 -0.278593481 0.0749845505
v 0.491237193 -0.448488116 0.0214157104
v -0.501595438 0.283029556 0.211402893
v -0.291206211 -0.398725331 7.48537445
v -0.201613948 -0.43964839 5.28042412
v 0.373925 0.197348759 -0.0348887444
v 0.45489502 0.186872035 -0.0276346207
v 0.517391801 -0.134477481 -0.0234217644
v 0.385360092 0.366829932 -0.0201015472
v 0.188613549 0.161742166 0.141317844
v 0.218055755 0.439741611 0.161685467
v -0.195478544 0.365045726 4.61901379
v -1.24721086 0.124463618 6.71865273
v 2.01490617 -0.623943806 3.17017794
v 0.33343029 -0.335979998 4.23666906
v 1.13163602 0.282671094 6.98887444
v 1.51148832 -0.189333081 4.07989454
v 1.51886165 -0.188256651 4.28874636
v 0.563848555 0.523043215 1.77919984
v 0.317208499 0.178474739 7.60477638
v 1.64831042 0.324914694 4.92041874
v 1.67460608 0.263163805 4.97923851
v 1.49095368 0.434108555 4.83231163
v 1.49281096 0.448880613 5.08423615
v 1.58164024 0.380959332 4.86831617
v 1.82187641 -0.658335924 3.52719259
v 0.685636163 0.811647654 6.30213499
v 1.17317903 0.136023194 5.13075972
v 1.66068232 0.15039511 4.96704721
v 0.331929773 0.170734003 1.02341866
v -1.35643232 0.318517685 6.0952754
v 2.02507377 -0.552426636 3.42555499
v 0.375770688 0.00358978822 0.334587336
v -1.95518506 -0.671311677 3.34391308
v 1.25275862 0.0823295191 5.99664593
v -0.42741558 0.451566517 0.0597734451
v 1.3725549 0.502447069 5.34501648
v 1.29048419 0.211127341 6.79533291
v 0.463877201 -0.331639051 2.74621058
v 0.181915924 0.18021889 7.44685173
v 1.22675323 0.218213305 6.87908077
v 1.1900475 0.113431901 6.82074165
v -1.94418943 -0.716362298 3.62241197
v 0.502671063 0.516114771 5.72021294
v -1.35833776 0.15824905 5.9124155
v 0.726891994 0.85800606 6.43710041
v 0.485015184 0.954976559 6.2850647
v -1.92190409 -0.640601575 2.98674059
v -1.77913034 -0.45324254 3.20659256
v 1.98195863 -0.511198223 3.66004872
v -0.484241873 -0.441363454 0.109731197
v -0.238562018 -0.274502516 4.12440109
v -0.100573853 -0.3448838 4.14053106
v 0.119940095 -0.258275747 4.08274126
v 0.238562107 -0.274502456 4.12440109
v 0.434615225 -0.370525122 7.89218807
v -0.643884301 -0.256171107 6.08026838
v -0.266030699 -0.0117091965 0.172057629
v -1.97269976 -0.688805401 3.05374765
v 1.98533177 -0.750432849 3.52249599
v -0.863567591 0.222441435 6.05411005
v 0.520925403 1.03471541 6.44687271
v -2.01831484 -0.751576424 3.11201
v -0.80479002 -0.139459953 6.17933607
v 1.23299766 0.0895739347 6.6443224
v -0.325172544 0.403055072 4.4655261
v 0.422157705 0.0519515201 0.334489584
v 1.0878967 0.0517665409 6.27821159
v 0.804811239 -0.139448389 6.17934561
v -0.482416213 -0.258136868 5.46168947
v -0.197249204 0.170943439 0.0671677589
v 1.94133651 -0.657073379 3.33995295
v 0.355248839 0.938254178 6.25572109
v 1.97270036 -0.688804626 3.05374789
v 1.99989831 -0.599748731 3.16079235
v 1.91155791 -0.705052912 2.95474815
v 0.58564806 0.420516908 5.73662806
v -1.33001912 0.419237018 4.75513983
v -0.370858043 0.427681744 0.463096619
v -0.570196748 0.746104538 6.00830173
v 0.455241203 -0.289117932 5.43287945
v -0.296974242 0.262633741 7.33103561
v -0.463101655 -0.391651928 -0.0355539322
v 0.750709653 0.897816539 6.6756568
v 0.251109034 -0.400571883 7.41423559

# 1947 UV coordinates
vt 0.618663669 0.210529834 0
vt 0.6180951 0.191730618 0
vt 0.633173823 0.213065892 0
vt 0.321620822 0.678746581 0
vt 0.328309953 0.656734705 0
vt 0.343357682 0.655490935 0
vt 0.346763432 0.0696762428 0
vt 0.324513793 0.0731365308 0
vt 0.323933452 0.0627879575 0
vt 0.361222893 0.0571615957 0
vt 0.302617222 0.0629540011 0
vt 0.303048193 0.0590611063 0
vt 0.164008468 0.319597512 0
vt 0.143914759 0.320525765 0
vt 0.158443362 0.29180479 0
vt 0.270833462 0.366721332 0
vt 0.266851932 0.369828165 0
vt 0.255267143 0.35882175 0
vt 0.283927619 0.406114161 0
vt 0.273059815 0.418612003 0
vt 0.267434061 0.405634761 0
vt 0.324974746 0.118962578 0
vt 0.30030182 0.116633303 0
vt 0.300101697 0.113084935 0
vt 0.325407296 0.114138119 0
vt 0.282607168 0.241061047 0
vt 0.275915712 0.228000939 0
vt 0.291121453 0.229032487 0
vt 0.279081762 0.957725763 0
vt 0.256537467 0.92236352 0
vt 0.288396895 0.924333155 0
vt 0.454582363 0.588937104 0
vt 0.46603334 0.603247762 0
vt 0.468684673 0.629944086 0
vt 0.32597357 0.0992220268 0
vt 0.299072981 0.0992807522 0
vt 0.324949026 0.0918861553 0
vt 0.37801367 0.0925094709 0
vt 0.407257169 0.0959454849 0
vt 0.403569013 0.102355964 0
vt 0.377675414 0.0973494723 0
vt 0.432706445 0.137198225 0
vt 0.455069005 0.151898891 0
vt 0.425687015 0.142731085 0
vt 0.60354811 0.218614638 0
vt 0.602808833 0.233481735 0
vt 0.595782638 0.226868093 0
vt 0.612677395 0.0424394235 0
vt 0.612675071 0.0235488266 0
vt 0.621811628 0.0260641947 0
vt 0.626757026 0.050222829 0
vt 0.0870447084 0.640938759 0
vt 0.084546648 0.599619865 0
vt 0.0983100384 0.598257422 0
vt 0.101608329 0.65663445 0
vt 0.604832292 0.402110904 0
vt 0.562172294 0.424245536 0
vt 0.595100343 0.395056516 0
vt 0.260344982 0.241486594 0
vt 0.250428438 0.233879924 0
vt 0.699605227 0.0908519998 0
vt 0.669115543 0.0915579572 0
vt 0.667368889 0.078297995 0
vt 0.142626226 0.595847964 0
vt 0.158473462 0.555434346 0
vt 0.166300669 0.581050098 0
vt 0.812550366 0.792258024 0
vt 0.828506768 0.796413064 0
vt 0.829472601 0.823649526 0
vt 0.172394782 0.550991535 0
vt 0.430762082 0.0751296654 0
vt 0.448072225 0.0692700818 0
vt 0.49229598 0.0777978823 0
vt 0.618574321 0.936335087 0
vt 0.607241273 0.947727919 0
vt 0.613731861 0.92870152 0
vt 0.81713587 0.375326991 0
vt 0.822513461 0.343559742 0
vt 0.830180347 0.350352287 0
vt 0.683975935 0.449825913 0
vt 0.689459443 0.462381244 0
vt 0.678554833 0.460256577 0
vt 0.442710698 0.165708706 0
vt 0.460972786 0.1713292 0
vt 0.44975248 0.176728398 0
vt 0.427089125 0.170365021 0
vt 0.440095693 0.0529727861 0
vt 0.441053331 0.0458387956 0
vt 0.466647148 0.0485328957 0
vt 0.469989359 0.0556896478 0
vt 0.421477616 0.127201736 0
vt 0.405716181 0.131923229 0
vt 0.405312359 0.125571415 0
vt 0.447293013 0.0991957709 0
vt 0.488239169 0.103547059 0
vt 0.48947522 0.113144301 0
vt 0.462038279 0.109355263 0
vt 0.323858857 0.0804674402 0
vt 0.349393904 0.0761613473 0
vt 0.347444236 0.0816098377 0
vt 0.511861026 0.0467728227 0
vt 0.545388162 0.028112933 0
vt 0.565170348 0.0398914665 0
vt 0.578706861 0.161276594 0
vt 0.574006021 0.171261057 0
vt 0.542763531 0.163443774 0
vt 0.543014526 0.153870434 0
vt 0.34893778 0.722431481 0
vt 0.326980621 0.698008239 0
vt 0.34923631 0.687510371 0
vt 0.812292159 0.763023615 0
vt 0.834356904 0.774792135 0
vt 0.57362324 0.0898041949 0
vt 0.543920636 0.0884834304 0
vt 0.542215228 0.0800885484 0
vt 0.57006377 0.080539383 0
vt 0.197394118 0.745972693 0
vt 0.200229391 0.673105955 0
vt 0.222381338 0.67263341 0
vt 0.21461916 0.745805085 0
vt 0.232100576 0.746162474 0
vt 0.169056162 0.679192781 0
vt 0.143859893 0.673456609 0
vt 0.166630462 0.627466321 0
vt 0.230312437 0.569170773 0
vt 0.206018567 0.565734982 0
vt 0.227996528 0.536240757 0
vt 0.27856341 0.396907449 0
vt 0.293528855 0.3918657 0
vt 0.113437623 0.836810112 0
vt 0.101662531 0.838585436 0
vt 0.143666893 0.784307659 0
vt 0.159433484 0.80199635 0
vt 0.125199273 0.772195041 0
vt 0.15284279 0.707608581 0
vt 0.301441699 0.0671730265 0
vt 0.299176872 0.0718569085 0
vt 0.289102972 0.0675530061 0
vt 0.272550642 0.113908164 0
vt 0.266546279 0.101359539 0
vt 0.272661686 0.103256278 0
vt 0.162161499 0.773150742 0
vt 0.360851526 0.780247986 0
vt 0.330836177 0.775009274 0
vt 0.315038145 0.732596457 0
vt 0.277478158 0.117944263 0
vt 0.282830805 0.117060207 0
vt 0.283195019 0.119248368 0
vt 0.277310312 0.0952555612 0
vt 0.27117908 0.0873657838 0
vt 0.278655529 0.0843821838 0
vt 0.291666865 0.0925440863 0
vt 0.412445992 0.51148665 0
vt 0.411471009 0.520053804 0
vt 0.398855239 0.534145236 0
vt 0.298100531 0.0885629877 0
vt 0.29342556 0.0795266405 0
vt 0.737177849 0.283056378 0
vt 0.73201108 0.283670068 0
vt 0.728559136 0.274447739 0
vt 0.264016598 0.0765211508 0
vt 0.261464477 0.0816057846 0
vt 0.250377476 0.0772482082 0
vt 0.574178815 0.572392225 0
vt 0.573576033 0.577460527 0
vt 0.573023796 0.570554733 0
vt 0.452110827 0.548742652 0
vt 0.467316151 0.553367257 0
vt 0.483894318 0.566826701 0
vt 0.444550931 0.500876129 0
vt 0.449883908 0.509197354 0
vt 0.437690169 0.516245425 0
vt 0.719754159 0.773463607 0
vt 0.68354553 0.756653249 0
vt 0.699722409 0.730742872 0
vt 0.252072692 0.0606232844 0
vt 0.255628943 0.0628895089 0
vt 0.25092563 0.0619486831 0
vt 0.269572943 0.379331321 0
vt 0.281652391 0.383624345 0
vt 0.26743114 0.390744567 0
vt 0.763186514 0.0365364552 0
vt 0.728659928 0.0291924477 0
vt 0.762453616 0.0300359726 0
vt 0.590302706 0.563624799 0
vt 0.586757064 0.565148771 0
vt 0.58328402 0.562112927 0
vt 0.0772038102 0.944059908 0
vt 0.0816963613 0.926226616 0
vt 0.118948609 0.936333895 0
vt 0.749832332 0.510745525 0
vt 0.732865453 0.53543669 0
vt 0.745214641 0.507236123 0
vt 0.711079419 0.0341045856 0
vt 0.703213036 0.0327664614 0
vt 0.708044231 0.0268609524 0
vt 0.714359581 0.0268609524 0
vt 0.749904692 0.0664285421 0
vt 0.714128554 0.0633575916 0
vt 0.72683388 0.0580368042 0
vt 0.541373491 0.427566051 0
vt 0.550625265 0.418641746 0
vt 0.566064835 0.831114769 0
vt 0.56646657 0.843496323 0
vt 0.554478645 0.832279682 0
vt 0.738486469 0.311334729 0
vt 0.734587431 0.307197452 0
vt 0.74040997 0.309758902 0
vt 0.282065749 0.115047924 0
vt 0.291881174 0.111374475 0
vt 0.289957166 0.115216784 0
vt 0.815957367 0.867956221 0
vt 0.856849134 0.862674594 0
vt 0.830236197 0.88218379 0
vt 0.866206288 0.132764563 0
vt 0.878270626 0.109348148 0
vt 0.872806668 0.134388342 0
vt 0.136803463 0.920998216 0
vt 0.16493623 0.922663569 0
vt 0.155510366 0.941117883 0
vt 0.0861944333 0.223288924 0
vt 0.0656949803 0.219455451 0
vt 0.0699793026 0.182285637 0
vt 0.0903304145 0.188047096 0
vt 0.11221581 0.164859712 0
vt 0.0980733559 0.143720508 0
vt 0.749685526 0.897214949 0
vt 0.748625517 0.919599175 0
vt 0.723183036 0.912773252 0
vt 0.225136414 0.307108879 0
vt 0.216973707 0.31758824 0
vt 0.210843116 0.306865931 0
vt 0.130738109 0.336830497 0
vt 0.125151992 0.323116571 0
vt 0.230263919 0.522905946 0
vt 0.243983462 0.544207931 0
vt 0.632818937 0.286526054 0
vt 0.680166066 0.2629475 0
vt 0.675881267 0.274454921 0
vt 0.638984919 0.291978121 0
vt 0.563191116 0.945169628 0
vt 0.561958253 0.92981112 0
vt 0.57122153 0.94117856 0
vt 0.701482475 0.265686542 0
vt 0.699689746 0.263490856 0
vt 0.652495742 0.303061366 0
vt 0.682101607 0.28321445 0
vt 0.676536083 0.292228013 0
vt 0.334256351 0.854963183 0
vt 0.357779086 0.857126594 0
vt 0.350986511 0.872948289 0
vt 0.0151138278 0.775183916 0
vt 0.0375513546 0.786646187 0
vt 0.0316983424 0.792548299 0
vt 0.310771763 0.882356167 0
vt 0.298646122 0.851827323 0
vt 0.341597974 0.88049072 0
vt 0.560374558 0.375230312 0
vt 0.546052694 0.38285017 0
vt 0.546294808 0.373143643 0
vt 0.206080377 0.343382478 0
vt 0.231386214 0.349344939 0
vt 0.208361 0.350205511 0
vt 0.661229372 0.331000179 0
vt 0.693435073 0.308787644 0
vt 0.698245227 0.316442847 0
vt 0.666681767 0.338037729 0
vt 0.552260876 0.944405556 0
vt 0.540406764 0.932433903 0
vt 0.551970601 0.930992186 0
vt 0.700752914 0.320875496 0
vt 0.707958877 0.31747973 0
vt 0.532375634 0.418303311 0
vt 0.542869329 0.409792721 0
vt 0.423193812 0.460859597 0
vt 0.442144275 0.458489656 0
vt 0.465418398 0.466241777 0
vt 0.873869479 0.213549137 0
vt 0.872566342 0.187096134 0
vt 0.886719525 0.189116672 0
vt 0.685109019 0.344265252 0
vt 0.706349909 0.328385621 0
vt 0.70930618 0.330668509 0
vt 0.688143492 0.34641248 0
vt 0.423763067 0.744479597 0
vt 0.410445154 0.756772101 0
vt 0.409579396 0.736963212 0
vt 0.705457509 0.0552121401 0
vt 0.701192677 0.0590654612 0
vt 0.697015703 0.0537573099 0
vt 0.406831533 0.745809376 0
vt 0.569432855 0.449973345 0
vt 0.586459637 0.43349719 0
vt 0.586793721 0.445790946 0
vt 0.609068692 0.745384097 0
vt 0.608945131 0.670899212 0
vt 0.614493906 0.688341975 0
vt 0.624297857 0.413139611 0
vt 0.616007328 0.407758981 0
vt 0.604941666 0.447426468 0
vt 0.601391494 0.432770163 0
vt 0.463385671 0.442870229 0
vt 0.450065792 0.453099966 0
vt 0.432856917 0.450660944 0
vt 0.449699372 0.436382949 0
vt 0.486530721 0.456083 0
vt 0.50703305 0.452433527 0
vt 0.485562265 0.467910469 0
vt 0.343721032 0.273480892 0
vt 0.346342564 0.259199291 0
vt 0.364564419 0.265662253 0
vt 0.880218208 0.086958304 0
vt 0.876156151 0.0799998939 0
vt 0.879522145 0.0812629908 0
vt 0.756119132 0.85358268 0
vt 0.769765377 0.851506948 0
vt 0.770571828 0.863524735 0
vt 0.496132642 0.503647983 0
vt 0.495736569 0.519764125 0
vt 0.488101542 0.526284695 0
vt 0.509552002 0.510740936 0
vt 0.507248282 0.517929852 0
vt 0.630151629 0.223229051 0
vt 0.609312952 0.228443652 0
vt 0.554519653 0.743789077 0
vt 0.555829763 0.685891271 0
vt 0.566792309 0.715650737 0
vt 0.206397474 0.430797219 0
vt 0.199095041 0.40759629 0
vt 0.216654897 0.397513568 0
vt 0.584945619 0.719669878 0
vt 0.59159869 0.667432547 0
vt 0.600539565 0.705653012 0
vt 0.523261011 0.335507393 0
vt 0.532656193 0.345167518 0
vt 0.51217252 0.354014605 0
vt 0.566541612 0.332702905 0
vt 0.527371049 0.356003344 0
vt 0.118031017 0.880622029 0
vt 0.116869219 0.865022302 0
vt 0.144462094 0.846932232 0
vt 0.905925155 0.770922482 0
vt 0.898180246 0.789840162 0
vt 0.88089031 0.780741453 0
vt 0.95268333 0.051488407 0
vt 0.948805571 0.0649926513 0
vt 0.944409013 0.052818194 0
vt 0.430241227 0.499379575 0
vt 0.441277087 0.491383314 0
vt 0.279518306 0.364398867 0
vt 0.262879968 0.353492022 0
vt 0.822016716 0.289745688 0
vt 0.817213893 0.276130438 0
vt 0.827370882 0.252084792 0
vt 0.550052285 0.593775809 0
vt 0.555046618 0.603192747 0
vt 0.551198363 0.601705194 0
vt 0.575649738 0.578591764 0
vt 0.576876223 0.577408314 0
vt 0.578684509 0.579544485 0
vt 0.327610701 0.311762869 0
vt 0.331629932 0.292261481 0
vt 0.349084139 0.307649612 0
vt 0.712169766 0.803759336 0
vt 0.695546031 0.817643464 0
vt 0.685637593 0.791625321 0
vt 0.565373421 0.960976362 0
vt 0.0712829977 0.700460374 0
vt 0.0842161924 0.678748608 0
vt 0.110091187 0.676100791 0
vt 0.103196412 0.693788886 0
vt 0.617578208 0.949847698 0
vt 0.812196195 0.648733675 0
vt 0.812644601 0.679219842 0
vt 0.783064246 0.670225024 0
vt 0.243014306 0.34650138 0
vt 0.248203442 0.35976854 0
vt 0.14960207 0.334082395 0
vt 0.140113562 0.355772257 0
vt 0.850548267 0.694568872 0
vt 0.85485673 0.658341348 0
vt 0.866516411 0.656418979 0
vt 0.865647435 0.698461235 0
vt 0.443890244 0.405571699 0
vt 0.433566988 0.410821855 0
vt 0.428839535 0.401401997 0
vt 0.437536359 0.397163332 0
vt 0.175887495 0.317125678 0
vt 0.189579546 0.311561733 0
vt 0.185732722 0.319713205 0
vt 0.727132857 0.486111015 0
vt 0.728333175 0.498510689 0
vt 0.700939298 0.516636252 0
vt 0.884366453 0.83240056 0
vt 0.871715724 0.830070019 0
vt 0.87069726 0.812621355 0
vt 0.885630071 0.810972214 0
vt 0.403390169 0.704482973 0
vt 0.396936715 0.717097521 0
vt 0.727806747 0.0371943712 0
vt 0.813780546 0.85037142 0
vt 0.829628348 0.84881407 0
vt 0.857679725 0.849943638 0
vt 0.871520996 0.851157367 0
vt 0.898754179 0.914438128 0
vt 0.902659237 0.934213817 0
vt 0.882601619 0.943281829 0
vt 0.880640924 0.919236898 0
vt 0.864820063 0.918239594 0
vt 0.863329649 0.938979089 0
vt 0.715090692 0.262363136 0
vt 0.71825248 0.258507133 0
vt 0.717855573 0.279787332 0
vt 0.709569931 0.279992402 0
vt 0.70558244 0.271832287 0
vt 0.713676095 0.270413637 0
vt 0.273508668 0.585926414 0
vt 0.260329425 0.58282268 0
vt 0.258023918 0.550578237 0
vt 0.734920681 0.292541862 0
vt 0.719111443 0.296025723 0
vt 0.727997899 0.290595114 0
vt 0.735287964 0.299033642 0
vt 0.732720613 0.301927149 0
vt 0.729432702 0.301085711 0
vt 0.307975471 0.789435506 0
vt 0.298814654 0.741175175 0
vt 0.302012473 0.409159124 0
vt 0.315158278 0.39192155 0
vt 0.613006115 0.832265019 0
vt 0.613872588 0.798678815 0
vt 0.620420992 0.790894151 0
vt 0.415820777 0.693789065 0
vt 0.411942661 0.710986316 0
vt 0.411564559 0.698619127 0
vt 0.842571199 0.236453697 0
vt 0.844176352 0.215292424 0
vt 0.851619005 0.214263856 0
vt 0.401324868 0.163395435 0
vt 0.373702765 0.146814078 0
vt 0.40228951 0.152462021 0
vt 0.785541594 0.04946661 0
vt 0.76284343 0.0439571142 0
vt 0.227714464 0.225214005 0
vt 0.200396806 0.235640466 0
vt 0.164797798 0.239521459 0
vt 0.17927742 0.221737534 0
vt 0.846472383 0.154944867 0
vt 0.8557868 0.130306527 0
vt 0.85174787 0.154915705 0
vt 0.0782482997 0.289492071 0
vt 0.0892502144 0.295058429 0
vt 0.0789494589 0.303827763 0
vt 0.672934115 0.376744986 0
vt 0.693425059 0.352004468 0
vt 0.707770109 0.347648025 0
vt 0.252494127 0.349629998 0
vt 0.255185962 0.334466338 0
vt 0.20225364 0.333700806 0
vt 0.229543403 0.343928277 0
vt 0.200494677 0.33860299 0
vt 0.57887578 0.833914757 0
vt 0.577553689 0.848012865 0
vt 0.272946388 0.632212818 0
vt 0.288195938 0.578078032 0
vt 0.247531906 0.312209249 0
vt 0.237614021 0.309091836 0
vt 0.234385848 0.300507158 0
vt 0.209170118 0.367834747 0
vt 0.20315519 0.362481296 0
vt 0.210395932 0.355210304 0
vt 0.221213147 0.352963448 0
vt 0.157499611 0.4202438 0
vt 0.181613952 0.405471563 0
vt 0.183534294 0.427861005 0
vt 0.494206399 0.403094649 0
vt 0.470282584 0.422274917 0
vt 0.47197029 0.411505967 0
vt 0.279266626 0.450725973 0
vt 0.266615957 0.475157529 0
vt 0.250919193 0.448839992 0
vt 0.263819158 0.427461803 0
vt 0.0871811584 0.386551678 0
vt 0.100856252 0.39175117 0
vt 0.087278612 0.404689968 0
vt 0.963163614 0.12732093 0
vt 0.949803472 0.133587673 0
vt 0.947992206 0.12437062 0
vt 0.070671685 0.397844136 0
vt 0.176026806 0.326557547 0
vt 0.390699744 0.489382982 0
vt 0.406648397 0.502918303 0
vt 0.375912964 0.505887687 0
vt 0.234005213 0.240307599 0
vt 0.252180815 0.249209002 0
vt 0.308789521 0.373461425 0
vt 0.299609125 0.369393677 0
vt 0.304150999 0.361416459 0
vt 0.541419029 0.826349318 0
vt 0.545390785 0.803694487 0
vt 0.557383358 0.806752086 0
vt 0.189592183 0.30355671 0
vt 0.214896843 0.298860162 0
vt 0.241279468 0.275868386 0
vt 0.227564394 0.28166762 0
vt 0.230422974 0.270286143 0
vt 0.941065729 0.476140857 0
vt 0.924453139 0.444212675 0
vt 0.944958746 0.448920429 0
vt 0.12201485 0.357061803 0
vt 0.131569371 0.375728846 0
vt 0.112793438 0.379736722 0
vt 0.109826081 0.367280573 0
vt 0.404679477 0.118238963 0
vt 0.37950179 0.113507591 0
vt 0.378679216 0.105416752 0
vt 0.244376853 0.802073717 0
vt 0.213248864 0.797390878 0
vt 0.224597022 0.777707458 0
vt 0.617711544 0.583711386 0
vt 0.617391527 0.593199015 0
vt 0.613516331 0.581713378 0
vt 0.621682644 0.894552886 0
vt 0.616492808 0.911114275 0
vt 0.60988158 0.910747588 0
vt 0.394113481 0.262655407 0
vt 0.393419981 0.250621736 0
vt 0.404101551 0.246913508 0
vt 0.403906494 0.27062726 0
vt 0.953029633 0.756669164 0
vt 0.945929229 0.771299541 0
vt 0.922118664 0.7741763 0
vt 0.567017555 0.49097538 0
vt 0.60044837 0.485700428 0
vt 0.576648891 0.498506546 0
vt 0.712373555 0.0488243103 0
vt 0.787889421 0.717567086 0
vt 0.811855733 0.731740534 0
vt 0.793679297 0.752892733 0
vt 0.797089934 0.807555318 0
vt 0.813374877 0.824679732 0
vt 0.505565286 0.422849536 0
vt 0.489440799 0.438283682 0
vt 0.478266478 0.430468529 0
vt 0.798664212 0.859723806 0
vt 0.520550191 0.128237858 0
vt 0.525497913 0.139741212 0
vt 0.49171114 0.132152095 0
vt 0.788874447 0.916617513 0
vt 0.814779878 0.905987561 0
vt 0.817483187 0.926897585 0
vt 0.588416874 0.461676836 0
vt 0.313503742 0.239874005 0
vt 0.308413029 0.225934401 0
vt 0.347237021 0.243481904 0
vt 0.597705841 0.969032764 0
vt 0.594319105 0.956499338 0
vt 0.607841849 0.96389091 0
vt 0.263196975 0.317319959 0
vt 0.247845605 0.304608077 0
vt 0.266401976 0.310525179 0
vt 0.928769648 0.431962788 0
vt 0.955401301 0.433345437 0
vt 0.243173718 0.384196132 0
vt 0.233496979 0.360915452 0
vt 0.0522238389 0.341783226 0
vt 0.0685407296 0.349709928 0
vt 0.0533161089 0.351392567 0
vt 0.714807391 0.461305469 0
vt 0.710650086 0.467714518 0
vt 0.712912202 0.461757243 0
vt 0.259181023 0.28982982 0
vt 0.257310957 0.278885037 0
vt 0.276342034 0.286185086 0
vt 0.767495155 0.42803973 0
vt 0.750628889 0.419553041 0
vt 0.750215054 0.410756469 0
vt 0.60277766 0.836371541 0
vt 0.587404132 0.857171178 0
vt 0.591229141 0.83654511 0
vt 0.900384426 0.133756414 0
vt 0.898088038 0.111035794 0
vt 0.900843203 0.110466883 0
vt 0.905575812 0.131658956 0
vt 0.883013427 0.135438129 0
vt 0.885595441 0.109638453 0
vt 0.888815463 0.110148937 0
vt 0.887157142 0.135316744 0
vt 0.814266264 0.615760565 0
vt 0.842207193 0.656043947 0
vt 0.643401027 0.167670444 0
vt 0.656388521 0.156676769 0
vt 0.658899605 0.168734133 0
vt 0.861613989 0.136101782 0
vt 0.868366241 0.104906529 0
vt 0.871940672 0.107687727 0
vt 0.882584929 0.101425648 0
vt 0.875803709 0.100227311 0
vt 0.846458495 0.128857449 0
vt 0.848223746 0.10384585 0
vt 0.852711499 0.10210155 0
vt 0.851671517 0.12824364 0
vt 0.924269736 0.417074382 0
vt 0.91311878 0.429960549 0
vt 0.911554754 0.402666271 0
vt 0.89942795 0.436105371 0
vt 0.213183478 0.189915389 0
vt 0.202136993 0.20225808 0
vt 0.161590442 0.197592795 0
vt 0.313804001 0.651776373 0
vt 0.318547726 0.590535164 0
vt 0.3323735 0.603452981 0
vt 0.52805531 0.390854716 0
vt 0.862132311 0.360738337 0
vt 0.873981178 0.359178543 0
vt 0.874041975 0.395200014 0
vt 0.279720902 0.0722609535 0
vt 0.280693471 0.068879582 0
vt 0.296697676 0.0759910569 0
vt 0.573929191 0.429692954 0
vt 0.908263147 0.271612465 0
vt 0.911775589 0.293529123 0
vt 0.90041697 0.307918251 0
vt 0.898540556 0.280606925 0
vt 0.887784123 0.276333094 0
vt 0.891417146 0.30625087 0
vt 0.926755786 0.294904888 0
vt 0.927147269 0.277773619 0
vt 0.933711767 0.266826093 0
vt 0.939145982 0.300942242 0
vt 0.793254018 0.31242305 0
vt 0.786653161 0.29461813 0
vt 0.804256201 0.263751984 0
vt 0.811849117 0.25843668 0
vt 0.859084189 0.213945761 0
vt 0.866239369 0.211772889 0
vt 0.864975154 0.228300318 0
vt 0.811845601 0.234166101 0
vt 0.804676831 0.236348659 0
vt 0.800992787 0.213848278 0
vt 0.811196685 0.212171227 0
vt 0.776356161 0.364852428 0
vt 0.757459641 0.373186767 0
vt 0.767685473 0.343229234 0
vt 0.18575561 0.798538983 0
vt 0.190791503 0.778710842 0
vt 0.895893216 0.339308918 0
vt 0.904943764 0.337682068 0
vt 0.908043861 0.368727505 0
vt 0.898494244 0.375591874 0
vt 0.304990739 0.951593697 0
vt 0.31849888 0.923358321 0
vt 0.334756792 0.953594506 0
vt 0.849104166 0.385141492 0
vt 0.861682951 0.41608882 0
vt 0.518499553 0.0787560269 0
vt 0.518555582 0.0861629769 0
vt 0.281220704 0.315807879 0
vt 0.323914856 0.356794596 0
vt 0.318190038 0.32703051 0
vt 0.340529412 0.33769232 0
vt 0.639600635 0.887212634 0
vt 0.630189121 0.894563079 0
vt 0.526309669 0.206631988 0
vt 0.481094122 0.187664628 0
vt 0.496951878 0.182899073 0
vt 0.360989273 0.874955177 0
vt 0.243320256 0.422332942 0
vt 0.256335497 0.907183588 0
vt 0.276613563 0.886018872 0
vt 0.298051447 0.894227564 0
vt 0.519694388 0.822099805 0
vt 0.528034508 0.784430563 0
vt 0.534594297 0.798116744 0
vt 0.90999651 0.445218444 0
vt 0.739287615 0.26027751 0
vt 0.72582525 0.26420635 0
vt 0.85114044 0.0725358427 0
vt 0.848298788 0.0724567026 0
vt 0.849122941 0.0631344467 0
vt 0.845343709 0.0702608973 0
vt 0.410921514 0.647047281 0
vt 0.414731175 0.64193213 0
vt 0.409260124 0.685688436 0
vt 0.213890091 0.852722406 0
vt 0.16542387 0.863651037 0
vt 0.169225812 0.839885294 0
vt 0.304280192 0.260073364 0
vt 0.297570318 0.240929097 0
vt 0.895538032 0.461343229 0
vt 0.882421851 0.472545445 0
vt 0.886283755 0.442587376 0
vt 0.338153362 0.984683454 0
vt 0.292157292 0.977960646 0
vt 0.348726153 0.960822701 0
vt 0.850978255 0.0580652505 0
vt 0.851847291 0.0603027046 0
vt 0.849350572 0.059896335 0
vt 0.822100878 0.0947791487 0
vt 0.825989842 0.0908800364 0
vt 0.834767759 0.0986106843 0
vt 0.951301217 0.139196187 0
vt 0.942097187 0.138157547 0
vt 0.5783481 0.0237339437 0
vt 0.877587497 0.0756078809 0
vt 0.927166462 0.349522591 0
vt 0.920298576 0.382910192 0
vt 0.916534662 0.35744822 0
vt 0.300146401 0.0819241628 0
vt 0.0815881938 0.663032949 0
vt 0.948690176 0.0837517753 0
vt 0.941699982 0.0812590793 0
vt 0.941920996 0.0669814423 0
vt 0.82643342 0.0847848952 0
vt 0.823068619 0.0823877752 0
vt 0.828265011 0.0776534826 0
vt 0.832783997 0.0789167732 0
vt 0.89585954 0.0940685719 0
vt 0.893929124 0.102204755 0
vt 0.891736269 0.100494012 0
vt 0.893829703 0.0935253501 0
vt 0.88756156 0.0909801126 0
vt 0.350964129 0.903152049 0
vt 0.371011883 0.918319464 0
vt 0.486635923 0.0704052523 0
vt 0.469734251 0.0633234903 0
vt 0.506998897 0.0606091134 0
vt 0.605816424 0.178549662 0
vt 0.605151415 0.193239048 0
vt 0.622958362 0.65278244 0
vt 0.622446477 0.618625343 0
vt 0.628715694 0.658527672 0
vt 0.689045846 0.518597007 0
vt 0.699516833 0.547681272 0
vt 0.682118475 0.54797709 0
vt 0.672055006 0.508702815 0
vt 0.586774826 0.389416993 0
vt 0.613500834 0.372205585 0
vt 0.627218068 0.373831272 0
vt 0.601751626 0.629391909 0
vt 0.608884811 0.613390684 0
vt 0.708060205 0.692281723 0
vt 0.712390006 0.649645925 0
vt 0.727333903 0.660837293 0
vt 0.59296608 0.93938446 0
vt 0.609529674 0.928174317 0
vt 0.615823448 0.757940173 0
vt 0.615870237 0.776094079 0
vt 0.609639347 0.777950943 0
vt 0.609239936 0.763125122 0
vt 0.574161053 0.655639112 0
vt 0.571599305 0.621607125 0
vt 0.577296734 0.622469783 0
vt 0.354054958 0.431308091 0
vt 0.343358338 0.439130664 0
vt 0.337886631 0.416143894 0
vt 0.743421555 0.272840112 0
vt 0.744056344 0.277136773 0
vt 0.737578392 0.273183405 0
vt 0.365633309 0.243002504 0
vt 0.863946438 0.298439771 0
vt 0.872976363 0.302695096 0
vt 0.864316106 0.332815588 0
vt 0.240047216 0.329063296 0
vt 0.559561491 0.790322304 0
vt 0.569673657 0.800129414 0
vt 0.582116961 0.776368797 0
vt 0.581375778 0.80245769 0
vt 0.46594584 0.143666089 0
vt 0.492932677 0.149479523 0
vt 0.481869429 0.156340227 0
vt 0.549676836 0.643531263 0
vt 0.55360496 0.613819003 0
vt 0.559859633 0.618995786 0
vt 0.558007002 0.646835506 0
vt 0.687287211 0.47610113 0
vt 0.561356604 0.615490854 0
vt 0.5582093 0.61437571 0
vt 0.514748096 0.792503119 0
vt 0.517912209 0.76772517 0
vt 0.254153371 0.0661636218 0
vt 0.755201519 0.832276225 0
vt 0.768790781 0.839570165 0
vt 0.539178848 0.775829673 0
vt 0.531451881 0.763081491 0
vt 0.594587266 0.901996553 0
vt 0.597470105 0.895064831 0
vt 0.613609374 0.92114681 0
vt 0.610951841 0.891368568 0
vt 0.590737939 0.0809715167 0
vt 0.582480192 0.0689304993 0
vt 0.622738183 0.0682454333 0
vt 0.514692008 0.726448476 0
vt 0.489518195 0.760366261 0
vt 0.501473308 0.719874382 0
vt 0.552815735 0.885016084 0
vt 0.556143761 0.869071126 0
vt 0.566998005 0.858183682 0
vt 0.565699399 0.877025247 0
vt 0.575495243 0.863055646 0
vt 0.57571876 0.876040518 0
vt 0.854298234 0.0732895434 0
vt 0.858294129 0.0713359714 0
vt 0.861176074 0.0857402533 0
vt 0.53409946 0.871096611 0
vt 0.534081936 0.885529399 0
vt 0.517924786 0.897129238 0
vt 0.517459333 0.87723875 0
vt 0.603976548 0.814306319 0
vt 0.604606092 0.797844231 0
vt 0.563477516 0.597713351 0
vt 0.567053676 0.605873585 0
vt 0.563340724 0.60683167 0
vt 0.795976818 0.427319705 0
vt 0.782269895 0.433675587 0
vt 0.781918526 0.402132571 0
vt 0.632526636 0.782743454 0
vt 0.639018655 0.773572445 0
vt 0.64303863 0.79405725 0
vt 0.768488526 0.827454567 0
vt 0.682408214 0.432390839 0
vt 0.683688104 0.433217913 0
vt 0.6827389 0.42768082 0
vt 0.852773309 0.329708159 0
vt 0.852042615 0.350550473 0
vt 0.839777529 0.353829741 0
vt 0.508453369 0.924026072 0
vt 0.495816529 0.915421546 0
vt 0.608418941 0.354844362 0
vt 0.611190259 0.364076644 0
vt 0.5762254 0.98380661 0
vt 0.562855601 0.987564802 0
vt 0.575951338 0.969723105 0
vt 0.746371388 0.59422195 0
vt 0.76300019 0.582204819 0
vt 0.760845542 0.613380373 0
vt 0.742681384 0.685007572 0
vt 0.743607581 0.649564147 0
vt 0.757663548 0.656312704 0
vt 0.757321894 0.697955906 0
vt 0.494970053 0.868534207 0
vt 0.497304469 0.878739595 0
vt 0.489901692 0.878078282 0
vt 0.487590194 0.869002461 0
vt 0.0997455642 0.360615849 0
vt 0.100885876 0.375416368 0
vt 0.845318079 0.294155657 0
vt 0.84971559 0.245689318 0
vt 0.856834948 0.254554272 0
vt 0.512344539 0.0708821937 0
vt 0.538563728 0.069957532 0
vt 0.470142245 0.494192719 0
vt 0.471750855 0.508374333 0
vt 0.4068802 0.340503037 0
vt 0.41763252 0.33933264 0
vt 0.414485604 0.347436875 0
vt 0.607606173 0.151679322 0
vt 0.601141751 0.165955245 0
vt 0.326677322 0.110127516 0
vt 0.684505403 0.498464942 0
vt 0.673271716 0.494196206 0
vt 0.606877208 0.58104831 0
vt 0.61310935 0.595760286 0
vt 0.607313514 0.586964786 0
vt 0.380331397 0.127481654 0
vt 0.196058035 0.353006274 0
vt 0.172762752 0.346102655 0
vt 0.304129899 0.055156976 0
vt 0.584332347 0.57974267 0
vt 0.583069623 0.592806816 0
vt 0.57373482 0.587948322 0
vt 0.737122357 0.305386066 0
vt 0.875224113 0.879192233 0
vt 0.490366578 0.122275047 0
vt 0.453679174 0.116612218 0
vt 0.725852728 0.481966197 0
vt 0.723945558 0.481516987 0
vt 0.886449814 0.361329675 0
vt 0.886966884 0.390699148 0
vt 0.331094652 0.830126226 0
vt 0.328231484 0.813372672 0
vt 0.361714959 0.843167543 0
vt 0.375251085 0.360455036 0
vt 0.372932255 0.342692554 0
vt 0.385030508 0.364124537 0
vt 0.758311272 0.772428989 0
vt 0.772302508 0.721963525 0
vt 0.769683301 0.767912924 0
vt 0.296977699 0.357067168 0
vt 0.286165267 0.336740196 0
vt 0.289998472 0.331635773 0
vt 0.302628458 0.344487071 0
vt 0.29981342 0.311287642 0
vt 0.29567799 0.293864489 0
vt 0.307303816 0.302011371 0
vt 0.411777675 0.0740443245 0
vt 0.41300717 0.0666918233 0
vt 0.429906249 0.0675241277 0
vt 0.301007509 0.379722297 0
vt 0.53755486 0.908307791 0
vt 0.552392542 0.906257987 0
vt 0.287050188 0.206811965 0
vt 0.266367853 0.211283296 0
vt 0.255975783 0.0843135342 0
vt 0.213979751 0.468738288 0
vt 0.214661598 0.494947463 0
vt 0.194453448 0.497284651 0
vt 0.231849432 0.48855722 0
vt 0.618043303 0.167040378 0
vt 0.621236444 0.178481907 0
vt 0.678090632 0.716566503 0
vt 0.691664696 0.677166998 0
vt 0.181357607 0.751301885 0
vt 0.0776920021 0.87322551 0
vt 0.0733044297 0.865615308 0
vt 0.634094059 0.419378728 0
vt 0.778411448 0.580107093 0
vt 0.775866807 0.612562716 0
vt 0.456468403 0.563907743 0
vt 0.434323072 0.559671283 0
vt 0.226347625 0.315936893 0
vt 0.430991769 0.443480223 0
vt 0.43832618 0.430863231 0
vt 0.278081417 0.323710322 0
vt 0.270627141 0.331196964 0
vt 0.2592372 0.325203568 0
vt 0.625938237 0.906226158 0
vt 0.62170285 0.926545978 0
vt 0.664332986 0.17844525 0
vt 0.657319665 0.188704371 0
vt 0.645144701 0.178365499 0
vt 0.311836004 0.420839399 0
vt 0.304854423 0.439704061 0
vt 0.290459752 0.425153911 0
vt 0.0197728537 0.791440129 0
vt 0.0665291548 0.796701968 0
vt 0.365976155 0.366177469 0
vt 0.374157012 0.38192305 0
vt 0.493481666 0.547811031 0
vt 0.482529461 0.552668631 0
vt 0.475826323 0.53933692 0
vt 0.76406914 0.247196898 0
vt 0.756616831 0.256342173 0
vt 0.754494429 0.251122594 0
vt 0.541161418 0.460464001 0
vt 0.550337553 0.46814996 0
vt 0.213862717 0.267696619 0
vt 0.205159873 0.282824576 0
vt 0.467136651 0.723277688 0
vt 0.462873101 0.704141796 0
vt 0.468684584 0.692468047 0
vt 0.266887903 0.064706482 0
vt 0.265216261 0.0685194954 0
vt 0.112516157 0.408718765 0
vt 0.102651708 0.424602121 0
vt 0.757425487 0.327108413 0
vt 0.752235174 0.32986483 0
vt 0.750785351 0.325547487 0
vt 0.861078858 0.0577034056 0
vt 0.856251657 0.0579213053 0
vt 0.858693361 0.0546545386 0
vt 0.729377389 0.527528882 0
vt 0.728982389 0.54797709 0
vt 0.7159518 0.541176856 0
vt 0.28727895 0.785910904 0
vt 0.259316236 0.752766669 0
vt 0.283013344 0.74906987 0
vt 0.843054175 0.588615417 0
vt 0.851841986 0.618106842 0
vt 0.742999732 0.814100266 0
vt 0.742604971 0.835462213 0
vt 0.737612069 0.294146061 0
vt 0.73789078 0.29269278 0
vt 0.742797554 0.292899907 0
vt 0.750240803 0.293126225 0
vt 0.749130309 0.292011112 0
vt 0.751890659 0.292075038 0
vt 0.542095006 0.131111026 0
vt 0.561914802 0.147106007 0
vt 0.835679054 0.128883332 0
vt 0.833528936 0.157547221 0
vt 0.963332057 0.415558636 0
vt 0.966357589 0.427498579 0
vt 0.294360578 0.327422559 0
vt 0.363487244 0.422359705 0
vt 0.377732635 0.437499285 0
vt 0.365317136 0.449559987 0
vt 0.638486862 0.119205169 0
vt 0.603071332 0.115784086 0
vt 0.634639025 0.104889907 0
vt 0.953019857 0.483554482 0
vt 0.95618099 0.462857664 0
vt 0.511275172 0.847382963 0
vt 0.510555208 0.823042452 0
vt 0.247328654 0.322663546 0
vt 0.145392999 0.377739012 0
vt 0.430564404 0.648675382 0
vt 0.429779023 0.651169002 0
vt 0.43173641 0.650193214 0
vt 0.854788423 0.295522243 0
vt 0.841120183 0.327018082 0
vt 0.492124021 0.396614015 0
vt 0.486801624 0.391012788 0
vt 0.935609937 0.755472004 0
vt 0.742771387 0.28802073 0
vt 0.742146909 0.287916303 0
vt 0.746890545 0.285872638 0
vt 0.503075302 0.839260578 0
vt 0.856552362 0.0993185639 0
vt 0.857816637 0.106484056 0
vt 0.879019022 0.638888657 0
vt 0.879696667 0.676039815 0
vt 0.858462691 0.811226428 0
vt 0.678567886 0.444242269 0
vt 0.40328759 0.353497297 0
vt 0.395736009 0.365927011 0
vt 0.391312718 0.349669486 0
vt 0.294306248 0.269117236 0
vt 0.296052992 0.259971201 0
vt 0.31001085 0.276191056 0
vt 0.757655323 0.724640429 0
vt 0.335532963 0.370435774 0
vt 0.315350085 0.364900649 0
vt 0.951809645 0.0471399054 0
vt 0.725534916 0.316755116 0
vt 0.723270178 0.314459622 0
vt 0.318879336 0.269223183 0
vt 0.561021388 0.47227034 0
vt 0.528962731 0.499021024 0
vt 0.527305186 0.485260874 0
vt 0.902242899 0.490167439 0
vt 0.89249897 0.482626915 0
vt 0.905593157 0.470247686 0
vt 0.3979581 0.790806234 0
vt 0.393843114 0.799619198 0
vt 0.362450629 0.796820879 0
vt 0.626668274 0.154480651 0
vt 0.662053108 0.751896203 0
vt 0.665640235 0.744636238 0
vt 0.743419707 0.785997033 0
vt 0.741984069 0.758369148 0
vt 0.780976593 0.0399268866 0
vt 0.78786093 0.0372387171 0
vt 0.790117919 0.0445871353 0
vt 0.536631107 0.399431378 0
vt 0.682437897 0.432492495 0
vt 0.713418901 0.451428205 0
vt 0.712438464 0.454391927 0
vt 0.713807404 0.452716738 0
vt 0.190471917 0.386617839 0
vt 0.195026487 0.396460116 0
vt 0.348987907 0.452419341 0
vt 0.354737461 0.466372728 0
vt 0.32648617 0.465149015 0
vt 0.570638776 0.564720035 0
vt 0.573050201 0.567362726 0
vt 0.543774545 0.579317689 0
vt 0.548198521 0.57982558 0
vt 0.547654748 0.583674431 0
vt 0.89998728 0.40661329 0
vt 0.887669027 0.412200272 0
vt 0.559217811 0.601181865 0
vt 0.556388259 0.592907488 0
vt 0.46337536 0.486165583 0
vt 0.227153391 0.354356796 0
vt 0.100671194 0.812825918 0
vt 0.0652745813 0.83532232 0
vt 0.0481720679 0.824542761 0
vt 0.840096354 0.755939662 0
vt 0.796156943 0.0435992479 0
vt 0.798416197 0.0534533262 0
vt 0.79376322 0.0480145216 0
vt 0.730034947 0.627223134 0
vt 0.913034678 0.488191724 0
vt 0.600127101 0.863046288 0
vt 0.279662609 0.374952793 0
vt 0.72120744 0.465906829 0
vt 0.718527019 0.467280298 0
vt 0.247169241 0.528753877 0
vt 0.0254363827 0.765472829 0
vt 0.0462558381 0.732328415 0
vt 0.0554948859 0.761256099 0
vt 0.613752782 0.459277719 0
vt 0.590314448 0.476604939 0
vt 0.689793348 0.460995138 0
vt 0.695973575 0.453685105 0
vt 0.711204469 0.466350526 0
vt 0.50171721 0.869308233 0
vt 0.832338631 0.324454486 0
vt 0.83611536 0.297191858 0
vt 0.124191292 0.391456485 0
vt 0.380772054 0.0462761521 0
vt 0.863087952 0.959702492 0
vt 0.876744092 0.962620139 0
vt 0.865402877 0.724096894 0
vt 0.0952360556 0.24937509 0
vt 0.122487143 0.23573339 0
vt 0.686763465 0.104673512 0
vt 0.694011867 0.116611443 0
vt 0.379927844 0.121091671 0
vt 0.290918708 0.117260002 0
vt 0.286705315 0.122634955 0
vt 0.632141709 0.733467281 0
vt 0.622947216 0.756861091 0
vt 0.378200412 0.133650973 0
vt 0.322544992 0.127072781 0
vt 0.238337934 0.16896978 0
vt 0.299718499 0.121806718 0
vt 0.621199071 0.693950415 0
vt 0.813956261 0.396337032 0
vt 0.800350606 0.3971802 0
vt 0.807206869 0.366020083 0
vt 0.29202348 0.103732951 0
vt 0.18974492 0.359834552 0
vt 0.813295603 0.335507751 0
vt 0.0894465223 0.333753496 0
vt 0.105251335 0.279489607 0
vt 0.0986572877 0.31889981 0
vt 0.601407766 0.597118855 0
vt 0.167517781 0.100845948 0
vt 0.145403698 0.12394397 0
vt 0.141444445 0.0809834152 0
vt 0.245362461 0.0770526603 0
vt 0.247584939 0.0806220695 0
vt 0.835446298 0.898481965 0
vt 0.843300521 0.915501595 0
vt 0.586012185 0.619870305 0
vt 0.347962648 0.0894250348 0
vt 0.818696797 0.441631496 0
vt 0.822930217 0.402454197 0
vt 0.835074484 0.409524441 0
vt 0.410425037 0.0809866413 0
vt 0.406760603 0.0878956988 0
vt 0.712966561 0.330049932 0
vt 0.550533593 0.201765239 0
vt 0.583413661 0.211011916 0
vt 0.55986464 0.217596352 0
vt 0.53566587 0.733605444 0
vt 0.549843907 0.175273329 0
vt 0.579899549 0.184396237 0
vt 0.550681114 0.187511861 0
vt 0.49902755 0.0371391028 0
vt 0.190507963 0.897822857 0
vt 0.883341372 0.852394342 0
vt 0.889493406 0.877689064 0
vt 0.190787509 0.268834889 0
vt 0.971805811 0.434678853 0
vt 0.599953234 0.0357662514 0
vt 0.332572877 0.728186667 0
vt 0.144909412 0.25277099 0
vt 0.12628524 0.210225075 0
vt 0.893363357 0.61184299 0
vt 0.902056396 0.632669985 0
vt 0.251736194 0.263945818 0
vt 0.281806916 0.36097762 0
vt 0.283620119 0.357397109 0
vt 0.701568842 0.129048958 0
vt 0.64244771 0.133310914 0
vt 0.631415725 0.0922265425 0
vt 0.724588275 0.306282818 0
vt 0.864336729 0.0843525827 0
vt 0.871644855 0.0886249244 0
vt 0.846289337 0.0544362515 0
vt 0.848031998 0.0565939099 0
vt 0.846261501 0.0579284728 0
vt 0.0487234518 0.303894192 0
vt 0.0614381209 0.292769074 0
vt 0.0687911436 0.301824749 0
vt 0.938424349 0.786283135 0
vt 0.931738555 0.805810034 0
vt 0.914143264 0.798042774 0
vt 0.115507938 0.654347062 0
vt 0.126481012 0.579702973 0
vt 0.126353681 0.669961691 0
vt 0.404947668 0.138194337 0
vt 0.592879534 0.568114281 0
vt 0.587046027 0.572271943 0
vt 0.182950854 0.581338167 0
vt 0.194255486 0.540578187 0
vt 0.247689247 0.0717139766 0
vt 0.252626061 0.0725985691 0
vt 0.368746042 0.304261386 0
vt 0.351452738 0.293294996 0
vt 0.394428432 0.286397398 0
vt 0.210220575 0.601876676 0
vt 0.592476904 0.600662947 0
vt 0.864735603 0.265592188 0
vt 0.110058419 0.331569701 0
vt 0.513226628 0.165308923 0
vt 0.51665777 0.156722322 0
vt 0.585069656 0.126343921 0
vt 0.59328562 0.139700308 0
vt 0.20557715 0.153102219 0
vt 0.905754566 0.875843763 0
vt 0.919522941 0.881527483 0
vt 0.894007444 0.894777179 0
vt 0.0813018456 0.340086699 0
vt 0.0925906822 0.349539757 0
vt 0.0798239186 0.35855934 0
vt 0.517432451 0.14812687 0
vt 0.4223032 0.160028696 0
vt 0.472517014 0.163279608 0
vt 0.701589227 0.778099597 0
vt 0.434305489 0.060586568 0
vt 0.948439181 0.502081931 0
vt 0.874279976 0.418081164 0
vt 0.563469648 0.90581131 0
vt 0.572239637 0.920454025 0
vt 0.413976461 0.0491250232 0
vt 0.414445132 0.0382293537 0
vt 0.420455217 0.111267857 0
vt 0.404297173 0.11012622 0
vt 0.464293659 0.132840365 0
vt 0.438799679 0.129775375 0
vt 0.567946851 0.35910362 0
vt 0.67575258 0.299870938 0
vt 0.581801057 0.362924665 0
vt 0.425300062 0.103879951 0
vt 0.182985023 0.529209197 0
vt 0.439087033 0.0835465863 0
vt 0.437489539 0.0902824178 0
vt 0.745513916 0.261276901 0
vt 0.733834326 0.265676826 0
vt 0.48837319 0.094473891 0
vt 0.530956626 0.0576878153 0
vt 0.556838214 0.055705525 0
vt 0.451834321 0.481242061 0
vt 0.797601581 0.833978415 0
vt 0.572468519 0.565055072 0
vt 0.548903525 0.783170402 0
vt 0.733720541 0.312734187 0
vt 0.730540812 0.309272051 0
vt 0.446783364 0.523003459 0
vt 0.631327748 0.143394873 0
vt 0.521380484 0.107342951 0
vt 0.522701621 0.118433557 0
vt 0.220708027 0.376447856 0
vt 0.520772219 0.0962783769 0
vt 0.0641747639 0.274474859 0
vt 0.0575701073 0.259766549 0
vt 0.084737204 0.266560256 0
vt 0.870619535 0.468299985 0
vt 0.859354496 0.457141936 0
vt 0.872161031 0.450292766 0
vt 0.903571904 0.21936442 0
vt 0.901597381 0.189853564 0
vt 0.909542322 0.188381121 0
vt 0.598587215 0.102226965 0
vt 0.581151545 0.11360652 0
vt 0.546897113 0.109564237 0
vt 0.545575619 0.0986347273 0
vt 0.577085495 0.101045899 0
vt 0.780999839 0.0589669943 0
vt 0.757547677 0.0583173037 0
vt 0.77279669 0.0531203747 0
vt 0.310966492 0.343701869 0
vt 0.764072657 0.918430209 0
vt 0.592808902 0.81329608 0
vt 0.817756355 0.316051543 0
vt 0.961673021 0.0434612744 0
vt 0.963737488 0.0387925468 0
vt 0.970958591 0.0487698168 0
vt 0.732504189 0.256538808 0
vt 0.744740665 0.253410727 0
vt 0.732756972 0.258278579 0
vt 0.30917421 0.35346207 0
vt 0.509389758 0.495236456 0
vt 0.4176763 0.677168071 0
vt 0.422259569 0.667068183 0
vt 0.420618087 0.683612168 0
vt 0.246620014 0.578212619 0
vt 0.261563599 0.676404953 0
vt 0.245314658 0.676727474 0
vt 0.858401477 0.178448573 0
vt 0.526779056 0.728842974 0
vt 0.115470894 0.848588228 0
vt 0.156271204 0.823972821 0
vt 0.0851354077 0.885562897 0
vt 0.0884326994 0.865772009 0
vt 0.600605905 0.781884789 0
vt 0.0972973108 0.724808276 0
vt 0.11908219 0.710784793 0
vt 0.097856313 0.773082376 0
vt 0.0684924275 0.779910028 0
vt 0.0824758634 0.899194598 0
vt 0.130517229 0.892412841 0
vt 0.601788402 0.560227513 0
vt 0.597810566 0.556169987 0
vt 0.599946797 0.544458628 0
vt 0.477257848 0.558226466 0
vt 0.213796049 0.827917099 0
vt 0.182499036 0.817604065 0
vt 0.695468605 0.374404401 0
vt 0.832699776 0.267600715 0
vt 0.600114465 0.581766009 0
vt 0.596476138 0.585667253 0
vt 0.549880981 0.677287877 0
vt 0.272860408 0.0970183238 0
vt 0.267253339 0.096149303 0
vt 0.649181426 0.221179962 0
vt 0.670532167 0.202795506 0
vt 0.467828304 0.565881848 0
vt 0.931934237 0.853984714 0
vt 0.915197313 0.851178229 0
vt 0.927040517 0.837164462 0
vt 0.866590738 0.770881832 0
vt 0.88147819 0.709266186 0
vt 0.788337409 0.0536231995 0
vt 0.913054466 0.218933776 0
vt 0.764750719 0.4116413 0
vt 0.601105452 0.76707226 0
vt 0.794495702 0.360772729 0
vt 0.286891729 0.057265874 0
vt 0.287032992 0.0503869057 0
vt 0.292518944 0.0476113483 0
vt 0.504481554 0.522019386 0
vt 0.280142188 0.0799020007 0
vt 0.650083661 0.145872623 0
vt 0.594464064 0.0903972313 0
vt 0.112389132 0.5886783 0
vt 0.585173726 0.883842051 0
vt 0.89238131 0.110854656 0
vt 0.866362214 0.616571009 0
vt 0.86718142 0.589354753 0
vt 0.88119781 0.596971154 0
vt 0.873630047 0.265889466 0
vt 0.502999544 0.821864784 0
vt 0.492003977 0.823793828 0
vt 0.729421675 0.512667418 0
vt 0.388394415 0.317141354 0
vt 0.399757147 0.32583347 0
vt 0.395298243 0.338110149 0
vt 0.491995037 0.0855006948 0
vt 0.242556274 0.0727413818 0
vt 0.454401016 0.643462658 0
vt 0.449551761 0.60421598 0
vt 0.544899344 0.36639297 0
vt 0.52935499 0.363239139 0
vt 0.550789356 0.354267538 0
vt 0.390892267 0.370465577 0
vt 0.574834585 0.90209645 0
vt 0.248805642 0.05675162 0
vt 0.245056927 0.0590535663 0
vt 0.606986761 0.5631212 0
vt 0.603695929 0.552494407 0
vt 0.603150308 0.574090362 0
vt 0.595628202 0.576487422 0
vt 0.546148121 0.120267592 0
vt 0.141367644 0.869900703 0
vt 0.940372527 0.914309025 0
vt 0.944926977 0.928003073 0
vt 0.922888339 0.937842667 0
vt 0.726000607 0.0512664318 0
vt 0.424403876 0.149840727 0
vt 0.767429829 0.812440574 0
vt 0.413745731 0.691459119 0
vt 0.551809013 0.958246708 0
vt 0.752845824 0.0511250496 0
vt 0.944699287 0.795588732 0
vt 0.240817413 0.0638955459 0
vt 0.244270444 0.0644996688 0
vt 0.499459893 0.412336826 0
vt 0.588827431 0.581712604 0
vt 0.498950779 0.542226672 0
vt 0.582422614 0.37434274 0
vt 0.755385458 0.461520016 0
vt 0.76439929 0.462488115 0
vt 0.73099494 0.480188966 0
vt 0.959555149 0.0478901416 0
vt 0.957490325 0.0441504158 0
vt 0.198007315 0.374933928 0
vt 0.873134494 0.229759902 0
vt 0.289623201 0.126464695 0
vt 0.282944471 0.108677052 0
vt 0.66592741 0.36863324 0
vt 0.606250942 0.573053181 0
vt 0.293193549 0.0409973413 0
vt 0.299115419 0.0484863371 0
vt 0.520942211 0.458705813 0
vt 0.532532513 0.450993806 0
vt 0.346128821 0.604122818 0
vt 0.0949883088 0.96618104 0
vt 0.108400382 0.951795399 0
vt 0.15331845 0.957964838 0
vt 0.150810897 0.971289754 0
vt 0.0705866069 0.95934844 0
vt 0.254425019 0.085927777 0
vt 0.534919441 0.529627323 0
vt 0.526378274 0.533077121 0
vt 0.521616399 0.526880682 0
vt 0.676942647 0.77672863 0
vt 0.668866873 0.762758017 0
vt 0.424986959 0.524865746 0
vt 0.437295854 0.530884087 0
vt 0.436023504 0.540848017 0
vt 0.568374038 0.587727249 0
vt 0.573101223 0.594804466 0
vt 0.567625046 0.591717303 0
vt 0.826076984 0.380650282 0
vt 0.597551823 0.920182765 0
vt 0.856862724 0.0613855869 0
vt 0.851834416 0.0628791898 0
vt 0.142454788 0.642046094 0
vt 0.260713637 0.380705953 0
vt 0.256671458 0.364525795 0
vt 0.808270931 0.434311926 0
vt 0.402831346 0.66628629 0
vt 0.40296194 0.685812175 0
vt 0.895086944 0.191519544 0
vt 0.353982747 0.399262309 0
vt 0.326847464 0.402834892 0
vt 0.340450376 0.388759851 0
vt 0.619337082 0.832526743 0
vt 0.610610843 0.867215812 0
vt 0.719966769 0.329633713 0
vt 0.230965689 0.602291226 0
vt 0.868313372 0.0789002776 0
vt 0.279634267 0.272355646 0
vt 0.701448917 0.271308154 0
vt 0.676644266 0.458957881 0
vt 0.522791386 0.442724913 0
vt 0.382326722 0.397549629 0
vt 0.395172 0.409039736 0
vt 0.387656927 0.42356205 0
vt 0.615099907 0.309233099 0
vt 0.65218401 0.29150039 0
vt 0.848323166 0.0612815619 0
vt 0.767339945 0.881188691 0
vt 0.811779916 0.88301158 0
vt 0.794020474 0.899763525 0
vt 0.36913079 0.156026855 0
vt 0.318506837 0.131722748 0
vt 0.408271551 0.69475919 0
vt 0.383341372 0.68175447 0
vt 0.753425896 0.88057667 0
vt 0.739464819 0.879477322 0
vt 0.585181117 0.381851852 0
vt 0.565702856 0.394441098 0
vt 0.549833596 0.38982451 0
vt 0.239075914 0.317803919 0
vt 0.23236011 0.330327213 0
vt 0.653433025 0.325550973 0
vt 0.691944122 0.299330026 0
vt 0.544316709 0.738884091 0
vt 0.717945516 0.321607858 0
vt 0.725647449 0.327830493 0
vt 0.711128116 0.327718318 0
vt 0.514580548 0.432001352 0
vt 0.52446866 0.408100277 0
vt 0.698489368 0.0450683832 0
vt 0.976168633 0.0706352815 0
vt 0.966163516 0.0519042313 0
vt 0.580903172 0.574647188 0
vt 0.673008025 0.338963181 0
vt 0.411289603 0.694272995 0
vt 0.438814074 0.72971344 0
vt 0.411810398 0.725458443 0
vt 0.455570549 0.718803823 0
vt 0.446922809 0.744190693 0
vt 0.970074296 0.124297991 0
vt 0.963998795 0.135274276 0
vt 0.654573202 0.266750634 0
vt 0.68558687 0.252360225 0
vt 0.562208474 0.580588162 0
vt 0.562942088 0.587186575 0
vt 0.626868546 0.785458207 0
vt 0.261247516 0.788031697 0
vt 0.550579607 0.434482038 0
vt 0.559142649 0.443217814 0
vt 0.65519923 0.434399724 0
vt 0.625230134 0.469026893 0
vt 0.286665291 0.675057054 0
vt 0.651985228 0.772561669 0
vt 0.659817696 0.814852834 0
vt 0.0649250969 0.244900897 0
vt 0.0879356489 0.0990805924 0
vt 0.285129249 0.244173005 0
vt 0.425846457 0.472749799 0
vt 0.466181427 0.454630733 0
vt 0.715544105 0.267106503 0
vt 0.496067792 0.48672685 0
vt 0.504907668 0.174080759 0
vt 0.648839235 0.819637537 0
vt 0.648409724 0.876520395 0
vt 0.636495709 0.826964617 0
vt 0.472711325 0.525504231 0
vt 0.743072212 0.284051955 0
vt 0.738342464 0.287954152 0
vt 0.19376865 0.24453485 0
vt 0.561914265 0.485745251 0
vt 0.555516779 0.514106333 0
vt 0.532146871 0.522777677 0
vt 0.769885302 0.947724402 0
vt 0.840339959 0.0604919493 0
vt 0.846169174 0.0935311913 0
vt 0.843876004 0.0829382241 0
vt 0.849238694 0.0857356191 0
vt 0.488532186 0.37753284 0
vt 0.51247412 0.372942984 0
vt 0.756106079 0.47905755 0
vt 0.764025807 0.472694844 0
vt 0.469553888 0.35696435 0
vt 0.494474024 0.347528458 0
vt 0.486840993 0.364754617 0
vt 0.525245428 0.381621599 0
vt 0.729206443 0.331187904 0
vt 0.570653975 0.322245717 0
vt 0.170545757 0.903602123 0
vt 0.639133632 0.87481004 0
vt 0.738583565 0.328953475 0
vt 0.725827217 0.322432965 0
vt 0.930866659 0.818082869 0
vt 0.941786766 0.824499011 0
vt 0.938102186 0.840302169 0
vt 0.0590181127 0.314917266 0
vt 0.079613246 0.313394248 0
vt 0.0532545075 0.321596324 0
vt 0.940268993 0.816835463 0
vt 0.416269839 0.454452395 0
vt 0.423877835 0.512448311 0
vt 0.41190812 0.484670967 0
vt 0.907341659 0.0905623585 0
vt 0.907334268 0.0931406319 0
vt 0.902980447 0.0917850733 0
vt 0.894389391 0.66244036 0
vt 0.72012651 0.166639104 0
vt 0.701676071 0.14097777 0
vt 0.735165477 0.157076627 0
vt 0.502912819 0.537254035 0
vt 0.155612648 0.35136947 0
vt 0.078605026 0.723274767 0
vt 0.894920826 0.705539525 0
vt 0.908770978 0.671074092 0
vt 0.915004969 0.708985269 0
vt 0.769993424 0.655388057 0
vt 0.784478307 0.64129585 0
vt 0.600399315 0.567149997 0
vt 0.439669341 0.659110725 0
vt 0.446930885 0.667885005 0
vt 0.448290974 0.668449223 0
vt 0.377013415 0.324638367 0
vt 0.862855017 0.101131573 0
vt 0.839555442 0.71256429 0
vt 0.702868938 0.47323966 0
vt 0.695993423 0.496126652 0
vt 0.743307889 0.854117334 0
vt 0.722536147 0.880598366 0
vt 0.728574574 0.857972682 0
vt 0.833799362 0.105180949 0
vt 0.851247251 0.721727431 0
vt 0.408989489 0.543515801 0
vt 0.452628016 0.376352072 0
vt 0.251000255 0.0655384883 0
vt 0.914622426 0.813690603 0
vt 0.898374498 0.808980048 0
vt 0.86852318 0.794429243 0
vt 0.619877577 0.592972219 0
vt 0.899650931 0.836025894 0
vt 0.899144351 0.855867982 0
vt 0.855851948 0.767210126 0
vt 0.856005847 0.790812254 0
vt 0.858148456 0.825694799 0
vt 0.858340502 0.837814212 0
vt 0.612755537 0.618504703 0
vt 0.878288925 0.897666097 0
vt 0.927474022 0.90489769 0
vt 0.921874225 0.92451489 0
vt 0.745089769 0.289018184 0
vt 0.861254632 0.880250633 0
vt 0.863759398 0.898221135 0
vt 0.936171651 0.504795492 0
vt 0.650016665 0.0699999705 0
vt 0.6276052 0.0812122002 0
vt 0.294224024 0.0641474649 0
vt 0.72495681 0.283435822 0
vt 0.721275508 0.274023324 0
vt 0.888786256 0.253735542 0
vt 0.402239114 0.472246945 0
vt 0.412796259 0.461171508 0
vt 0.52674973 0.37215957 0
vt 0.739415884 0.295572996 0
vt 0.563671172 0.591208458 0
vt 0.404741526 0.692366064 0
vt 0.407124162 0.695467174 0
vt 0.917421937 0.186200276 0
vt 0.618623257 0.857825339 0
vt 0.41174522 0.691872239 0
vt 0.411163568 0.694980562 0
vt 0.159047872 0.372141212 0
vt 0.174755782 0.360906243 0
vt 0.175876424 0.378111482 0
vt 0.434566915 0.683934152 0
vt 0.397752106 0.30211404 0
vt 0.570818126 0.575011194 0
vt 0.855969489 0.587834775 0
vt 0.911019623 0.32215637 0
vt 0.131140247 0.292281777 0
vt 0.182132423 0.2580688 0
vt 0.109725125 0.305342674 0
vt 0.407772243 0.328745425 0
vt 0.637958765 0.729947805 0
vt 0.260747224 0.882067025 0
vt 0.26222983 0.857167602 0
vt 0.516783655 0.855068684 0
vt 0.353826225 0.351458043 0
vt 0.837112427 0.216101602 0
vt 0.0727283433 0.336169034 0
vt 0.267006278 0.347423553 0
vt 0.81572336 0.582314432 0
vt 0.492219329 0.140766472 0
vt 0.20031327 0.315878123 0
vt 0.593923092 0.62267977 0
vt 0.614434838 0.65208298 0
vt 0.188389093 0.326804519 0
vt 0.278612435 0.121759064 0
vt 0.207673252 0.386429369 0
vt 0.185180783 0.373638272 0
vt 0.161540642 0.391115367 0
vt 0.178995818 0.394188285 0
vt 0.160885572 0.405717134 0
vt 0.283712864 0.438189268 0
vt 0.574624598 0.72130543 0
vt 0.583648384 0.662629962 0
vt 0.132839829 0.418690324 0
vt 0.295190245 0.482415527 0
vt 0.301011562 0.45947957 0
vt 0.0858431086 0.370885134 0
vt 0.0708732978 0.368910044 0
vt 0.676478744 0.474671423 0
vt 0.807345688 0.317306757 0
vt 0.374086231 0.411787331 0
vt 0.272009313 0.555293202 0
vt 0.0560564622 0.368189156 0
vt 0.0626231954 0.383616388 0
vt 0.267598808 0.250607967 0
vt 0.543795824 0.584388614 0
vt 0.542521358 0.85055089 0
vt 0.948060632 0.11159417 0
vt 0.939092159 0.121912286 0
vt 0.247838229 0.0755069777 0
vt 0.867636204 0.0653816313 0
vt 0.866767824 0.0668939948 0
vt 0.862970471 0.0595892817 0
vt 0.920337975 0.463989854 0
vt 0.742454827 0.317428887 0
vt 0.755176067 0.323534608 0
vt 0.284192979 0.867730141 0
vt 0.279217243 0.847758532 0
vt 0.407423317 0.295213908 0
vt 0.835626185 0.23424165 0
vt 0.77347213 0.695030391 0
vt 0.179640204 0.336202055 0
vt 0.179215446 0.344001234 0
vt 0.278198004 0.0628736541 0
vt 0.245899528 0.87820214 0
vt 0.950422585 0.410433888 0
vt 0.923603356 0.402101755 0
vt 0.238391221 0.901314259 0
vt 0.864164054 0.0587963313 0
vt 0.501269221 0.44294247 0
vt 0.441229343 0.607889295 0
vt 0.726160467 0.267552018 0
vt 0.356578112 0.322867095 0
vt 0.124239631 0.260189921 0
vt 0.812881052 0.182331219 0
vt 0.828267515 0.23285611 0
vt 0.798261285 0.772495508 0
vt 0.258120388 0.411476851 0
vt 0.783546984 0.940468431 0
vt 0.512069046 0.885418057 0
vt 0.765059412 0.898895264 0
vt 0.25997138 0.0600788556 0
vt 0.256883323 0.0543788746 0
vt 0.0592250898 0.139221877 0
vt 0.841729939 0.096740827 0
vt 0.836849272 0.0893304348 0
vt 0.497724593 0.904502928 0
vt 0.499383628 0.898974299 0
vt 0.572793782 0.958665669 0
vt 0.409542799 0.354762793 0
vt 0.413686246 0.362195402 0
vt 0.402029008 0.371916473 0
vt 0.350373268 0.378635168 0
vt 0.326004028 0.380066037 0
vt 0.408887446 0.378489673 0
vt 0.251757205 0.398421586 0
vt 0.396933973 0.400425076 0
vt 0.15767698 0.280499965 0
vt 0.278588027 0.298422635 0
vt 0.289202034 0.294176161 0
vt 0.325426936 0.445009232 0
vt 0.0725319982 0.851171255 0
vt 0.096350342 0.827049732 0
vt 0.28774938 0.281692356 0
vt 0.828158855 0.29703474 0
vt 0.925233006 0.183705911 0
vt 0.895044327 0.0882920474 0
vt 0.891641021 0.0940856189 0
vt 0.892427027 0.135224193 0
vt 0.388961405 0.694011807 0
vt 0.864595056 0.185112074 0
vt 0.501696467 0.796187103 0
vt 0.297620475 0.0586354546 0
vt 0.0361017995 0.800956428 0
vt 0.703708649 0.442721218 0
vt 0.704703927 0.44484666 0
vt 0.7062549 0.455294698 0
vt 0.595972598 0.545747161 0
vt 0.932918429 0.38323015 0
vt 0.529978275 0.82699275 0
vt 0.0490873381 0.316836029 0
vt 0.40585807 0.380486786 0
vt 0.401662588 0.383075148 0
vt 0.839662552 0.105441615 0
vt 0.947335839 0.384958327 0
vt 0.120633818 0.0411721766 0
vt 0.294678837 0.650831819 0
vt 0.306040406 0.580164492 0
vt 0.856126428 0.525150418 0
vt 0.879786551 0.551100194 0
vt 0.877720594 0.489202023 0
vt 0.636951149 0.190899909 0
vt 0.867925644 0.545499265 0
vt 0.32473594 0.430011749 0
vt 0.798207641 0.476158619 0
vt 0.212977916 0.891413093 0
vt 0.845506907 0.451815248 0
vt 0.823096871 0.501038194 0
vt 0.831689477 0.447568774 0
vt 0.906573892 0.24997817 0
vt 0.897323906 0.253488898 0
vt 0.896534979 0.219227567 0
vt 0.920467854 0.218752816 0
vt 0.923251808 0.252619028 0
vt 0.883078396 0.305095792 0
vt 0.888427496 0.23206757 0
vt 0.939693034 0.343783021 0
vt 0.928869843 0.311281741 0
vt 0.954840422 0.353164792 0
vt 0.932857633 0.862122834 0
vt 0.790622652 0.0607093573 0
vt 0.167969599 0.331366718 0
vt 0.84157759 0.255949974 0
vt 0.446473539 0.704590082 0
vt 0.747123301 0.275350392 0
vt 0.751575708 0.279414654 0
vt 0.820090115 0.236515835 0
vt 0.827645957 0.216276512 0
vt 0.663496375 0.834860623 0
vt 0.909377277 0.736473322 0
vt 0.750910878 0.39906311 0
vt 0.765299857 0.397935748 0
vt 0.743355036 0.289952517 0
vt 0.877527058 0.331913114 0
vt 0.848007381 0.415964007 0
vt 0.837014854 0.386224806 0
vt 0.842772484 0.0621148199 0
vt 0.371608019 0.760196447 0
vt 0.382548064 0.77660799 0
vt 0.303845793 0.683997333 0
vt 0.14288798 0.39667064 0
vt 0.361301601 0.895163059 0
vt 0.371215582 0.902786672 0
vt 0.636243999 0.659816384 0
vt 0.500448227 0.928096294 0
vt 0.610161841 0.130381867 0
vt 0.862005711 0.0704463273 0
vt 0.754944444 0.949216962 0
vt 0.713848233 0.927756369 0
vt 0.696503043 0.830161273 0
vt 0.711933792 0.816977978 0
vt 0.701843977 0.844266355 0
vt 0.945524096 0.0431809649 0
vt 0.955592513 0.0389419608 0
vt 0.838181973 0.0801168084 0
vt 0.625953436 0.831882417 0
vt 0.864208937 0.0686039329 0
vt 0.860546231 0.0606529117 0
vt 0.851434171 0.0543136597 0
vt 0.280078888 0.0994350985 0
vt 0.971253991 0.0814424083 0
vt 0.185299128 0.285460949 0
vt 0.185039163 0.677590907 0
vt 0.956596017 0.0719914734 0
vt 0.964292765 0.0752144828 0
vt 0.969092965 0.109445348 0
vt 0.962099433 0.109428972 0
vt 0.962287903 0.0563469753 0
vt 0.650239825 0.730622828 0
vt 0.829727471 0.0870752335 0
vt 0.820110321 0.0890687555 0
vt 0.81783998 0.0873904079 0
vt 0.898514628 0.0893401206 0
vt 0.900092542 0.0958459228 0
vt 0.889739156 0.0859709829 0
vt 0.364151537 0.835522115 0
vt 0.667163134 0.223547578 0
vt 0.68906486 0.202427387 0
vt 0.711715281 0.201697379 0
vt 0.707190633 0.225412235 0
vt 0.455242753 0.528914392 0
vt 0.576889634 0.570426166 0
vt 0.792373896 0.456528068 0
vt 0.544195533 0.970760107 0
vt 0.515778363 0.945112944 0
vt 0.539042711 0.653707087 0
vt 0.541572332 0.674731076 0
vt 0.88841325 0.216207519 0
vt 0.365233362 0.386942476 0
vt 0.581916094 0.749745071 0
vt 0.574718177 0.75194329 0
vt 0.600323796 0.749773145 0
vt 0.591289699 0.770817161 0
vt 0.59060359 0.748884082 0
vt 0.696080983 0.874020159 0
vt 0.737361014 0.492572784 0
vt 0.530963182 0.653473616 0
vt 0.542250216 0.615007818 0
vt 0.728544712 0.794403732 0
vt 0.48914966 0.803444505 0
vt 0.502902627 0.766976833 0
vt 0.565590501 0.747916222 0
vt 0.840532184 0.154721037 0
vt 0.495480657 0.472434342 0
vt 0.573249161 0.581963897 0
vt 0.566342056 0.581724763 0
vt 0.852653384 0.0868125707 0
vt 0.413303196 0.681262016 0
vt 0.528958559 0.857185841 0
vt 0.275920212 0.112543337 0
vt 0.593310595 0.798478365 0
vt 0.541077554 0.943262458 0
vt 0.824939251 0.322372437 0
vt 0.388863444 0.375113428 0
vt 0.539713383 0.953606725 0
vt 0.527269721 0.948230684 0
vt 0.736040413 0.321508378 0
vt 0.71560657 0.616247356 0
vt 0.720923007 0.55892992 0
vt 0.73334676 0.585810542 0
vt 0.741153896 0.71152246 0
vt 0.522418141 0.471385986 0
vt 0.726458907 0.811721385 0
vt 0.756754994 0.796124816 0
vt 0.83277452 0.511252761 0
vt 0.261827707 0.531464875 0
vt 0.748928666 0.278797239 0
vt 0.376135826 0.948590696 0
vt 0.425477296 0.677146077 0
vt 0.450616449 0.68382895 0
vt 0.960774004 0.386668146 0
vt 0.566913188 0.598718226 0
vt 0.248614848 0.0645251051 0
vt 0.781944454 0.0648542643 0
vt 0.63136512 0.0464346558 0
vt 0.181091875 0.512976468 0
vt 0.168478981 0.532014012 0
vt 0.201517522 0.520498157 0
vt 0.231815234 0.506157339 0
vt 0.248874754 0.512293518 0
vt 0.78223002 0.442708373 0
vt 0.291152656 0.378062755 0
vt 0.837494135 0.950794816 0
vt 0.639247239 0.0581765287 0
vt 0.117465943 0.789363444 0
vt 0.277919233 0.056635391 0
vt 0.274889141 0.11855001 0
vt 0.0737767965 0.641103148 0
vt 0.751033962 0.282301992 0
vt 0.748406053 0.282534778 0
vt 0.0686887652 0.842445791 0
vt 0.556868136 0.586652994 0
vt 0.432689548 0.424152851 0
vt 0.466485023 0.665194035 0
vt 0.0455943458 0.776548207 0
vt 0.931404471 0.741944909 0
vt 0.670466423 0.733665287 0
vt 0.755097091 0.814906836 0
vt 0.383228123 0.688833714 0
vt 0.391646773 0.719957232 0
vt 0.384009242 0.708645105 0
vt 0.563914418 0.311654776 0
vt 0.74454689 0.293198913 0
vt 0.747142494 0.292160213 0
vt 0.0907092169 0.804300189 0
vt 0.42840755 0.661703885 0
vt 0.384702802 0.527785897 0
vt 0.903654635 0.0971867889 0
vt 0.965380907 0.441002429 0
vt 0.843883634 0.523657084 0
vt 0.526714444 0.928820848 0
vt 0.672879994 0.187999606 0
vt 0.894603848 0.54000473 0
vt 0.857290983 0.0891356468 0
vt 0.511125684 0.890328109 0
vt 0.338245273 0.804772556 0
vt 0.908746481 0.647180319 0
vt 0.136198059 0.702207267 0
vt 0.278547585 0.0502350181 0
vt 0.285815597 0.0456902832 0
vt 0.717771053 0.46927169 0
vt 0.770791769 0.791631579 0
vt 0.580625296 0.564179003 0
vt 0.581874669 0.568943083 0
vt 0.579454362 0.571350574 0
vt 0.702669859 0.44412142 0
vt 0.724282324 0.707803071 0
vt 0.579599082 0.56202805 0
vt 0.300454676 0.124620728 0
vt 0.568261325 0.350067109 0
vt 0.300350964 0.109049506 0
vt 0.882616818 0.756907463 0
vt 0.287582308 0.69899559 0
vt 0.93017298 0.240899518 0
vt 0.700375378 0.862879395 0
vt 0.852232933 0.955913782 0
vt 0.851443768 0.0518938899 0
vt 0.928410769 0.217644885 0
vt 0.581619978 0.560337186 0
vt 0.64998436 0.88589561 0
vt 0.382015347 0.824590862 0
vt 0.703770816 0.0465996265 0
vt 0.280419201 0.126603037 0
vt 0.282070369 0.130835906 0
vt 0.765412629 0.0665177107 0
vt 0.634326458 0.618165731 0
vt 0.418508947 0.245632812 0
vt 0.415443629 0.271500736 0
vt 0.390845537 0.786009133 0
vt 0.420319498 0.552477479 0
vt 0.671167254 0.250458419 0
vt 0.368993521 0.977108121 0
vt 0.712116778 0.179136783 0
vt 0.694026768 0.900010824 0
vt 0.710552454 0.189806983 0
vt 0.389316767 0.68132484 0
vt 0.728138864 0.839304805 0
vt 0.391961813 0.481881082 0
vt 0.32305038 0.317418367 0
vt 0.065646179 0.284276545 0
vt 0.908856094 0.53846544 0
vt 0.94138968 0.543153524 0
vt 0.522434354 0.956022501 0
vt 0.813398421 0.948026001 0
vt 0.808343172 0.497146249 0
vt 0.282885313 0.990487754 0
vt 0.690940559 0.91336751 0

# 1672 vertex normals
vn 0.511276603 0.662068546 -0.547929347
vn 0.372661531 0.849482715 -0.373454988
vn 0.388103873 0.798821986 -0.459547728
vn 0.985747874 -0.166783661 -0.0210272539
vn 0.991821051 -0.0396740623 0.121219523
vn 0.98001039 0.177831352 0.0891140476
vn 0.477828294 -0.872005343 -0.105990782
vn 0.482924908 -0.874996185 0.0331736207
vn 0.955778658 -0.293954283 -0.00460829493
vn 0.804071188 -0.587664425 -0.089907527
vn 0.926755548 -0.319772929 0.197058022
vn 0.992553473 0.0131229591 0.121005893
vn -0.874324799 -0.0141605884 -0.485091716
vn -0.836512327 0.0764793828 -0.542558074
vn -0.787591159 0.0380870998 -0.614978492
vn 0.267647326 -0.227637559 -0.936216295
vn 0.606311202 -0.686788559 -0.40083009
vn 0.404248178 -0.753959775 -0.517777026
vn 0.814020216 -0.140385151 0.563554823
vn 0.575975835 -0.164922029 0.800622582
vn 0.580431521 -0.415692627 0.700186133
vn 0.647358596 0.760704339 -0.0472426526
vn 0.713034451 0.686727524 0.14120914
vn 0.079317607 0.98202461 0.171147808
vn -0.00943021942 0.994445622 -0.104739524
vn -0.233710751 -0.972289205 -0.00460829493
vn -0.665364563 -0.556382954 -0.497665346
vn -0.0101626636 -0.727439165 -0.686056077
vn 0.531144142 -0.753288388 0.387768179
vn 0.440595716 -0.87920773 0.181127355
vn 0.182470173 -0.767052233 0.615039527
vn 0.0532242805 -0.787652194 -0.61375773
vn -0.176000237 0.318643749 -0.931363881
vn 0.727408648 0.234076962 -0.645008683
vn -0.906888008 0.381389827 -0.179082617
vn -0.947264016 0.309305102 0.0836817548
vn -0.961546659 -0.223639637 -0.159306616
vn -0.800225854 -0.555009604 -0.227027193
vn -0.874782562 -0.479628891 -0.0681783482
vn -0.997131288 -0.0253913999 -0.0711996853
vn -0.967803001 -0.103244118 -0.229499191
vn -0.0445265062 0.896633804 0.440504164
vn 0.64995271 0.720847189 0.24063845
vn 0.502792418 0.777062297 0.378551602
vn 0.673055232 0.7149266 -0.189275801
vn 0.105624564 -0.443067729 -0.890224934
vn 0.98617512 0.163945436 0.0238349568
vn 0.700582922 -0.713400662 -0.0140385143
vn 0.541917145 -0.812677383 -0.21405682
vn -0.965453029 0.217230752 0.143681139
vn -0.946379006 0.304452658 0.107852414
vn -0.992004156 -0.0286263619 0.122714929
vn -0.993102789 -0.0431226529 0.108920559
vn -0.741813421 -0.563737929 0.363170266
vn -0.914059877 -0.269631028 0.302865684
vn -0.890255451 -0.308633685 0.334849089
vn -0.664540529 -0.739585578 -0.106601156
vn -0.795861661 -0.41477707 -0.441022992
vn -0.677510917 -0.729667068 0.0923184901
vn -0.660054326 -0.750541687 0.0311593991
vn -0.450697362 -0.889584005 -0.0741294622
vn -0.525559247 -0.850733995 0.00268562883
vn -0.00595110934 0.93942076 -0.342692345
vn 0.269386888 0.914517641 -0.301767021
vn 0.288521975 0.954191744 -0.0790124238
vn -0.363414407 -0.887997091 -0.281624794
vn -0.00247199927 -0.989684761 -0.14322336
vn 0.461622983 -0.842097223 -0.278725535
vn -0.123630479 -0.903408945 -0.410534978
vn 0.202948093 0.969450951 -0.137577444
vn 0.419568479 0.904904306 0.0709555373
vn 0.142124698 0.924436152 -0.353801072
vn 0.0672322735 -0.997589052 -0.0166020691
vn 0.0975676775 -0.978514969 -0.18149358
vn 0.657002449 -0.741721869 -0.134678185
vn -0.757469416 -0.553453147 0.346201986
vn -0.747703493 -0.661000371 -0.0632343516
vn -0.911435306 -0.368297368 -0.183355212
vn 0.908536017 0.379222989 0.175206766
vn 0.848933399 0.525681317 -0.0540482812
vn 0.993957341 -0.0683919787 -0.0856959745
vn 0.988982797 -0.122470781 0.0827967152
vn 0.847651601 -0.521561325 -0.0971709341
vn 0.837153256 -0.503097653 -0.214484081
vn -0.617694616 0.698446631 0.361308634
vn -0.0739768669 0.970000327 0.231543928
vn -0.564622939 0.814813673 0.131260112
vn -0.86651206 -0.497146517 -0.0439771712
vn -0.917905211 -0.350840777 -0.185308397
vn -0.992034674 0.0260933265 -0.122989595
vn -0.999420166 0.0151371807 0.0299996957
vn -0.358989239 -0.933286548 -0.0090334788
vn 0.0254829563 -0.988494515 -0.148869291
vn -0.427777946 -0.889675617 -0.159581289
vn 0.899533093 -0.396832168 -0.182592243
vn 0.992675543 0.00845362712 -0.120456554
vn 0.872127473 -0.47926268 -0.0982696041
vn -0.426801354 0.890865803 0.155461282
vn 0.0626239851 0.985076427 0.160222173
vn -0.021210365 0.999145508 -0.0352488793
vn -0.548783839 0.835139036 -0.0367137678
vn 0.932309926 0.0214239936 -0.360972941
vn 0.964964747 -0.11358989 -0.236396372
vn 0.973998249 0.147404402 -0.171910763
vn -0.0177617725 0.889461935 -0.456617951
vn 0.304696798 0.878719449 -0.367412329
vn -0.652516246 -0.757622004 0.0140995514
vn -0.665364563 -0.732871473 -0.14197211
vn -0.100405894 -0.983336866 -0.151371807
vn -0.0451979116 -0.998260438 -0.0377819166
vn -0.179540396 -0.981536329 -0.0658589453
vn -0.18250069 -0.98303169 -0.0180059206
vn 0.10199286 -0.994567692 -0.0201727357
vn -0.00506607257 -0.99887079 -0.0468764305
vn 0.199743643 -0.978026688 -0.0595110953
vn -0.527420878 -0.847956777 -0.052186653
vn -0.748344362 -0.662556827 -0.0307626575
vn -0.558793902 -0.827082098 0.0603350922
vn 0.14642781 -0.972167134 -0.182714313
vn -0.072969757 -0.980834365 -0.180608541
vn 0.0779747888 -0.907467902 -0.412793368
vn 0.818262279 -0.317545086 0.479171127
vn 0.959807098 -0.147129729 0.238868371
vn -0.378276914 -0.924375117 0.048890654
vn -0.48051393 -0.876308501 -0.0339671001
vn -0.55870235 -0.820825815 -0.118503369
vn -0.311807603 -0.947477639 0.0708944947
vn -0.741966009 -0.646839797 -0.176244393
vn -0.651692271 -0.743644536 -0.149143949
vn 0.777092814 -0.530075967 0.339304775
vn 0.533494055 -0.718527794 0.446150094
vn 0.638172567 -0.575365484 0.511520743
vn -0.587817013 0.387371451 -0.710165739
vn -0.728568375 0.208868682 -0.65233314
vn -0.92043823 0.341654718 -0.18985565
vn -0.431318104 -0.900845349 -0.049012728
vn 0.858363569 -0.28015992 -0.429761648
vn 0.831904054 -0.493789494 -0.253181547
vn 0.872951448 -0.417737365 -0.251777709
vn -0.178807944 0.942472637 -0.282418281
vn 0.0343028046 0.996124148 0.0806909427
vn 0.597338796 0.800439477 0.0490432456
vn -0.970732749 0.0929898992 0.221320227
vn -0.931638539 0.0435499139 0.360759288
vn -0.866084754 -0.15799433 0.47422713
vn -0.957182527 -0.00466933195 0.289376497
vn -0.607013166 0.578325748 0.544969022
vn -0.586382627 0.288186282 0.757011652
vn -0.561754227 0.0690328702 0.824396491
vn -0.957823396 -0.227179781 0.175908685
vn -0.617542028 -0.55995363 0.552293479
vn -0.821832955 0.427076012 -0.376995146
vn -0.781640053 0.519577622 -0.344981223
vn -0.724021137 0.661458194 -0.195471048
vn -0.646076858 -0.135959953 0.751030028
vn -0.883449793 0.0582598336 0.464827418
vn -0.923001826 0.0730307922 0.377727598
vn 0.993865788 -0.0770592391 -0.0792260543
vn 0.723929584 -0.478774369 0.496627718
vn 0.877040923 -0.469466239 0.101870783
vn -0.533951819 -0.657185555 0.531937599
vn -0.48869288 -0.766258717 0.417126983
vn -0.42432937 -0.884823143 0.192327648
vn -0.969939291 0.140568256 0.19852291
vn -0.93539232 -0.31284523 0.164647356
vn -0.867122412 -0.136661887 0.478957474
vn 0.699819922 0.526139081 -0.483108014
vn 0.554307699 0.388714254 -0.73592335
vn 0.783898413 0.338724941 -0.520310044
vn 0.784112036 -0.539201021 0.307138294
vn 0.388622701 -0.422162533 0.818964183
vn 0.273995191 -0.829798281 0.486098826
vn 0.708883941 -0.683675647 0.173192546
vn 0.898556471 -0.417340606 0.135502189
vn 0.615222633 -0.592242181 0.520310044
vn -0.284371465 0.104098633 -0.953032017
vn -0.728446305 0.212195203 -0.651387095
vn 0.0526444279 -0.785363317 -0.616779089
vn 0.311105698 0.504928768 -0.805108786
vn 0.340403467 0.425275415 -0.838587582
vn -0.325693548 -0.542588592 0.77425456
vn -0.206793427 -0.593279839 0.777947307
vn -0.228919342 -0.790032625 0.568651378
vn -0.675771356 -0.478408158 0.560747087
vn -0.731284499 -0.446302682 0.515732288
vn -0.981688917 -0.17413862 -0.0768456087
vn -0.358043164 -0.0448927283 -0.932615101
vn -0.668385863 -0.533799231 -0.517929614
vn -0.928556144 -0.213171795 -0.303842276
vn -0.855128646 0.173589289 -0.488448739
vn 0.945646524 -0.277962595 -0.168645278
vn 0.952696323 -0.292672515 -0.0815454572
vn 0.759331048 -0.148503065 -0.633472681
vn -0.992339849 0.113010041 0.0497756898
vn -0.960814238 0.180700094 0.210058898
vn 0.988982797 0.0736411661 0.1282693
vn 0.968352318 0.0619830936 0.241706595
vn 0.933408618 -0.309244066 0.181890324
vn -0.896572769 -0.215460673 -0.38688314
vn -0.914883852 -0.091433458 -0.393200487
vn -0.511429191 -0.107486188 -0.85256511
vn -0.574327826 0.815973401 0.0656453148
vn -0.583025634 0.767632067 0.266029835
vn 0.0455641337 0.96078372 0.273476362
vn 0.0511795394 0.855769515 0.514755726
vn 0.158818319 0.850917101 0.500686646
vn 0.198065132 0.720999777 0.663960695
vn 0.981353164 -0.0658894628 -0.180394903
vn 0.881496608 0.470137626 0.043366801
vn 0.900082409 0.394970536 -0.183874026
vn -0.155247658 -0.7307657 0.664693117
vn -0.453291416 -0.85244298 0.260414451
vn -0.53117466 -0.823145211 0.200598165
vn -0.839136958 -0.543778777 0.0110782189
vn -0.709463775 -0.664754152 -0.233863339
vn -0.532609046 -0.680379629 -0.503341794
vn -0.33384198 -0.942625225 -0.00057985168
vn 0.214667201 0.554612875 0.8039186
vn 0.171880245 0.220954016 0.959990263
vn 0.41554004 0.372600496 0.829737246
vn -0.682393849 -0.729453385 -0.046967987
vn -0.658070624 -0.503067136 0.560197771
vn -0.819086254 -0.573503852 0.0123905148
vn -0.923307002 0.324259162 -0.205664232
vn -0.823755622 0.230353713 -0.517990649
vn 0.189092681 -0.727835953 -0.659138739
vn 0.231574446 -0.906949043 -0.351847887
vn 0.871242404 -0.478194535 -0.110477008
vn 0.930204153 -0.364848793 -0.0396435447
vn 0.96304208 0.11447493 -0.243751332
vn 0.9524827 -0.0927152336 -0.290047914
vn 0.864314735 0.236945704 0.443586528
vn 0.963316739 0.168065429 0.209082305
vn 0.777672648 0.560991228 0.283608496
vn 0.816858411 0.415295869 -0.400250256
vn 0.966338098 -0.0485244319 -0.252632231
vn 0.513931692 0.716635644 -0.471419424
vn 0.737327218 0.593066216 -0.323343605
vn 0.0207525864 0.916653931 -0.399090558
vn 0.446150094 -0.890957355 0.0843836814
vn 0.661030889 -0.748985231 -0.0448011719
vn 0.517990649 -0.836756468 0.177373573
vn -0.551225305 0.433698535 -0.712759793
vn -0.623462617 -0.0209356975 -0.7815485
vn 0.326029241 -0.153386027 -0.932798266
vn 0.181432545 -0.780907631 0.597674489
vn 0.284676671 -0.927152336 0.243476674
vn 0.351512194 -0.842524469 0.408093512
vn -0.532486975 0.839777827 -0.105655082
vn -0.488326669 0.871028781 0.0531632453
vn -0.112399668 0.972838521 -0.202307194
vn -0.295480222 -0.204046756 -0.933286548
vn -0.331034273 -0.752739012 -0.568987072
vn -0.25565356 -0.212561414 -0.943082988
vn -0.907651007 0.418073058 -0.0367442854
vn -0.856135726 0.514694691 0.0455336161
vn -0.913602114 0.171269879 0.368755162
vn -0.988067269 -0.0383007303 0.149113432
vn 0.881405056 -0.139988407 0.451063573
vn 0.839106441 -0.518845201 0.163182467
vn 0.941099286 -0.258064508 0.21839045
vn -0.640705585 -0.290566742 0.710623503
vn -0.676900566 0.0800195336 0.731681287
vn -0.857387006 0.512985647 -0.0413220637
vn -0.824121833 0.546708584 0.148014769
vn -0.464583278 0.821802437 -0.329752505
vn -0.276345104 0.848078847 -0.452070683
vn -0.672139645 0.728171647 -0.133915216
vn 0.911740482 0.409314245 0.0338755473
vn 0.894985795 0.397625655 -0.202093571
vn 0.618427098 0.771477401 -0.149540693
vn -0.621356845 -0.674550593 0.398602247
vn -0.336008787 -0.60646385 0.720603049
vn 0.337473691 -0.77086705 0.540238678
vn -0.153233439 -0.913388491 0.377086699
vn 0.683797717 -0.702963352 0.195440531
vn 0.866054237 -0.492538214 0.0855433792
vn 0.64391005 -0.377391875 -0.665517151
vn 0.800164819 -0.59187597 -0.0969573036
vn 0.284432501 -0.889675617 -0.357066572
vn 0.670918941 -0.496627718 0.550614953
vn -0.636310935 -0.75817132 0.142307803
vn -0.590075374 -0.739341438 0.324259162
vn -0.0766319782 -0.994415104 0.0721457601
vn 0.115451522 0.910397649 -0.397228926
vn -0.0196539201 0.896023452 -0.443525493
vn -0.389355153 0.789788485 -0.473921925
vn 0.0372936204 -0.970427573 0.238410592
vn -0.54524368 -0.766136646 0.340159297
vn 0.582262635 -0.812860489 -0.0131839961
vn 0.0341807306 -0.961851835 0.271340072
vn -0.542771697 0.792931914 0.27677235
vn -0.463118374 0.878566861 -0.116641745
vn -0.0861232355 0.828638554 -0.553086936
vn 0.482772291 0.875637054 -0.0131229591
vn -0.820001841 0.55330056 0.146366775
vn -0.963560879 0.0252082888 0.266243488
vn -0.996795535 0.076570943 0.0228278451
vn 0.56724751 -0.0831018984 -0.819299877
vn 0.331186861 -0.0449232459 -0.942472637
vn 0.361674845 -0.445783854 -0.818781078
vn 0.939939559 0.337778866 0.048585467
vn 0.983581066 0.177831352 -0.0302743614
vn 0.911282718 0.31397444 -0.266304523
vn 0.178106025 0.91729486 0.356089979
vn -0.169743955 0.932340443 0.319193095
vn -0.135471657 0.845973074 0.515701771
vn -0.726004839 -0.685537279 -0.0539262071
vn -0.649586499 -0.699575782 -0.297647029
vn -0.743400395 -0.653767526 -0.140965
vn 0.15146336 -0.987914681 0.0319223627
vn 0.309213549 -0.802423179 -0.510330498
vn 0.0228583645 0.809137225 -0.587145627
vn 0.000732444227 0.517441332 -0.855677962
vn 0.742973089 -0.564867079 0.358958721
vn 0.618854344 -0.73503828 0.27689445
vn 0.884029686 -0.40421766 0.234595776
vn 0.01617481 -0.434400469 0.900570691
vn -0.0444959886 -0.462508023 0.885464013
vn -0.0830408633 -0.663319826 0.743675053
vn 0.792016387 0.590258479 -0.155766472
vn 0.749320984 0.635273278 -0.186803803
vn 0.436811417 0.842158258 -0.316141248
vn 0.909848332 -0.38059634 -0.165166169
vn 0.956419587 0.0499893203 -0.287606448
vn 0.983245313 -0.00701925717 -0.182103947
vn 0.672231197 0.587145627 -0.450910985
vn 0.860652506 0.408459723 -0.303994864
vn -0.188360244 -0.777703166 0.599719226
vn -0.292062134 -0.898251295 0.328287601
vn -0.205023348 -0.938505232 0.277748942
vn -0.694296062 0.523697615 -0.493575841
vn -0.652058482 0.607959211 -0.452925205
vn -0.624744415 0.669362485 -0.402020335
vn -0.206122011 0.0689107925 -0.976073503
vn -0.264809102 -0.04031495 -0.963438809
vn -0.751274168 0.0738242716 -0.655812263
vn -0.784997106 0.54374826 0.296792507
vn -0.827814579 0.553636253 0.0903653055
vn 0.265633106 -0.21423994 -0.939939559
vn 0.755394161 -0.455916017 -0.470595419
vn -0.367687017 -0.853724778 -0.368633062
vn -0.659871221 -0.692648113 -0.291177094
vn -0.440900892 -0.853999436 -0.276100963
vn -0.0605182052 -0.659840703 0.748924196
vn -0.0886867866 -0.435865343 0.895596206
vn 0.960203886 0.0931730121 0.263222158
vn 0.910122991 0.389873952 -0.140049443
vn 0.821008921 0.563951552 -0.0886257514
vn 0.957090974 -0.2387463 0.164220095
vn 0.94494462 -0.269508958 -0.18539995
vn 0.964232326 -0.261726737 -0.0418103598
vn 0.513565481 0.682332814 -0.520218492
vn 0.255317837 0.823297858 -0.506881952
vn 0.367381811 0.642048419 -0.672872126
vn 0.710348845 0.284554571 0.643726945
vn -0.927060783 0.202856526 -0.315225691
vn -0.991027534 0.114139229 -0.0691854581
vn -0.983947277 -0.174626917 -0.0362865068
vn -0.976683855 -0.105777152 -0.186773285
vn 0.349375904 0.935911119 -0.0444044322
vn -0.00381481368 0.973815143 -0.227179781
vn 0.00674459059 0.928495109 -0.371227145
vn -0.137638479 0.934446216 -0.328409672
vn -0.0155949583 -0.966338098 0.256691188
vn 0.153569147 -0.935239732 0.318918437
vn -0.970946372 0.116397597 -0.208960235
vn -0.951567113 0.286355168 0.111636706
vn -0.00152592547 0.905087411 -0.425183862
vn -0.0929593816 0.95562607 -0.279457986
vn -0.438428909 0.865016639 -0.243873402
vn -0.331919312 0.825891912 -0.455702394
vn 0.974578083 0.207861573 -0.0835291594
vn 0.455214083 0.398327589 -0.796288967
vn 0.985381663 -0.118320264 -0.122379221
vn -0.958494842 -0.079317607 -0.27375102
vn -0.936307847 -0.34992522 -0.0288399924
vn -0.800744653 -0.436719865 0.409924626
vn -0.584368408 -0.418134093 -0.695425272
vn -0.829279482 -0.370983005 -0.417889953
vn -0.757866144 -0.650929272 -0.043366801
vn -0.578600407 0.815424025 -0.0172734763
vn -0.234260082 0.971892476 0.0224005859
vn -0.26319164 0.918576598 -0.294839323
vn -0.609759808 0.737754464 -0.289529085
vn 0.854365647 0.0888393819 -0.511947989
vn 0.9808954 -0.167699203 -0.0983306393
vn -0.211890012 0.0799890161 -0.973998249
vn -0.00546281319 0.9683218 0.249580368
vn 0.259651482 0.937376022 0.23209326
vn 0.171880245 0.929013968 0.32767725
vn -0.169469282 0.919583738 0.354411453
vn -0.391247302 0.288003176 0.874019563
vn -0.358500928 -0.163823366 0.919003904
vn -0.235999629 -0.135135964 0.962279141
vn -0.157872245 0.216528818 0.963408291
vn 0.0888088644 0.317087322 0.944212139
vn -0.0539262071 0.171269879 0.983733654
vn 0.756553829 0.340006709 -0.558549762
vn 0.86336863 -0.319986582 -0.390057057
vn -0.571062326 0.755394161 -0.321298867
vn -0.424451441 0.845637381 -0.32352671
vn 0.0900601223 0.895779312 -0.435254991
vn -0.136387214 0.933774829 -0.33082065
vn 0.561662674 -0.826624334 0.034150213
vn 0.49119541 -0.870723605 -0.0231635496
vn 0.356791884 -0.900936902 -0.246925265
vn -0.817926586 0.561418474 -0.125492111
vn -0.811639786 0.584154785 -0.00122074038
vn -0.841273248 0.527237773 -0.119235814
vn -0.650532544 -0.449201941 0.612353921
vn -0.848048329 -0.492141485 -0.196386606
vn -0.972106099 0.228553116 0.052186653
vn 0.718497276 -0.664998293 -0.20368053
vn 0.776177227 -0.59602648 -0.20557268
vn 0.910641789 0.0602130182 0.408703893
vn 0.990722358 0.0930509344 0.0987579003
vn -0.203283787 0.966704309 -0.155217141
vn -0.0122074038 0.987334847 -0.158024848
vn -0.465804011 0.848963916 -0.249549851
vn 0.691610456 -0.682760119 -0.235450298
vn 0.83974731 -0.394207597 -0.373332918
vn 0.642231524 -0.312570572 -0.69985044
vn 0.434247881 -0.89391768 -0.110721156
vn 0.458235413 -0.879696012 -0.126834929
vn 0.679799795 -0.724051654 -0.11648915
vn 0.993987858 0.0191656239 0.107699819
vn 0.87481308 0.483596295 -0.0281685852
vn 0.831476808 0.524704754 0.182439655
vn 0.124515519 0.0867641196 -0.988402963
vn -0.00497451704 0.00799584948 -0.999938965
vn -0.787041843 -0.169713438 -0.593066216
vn -0.911984622 -0.234015927 -0.336863309
vn -0.967833519 -0.248390153 -0.0391552486
vn -0.777886271 -0.268318743 -0.568163097
vn -0.00534073915 -0.989471138 -0.14441359
vn 0.57152015 -0.818842113 -0.0532242805
vn 0.402203441 -0.895596206 -0.18997772
vn -0.43488875 0.285805851 0.853907883
vn -0.802697837 0.577196598 0.149937436
vn -0.444807261 0.894833207 0.0366832502
vn 0.555406332 -0.830164492 0.0480056144
vn 0.422528774 -0.885067284 0.195135355
vn 0.748924196 -0.65559864 0.0961638242
vn 0.717917442 -0.586993039 -0.374156922
vn 0.383312494 -0.830652773 0.403790385
vn -0.619251072 -0.53041172 0.578905582
vn -0.748283327 -0.504257321 -0.430951864
vn -0.688711226 -0.687093735 -0.231421858
vn 0.891933978 0.451094091 0.0301828068
vn 0.916501343 0.364146858 0.165501878
vn 0.640552998 -0.763847768 0.0786461979
vn 0.676900566 -0.734427929 0.0489822067
vn -0.128757596 -0.96090579 -0.245063633
vn -0.466414392 -0.865810096 -0.180974767
vn -0.501113951 -0.74120301 -0.44657734
vn -0.45701468 -0.800561547 0.387585074
vn -0.710104704 -0.682851672 0.171605572
vn -0.615161598 -0.687490463 -0.385814995
vn -0.520126939 -0.754509091 -0.400189221
vn -0.101596117 0.12494278 0.986938059
vn -0.230506301 -0.193914607 0.953520298
vn -0.00546281319 -0.158818319 0.987273753
vn 0.253578305 0.957884431 -0.134678185
vn 0.380504787 0.923001826 0.05673391
vn 0.890072346 0.455702394 -0.00793481246
vn 0.112155519 0.117465742 0.986693919
vn 0.225806445 -0.199652091 0.953459263
vn -0.113528855 0.961973965 0.248359635
vn -0.280556649 0.803186119 0.525467694
vn 0.102572709 0.833399475 0.543015838
vn 0.367961675 -0.0574663542 -0.928037345
vn -0.0480361357 -0.26496169 -0.96304208
vn -0.224707782 -0.0592669472 -0.97259438
vn 0.30454421 0.924771845 0.228003785
vn -0.912656009 -0.393169969 0.111636706
vn -0.51432842 0.741904974 0.430066824
vn -0.584520996 0.651112378 0.484054089
vn -0.468672752 0.622638643 0.62657553
vn -0.895809829 -0.415936768 -0.156529441
vn -0.632190943 -0.724753559 0.273934156
vn 0.953886509 -0.299478143 -0.0194402914
vn 0.636616111 -0.750389099 0.177739799
vn 0.745231509 -0.589556575 0.311441392
vn 0.777642131 -0.616992712 0.120670184
vn 0.832239747 -0.53758353 0.135288551
vn 0.956297517 -0.277169108 0.0927152336
vn -0.801751733 -0.104556412 -0.588396847
vn -0.728568375 -0.463240445 -0.50453198
vn -0.46983245 -0.852656662 -0.228400528
vn -0.68614763 -0.525711834 -0.5027619
vn -0.77300334 -0.623859346 -0.114963226
vn -0.325571448 0.888454854 -0.323435158
vn -0.3765679 0.848078847 -0.372753084
vn -0.494918674 0.693990886 -0.52287364
vn -0.867458105 0.496993929 0.021271402
vn -0.809045672 0.439497054 0.390179157
vn -0.635273278 0.665944397 0.391033649
vn -0.756950617 0.640430927 0.129734188
vn -0.783837378 0.616687536 0.0725119784
vn -0.772484541 0.615070045 -0.157780692
vn -0.906094551 0.374889374 -0.19602038
vn 0.107303083 -0.96517837 0.238532677
vn -0.00946073793 -0.953733921 0.300454736
vn 0.0665608719 -0.991760015 0.109225743
vn -0.890011311 -0.226477861 -0.395641953
vn -0.814966261 0.431134969 -0.387157798
vn -0.721762776 0.382305354 -0.576952398
vn -0.683217883 0.597491384 -0.419721067
vn 0.115726188 0.727744401 -0.675984979
vn -0.0285042878 0.747703493 -0.663380861
vn 0.244514301 -0.707632661 -0.66289252
vn 0.0150151066 -0.732261121 -0.680806935
vn -0.0191045869 -0.995788455 -0.0895718262
vn 0.258735925 -0.961363554 -0.0939359739
vn -0.14944914 0.565752149 -0.810907304
vn -0.533158362 0.548295557 -0.644245744
vn 0.831965089 -0.548692286 -0.082064271
vn 0.904873788 -0.370799899 -0.208929718
vn 0.972380757 -0.217535943 -0.0845057517
vn 0.20789209 -0.0365916938 -0.977446795
vn -0.170110166 0.840296626 -0.514725208
vn 0.00286873989 0.855464339 -0.517807543
vn -0.267281115 0.822687447 -0.501693785
vn -0.275582135 0.9301126 -0.242683187
vn 0.000152592547 0.996276736 -0.085909605
vn -0.672902644 0.73693043 -0.0639362782
vn -0.755943477 0.616534948 0.219977424
vn -0.401196331 0.903134227 0.152836695
vn -0.233008817 0.891384602 0.388714254
vn -0.887112021 0.426435143 -0.176488534
vn -0.74861902 0.649311781 -0.133823663
vn -0.753318906 0.654164255 -0.0673848689
vn -0.140629292 0.439832747 0.886989951
vn 0.00524918362 0.583147705 0.812311172
vn 0.0107730338 0.428876609 0.903286815
vn 0.51319927 -0.838282406 -0.184057131
vn 0.554063559 -0.0383922867 -0.83156836
vn -0.00863673817 -0.236030146 -0.971678793
vn 0.0121158483 0.0666829422 -0.997680604
vn 0.5027619 0.676961601 0.537491977
vn 0.607287824 0.711325407 0.353801072
vn 0.433454394 0.834009826 0.341319025
vn 0.308603168 -0.925534844 -0.219336525
vn -0.151707515 -0.8418836 -0.517868578
vn 0.245643482 -0.81435591 -0.52577287
vn -0.551072717 0.822626412 -0.139744252
vn -0.681447804 0.698995948 -0.216681421
vn 0.0899380445 -0.809167743 0.580584109
vn -0.0677510947 -0.904965341 0.419995725
vn 0.136936545 0.702047765 -0.698812842
vn -0.0686056092 0.881282985 -0.467513055
vn 0.223792225 0.845576346 -0.48466444
vn -0.979399979 -0.191198468 0.0647297576
vn -0.842951775 -0.537217319 -0.027741326
vn -0.917600036 0.171086758 -0.358714551
vn -0.0141911069 -0.836298704 -0.548081934
vn -0.140995517 -0.987853646 -0.0649128705
vn 0.206305131 -0.976683855 -0.0591143519
vn -0.296334714 -0.76018554 -0.578142643
vn -0.991821051 0.11780145 -0.0490432456
vn 0.344492942 0.934995592 -0.0841395333
vn 0.744254887 0.637562156 0.198950157
vn 0.680349112 0.731528699 -0.0442213193
vn -0.933835864 0.356425673 -0.0299081393
vn -0.939451277 0.325815618 0.10611286
vn -0.992339849 -0.00469985045 0.123416856
vn -0.956541657 -0.291207612 -0.0126346629
vn 0.656758308 0.736350596 -0.162541583
vn 0.581774354 0.806360066 0.106173895
vn -0.0850856081 0.980834365 0.175115213
vn 0.0175176244 0.992675543 -0.119449444
vn 0.00494399853 0.993957341 -0.109500416
vn 0.11893063 0.960051298 -0.2532731
vn -0.597643971 0.757103205 -0.263740957
vn -0.82177192 0.568041027 -0.0442823581
vn -0.618091345 0.784264684 -0.0531937629
vn 0.815912366 -0.54915005 -0.180822164
vn 0.977080584 -0.131321147 0.167424545
vn 0.984740734 0.170567945 0.034272287
vn 0.819299877 0.537186801 0.200415045
vn 0.939451277 0.268440813 0.212866604
vn -0.515366077 -0.856044173 0.0392773226
vn -0.560502946 -0.717368066 0.413739443
vn 0.0707419068 -0.83346051 0.547990382
vn 0.0810876787 -0.994201481 0.0705587938
vn -0.459791869 0.860560954 0.219031349
vn -0.137302771 0.99032563 0.0185857732
vn -0.0757774562 0.979583144 0.186101869
vn 0.36915189 0.928586662 -0.0377513953
vn -0.40610981 -0.05038606 -0.912411869
vn -0.597277761 -0.161046177 -0.785668492
vn -0.59050262 -0.429975271 -0.682912707
vn 0.944517374 -0.309396654 0.110171817
vn 0.942838848 -0.319895029 0.0930509344
vn 0.990844429 -0.0372020639 0.129551068
vn -0.415082246 0.909604192 -0.0175786614
vn 0.996032596 0.0680257604 -0.0568865016
vn 0.912472904 0.406170845 -0.048890654
vn 0.879146695 0.475203723 0.0349436924
vn -0.378063291 -0.539109468 0.752586424
vn 0.32767725 -0.618976414 0.713736355
vn -0.0513626523 -0.823267341 0.565263808
vn -0.80404067 -0.504409909 0.31473738
vn -0.628437161 0.74535358 0.222418904
vn -0.560655534 0.827753544 -0.0211798456
vn 0.123081148 0.979796767 -0.157506034
vn 0.0289010294 0.977935135 0.206823945
vn 0.644886613 0.736472666 0.204168826
vn 0.546952724 0.834559143 -0.065553762
vn -0.744285405 0.639301717 -0.193029568
vn -0.859645367 0.509872735 -0.0312509537
vn -0.993987858 -0.0480971709 -0.098178044
vn -0.976317644 0.0972624868 -0.193151653
vn -0.900112927 -0.40208137 -0.167546615
vn -0.8577227 -0.485885203 -0.167851806
vn 0.867000341 -0.491317481 -0.0828272328
vn 0.997253358 -0.0319833979 -0.0664693117
vn 0.984221935 -0.131809443 0.117923521
vn -0.848902881 -0.526810527 -0.04242073
vn -0.987395883 -0.107455671 0.116000853
vn -0.993896306 0.0172429588 0.108890042
vn -0.876461089 -0.481093794 -0.0170598477
vn -0.863734841 -0.496047854 -0.0887478292
vn -0.992980719 0.0141911069 -0.117221594
vn -0.992553473 -0.00305185094 -0.121707819
vn -0.138859212 -0.969603539 0.20142217
vn -0.172307506 -0.980864882 0.0904263407
vn 0.539780855 0.827875614 -0.152348399
vn 0.0332041383 0.982665479 -0.182287052
vn 0.0217291787 0.999542236 0.0208441429
vn 0.491897345 0.867702246 0.0713827908
vn 0.313364059 -0.775841534 0.547563076
vn 0.116855375 -0.679769278 0.724021137
vn 0.277932078 -0.681478322 0.676961601
vn 0.967680871 -0.251747191 0.0137028107
vn 0.982207716 0.144047365 0.120273449
vn -0.0853907913 -0.932340443 -0.351298571
vn -0.632435083 -0.699301124 -0.33307901
vn 0.599261463 -0.65410322 -0.461500913
vn 0.787530124 0.0262459181 -0.615680397
vn 0.798913538 0.00662251655 -0.601367235
vn 0.955595553 -0.0390026569 -0.292062134
vn -0.445966989 0.424573511 -0.787896335
vn 0.150303662 0.569841623 -0.807855487
vn 0.97674489 0.0625934601 -0.205023348
vn 0.863978982 0.47636342 -0.163090914
vn 0.701498449 -0.704519808 0.107364118
vn 0.0736106485 -0.758445978 0.647541761
vn 0.0074159978 -0.726828814 0.686727524
vn 0.0748313889 -0.626178801 0.776055157
vn 0.000335703604 -0.999603271 0.0271919928
vn 0.065950498 -0.995941043 0.0607623532
vn 0.628864408 -0.763298452 0.147862181
vn 0.0864284188 0.941526532 -0.325601965
vn -0.0379039906 0.602954209 -0.796868801
vn 0.400982708 0.596575797 -0.695150614
vn 0.173589289 -0.31699577 0.932370961
vn -0.411603123 -0.402356029 0.817712963
vn -0.368205816 -0.418012023 0.83043915
vn -0.867366552 -0.317728192 0.383007288
vn -0.792718291 -0.600726366 -0.103305154
vn 0.239875481 -0.743064642 -0.624713898
vn -0.388164908 -0.710440397 0.586962521
vn -0.009704886 -0.844935477 0.534745336
vn 0.0598162785 -0.845057547 0.531266212
vn -0.000762962736 -0.923551142 0.383434564
vn 0.797296047 -0.423810542 -0.429700613
vn 0.668080688 -0.552751243 -0.498092592
vn 0.562639236 0.775078595 -0.287484348
vn 0.791375458 0.59791863 -0.127201155
vn 0.64152956 0.765282154 -0.0520340577
vn 0.410290837 -0.144047365 0.900479138
vn 0.385692924 -0.522385299 0.760460198
vn 0.356395155 -0.545274198 0.758690119
vn 0.315256208 -0.897396743 0.308633685
vn 0.378826261 -0.602374315 0.702566624
vn -0.248207033 -0.800042748 0.546159267
vn -0.968657494 0.219977424 0.115237892
vn -0.996978641 0.00411999878 0.07739494
vn -0.969542503 -0.107730336 0.219794303
vn 0.238227487 -0.679311514 -0.694082439
vn -0.435560167 -0.673268855 -0.597460866
vn 0.992248297 0.0304879919 -0.120365001
vn 0.769310594 0.168736845 -0.61613816
vn -0.705587924 0.703329563 -0.086336866
vn -0.469985038 0.880275905 0.0647602752
vn -0.471297354 0.879116178 -0.0704367235
vn -0.785302281 -0.596575797 0.165379807
vn -0.963896632 0.265450001 0.0208746605
vn -0.316171765 -0.0757774562 -0.945646524
vn -0.695028543 -0.221259192 -0.684041858
vn -0.6774804 -0.178899497 -0.71343118
vn -0.921811581 -0.227881715 -0.313486129
vn -0.932554066 -0.299356073 -0.201788381
vn -0.597003102 0.800408959 0.0535905026
vn -0.675283074 0.69231236 0.254249692
vn -0.0452589504 0.954710543 0.293984801
vn -0.0518509485 0.996581912 0.0641499087
vn 0.823236763 0.566606641 0.0346079916
vn 0.269844651 -0.685872972 0.675801873
vn 0.526322186 -0.550187707 0.648243666
vn 0.394726396 -0.849574268 -0.349772632
vn 0.668721557 -0.692922771 -0.26947844
vn 0.71568954 -0.648304701 -0.259712517
vn 0.115848266 0.992797613 0.0298165847
vn 0.535752416 0.839655757 -0.0889004171
vn -0.837000668 0.354625076 -0.416699737
vn -0.973174214 0.0888393819 -0.212134153
vn -0.951445043 -0.0989715233 -0.291421235
vn -0.906369209 -0.408917516 -0.106051818
vn -0.885097802 -0.465285182 -0.00686666463
vn -0.963652432 -0.0476699136 -0.262764364
vn -0.947477639 0.192480236 0.255348355
vn -0.993316472 0.0638447255 0.0959501937
vn -0.873073518 -0.42847988 0.232642591
vn 0.497054964 0.827875614 -0.259865105
vn -0.115665153 0.926114678 -0.359019756
vn 0.873287141 0.250892669 -0.417584777
vn 0.880916774 0.397503585 -0.25678274
vn 0.649098158 0.751731932 0.116153449
vn 0.407086402 0.868343174 -0.283272803
vn -0.281472206 0.841425836 -0.461195707
vn -0.345377982 0.865749061 -0.362163156
vn 0.11569567 0.975463092 -0.187231049
vn 0.148991361 0.928098381 -0.341135889
vn 0.958555877 -0.185216829 0.216437265
vn 0.600909472 -0.320932657 0.732016981
vn 0.92571795 0.164525285 0.34049502
vn 0.651387095 0.743278325 0.152317882
vn 0.623706758 0.677419364 0.389904469
vn 0.86663413 0.480666518 0.13361004
vn -0.134800255 -0.751274168 -0.64604634
vn -0.309884936 0.503921628 -0.806237996
vn -0.84075439 0.451490819 -0.298715174
vn -0.127170622 -0.414227724 -0.90121156
vn 0.992950201 0.0175481439 -0.117069006
vn 0.905819893 0.416028321 -0.0797753856
vn 0.976989031 0.108890042 -0.183355212
vn -0.404858559 -0.829126894 0.385479301
vn 0.899166822 -0.284524053 0.332407594
vn 0.969115257 0.164799958 0.18332468
vn 0.772759199 0.59376812 0.224036381
vn 0.836756468 0.540818512 0.085665457
vn -0.0119327372 0.973815143 0.22693564
vn -0.114261299 0.9808954 -0.157383949
vn 0.426007867 0.903134227 -0.0530716889
vn -0.438856155 -0.860896647 0.257301539
vn -0.657765448 -0.720725119 0.218726158
vn -0.157017738 -0.757805109 0.633259058
vn 0.265022725 -0.879543424 0.395153672
vn -0.710928679 -0.695516825 -0.103976563
vn -0.0216986611 -0.357432783 0.933652759
vn -0.510422051 -0.837458432 -0.195165873
vn -0.582018495 -0.813013077 -0.0153202917
vn -0.280800819 -0.313516647 0.907101631
vn 0.245826587 0.968688011 0.0343028046
vn -0.170201734 0.970183432 0.172460094
vn 0.588549435 -0.737296641 0.331644654
vn -0.0318002887 -0.963255703 0.266609699
vn 0.416638702 0.851222277 -0.319071025
vn 0.41441083 0.907193184 -0.0724204257
vn 0.160679951 0.73277992 -0.661183536
vn -0.380382717 0.924314082 0.0302743614
vn -0.0565202795 -0.991821051 0.114169747
vn 0.542466521 -0.839838862 0.0186162908
vn 0.465865046 -0.884334862 0.0292977691
vn -0.75917846 -0.64995271 -0.034150213
vn -0.908505499 -0.384533226 -0.163426623
vn -0.884334862 -0.448377937 -0.129947811
vn 0.845637381 -0.525406659 -0.0938749388
vn 0.882412195 -0.454206973 0.122440264
vn 0.972685933 0.0529801324 0.225959048
vn 0.984130383 0.17603077 0.0220343638
vn 0.888485372 0.346140921 0.301217675
vn 0.791528046 0.603656113 0.0951567143
vn 0.469771415 -0.251930296 0.84603411
vn 0.63097018 -0.111392558 0.767754138
vn 0.784386754 -0.258766443 0.563676894
vn 0.766991198 -0.59086889 0.250099182
vn 0.817865551 -0.574449897 0.0328684337
vn 0.674733698 -0.702139318 -0.227362901
vn -0.229285568 -0.973021626 0.0249641407
vn 0.444532603 0.884914696 -0.13888973
vn 0.397503585 0.917386413 0.0188299213
vn 0.737083018 -0.191534162 0.648030043
vn 0.665181458 -0.00265511032 0.746635318
vn 0.30768761 -0.216956079 0.926389337
vn -0.443861216 -0.895229936 0.0388500616
vn -0.560716569 -0.817773998 -0.129642636
vn -0.695150614 -0.718344688 0.0266426597
vn -0.850795031 0.427045494 -0.306161702
vn -0.955900729 0.0577715375 -0.287911624
vn -0.983184278 -0.0022583697 -0.182439655
vn -0.205298007 0.977782547 -0.0421460606
vn 0.17596972 0.318552196 -0.931394398
vn 0.937131882 -0.343729973 0.0598467961
vn -0.0532242805 -0.787652194 -0.61375773
vn 0.937314987 -0.259407341 -0.232642591
vn 0.96090579 -0.244544819 -0.129612103
vn 0.860469401 -0.497543246 -0.109439373
vn 0.757072687 -0.65297401 0.0206305124
vn -0.63109225 0.731498182 -0.258095026
vn -0.846369803 0.515640736 -0.133121744
vn 0.495284885 0.509018242 0.703939915
vn 0.544511259 0.0783715323 0.835047483
vn 0.552049339 0.590533137 0.588579953
vn 0.719717979 0.692648113 0.0467848741
vn 0.372753084 0.925046563 0.0727561265
vn 0.397350997 0.913205385 -0.0899685696
vn 0.674520075 0.635822654 -0.375102997
vn 0.769493699 0.616840124 -0.16534929
vn 0.439436018 0.858088911 -0.265602589
vn 0.344035149 0.824427009 -0.449324012
vn -0.889370382 -0.453291416 -0.0589922778
vn -0.314188063 -0.59691155 -0.73818171
vn -0.365672767 -0.127323225 -0.921964169
vn -0.986877024 -0.0870998278 -0.1358684
vn -0.650257885 0.755790889 -0.0767845735
vn -0.505417049 0.839838862 0.198004097
vn 0.797784328 -0.549180567 -0.248725846
vn 0.700430334 -0.70738852 -0.094607383
vn 0.870479465 -0.490798682 -0.036896877
vn 0.465895563 -0.825159431 -0.319406718
vn 0.51219213 -0.849055469 -0.129337445
vn -0.918454528 -0.392071277 -0.0520035401
vn -0.799371302 -0.598467946 -0.053132724
vn 0.522019088 -0.46644491 0.714041591
vn 0.26194036 -0.156315804 0.952330112
vn -0.587755978 0.796441555 0.142002627
vn -0.259529412 0.94268626 0.209601119
vn -0.640980244 0.749687195 -0.16446425
vn -0.764213979 -0.587633908 -0.265724659
vn -0.0999786407 0.873073518 -0.477156907
vn -0.469069481 0.784325719 -0.405865669
vn 0.15900144 0.925992608 -0.34238717
vn -0.0254219193 0.99774164 -0.0616779067
vn -0.636463523 -0.436078995 -0.636188865
vn -0.950071692 -0.306711018 -0.0572832413
vn 0.938261032 0.326364934 0.114566483
vn 0.845240653 0.488357186 -0.216834009
vn 0.827265263 0.561723709 -0.00894192327
vn 0.983214796 0.170354322 0.0650349408
vn -0.454969943 -0.127353743 -0.881313503
vn -0.169408247 0.762230277 0.624713898
vn -0.899990857 0.429242849 -0.0754722729
vn -0.894314408 0.397381514 0.205603197
vn 0.522507429 -0.777489543 -0.34992522
vn -0.172246471 -0.952726841 0.250221252
vn 0.750205994 0.660603642 -0.027558215
vn 0.697378457 0.712240994 0.0796838254
vn 0.525650799 -0.832880616 -0.173009425
vn 0.6108585 -0.60420543 -0.511612296
vn 0.689565718 -0.71391952 -0.121555224
vn 0.883816063 0.418439269 -0.209173858
vn 0.958189666 0.0757774562 0.275826275
vn 0.776574016 0.619220555 0.115878783
vn 0.237342447 0.842585504 -0.483382672
vn -0.0169988107 0.824701667 -0.565263808
vn -0.175115213 0.858882427 -0.4812769
vn 0.555894673 -0.618243992 0.555619955
vn 0.64455092 -0.474471271 0.599505603
vn 0.811822891 -0.58119452 0.0559099093
vn 0.929624319 -0.365520179 -0.0463881344
vn 0.787499607 -0.323099464 -0.524796307
vn 0.762260795 -0.647267044 -6.10370189e-05
vn 0.925748467 -0.35206154 -0.137913138
vn 0.0162053294 -0.99145484 -0.12939848
vn 0.510086358 -0.8544572 -0.0982696041
vn 0.442396313 -0.890469074 -0.106265448
vn 0.932706714 -0.354472488 -0.0660420582
vn 0.771629989 -0.630481899 -0.0838343427
vn 0.921353817 -0.387829214 -0.025696585
vn -0.610522807 -0.121433146 -0.782616675
vn -0.96819973 0.246925265 -0.040070802
vn -0.0208136234 -0.537888706 -0.842738092
vn 0.143589586 -0.739402473 -0.657734931
vn -0.411023289 0.905697823 -0.103671379
vn -0.0974455997 0.936582565 -0.336527616
vn 0.86425364 0.0210272539 -0.502548277
vn -0.321176797 -0.943632305 -0.0795922726
vn -0.451918095 -0.843287468 0.290841401
vn -0.639759541 -0.768120348 0.0261543635
vn 0.61186558 -0.79021579 0.034150213
vn -0.0306100659 0.999084473 0.0288399924
vn 0.00781273842 0.995239139 -0.0970183387
vn -0.265419483 -0.694357157 0.668874145
vn -0.678456962 -0.657551825 0.327524632
vn -0.0986358225 0.734427929 -0.671468258
vn 0.68175298 0.59904784 -0.419843137
vn 0.639332235 -0.765404224 -0.0733665004
vn 0.63524276 -0.67558825 0.37418744
vn 0.334849089 -0.928342521 0.1612598
vn -0.268074602 0.963347256 -0.00634784997
vn 0.172429577 0.975035846 -0.139835805
vn -0.18652913 0.941648602 -0.280129403
vn 0.84099859 0.266365558 0.470870078
vn 0.521225631 0.32667014 0.788384676
vn 0.677327812 0.0605182052 0.733146131
vn -0.663930178 -0.334482878 -0.668782592
vn 0.936429918 0.170506909 -0.306527913
vn 0.755424678 0.424787134 -0.498825043
vn -0.649678051 -0.758201838 -0.0547807254
vn -0.743919194 -0.667958617 0.0191656239
vn -0.937131882 -0.343729973 0.0598467961
vn -0.769646287 -0.616443396 0.166142762
vn -0.502578795 -0.85256511 0.143192843
vn -0.921903133 -0.356608778 -0.151249737
vn -0.81008333 -0.208441421 -0.547990382
vn 0.78569901 -0.566057324 -0.249458298
vn 0.355510116 -0.404431283 0.842616022
vn -0.266243488 -0.271950424 0.92471081
vn -0.130497143 0.595171988 0.792901397
vn 0.211371198 0.579729617 0.786889255
vn 0.201391637 -0.808313251 -0.553209007
vn 0.666371644 -0.693227947 0.274391919
vn -0.483077496 -0.740531623 0.467116296
vn 0.925077081 -0.2628254 -0.274056226
vn 0.730582595 -0.623523653 0.278237253
vn 0.674306452 -0.529709756 -0.51445049
vn -0.845515311 -0.518814683 0.125980407
vn 0.557145894 -0.816949964 -0.148838773
vn 0.418103576 -0.903408945 -0.0949736014
vn 0.627674162 -0.762718618 -0.155674919
vn 0.14297922 0.98956269 -0.0166020691
vn -0.0126041444 0.994201481 -0.106692709
vn 0.599200428 0.749198914 -0.282143623
vn 0.57252723 0.819849253 0.000152592547
vn -0.968291283 0.0321054719 0.247657701
vn -0.899349928 0.402935892 -0.169652387
vn -0.9937132 -0.0765404254 -0.0814233869
vn -0.0283211768 0.376598418 -0.925931573
vn -0.906796455 0.416852325 -0.0626850203
vn -0.729422867 0.68300426 0.0373546556
vn -0.662526309 -0.741874456 -0.103091523
vn -0.995269656 0.0967741907 0.00683614612
vn 0.770531356 -0.365428627 -0.522232711
vn 0.649586499 0.759117424 -0.0413830988
vn 0.3098239 0.950437963 0.0255134739
vn -0.956297517 -0.269447923 0.113345742
vn -0.948820472 -0.281563759 0.142948702
vn -0.850642443 -0.513168752 0.114017151
vn 0.0590227991 0.955748141 -0.288094729
vn -0.67885375 -0.725882769 0.110507526
vn -0.506515682 -0.861751139 -0.0281380657
vn -0.0643024966 -0.985839427 0.15466781
vn -0.833552063 0.266670734 0.483779401
vn 0.140965 -0.781456947 -0.607776105
vn -0.843073845 -0.533616126 -0.0666219071
vn -0.0189214759 0.23554185 -0.971648276
vn 0.915799439 -0.352030993 -0.193304241
vn 0.829554141 -0.487838387 -0.271706283
vn 0.727286577 0.672811031 -0.135319069
vn 0.929227591 0.366344184 -0.0478835404
vn 0.83458966 -0.550126672 -0.027619252
vn -0.317423016 -0.486098826 -0.814172804
vn 0.160924107 -0.84414196 0.511368155
vn -0.860866129 -0.498855561 0.100222789
vn 0.61638236 -0.569750071 0.543504119
vn 0.786462009 -0.581133485 0.209051788
vn -0.782097816 0.615619361 -0.0962553769
vn -0.726187944 0.608935833 -0.319101542
vn 0.184606463 0.947569191 -0.260719627
vn -0.726798296 0.235328227 -0.645222306
vn 0.270516068 -0.0141911069 0.962584317
vn 0.286233097 0.517014086 0.806665242
vn 0.640827656 0.0167851802 0.767479479
vn 0.604785323 -0.734183788 0.30845058
vn 0.713034451 -0.69042021 -0.121860407
vn 0.893307269 -0.436078995 -0.108554341
vn 0.248817414 0.741660833 -0.622882783
vn 0.837214291 0.0759910867 -0.541520417
vn 0.93853575 -0.0350657664 -0.343302727
vn -0.594073296 0.350352496 -0.724082172
vn -0.730979323 -0.151219219 0.665395081
vn -0.851130724 0.141392261 0.505478084
vn 0.792962432 -0.18048647 -0.581896424
vn -0.022644734 -0.999694824 -0.0074159978
vn 0.106723227 -0.976989031 0.184484392
vn -0.51634264 -0.8132267 0.26834926
vn 0.271919906 0.962279141 -0.00469985045
vn 0.638294637 0.767174304 -0.0632343516
vn 0.200598165 0.937314987 -0.284859776
vn 0.66264838 -0.334238708 -0.670155942
vn -0.685537279 0.724082172 -0.075716421
vn 0.600085437 -0.00912503432 -0.799859643
vn 0.604541183 0.693960369 -0.391033649
vn 0.625598907 0.579638064 -0.522110641
vn -0.223883793 0.107852414 -0.968626976
vn -0.0865810141 0.242011786 -0.966368616
vn -0.637562156 0.761925101 0.113803521
vn -0.0169682913 -0.825220525 0.564500868
vn -0.241218299 -0.742789984 -0.624530792
vn 0.0283211768 0.376598418 -0.925931573
vn 0.793938994 -0.598406911 -0.107333601
vn -0.578966618 -0.410412908 0.704489291
vn -0.307199329 -0.491561621 0.814844191
vn 0.392803729 0.77300334 0.498123109
vn 0.843470573 0.0946989357 -0.528702676
vn -0.185888246 -0.807336628 -0.560014665
vn 0.65861994 -0.382091731 -0.648213148
vn 0.483291119 -0.742759466 0.463362515
vn 0.34061709 0.924100459 0.173162028
vn 0.602832139 0.783989966 0.147984251
vn 0.380046993 -0.356700331 0.853389084
vn 0.564745009 -0.501388609 0.655446053
vn -0.993987858 0.10724204 -0.0215460677
vn -0.311075181 -0.918759704 0.243079931
vn -0.613452554 -0.59401226 -0.520371079
vn -0.667897582 -0.617450476 -0.415478975
vn -0.514175832 -0.464247555 -0.721121848
vn 0.286141545 0.822565377 -0.491378516
vn -0.216772974 0.749931335 -0.624958038
vn 0.612170756 0.760887504 -0.21512498
vn 0.330576509 0.616626501 -0.714468837
vn 0.920346677 0.390942097 -0.0101931822
vn -0.164830476 0.981414199 -0.0981475264
vn 0.396069229 0.903744638 0.162236392
vn 0.6299631 -0.442854077 -0.637928426
vn 0.362071604 -0.748344362 0.555742085
vn -0.391033649 -0.813928664 0.429578543
vn 0.278420359 -0.764091909 -0.581865907
vn -0.75515002 0.355265975 -0.550889611
vn -0.829248965 0.283028662 -0.481856734
vn -0.859614849 0.0198675506 -0.510513604
vn 0.768608689 -0.62782675 -0.122592852
vn 0.749443054 -0.611011088 -0.254890591
vn -0.955809176 -0.113925599 -0.270943314
vn 0.297128201 -0.536271274 -0.790002108
vn -0.822473824 -0.568468273 0.0174565874
vn 0.6329844 -0.699270606 -0.332102418
vn 0.568315685 -0.735953867 -0.367870122
vn -0.512985647 0.527726054 0.676961601
vn 0.994750798 -0.0853907913 -0.0559099093
vn -0.319467753 -0.0939054564 0.942899883
vn -0.42835781 -0.468367577 0.772698164
vn -0.24396497 0.742728949 -0.623523653
vn -0.883785486 -0.266884357 0.384228021
vn -0.962462246 -0.270119339 0.025879696
vn -0.835535765 -0.545304716 0.0670491681
vn -0.938993514 -0.330027163 0.0966216028
vn -0.555528402 0.822138131 -0.124210335
vn 0.632404566 0.731955945 0.253486753
vn 0.87582016 0.465987116 0.125431076
vn -0.681905568 0.56712544 -0.461867124
vn -0.543656707 0.704550326 -0.456038088
vn 0.548478663 0.835627317 -0.029053621
vn 0.929502249 0.3670156 -0.0358592495
vn -0.589922786 0.641468525 -0.490371406
vn 0.0492568761 -0.992980719 0.107455671
vn -0.552262962 -0.831415772 0.0607318357
vn -0.528733194 -0.84728539 -0.050263986
vn -0.851039171 0.471297354 0.231482893
vn -0.899838269 -0.418530852 0.122775964
vn -0.538163424 -0.829889834 -0.147038177
vn -0.607013166 0.622089326 -0.494460881
vn -0.945677042 0.206366166 0.251106292
vn -0.807611287 0.404766977 -0.428785056
vn 0.453291416 0.857264936 -0.24408704
vn -0.29172644 -0.689443648 -0.662953556
vn 0.173680842 0.58647418 0.7911008
vn 0.130710781 0.440473646 0.888180196
vn 0.830500185 0.555101156 0.0458388031
vn -0.746024966 -0.628162503 -0.220923483
vn 0.663228273 -0.740531623 0.108096562
vn 0.627613127 -0.763420522 0.152531505
vn 0.833124816 -0.532090187 0.150730923
vn -0.453047276 -0.882320642 -0.127414778
vn -0.676290154 -0.724173725 -0.134708703
vn 0.861690104 0.499465913 -0.0893276781
vn 0.755577266 0.64906764 0.0881984904
vn -0.0321054719 -0.971007407 0.236823633
vn 0.481917769 0.87618643 0.000946073793
vn 0.4558855 0.873592317 0.170049131
vn 0.699362159 0.714133143 -0.0292367321
vn 0.0234382153 -0.874568939 0.484298229
vn -0.465071559 0.833002687 0.299630731
vn -0.455030978 0.712363064 0.534287572
vn -0.97573781 -0.158330023 -0.151158184
vn 0.816888928 -0.576738775 -0.00442518387
vn 0.926023126 -0.195989862 -0.322580636
vn -0.970915854 -0.142674029 0.192144543
vn -0.844782889 -0.412366092 -0.340952784
vn -0.889156759 0.450636297 0.0791955292
vn -0.275215924 -0.875484467 0.397137374
vn 0.694845438 -0.687215805 -0.211890012
vn 0.590533137 -0.562700272 0.578447819
vn -0.992370367 0.115176857 0.0433362834
vn -0.663350344 -0.740348518 0.108615376
vn -0.910184026 0.359904796 0.204901278
vn 0.85494554 -0.0837733075 0.511856437
vn 0.961394072 0.0439771712 0.271584213
vn -0.314340651 -0.94909513 -0.0195928831
vn -0.843470573 -0.536210239 -0.0316171758
vn -0.0100405896 0.430799276 0.902371287
vn -0.0231940672 0.363048196 0.931455433
vn -0.148503065 0.576250494 0.803643882
vn -0.353099167 0.644093156 -0.678548515
vn -0.292550445 0.726401567 -0.621875644
vn -0.523270369 0.668721557 -0.528122783
vn -0.958677948 -0.259498894 0.116519667
vn -0.894283891 -0.447401345 0.0051576281
vn 0.474196613 0.849238575 0.232123777
vn 0.843745232 0.447431862 -0.296395779
vn 0.815759778 0.454390079 -0.357829511
vn -0.311410874 -0.948881507 -0.0509048738
vn -0.189825132 -0.889461935 -0.415631592
vn -0.76546526 -0.533066809 0.360332042
vn -0.653523386 -0.141850039 0.74346143
vn 0.884090722 -0.332041383 -0.328745395
vn 0.753502011 -0.291238129 -0.589373469
vn 0.530198038 -0.662709415 -0.528824747
vn -0.0555742048 -0.998382509 -0.0117801446
vn 0.670552671 0.73467207 -0.102694787
vn 0.99798578 -0.0210577715 0.0597857609
vn -0.788506746 0.466902673 -0.400280774
vn 0.401593059 0.896023452 -0.189214766
vn -0.083559677 0.971648276 -0.221045569
vn -0.992492437 0.115359969 0.0402539149
vn -0.831049502 0.548814356 0.0901821926
vn -0.459242523 0.721915364 0.51759392
vn -0.460463285 0.52085942 0.718771935
vn -0.39228493 0.764885426 -0.510879874
vn -0.619190037 0.749107361 -0.23541978
vn -0.3098239 0.928342521 -0.205328539
vn -0.515518665 0.830927432 -0.209143341
vn 0.891079426 0.33597827 0.305063009
vn 0.670705259 0.740012825 -0.050141912
vn 0.534745336 0.549516261 -0.641895831
vn 0.668355346 -0.732840955 -0.12738426
vn 0.0126041444 0.993774235 -0.110629596
vn 0.801873863 0.581225038 0.138279364
vn 0.991088569 0.129703671 -0.0296029542
vn 0.825342596 0.564012587 0.0252693258
vn 0.850489795 -0.525345623 -0.025818659
vn -0.923001826 0.312234879 0.224829853
vn -0.921048641 0.388866842 0.0204779208
vn -0.652302623 0.727896988 0.211188093
vn -0.63536483 0.681417286 0.363231301
vn -0.0985137522 0.921903133 -0.374614716
vn -0.443678081 0.851588488 -0.279122293
vn -0.448194832 0.851649523 -0.271553695
vn -0.982482374 -0.133152261 0.130314037
vn -0.272042006 -0.765221119 -0.583422363
vn -0.523361921 -0.833338439 -0.177709281
vn -0.681691945 -0.727530718 -0.0772728696
vn -0.849269092 0.309366137 -0.427747428
vn -0.463515133 0.71367532 -0.525132
vn -0.805352926 -0.539475679 -0.245582446
vn 0.748649538 -0.64894557 -0.135471657
vn 0.726401567 -0.684499621 -0.061281167
vn -0.808526874 0.585985899 -0.0533768721
vn -0.27149266 0.961607695 0.0397351012
vn 0.784905553 -0.518509448 0.339152187
vn -0.931455433 -0.210852385 0.296426296
vn -0.974700153 0.0911587849 0.203924686
vn -0.812311172 -0.475447863 0.337748349
vn -0.822779 0.568285167 0.0035401471
vn -0.941404462 -0.245399341 -0.231238753
vn -0.979369462 0.0963469371 -0.177495658
vn -0.16760765 -0.824518561 0.540391266
vn -0.836848021 -0.479232162 -0.264534444
vn -0.685689867 -0.147801146 0.712698758
vn 0.927396476 0.370891452 -0.0486770235
vn 0.991363287 0.120303966 0.0519425049
vn 0.837000668 0.546220303 -0.0319223627
vn -0.48780787 0.841578424 0.231879637
vn -0.531571388 0.846705556 -0.02252266
vn -0.764732838 0.644123673 -0.0151066622
vn -0.829767764 -0.537827671 0.148838773
vn -0.964018703 -0.263283193 0.0365611762
vn -0.96191287 -0.258308679 -0.0893887132
vn -0.85998106 -0.497115999 -0.115176857
vn -0.853663743 -0.519943833 0.028992584
vn 0.768089831 0.0600909442 -0.637470603
vn 0.669667661 -0.21738334 -0.710104704
vn 0.303933829 -0.0471510962 -0.951506078
vn 0.795556486 -0.00976592302 -0.605761886
vn -0.0843531638 0.336954862 0.937711716
vn 0.687826157 0.719199181 -0.098178044
vn -0.460615873 -0.829584658 -0.315561384
vn 0.245735034 0.728415787 -0.639484823
vn 0.212500378 0.945554972 -0.246436968
vn 0.794213712 0.544084013 -0.270455033
vn 0.916867554 -0.34678182 -0.197546318
vn 0.747154176 0.245521411 -0.617603064
vn 0.966673791 -0.140324101 -0.213965267
vn -0.699301124 -0.683187366 0.210119933
vn 0.912656009 -0.392315447 0.11447493
vn 0.937986374 0.161412403 -0.306741536
vn 0.847437978 -0.529374063 -0.0396130271
vn 0.327005833 -0.940366805 -0.0935392305
vn 0.539353609 -0.841151178 -0.0389721356
vn 0.35947752 -0.93224889 -0.0408032462
vn 0.753227353 -0.613086343 -0.238135934
vn -0.575029731 -0.816980481 0.0425122827
vn -0.32981354 -0.926938713 0.178807944
vn -0.211279646 -0.958159149 0.192968532
vn -0.392162859 -0.817651927 0.421399593
vn 0.533890784 0.843104362 0.0636921301
vn -0.929013968 -0.200750753 -0.310769975
vn -0.899472058 -0.385662407 -0.205298007
vn -0.836390257 -0.477828294 -0.26847133
vn -0.857905805 -0.281136513 -0.430036306
vn -0.064271979 -0.631031215 0.773064375
vn 0.0450148024 0.603991807 -0.795678556
vn 0.850764513 0.307535022 -0.42609942
vn -0.00640888698 -0.891872942 0.452223271
vn -0.043366801 -0.948637366 0.313272506
vn 0.10913419 -0.939756453 -0.323892951
vn 0.537858188 0.801171899 -0.262245566
vn 0.581469178 0.765739918 -0.27475813
vn 0.0191045869 -0.972502828 0.232001707
vn -0.974028766 0.201116979 0.10379345
vn -0.968871117 0.187353134 -0.161809132
vn 0.277108073 0.960081816 -0.0379955433
vn -0.441328168 0.880306423 0.173924983
vn -0.431531727 0.896786392 0.0975066349
vn -0.338297665 0.937345505 -0.0831018984
vn -0.23108615 0.845088065 -0.482070386
vn -0.591540277 0.625751495 -0.508377314
vn 0.603167832 0.330668062 -0.725791216
vn -0.737144053 0.645252824 0.200598165
vn -0.770806015 -0.636341453 -0.0295724366
vn 0.516006947 0.847712636 -0.122898035
vn -0.734214306 -0.67571032 -0.0656453148
vn 0.915463746 -0.356181532 0.187139496
vn 0.959990263 -0.279763162 -0.00909451582
vn 0.996398807 -0.00671407208 0.0841700509
vn -0.699911475 -0.390484333 0.597979665
vn -0.922421932 0.380901515 -0.0635090172
vn -0.628742337 -0.763603628 0.146671951
vn 0.666341126 0.739463508 0.0956144929
vn -0.718894005 0.678243339 0.152012691
vn -0.394878983 0.916440308 -0.0646382049
vn -0.383312494 0.921201229 0.0664998293
vn -0.710867643 0.699911475 0.0689718351
vn 0.901791453 0.394268632 0.176915795
vn -0.815179884 -0.572496712 -0.0877407119
vn -0.976683855 -0.211645856 -0.0354319885
vn -0.884426415 -0.452803135 -0.112765893
vn 0.922757626 -0.382641077 -0.0451368764
vn 0.7340312 -0.62569046 0.26395458
vn 0.703299046 -0.338023007 0.625324249
vn -0.578752995 -0.731253982 -0.360942423
vn 0.757591486 -0.553025901 0.34665975
vn 0.0169682913 -0.825220525 0.564500868
vn 0.329050571 0.865840614 -0.376842558
vn 0.655903816 0.677694023 -0.332377076
vn 0.538285494 0.712424099 -0.450178534
vn 0.44218269 0.895413041 0.0513321348
vn 0.768395007 0.628009915 -0.122867517
vn -0.78380686 0.193426311 -0.590075374
vn 0.311258286 0.836939633 -0.450086981
vn 0.713461697 0.646168411 -0.270943314
vn -0.994872868 0.0717184991 -0.0711691678
vn -0.0904568657 -0.83446759 0.543534636
vn -0.475173205 -0.379802853 0.793664336
vn -0.409924626 -0.556840718 0.722403646
vn 0.281105995 -0.0202948097 -0.959440887
vn 0.735435069 0.58748132 0.337565243
vn -0.188238174 0.944242656 -0.270088822
vn 0.313089401 -0.895107865 0.317361981
vn 0.710135221 -0.165746018 0.684255481
vn 0.276619762 -0.0724814609 -0.958220184
vn -0.22818689 -0.683584094 -0.693227947
vn -0.409100622 -0.908719122 -0.0826136023
vn -0.355998427 0.928281486 -0.10724204
vn 0.750389099 0.610705912 -0.252784818
vn -0.676747918 -0.72725606 -0.114230782
vn -0.645100236 0.755180538 -0.116245002
vn 0.123783074 0.0943937525 -0.987792611
vn 0.10388501 0.243507192 -0.964293361
vn -0.316934735 0.604907393 -0.730491042
vn -0.626026213 -0.576830328 0.524704754
vn 0.913998842 0.33082065 0.234748378
vn 0.965544581 0.205633715 0.159367651
vn -0.840571284 0.532975256 0.0966216028
vn 0.0303353984 -0.975554645 0.217627496
vn -0.399182111 0.607898176 -0.686330736
vn 0.979003251 0.111880854 -0.170354322
vn -0.917355895 -0.27790156 0.284890294
vn -0.927243888 -0.340708643 0.155217141
vn 0.950560033 0.287484348 0.117343672
vn -0.335551023 -0.73189491 0.59300518
vn -0.58131659 -0.671956539 0.458815277
vn 0.28934598 -0.587420285 -0.755760372
vn -0.664723635 -0.173497722 0.726615191
vn -0.666585267 -0.412671298 0.620746493
vn -0.467268884 -0.474837482 0.745750308
vn 0.834131896 -0.0634174645 -0.547868311
vn 0.913693666 0.36048463 0.187505722
vn 0.985076427 0.101596117 0.138859212
vn 0.654438913 -0.756004512 0.0116275521
vn 0.551164269 0.801599145 -0.231482893
vn 0.677266777 -0.219885856 0.702078283
vn 0.281258583 -0.306161702 0.909451604
vn -0.732535779 -0.675252557 0.0860927179
vn 0.421918392 -0.801416039 0.423871577
vn 0.434522539 -0.882992029 0.177404091
vn 0.131504253 -0.987151682 0.0904263407
vn -0.870632052 -0.479171127 0.111026339
vn -0.748435915 -0.459120452 0.478499711
vn 0.0323801376 0.997619569 -0.0603961311
vn 0.841608942 0.502578795 -0.197637871
vn 0.95034641 0.294320494 0.10089419
vn 0.926511407 0.320535898 -0.196966454
vn -0.717062891 0.684621751 -0.130588695
vn -0.367412329 0.924771845 0.0987579003
vn 0.171544537 -0.985137463 0.00543229468
vn 0.951658666 0.056855984 0.301767021
vn 0.147923216 -0.883724451 0.443952769
vn 0.493057042 0.774437726 -0.396343887
vn -0.989257455 0.0424817652 0.139713734
vn 0.531571388 0.685995042 -0.496780306
vn 0.301919609 0.927915275 -0.218604088
vn 0.769432664 0.412244022 -0.48780787
vn 0.826898992 0.392803729 -0.402386546
vn -0.756401241 -0.511642814 0.407483131
vn -0.133762628 0.736625254 0.662923038
vn -0.0372325815 0.74434644 0.666737854
vn -0.182653278 0.583910644 0.79097873
vn -0.0551469475 0.0950651541 -0.993926823
vn 0.155034035 0.770104051 0.618762791
vn 0.465712458 0.706900239 0.532334387
vn -0.804132223 0.59401226 0.0222174749
vn -0.77602464 0.595599234 0.207342759
vn -0.674123347 0.725913286 0.136234626
vn -0.447553933 -0.878383756 0.167546615
vn -0.633503199 -0.58534503 0.505966365
vn -0.747215211 0.641010761 -0.175328836
vn -0.675557733 0.728141129 -0.115665153
vn 0.536393344 -0.769524217 0.346537679
vn -0.327707767 -0.186986908 0.926053643
vn 0.0796838254 -0.433118701 0.897793531
vn 0.089907527 -0.366679877 0.92596209
vn -0.893459857 0.448957801 0.0105594043
vn -0.689535201 0.718436241 -0.0911587849
vn 0.608081281 0.349986255 -0.712515652
vn 0.818201244 0.416364014 -0.396404922
vn -0.79537338 -0.494277775 0.350779742
vn -0.541428864 -0.772850752 -0.33094272
vn 0.775536358 -0.630603969 -0.0285958443
vn 0.579393923 -0.791192353 0.195654169
vn 0.847071767 -0.489181191 -0.207586899
vn 0.749290466 0.154026911 -0.644032121
vn 0.851130724 -0.188573867 -0.489883125
vn -0.672505856 0.670278013 -0.313699752
vn 0.328073978 -0.944090068 0.0319223627
vn -0.950437963 -0.288857698 0.114810631
vn -0.840021968 -0.527726054 0.125797302
vn 0.876003325 -0.463637203 -0.132755518
vn 0.73918879 -0.673421443 -0.00747703481
vn -0.934598863 -0.30103457 -0.189428389
vn 0.33283487 -0.936063707 0.113864556
vn -0.651478648 0.758354425 -0.0205084383
vn -0.651387095 0.754051328 0.0840174556
vn 0.355052352 0.758995354 -0.545701444
vn -0.810785234 -0.581041873 0.0707113892
vn 0.656178474 0.735648692 -0.167851806
vn -0.995422244 -0.0462660603 -0.0835291594
vn -0.980834365 0.18237862 -0.0683919787
vn -0.744560063 -0.66679889 -0.0311288796
vn -0.974028766 -0.226020083 0.0115665151
vn -0.819452524 0.421430111 -0.388378561
vn -0.938230515 -0.326975316 0.112918489
vn 0.524918377 -0.850367725 -0.0360118411
vn 0.976439714 -0.209265426 0.0524613187
vn 0.892178118 -0.451063573 -0.0229194015
vn 0.0869777501 0.140873447 0.98617512
vn -0.739280403 -0.215887934 -0.637836874
vn -0.628101468 -0.555711567 0.544633329
vn -0.833124816 -0.430555135 0.347056478
vn -0.279488504 -0.628925443 0.725455463
vn 0.979857802 0.185918763 -0.0728171617
vn 0.826593816 0.529587686 -0.190282911
vn -0.95852536 -0.0149540696 -0.284585088
vn -0.666646302 -0.692800701 0.274880201
vn 0.996490359 -0.0295419171 -0.0780053139
vn 0.0503555425 0.989867866 -0.132663965
vn 0.681447804 -0.476271868 0.555619955
vn 0.920468748 0.113895081 -0.373821229
vn -0.111636706 -0.769035935 0.629352689
vn -0.978362381 0.197576836 -0.0612201318
vn 0.0536210202 -0.660084844 0.749259949
vn -0.391705066 -0.360911906 0.846339285
vn -0.195623651 0.933957934 -0.299050868
vn -0.3129673 0.946043253 -0.0838343427
vn -0.387401968 0.920957088 0.0412610248
vn -0.0140690329 0.999511719 0.0268562883
vn -0.24823755 0.703787327 -0.665608704
vn 0.0459303558 0.71556747 -0.697012246
vn -0.171514019 0.879451871 -0.443952769
vn -0.801171899 0.269020647 0.534531713
vn -0.645863235 0.730063796 0.223212376
vn -0.97045809 0.0705587938 -0.230567336
vn -0.893429339 0.415356904 -0.170873135
vn -0.899685681 0.38273263 -0.209814757
vn -0.990752876 0.0838038251 0.106418043
vn -0.923307002 0.0313119926 -0.382702112
vn -0.759514153 0.45802179 -0.461867124
vn 0.0737327188 0.9617908 -0.263557851
vn -0.137974188 0.970915854 -0.195532084
vn 0.499191254 0.702566624 -0.507095575
vn 0.956114411 -0.113437302 -0.270088822
vn 0.744010746 -0.663350344 -0.0799890161
vn 0.964873195 -0.169133574 0.200872824
vn 0.879818082 -0.27991578 0.384105951
vn 0.152867213 0.853450119 -0.498214662
vn -0.688741744 -0.7116611 -0.138309881
vn -0.666707337 -0.717551172 -0.20142217
vn 0.478164017 0.834192932 0.274666578
vn 0.470046073 0.678273857 0.564745009
vn 0.495681643 0.825525701 0.269783616
vn -0.00827051606 0.818140209 -0.57490766
vn -0.372325808 -0.568559825 0.733542919
vn -0.461439878 0.822504342 -0.332438111
vn -0.598010182 0.737357736 -0.31409651
vn -0.204016238 0.898373365 -0.388958395
vn -0.557206929 0.829035282 -0.0469069481
vn -0.486861795 0.826776922 0.281655312
vn 0.162358478 0.86550492 -0.473799855
vn 0.156712547 0.917111754 -0.366435736
vn 0.195989862 0.979644179 -0.0426953956
vn 0.182042912 0.971861959 0.14932707
vn -0.72975862 0.585314512 -0.353282273
vn -0.175817132 0.523361921 0.833735168
vn -0.448927283 0.468001336 0.761162162
vn -0.428113639 -0.0425733216 0.902706981
vn 0.144718766 0.729789138 0.668141723
vn 0.142429888 0.536332309 0.831873536
vn -0.242561117 0.968962669 -0.0473342091
vn 0.0192571804 -0.955046237 -0.295724362
vn -0.137089148 -0.987090647 0.0825525671
vn 0.860072613 -0.353160203 0.368114263
vn -0.697347939 0.65974915 -0.279976815
vn -0.580767214 0.794549406 -0.17697683
vn 0.635456383 0.686910629 0.352519304
vn 0.493331701 0.834406555 -0.245643482
vn 0.943845928 -0.199682608 0.263130575
vn -0.915433228 0.401348919 -0.0292672515
vn -0.906643867 0.421735287 0.0090334788
vn -0.909909368 0.0607928708 0.410290837
vn -0.958250701 -0.142063662 0.248023927
vn -0.813379288 -0.139164403 0.564775527
vn 0.690603375 -0.713034451 -0.120761745
vn 0.751243651 -0.596301138 -0.282845557
vn -0.0344553962 0.999053955 0.025940733
vn -0.344981223 0.908932745 -0.234015927
vn -0.974211872 -0.0290231034 -0.223639637
vn -0.948118508 -0.198828086 0.247932374
vn -0.932645679 0.184148684 -0.310190141
vn -0.924039423 0.0948210061 -0.37028107
vn -0.0591448732 -0.768059313 0.637623191
vn -0.0512100607 -0.874629974 0.482039869
vn -0.141117588 -0.978453934 0.150547802
vn 0.974913776 -0.0350352488 -0.219672233
vn -0.025940733 -0.992217779 -0.121616259
vn -0.117954038 0.70097965 -0.703329563
vn 0.730491042 -0.352458268 0.584887207
vn -0.00604266487 0.999633789 -0.0256660674
vn -0.537491977 0.840784907 -0.0643635392
vn -0.633198023 -0.489242226 0.599719226
vn 0.686391771 0.716422021 -0.124759667
vn -0.619006932 0.638081014 -0.457869202
vn -0.560502946 -0.617938757 0.551316857
vn -0.304635763 -0.672688961 0.674245417
vn -0.817194104 -0.305673391 0.488601327
vn -0.675618768 0.0614337586 0.734641552
vn -0.575273931 -0.17194128 0.79964596
vn -0.363689065 0.116763815 0.924161494
vn 0.376812041 0.116428114 0.918912292
vn 0.992339849 0.0983916745 0.0745567158
vn 0.908047736 0.413342685 -0.0674153864
vn -0.123844109 0.359965831 0.924680293
vn 0.195104837 0.347483754 0.917142272
vn -0.312143326 0.949949622 0.0121463668
vn 0.00595110934 0.994537175 -0.104190193
vn -0.785393834 -0.587420285 -0.195104837
vn -0.722617269 -0.662038028 -0.198767051
vn 0.607501447 0.754448056 -0.248359635
vn 0.434369951 -0.898953199 -0.0564592443
vn -0.238288522 -0.822321236 0.516647875
vn 0.838099301 -0.417767882 0.350749224
vn -0.200994909 -0.011322367 -0.979522109
vn -0.907223701 -0.233954892 0.349497974
vn 0.729148209 0.217108682 -0.648976088
vn 0.967467248 0.231696531 -0.101290934
vn 0.982940137 0.159825429 -0.0909451619
vn -0.237189859 0.91277808 -0.332438111
vn -0.895352006 -0.439008772 0.0745567158
vn -0.633716822 -0.417615294 -0.651142895
vn 0.076143682 -0.847102284 0.52589494
vn 0.136936545 -0.943388164 0.302072197
vn 0.00222785119 -0.98818934 -0.153050318
vn -0.00442518387 0.901944041 -0.431806386
vn -0.654133737 -0.733817577 0.183202609
vn -0.598284841 -0.732505262 -0.324747473
vn 0.836634398 -0.382122248 0.392376482
vn -0.127201155 -0.799218714 0.58735925
vn -0.757744074 0.646870315 0.085665457
vn -0.467635125 0.868312657 0.165196687
vn 0.0318002887 -0.874599457 0.483748883
vn -0.919034421 0.320749521 0.229041412
vn -0.298196346 0.845332205 -0.443250835
vn 0.954527438 -0.136967078 0.264687032
vn -0.969725609 -0.0152897732 0.243659779
vn -0.99359113 -0.0978728607 -0.0561235398
vn -0.428205192 -0.896572769 -0.112826928
vn -0.272743911 0.885097802 -0.377025664
vn 0.299172938 -0.486007273 0.821130991
vn -0.0367137678 0.328287601 0.943845928
vn -0.335123748 -0.793694854 -0.507614374
vn -0.131229594 0.5505234 0.824427009
vn 0.868984044 -0.315164655 0.381420344
vn -0.858333051 -0.364055306 0.36149174
vn -0.921658993 -0.331095308 0.202246159
vn 0.653950632 -0.623706758 -0.428113639
vn 0.645954788 0.59086889 0.483260602
vn 0.0614642799 0.560563982 0.825800359
vn 0.822412789 0.25113681 -0.510422051
vn 0.972533345 0.122013003 -0.198156685
vn 0.211310163 -0.673543513 0.708243072
vn -0.983520031 -0.0477309488 -0.174199656
vn 0.307504505 -0.78557694 -0.536912143
vn 0.604876876 -0.757591486 -0.245185703
vn 0.518875718 0.530838966 0.670003355
vn -0.556932271 -0.796990871 -0.233649716
vn 0.376140624 -0.861018717 0.342173517
vn 0.142063662 -0.887539268 -0.438245803
vn 0.537736118 0.834101379 0.122745447
vn -0.666341126 0.743980229 -0.0497756898
vn 0.957762361 -0.0162053294 -0.286996067
vn 0.964384913 -0.120517597 -0.235358745
vn -0.765190601 -0.590472102 -0.256508082
vn 0.971037924 -0.135563225 0.196630761
vn -0.140965 -0.781456947 -0.607776105
vn 0.843073845 -0.533585608 -0.0666219071
vn -0.160802022 -0.844874442 0.510208428
vn -0.693746746 0.720053732 0.0142521439
vn 0.509811699 -0.848597646 0.141178623
vn -0.894833207 -0.390057057 0.217047647
vn -0.841303766 0.537339389 -0.0586870946
vn 0.00979644153 -0.903347909 0.428754538
vn 0.81749934 -0.571367562 0.0719321296
vn 0.848445058 -0.525284588 0.06469924
vn 0.849482715 0.522904158 0.0700094625
vn 0.236671045 0.910611272 -0.338724941
vn 0.859004498 0.499008149 0.114352852
vn 0.769096971 0.447279274 0.456495851
vn 0.955442965 -0.269814134 0.119571522
vn 0.856593549 -0.504562497 0.107791379
vn -0.639820576 0.675374627 0.366679877
vn 0.00726340525 0.909085333 0.416486084
vn 0.0649739057 0.967131555 0.245704517
vn -0.884853661 0.427594841 0.184820101
vn -0.897457778 0.378917813 0.22574541
vn 0.752739012 0.654774606 -0.0681173131
vn 0.632557154 0.685781419 0.359874278
vn -0.892300189 0.440412611 -0.099032566
vn -0.772759199 0.605182052 -0.191137418
vn 0.900662243 0.405529946 -0.15591906
vn -0.962126553 -0.237830743 -0.132969141
vn 0.563493788 -0.79549545 -0.222693563
vn 0.664052248 -0.697561562 -0.269020647
vn -0.679891348 -0.721579611 -0.130466625
vn -0.545915127 -0.833368957 -0.0863673836
vn -0.748466432 0.442579418 -0.493820012
vn -0.835078001 -0.550065637 0.00189214759
vn -0.213110745 0.597582936 -0.772942305
vn 0.845484793 0.504287839 -0.175511941
vn 0.941618085 -0.298623621 0.155430764
vn 0.84954375 -0.526169598 0.0369884335
vn -0.943082988 -0.327585667 -0.0571306497
vn 0.78682822 0.0178838465 -0.616901159
vn 0.900540173 -0.428724021 -0.0718405694
vn -0.509109795 0.33384198 0.793267608
vn 0.597735524 -0.702353001 0.386516929
vn 0.737754464 -0.613208413 0.282235175
vn -0.876308501 -0.466383874 -0.120578632
vn -0.973509908 0.168858916 0.154087961
vn 0.816949964 0.0209356975 0.576311529
vn 0.455519259 0.828974247 -0.324472785
vn -0.578783512 0.775536358 -0.251960814
vn -0.938383102 -0.33420819 0.0876796767
vn -0.902157664 0.422986537 -0.0845973119
vn 0.940580487 0.184911653 0.284707189
vn 0.911252201 -0.0470290221 0.40913114
vn 0.333506286 -0.922238827 -0.195440531
vn -0.955656588 0.259376824 0.139316991
vn -0.799584925 0.0384228043 -0.599261463
vn -0.366222113 -0.929685354 -0.0387585089
vn 0.0206915494 0.0154118473 -0.999664307
vn 0.309732348 0.102847375 -0.945219278
vn 0.254860073 0.0857264921 -0.963133633
vn 0.214087337 0.120303966 -0.969359398
vn -0.967497766 -0.252784818 0.00350962859
vn -0.873317659 0.478896439 0.0888698995
vn 0.232032225 0.971373618 0.0504776165
vn -0.749198914 -0.641224384 0.165868104
vn 0.213873714 0.597552419 -0.772759199
vn -0.0200811792 -0.955565035 -0.293984801
vn 0.513412893 -0.367259741 0.775536358
vn -0.738792062 -0.67357403 0.0213934761
vn -0.479842514 -0.873622835 0.0806604177
vn 0.621509433 0.774346113 0.11859493
vn 0.750236511 0.433454394 -0.499191254
vn 0.793603301 0.607898176 0.0248725861
vn 0.947569191 0.195562616 0.252601713
vn 0.416241944 0.87908566 -0.232215345
vn 0.699209571 0.71153903 0.069124423
vn 0.616077125 0.781029701 -0.102114931
vn -0.85998106 0.0815759748 -0.503708005
vn 0.645527542 0.621753573 -0.443464458
vn -0.770897567 -0.625232697 -0.121616259
vn 0.883419275 -0.319895029 0.342326134
vn -0.394817948 -0.912930667 -0.102969453
vn -0.906430244 -0.396282852 0.146031067
vn 0.634022057 -0.478499711 0.607440412
vn 0.422742397 -0.559282184 0.713064969
vn 0.301370293 -0.857112348 0.417706847
vn 0.54512161 -0.801843345 0.244666889
vn -0.788384676 0.565172255 -0.24277474
vn 0.651051342 0.750938416 0.110293895
vn 0.803430259 -0.452070683 0.387432486
vn 0.0779137537 -0.933439136 -0.350108355
vn 0.255256802 0.711386442 -0.654774606
vn 0.610126019 -0.453535557 0.649617016
vn 0.6774804 -0.592944145 0.435193956
vn -0.566179395 -0.498764008 0.65623951
vn 0.599536121 0.620685458 -0.505233943
vn -0.790520966 -0.537430942 0.293588072
vn 0.59163183 0.737296641 -0.326120794
vn 0.213446453 0.893337786 -0.395397812
vn -0.340403467 0.425275415 -0.838587582
vn 0.705893099 -0.697958291 -0.120548114
vn 0.865230262 0.12607196 0.485244304
vn -0.355784774 -0.870143771 0.340952784
vn 0.0140385143 -0.836329222 -0.547990382
vn -0.163823366 -0.721945882 -0.672231197
vn 0.176213875 -0.625019073 -0.76042968
vn -0.0986358225 -0.870082676 -0.482894361
vn 0.735404551 -0.276619762 -0.618549168
vn -0.733542919 -0.62468338 -0.267647326
vn 0.939603865 -0.321359903 0.117740408
vn -0.976287127 -0.202490315 -0.076143682
vn 0.894192338 -0.439252913 0.0861842707
vn -0.771324813 0.00424207281 -0.636402488
vn 0.268868059 0.918881774 -0.288613558
vn -0.843470573 0.0946989357 -0.528702676
vn -0.595995963 -0.368419439 -0.71343118
vn 0.736411631 -0.66490674 0.124637596
vn 0.0978423432 0.993743718 0.0534684286
vn 0.640339375 -0.585009336 0.497665346
vn 0.527542949 -0.460066527 -0.714133143
vn 0.594866812 -0.367778569 -0.714712977
vn -0.803949118 -0.577349186 -0.142460406
vn 0.911648929 -0.241462454 -0.332529694
vn -0.858760357 -0.511429191 0.0299386587
vn -0.192693874 0.91943115 -0.342692345
vn 0.976287127 -0.202490315 -0.076143682
vn 0.974883258 -0.222296819 0.0121768853
vn 0.0189214759 0.23554185 -0.971648276
vn 0.752311766 0.479934067 -0.451277196
vn 0.310769975 0.822107613 -0.47700429
vn -0.650166333 0.755485713 0.0803552344
vn -0.632374048 0.577593327 -0.516159534
vn 0.750541687 -0.641315937 -0.159184545
vn -0.165501878 0.155491799 0.973845661
vn 0.0372630991 -0.328257084 -0.943845928
vn 0.559984148 0.827692509 -0.0357982107
vn 0.967864037 -0.0956450105 -0.232520521

# Mesh 'default.004' with 3340 faces
g default.004
usemtl zombie
f  1/1/1 2/2/2 3/3/3
f  4/4/4 5/5/5 6/6/6
f  7/7/7 8/8/8 9/9/9
f  7/7/7 9/9/9 10/10/10
f  9/9/9 11/11/11 12/12/12
f  13/13/13 14/14/14 15/15/15
f  16/16/16 17/17/17 18/18/18
f  19/19/19 20/20/20 21/21/21
f  22/22/22 23/23/23 24/24/24
f  22/22/22 24/24/24 25/25/25
f  26/26/26 27/27/27 28/28/28
f  29/29/29 30/30/30 31/31/31
f  32/32/32 33/33/33 34/34/34
f  35/35/35 36/36/36 37/37/37
f  38/38/38 39/39/39 40/40/40
f  38/38/38 40/40/40 41/41/41
f  42/42/42 43/43/43 44/44/44
f  45/45/45 46/46/46 47/47/47
f  48/48/48 47/49/47 46/50/46
f  48/48/48 46/50/46 49/51/49
f  50/52/50 51/53/51 52/54/52
f  50/52/50 52/54/52 53/55/53
f  54/56/54 55/57/55 56/58/56
f  26/26/26 57/59/57 58/60/58
f  59/61/59 60/62/60 61/63/61
f  59/64/59 61/65/61 62/66/62
f  63/67/63 64/68/64 65/69/65
f  62/66/62 61/65/61 66/70/66
f  67/71/67 68/72/68 69/73/69
f  70/74/70 71/75/71 72/76/72
f  73/77/73 74/78/74 75/79/75
f  76/80/76 77/81/77 78/82/78
f  79/83/79 80/84/80 81/85/81
f  79/83/79 81/85/81 82/86/82
f  83/87/83 82/88/82 81/89/81
f  83/87/83 81/89/81 84/90/84
f  85/91/85 42/42/42 86/92/86
f  85/91/85 86/92/86 87/93/87
f  88/94/88 89/95/89 90/96/90
f  88/94/88 90/96/90 91/97/91
f  92/98/92 93/99/93 94/100/94
f  95/101/95 96/102/96 97/103/97
f  98/104/98 99/105/99 100/106/100
f  98/104/98 100/106/100 101/107/101
f  102/108/102 103/109/103 104/110/104
f  105/111/105 106/112/106 64/68/64
f  107/113/107 108/114/108 109/115/109
f  107/113/107 109/115/109 110/116/110
f  111/117/111 112/118/112 113/119/113
f  111/117/111 113/119/113 114/120/114
f  115/121/115 114/120/114 113/119/113
f  116/122/116 117/123/117 118/124/118
f  119/125/119 120/126/120 121/127/121
f  122/128/122 123/129/123 19/19/19
f  124/130/124 125/131/125 126/132/126
f  124/130/124 126/132/126 127/133/127
f  128/134/128 129/135/129 126/132/126
f  130/136/130 131/137/131 132/138/132
f  133/139/133 134/140/134 135/141/135
f  127/133/127 126/132/126 136/142/136
f  137/143/137 138/144/138 139/145/139
f  140/146/140 141/147/141 142/148/142
f  143/149/143 144/150/144 145/151/145
f  143/149/143 145/151/145 146/152/146
f  147/153/147 148/154/148 149/155/149
f  150/156/150 145/151/145 151/157/151
f  152/158/152 153/159/153 154/160/154
f  155/161/155 156/162/156 157/163/157
f  158/164/158 159/165/159 160/166/160
f  161/167/161 162/168/162 163/169/163
f  164/170/164 165/171/165 166/172/166
f  167/173/167 168/174/168 169/175/169
f  170/176/170 171/177/171 172/178/172
f  173/179/173 174/180/174 175/181/175
f  176/182/176 177/183/177 134/184/134
f  178/185/178 179/186/179 180/187/180
f  181/188/181 182/189/182 183/190/183
f  184/191/184 185/192/185 186/193/186
f  187/194/187 188/195/188 189/196/189
f  187/194/187 189/196/189 190/197/190
f  191/198/191 192/199/192 193/200/193
f  194/201/194 195/202/195 55/57/55
f  196/203/196 197/204/197 198/205/198
f  199/206/199 200/207/200 201/208/201
f  202/209/202 203/210/203 204/211/204
f  202/209/202 204/211/204 141/147/141
f  205/212/205 206/213/206 207/214/207
f  208/215/208 209/216/209 210/217/210
f  183/190/183 211/218/211 212/219/212
f  183/190/183 212/219/212 213/220/213
f  214/221/214 213/222/213 212/223/212
f  214/221/214 212/223/212 215/224/215
f  216/225/216 215/224/215 212/223/212
f  216/225/216 212/223/212 217/226/217
f  218/227/218 219/228/219 220/229/220
f  221/230/221 222/231/222 223/232/223
f  14/14/14 224/233/224 225/234/225
f  226/235/226 227/236/227 121/127/121
f  228/237/228 229/238/229 230/239/230
f  228/237/228 230/239/230 231/240/231
f  232/241/232 233/242/233 234/243/234
f  235/244/235 230/239/230 236/245/236
f  237/246/237 238/247/238 239/248/239
f  240/249/240 241/250/241 242/251/242
f  243/252/243 244/253/244 245/254/245
f  246/255/246 247/256/247 248/257/248
f  249/258/249 250/259/250 251/260/251
f  252/261/252 253/262/253 254/263/254
f  255/264/255 256/265/256 257/266/257
f  255/264/255 257/266/257 258/267/258
f  259/268/259 260/269/260 261/270/261
f  262/271/262 257/266/257 263/272/263
f  264/273/264 265/274/265 195/202/195
f  264/273/264 195/202/195 194/201/194
f  266/275/266 267/276/267 268/277/268
f  269/278/269 270/279/270 271/280/271
f  272/281/272 273/282/273 274/283/274
f  272/281/272 274/283/274 275/284/275
f  4/4/4 6/6/6 104/110/104
f  276/285/276 274/286/274 277/287/277
f  278/288/278 279/289/279 280/290/280
f  277/287/277 274/286/274 281/291/281
f  282/292/282 283/293/283 284/294/284
f  285/295/285 286/296/286 287/297/287
f  288/298/288 283/293/283 289/299/289
f  290/300/290 284/294/284 291/301/291
f  292/302/292 293/303/293 294/304/294
f  292/302/292 294/304/294 295/305/295
f  268/277/268 296/306/296 297/307/297
f  268/277/268 297/307/297 298/308/298
f  299/309/299 300/310/300 301/311/301
f  302/312/302 303/313/303 304/314/304
f  305/315/305 306/316/306 307/317/307
f  308/318/308 309/319/309 310/320/310
f  311/321/311 312/322/312 309/319/309
f  1/1/1 313/323/313 314/324/314
f  315/325/315 316/326/316 317/327/317
f  318/328/318 319/329/319 320/330/320
f  321/331/321 322/332/322 323/333/323
f  324/334/324 325/335/325 326/336/326
f  327/337/327 328/338/328 325/335/325
f  329/339/329 330/340/330 331/341/331
f  332/342/332 333/343/333 334/344/334
f  335/345/335 336/346/336 337/347/337
f  338/348/338 339/349/339 164/170/164
f  340/350/340 16/16/16 341/351/341
f  342/352/342 343/353/343 344/354/344
f  345/355/345 346/356/346 184/357/184
f  347/358/347 348/359/348 349/360/349
f  350/361/350 351/362/351 352/363/352
f  353/364/353 354/365/354 355/366/355
f  356/367/356 232/241/232 234/243/234
f  357/368/357 358/369/358 359/370/359
f  357/368/357 359/370/359 360/371/360
f  70/74/70 361/372/361 71/75/71
f  362/373/362 363/374/363 364/375/364
f  365/376/365 18/18/18 366/377/366
f  367/378/367 368/379/368 224/233/224
f  369/380/369 370/381/370 371/382/371
f  369/380/369 371/382/371 372/383/372
f  373/384/373 374/385/374 245/386/245
f  373/384/373 245/386/245 375/387/375
f  376/388/376 377/389/377 378/390/378
f  379/391/379 380/392/380 381/393/381
f  382/394/382 383/395/383 384/396/384
f  382/394/382 384/396/384 385/397/385
f  386/398/386 277/287/277 387/399/387
f  388/400/388 187/194/187 190/197/190
f  389/401/389 390/402/390 205/212/205
f  391/403/391 392/404/392 206/213/206
f  393/405/393 394/406/394 395/407/395
f  393/405/393 395/407/395 396/408/396
f  397/409/397 396/408/396 395/407/395
f  397/409/397 395/407/395 398/410/398
f  399/411/399 235/244/235 236/245/236
f  399/411/399 236/245/236 400/412/400
f  401/413/401 402/414/402 403/415/403
f  401/413/401 403/415/403 404/416/404
f  405/417/405 406/418/406 407/419/407
f  408/420/408 409/421/409 410/422/410
f  411/423/411 412/424/412 413/425/413
f  138/144/138 414/426/414 415/427/415
f  416/428/416 123/129/123 417/429/417
f  418/430/418 419/431/419 420/432/420
f  421/433/421 422/434/422 423/435/423
f  424/436/424 425/437/425 426/438/426
f  427/439/427 428/440/428 429/441/429
f  430/442/430 431/443/431 176/182/176
f  432/444/432 433/445/433 434/446/434
f  432/444/432 434/446/434 435/447/435
f  436/448/436 437/449/437 438/450/438
f  439/451/439 440/452/440 441/453/441
f  442/454/442 443/455/443 444/456/444
f  445/457/445 365/376/365 446/458/446
f  447/459/447 448/460/448 449/461/449
f  450/462/450 451/463/451 197/204/197
f  452/464/452 405/417/405 453/465/453
f  454/466/454 455/467/455 456/468/456
f  457/469/457 458/470/458 459/471/459
f  457/469/457 459/471/459 460/472/460
f  461/473/461 462/474/462 463/475/463
f  464/476/464 465/477/465 466/478/466
f  467/479/467 461/480/461 463/481/463
f  467/479/467 463/481/463 468/482/468
f  469/483/469 470/484/470 471/485/471
f  472/486/472 473/487/473 474/488/474
f  475/489/475 469/483/469 471/485/471
f  376/388/376 378/390/378 476/490/476
f  477/491/477 478/492/478 479/493/479
f  480/494/480 57/59/57 481/495/481
f  482/496/482 483/497/483 484/498/484
f  485/499/485 486/500/486 487/501/487
f  488/502/488 489/503/489 223/232/223
f  488/502/488 223/232/223 377/389/377
f  490/504/490 491/505/491 492/506/492
f  493/507/493 494/508/494 495/509/495
f  496/510/496 497/511/497 498/512/498
f  496/510/496 498/512/498 499/513/499
f  236/245/236 230/239/230 229/238/229
f  500/514/500 501/515/501 502/516/502
f  503/517/503 504/518/504 505/519/505
f  506/520/506 507/521/507 508/522/508
f  509/523/509 510/524/510 511/525/511
f  253/262/253 460/472/460 254/263/254
f  512/526/512 513/527/513 514/528/514
f  512/526/512 514/528/514 515/529/515
f  374/530/374 516/531/516 517/532/517
f  518/533/518 519/534/519 520/535/520
f  193/200/193 278/288/278 521/536/521
f  522/537/522 523/538/523 524/539/524
f  525/540/525 63/67/63 526/541/526
f  527/542/527 528/543/528 529/544/529
f  530/545/530 389/401/389 205/212/205
f  531/546/531 532/547/532 533/548/533
f  534/549/534 535/550/535 536/551/536
f  284/294/284 290/300/290 537/552/537
f  538/553/538 539/554/539 540/555/540
f  538/553/538 540/555/540 300/310/300
f  541/556/541 542/557/542 543/558/543
f  544/559/544 545/560/545 546/561/546
f  495/509/495 547/562/547 548/563/548
f  549/564/549 550/565/550 366/377/366
f  71/75/71 361/372/361 543/558/543
f  551/566/551 552/567/552 553/568/553
f  554/569/554 555/570/555 556/571/556
f  557/572/557 558/573/558 559/574/559
f  560/575/560 46/576/46 561/577/561
f  562/578/562 563/579/563 564/580/564
f  565/581/565 566/582/566 567/583/567
f  565/581/565 567/583/567 568/584/568
f  569/585/569 570/586/570 571/587/571
f  569/585/569 571/587/571 572/588/572
f  573/589/573 574/590/574 362/373/362
f  575/591/575 576/592/576 577/593/577
f  578/594/578 579/595/579 580/596/580
f  578/594/578 580/596/580 208/215/208
f  581/597/581 209/216/209 580/596/580
f  581/597/581 580/596/580 582/598/582
f  583/599/583 584/600/584 585/601/585
f  583/599/583 585/601/585 586/602/586
f  587/603/587 547/562/547 588/604/588
f  587/603/587 588/604/588 589/605/589
f  590/606/590 589/605/589 588/604/588
f  591/607/591 592/608/592 593/609/593
f  594/610/594 595/611/595 596/612/596
f  594/610/594 596/612/596 5/5/5
f  250/259/250 597/613/597 251/260/251
f  598/614/598 599/615/599 600/616/600
f  601/617/601 602/618/602 603/619/603
f  54/56/54 604/620/604 55/57/55
f  605/621/605 606/622/606 607/623/607
f  605/621/605 607/623/607 608/624/608
f  609/625/609 608/624/608 607/623/607
f  609/625/609 607/623/607 610/626/610
f  611/627/611 612/628/612 613/629/613
f  611/627/611 613/629/613 614/630/614
f  615/631/615 614/632/614 613/633/613
f  615/631/615 613/633/613 616/634/616
f  289/299/289 283/293/283 54/56/54
f  617/635/617 618/636/618 619/637/619
f  620/638/620 621/639/621 622/640/622
f  620/638/620 622/640/622 623/641/623
f  624/642/624 625/643/625 626/644/626
f  504/518/504 627/645/627 628/646/628
f  629/647/629 630/648/630 631/649/631
f  629/647/629 631/649/631 632/650/632
f  633/651/633 634/652/634 635/653/635
f  636/654/636 598/614/598 637/655/637
f  69/73/69 638/656/638 639/657/639
f  544/559/544 546/561/546 640/658/640
f  641/659/641 642/660/642 643/661/643
f  644/662/644 645/663/645 509/523/509
f  448/460/448 252/261/252 449/461/449
f  96/664/96 646/665/646 647/666/647
f  241/250/241 648/667/648 242/251/242
f  332/342/332 517/532/517 333/343/333
f  468/482/468 463/481/463 318/668/318
f  649/669/649 650/670/650 651/671/651
f  652/672/652 653/673/653 654/674/654
f  494/508/494 655/675/655 588/604/588
f  656/676/656 657/677/657 399/411/399
f  658/678/658 659/679/659 660/680/660
f  661/681/661 660/680/660 659/679/659
f  662/682/662 663/683/663 664/684/664
f  665/685/665 666/686/666 667/687/667
f  668/688/668 669/689/669 538/553/538
f  670/690/670 671/691/671 672/692/672
f  673/693/673 674/694/674 675/695/675
f  676/696/676 677/697/677 678/698/678
f  679/699/679 680/700/680 681/701/681
f  473/487/473 682/702/682 683/703/683
f  97/103/97 96/102/96 684/704/684
f  304/314/304 303/313/303 685/705/685
f  686/706/686 687/707/687 688/708/688
f  689/709/689 150/156/150 151/157/151
f  358/369/358 690/710/690 53/55/53
f  336/346/336 691/711/691 692/712/692
f  336/346/336 692/712/692 693/713/693
f  694/714/694 693/715/693 692/716/692
f  694/714/694 692/716/692 695/717/695
f  696/718/696 697/719/697 698/720/698
f  696/718/696 698/720/698 699/721/699
f  700/722/700 581/597/581 582/598/582
f  700/722/700 582/598/582 302/312/302
f  635/653/635 701/723/701 702/724/702
f  703/725/703 704/726/704 705/727/705
f  99/105/99 706/728/706 707/729/707
f  708/730/708 709/731/709 710/732/710
f  711/733/711 712/734/712 709/735/709
f  711/733/711 709/735/709 713/736/713
f  714/737/714 715/738/715 716/739/716
f  717/740/717 718/741/718 286/296/286
f  719/742/719 104/743/104 720/744/720
f  721/745/721 722/746/722 71/75/71
f  723/747/723 724/748/724 725/749/725
f  723/747/723 725/749/725 726/750/726
f  727/751/727 728/752/728 729/753/729
f  730/754/730 731/755/731 732/756/732
f  733/757/733 734/758/734 735/759/735
f  300/310/300 736/760/736 301/311/301
f  737/761/737 738/762/738 739/763/739
f  740/764/740 365/376/365 448/460/448
f  487/501/487 741/765/741 742/766/742
f  463/475/463 462/474/462 319/329/319
f  743/767/743 744/768/744 742/766/742
f  745/769/745 746/770/746 747/771/747
f  748/772/748 749/773/749 750/774/750
f  748/772/748 750/774/750 751/775/751
f  555/570/555 752/776/752 77/81/77
f  753/777/753 750/774/750 185/778/185
f  754/779/754 755/780/755 653/673/653
f  172/178/172 171/177/171 756/781/756
f  757/782/757 758/783/758 306/316/306
f  759/784/759 653/673/653 760/785/760
f  761/786/761 762/787/762 511/525/511
f  761/786/761 511/525/511 763/788/763
f  764/789/764 509/523/509 511/525/511
f  765/790/765 766/791/766 767/792/767
f  768/793/768 769/794/769 770/795/770
f  763/788/763 511/525/511 510/524/510
f  771/796/771 772/797/772 773/798/773
f  771/796/771 773/798/773 774/799/774
f  775/800/775 776/801/776 773/798/773
f  777/802/777 778/803/778 779/804/779
f  780/805/780 781/806/781 782/807/782
f  780/805/780 782/807/782 783/808/783
f  784/809/784 785/810/785 419/431/419
f  786/811/786 787/812/787 788/813/788
f  789/814/789 790/815/790 791/816/791
f  792/817/792 793/818/793 794/819/794
f  757/782/757 795/820/795 758/783/758
f  796/821/796 797/822/797 798/823/798
f  799/824/799 800/825/800 801/826/801
f  782/807/782 802/827/802 241/828/241
f  803/829/803 255/264/255 804/830/804
f  688/708/688 687/707/687 631/649/631
f  805/831/805 806/832/806 356/367/356
f  805/831/805 356/367/356 807/833/807
f  31/31/31 651/671/651 634/652/634
f  808/834/808 809/835/809 810/836/810
f  811/837/811 812/838/812 813/839/813
f  811/837/811 813/839/813 814/840/814
f  815/841/815 816/842/816 817/843/817
f  815/841/815 817/843/817 818/844/818
f  819/845/819 499/513/499 820/846/820
f  821/847/821 822/848/822 823/849/823
f  638/656/638 824/850/824 825/851/825
f  165/171/165 826/852/826 827/853/827
f  828/854/828 674/855/674 829/856/829
f  830/857/830 831/858/831 98/104/98
f  501/515/501 832/859/832 35/35/35
f  833/860/833 713/736/713 506/861/506
f  834/862/834 835/863/835 836/864/836
f  837/865/837 25/25/25 832/859/832
f  252/261/252 838/866/838 839/867/839
f  9/9/9 12/12/12 840/868/840
f  841/869/841 842/870/842 843/871/843
f  841/869/841 843/871/843 349/360/349
f  200/207/200 412/424/412 844/872/844
f  206/213/206 392/404/392 845/873/845
f  90/96/90 846/874/846 847/875/847
f  848/876/848 379/391/379 849/877/849
f  599/615/599 850/878/850 851/879/851
f  852/880/852 853/881/853 854/882/854
f  855/883/855 856/884/856 857/885/857
f  858/886/858 859/887/859 860/888/860
f  861/889/861 862/890/862 863/891/863
f  861/889/861 863/891/863 864/892/864
f  438/450/438 437/449/437 578/594/578
f  865/893/865 866/894/866 867/895/867
f  868/896/868 869/897/869 870/898/870
f  417/429/417 871/899/871 482/496/482
f  260/269/260 872/900/872 873/901/873
f  36/36/36 146/152/146 150/156/150
f  539/902/539 874/903/874 591/607/591
f  875/904/875 156/162/156 144/150/144
f  46/905/46 876/906/876 877/907/877
f  46/905/46 560/908/560 876/906/876
f  15/15/15 488/502/488 13/13/13
f  706/728/706 878/909/878 879/910/879
f  706/728/706 2/2/2 707/729/707
f  880/911/880 102/912/102 719/742/719
f  599/615/599 851/879/851 600/616/600
f  526/541/526 65/69/65 390/402/390
f  628/646/628 881/913/881 111/117/111
f  882/914/882 883/915/883 125/131/125
f  288/298/288 442/454/442 884/916/884
f  809/835/809 885/917/885 886/918/886
f  161/167/161 887/919/887 182/920/182
f  221/230/221 888/921/888 222/231/222
f  198/205/198 772/797/772 780/805/780
f  294/304/294 889/922/889 890/923/890
f  891/924/891 892/925/892 893/926/893
f  355/927/355 354/928/354 510/524/510
f  894/929/894 895/930/895 896/931/896
f  897/932/897 898/933/898 899/934/899
f  245/254/245 374/935/374 243/252/243
f  245/254/245 244/253/244 900/936/900
f  901/937/901 855/883/855 902/938/902
f  903/939/903 883/940/883 904/941/904
f  32/942/32 905/943/905 33/944/33
f  906/945/906 282/292/282 907/946/907
f  908/947/908 492/506/492 491/505/491
f  908/947/908 491/505/491 909/948/909
f  236/949/236 910/950/910 400/951/400
f  911/952/911 601/617/601 912/953/912
f  471/485/471 913/954/913 914/955/914
f  915/956/915 916/957/916 917/958/917
f  918/959/918 919/960/919 920/961/920
f  921/962/921 750/963/750 749/964/749
f  922/965/922 923/966/923 924/967/924
f  925/968/925 926/969/926 573/589/573
f  927/970/927 757/782/757 928/971/928
f  929/972/929 930/973/930 931/974/931
f  662/975/662 932/976/932 663/977/663
f  365/376/365 253/262/253 448/460/448
f  933/978/933 934/979/934 532/547/532
f  568/980/568 583/599/583 935/981/935
f  459/471/459 838/866/838 254/263/254
f  936/982/936 561/983/561 548/563/548
f  864/892/864 863/891/863 937/984/937
f  938/985/938 939/986/939 475/987/475
f  940/988/940 941/989/941 942/990/942
f  544/559/544 454/466/454 545/560/545
f  943/991/943 493/507/493 313/992/313
f  652/672/652 944/993/944 945/994/945
f  454/466/454 544/559/544 946/995/946
f  497/511/497 368/379/368 947/996/947
f  948/997/948 949/998/949 950/999/950
f  951/1000/951 952/1001/952 821/847/821
f  953/1002/953 466/478/466 954/1003/954
f  243/1004/243 517/532/517 332/342/332
f  716/739/716 272/281/272 289/299/289
f  955/1005/955 956/1006/956 957/1007/957
f  945/994/945 944/993/944 958/1008/958
f  300/310/300 540/555/540 736/760/736
f  585/601/585 959/1009/959 960/1010/960
f  371/382/371 961/1011/961 962/1012/962
f  64/68/64 106/112/106 963/1013/963
f  78/82/78 964/1014/964 798/823/798
f  965/1015/965 966/1016/966 967/1017/967
f  968/1018/968 969/1019/969 970/1020/970
f  971/1021/971 859/887/859 858/886/858
f  641/659/641 972/1022/972 973/1023/973
f  362/373/362 574/590/574 363/374/363
f  337/347/337 974/1024/974 335/345/335
f  30/30/30 649/669/649 31/31/31
f  975/1025/975 263/272/263 976/1026/976
f  668/688/668 538/553/538 977/1027/977
f  978/1028/978 979/1029/979 980/1030/980
f  981/1031/981 982/1032/982 983/1033/983
f  817/1034/817 816/1035/816 984/1036/984
f  985/1037/985 878/909/878 831/858/831
f  817/1038/817 986/1039/986 168/174/168
f  858/886/858 987/1040/987 988/1041/988
f  989/1042/989 133/1043/133 990/1044/990
f  250/259/250 991/1045/991 597/613/597
f  798/823/798 797/822/797 992/1046/992
f  993/1047/993 994/1048/994 995/1049/995
f  462/474/462 996/1050/996 997/1051/997
f  998/1052/998 471/1053/471 914/1054/914
f  995/1055/995 999/1056/999 160/166/160
f  1000/1057/1000 1001/1058/1001 1002/1059/1002
f  851/879/851 1003/1060/1003 1004/1061/1004
f  786/811/786 1005/1062/1005 1006/1063/1006
f  339/349/339 1007/1064/1007 164/170/164
f  1008/1065/1008 365/376/365 550/565/550
f  1009/1066/1009 1010/1067/1010 1011/1068/1011
f  523/538/523 1012/1069/1012 106/112/106
f  347/358/347 159/165/159 158/164/158
f  1013/1070/1013 1014/1071/1014 1015/1072/1015
f  104/743/104 1016/1073/1016 720/744/720
f  1017/1074/1017 981/1031/981 983/1033/983
f  418/430/418 1018/1075/1018 562/578/562
f  17/17/17 1019/1076/1019 173/179/173
f  1020/1077/1020 1021/1078/1021 993/1047/993
f  544/559/544 640/658/640 891/924/891
f  878/909/878 706/728/706 831/858/831
f  226/235/226 1022/1079/1022 227/236/227
f  1023/1080/1023 1024/1081/1024 1025/1082/1025
f  537/552/537 1026/1083/1026 1027/1084/1027
f  703/725/703 705/727/705 824/850/824
f  77/81/77 178/1085/178 1028/1086/1028
f  555/570/555 1029/1087/1029 556/571/556
f  958/1008/958 1030/1088/1030 815/841/815
f  821/847/821 1031/1089/1031 1032/1090/1032
f  470/484/470 1033/1091/1033 913/954/913
f  10/10/10 9/9/9 1034/1092/1034
f  1035/1093/1035 395/407/395 1036/1094/1036
f  869/897/869 7/7/7 10/10/10
f  8/8/8 131/137/131 130/136/130
f  1037/1095/1037 372/383/372 962/1012/962
f  1038/1096/1038 214/221/214 1039/1097/1039
f  942/990/942 1040/1098/1040 1041/1099/1041
f  86/92/86 837/865/837 1042/1100/1042
f  1043/1101/1043 23/23/23 1044/1102/1044
f  326/336/326 325/335/325 328/338/328
f  1045/1103/1045 792/817/792 1046/1104/1046
f  1047/1105/1047 22/22/22 25/25/25
f  1047/1105/1047 25/25/25 837/865/837
f  428/440/428 1048/1106/1048 22/22/22
f  539/902/539 591/607/591 540/1107/540
f  1048/1106/1048 840/1108/840 23/23/23
f  1048/1106/1048 23/23/23 22/22/22
f  723/747/723 1049/1109/1049 1046/1104/1046
f  1050/1110/1050 1051/1111/1051 1052/1112/1052
f  1053/1113/1053 36/36/36 203/210/203
f  458/470/458 1054/1114/1054 838/866/838
f  74/78/74 1052/1112/1052 1055/1115/1055
f  1056/1116/1056 1057/1117/1057 1058/1118/1058
f  502/516/502 35/35/35 37/37/37
f  502/516/502 37/37/37 41/41/41
f  718/741/718 717/740/717 1059/1119/1059
f  1042/1100/1042 832/859/832 501/515/501
f  513/1120/513 1060/1121/1060 514/1122/514
f  189/1123/189 157/163/157 190/1124/190
f  535/550/535 1061/1125/1061 1062/1126/1062
f  727/751/727 729/753/729 1063/1127/1063
f  92/98/92 94/100/94 1064/1128/1064
f  1065/1129/1065 1066/1130/1066 1067/1131/1067
f  94/100/94 1068/1132/1068 1069/1133/1069
f  281/1134/281 274/283/274 273/282/273
f  1070/1135/1070 1071/1136/1071 47/47/47
f  1070/1135/1070 47/47/47 684/1137/684
f  1072/1138/1072 760/785/760 755/780/755
f  1073/1139/1073 1074/1140/1074 1075/1141/1075
f  84/90/84 646/1142/646 95/101/95
f  1076/1143/1076 666/686/666 665/685/665
f  767/792/767 48/48/48 49/51/49
f  1077/1144/1077 1078/1145/1078 845/873/845
f  1079/1146/1079 908/947/908 909/948/909
f  561/983/561 46/1147/46 548/563/548
f  97/103/97 684/704/684 47/49/47
f  97/103/97 47/49/47 1080/1148/1080
f  690/710/690 50/52/50 53/55/53
f  137/143/137 139/145/139 1081/1149/1081
f  1082/1150/1082 1039/1097/1039 1083/1151/1083
f  961/1011/961 1084/1152/1084 690/1153/690
f  490/504/490 492/506/492 1085/1154/1085
f  871/899/871 1086/1155/1086 1087/1156/1087
f  940/988/940 1041/1099/1041 52/1157/52
f  940/988/940 52/1157/52 1088/1158/1088
f  1089/1159/1089 60/62/60 1040/1098/1040
f  1089/1159/1089 1040/1098/1040 942/990/942
f  976/1026/976 257/266/257 1090/1160/1090
f  779/804/779 1091/1161/1091 1092/1162/1092
f  683/1163/683 1093/1164/1093 1094/1165/1094
f  1095/1166/1095 1096/1167/1096 1097/1168/1097
f  1098/1169/1098 1099/1170/1099 1100/1171/1100
f  1101/1172/1101 1040/1173/1040 1102/1174/1102
f  1103/1175/1103 1047/1105/1047 837/865/837
f  1104/1176/1104 1105/1177/1105 179/186/179
f  120/126/120 1106/1178/1106 1107/1179/1107
f  1108/1180/1108 1109/1181/1109 157/163/157
f  1110/1182/1110 1111/1183/1111 1112/1184/1112
f  112/118/112 1106/1178/1106 1113/1185/1113
f  1114/1186/1114 1063/1127/1063 842/870/842
f  951/1000/951 1115/1187/1115 737/761/737
f  1116/1188/1116 1056/1116/1056 1058/1118/1058
f  1117/1189/1117 1118/1190/1118 100/106/100
f  1119/1191/1119 1120/1192/1120 933/978/933
f  646/665/646 81/85/81 80/84/80
f  733/757/733 735/759/735 905/943/905
f  540/1107/540 591/607/591 736/1193/736
f  1121/1194/1121 479/1195/479 1122/1196/1122
f  1123/1197/1123 1124/1198/1124 1125/1199/1125
f  109/115/109 825/851/825 766/791/766
f  933/978/933 532/547/532 531/546/531
f  101/107/101 100/106/100 1118/1190/1118
f  101/107/101 1118/1190/1118 1126/1200/1126
f  173/179/173 1019/1076/1019 174/180/174
f  1127/1201/1127 82/86/82 427/439/427
f  93/99/93 92/98/92 8/8/8
f  42/42/42 745/769/745 43/43/43
f  43/43/43 747/771/747 1128/1202/1128
f  1129/1203/1129 353/364/353 355/366/355
f  68/72/68 1130/1204/1130 704/726/704
f  493/507/493 943/991/943 1131/1205/1131
f  1132/1206/1132 1004/1061/1004 672/692/672
f  233/242/233 1133/1207/1133 1134/1208/1134
f  1135/1209/1135 427/1210/427 82/88/82
f  1135/1209/1135 82/88/82 83/87/83
f  1136/1211/1136 85/91/85 500/514/500
f  1136/1211/1136 500/514/500 1137/1212/1137
f  847/875/847 1138/1213/1138 1139/1214/1139
f  1140/1215/1140 1141/1216/1141 1142/1217/1142
f  1138/1213/1138 745/769/745 42/42/42
f  1138/1213/1138 42/42/42 1139/1214/1139
f  39/39/39 88/94/88 1143/1218/1143
f  1144/1219/1144 1107/1179/1107 66/70/66
f  1068/1132/1068 1145/1220/1145 1146/1221/1146
f  1147/1222/1147 735/759/735 1148/1223/1148
f  99/105/99 707/729/707 1074/1140/1074
f  1145/1220/1145 1149/1224/1149 1146/1221/1146
f  825/851/825 1150/1225/1150 1151/1226/1151
f  339/349/339 1152/1227/1152 1007/1064/1007
f  795/820/795 1153/1228/1153 758/783/758
f  995/1055/995 994/1229/994 999/1056/999
f  739/763/739 599/615/599 598/614/598
f  315/325/315 1154/1230/1154 759/784/759
f  1155/1231/1155 976/1026/976 1156/1232/1156
f  1120/1192/1120 934/979/934 933/978/933
f  165/171/165 827/853/827 1157/1233/1157
f  1158/1234/1158 830/857/830 1120/1192/1120
f  831/858/831 706/728/706 99/105/99
f  831/858/831 99/105/99 98/104/98
f  89/95/89 1159/1235/1159 1160/1236/1160
f  89/95/89 1160/1236/1160 90/96/90
f  549/564/549 1161/1237/1161 550/565/550
f  639/657/639 1162/1238/1162 1149/1224/1149
f  1035/1239/1035 1036/1240/1036 1163/1241/1163
f  100/106/100 99/105/99 1073/1139/1073
f  1164/1242/1164 1165/1243/1165 1166/1244/1166
f  1167/1245/1167 1168/1246/1168 1169/1247/1169
f  807/833/807 542/557/542 541/556/541
f  941/989/941 1170/1248/1170 942/990/942
f  1171/1249/1171 1172/1250/1172 1173/1251/1173
f  1171/1249/1171 1173/1251/1173 1174/1252/1174
f  1175/1253/1175 1176/1254/1176 1177/1255/1177
f  311/321/311 309/319/309 308/318/308
f  641/659/641 1178/1256/1178 642/660/642
f  218/227/218 1179/1257/1179 219/228/219
f  564/580/564 1180/1258/1180 784/809/784
f  74/78/74 1055/1115/1055 1181/1259/1181
f  1182/1260/1182 1183/1261/1183 1184/1262/1184
f  126/132/126 129/135/129 136/142/136
f  1185/1263/1185 34/1264/34 1186/1265/1186
f  482/496/482 484/498/484 1187/1266/1187
f  311/321/311 308/318/308 1188/1267/1188
f  1189/1268/1189 1190/1269/1190 1191/1270/1191
f  406/418/406 1192/1271/1192 227/236/227
f  406/418/406 227/236/227 407/419/407
f  1193/1272/1193 1194/1273/1194 1192/1271/1192
f  1193/1272/1193 1192/1271/1192 406/418/406
f  425/437/425 438/450/438 1195/1274/1195
f  1196/1275/1196 755/780/755 768/793/768
f  330/340/330 1197/1276/1197 1198/1277/1198
f  330/340/330 1198/1277/1198 331/341/331
f  1199/1278/1199 163/1279/163 1197/1276/1197
f  1199/1278/1199 1197/1276/1197 330/340/330
f  726/750/726 725/749/725 1200/1280/1200
f  163/1279/163 125/131/125 124/130/124
f  1201/1281/1201 1202/1282/1202 1203/1283/1203
f  1201/1281/1201 1203/1283/1203 1204/1284/1204
f  887/1285/887 329/339/329 1205/1286/1205
f  360/371/360 1202/1282/1202 1201/1281/1201
f  1206/1287/1206 1207/1288/1207 796/1289/796
f  723/747/723 287/297/287 1049/1109/1049
f  1073/1139/1073 1117/1189/1117 100/106/100
f  162/168/162 882/1290/882 163/169/163
f  1208/1291/1208 667/687/667 1209/1292/1209
f  884/916/884 442/454/442 228/1293/228
f  667/687/667 331/341/331 1198/1277/1198
f  342/352/342 344/354/344 1210/1294/1210
f  1211/1295/1211 836/864/836 1212/1296/1212
f  141/147/141 204/211/204 1043/1101/1043
f  1213/1297/1213 751/775/751 316/326/316
f  875/904/875 1214/1298/1214 1215/1299/1215
f  943/1300/943 895/930/895 1216/1301/1216
f  161/167/161 163/169/163 1199/1302/1199
f  1217/1303/1217 1218/1304/1218 1219/1305/1219
f  1220/1306/1220 1037/1095/1037 1221/1307/1221
f  990/1044/990 1015/1072/1015 1222/1308/1222
f  1167/1245/1167 1169/1247/1169 1223/1309/1223
f  790/815/790 560/575/560 1224/1310/1224
f  69/73/69 703/725/703 824/850/824
f  285/295/285 726/750/726 1225/1311/1225
f  1226/1312/1226 624/642/624 615/631/615
f  1227/1313/1227 1228/1314/1228 1229/1315/1229
f  312/322/312 1011/1316/1011 309/319/309
f  1230/1317/1230 145/151/145 156/162/156
f  1230/1317/1230 156/162/156 155/161/155
f  985/1037/985 1158/1234/1158 1231/1318/1231
f  942/990/942 1232/1319/1232 1089/1159/1089
f  53/55/53 52/54/52 1041/1320/1041
f  1018/1075/1018 762/787/762 1233/1321/1233
f  572/588/572 571/587/571 1234/1322/1234
f  1235/1323/1235 1236/1324/1236 1237/1325/1237
f  190/1124/190 157/163/157 875/904/875
f  619/637/619 1238/1326/1238 1115/1187/1115
f  1239/1327/1239 958/1008/958 1240/1328/1240
f  1241/1329/1241 749/964/749 381/393/381
f  1242/1330/1242 1243/1331/1243 1244/1332/1244
f  1245/1333/1245 1149/1224/1149 1145/1220/1145
f  188/1334/188 1108/1180/1108 189/1123/189
f  32/32/32 1246/1335/1246 1247/1336/1247
f  1248/1337/1248 1249/1338/1249 1250/1339/1250
f  967/1017/967 966/1016/966 1251/1340/1251
f  1133/1207/1133 776/801/776 1252/1341/1252
f  478/492/478 338/348/338 147/153/147
f  279/1342/279 170/176/170 172/178/172
f  279/1342/279 172/178/172 280/1343/280
f  1253/1344/1253 1206/1287/1206 964/1345/964
f  1155/1231/1155 1156/1232/1156 200/207/200
f  1254/1346/1254 1211/1295/1211 1255/1347/1255
f  1256/1348/1256 531/546/531 1160/1236/1160
f  666/686/666 1257/1349/1257 331/341/331
f  149/1350/149 1258/1351/1258 1259/1352/1259
f  1260/1353/1260 388/400/388 431/443/431
f  1103/1175/1103 44/44/44 1261/1354/1261
f  558/573/558 490/504/490 1085/1154/1085
f  1262/1355/1262 525/540/525 1153/1228/1153
f  989/1042/989 176/182/176 134/184/134
f  1263/1356/1263 1189/1268/1189 1191/1270/1191
f  806/832/806 1264/1357/1264 356/367/356
f  1177/1255/1177 431/443/431 430/442/430
f  1177/1255/1177 1265/1358/1265 431/443/431
f  647/666/647 80/84/80 1128/1202/1128
f  889/1359/889 1099/1170/1099 1098/1169/1098
f  1266/1360/1266 1267/1361/1267 188/1334/188
f  464/476/464 597/613/597 1268/1362/1268
f  1105/1177/1105 1255/1347/1255 1269/1363/1269
f  1270/1364/1270 903/939/903 310/320/310
f  1271/1365/1271 249/258/249 1142/1217/1142
f  946/995/946 446/458/446 365/376/365
f  191/198/191 193/200/193 1176/1254/1176
f  740/764/740 946/995/946 365/376/365
f  1001/1366/1001 1000/1367/1000 1272/1368/1272
f  1273/1369/1273 1274/1370/1274 1182/1260/1182
f  1249/1338/1249 328/338/328 1250/1339/1250
f  1056/1116/1056 440/452/440 1057/1117/1057
f  1200/1280/1200 725/749/725 785/810/785
f  1068/1132/1068 1146/1221/1146 1069/1133/1069
f  997/1051/997 996/1050/996 1275/1371/1275
f  142/148/142 1043/1101/1043 1044/1102/1044
f  618/636/618 269/278/269 1276/1372/1276
f  140/146/140 202/209/202 141/147/141
f  735/759/735 152/158/152 154/160/154
f  1044/1102/1044 840/1108/840 1277/1373/1277
f  278/288/278 192/199/192 279/289/279
f  1278/1374/1278 1053/1113/1053 203/210/203
f  288/298/288 1279/1375/1279 442/454/442
f  1206/1287/1206 1280/1376/1280 1254/1346/1254
f  1229/1315/1229 1281/1377/1281 1277/1378/1277
f  413/425/413 1090/1160/1090 409/421/409
f  906/945/906 1282/1379/1282 1283/1380/1283
f  764/789/764 511/525/511 762/787/762
f  5/5/5 1284/1381/1284 6/6/6
f  1259/1382/1259 1285/1383/1285 1286/1384/1286
f  1259/1382/1259 1286/1384/1286 1036/1385/1036
f  1258/1386/1258 181/188/181 1285/1383/1285
f  1258/1386/1258 1285/1383/1285 1259/1382/1259
f  177/1387/177 875/904/875 1215/1299/1215
f  182/189/182 211/218/211 183/190/183
f  1039/1097/1039 214/221/214 1083/1151/1083
f  426/438/426 1195/1274/1195 617/635/617
f  375/1388/375 245/1389/245 1287/1390/1287
f  689/709/689 92/98/92 37/37/37
f  1129/1203/1129 645/1391/645 644/1392/644
f  145/151/145 1230/1317/1230 151/157/151
f  1060/1121/1060 216/225/216 217/226/217
f  1060/1121/1060 217/226/217 514/1122/514
f  736/1193/736 593/609/593 216/225/216
f  736/1193/736 216/225/216 1060/1121/1060
f  92/98/92 1064/1128/1064 37/37/37
f  593/609/593 1083/1151/1083 216/225/216
f  1288/1393/1288 1289/1394/1289 1290/1395/1290
f  93/99/93 7/7/7 869/897/869
f  1291/1396/1291 1292/1397/1292 1293/1398/1293
f  165/171/165 1157/1233/1157 166/172/166
f  1050/1110/1050 1294/1399/1294 1066/1130/1066
f  200/207/200 413/425/413 412/424/412
f  866/894/866 968/1018/968 970/1020/970
f  1134/1208/1134 1252/1341/1252 1295/1400/1295
f  1296/1401/1296 778/803/778 1297/1402/1297
f  1102/1174/1102 1040/1173/1040 1298/1403/1298
f  173/179/173 1299/1404/1299 1300/1405/1300
f  1301/1406/1301 1050/1110/1050 1066/1130/1066
f  1302/1407/1302 664/684/664 1303/1408/1303
f  1304/1409/1304 572/588/572 1168/1246/1168
f  1305/1410/1305 1306/1411/1306 1307/1412/1307
f  1308/1413/1308 1309/1414/1309 418/430/418
f  443/455/443 276/1415/276 444/456/444
f  1194/1273/1194 113/119/113 1310/1416/1310
f  1092/1162/1092 1091/1161/1091 1311/1417/1311
f  5/5/5 596/612/596 1284/1381/1284
f  559/574/559 558/573/558 1312/1418/1312
f  1313/1419/1313 238/247/238 235/244/235
f  78/82/78 1253/1420/1253 964/1014/964
f  1283/1380/1283 1282/1379/1282 1314/1421/1314
f  1253/1344/1253 508/522/508 1280/1376/1280
f  237/246/237 239/248/239 1140/1215/1140
f  1315/1422/1315 553/1423/553 1316/1424/1316
f  1317/1425/1317 237/246/237 327/337/327
f  1318/1426/1318 230/239/230 238/247/238
f  1093/1164/1093 678/698/678 1319/1427/1319
f  656/676/656 1147/1222/1147 1148/1223/1148
f  402/414/402 239/248/239 403/415/403
f  485/499/485 487/501/487 198/205/198
f  1320/1428/1320 1321/1429/1321 1322/1430/1322
f  1034/1431/1034 9/1432/9 1048/1106/1048
f  1323/1433/1323 423/435/423 915/1434/915
f  1142/1217/1142 249/258/249 1140/1215/1140
f  305/315/305 1324/1435/1324 1325/1436/1325
f  1326/1437/1326 1327/1438/1327 249/258/249
f  1326/1437/1326 249/258/249 1271/1365/1271
f  1327/1438/1327 265/274/265 1328/1439/1328
f  1329/1440/1329 740/764/740 1330/1441/1330
f  804/830/804 255/264/255 258/267/258
f  804/830/804 258/267/258 715/738/715
f  1142/1217/1142 1141/1216/1141 1331/1442/1331
f  1142/1217/1142 1331/1442/1331 803/829/803
f  404/416/404 403/415/403 1313/1419/1313
f  1141/1216/1141 1332/1443/1332 1331/1442/1331
f  315/325/315 759/784/759 1333/1444/1333
f  1334/1445/1334 263/272/263 975/1025/975
f  1335/1446/1335 1336/1447/1336 1334/1445/1334
f  151/157/151 1230/1317/1230 601/617/601
f  637/655/637 600/616/600 1132/1206/1132
f  1336/1447/1336 273/282/273 262/271/262
f  1337/1448/1337 264/273/264 194/201/194
f  1177/1255/1177 430/442/430 1222/1308/1222
f  1268/1362/1268 597/613/597 1338/1449/1338
f  1268/1362/1268 1338/1449/1338 527/542/527
f  16/16/16 1019/1076/1019 17/17/17
f  597/613/597 991/1045/991 1338/1449/1338
f  56/58/56 55/57/55 714/737/714
f  418/430/418 1309/1414/1309 1018/1075/1018
f  440/452/440 439/451/439 1163/1241/1163
f  283/293/283 604/620/604 54/56/54
f  278/288/278 280/290/280 1266/1450/1266
f  1140/1215/1140 251/260/251 1248/1337/1248
f  289/299/289 272/281/272 1279/1375/1279
f  1184/1262/1184 304/1451/304 1339/1452/1339
f  869/897/869 10/10/10 1135/1209/1135
f  1105/1177/1105 841/869/841 1340/1453/1340
f  1341/1454/1341 262/271/262 273/282/273
f  1341/1454/1341 273/282/273 272/281/272
f  1263/1356/1263 423/435/423 1342/1455/1342
f  1343/1456/1343 1344/1457/1344 422/434/422
f  1345/1458/1345 229/1459/229 1343/1456/1343
f  265/274/265 991/1045/991 1328/1439/1328
f  1346/1460/1346 920/1461/920 472/486/472
f  229/238/229 444/1462/444 1343/1463/1343
f  1001/1058/1001 1272/1464/1272 1347/1465/1347
f  1263/1356/1263 1191/1270/1191 421/433/421
f  386/398/386 422/434/422 277/287/277
f  1034/1431/1034 1048/1106/1048 428/440/428
f  1308/1413/1308 420/432/420 1348/1466/1348
f  422/434/422 1344/1457/1344 277/287/277
f  907/946/907 282/292/282 978/1028/978
f  247/256/247 1349/1467/1349 240/249/240
f  1283/1380/1283 1350/1468/1350 1351/1469/1351
f  1283/1380/1283 1351/1469/1351 906/945/906
f  1350/1468/1350 55/57/55 604/620/604
f  1350/1468/1350 604/620/604 1351/1469/1351
f  1137/1212/1137 502/516/502 41/41/41
f  290/300/290 291/301/291 288/298/288
f  1352/1470/1352 324/1471/324 1026/1083/1026
f  1245/1333/1245 639/657/639 1149/1224/1149
f  1353/1472/1353 1193/1272/1193 452/464/452
f  794/819/794 769/1473/769 1354/1474/1354
f  1163/1241/1163 1286/1475/1286 1038/1096/1038
f  798/823/798 992/1046/992 76/80/76
f  938/985/938 732/756/732 1305/1410/1305
f  518/533/518 1027/1084/1027 519/534/519
f  439/451/439 1035/1239/1035 1163/1241/1163
f  514/1122/514 217/226/217 1076/1476/1076
f  1355/1477/1355 26/26/26 28/28/28
f  204/211/204 24/24/24 23/23/23
f  1356/1478/1356 266/275/266 268/277/268
f  1356/1478/1356 268/277/268 1152/1227/1152
f  267/276/267 293/303/293 1357/1479/1357
f  267/276/267 1357/1479/1357 268/277/268
f  1358/1480/1358 399/411/399 657/677/657
f  1282/1379/1282 297/307/297 1314/1421/1314
f  671/691/671 1164/1242/1164 1166/1244/1166
f  1268/1362/1268 529/544/529 465/477/465
f  1188/1267/1188 308/318/308 1359/1481/1359
f  1075/1141/1075 1360/1482/1360 1117/1189/1117
f  1361/1483/1361 818/1484/818 1362/1485/1362
f  1363/1486/1363 310/320/310 904/941/904
f  803/829/803 1331/1442/1331 255/264/255
f  1364/1487/1364 1365/1488/1365 152/158/152
f  434/446/434 433/445/433 1366/1489/1366
f  518/533/518 311/321/311 1367/1490/1367
f  1367/1490/1367 311/321/311 979/1029/979
f  435/447/435 434/446/434 1083/1151/1083
f  1368/1491/1368 1369/1492/1369 311/321/311
f  1368/1491/1368 311/321/311 518/533/518
f  1369/1492/1369 1287/1390/1287 312/322/312
f  1369/1492/1369 312/322/312 311/321/311
f  219/228/219 1179/1257/1179 1370/1493/1370
f  692/716/692 1371/1494/1371 695/717/695
f  1372/1495/1372 1373/1496/1373 1374/1497/1374
f  1375/1498/1375 1376/1499/1376 954/1003/954
f  184/191/184 1377/1500/1377 1378/1501/1378
f  328/338/328 1249/1338/1249 1376/1499/1376
f  520/1502/520 519/1503/519 326/336/326
f  520/1502/520 326/336/326 1379/1504/1379
f  1367/1490/1367 537/552/537 1027/1084/1027
f  1367/1490/1367 1027/1084/1027 518/533/518
f  537/552/537 290/300/290 1026/1083/1026
f  464/476/464 1380/1505/1380 597/613/597
f  1381/1506/1381 281/1134/281 1335/1446/1335
f  327/337/327 325/335/325 1382/1507/1382
f  978/1028/978 284/294/284 537/552/537
f  211/218/211 1383/1508/1383 212/219/212
f  818/1484/818 644/662/644 1384/1509/1384
f  1385/1510/1385 1335/1446/1335 1386/1511/1386
f  1387/1512/1387 1388/1513/1388 1389/1514/1389
f  1390/1515/1390 1391/1516/1391 1392/1517/1392
f  164/170/164 826/852/826 165/171/165
f  1099/1170/1099 1393/1518/1393 1387/1512/1387
f  1393/1519/1393 294/304/294 266/275/266
f  275/284/275 276/1415/276 443/455/443
f  147/153/147 338/348/338 1394/1520/1394
f  359/370/359 1102/1174/1102 1202/1282/1202
f  477/491/477 1395/1521/1395 338/348/338
f  477/491/477 338/348/338 478/492/478
f  1395/1521/1395 1356/1478/1356 339/349/339
f  1395/1521/1395 339/349/339 338/348/338
f  739/763/739 598/614/598 800/825/800
f  307/317/307 1321/1429/1321 1320/1428/1320
f  337/1522/337 1396/1523/1396 1397/1524/1397
f  408/420/408 1365/1488/1365 930/973/930
f  356/367/356 1264/1357/1264 259/268/259
f  1221/1307/1221 962/1012/962 1398/1525/1398
f  577/593/577 1237/1526/1237 894/929/894
f  1074/1140/1074 707/729/707 45/45/45
f  1231/1318/1231 51/1527/51 576/592/576
f  495/509/495 494/508/494 547/562/547
f  714/737/714 195/202/195 1327/1438/1327
f  51/1527/51 1084/1528/1084 576/592/576
f  1010/1529/1010 1270/1364/1270 310/320/310
f  1186/1265/1186 399/411/399 400/412/400
f  394/406/394 1259/1352/1259 1036/1094/1036
f  1337/1448/1337 528/543/528 527/542/527
f  715/738/715 258/267/258 1341/1454/1341
f  367/378/367 1399/1530/1399 368/379/368
f  1024/1081/1024 357/368/357 1400/1531/1400
f  225/234/225 224/233/224 1116/1188/1116
f  455/467/455 1329/1440/1329 888/921/888
f  1401/1532/1401 357/1533/357 1024/1534/1024
f  129/135/129 117/123/117 116/122/116
f  1158/1234/1158 985/1037/985 830/857/830
f  1402/1535/1402 1403/1536/1403 364/375/364
f  954/1003/954 1376/1499/1376 953/1002/953
f  1206/1287/1206 1404/1537/1404 1207/1288/1207
f  720/744/720 1016/1073/1016 812/838/812
f  1405/1538/1405 733/1539/733 1406/1540/1406
f  856/884/856 1407/1541/1407 967/1017/967
f  960/1010/960 959/1009/959 1408/1542/1408
f  523/538/523 363/374/363 1409/1543/1409
f  842/870/842 1292/1397/1292 843/871/843
f  1410/1544/1410 849/877/849 1411/1545/1411
f  420/432/420 724/748/724 1348/1466/1348
f  1412/1546/1412 1413/1547/1413 1414/1548/1414
f  679/699/679 681/701/681 567/1549/567
f  1415/1550/1415 1037/1095/1037 1220/1306/1220
f  148/154/148 1288/1393/1288 1258/1551/1258
f  523/538/523 1409/1543/1409 1012/1069/1012
f  638/656/638 109/115/109 108/114/108
f  363/374/363 574/590/574 369/380/369
f  1375/1498/1375 373/384/373 375/387/375
f  1375/1498/1375 375/387/375 1368/1552/1368
f  372/383/372 371/382/371 962/1012/962
f  466/478/466 373/384/373 954/1003/954
f  1416/1553/1416 756/781/756 1109/1181/1109
f  295/305/295 890/923/890 373/384/373
f  555/570/555 849/877/849 1410/1544/1410
f  3/3/3 943/1300/943 313/323/313
f  603/619/603 92/98/92 689/709/689
f  1417/1554/1417 1418/1555/1418 333/343/333
f  385/397/385 384/396/384 1419/1556/1419
f  713/1557/713 709/731/709 507/521/507
f  1219/1305/1219 1420/1558/1420 1418/1555/1418
f  1219/1305/1219 1418/1555/1418 1417/1554/1417
f  1218/1304/1218 1421/1559/1421 1420/1558/1420
f  1133/1207/1133 774/799/774 776/801/776
f  1077/1144/1077 392/404/392 383/395/383
f  1077/1144/1077 383/395/383 382/394/382
f  388/400/388 190/197/190 177/183/177
f  64/68/64 963/1013/963 65/69/65
f  375/1388/375 1287/1390/1287 1369/1492/1369
f  413/425/413 930/973/930 929/972/929
f  1422/1560/1422 1220/1306/1220 1419/1556/1419
f  1422/1560/1422 1419/1556/1419 1423/1561/1423
f  390/402/390 391/403/391 206/213/206
f  390/402/390 206/213/206 205/212/205
f  65/69/65 1424/1562/1424 1425/1563/1425
f  65/69/65 1425/1563/1425 390/402/390
f  286/296/286 718/741/718 1426/1564/1426
f  1424/1562/1424 383/395/383 1425/1563/1425
f  1078/1145/1078 1122/1196/1122 1427/1565/1427
f  1078/1145/1078 1427/1565/1427 845/873/845
f  1255/1347/1255 1104/1176/1104 1404/1537/1404
f  597/613/597 1380/1505/1380 251/260/251
f  1428/1566/1428 149/1350/149 1429/1567/1429
f  1273/1369/1273 1182/1260/1182 1339/1452/1339
f  371/382/371 1235/1323/1235 961/1011/961
f  1062/1126/1062 398/410/398 536/551/536
f  1190/1568/1190 932/976/932 956/1006/956
f  460/472/460 459/471/459 254/263/254
f  1430/1569/1430 845/873/845 1427/1565/1427
f  1430/1569/1430 1427/1565/1427 1431/1570/1431
f  493/507/493 1131/1205/1131 1432/1571/1432
f  1433/1572/1433 1434/1573/1434 767/792/767
f  910/950/910 236/949/236 1345/1458/1345
f  130/136/130 132/138/132 1435/1574/1435
f  1358/1480/1358 1313/1419/1313 235/244/235
f  1358/1480/1358 235/244/235 399/411/399
f  153/159/153 1436/1575/1436 1437/1576/1437
f  153/159/153 1437/1576/1437 154/160/154
f  153/159/153 410/422/410 1436/1575/1436
f  1238/1326/1238 1438/1577/1438 609/625/609
f  410/422/410 409/421/409 1436/1575/1436
f  846/874/846 533/548/533 1138/1213/1138
f  1389/1578/1389 1388/1579/1388 1356/1478/1356
f  517/532/517 1100/1171/1100 333/343/333
f  120/126/120 1107/1179/1107 121/127/121
f  1380/1505/1380 1439/1580/1439 251/260/251
f  1434/1573/1434 61/63/61 60/62/60
f  185/192/185 921/962/921 186/193/186
f  1303/1581/1303 411/423/411 929/972/929
f  168/174/168 644/1392/644 817/1038/817
f  1006/1063/1006 1440/1582/1440 786/811/786
f  664/684/664 411/1583/411 1303/1408/1303
f  856/884/856 967/1017/967 857/885/857
f  1342/1455/1342 412/1584/412 411/1583/411
f  774/799/774 773/798/773 776/801/776
f  1223/1309/1223 1169/1247/1169 1441/1585/1441
f  1362/1485/1362 1384/1509/1384 1442/1586/1442
f  201/1587/201 844/1588/844 1323/1433/1323
f  651/671/651 650/670/650 246/255/246
f  1443/1589/1443 1444/1590/1444 1445/1591/1445
f  1446/1592/1446 421/433/421 1191/1270/1191
f  243/1004/243 374/530/374 517/532/517
f  1447/1593/1447 1243/1331/1243 1242/1330/1242
f  160/166/160 159/165/159 1020/1594/1020
f  925/968/925 1448/1595/1448 926/969/926
f  630/648/630 607/623/607 1449/1596/1449
f  1450/1597/1450 1082/1150/1082 1451/1598/1451
f  352/363/352 1110/1182/1110 1407/1541/1407
f  1058/1118/1058 1057/1117/1057 1452/1599/1452
f  1447/1593/1447 29/1600/29 1243/1331/1243
f  57/59/57 480/494/480 58/60/58
f  1151/1226/1151 97/103/97 1080/1148/1080
f  1045/1103/1045 710/732/710 1453/1601/1453
f  650/670/650 1454/1602/1454 1455/1603/1455
f  27/27/27 58/60/58 432/444/432
f  27/27/27 432/444/432 874/903/874
f  58/60/58 480/494/480 433/445/433
f  58/60/58 433/445/433 432/444/432
f  863/891/863 862/890/862 892/925/892
f  1097/1168/1097 441/453/441 1390/1515/1390
f  1456/1604/1456 783/808/783 944/993/944
f  643/661/643 350/361/350 1457/1605/1457
f  1458/1606/1458 436/448/436 438/450/438
f  193/200/193 1260/1353/1260 1265/1358/1265
f  576/592/576 1237/1526/1237 577/593/577
f  892/925/892 446/458/446 893/926/893
f  551/566/551 1459/1607/1459 552/567/552
f  29/29/29 31/31/31 633/651/633
f  1460/1608/1460 1086/1155/1086 341/351/341
f  1461/1609/1461 573/589/573 886/918/886
f  1462/1610/1462 746/770/746 745/769/745
f  222/231/222 447/459/447 1463/1611/1463
f  888/921/888 1330/1441/1330 222/231/222
f  978/1028/978 980/1030/980 907/946/907
f  1392/1517/1392 1391/1516/1391 1459/1607/1459
f  1059/1119/1059 717/740/717 1464/1612/1464
f  286/296/286 1465/1613/1465 287/297/287
f  454/466/454 456/468/456 545/560/545
f  476/490/476 378/390/378 1466/1614/1466
f  947/996/947 368/379/368 1443/1589/1443
f  142/148/142 1044/1102/1044 1014/1615/1014
f  1463/1611/1463 447/459/447 1466/1614/1466
f  924/967/924 923/966/923 1193/1272/1193
f  1161/1237/1161 1008/1065/1008 550/565/550
f  319/329/319 997/1051/997 1467/1616/1467
f  319/329/319 1467/1616/1467 320/330/320
f  996/1050/996 1468/1617/1468 1275/1371/1275
f  1135/1209/1135 10/10/10 1034/1092/1034
f  628/646/628 111/117/111 114/120/114
f  388/400/388 521/536/521 187/194/187
f  13/13/13 367/378/367 14/14/14
f  942/990/942 1170/1248/1170 1232/1319/1232
f  1469/1618/1469 1470/1619/1470 462/474/462
f  1469/1618/1469 462/474/462 1471/1620/1471
f  899/934/899 1472/1621/1472 468/482/468
f  899/934/899 468/482/468 20/20/20
f  1473/1622/1473 727/751/727 1474/1623/1474
f  1367/1490/1367 979/1029/979 978/1028/978
f  914/955/914 913/954/913 1475/1624/1475
f  914/1054/914 1475/1625/1475 1476/1626/1476
f  1125/1199/1125 1477/1627/1477 1478/1628/1478
f  1253/1420/1253 78/82/78 1479/1629/1479
f  1124/1198/1124 819/845/819 1477/1627/1477
f  1124/1198/1124 1477/1627/1477 1125/1199/1125
f  820/846/820 498/512/498 470/484/470
f  1226/1312/1226 615/631/615 1480/1630/1480
f  730/754/730 475/987/475 998/1052/998
f  730/754/730 998/1052/998 731/755/731
f  1481/1631/1481 1316/1424/1316 939/986/939
f  1481/1631/1481 939/986/939 938/985/938
f  405/417/405 407/419/407 1482/1632/1482
f  1316/1633/1316 1478/1628/1478 939/1634/939
f  1132/1206/1132 672/692/672 1166/1244/1166
f  908/947/908 481/495/481 492/506/492
f  455/467/455 888/921/888 221/230/221
f  619/637/619 1276/1372/1276 1238/1326/1238
f  414/426/414 922/965/922 924/967/924
f  1451/1598/1451 434/446/434 1366/1489/1366
f  1483/1635/1483 481/495/481 57/59/57
f  1483/1635/1483 57/59/57 26/26/26
f  973/1023/973 1187/1266/1187 1178/1256/1178
f  824/850/824 705/727/705 1150/1225/1150
f  1085/1154/1085 492/506/492 481/495/481
f  345/355/345 184/357/184 1378/1636/1378
f  198/205/198 1484/1637/1484 485/499/485
f  488/502/488 377/389/377 376/388/376
f  1485/1638/1485 474/488/474 1371/1639/1371
f  1108/1180/1108 157/163/157 1486/1640/1486
f  430/442/430 176/182/176 989/1042/989
f  1487/1641/1487 1488/1642/1488 1489/1643/1489
f  493/507/493 1490/1644/1490 494/508/494
f  557/572/557 490/504/490 558/573/558
f  917/958/917 1491/1645/1491 1492/1646/1492
f  1493/1647/1493 1455/1603/1455 1494/1648/1494
f  951/1000/951 799/824/799 952/1001/952
f  879/910/879 2/2/2 706/728/706
f  1116/1188/1116 496/510/496 819/845/819
f  1116/1188/1116 819/845/819 1124/1198/1124
f  1447/1593/1447 30/1649/30 29/1600/29
f  740/764/740 448/460/448 1330/1441/1330
f  87/93/87 501/515/501 500/514/500
f  553/568/553 552/567/552 1478/1628/1478
f  1210/1294/1210 344/354/344 1495/1650/1495
f  1459/1607/1459 1123/1197/1123 552/567/552
f  1402/1535/1402 364/375/364 1496/1651/1496
f  413/425/413 408/420/408 930/973/930
f  1495/1650/1495 1458/1606/1458 425/437/425
f  1421/1559/1421 1121/1194/1121 1078/1145/1078
f  839/867/839 1497/1652/1497 1498/1653/1498
f  1221/1307/1221 1398/1525/1398 1401/1532/1401
f  1494/1648/1494 1455/1603/1455 503/517/503
f  602/618/602 1499/1654/1499 1227/1313/1227
f  1455/1603/1455 1208/1291/1208 504/518/504
f  1385/1510/1385 1381/1506/1381 1335/1446/1335
f  1454/1602/1454 1500/1655/1500 1455/1603/1455
f  1501/1656/1501 587/603/587 1502/1657/1502
f  649/669/649 1503/1658/1503 1500/1655/1500
f  649/669/649 1500/1655/1500 1454/1602/1454
f  1346/1659/1346 1489/1643/1489 918/959/918
f  1337/1448/1337 1504/1660/1504 528/543/528
f  408/420/408 410/422/410 153/159/153
f  1112/1184/1112 515/529/515 30/1649/30
f  1111/1183/1111 301/311/301 1112/1184/1112
f  1247/1336/1247 905/1661/905 32/32/32
f  301/311/301 736/760/736 513/527/513
f  301/311/301 513/527/513 512/526/512
f  1505/1662/1505 154/160/154 1437/1576/1437
f  1255/1347/1255 1105/1177/1105 1104/1176/1104
f  350/361/350 352/363/352 1506/1663/1506
f  350/361/350 1506/1663/1506 1457/1605/1457
f  961/1011/961 1237/1325/1237 1084/1152/1084
f  1057/1117/1057 1507/1664/1507 1452/1599/1452
f  859/887/859 522/537/522 524/539/524
f  859/887/859 524/539/524 860/888/860
f  964/1345/964 1206/1287/1206 796/1289/796
f  1496/1651/1496 522/537/522 859/887/859
f  1496/1651/1496 363/374/363 523/538/523
f  1496/1651/1496 523/538/523 522/537/522
f  638/656/638 108/114/108 639/657/639
f  794/819/794 793/818/793 769/1473/769
f  622/640/622 1508/1665/1508 623/641/623
f  1495/1650/1495 344/354/344 1509/1666/1509
f  1510/1667/1510 105/111/105 63/67/63
f  206/213/206 1430/1569/1430 207/214/207
f  1375/1498/1375 328/338/328 1376/1499/1376
f  20/20/20 468/482/468 1511/1668/1511
f  530/545/530 205/212/205 1321/1429/1321
f  765/790/765 767/792/767 1434/1573/1434
f  1153/1228/1153 526/541/526 389/401/389
f  1177/1255/1177 1222/1308/1222 1175/1253/1175
f  1179/1257/1179 534/549/534 1512/1669/1512
f  1179/1257/1179 1512/1669/1512 1370/1493/1370
f  783/808/783 782/807/782 1513/1670/1513
f  1320/1428/1320 1322/1430/1322 1514/1671/1514
f  1499/1654/1499 1515/1672/1515 192/1673/192
f  1321/1429/1321 535/550/535 1322/1430/1322
f  217/226/217 212/223/212 1383/1674/1383
f  260/269/260 873/901/873 261/270/261
f  1516/1675/1516 1517/1676/1517 1372/1495/1372
f  598/614/598 600/616/600 637/655/637
f  669/689/669 28/28/28 539/554/539
f  669/689/669 539/554/539 538/553/538
f  782/807/782 854/1677/854 1518/1678/1518
f  1519/1679/1519 234/243/234 542/557/542
f  1370/1680/1370 1512/1681/1512 1520/1682/1520
f  1370/1680/1370 1520/1682/1520 965/1015/965
f  1521/1683/1521 1522/1684/1522 972/1022/972
f  1512/1681/1512 1095/1685/1095 1520/1682/1520
f  836/864/836 1059/1119/1059 1212/1296/1212
f  1448/1595/1448 1236/1324/1236 1235/1323/1235
f  21/21/21 1511/1668/1511 1523/1686/1523
f  21/21/21 1523/1686/1523 175/181/175
f  364/375/364 363/374/363 1496/1651/1496
f  318/668/318 320/330/320 1523/1686/1523
f  1315/1422/1315 551/1687/551 553/1423/553
f  1372/1495/1372 1517/1676/1517 1373/1496/1373
f  1524/1688/1524 1451/1598/1451 1079/1146/1079
f  1315/1422/1315 1481/1631/1481 1305/1410/1305
f  18/18/18 341/351/341 16/16/16
f  1521/1683/1521 1307/1412/1307 1522/1684/1522
f  463/475/463 319/329/319 318/328/318
f  1525/1689/1525 559/574/559 1526/1690/1526
f  1527/1691/1527 1476/1626/1476 898/933/898
f  1246/1335/1246 1406/1540/1406 733/1539/733
f  1490/1644/1490 1017/1074/1017 983/1033/983
f  125/131/125 903/1692/903 1528/1693/1528
f  1326/1437/1326 804/830/804 715/738/715
f  968/1018/968 1355/1477/1355 969/1019/969
f  405/417/405 1482/1632/1482 453/465/453
f  1529/1694/1529 1312/1418/1312 968/1018/968
f  342/352/342 1210/1294/1210 1530/1695/1530
f  1263/1356/1263 421/433/421 423/435/423
f  1441/1585/1441 565/581/565 568/584/568
f  1441/1585/1441 568/584/568 1508/1696/1508
f  1183/1697/1183 699/721/699 1531/1698/1531
f  1168/1246/1168 1532/1699/1532 1169/1247/1169
f  1143/1218/1143 847/875/847 1136/1211/1136
f  171/177/171 912/953/912 756/781/756
f  271/280/271 569/585/569 572/588/572
f  271/280/271 572/588/572 1304/1409/1304
f  270/279/270 210/217/210 569/585/569
f  270/279/270 569/585/569 271/280/271
f  1493/1647/1493 1494/1648/1494 247/256/247
f  210/217/210 209/216/209 569/585/569
f  200/207/200 844/872/844 201/208/201
f  970/1020/970 668/688/668 977/1027/977
f  445/457/445 18/18/18 365/376/365
f  566/582/566 1234/1322/1234 697/719/697
f  1533/1700/1533 386/398/386 387/399/387
f  681/701/681 680/700/680 1517/1676/1517
f  1195/1274/1195 578/594/578 208/215/208
f  1195/1274/1195 208/215/208 1534/1701/1534
f  1239/1327/1239 1535/1702/1535 754/779/754
f  438/450/438 578/594/578 1195/1274/1195
f  1536/1703/1536 1229/1315/1229 1277/1378/1277
f  900/936/900 1011/1068/1011 1287/1704/1287
f  1537/1705/1537 1538/1706/1538 1539/1707/1539
f  1146/1221/1146 88/94/88 39/39/39
f  1531/1698/1531 570/586/570 581/597/581
f  1207/1288/1207 1104/1176/1104 797/1708/797
f  686/706/686 1540/1709/1540 687/707/687
f  485/499/485 1484/1637/1484 1541/1710/1541
f  1095/1166/1095 1097/1168/1097 1520/1711/1520
f  263/272/263 257/266/257 976/1026/976
f  623/641/623 568/980/568 935/981/935
f  1251/1340/1251 1390/1712/1390 1392/1713/1392
f  468/482/468 318/668/318 1511/1668/1511
f  568/980/568 1542/1714/1542 583/599/583
f  687/707/687 1502/1657/1502 589/605/589
f  687/707/687 589/605/589 631/649/631
f  1543/1715/1543 1501/1656/1501 1502/1657/1502
f  1543/1715/1543 1502/1657/1502 1540/1709/1540
f  900/936/900 244/253/244 1204/1284/1204
f  548/563/548 547/562/547 587/603/587
f  640/658/640 1526/1690/1526 865/893/865
f  514/1122/514 1076/1476/1076 1544/1716/1544
f  600/616/600 851/879/851 1004/1061/1004
f  600/616/600 1004/1061/1004 1132/1206/1132
f  632/650/632 631/649/631 589/605/589
f  632/650/632 589/605/589 1003/1060/1003
f  193/200/193 521/536/521 1260/1353/1260
f  923/966/923 1194/1273/1194 1193/1272/1193
f  1545/1717/1545 453/465/453 1546/1718/1546
f  880/911/880 719/742/719 169/175/169
f  192/1673/192 1515/1672/1515 170/176/170
f  874/903/874 432/444/432 592/608/592
f  1164/1242/1164 1284/1719/1284 1165/1243/1165
f  896/931/896 575/591/575 577/593/577
f  982/1032/982 808/1720/808 1547/1721/1547
f  1534/1701/1534 208/215/208 210/217/210
f  879/910/879 1548/1722/1548 2/2/2
f  808/1720/808 1549/1723/1549 1547/1721/1547
f  1550/1724/1550 1527/1691/1527 898/933/898
f  1065/1129/1065 1482/1725/1482 1301/1406/1301
f  1544/1726/1544 1076/1143/1076 665/685/665
f  1551/1727/1551 1546/1728/1546 1552/1729/1552
f  1347/1465/1347 1291/1396/1291 1293/1398/1293
f  998/1052/998 914/1054/914 1527/1691/1527
f  1167/1245/1167 1553/1730/1553 1554/1731/1554
f  1167/1245/1167 1554/1731/1554 1555/1732/1555
f  1556/1733/1556 1557/1734/1557 1553/1730/1553
f  1556/1733/1556 1553/1730/1553 1223/1309/1223
f  1557/1734/1557 612/628/612 606/622/606
f  1557/1734/1557 606/622/606 605/621/605
f  1238/1326/1238 609/625/609 1558/1735/1558
f  1238/1326/1238 1558/1735/1558 738/762/738
f  1276/1372/1276 1559/1736/1559 1438/1577/1438
f  1276/1372/1276 1438/1577/1438 1238/1326/1238
f  1559/1736/1559 1555/1732/1555 1554/1731/1554
f  1559/1736/1559 1554/1731/1554 1438/1577/1438
f  1560/1737/1560 1561/1738/1561 614/630/614
f  1560/1737/1560 614/630/614 626/1739/626
f  688/708/688 1449/1596/1449 1561/1738/1561
f  688/708/688 1561/1738/1561 686/706/686
f  240/249/240 852/880/852 241/250/241
f  1449/1596/1449 606/622/606 611/627/611
f  1181/1259/1181 1480/1630/1480 343/353/343
f  1181/1259/1181 343/353/343 342/352/342
f  477/1740/477 479/1195/479 1121/1194/1121
f  1055/1115/1055 1480/1630/1480 1181/1259/1181
f  615/631/615 626/644/626 614/632/614
f  1059/1119/1059 1464/1612/1464 1114/1186/1114
f  1222/1308/1222 1014/1071/1014 1562/1741/1562
f  13/13/13 476/490/476 1563/1742/1563
f  1564/1743/1564 424/436/424 822/848/822
f  1565/1744/1565 1343/1456/1343 422/434/422
f  506/520/506 713/1557/713 507/521/507
f  1405/1745/1405 950/1746/950 733/757/733
f  1509/1666/1509 1566/1747/1566 1567/1748/1567
f  1361/1483/1361 1354/1474/1354 1240/1749/1240
f  520/535/520 1368/1491/1368 518/533/518
f  344/354/344 1566/1747/1566 1509/1666/1509
f  616/634/616 613/633/613 621/639/621
f  616/634/616 621/639/621 620/638/620
f  602/618/602 601/617/601 911/952/911
f  1568/1750/1568 1401/1532/1401 1024/1534/1024
f  1541/1710/1541 1456/1604/1456 652/672/652
f  789/814/789 791/816/791 1051/1111/1051
f  1224/1310/1224 561/577/561 936/1751/936
f  1224/1310/1224 936/1751/936 1569/1752/1569
f  527/542/527 1338/1449/1338 264/273/264
f  932/976/932 1570/1753/1570 1365/1488/1365
f  738/762/738 1558/1735/1558 1571/1754/1571
f  982/1032/982 671/691/671 670/690/670
f  610/626/610 607/623/607 630/648/630
f  610/626/610 630/648/630 629/647/629
f  1551/1727/1551 1572/1755/1572 637/655/637
f  1551/1727/1551 637/655/637 1165/1243/1165
f  1481/1631/1481 938/985/938 1305/1410/1305
f  185/192/185 750/963/750 921/962/921
f  1294/1399/1294 75/79/75 801/826/801
f  1294/1399/1294 801/826/801 1573/1756/1573
f  1308/1413/1308 1442/1586/1442 1309/1414/1309
f  498/512/498 1033/1091/1033 470/484/470
f  1371/1494/1371 1574/1757/1574 695/717/695
f  787/812/787 729/753/729 728/752/728
f  800/825/800 636/654/636 801/826/801
f  1302/1407/1302 662/682/662 664/684/664
f  137/143/137 880/1758/880 1575/1759/1575
f  103/109/103 1576/1760/1576 4/4/4
f  1033/1091/1033 1577/1761/1577 1475/1624/1475
f  9/1432/9 840/1108/840 1048/1106/1048
f  1578/1762/1578 648/667/648 1579/1763/1579
f  607/623/607 606/622/606 1449/1596/1449
f  1012/1069/1012 1415/1550/1415 1422/1560/1422
f  671/691/671 1547/1721/1547 1164/1242/1164
f  1130/1204/1130 1135/1209/1135 83/87/83
f  247/256/247 240/249/240 248/257/248
f  1349/1467/1349 922/965/922 852/880/852
f  1349/1467/1349 852/880/852 240/249/240
f  757/782/757 306/316/306 305/315/305
f  1453/1601/1453 710/732/710 1580/1764/1580
f  1458/1606/1458 438/450/438 425/437/425
f  782/807/782 241/828/241 854/1677/854
f  241/828/241 802/827/802 648/1765/648
f  87/93/87 1042/1100/1042 501/515/501
f  640/658/640 546/561/546 1525/1689/1525
f  1581/1766/1581 1158/1234/1158 1120/1192/1120
f  1255/1347/1255 1211/1295/1211 1212/1296/1212
f  650/670/650 1493/1647/1493 246/255/246
f  778/803/778 1582/1767/1582 1091/1161/1091
f  778/803/778 1091/1161/1091 779/804/779
f  1253/1344/1253 506/520/506 508/522/508
f  584/600/584 1372/1495/1372 585/601/585
f  1539/1707/1539 1029/1087/1029 555/570/555
f  1196/1275/1196 1213/1297/1213 1072/1138/1072
f  651/671/651 246/255/246 701/723/701
f  1526/1690/1526 866/894/866 865/893/865
f  834/862/834 836/864/836 1254/1346/1254
f  1169/1247/1169 1532/1699/1532 565/581/565
f  219/228/219 829/1768/829 673/1769/673
f  715/738/715 1341/1454/1341 716/739/716
f  640/658/640 865/893/865 937/984/937
f  778/803/778 777/802/777 1297/1402/1297
f  1387/1512/1387 1393/1518/1393 1388/1513/1388
f  639/657/639 108/114/108 1173/1251/1173
f  70/1770/70 1583/1771/1583 361/1772/361
f  809/835/809 886/918/886 810/836/810
f  1169/1247/1169 565/581/565 1441/1585/1441
f  974/1024/974 1397/1773/1397 1584/1774/1584
f  1373/1496/1373 661/681/661 659/679/659
f  1373/1496/1373 659/679/659 1374/1497/1374
f  945/994/945 958/1008/958 1239/1327/1239
f  1129/1203/1129 355/366/355 645/1391/645
f  1421/1559/1421 382/394/382 1420/1558/1420
f  695/717/695 1574/1757/1574 1585/1775/1585
f  1586/1776/1586 1442/1586/1442 1308/1413/1308
f  1433/1572/1433 767/792/767 49/51/49
f  135/141/135 1214/1298/1214 143/149/143
f  504/518/504 628/646/628 505/519/505
f  1587/1777/1587 1582/1767/1582 1588/1778/1588
f  499/513/499 498/512/498 820/846/820
f  1589/1779/1589 676/696/676 1093/1164/1093
f  19/19/19 21/21/21 122/128/122
f  1/1/1 3/3/3 313/323/313
f  920/961/920 919/960/919 1589/1779/1589
f  919/960/919 1296/1401/1296 677/697/677
f  135/141/135 143/149/143 1590/1780/1590
f  866/894/866 1526/1690/1526 1529/1694/1529
f  891/924/891 893/926/893 544/559/544
f  18/18/18 17/17/17 1300/1405/1300
f  900/936/900 1287/1704/1287 245/254/245
f  472/486/472 920/1461/920 682/702/682
f  472/486/472 682/702/682 473/487/473
f  1151/1226/1151 1080/1148/1080 766/791/766
f  304/1451/304 685/1781/685 1339/1452/1339
f  302/312/302 1092/1162/1092 303/313/303
f  1524/1688/1524 1079/1146/1079 1591/1782/1591
f  1592/1783/1592 116/122/116 118/124/118
f  1092/1162/1092 1311/1417/1311 303/313/303
f  714/737/714 1327/1438/1327 1326/1437/1326
f  1103/1175/1103 837/865/837 86/92/86
f  691/711/691 1593/1784/1593 1485/1638/1485
f  575/591/575 985/1037/985 576/592/576
f  1594/1785/1594 685/1781/685 1487/1786/1487
f  1594/1785/1594 1487/1786/1487 1595/1787/1595
f  351/362/351 977/1027/977 1111/1183/1111
f  336/346/336 693/713/693 337/347/337
f  1596/1788/1596 1594/1785/1594 1593/1784/1593
f  1596/1788/1596 1593/1784/1593 335/345/335
f  1453/1601/1453 1580/1764/1580 770/1789/770
f  1290/1395/1290 161/167/161 182/920/182
f  1517/1676/1517 1597/1790/1597 1585/1775/1585
f  1517/1676/1517 1585/1775/1585 1373/1496/1373
f  739/763/739 1571/1754/1571 599/615/599
f  680/700/680 1597/1790/1597 1517/1676/1517
f  1396/1791/1396 337/1792/337 693/715/693
f  1396/1791/1396 693/715/693 694/714/694
f  1584/1793/1584 696/718/696 699/721/699
f  1584/1793/1584 699/721/699 1183/1697/1183
f  1449/1596/1449 611/627/611 1561/1738/1561
f  1397/1524/1397 1598/1794/1598 1584/1793/1584
f  261/270/261 873/901/873 1133/1207/1133
f  67/71/67 1145/1220/1145 1068/1132/1068
f  1184/1795/1184 700/722/700 302/312/302
f  853/881/853 1518/1796/1518 854/882/854
f  1183/1697/1183 1531/1698/1531 700/722/700
f  1183/1697/1183 700/722/700 1184/1795/1184
f  868/896/868 870/898/870 67/71/67
f  1531/1698/1531 581/597/581 700/722/700
f  1390/1515/1390 441/453/441 1391/1516/1391
f  1387/1512/1387 1100/1171/1100 1099/1170/1099
f  674/694/674 633/651/633 635/653/635
f  674/694/674 635/653/635 675/695/675
f  633/651/633 31/31/31 634/652/634
f  1086/1155/1086 871/899/871 340/350/340
f  1045/1103/1045 708/730/708 710/732/710
f  1131/1797/1131 1216/1301/1216 1599/1798/1599
f  1131/1797/1131 1599/1798/1599 925/1799/925
f  951/1000/951 823/849/823 1115/1187/1115
f  1223/1309/1223 1441/1585/1441 1556/1733/1556
f  1131/1797/1131 925/1799/925 1461/1800/1461
f  359/370/359 53/55/53 1101/1172/1101
f  1115/1187/1115 1238/1326/1238 738/762/738
f  1363/1486/1363 904/941/904 1600/1801/1600
f  1223/1309/1223 1553/1730/1553 1167/1245/1167
f  377/389/377 223/232/223 1463/1611/1463
f  749/964/749 712/734/712 381/393/381
f  975/1025/975 976/1026/976 1155/1231/1155
f  483/497/483 1087/1156/1087 861/889/861
f  321/331/321 1474/1623/1474 322/332/322
f  435/447/435 1083/1151/1083 593/609/593
f  1474/1623/1474 1063/1127/1063 1464/1612/1464
f  1474/1623/1474 1464/1612/1464 322/332/322
f  829/856/829 1370/1680/1370 965/1015/965
f  158/164/158 999/1056/999 1601/1802/1601
f  409/421/409 256/265/256 1332/1443/1332
f  507/521/507 1426/1564/1426 835/863/835
f  1160/1236/1160 531/546/531 846/874/846
f  739/763/739 738/762/738 1571/1754/1571
f  1016/1073/1016 808/834/808 812/838/812
f  723/747/723 726/750/726 285/295/285
f  1602/1803/1602 1301/1406/1301 1482/1725/1482
f  1447/1593/1447 1112/1184/1112 30/1649/30
f  1450/1597/1450 225/234/225 1452/1599/1452
f  792/817/792 1348/1466/1348 1046/1104/1046
f  806/832/806 1603/1804/1603 1264/1357/1264
f  317/327/317 727/751/727 1473/1622/1473
f  852/880/852 854/882/854 241/250/241
f  1586/1776/1586 1362/1485/1362 1442/1586/1442
f  751/775/751 750/774/750 728/752/728
f  554/569/554 556/571/556 993/1047/993
f  842/870/842 1063/1127/1063 1292/1397/1292
f  1571/1754/1571 850/878/850 599/615/599
f  1578/1762/1578 1579/1763/1579 702/724/702
f  1103/1175/1103 1261/1354/1261 429/441/429
f  671/691/671 1166/1244/1166 672/692/672
f  648/1765/648 802/827/802 1579/1805/1579
f  943/1300/943 1216/1301/1216 1131/1797/1131
f  786/811/786 788/813/788 1005/1062/1005
f  768/793/768 1604/1806/1604 1605/1807/1605
f  1560/1737/1560 1540/1709/1540 686/706/686
f  1606/1808/1606 271/280/271 1304/1409/1304
f  1607/1809/1607 1305/1410/1305 1307/1412/1307
f  198/205/198 487/501/487 742/766/742
f  198/205/198 742/766/742 196/203/196
f  1541/1710/1541 654/674/654 486/500/486
f  1541/1710/1541 486/500/486 485/499/485
f  654/674/654 759/784/759 1154/1230/1154
f  654/674/654 1154/1230/1154 486/500/486
f  1608/1810/1608 743/767/743 1609/1811/1609
f  302/312/302 304/314/304 1184/1795/1184
f  1610/1812/1610 1225/1311/1225 1611/1813/1611
f  1610/1812/1610 1611/1813/1611 1612/1814/1612
f  1581/1766/1581 1120/1192/1120 1119/1191/1119
f  1225/1311/1225 1200/1280/1200 1611/1813/1611
f  1414/1548/1414 1413/1547/1413 541/1815/541
f  1377/1500/1377 1613/1816/1613 1000/1367/1000
f  681/701/681 1516/1675/1516 1542/1714/1542
f  1580/1817/1580 1604/1806/1604 768/793/768
f  291/301/291 284/294/284 283/293/283
f  1580/1817/1580 712/1818/712 1604/1806/1604
f  346/356/346 753/777/753 185/778/185
f  462/474/462 1470/1619/1470 996/1050/996
f  745/769/745 747/771/747 43/43/43
f  167/173/167 1614/1819/1614 1129/1203/1129
f  880/1758/880 137/143/137 1081/1149/1081
f  677/697/677 1297/1402/1297 660/680/660
f  945/994/945 754/779/754 653/673/653
f  945/994/945 653/673/653 652/672/652
f  112/118/112 1592/1783/1592 1106/1178/1106
f  1354/1820/1354 1535/1702/1535 1239/1327/1239
f  1354/1820/1354 769/794/769 1615/1821/1615
f  507/521/507 709/731/709 1426/1564/1426
f  1333/1444/1333 759/784/759 760/785/760
f  1333/1444/1333 760/785/760 1072/1138/1072
f  1616/1822/1616 741/765/741 1154/1230/1154
f  1616/1822/1616 1154/1230/1154 315/325/315
f  1567/1748/1567 935/981/935 1617/1823/1617
f  826/852/826 1618/1824/1618 1359/1481/1359
f  1382/1507/1382 231/240/231 1317/1425/1317
f  1102/1174/1102 1298/1403/1298 117/123/117
f  1011/1316/1011 1010/1529/1010 309/319/309
f  972/1022/972 1522/1684/1522 973/1023/973
f  1507/1664/1507 1038/1096/1038 1039/1097/1039
f  776/801/776 1233/1321/1233 761/786/761
f  1052/1112/1052 1480/1630/1480 1055/1115/1055
f  602/618/602 911/952/911 1499/1654/1499
f  875/904/875 144/150/144 1214/1298/1214
f  1616/1822/1616 317/327/317 1473/1622/1473
f  1384/1509/1384 644/662/644 509/523/509
f  1219/1305/1219 1389/1514/1389 1217/1303/1217
f  354/928/354 763/788/763 510/524/510
f  1365/1488/1365 408/420/408 153/159/153
f  963/1013/963 384/396/384 383/395/383
f  70/74/70 72/76/72 354/928/354
f  1609/1811/1609 741/765/741 1616/1822/1616
f  159/165/159 1619/1825/1619 848/1826/848
f  658/678/658 777/802/777 1620/1827/1620
f  572/588/572 1234/1322/1234 1532/1699/1532
f  938/985/938 730/754/730 732/756/732
f  579/595/579 582/598/582 580/596/580
f  335/345/335 1593/1784/1593 336/346/336
f  1355/1477/1355 1483/1635/1483 26/26/26
f  1355/1477/1355 28/28/28 669/689/669
f  295/305/295 294/304/294 890/923/890
f  1263/1356/1263 1342/1455/1342 664/684/664
f  1564/1743/1564 822/848/822 821/847/821
f  517/532/517 1098/1169/1098 1100/1171/1100
f  1621/1828/1621 1263/1356/1263 664/684/664
f  1541/1710/1541 1622/1829/1622 1456/1604/1456
f  1296/1401/1296 1297/1402/1297 677/697/677
f  1005/1062/1005 788/813/788 346/356/346
f  34/1264/34 656/676/656 1186/1265/1186
f  1435/1574/1435 1227/1313/1227 1229/1315/1229
f  772/797/772 781/806/781 780/805/780
f  562/578/562 784/809/784 418/430/418
f  135/141/135 1278/1374/1278 1623/1830/1623
f  450/462/450 744/768/744 1180/1258/1180
f  450/462/450 1180/1258/1180 564/580/564
f  556/571/556 1029/1087/1029 994/1048/994
f  744/768/744 1624/1831/1624 1180/1258/1180
f  1524/1688/1524 1591/1782/1591 15/15/15
f  1362/1485/1362 794/819/794 1361/1483/1361
f  1046/1104/1046 1049/1109/1049 1045/1103/1045
f  768/793/768 1615/1821/1615 769/794/769
f  259/268/259 1625/1832/1625 260/269/260
f  1196/1275/1196 1605/1807/1605 1213/1297/1213
f  770/1789/770 769/1473/769 793/818/793
f  770/1789/770 793/818/793 1453/1601/1453
f  586/602/586 585/601/585 960/1010/960
f  755/780/755 1615/1821/1615 768/793/768
f  1149/1224/1149 1162/1238/1162 1159/1235/1159
f  305/315/305 1320/1428/1320 1324/1435/1324
f  1504/1660/1504 1357/1479/1357 528/543/528
f  542/557/542 71/75/71 543/558/543
f  827/853/827 1363/1486/1363 1600/1801/1600
f  1626/1833/1626 342/352/342 1530/1695/1530
f  1595/1787/1595 472/486/472 474/488/474
f  1279/1375/1279 275/284/275 443/455/443
f  1627/1834/1627 551/1687/551 1315/1422/1315
f  172/178/172 756/781/756 1416/1553/1416
f  1264/1357/1264 1628/1835/1628 1625/1832/1625
f  1264/1357/1264 1625/1832/1625 259/268/259
f  1629/1836/1629 1579/1805/1579 802/827/802
f  1434/1573/1434 60/62/60 1089/1159/1089
f  541/556/541 805/831/805 807/833/807
f  1326/1437/1326 715/738/715 714/737/714
f  1325/1436/1325 218/227/218 1413/1547/1413
f  1010/1529/1010 310/320/310 309/319/309
f  1235/1323/1235 1237/1325/1237 961/1011/961
f  359/370/359 1101/1172/1101 1102/1174/1102
f  812/838/812 808/834/808 810/836/810
f  812/838/812 810/836/810 813/839/813
f  1630/1837/1630 1385/1510/1385 1386/1511/1386
f  1487/1641/1487 1489/1643/1489 1346/1659/1346
f  6/1838/6 1284/1839/1284 1549/1840/1549
f  1205/1286/1205 329/339/329 1257/1349/1257
f  1386/1511/1386 1334/1445/1334 975/1025/975
f  1631/1841/1631 971/1021/971 858/886/858
f  207/214/207 1430/1569/1430 1431/1570/1431
f  737/761/737 799/824/799 951/1000/951
f  109/115/109 766/791/766 110/116/110
f  958/1008/958 815/841/815 1240/1328/1240
f  1240/1328/1240 815/841/815 818/844/818
f  1552/1729/1552 1067/1131/1067 1551/1727/1551
f  1089/1159/1089 1232/1319/1232 765/790/765
f  944/993/944 1030/1088/1030 958/1008/958
f  1099/1170/1099 889/1359/889 1393/1518/1393
f  783/808/783 1513/1670/1513 1030/1088/1030
f  907/946/907 980/1030/980 1632/1842/1632
f  494/508/494 588/604/588 547/562/547
f  353/364/353 1614/1819/1614 1633/1843/1633
f  353/364/353 1633/1843/1633 1583/1771/1583
f  987/1040/987 858/886/858 1634/1844/1634
f  987/1040/987 1634/1844/1634 927/970/927
f  999/1056/999 994/1229/994 1601/1802/1601
f  586/602/586 960/1010/960 437/449/437
f  1194/1273/1194 1310/1416/1310 1192/1271/1192
f  1301/1406/1301 789/814/789 1050/1110/1050
f  1329/1440/1329 454/466/454 946/995/946
f  846/874/846 1138/1213/1138 847/875/847
f  967/1017/967 1244/1332/1244 965/1015/965
f  452/464/452 453/465/453 1545/1717/1545
f  1407/1541/1407 1242/1330/1242 1244/1332/1244
f  360/371/360 1201/1281/1201 1400/1531/1400
f  497/511/497 1577/1761/1577 1033/1091/1033
f  983/1033/983 982/1032/982 670/690/670
f  1155/1231/1155 200/207/200 199/206/199
f  69/73/69 639/657/639 1245/1333/1245
f  680/700/680 1396/1791/1396 694/714/694
f  177/1387/177 1215/1299/1215 134/140/134
f  161/167/161 904/941/904 162/168/162
f  704/726/704 84/90/84 95/101/95
f  837/865/837 832/859/832 1042/1100/1042
f  1280/1376/1280 834/862/834 1254/1346/1254
f  1551/1727/1551 595/1845/595 1546/1728/1546
f  193/200/193 192/199/192 278/288/278
f  1252/1341/1252 776/801/776 761/786/761
f  1070/1135/1070 647/666/647 1360/1482/1360
f  1624/1831/1624 1200/1280/1200 785/810/785
f  242/251/242 648/667/648 1578/1762/1578
f  956/1006/956 1365/1488/1365 1364/1487/1364
f  863/891/863 892/925/892 891/924/891
f  655/675/655 590/606/590 588/604/588
f  1408/1542/1408 1092/1162/1092 579/595/579
f  1065/1129/1065 1067/1131/1067 1552/1729/1552
f  1028/1086/1028 555/570/555 77/81/77
f  1602/1846/1602 1482/1632/1482 407/419/407
f  219/228/219 673/1769/673 220/229/220
f  1212/1296/1212 1059/1119/1059 1114/1186/1114
f  1212/1296/1212 1114/1186/1114 1269/1363/1269
f  1613/1816/1613 380/392/380 379/391/379
f  950/1746/950 1635/1847/1635 733/757/733
f  186/193/186 921/962/921 1241/1329/1241
f  186/193/186 1241/1329/1241 1613/1816/1613
f  223/232/223 222/231/222 1463/1611/1463
f  734/758/734 1364/1487/1364 152/158/152
f  1020/1077/1020 848/876/848 849/877/849
f  1340/1453/1340 841/869/841 349/360/349
f  150/156/150 146/152/146 145/151/145
f  54/56/54 716/739/716 289/299/289
f  1619/1825/1619 843/871/843 848/1826/848
f  1614/1819/1614 987/1040/987 927/970/927
f  1613/1816/1613 1241/1329/1241 380/392/380
f  136/142/136 116/122/116 1592/1783/1592
f  867/895/867 970/1020/970 351/362/351
f  867/895/867 351/362/351 350/361/350
f  1417/1554/1417 333/343/333 1100/1171/1100
f  673/693/673 675/695/675 1603/1848/1603
f  902/938/902 855/883/855 857/885/857
f  902/938/902 857/885/857 1315/1422/1315
f  1457/1605/1457 1506/1663/1506 901/937/901
f  922/965/922 853/881/853 852/880/852
f  955/1849/955 1636/1850/1636 1446/1592/1446
f  1506/1663/1506 856/884/856 901/937/901
f  1187/1266/1187 484/498/484 864/892/864
f  790/815/790 1224/1310/1224 791/816/791
f  1626/1833/1626 1181/1259/1181 342/352/342
f  483/497/483 861/889/861 484/498/484
f  625/1851/625 1501/1656/1501 1543/1715/1543
f  917/958/917 916/957/916 1385/1510/1385
f  166/172/166 1157/1233/1157 1289/1394/1289
f  686/706/686 1561/1738/1561 1560/1737/1560
f  1556/1733/1556 1441/1585/1441 1508/1696/1508
f  1388/1579/1388 266/275/266 1356/1478/1356
f  236/949/236 229/1459/229 1345/1458/1345
f  1411/1545/1411 381/393/381 711/733/711
f  1440/1582/1440 1293/1398/1293 1637/1852/1637
f  1522/1684/1522 482/496/482 973/1023/973
f  280/1343/280 172/178/172 1638/1853/1638
f  33/944/33 905/943/905 1147/1222/1147
f  884/916/884 1026/1083/1026 290/300/290
f  28/28/28 27/27/27 874/903/874
f  96/664/96 647/666/647 1070/1135/1070
f  258/267/258 257/266/257 262/271/262
f  1222/1308/1222 1562/1741/1562 1281/1854/1281
f  1483/1635/1483 1085/1154/1085 481/495/481
f  1581/1766/1581 1119/1191/1119 1171/1249/1171
f  1567/1748/1567 1617/1823/1617 436/448/436
f  877/1855/877 49/51/49 46/50/46
f  1205/1286/1205 1257/1349/1257 1383/1508/1383
f  36/36/36 1053/1113/1053 1590/1780/1590
f  980/1030/980 1188/1267/1188 1359/1481/1359
f  630/648/630 1449/1596/1449 688/708/688
f  603/619/603 602/618/602 132/138/132
f  1639/1856/1639 1144/1219/1144 1433/1857/1433
f  1639/1856/1639 877/907/877 1144/1219/1144
f  1400/1531/1400 1201/1281/1201 1204/1284/1204
f  876/906/876 226/235/226 1640/1858/1640
f  876/906/876 1641/1859/1641 226/235/226
f  1642/1860/1642 1602/1846/1602 1022/1079/1022
f  199/206/199 201/208/201 1492/1646/1492
f  1642/1861/1642 790/815/790 1602/1803/1602
f  790/815/790 789/814/789 1602/1803/1602
f  1019/1076/1019 340/350/340 1643/1862/1643
f  896/931/896 878/909/878 575/591/575
f  207/214/207 1431/1570/1431 1061/1125/1061
f  707/729/707 1/1/1 45/45/45
f  1505/1662/1505 1437/1576/1437 404/416/404
f  536/551/536 398/410/398 1096/1863/1096
f  1639/1864/1639 49/51/49 877/1855/877
f  1639/1864/1639 1433/1572/1433 49/51/49
f  61/63/61 1434/1573/1434 1433/1572/1433
f  1315/1422/1315 1316/1424/1316 1481/1631/1481
f  1563/1742/1563 476/490/476 1497/1652/1497
f  1644/1865/1644 1203/1283/1203 128/134/128
f  931/974/931 1303/1581/1303 929/972/929
f  1499/1654/1499 1645/1866/1645 1228/1314/1228
f  1032/1090/1032 1031/1089/1031 1626/1833/1626
f  133/139/133 140/146/140 1013/1867/1013
f  690/710/690 1084/1868/1084 50/52/50
f  532/547/532 101/107/101 1126/1200/1126
f  1037/1095/1037 962/1012/962 1221/1307/1221
f  949/1869/949 1646/1870/1646 1635/1847/1635
f  903/1692/903 1270/1871/1270 1528/1693/1528
f  1248/1337/1248 1439/1580/1439 1249/1338/1249
f  625/1851/625 936/982/936 1501/1656/1501
f  1349/1467/1349 505/519/505 115/121/115
f  1088/1158/1088 52/1157/52 51/1527/51
f  1088/1158/1088 51/1527/51 1231/1318/1231
f  133/1043/133 1013/1070/1013 990/1044/990
f  298/308/298 297/307/297 1618/1824/1618
f  1002/1059/1002 1001/1058/1001 1647/1872/1647
f  275/284/275 274/283/274 276/1415/276
f  592/608/592 435/447/435 593/609/593
f  674/694/674 29/29/29 633/651/633
f  969/1019/969 668/688/668 970/1020/970
f  1612/1814/1612 1611/1813/1611 743/767/743
f  1328/1439/1328 991/1045/991 250/259/250
f  1448/1595/1448 1235/1323/1235 926/969/926
f  890/923/890 516/1873/516 374/385/374
f  890/923/890 889/922/889 516/1873/516
f  1093/1164/1093 1319/1427/1319 1094/1165/1094
f  400/951/400 1406/1540/1406 1185/1874/1185
f  251/260/251 1439/1580/1439 1248/1337/1248
f  352/363/352 1111/1183/1111 1110/1182/1110
f  962/1012/962 961/1011/961 690/1153/690
f  1429/1567/1429 1259/1352/1259 394/406/394
f  73/77/73 75/79/75 1294/1399/1294
f  896/931/896 1548/1722/1548 879/910/879
f  965/1015/965 1520/1682/1520 966/1016/966
f  895/930/895 943/1300/943 1548/1722/1548
f  1032/1090/1032 1626/1833/1626 1530/1695/1530
f  288/298/288 291/301/291 283/293/283
f  1588/1778/1588 1296/1401/1296 919/960/919
f  618/636/618 1534/1701/1534 270/279/270
f  618/636/618 270/279/270 269/278/269
f  516/531/516 1098/1169/1098 517/532/517
f  900/936/900 1203/1283/1203 1644/1865/1644
f  900/936/900 1204/1284/1204 1203/1283/1203
f  1648/1875/1648 1025/1082/1025 1204/1284/1204
f  332/342/332 1023/1876/1023 243/1004/243
f  332/342/332 1568/1750/1568 1023/1876/1023
f  1568/1750/1568 1024/1534/1024 1023/1876/1023
f  32/32/32 34/34/34 1185/1874/1185
f  857/885/857 1627/1834/1627 1315/1422/1315
f  1142/1217/1142 803/829/803 1271/1365/1271
f  33/944/33 1147/1222/1147 656/676/656
f  1088/1158/1088 1158/1234/1158 1581/1766/1581
f  905/943/905 735/759/735 1147/1222/1147
f  986/1039/986 1575/1877/1575 168/174/168
f  1015/1072/1015 1014/1071/1014 1222/1308/1222
f  663/683/663 1621/1828/1621 664/684/664
f  807/833/807 1519/1679/1519 542/557/542
f  663/683/663 1189/1268/1189 1621/1828/1621
f  663/683/663 1190/1269/1190 1189/1268/1189
f  280/1343/280 1638/1853/1638 1267/1361/1267
f  663/977/663 932/976/932 1190/1568/1190
f  1394/1520/1394 1288/1393/1288 148/154/148
f  1545/1717/1545 1546/1718/1546 594/610/594
f  1649/1878/1649 1262/1355/1262 795/820/795
f  910/950/910 1636/1850/1636 400/951/400
f  882/914/882 125/131/125 163/1279/163
f  477/1740/477 1421/1559/1421 1218/1304/1218
f  347/358/347 349/360/349 843/871/843
f  1346/1659/1346 918/959/918 920/961/920
f  1240/1749/1240 818/1484/818 1361/1483/1361
f  189/1123/189 1486/1640/1486 157/163/157
f  287/297/287 1465/1613/1465 1049/1109/1049
f  917/958/917 1385/1510/1385 1630/1837/1630
f  916/1879/916 1381/1880/1381 1385/1881/1385
f  916/1879/916 1533/1700/1533 1381/1880/1381
f  1057/1117/1057 1163/1241/1163 1038/1096/1038
f  1352/1882/1352 228/237/228 231/240/231
f  498/512/498 497/511/497 1033/1091/1033
f  917/958/917 1630/1837/1630 1491/1645/1491
f  617/635/617 1195/1274/1195 1534/1701/1534
f  1163/1241/1163 1036/1240/1036 1286/1475/1286
f  133/139/133 1623/1830/1623 140/146/140
f  352/363/352 1407/1541/1407 1506/1663/1506
f  335/345/335 974/1024/974 1273/1369/1273
f  32/32/32 1185/1874/1185 1246/1335/1246
f  1185/1874/1185 1406/1540/1406 1246/1335/1246
f  1612/1814/1612 321/331/321 323/333/323
f  307/317/307 530/545/530 1321/1429/1321
f  1148/1223/1148 735/759/735 154/160/154
f  1302/1883/1302 1650/1884/1650 662/975/662
f  1302/1883/1302 931/974/931 1650/1884/1650
f  930/973/930 1365/1488/1365 1570/1753/1570
f  1644/1865/1644 1651/1885/1651 900/936/900
f  1614/1819/1614 927/970/927 1633/1843/1633
f  1148/1223/1148 1505/1662/1505 657/677/657
f  1491/1645/1491 199/206/199 1492/1646/1492
f  448/460/448 253/262/253 252/261/252
f  1051/1111/1051 791/816/791 1226/1312/1226
f  1051/1111/1051 1226/1312/1226 1052/1112/1052
f  1405/1538/1405 955/1849/955 957/1886/957
f  478/492/478 147/153/147 1428/1887/1428
f  365/376/365 366/377/366 550/565/550
f  889/922/889 294/304/294 1393/1519/1393
f  1050/1110/1050 1052/1112/1052 73/77/73
f  1557/1734/1557 605/621/605 1553/1730/1553
f  254/263/254 838/866/838 252/261/252
f  1396/1523/1396 679/1888/679 1397/1524/1397
f  1275/1371/1275 1054/1114/1054 458/470/458
f  1275/1371/1275 1468/1617/1468 1054/1114/1054
f  907/946/907 1632/1842/1632 906/945/906
f  455/467/455 454/466/454 1329/1440/1329
f  740/764/740 1329/1440/1329 946/995/946
f  1514/1671/1514 1322/1430/1322 534/549/534
f  1488/1642/1488 1311/1417/1311 1587/1777/1587
f  221/230/221 489/503/489 456/468/456
f  289/299/289 1279/1375/1279 288/298/288
f  947/996/947 1443/1589/1443 1469/1618/1469
f  1256/1348/1256 933/978/933 531/546/531
f  368/379/368 1399/1530/1399 1443/1589/1443
f  835/863/835 718/741/718 836/864/836
f  15/15/15 14/14/14 1450/1597/1450
f  1382/1507/1382 1317/1425/1317 327/337/327
f  313/992/313 495/509/495 314/1889/314
f  981/1031/981 808/1720/808 982/1032/982
f  1165/1243/1165 596/1890/596 595/1845/595
f  1165/1243/1165 595/1845/595 1551/1727/1551
f  182/189/182 1205/1286/1205 211/218/211
f  1251/1340/1251 1392/1713/1392 1627/1834/1627
f  314/1889/314 548/563/548 46/1147/46
f  988/1041/988 1631/1841/1631 858/886/858
f  204/211/204 23/23/23 1043/1101/1043
f  1082/1150/1082 1083/1151/1083 434/446/434
f  102/108/102 1081/1149/1081 103/109/103
f  1635/1847/1635 734/758/734 733/757/733
f  955/1849/955 1446/1592/1446 1191/1270/1191
f  910/950/910 1565/1744/1565 1446/1592/1446
f  1635/1847/1635 1364/1487/1364 734/758/734
f  387/399/387 281/291/281 1381/1880/1381
f  1635/1847/1635 1646/1870/1646 1364/1487/1364
f  814/840/814 859/887/859 971/1021/971
f  1392/1517/1392 1459/1607/1459 551/566/551
f  1206/1287/1206 1254/1346/1254 1404/1537/1404
f  1406/1540/1406 955/1849/955 1405/1538/1405
f  802/827/802 872/900/872 1652/1891/1652
f  1247/1336/1247 733/1539/733 905/1661/905
f  1354/1820/1354 1615/1821/1615 1535/1702/1535
f  1394/1520/1394 166/172/166 1288/1393/1288
f  948/997/948 1405/1538/1405 957/1886/957
f  895/930/895 1653/1892/1653 1216/1301/1216
f  957/1886/957 949/998/949 948/997/948
f  957/1007/957 956/1006/956 949/1869/949
f  1520/1711/1520 1097/1168/1097 1390/1515/1390
f  936/982/936 548/563/548 1501/1656/1501
f  956/1006/956 1364/1487/1364 1646/1870/1646
f  897/932/897 416/428/416 1306/1411/1306
f  643/661/643 1457/1605/1457 641/659/641
f  981/1031/981 809/1893/809 808/1720/808
f  1119/1191/1119 933/978/933 1256/1348/1256
f  960/1010/960 1408/1542/1408 579/595/579
f  1581/1766/1581 1171/1249/1171 941/989/941
f  871/899/871 483/497/483 482/496/482
f  959/1009/959 1654/1894/1654 779/804/779
f  1501/1656/1501 548/563/548 587/603/587
f  585/601/585 1374/1497/1374 1620/1827/1620
f  1240/1328/1240 1354/1820/1354 1239/1327/1239
f  1613/1816/1613 379/391/379 1000/1367/1000
f  1002/1059/1002 1378/1636/1378 1000/1057/1000
f  1461/1609/1461 925/968/925 573/589/573
f  1110/1182/1110 1112/1184/1112 1447/1593/1447
f  73/77/73 1052/1112/1052 74/78/74
f  564/580/564 563/579/563 451/463/451
f  564/580/564 451/463/451 450/462/450
f  524/539/524 523/538/523 105/111/105
f  1069/1133/1069 1146/1221/1146 39/39/39
f  984/1036/984 138/144/138 137/143/137
f  379/391/379 848/876/848 1272/1368/1272
f  886/918/886 573/589/573 1403/1536/1403
f  1412/1546/1412 1325/1436/1325 1413/1547/1413
f  887/1285/887 330/340/330 329/339/329
f  1606/1808/1606 1304/1409/1304 1555/1732/1555
f  1576/1760/1576 594/610/594 4/4/4
f  231/240/231 1318/1426/1318 1317/1425/1317
f  314/1889/314 495/509/495 548/563/548
f  1558/1735/1558 629/647/629 1571/1754/1571
f  261/270/261 1133/1207/1133 233/242/233
f  335/345/335 1273/1369/1273 1596/1788/1596
f  158/164/158 1601/1802/1601 348/359/348
f  974/1024/974 1274/1370/1274 1273/1369/1273
f  634/652/634 651/671/651 701/723/701
f  347/358/347 1619/1825/1619 159/165/159
f  1321/1429/1321 207/214/207 1061/1125/1061
f  1200/1280/1200 1624/1831/1624 744/768/744
f  285/295/285 1225/1311/1225 1610/1812/1610
f  725/749/725 419/431/419 785/810/785
f  725/749/725 420/432/420 419/431/419
f  725/749/725 724/748/724 420/432/420
f  1023/1080/1023 1648/1875/1648 244/253/244
f  1513/1670/1513 1655/1895/1655 816/842/816
f  1400/1531/1400 1204/1284/1204 1025/1082/1025
f  1070/1135/1070 1360/1482/1360 1075/1141/1075
f  983/1033/983 670/690/670 655/675/655
f  666/686/666 331/341/331 667/687/667
f  1513/1670/1513 782/807/782 1655/1895/1655
f  984/1036/984 1656/1896/1656 414/426/414
f  1398/1525/1398 690/1153/690 358/1897/358
f  1317/1425/1317 1318/1426/1318 237/246/237
f  1102/1174/1102 117/123/117 1657/1898/1657
f  509/523/509 645/663/645 510/524/510
f  1650/1884/1650 1570/1753/1570 932/976/932
f  1070/1135/1070 684/1137/684 96/664/96
f  623/641/623 935/981/935 1567/1748/1567
f  1575/1877/1575 880/911/880 169/175/169
f  167/173/167 1129/1203/1129 168/174/168
f  26/26/26 58/60/58 27/27/27
f  1614/1819/1614 353/364/353 1129/1203/1129
f  959/1009/959 585/601/585 1620/1827/1620
f  662/975/662 1650/1884/1650 932/976/932
f  168/174/168 1129/1203/1129 644/1392/644
f  45/45/45 314/324/314 46/46/46
f  798/823/798 76/80/76 78/82/78
f  992/1046/992 178/1085/178 76/80/76
f  366/377/366 18/18/18 1300/1405/1300
f  992/1046/992 797/822/797 178/1085/178
f  797/1708/797 1104/1176/1104 178/185/178
f  884/916/884 290/300/290 288/298/288
f  160/166/160 999/1056/999 158/164/158
f  1333/1444/1333 316/326/316 315/325/315
f  1140/1215/1140 239/248/239 1141/1216/1141
f  1499/1654/1499 192/1673/192 1645/1866/1645
f  1090/1160/1090 256/265/256 409/421/409
f  141/147/141 1043/1101/1043 142/148/142
f  949/1869/949 956/1006/956 1646/1870/1646
f  655/675/655 670/690/670 590/606/590
f  1636/1850/1636 955/1849/955 1406/1540/1406
f  470/484/470 913/954/913 471/485/471
f  258/267/258 262/271/262 1341/1454/1341
f  1111/1183/1111 299/309/299 301/311/301
f  1002/1059/1002 1647/1872/1647 1006/1063/1006
f  1001/1058/1001 1347/1465/1347 1647/1872/1647
f  452/464/452 1193/1272/1193 406/418/406
f  140/146/140 142/148/142 1014/1615/1014
f  158/164/158 348/359/348 347/358/347
f  497/511/497 947/996/947 1577/1761/1577
f  1002/1059/1002 1006/1063/1006 345/355/345
f  1005/1062/1005 346/356/346 345/355/345
f  685/705/685 303/313/303 1488/1642/1488
f  440/452/440 1163/1241/1163 1057/1117/1057
f  1645/1866/1645 191/1899/191 1658/1900/1658
f  787/812/787 728/752/728 788/813/788
f  1278/1374/1278 1590/1780/1590 1053/1113/1053
f  1110/1182/1110 1447/1593/1447 1242/1330/1242
f  1308/1413/1308 1348/1466/1348 1586/1776/1586
f  1452/1599/1452 1082/1150/1082 1450/1597/1450
f  78/82/78 77/81/77 1479/1629/1479
f  1644/1865/1644 126/132/126 1651/1885/1651
f  1644/1865/1644 128/134/128 126/132/126
f  1404/1537/1404 1104/1176/1104 1207/1288/1207
f  169/175/169 1631/1841/1631 988/1041/988
f  1013/1867/1013 140/146/140 1014/1615/1014
f  65/69/65 963/1013/963 1424/1562/1424
f  226/235/226 1641/1859/1641 1022/1079/1022
f  1623/1830/1623 202/209/202 140/146/140
f  348/359/348 1340/1453/1340 349/360/349
f  734/758/734 152/158/152 735/759/735
f  993/1047/993 1021/1078/1021 554/569/554
f  1659/1901/1659 555/570/555 554/569/554
f  341/351/341 18/18/18 445/457/445
f  390/402/390 1425/1563/1425 391/403/391
f  858/886/858 860/888/860 1660/1902/1660
f  858/886/858 1660/1902/1660 1634/1844/1634
f  16/16/16 340/350/340 1019/1076/1019
f  698/720/698 571/587/571 570/586/570
f  86/92/86 1042/1100/1042 87/93/87
f  175/181/175 174/180/174 122/128/122
f  1019/1076/1019 1643/1862/1643 174/180/174
f  869/897/869 1135/1209/1135 1130/1204/1130
f  869/897/869 1130/1204/1130 870/898/870
f  266/275/266 294/304/294 267/276/267
f  891/924/891 640/658/640 863/891/863
f  526/541/526 390/402/390 389/401/389
f  161/167/161 1199/1302/1199 887/919/887
f  1032/1090/1032 1210/1294/1210 1564/1743/1564
f  641/659/641 1457/1605/1457 972/1022/972
f  901/937/901 902/938/902 1521/1683/1521
f  1081/1149/1081 139/145/139 1576/1760/1576
f  689/709/689 37/37/37 150/156/150
f  1389/1578/1389 1356/1478/1356 1395/1521/1395
f  1421/1559/1421 1077/1144/1077 382/394/382
f  1537/1705/1537 1539/1707/1539 1028/1086/1028
f  67/71/67 870/898/870 68/72/68
f  285/295/285 287/297/287 723/747/723
f  1539/1707/1539 1538/1706/1538 1029/1087/1029
f  1661/1903/1661 1662/1904/1662 1029/1905/1029
f  416/428/416 417/429/417 1306/1411/1306
f  104/743/104 6/1838/6 1016/1073/1016
f  1663/1906/1663 1538/1706/1538 1537/1705/1537
f  1028/1086/1028 1663/1906/1663 1537/1705/1537
f  1081/1149/1081 1576/1760/1576 103/109/103
f  71/75/71 722/746/722 72/76/72
f  169/175/169 719/742/719 1664/1907/1664
f  993/1047/993 556/571/556 994/1048/994
f  1029/1905/1029 1340/1453/1340 994/1229/994
f  1409/1543/1409 363/374/363 369/380/369
f  1548/1722/1548 943/1300/943 3/3/3
f  168/174/168 1575/1877/1575 169/175/169
f  180/187/180 1661/1903/1661 1538/1908/1538
f  180/187/180 1662/1904/1662 1661/1903/1661
f  1105/1177/1105 1340/1453/1340 1662/1904/1662
f  8/8/8 130/136/130 11/11/11
f  8/8/8 11/11/11 9/9/9
f  1246/1335/1246 733/1539/733 1247/1336/1247
f  840/1108/840 12/1909/12 1277/1373/1277
f  252/261/252 1498/1653/1498 449/461/449
f  326/336/326 328/338/328 1375/1498/1375
f  489/503/489 491/505/491 456/468/456
f  134/140/134 1215/1299/1215 135/141/135
f  849/877/849 379/391/379 1411/1545/1411
f  1628/1835/1628 1629/1836/1629 1625/1832/1625
f  1309/1414/1309 764/789/764 762/787/762
f  327/337/327 237/246/237 1665/1910/1665
f  884/916/884 228/1293/228 1352/1470/1352
f  802/827/802 781/806/781 872/900/872
f  203/210/203 1666/1911/1666 24/24/24
f  203/210/203 24/24/24 204/211/204
f  329/339/329 331/341/331 1257/1349/1257
f  86/92/86 42/42/42 44/44/44
f  974/1024/974 1584/1774/1584 1274/1370/1274
f  692/712/692 691/711/691 1371/1639/1371
f  403/415/403 239/248/239 1313/1419/1313
f  727/751/727 1063/1127/1063 1474/1623/1474
f  1407/1541/1407 1244/1332/1244 967/1017/967
f  218/227/218 220/229/220 1413/1547/1413
f  832/859/832 1666/1911/1666 36/36/36
f  832/859/832 36/36/36 35/35/35
f  1064/1128/1064 38/38/38 41/41/41
f  1064/1128/1064 41/41/41 37/37/37
f  1064/1128/1064 1069/1133/1069 38/38/38
f  1667/1912/1667 1568/1750/1568 332/342/332
f  281/1134/281 273/282/273 1336/1447/1336
f  1069/1133/1069 39/39/39 38/38/38
f  1071/1136/1071 45/45/45 47/47/47
f  1379/1504/1379 326/336/326 1375/1498/1375
f  1487/1786/1487 1346/1460/1346 472/486/472
f  1074/1140/1074 45/45/45 1071/1136/1071
f  172/178/172 1416/1553/1416 1638/1853/1638
f  452/464/452 406/418/406 405/417/405
f  924/967/924 1193/1272/1193 1668/1913/1668
f  1044/1102/1044 23/23/23 840/1108/840
f  766/791/766 1080/1148/1080 48/48/48
f  1270/1871/1270 1010/1067/1010 1009/1066/1009
f  621/1914/621 1557/1734/1557 1556/1733/1556
f  1080/1148/1080 47/49/47 48/48/48
f  938/985/938 475/987/475 730/754/730
f  196/203/196 742/766/742 744/768/744
f  1665/1910/1665 1250/1339/1250 327/337/327
f  1067/1131/1067 1572/1755/1572 1551/1727/1551
f  871/899/871 1087/1156/1087 483/497/483
f  1084/1868/1084 51/53/51 50/52/50
f  1414/1548/1414 541/1815/541 543/1915/543
f  1148/1223/1148 657/677/657 656/676/656
f  579/595/579 1092/1162/1092 582/598/582
f  458/470/458 838/866/838 459/471/459
f  1507/1664/1507 1039/1097/1039 1082/1150/1082
f  135/141/135 1590/1780/1590 1278/1374/1278
f  1298/1403/1298 59/64/59 62/66/62
f  1298/1403/1298 62/66/62 118/124/118
f  125/131/125 1528/1693/1528 126/132/126
f  1040/1173/1040 59/64/59 1298/1403/1298
f  1255/1347/1255 1212/1296/1212 1269/1363/1269
f  1040/1098/1040 60/62/60 59/61/59
f  1106/1178/1106 62/66/62 66/70/66
f  1106/1178/1106 66/70/66 1107/1179/1107
f  1106/1178/1106 118/124/118 62/66/62
f  726/750/726 1200/1280/1200 1225/1311/1225
f  1101/1172/1101 1041/1320/1041 1040/1173/1040
f  63/67/63 65/69/65 526/541/526
f  1117/1189/1117 747/771/747 746/770/746
f  1117/1189/1117 746/770/746 1118/1190/1118
f  1360/1482/1360 1128/1202/1128 747/771/747
f  1360/1482/1360 747/771/747 1117/1189/1117
f  849/877/849 1659/1901/1659 1021/1078/1021
f  398/410/398 1669/1916/1669 1096/1863/1096
f  418/430/418 420/432/420 1308/1413/1308
f  1121/1194/1121 1122/1196/1122 1078/1145/1078
f  532/547/532 1126/1200/1126 1462/1610/1462
f  532/547/532 1462/1610/1462 533/548/533
f  1126/1200/1126 1118/1190/1118 746/770/746
f  1126/1200/1126 746/770/746 1462/1610/1462
f  1127/1201/1127 79/83/79 82/86/82
f  523/538/523 106/112/106 105/111/105
f  1261/1354/1261 43/43/43 79/83/79
f  1261/1354/1261 79/83/79 1127/1201/1127
f  43/43/43 1128/1202/1128 80/84/80
f  43/43/43 80/84/80 79/83/79
f  1130/1204/1130 83/87/83 84/90/84
f  1130/1204/1130 84/90/84 704/726/704
f  294/304/294 293/303/293 267/276/267
f  150/156/150 37/37/37 36/36/36
f  1137/1212/1137 41/41/41 40/40/40
f  1668/1913/1668 1193/1272/1193 1353/1472/1353
f  182/189/182 887/1285/887 1205/1286/1205
f  85/91/85 87/93/87 500/514/500
f  211/218/211 1205/1286/1205 1383/1508/1383
f  1287/1390/1287 1011/1316/1011 312/322/312
f  1245/1333/1245 1145/1220/1145 69/73/69
f  1139/1214/1139 42/42/42 85/91/85
f  1274/1370/1274 1584/1774/1584 1183/1261/1183
f  88/94/88 91/97/91 1143/1218/1143
f  736/1193/736 1060/1121/1060 513/1120/513
f  1327/1438/1327 1328/1439/1328 249/258/249
f  1146/1221/1146 1149/1224/1149 89/95/89
f  1146/1221/1146 89/95/89 88/94/88
f  1150/1225/1150 95/101/95 97/103/97
f  1150/1225/1150 97/103/97 1151/1226/1151
f  429/441/429 1261/1354/1261 1127/1201/1127
f  705/727/705 95/101/95 1150/1225/1150
f  95/101/95 646/1142/646 96/102/96
f  896/931/896 895/930/895 1548/1722/1548
f  934/979/934 98/104/98 101/107/101
f  617/635/617 1534/1701/1534 618/636/618
f  679/1888/679 566/582/566 1598/1794/1598
f  830/857/830 98/104/98 934/979/934
f  13/13/13 376/388/376 476/490/476
f  683/1163/683 1094/1165/1094 1574/1757/1574
f  1159/1235/1159 1172/1250/1172 1256/1348/1256
f  1159/1235/1159 1256/1348/1256 1160/1236/1160
f  1162/1238/1162 1173/1251/1173 1172/1250/1172
f  1162/1238/1162 1172/1250/1172 1159/1235/1159
f  1253/1344/1253 1280/1376/1280 1206/1287/1206
f  1208/1291/1208 1209/1292/1209 504/518/504
f  1232/1319/1232 107/113/107 110/116/110
f  1232/1319/1232 110/116/110 765/790/765
f  1170/1248/1170 1174/1252/1174 107/113/107
f  1170/1248/1170 107/113/107 1232/1319/1232
f  1174/1252/1174 1173/1251/1173 108/114/108
f  1174/1252/1174 108/114/108 107/113/107
f  682/1917/682 1589/1779/1589 1093/1164/1093
f  622/1918/622 621/1914/621 1556/1733/1556
f  881/913/881 1592/1783/1592 111/117/111
f  682/1917/682 1093/1164/1093 683/1163/683
f  74/78/74 1181/1259/1181 1626/1833/1626
f  1592/1783/1592 112/118/112 111/117/111
f  1194/1273/1194 115/121/115 113/119/113
f  477/1740/477 1218/1304/1218 1217/1303/1217
f  359/370/359 1202/1282/1202 360/371/360
f  923/966/923 115/121/115 1194/1273/1194
f  1550/1724/1550 898/933/898 897/932/897
f  1659/1901/1659 849/877/849 555/570/555
f  1192/1271/1192 119/125/119 121/127/121
f  1192/1271/1192 121/127/121 227/236/227
f  1192/1271/1192 1310/1416/1310 119/125/119
f  665/685/665 667/687/667 1208/1291/1208
f  1310/1416/1310 1113/1185/1113 120/126/120
f  1310/1416/1310 120/126/120 119/125/119
f  1197/1276/1197 124/130/124 127/133/127
f  1197/1276/1197 127/133/127 1198/1277/1198
f  535/550/535 1062/1126/1062 536/551/536
f  995/1055/995 160/166/160 1020/1594/1020
f  175/181/175 1299/1404/1299 173/179/173
f  932/976/932 1365/1488/1365 956/1006/956
f  1113/1185/1113 1106/1178/1106 120/126/120
f  1202/1282/1202 128/134/128 1203/1283/1203
f  1202/1282/1202 1657/1898/1657 128/134/128
f  1654/1894/1654 959/1009/959 1620/1827/1620
f  857/885/857 1251/1340/1251 1627/1834/1627
f  1657/1898/1657 129/135/129 128/134/128
f  627/645/627 127/133/127 136/142/136
f  627/645/627 136/142/136 628/646/628
f  1209/1292/1209 1198/1277/1198 127/133/127
f  1209/1292/1209 127/133/127 627/645/627
f  768/793/768 1605/1807/1605 1196/1275/1196
f  133/139/133 135/141/135 1623/1830/1623
f  1550/1724/1550 732/756/732 731/755/731
f  1593/1784/1593 1595/1787/1595 1485/1638/1485
f  510/524/510 645/663/645 355/927/355
f  883/915/883 903/1692/903 125/131/125
f  144/150/144 156/162/156 145/151/145
f  899/934/899 19/19/19 416/428/416
f  198/205/198 780/805/780 1484/1637/1484
f  1324/1435/1324 218/227/218 1325/1436/1325
f  305/315/305 307/317/307 1320/1428/1320
f  1049/1109/1049 708/730/708 1045/1103/1045
f  69/73/69 824/850/824 638/656/638
f  1214/1298/1214 144/150/144 143/149/143
f  1421/1559/1421 1078/1145/1078 1077/1144/1077
f  136/142/136 1592/1783/1592 881/913/881
f  704/726/704 703/725/703 68/72/68
f  601/617/601 155/161/155 912/953/912
f  1663/1919/1663 178/185/178 180/187/180
f  703/725/703 69/73/69 68/72/68
f  1109/1181/1109 155/161/155 157/163/157
f  1469/1618/1469 1443/1589/1443 1445/1591/1445
f  1457/1605/1457 901/937/901 1521/1683/1521
f  756/781/756 155/161/155 1109/1181/1109
f  756/781/756 912/953/912 155/161/155
f  1538/1908/1538 1661/1903/1661 1029/1905/1029
f  477/1740/477 1121/1194/1121 1421/1559/1421
f  157/163/157 156/162/156 875/904/875
f  1272/1464/1272 1291/1396/1291 1347/1465/1347
f  135/141/135 1215/1299/1215 1214/1298/1214
f  1029/1905/1029 1662/1904/1662 1340/1453/1340
f  665/685/665 1208/1291/1208 1455/1603/1455
f  505/519/505 114/120/114 115/121/115
f  1108/1180/1108 1486/1640/1486 189/1123/189
f  1267/1361/1267 1638/1853/1638 1108/1180/1108
f  1012/1069/1012 1409/1543/1409 1415/1550/1415
f  1638/1853/1638 1416/1553/1416 1108/1180/1108
f  164/170/164 166/172/166 1394/1520/1394
f  184/191/184 186/193/186 1377/1500/1377
f  1589/1779/1589 919/960/919 676/696/676
f  954/1003/954 373/384/373 1375/1498/1375
f  1640/1858/1640 226/235/226 121/127/121
f  1052/1112/1052 1226/1312/1226 1480/1630/1480
f  1515/1672/1515 171/177/171 170/176/170
f  178/185/178 1104/1176/1104 179/186/179
f  851/879/851 632/650/632 1003/1060/1003
f  431/443/431 388/400/388 176/182/176
f  818/1484/818 817/1920/817 644/662/644
f  1293/1398/1293 1292/1397/1292 1637/1852/1637
f  388/400/388 177/183/177 176/182/176
f  984/1036/984 1655/1921/1655 1656/1896/1656
f  320/330/320 1161/1237/1161 549/564/549
f  699/721/699 698/720/698 1531/1698/1531
f  524/539/524 105/111/105 1510/1667/1510
f  647/666/647 1128/1202/1128 1360/1482/1360
f  1018/1075/1018 1233/1321/1233 563/579/563
f  1445/1591/1445 1444/1590/1444 1468/1617/1468
f  1241/1329/1241 921/962/921 749/964/749
f  521/536/521 1670/1922/1670 187/194/187
f  1473/1622/1473 1474/1623/1474 321/331/321
f  1670/1922/1670 1266/1450/1266 188/195/188
f  1670/1922/1670 188/195/188 187/194/187
f  962/1012/962 690/1153/690 1398/1525/1398
f  994/1229/994 1340/1453/1340 1601/1802/1601
f  1645/1866/1645 192/1673/192 191/1899/191
f  500/514/500 502/516/502 1137/1212/1137
f  162/168/162 904/941/904 883/940/883
f  1253/1420/1253 1479/1629/1479 506/861/506
f  1562/1923/1562 1044/1102/1044 1277/1373/1277
f  1562/1923/1562 1277/1373/1277 1281/1924/1281
f  286/296/286 1426/1564/1426 1465/1613/1465
f  1014/1615/1014 1044/1102/1044 1562/1923/1562
f  618/636/618 1276/1372/1276 619/637/619
f  45/45/45 1/1/1 314/324/314
f  1667/1912/1667 1221/1307/1221 1401/1532/1401
f  1450/1597/1450 1451/1598/1451 1524/1688/1524
f  1623/1830/1623 1278/1374/1278 202/209/202
f  1056/1116/1056 1124/1198/1124 1123/1197/1123
f  86/92/86 44/44/44 1103/1175/1103
f  1278/1374/1278 203/210/203 202/209/202
f  870/898/870 1130/1204/1130 68/72/68
f  278/288/278 1670/1922/1670 521/536/521
f  1228/1314/1228 1658/1900/1658 1281/1377/1281
f  1228/1314/1228 1281/1377/1281 1229/1315/1229
f  1658/1925/1658 1176/1254/1176 1175/1253/1175
f  1658/1925/1658 1175/1253/1175 1281/1854/1281
f  1285/1383/1285 183/190/183 213/220/213
f  1285/1383/1285 213/220/213 1286/1384/1286
f  196/203/196 744/768/744 450/462/450
f  1090/1160/1090 257/266/257 256/265/256
f  110/116/110 766/791/766 765/790/765
f  53/55/53 1041/1320/1041 1101/1172/1101
f  1663/1919/1663 180/187/180 1538/1908/1538
f  214/221/214 215/224/215 1083/1151/1083
f  1038/1096/1038 1286/1475/1286 214/221/214
f  1499/1654/1499 1228/1314/1228 1227/1313/1227
f  1411/1545/1411 711/733/711 833/860/833
f  1286/1475/1286 213/222/213 214/221/214
f  557/572/557 545/560/545 490/504/490
f  378/390/378 1463/1611/1463 1466/1614/1466
f  19/19/19 123/129/123 416/428/416
f  1567/1748/1567 436/448/436 1458/1606/1458
f  216/225/216 1083/1151/1083 215/224/215
f  1182/1260/1182 1184/1262/1184 1339/1452/1339
f  1289/1394/1289 161/167/161 1290/1395/1290
f  866/894/866 1529/1694/1529 968/1018/968
f  1157/1233/1157 1600/1801/1600 161/167/161
f  1157/1233/1157 161/167/161 1289/1394/1289
f  1600/1801/1600 904/941/904 161/167/161
f  710/732/710 712/1926/712 1580/1764/1580
f  1375/1498/1375 1368/1552/1368 1379/1504/1379
f  866/894/866 970/1020/970 867/895/867
f  1076/1143/1076 1383/1508/1383 666/686/666
f  30/30/30 1503/1658/1503 649/669/649
f  1301/1406/1301 1066/1130/1066 1065/1129/1065
f  1383/1508/1383 1257/1349/1257 666/686/666
f  1088/1158/1088 1581/1766/1581 941/989/941
f  1547/1721/1547 1284/1719/1284 1164/1242/1164
f  442/454/442 444/456/444 228/1293/228
f  1088/1158/1088 941/989/941 940/988/940
f  1144/1219/1144 1640/1858/1640 1107/1179/1107
f  444/1462/444 229/238/229 228/237/228
f  1479/1629/1479 752/776/752 506/861/506
f  814/840/814 1496/1651/1496 859/887/859
f  770/795/770 1580/1817/1580 768/793/768
f  850/878/850 632/650/632 851/879/851
f  93/99/93 8/8/8 7/7/7
f  238/247/238 230/239/230 235/244/235
f  989/1042/989 134/184/134 133/1043/133
f  1087/1156/1087 1086/1155/1086 1460/1608/1460
f  786/811/786 1637/1852/1637 787/812/787
f  791/816/791 1224/1310/1224 1569/1752/1569
f  1149/1224/1149 1159/1235/1159 89/95/89
f  1318/1426/1318 238/247/238 237/246/237
f  402/414/402 1141/1216/1141 239/248/239
f  670/690/670 672/692/672 590/606/590
f  39/39/39 1143/1218/1143 40/40/40
f  1332/1443/1332 1141/1216/1141 402/414/402
f  836/864/836 1211/1295/1211 1254/1346/1254
f  243/252/243 1023/1080/1023 244/253/244
f  941/989/941 1171/1249/1171 1174/1252/1174
f  249/258/249 251/260/251 1140/1215/1140
f  1530/1695/1530 1210/1294/1210 1032/1090/1032
f  650/670/650 1455/1603/1455 1493/1647/1493
f  1495/1650/1495 424/436/424 1564/1743/1564
f  1328/1439/1328 250/259/250 249/258/249
f  515/529/515 514/528/514 1544/1927/1544
f  15/15/15 1591/1782/1591 488/502/488
f  1352/1470/1352 1026/1083/1026 884/916/884
f  515/529/515 1544/1927/1544 1503/1928/1503
f  1331/1442/1331 1332/1443/1332 256/265/256
f  1331/1442/1331 256/265/256 255/264/255
f  1334/1445/1334 262/271/262 263/272/263
f  1371/1639/1371 691/711/691 1485/1638/1485
f  1563/1742/1563 1497/1652/1497 839/867/839
f  1361/1483/1361 794/819/794 1354/1474/1354
f  899/934/899 20/20/20 19/19/19
f  1587/1777/1587 1588/1778/1588 1489/1643/1489
f  984/1036/984 986/1929/986 817/1034/817
f  1469/1618/1469 1445/1591/1445 1470/1619/1470
f  1024/1081/1024 1400/1531/1400 1025/1082/1025
f  1143/1218/1143 1136/1211/1136 1137/1212/1137
f  1338/1449/1338 991/1045/991 265/274/265
f  1338/1449/1338 265/274/265 264/273/264
f  1550/1724/1550 897/932/897 732/756/732
f  55/57/55 195/202/195 714/737/714
f  969/1019/969 1355/1477/1355 668/688/668
f  897/932/897 1306/1411/1306 732/756/732
f  1140/1215/1140 1248/1337/1248 1665/1910/1665
f  269/278/269 1559/1736/1559 1276/1372/1276
f  1288/1393/1288 1290/1395/1290 181/1930/181
f  272/281/272 275/284/275 1279/1375/1279
f  1563/1742/1563 839/867/839 1399/1530/1399
f  1288/1393/1288 181/1930/181 1258/1551/1258
f  1314/1421/1314 194/201/194 1283/1380/1283
f  1563/1742/1563 1399/1530/1399 367/378/367
f  1344/1457/1344 276/285/276 277/287/277
f  813/839/813 1496/1651/1496 814/840/814
f  1556/1733/1556 1508/1696/1508 622/1918/622
f  1343/1456/1343 276/285/276 1344/1457/1344
f  1343/1463/1343 444/1462/444 276/1931/276
f  1355/1477/1355 669/689/669 668/688/668
f  387/399/387 277/287/277 281/291/281
f  1598/1794/1598 566/582/566 697/719/697
f  1087/1156/1087 1460/1608/1460 862/890/862
f  821/847/821 1032/1090/1032 1564/1743/1564
f  206/213/206 845/873/845 1430/1569/1430
f  584/600/584 1542/1714/1542 1372/1495/1372
f  899/934/899 416/428/416 897/932/897
f  282/292/282 284/294/284 978/1028/978
f  269/278/269 271/280/271 1606/1808/1606
f  1630/1837/1630 1386/1511/1386 975/1025/975
f  1351/1469/1351 604/620/604 283/293/283
f  1351/1469/1351 283/293/283 282/292/282
f  872/900/872 781/806/781 771/796/771
f  990/1044/990 1013/1070/1013 1015/1072/1015
f  882/1290/882 162/168/162 883/940/883
f  659/679/659 1620/1827/1620 1374/1497/1374
f  793/818/793 792/817/792 1045/1103/1045
f  166/172/166 1289/1394/1289 1288/1393/1288
f  529/544/529 292/302/292 295/305/295
f  529/544/529 295/305/295 465/477/465
f  528/543/528 1357/1479/1357 292/302/292
f  528/543/528 292/302/292 529/544/529
f  863/891/863 640/658/640 937/984/937
f  1357/1479/1357 293/303/293 292/302/292
f  1152/1227/1152 268/277/268 298/308/298
f  1152/1227/1152 298/308/298 1007/1064/1007
f  466/478/466 295/305/295 373/384/373
f  1120/1192/1120 830/857/830 934/979/934
f  268/277/268 1357/1479/1357 296/306/296
f  673/693/673 1603/1848/1603 806/1932/806
f  1282/1379/1282 1618/1824/1618 297/307/297
f  704/726/704 95/101/95 705/727/705
f  1632/1842/1632 1359/1481/1359 1618/1824/1618
f  1632/1842/1632 1618/1824/1618 1282/1379/1282
f  1075/1141/1075 1117/1189/1117 1073/1139/1073
f  56/58/56 716/739/716 54/56/54
f  1363/1486/1363 308/318/308 310/320/310
f  631/649/631 630/648/630 688/708/688
f  827/853/827 1359/1481/1359 308/318/308
f  827/853/827 308/318/308 1363/1486/1363
f  982/1032/982 1547/1721/1547 671/691/671
f  1479/1629/1479 77/81/77 752/776/752
f  1341/1454/1341 272/281/272 716/739/716
f  225/234/225 1116/1188/1116 1058/1118/1058
f  1123/1197/1123 1125/1199/1125 552/567/552
f  103/109/103 4/4/4 104/110/104
f  1495/1650/1495 1567/1748/1567 1458/1606/1458
f  1119/1191/1119 1256/1348/1256 1172/1250/1172
f  953/1002/953 1439/1580/1439 1380/1505/1380
f  953/1002/953 1380/1505/1380 464/476/464
f  208/215/208 580/596/580 209/216/209
f  1376/1499/1376 1439/1580/1439 953/1002/953
f  1376/1499/1376 1249/1338/1249 1439/1580/1439
f  315/325/315 317/327/317 1616/1822/1616
f  519/1503/519 324/334/324 326/336/326
f  1000/1367/1000 379/391/379 1272/1368/1272
f  1027/1084/1027 1026/1083/1026 324/1471/324
f  1027/1084/1027 324/1471/324 519/534/519
f  1540/1709/1540 1502/1657/1502 687/707/687
f  678/698/678 660/680/660 1319/1427/1319
f  915/1434/915 423/435/423 386/398/386
f  985/1037/985 1231/1318/1231 576/592/576
f  377/389/377 1463/1611/1463 378/390/378
f  917/958/917 1492/1646/1492 915/956/915
f  1601/1802/1601 1340/1453/1340 348/359/348
f  1250/1339/1250 328/338/328 327/337/327
f  864/892/864 937/984/937 1178/1256/1178
f  1576/1760/1576 1545/1717/1545 594/610/594
f  782/807/782 1518/1678/1518 1655/1895/1655
f  613/629/613 612/628/612 1557/1734/1557
f  1393/1519/1393 266/275/266 1388/1579/1388
f  425/437/425 1195/1274/1195 426/438/426
f  1075/1141/1075 1074/1140/1074 1071/1136/1071
f  338/348/338 164/170/164 1394/1520/1394
f  1634/1844/1634 1262/1355/1262 1649/1878/1649
f  927/970/927 1649/1878/1649 757/782/757
f  436/448/436 586/602/586 437/449/437
f  1033/1091/1033 1475/1624/1475 913/954/913
f  1324/1435/1324 1514/1671/1514 218/227/218
f  1649/1878/1649 795/820/795 757/782/757
f  482/496/482 1187/1266/1187 973/1023/973
f  903/939/903 904/941/904 310/320/310
f  462/474/462 997/1051/997 319/329/319
f  356/367/356 1519/1679/1519 807/833/807
f  340/350/340 871/899/871 1643/1862/1643
f  1237/1526/1237 1236/1933/1236 894/929/894
f  1222/1308/1222 1281/1854/1281 1175/1253/1175
f  337/347/337 1397/1773/1397 974/1024/974
f  576/592/576 1084/1528/1084 1237/1526/1237
f  404/416/404 1313/1419/1313 1358/1480/1358
f  356/367/356 234/243/234 1519/1679/1519
f  1413/1547/1413 805/1934/805 541/1815/541
f  1599/1798/1599 1653/1892/1653 1448/1935/1448
f  1599/1798/1599 1448/1935/1448 925/1799/925
f  1653/1892/1653 894/929/894 1236/1933/1236
f  1653/1892/1653 1236/1933/1236 1448/1935/1448
f  163/1279/163 124/130/124 1197/1276/1197
f  357/368/357 360/371/360 1400/1531/1400
f  1401/1532/1401 1398/1525/1398 357/1533/357
f  947/996/947 1469/1618/1469 1577/1761/1577
f  221/230/221 456/468/456 455/467/455
f  1398/1525/1398 358/1897/358 357/1533/357
f  1403/1536/1403 362/373/362 364/375/364
f  721/745/721 1295/1400/1295 722/746/722
f  1403/1536/1403 573/589/573 362/373/362
f  1312/1418/1312 1085/1154/1085 1483/1635/1483
f  197/204/197 772/797/772 198/205/198
f  689/709/689 151/157/151 603/619/603
f  1216/1301/1216 1653/1892/1653 1599/1798/1599
f  624/642/624 626/644/626 615/631/615
f  975/1025/975 1155/1231/1155 1630/1837/1630
f  926/969/926 370/381/370 574/590/574
f  926/969/926 1235/1323/1235 371/382/371
f  926/969/926 371/382/371 370/381/370
f  1415/1550/1415 369/380/369 372/383/372
f  1415/1550/1415 372/383/372 1037/1095/1037
f  301/311/301 512/526/512 1112/1184/1112
f  1409/1543/1409 369/380/369 1415/1550/1415
f  369/380/369 574/590/574 370/381/370
f  970/1020/970 977/1027/977 351/362/351
f  1610/1812/1610 323/333/323 286/296/286
f  1566/1747/1566 616/634/616 620/638/620
f  269/278/269 1606/1808/1606 1559/1736/1559
f  1610/1812/1610 286/296/286 285/295/285
f  373/384/373 890/923/890 374/385/374
f  186/193/186 1613/1816/1613 1377/1500/1377
f  379/391/379 381/393/381 1411/1545/1411
f  680/700/680 694/714/694 1597/1790/1597
f  1418/1555/1418 385/397/385 334/344/334
f  1418/1555/1418 334/344/334 333/343/333
f  385/397/385 1419/1556/1419 1220/1306/1220
f  385/397/385 1220/1306/1220 334/344/334
f  1420/1558/1420 382/394/382 385/397/385
f  1420/1558/1420 385/397/385 1418/1555/1418
f  810/836/810 886/918/886 1402/1535/1402
f  739/763/739 800/825/800 799/824/799
f  1054/1114/1054 839/867/839 838/866/838
f  810/836/810 1402/1535/1402 813/839/813
f  524/539/524 1510/1667/1510 860/888/860
f  1408/1542/1408 959/1009/959 779/804/779
f  106/112/106 1423/1561/1423 963/1013/963
f  76/80/76 178/1085/178 77/81/77
f  1423/1561/1423 1419/1556/1419 384/396/384
f  1423/1561/1423 384/396/384 963/1013/963
f  1352/1882/1352 231/240/231 1382/1507/1382
f  1560/1737/1560 1543/1715/1543 1540/1709/1540
f  1492/1936/1492 1323/1433/1323 915/1434/915
f  1609/1811/1609 742/766/742 741/765/741
f  1425/1563/1425 383/395/383 392/404/392
f  1425/1563/1425 392/404/392 391/403/391
f  1122/1196/1122 393/405/393 396/408/396
f  1122/1196/1122 396/408/396 1427/1565/1427
f  479/1195/479 1428/1566/1428 393/405/393
f  479/1195/479 393/405/393 1122/1196/1122
f  1428/1566/1428 1429/1567/1429 394/406/394
f  1428/1566/1428 394/406/394 393/405/393
f  1062/1126/1062 397/409/397 398/410/398
f  313/992/313 493/507/493 495/509/495
f  1061/1125/1061 1431/1570/1431 397/409/397
f  1061/1125/1061 397/409/397 1062/1126/1062
f  1431/1570/1431 1427/1565/1427 396/408/396
f  1431/1570/1431 396/408/396 397/409/397
f  868/896/868 67/71/67 1068/1132/1068
f  1324/1435/1324 1320/1428/1320 1514/1671/1514
f  931/974/931 1302/1883/1302 1303/1581/1303
f  667/687/667 1198/1277/1198 1209/1292/1209
f  1593/1784/1593 1594/1785/1594 1595/1787/1595
f  1495/1650/1495 425/437/425 424/436/424
f  1436/1575/1436 401/413/401 404/416/404
f  1436/1575/1436 404/416/404 1437/1576/1437
f  710/732/710 709/731/709 712/1926/712
f  394/406/394 1036/1094/1036 395/407/395
f  1612/1814/1612 323/333/323 1610/1812/1610
f  1436/1575/1436 402/414/402 401/413/401
f  1156/1232/1156 1090/1160/1090 413/425/413
f  1156/1232/1156 413/425/413 200/207/200
f  659/679/659 658/678/658 1620/1827/1620
f  976/1026/976 1090/1160/1090 1156/1232/1156
f  1633/1843/1633 928/971/928 1671/1937/1671
f  1381/1880/1381 1533/1700/1533 387/399/387
f  906/945/906 1351/1469/1351 282/292/282
f  411/423/411 413/425/413 929/972/929
f  1144/1219/1144 877/907/877 1640/1858/1640
f  190/1124/190 875/904/875 177/1387/177
f  175/181/175 1523/1686/1523 1299/1404/1299
f  877/907/877 876/906/876 1640/1858/1640
f  1323/1433/1323 1342/1455/1342 423/435/423
f  995/1049/995 1020/1077/1020 993/1047/993
f  844/1588/844 412/1584/412 1342/1455/1342
f  844/1588/844 1342/1455/1342 1323/1433/1323
f  1217/1938/1217 1389/1578/1389 1395/1521/1395
f  123/129/123 871/899/871 417/429/417
f  1542/1714/1542 1516/1675/1516 1372/1495/1372
f  424/436/424 426/438/426 822/848/822
f  1446/1592/1446 1565/1744/1565 421/433/421
f  1372/1495/1372 1374/1497/1374 585/601/585
f  1672/1939/1672 350/361/350 643/661/643
f  1565/1744/1565 422/434/422 421/433/421
f  1491/1645/1491 1155/1231/1155 199/206/199
f  1082/1150/1082 434/446/434 1451/1598/1451
f  1452/1599/1452 1507/1664/1507 1082/1150/1082
f  201/1587/201 1323/1433/1323 1492/1936/1492
f  1534/1701/1534 210/217/210 270/279/270
f  1379/1504/1379 1368/1552/1368 520/1502/520
f  592/608/592 432/444/432 435/447/435
f  944/993/944 783/808/783 1030/1088/1030
f  1490/1644/1490 983/1033/983 655/675/655
f  533/548/533 1462/1610/1462 1138/1213/1138
f  414/426/414 924/967/924 415/427/415
f  1260/1353/1260 521/536/521 388/400/388
f  1097/1168/1097 439/451/439 441/453/441
f  679/699/679 1396/1791/1396 680/700/680
f  1096/1167/1096 1669/1940/1669 439/451/439
f  1096/1167/1096 439/451/439 1097/1168/1097
f  1669/1940/1669 1035/1239/1035 439/451/439
f  191/198/191 1176/1254/1176 1658/1925/1658
f  892/925/892 445/457/445 446/458/446
f  129/135/129 116/122/116 136/142/136
f  862/890/862 1460/1608/1460 445/457/445
f  862/890/862 445/457/445 892/925/892
f  1460/1608/1460 341/351/341 445/457/445
f  67/71/67 69/73/69 1145/1220/1145
f  450/462/450 197/204/197 196/203/196
f  1514/1671/1514 534/549/534 1179/1257/1179
f  222/231/222 1330/1441/1330 447/459/447
f  1462/1610/1462 745/769/745 1138/1213/1138
f  102/912/102 104/743/104 719/742/719
f  1330/1441/1330 448/460/448 447/459/447
f  1422/1560/1422 1415/1550/1415 1220/1306/1220
f  1497/1652/1497 449/461/449 1498/1653/1498
f  1504/1660/1504 296/306/296 1357/1479/1357
f  1466/1614/1466 449/461/449 1497/1652/1497
f  28/28/28 874/903/874 539/902/539
f  1466/1614/1466 447/459/447 449/461/449
f  1161/1237/1161 457/469/457 460/472/460
f  1161/1237/1161 460/472/460 1008/1065/1008
f  1467/1616/1467 1275/1371/1275 457/469/457
f  1467/1616/1467 457/469/457 1161/1237/1161
f  1135/1209/1135 1034/1092/1034 427/1210/427
f  1275/1371/1275 458/470/458 457/469/457
f  464/476/464 466/478/466 953/1002/953
f  628/646/628 114/120/114 505/519/505
f  1577/1761/1577 1471/1620/1471 461/473/461
f  1577/1761/1577 461/473/461 1475/1624/1475
f  766/791/766 48/48/48 767/792/767
f  1471/1620/1471 462/474/462 461/473/461
f  1472/1621/1472 467/479/467 468/482/468
f  358/369/358 53/55/53 359/370/359
f  898/933/898 1476/1626/1476 467/479/467
f  898/933/898 467/479/467 1472/1621/1472
f  1476/1626/1476 1475/1625/1475 461/480/461
f  1476/1626/1476 461/480/461 467/479/467
f  1583/1771/1583 1671/1937/1671 361/1772/361
f  1477/1627/1477 469/483/469 1478/1628/1478
f  1477/1627/1477 820/846/820 469/483/469
f  1602/1803/1602 789/814/789 1301/1406/1301
f  194/201/194 1350/1468/1350 1283/1380/1283
f  820/846/820 470/484/470 469/483/469
f  171/177/171 911/952/911 912/953/912
f  475/987/475 471/1053/471 998/1052/998
f  911/952/911 1515/1672/1515 1499/1654/1499
f  972/1022/972 1457/1605/1457 1521/1683/1521
f  939/1634/939 1478/1628/1478 469/483/469
f  939/1634/939 469/483/469 475/489/475
f  908/947/908 480/494/480 481/495/481
f  1521/1683/1521 902/938/902 1607/1809/1607
f  1079/1146/1079 1366/1489/1366 480/494/480
f  1079/1146/1079 480/494/480 908/947/908
f  1366/1489/1366 433/445/433 480/494/480
f  361/1772/361 1414/1548/1414 543/1915/543
f  1264/1357/1264 1603/1804/1603 1628/1835/1628
f  219/228/219 1370/1493/1370 829/1768/829
f  1268/1362/1268 465/477/465 464/476/464
f  44/44/44 43/43/43 1261/1354/1261
f  902/938/902 1315/1422/1315 1607/1809/1607
f  685/705/685 1488/1642/1488 1487/1641/1487
f  1505/1662/1505 1148/1223/1148 154/160/154
f  1335/1446/1335 1334/1445/1334 1386/1511/1386
f  1591/1782/1591 909/948/909 488/502/488
f  1621/1828/1621 1189/1268/1189 1263/1356/1263
f  909/948/909 491/505/491 489/503/489
f  909/948/909 489/503/489 488/502/488
f  1050/1110/1050 789/814/789 1051/1111/1051
f  1511/1668/1511 318/668/318 1523/1686/1523
f  545/560/545 456/468/456 490/504/490
f  821/847/821 952/1001/952 1031/1089/1031
f  572/588/572 1532/1699/1532 1168/1246/1168
f  456/468/456 491/505/491 490/504/490
f  1007/1064/1007 298/308/298 1618/1824/1618
f  496/510/496 499/513/499 819/845/819
f  224/233/224 368/379/368 496/510/496
f  1007/1064/1007 1618/1824/1618 826/852/826
f  553/568/553 1478/1628/1478 1316/1633/1316
f  368/379/368 497/511/497 496/510/496
f  1321/1429/1321 1061/1125/1061 535/550/535
f  967/1017/967 1251/1340/1251 857/885/857
f  737/761/737 739/763/739 799/824/799
f  1391/1516/1391 1123/1197/1123 1459/1607/1459
f  1391/1516/1391 440/452/440 1056/1116/1056
f  1391/1516/1391 1056/1116/1056 1123/1197/1123
f  602/618/602 1227/1313/1227 132/138/132
f  503/517/503 505/519/505 1349/1467/1349
f  1115/1187/1115 738/762/738 737/761/737
f  13/13/13 488/502/488 376/388/376
f  4/4/4 594/610/594 5/5/5
f  516/531/516 889/1359/889 1098/1169/1098
f  1329/1440/1329 1330/1441/1330 888/921/888
f  1500/1655/1500 665/685/665 1455/1603/1455
f  1500/1655/1500 1503/1658/1503 665/685/665
f  343/353/343 616/634/616 1566/1747/1566
f  1503/1658/1503 1544/1726/1544 665/685/665
f  1353/1472/1353 452/464/452 1545/1717/1545
f  1112/1184/1112 512/526/512 515/529/515
f  1533/1700/1533 915/1434/915 386/398/386
f  1267/1361/1267 1108/1180/1108 188/1334/188
f  400/951/400 1636/1850/1636 1406/1540/1406
f  1057/1117/1057 1038/1096/1038 1507/1664/1507
f  1349/1467/1349 115/121/115 923/966/923
f  885/1941/885 1432/1571/1432 1461/1942/1461
f  1552/1729/1552 1546/1728/1546 1065/1129/1065
f  1337/1448/1337 194/201/194 1314/1421/1314
f  1017/1074/1017 1432/1571/1432 885/1941/885
f  1432/1571/1432 1131/1205/1131 1461/1942/1461
f  218/227/218 1514/1671/1514 1179/1257/1179
f  1345/1458/1345 1343/1456/1343 1565/1744/1565
f  867/895/867 350/361/350 1672/1939/1672
f  1012/1069/1012 1422/1560/1422 106/112/106
f  91/97/91 847/875/847 1143/1218/1143
f  652/672/652 654/674/654 1541/1710/1541
f  92/98/92 603/619/603 131/137/131
f  527/542/527 529/544/529 1268/1362/1268
f  233/242/233 1134/1208/1134 234/243/234
f  1660/1902/1660 1510/1667/1510 525/540/525
f  1660/1902/1660 525/540/525 1262/1355/1262
f  398/410/398 395/407/395 1035/1093/1035
f  1510/1667/1510 63/67/63 525/540/525
f  531/546/531 533/548/533 846/874/846
f  306/316/306 530/545/530 307/317/307
f  758/783/758 1153/1228/1153 530/545/530
f  758/783/758 530/545/530 306/316/306
f  174/180/174 1643/1862/1643 123/129/123
f  1153/1228/1153 389/401/389 530/545/530
f  1609/1811/1609 321/331/321 1608/1810/1608
f  950/1746/950 949/1869/949 1635/1847/1635
f  1017/1074/1017 493/507/493 1432/1571/1432
f  941/989/941 1174/1252/1174 1170/1248/1170
f  1387/1512/1387 1417/1554/1417 1100/1171/1100
f  1322/1430/1322 535/550/535 534/549/534
f  299/309/299 538/553/538 300/310/300
f  173/179/173 1300/1405/1300 17/17/17
f  244/253/244 1648/1875/1648 1204/1284/1204
f  977/1027/977 538/553/538 299/309/299
f  997/1051/997 1275/1371/1275 1467/1616/1467
f  205/212/205 207/214/207 1321/1429/1321
f  966/1016/966 1520/1682/1520 1390/1712/1390
f  966/1016/966 1390/1712/1390 1251/1340/1251
f  918/959/918 1588/1778/1588 919/960/919
f  698/720/698 570/586/570 1531/1698/1531
f  94/100/94 1069/1133/1069 1064/1128/1064
f  36/36/36 1666/1911/1666 203/210/203
f  1299/1404/1299 549/564/549 366/377/366
f  1299/1404/1299 366/377/366 1300/1405/1300
f  1435/1574/1435 1229/1315/1229 1536/1703/1536
f  1523/1686/1523 549/564/549 1299/1404/1299
f  1523/1686/1523 320/330/320 549/564/549
f  601/617/601 1230/1317/1230 155/161/155
f  981/1031/981 1017/1074/1017 885/1941/885
f  1450/1597/1450 14/14/14 225/234/225
f  1627/1834/1627 1392/1713/1392 551/1687/551
f  683/1163/683 1574/1757/1574 1371/1494/1371
f  582/598/582 1092/1162/1092 302/312/302
f  1020/1077/1020 849/877/849 1021/1078/1021
f  1525/1689/1525 557/572/557 559/574/559
f  860/888/860 1510/1667/1510 1660/1902/1660
f  946/995/946 893/926/893 446/458/446
f  546/561/546 557/572/557 1525/1689/1525
f  546/561/546 545/560/545 557/572/557
f  1633/1843/1633 927/970/927 928/971/928
f  1160/1236/1160 846/874/846 90/96/90
f  649/669/649 1454/1602/1454 650/670/650
f  1453/1601/1453 793/818/793 1045/1103/1045
f  1312/1418/1312 1355/1477/1355 968/1018/968
f  1262/1355/1262 1153/1228/1153 795/820/795
f  560/575/560 561/577/561 1224/1310/1224
f  232/241/232 259/268/259 261/270/261
f  423/435/423 422/434/422 386/398/386
f  701/723/701 248/257/248 1578/1762/1578
f  232/241/232 261/270/261 233/242/233
f  1532/1699/1532 1234/1322/1234 566/582/566
f  1532/1699/1532 566/582/566 565/581/565
f  1603/1804/1603 702/1943/702 1629/1836/1629
f  536/551/536 1096/1863/1096 1095/1944/1095
f  1616/1822/1616 1473/1622/1473 1609/1811/1609
f  1603/1804/1603 1629/1836/1629 1628/1835/1628
f  569/585/569 209/216/209 570/586/570
f  1508/1665/1508 568/980/568 623/641/623
f  697/719/697 1234/1322/1234 571/587/571
f  697/719/697 571/587/571 698/720/698
f  1630/1837/1630 1155/1231/1155 1491/1645/1491
f  1555/1732/1555 1168/1246/1168 1167/1245/1167
f  681/701/681 1517/1676/1517 1516/1675/1516
f  380/392/380 1241/1329/1241 381/393/381
f  117/123/117 1298/1403/1298 118/124/118
f  1640/1858/1640 121/127/121 1107/1179/1107
f  664/684/664 1342/1455/1342 411/1583/411
f  195/202/195 265/274/265 1327/1438/1327
f  437/449/437 960/1010/960 579/595/579
f  437/449/437 579/595/579 578/594/578
f  400/412/400 1185/1263/1185 1186/1265/1186
f  1217/1938/1217 1395/1521/1395 477/491/477
f  1190/1568/1190 956/1006/956 955/1005/955
f  1077/1144/1077 845/873/845 392/404/392
f  1634/1844/1634 1660/1902/1660 1262/1355/1262
f  137/143/137 1575/1759/1575 986/1929/986
f  1617/1823/1617 583/599/583 586/602/586
f  1617/1823/1617 586/602/586 436/448/436
f  354/928/354 72/76/72 763/788/763
f  935/981/935 583/599/583 1617/1823/1617
f  583/599/583 1542/1714/1542 584/600/584
f  179/186/179 1105/1177/1105 1662/1904/1662
f  1502/1657/1502 587/603/587 589/605/589
f  1515/1672/1515 911/952/911 171/177/171
f  1079/1146/1079 909/948/909 1591/1782/1591
f  679/1888/679 1598/1794/1598 1397/1524/1397
f  1218/1304/1218 1420/1558/1420 1219/1305/1219
f  1652/1891/1652 872/900/872 260/269/260
f  591/607/591 593/609/593 736/1193/736
f  281/1134/281 1336/1447/1336 1335/1446/1335
f  1004/1061/1004 1003/1060/1003 590/606/590
f  1004/1061/1004 590/606/590 672/692/672
f  824/850/824 1150/1225/1150 825/851/825
f  1003/1060/1003 589/605/589 590/606/590
f  1178/1256/1178 937/984/937 865/893/865
f  429/441/429 1127/1201/1127 427/439/427
f  1187/1266/1187 864/892/864 1178/1256/1178
f  1178/1256/1178 865/893/865 642/660/642
f  874/903/874 592/608/592 591/607/591
f  1546/1718/1546 595/611/595 594/610/594
f  847/875/847 1139/1214/1139 85/91/85
f  1284/1719/1284 596/1890/596 1165/1243/1165
f  303/313/303 1311/1417/1311 1488/1642/1488
f  906/945/906 1632/1842/1632 1282/1379/1282
f  1547/1721/1547 1549/1723/1549 1284/1719/1284
f  653/673/653 759/784/759 654/674/654
f  1065/1129/1065 453/1945/453 1482/1725/1482
f  559/574/559 1312/1418/1312 1529/1694/1529
f  1105/1177/1105 1269/1363/1269 841/869/841
f  1546/1728/1546 453/1945/453 1065/1129/1065
f  731/755/731 1527/1691/1527 1550/1724/1550
f  504/518/504 1209/1292/1209 627/645/627
f  1553/1730/1553 605/621/605 608/624/608
f  1553/1730/1553 608/624/608 1554/1731/1554
f  476/490/476 1466/1614/1466 1497/1652/1497
f  130/136/130 1435/1574/1435 11/11/11
f  1089/1159/1089 765/790/765 1434/1573/1434
f  1143/1218/1143 1137/1212/1137 40/40/40
f  194/201/194 55/57/55 1350/1468/1350
f  609/625/609 610/626/610 1558/1735/1558
f  1279/1375/1279 443/455/443 442/454/442
f  126/132/126 1009/1066/1009 1651/1885/1651
f  1438/1577/1438 1554/1731/1554 608/624/608
f  1438/1577/1438 608/624/608 609/625/609
f  1561/1738/1561 611/627/611 614/630/614
f  1436/1575/1436 1332/1443/1332 402/414/402
f  1314/1421/1314 297/307/297 1504/1660/1504
f  428/440/428 22/22/22 1047/1105/1047
f  611/627/611 606/622/606 612/628/612
f  977/1027/977 299/309/299 1111/1183/1111
f  1480/1630/1480 615/631/615 616/634/616
f  1480/1630/1480 616/634/616 343/353/343
f  731/755/731 998/1052/998 1527/1691/1527
f  1220/1306/1220 1221/1307/1221 1667/1912/1667
f  1116/1188/1116 1124/1198/1124 1056/1116/1056
f  280/1343/280 1267/1361/1267 1266/1360/1266
f  823/849/823 617/635/617 619/637/619
f  823/849/823 619/637/619 1115/1187/1115
f  822/848/822 426/438/426 617/635/617
f  822/848/822 617/635/617 823/849/823
f  1488/1642/1488 1587/1777/1587 1489/1643/1489
f  427/439/427 1034/1431/1034 428/440/428
f  1566/1747/1566 620/638/620 623/641/623
f  1566/1747/1566 623/641/623 1567/1748/1567
f  1588/1778/1588 1582/1767/1582 778/803/778
f  197/204/197 773/798/773 772/797/772
f  1665/1910/1665 237/246/237 1140/1215/1140
f  1588/1778/1588 778/803/778 1296/1401/1296
f  638/656/638 825/851/825 109/115/109
f  1347/1465/1347 1293/1398/1293 1440/1582/1440
f  791/816/791 1569/1752/1569 624/642/624
f  791/816/791 624/642/624 1226/1312/1226
f  1569/1752/1569 936/1751/936 625/643/625
f  1569/1752/1569 625/643/625 624/642/624
f  850/878/850 629/647/629 632/650/632
f  527/542/527 264/273/264 1337/1448/1337
f  1260/1353/1260 431/443/431 1265/1358/1265
f  1571/1754/1571 629/647/629 850/878/850
f  980/1030/980 1359/1481/1359 1632/1842/1632
f  1451/1598/1451 1366/1489/1366 1079/1146/1079
f  1572/1755/1572 636/654/636 637/655/637
f  1021/1078/1021 1659/1901/1659 554/569/554
f  1067/1131/1067 1573/1756/1573 636/654/636
f  1067/1131/1067 636/654/636 1572/1755/1572
f  1573/1756/1573 801/826/801 636/654/636
f  1336/1447/1336 262/271/262 1334/1445/1334
f  1031/1089/1031 75/79/75 74/78/74
f  1031/1089/1031 74/78/74 1626/1833/1626
f  952/1001/952 801/826/801 75/79/75
f  952/1001/952 75/79/75 1031/1089/1031
f  887/1285/887 1199/1278/1199 330/340/330
f  136/142/136 881/913/881 628/646/628
f  1576/1760/1576 1668/1913/1668 1353/1472/1353
f  1133/1207/1133 1252/1341/1252 1134/1208/1134
f  139/145/139 415/427/415 1668/1913/1668
f  139/145/139 1668/1913/1668 1576/1760/1576
f  415/427/415 924/967/924 1668/1913/1668
f  247/256/247 503/517/503 1349/1467/1349
f  248/257/248 240/249/240 242/251/242
f  248/257/248 242/251/242 1578/1762/1578
f  1495/1650/1495 1509/1666/1509 1567/1748/1567
f  430/442/430 990/1044/990 1222/1308/1222
f  1378/1501/1378 1377/1500/1377 1000/1367/1000
f  193/200/193 1265/1358/1265 1176/1254/1176
f  1072/1138/1072 1213/1297/1213 316/326/316
f  802/827/802 782/807/782 781/806/781
f  1440/1582/1440 1637/1852/1637 786/811/786
f  1072/1138/1072 316/326/316 1333/1444/1333
f  320/330/320 1467/1616/1467 1161/1237/1161
f  989/1042/989 990/1044/990 430/442/430
f  833/860/833 711/733/711 713/736/713
f  1620/1827/1620 779/804/779 1654/1894/1654
f  1399/1530/1399 839/867/839 1444/1590/1444
f  777/802/777 779/804/779 1620/1827/1620
f  1641/1859/1641 1642/1860/1642 1022/1079/1022
f  15/15/15 1450/1597/1450 1524/1688/1524
f  900/936/900 1651/1885/1651 1011/1068/1011
f  192/1673/192 170/176/170 279/1342/279
f  1592/1783/1592 118/124/118 1106/1178/1106
f  1667/1912/1667 1401/1532/1401 1568/1750/1568
f  1311/1417/1311 1091/1161/1091 1582/1767/1582
f  1311/1417/1311 1582/1767/1582 1587/1777/1587
f  1297/1402/1297 658/678/658 660/680/660
f  819/845/819 820/846/820 1477/1627/1477
f  1315/1422/1315 1305/1410/1305 1607/1809/1607
f  223/232/223 489/503/489 221/230/221
f  1297/1402/1297 777/802/777 658/678/658
f  656/676/656 399/411/399 1186/1265/1186
f  942/990/942 1041/1099/1041 940/988/940
f  1002/1059/1002 345/355/345 1378/1636/1378
f  1094/1165/1094 1319/1427/1319 661/681/661
f  1094/1165/1094 661/681/661 1574/1757/1574
f  567/1549/567 681/701/681 1542/1714/1542
f  1319/1427/1319 660/680/660 661/681/661
f  1647/1872/1647 1347/1465/1347 1440/1582/1440
f  414/426/414 1656/1896/1656 922/965/922
f  1028/1086/1028 1539/1707/1539 555/570/555
f  356/367/356 259/268/259 232/241/232
f  1585/1775/1585 1574/1757/1574 661/681/661
f  147/153/147 1394/1520/1394 148/154/148
f  493/507/493 1017/1074/1017 1490/1644/1490
f  1489/1643/1489 1588/1778/1588 918/959/918
f  1667/1912/1667 334/344/334 1220/1306/1220
f  1054/1114/1054 1444/1590/1444 839/867/839
f  1022/1079/1022 1602/1846/1602 407/419/407
f  1667/1912/1667 332/342/332 334/344/334
f  1470/1619/1470 1445/1591/1445 1468/1617/1468
f  676/696/676 678/698/678 1093/1164/1093
f  1555/1732/1555 1304/1409/1304 1168/1246/1168
f  1470/1619/1470 1468/1617/1468 996/1050/996
f  573/589/573 926/969/926 574/590/574
f  919/960/919 677/697/677 676/696/676
f  474/488/474 473/487/473 683/703/683
f  474/488/474 683/703/683 1371/1639/1371
f  441/453/441 440/452/440 1391/1516/1391
f  847/875/847 85/91/85 1136/1211/1136
f  1368/1491/1368 375/1388/375 1369/1492/1369
f  224/233/224 496/510/496 1116/1188/1116
f  1210/1294/1210 1495/1650/1495 1564/1743/1564
f  1416/1553/1416 1109/1181/1109 1108/1180/1108
f  1505/1662/1505 404/416/404 1358/1480/1358
f  896/931/896 577/593/577 894/929/894
f  1072/1138/1072 755/780/755 1196/1275/1196
f  1158/1234/1158 1088/1158/1088 1231/1318/1231
f  555/570/555 1410/1544/1410 752/776/752
f  167/173/167 169/175/169 988/1041/988
f  1382/1507/1382 325/335/325 324/334/324
f  1254/1346/1254 1255/1347/1255 1404/1537/1404
f  639/657/639 1173/1251/1173 1162/1238/1162
f  1006/1063/1006 1005/1062/1005 345/355/345
f  1190/1269/1190 955/1849/955 1191/1270/1191
f  92/98/92 131/137/131 8/8/8
f  984/1036/984 137/143/137 986/1929/986
f  1339/1452/1339 685/1781/685 1594/1785/1594
f  1583/1771/1583 1633/1843/1633 1671/1937/1671
f  1593/1784/1593 691/711/691 336/346/336
f  1597/1790/1597 694/714/694 695/717/695
f  1597/1790/1597 695/717/695 1585/1775/1585
f  813/839/813 1402/1535/1402 1496/1651/1496
f  973/1023/973 1178/1256/1178 641/659/641
f  981/1031/981 885/1941/885 809/1893/809
f  149/1350/149 1259/1352/1259 1429/1567/1429
f  568/980/568 567/1549/567 1542/1714/1542
f  151/157/151 601/617/601 603/619/603
f  1305/1410/1305 732/756/732 1306/1411/1306
f  478/492/478 1428/1887/1428 479/493/479
f  1274/1370/1274 1183/1261/1183 1182/1260/1182
f  1598/1794/1598 697/719/697 696/718/696
f  1558/1735/1558 610/626/610 629/647/629
f  465/477/465 295/305/295 466/478/466
f  534/549/534 536/551/536 1095/1944/1095
f  1353/1472/1353 1545/1717/1545 1576/1760/1576
f  347/358/347 843/871/843 1619/1825/1619
f  534/549/534 1095/1944/1095 1512/1669/1512
f  675/695/675 635/653/635 702/724/702
f  675/695/675 702/724/702 1603/1848/1603
f  6/1838/6 1549/1840/1549 1016/1073/1016
f  979/1029/979 311/321/311 1188/1267/1188
f  1086/1155/1086 340/350/340 341/351/341
f  634/652/634 701/723/701 635/653/635
f  1526/1690/1526 559/574/559 1529/1694/1529
f  818/1484/818 1384/1509/1384 1362/1485/1362
f  1049/1109/1049 1465/1613/1465 708/730/708
f  1484/1637/1484 1622/1829/1622 1541/1710/1541
f  1465/1613/1465 1426/1564/1426 709/731/709
f  1465/1613/1465 709/731/709 708/730/708
f  679/1888/679 567/583/567 566/582/566
f  494/508/494 1490/1644/1490 655/675/655
f  1050/1110/1050 73/77/73 1294/1399/1294
f  1493/1647/1493 247/256/247 246/255/246
f  278/288/278 1266/1450/1266 1670/1922/1670
f  381/393/381 712/734/712 711/733/711
f  323/333/323 717/740/717 286/296/286
f  1650/1884/1650 931/974/931 1570/1753/1570
f  414/426/414 138/144/138 984/1036/984
f  322/332/322 717/740/717 323/333/323
f  322/332/322 1464/1612/1464 717/740/717
f  714/737/714 716/739/716 56/58/56
f  835/863/835 1426/1564/1426 718/741/718
f  1239/1327/1239 754/779/754 945/994/945
f  1608/1810/1608 321/331/321 1612/1814/1612
f  1314/1421/1314 1504/1660/1504 1337/1448/1337
f  1487/1786/1487 472/486/472 1595/1787/1595
f  719/742/719 720/744/720 1664/1907/1664
f  646/665/646 80/84/80 647/666/647
f  106/112/106 1422/1560/1422 1423/1561/1423
f  354/365/354 353/364/353 1583/1771/1583
f  1309/1414/1309 762/787/762 1018/1075/1018
f  1046/1104/1046 1348/1466/1348 724/748/724
f  1046/1104/1046 724/748/724 723/747/723
f  239/248/239 238/247/238 1313/1419/1313
f  164/170/164 1007/1064/1007 826/852/826
f  316/326/316 751/775/751 727/751/727
f  316/326/316 727/751/727 317/327/317
f  880/1758/880 1081/1149/1081 102/108/102
f  751/775/751 728/752/728 727/751/727
f  429/441/429 428/440/428 1047/1105/1047
f  1063/1127/1063 729/753/729 1292/1397/1292
f  1114/1186/1114 1464/1612/1464 1063/1127/1063
f  429/441/429 1047/1105/1047 1103/1175/1103
f  1585/1775/1585 661/681/661 1373/1496/1373
f  1387/1512/1387 1389/1514/1389 1219/1305/1219
f  1023/1080/1023 1025/1082/1025 1648/1875/1648
f  1637/1852/1637 729/753/729 787/812/787
f  1637/1852/1637 1292/1397/1292 729/753/729
f  558/573/558 1085/1154/1085 1312/1418/1312
f  1607/1809/1607 1307/1412/1307 1521/1683/1521
f  1651/1885/1651 1009/1066/1009 1011/1068/1011
f  1606/1808/1606 1555/1732/1555 1559/1736/1559
f  788/813/788 753/777/753 346/356/346
f  1609/1811/1609 1473/1622/1473 321/331/321
f  346/356/346 185/778/185 184/357/184
f  486/500/486 1154/1230/1154 741/765/741
f  486/500/486 741/765/741 487/501/487
f  409/421/409 1332/1443/1332 1436/1575/1436
f  743/767/743 742/766/742 1609/1811/1609
f  351/362/351 1111/1183/1111 352/363/352
f  978/1028/978 537/552/537 1367/1490/1367
f  1611/1813/1611 1200/1280/1200 744/768/744
f  1611/1813/1611 744/768/744 743/767/743
f  1605/1807/1605 748/772/748 751/775/751
f  1605/1807/1605 751/775/751 1213/1297/1213
f  988/1041/988 987/1040/987 167/173/167
f  1604/1806/1604 748/772/748 1605/1807/1605
f  1604/1806/1604 712/1818/712 749/773/749
f  1604/1806/1604 749/773/749 748/772/748
f  361/1772/361 1671/1937/1671 1414/1548/1414
f  1505/1662/1505 1358/1480/1358 657/677/657
f  788/813/788 728/752/728 753/777/753
f  963/1013/963 383/395/383 1424/1562/1424
f  246/255/246 248/257/248 701/723/701
f  728/752/728 750/774/750 753/777/753
f  760/785/760 653/673/653 755/780/755
f  562/578/562 1018/1075/1018 563/579/563
f  1535/1702/1535 1615/1821/1615 754/779/754
f  1433/1857/1433 1144/1219/1144 66/70/66
f  829/1946/829 674/694/674 673/693/673
f  1615/1821/1615 755/780/755 754/779/754
f  131/137/131 603/619/603 132/138/132
f  1110/1182/1110 1242/1330/1242 1407/1541/1407
f  1022/1079/1022 407/419/407 227/236/227
f  836/864/836 718/741/718 1059/1119/1059
f  826/852/826 1359/1481/1359 827/853/827
f  1356/1478/1356 1152/1227/1152 339/349/339
f  1295/1400/1295 761/786/761 763/788/763
f  1295/1400/1295 763/788/763 722/746/722
f  886/918/886 1403/1536/1403 1402/1535/1402
f  1252/1341/1252 761/786/761 1295/1400/1295
f  761/786/761 1233/1321/1233 762/787/762
f  1577/1761/1577 1469/1618/1469 1471/1620/1471
f  637/655/637 1132/1206/1132 1166/1244/1166
f  1442/1586/1442 764/789/764 1309/1414/1309
f  1596/1788/1596 1273/1369/1273 1339/1452/1339
f  1384/1509/1384 764/789/764 1442/1586/1442
f  1102/1174/1102 1657/1898/1657 1202/1282/1202
f  1384/1509/1384 509/523/509 764/789/764
f  621/1914/621 613/629/613 1557/1734/1557
f  898/933/898 1472/1621/1472 899/934/899
f  72/76/72 722/746/722 763/788/763
f  146/152/146 1590/1780/1590 143/149/143
f  159/165/159 848/1826/848 1020/1594/1020
f  1290/1395/1290 182/920/182 181/1930/181
f  873/901/873 771/796/771 774/799/774
f  873/901/873 774/799/774 1133/1207/1133
f  1528/1693/1528 1009/1066/1009 126/132/126
f  872/900/872 771/796/771 873/901/873
f  771/796/771 781/806/781 772/797/772
f  1455/1603/1455 504/518/504 503/517/503
f  451/463/451 775/800/775 773/798/773
f  451/463/451 773/798/773 197/204/197
f  563/579/563 1233/1321/1233 775/800/775
f  563/579/563 775/800/775 451/463/451
f  1006/1063/1006 1647/1872/1647 1440/1582/1440
f  1233/1321/1233 776/801/776 775/800/775
f  1622/1829/1622 780/805/780 783/808/783
f  1622/1829/1622 783/808/783 1456/1604/1456
f  25/25/25 24/24/24 1666/1911/1666
f  1484/1637/1484 780/805/780 1622/1829/1622
f  1312/1418/1312 1483/1635/1483 1355/1477/1355
f  25/25/25 1666/1911/1666 832/859/832
f  1636/1850/1636 910/950/910 1446/1592/1446
f  784/809/784 419/431/419 418/430/418
f  344/354/344 343/353/343 1566/1747/1566
f  231/240/231 230/239/230 1318/1426/1318
f  1180/1258/1180 1624/1831/1624 785/810/785
f  1180/1258/1180 785/810/785 784/809/784
f  1362/1485/1362 792/817/792 794/819/794
f  1612/1814/1612 743/767/743 1608/1810/1608
f  1586/1776/1586 1348/1466/1348 792/817/792
f  1586/1776/1586 792/817/792 1362/1485/1362
f  13/13/13 1563/1742/1563 367/378/367
f  20/20/20 1511/1668/1511 21/21/21
f  910/950/910 1345/1458/1345 1565/1744/1565
f  1075/1141/1075 1071/1136/1071 1070/1135/1070
f  1643/1862/1643 871/899/871 123/129/123
f  552/567/552 1125/1199/1125 1478/1628/1478
f  117/123/117 129/135/129 1657/1898/1657
f  570/586/570 209/216/209 581/597/581
f  542/557/542 721/745/721 71/75/71
f  1433/1857/1433 66/70/66 61/65/61
f  84/90/84 81/89/81 646/1142/646
f  234/243/234 721/745/721 542/557/542
f  234/243/234 1134/1208/1134 721/745/721
f  799/824/799 801/826/801 952/1001/952
f  798/823/798 964/1014/964 796/821/796
f  934/979/934 101/107/101 532/547/532
f  1625/1832/1625 1629/1836/1629 1652/1891/1652
f  1625/1832/1625 1652/1891/1652 260/269/260
f  916/1879/916 915/1434/915 1533/1700/1533
f  1629/1836/1629 802/827/802 1652/1891/1652
f  626/1739/626 625/1851/625 1543/1715/1543
f  148/154/148 1258/1551/1258 149/155/149
f  1413/1547/1413 220/229/220 805/1934/805
f  626/1739/626 1543/1715/1543 1560/1737/1560
f  220/229/220 673/1769/673 806/1947/806
f  220/229/220 806/1947/806 805/1934/805
f  1665/1910/1665 1248/1337/1248 1250/1339/1250
f  30/1649/30 515/529/515 1503/1928/1503
f  1016/1073/1016 1549/1840/1549 808/834/808
f  920/961/920 1589/1779/1589 682/1917/682
f  146/152/146 36/36/36 1590/1780/1590
f  31/31/31 649/669/649 651/671/651
f  1631/1841/1631 811/837/811 814/840/814
f  1631/1841/1631 814/840/814 971/1021/971
f  1664/1907/1664 720/744/720 811/837/811
f  1664/1907/1664 811/837/811 1631/1841/1631
f  252/261/252 839/867/839 1498/1653/1498
f  720/744/720 812/838/812 811/837/811
f  1663/1906/1663 1028/1086/1028 178/1085/178
f  113/119/113 112/118/112 1113/1185/1113
f  885/917/885 1461/1609/1461 886/918/886
f  132/138/132 1227/1313/1227 1435/1574/1435
f  1030/1088/1030 1513/1670/1513 816/842/816
f  1030/1088/1030 816/842/816 815/841/815
f  821/847/821 823/849/823 951/1000/951
f  1443/1589/1443 1399/1530/1399 1444/1590/1444
f  868/896/868 93/99/93 869/897/869
f  985/1037/985 831/858/831 830/857/830
f  927/970/927 1634/1844/1634 1649/1878/1649
f  217/226/217 1383/1674/1383 1076/1476/1076
f  138/144/138 415/427/415 139/145/139
f  946/995/946 544/559/544 893/926/893
f  1671/1937/1671 928/971/928 1412/1546/1412
f  1671/1937/1671 1412/1546/1412 1414/1548/1414
f  928/971/928 757/782/757 305/315/305
f  928/971/928 305/315/305 1412/1546/1412
f  1244/1332/1244 828/854/828 829/856/829
f  1244/1332/1244 829/856/829 965/1015/965
f  1244/1332/1244 1243/1331/1243 828/854/828
f  99/105/99 1074/1140/1074 1073/1139/1073
f  1243/1331/1243 29/1600/29 674/855/674
f  1243/1331/1243 674/855/674 828/854/828
f  1410/1544/1410 833/860/833 506/861/506
f  1410/1544/1410 506/861/506 752/776/752
f  1271/1365/1271 803/829/803 804/830/804
f  1411/1545/1411 833/860/833 1410/1544/1410
f  297/307/297 296/306/296 1504/1660/1504
f  501/515/501 35/35/35 502/516/502
f  1584/1793/1584 1598/1794/1598 696/718/696
f  796/1289/796 1207/1288/1207 797/1708/797
f  1280/1376/1280 508/522/508 834/862/834
f  895/930/895 894/929/894 1653/1892/1653
f  508/522/508 507/521/507 835/863/835
f  508/522/508 835/863/835 834/862/834
f  1468/1617/1468 1444/1590/1444 1054/1114/1054
f  948/997/948 950/999/950 1405/1538/1405
f  1272/1464/1272 848/1826/848 843/871/843
f  1272/1464/1272 843/871/843 1291/1396/1291
f  1408/1542/1408 779/804/779 1092/1162/1092
f  122/128/122 174/180/174 123/129/123
f  169/175/169 1664/1907/1664 1631/1841/1631
f  1291/1396/1291 843/871/843 1292/1397/1292
f  305/315/305 1325/1436/1325 1412/1546/1412
f  640/658/640 1525/1689/1525 1526/1690/1526
f  1269/1363/1269 1114/1186/1114 842/870/842
f  1269/1363/1269 842/870/842 841/869/841
f  1656/1896/1656 1655/1921/1655 853/881/853
f  827/853/827 1600/1801/1600 1157/1233/1157
f  702/1943/702 1579/1805/1579 1629/1836/1629
f  1655/1921/1655 1518/1796/1518 853/881/853
f  14/14/14 367/378/367 224/233/224
f  147/153/147 149/155/149 1428/1887/1428
f  179/186/179 1662/1904/1662 180/187/180
f  979/1029/979 1188/1267/1188 980/1030/980
f  1527/1691/1527 914/1054/914 1476/1626/1476
f  1066/1130/1066 1294/1399/1294 1573/1756/1573
f  1595/1787/1595 474/488/474 1485/1638/1485
f  90/96/90 847/875/847 91/97/91
f  677/697/677 660/680/660 678/698/678
f  1645/1866/1645 1658/1900/1658 1228/1314/1228
f  34/1264/34 33/944/33 656/676/656
f  1134/1208/1134 1295/1400/1295 721/745/721
f  1548/1722/1548 3/3/3 2/2/2
f  1528/1693/1528 1270/1871/1270 1009/1066/1009
f  408/420/408 413/425/413 409/421/409
f  1382/1507/1382 324/334/324 1352/1882/1352
f  816/1035/816 1655/1921/1655 984/1036/984
f  354/365/354 1583/1771/1583 70/1770/70
f  105/111/105 64/68/64 63/67/63
f  901/937/901 856/884/856 855/883/855
f  484/498/484 861/889/861 864/892/864
f  398/410/398 1035/1093/1035 1669/1916/1669
f  525/540/525 526/541/526 1153/1228/1153
f  181/188/181 183/190/183 1285/1383/1285
f  861/889/861 1087/1156/1087 862/890/862
f  575/591/575 878/909/878 985/1037/985
f  642/660/642 865/893/865 867/895/867
f  642/660/642 867/895/867 1672/1939/1672
f  922/965/922 1349/1467/1349 923/966/923
f  701/723/701 1578/1762/1578 702/724/702
f  225/234/225 1058/1118/1058 1452/1599/1452
f  1119/1191/1119 1172/1250/1172 1171/1249/1171
f  1522/1684/1522 417/429/417 482/496/482
f  1365/1488/1365 153/159/153 152/158/152
f  1307/1412/1307 1306/1411/1306 417/429/417
f  1307/1412/1307 417/429/417 1522/1684/1522
f  1494/1648/1494 503/517/503 247/256/247
f  1656/1896/1656 853/881/853 922/965/922
f  12/12/12 1536/1703/1536 1277/1378/1277
f  12/12/12 11/11/11 1536/1703/1536
f  11/11/11 1435/1574/1435 1536/1703/1536
f  652/672/652 1456/1604/1456 944/993/944
f  825/851/825 1151/1226/1151 766/791/766
f  1339/1452/1339 1594/1785/1594 1596/1788/1596
f  987/1040/987 1614/1819/1614 167/173/167
f  598/614/598 636/654/636 800/825/800
f  113/119/113 1113/1185/1113 1310/1416/1310
f  1066/1130/1066 1573/1756/1573 1067/1131/1067
f  1271/1365/1271 804/830/804 1326/1437/1326
f  643/661/643 642/660/642 1672/1939/1672
f  253/262/253 1008/1065/1008 460/472/460
f  253/262/253 365/376/365 1008/1065/1008
f  93/99/93 868/896/868 1068/1132/1068
f  93/99/93 1068/1132/1068 94/100/94
f  876/906/876 560/908/560 1641/1859/1641
f  560/908/560 1642/1860/1642 1641/1859/1641
f  560/575/560 790/815/790 1642/1861/1642
f  564/580/564 784/809/784 562/578/562
f  122/128/122 21/21/21 175/181/175
f  879/910/879 878/909/878 896/931/896
f  1506/1663/1506 1407/1541/1407 856/884/856
f  1176/1254/1176 1265/1358/1265 1177/1255/1177
f  1219/1305/1219 1417/1554/1417 1387/1512/1387
f  707/729/707 2/2/2 1/1/1
f  931/974/931 930/973/930 1570/1753/1570
f  637/655/637 1166/1244/1166 1165/1243/1165

