# File produced by Open Asset Import Library (http://www.assimp.sf.net)
# (assimp v5.3.0)

mtllib mobile_ready_zombie.mtl

# 985 vertex positions
v -6.02988291 159.204025 2.7201159
v -6.84558964 158.208115 2.65049958
v -7.08946228 159.282516 2.42489076
v -5.86529922 157.339493 3.94600677
v -6.06893158 158.134537 4.11403084
v -7.04678774 158.340393 3.22788477
v -7.50985718 160.417313 2.10448599
v -7.49451113 162.555969 3.23083806
v -6.65990353 162.12532 4.2744894
v -6.78587294 162.483307 2.34777522
v -8.03522587 162.187378 2.53082347
v -7.67281866 160.371979 2.47045422
v -7.35984468 159.331253 2.86917734
v -6.55143976 159.730164 4.02390814
v -7.79270887 162.135941 2.20922017
v 6.60060453 159.204025 0.436507404
v 7.48972797 159.282516 -0.211045563
v 7.34029293 158.208115 0.0856739208
v 6.87569332 157.339493 1.64241874
v 7.7309289 158.340393 0.556054711
v 7.12526894 158.134537 1.72850251
v 7.77131653 160.417313 -0.65836978
v 8.15134144 162.555954 0.402047902
v 7.17835569 162.483307 -0.176975206
v 7.73501301 162.12532 1.67187035
v 8.41271114 162.187378 -0.442984641
v 8.05210781 160.371979 -0.372632474
v 7.54567289 159.730148 1.47513175
v 7.89856291 159.331253 0.110437691
v 8.0729351 162.135941 -0.659308434
v -8.6006403 128.945724 -7.95103216
v -13.5240479 122.722397 -5.28526354
v -14.4544983 131.156281 -5.69553852
v -34.2068481 122.852417 2.92354274
v -27.4429054 126.156082 1.42821479
v -27.4855881 125.294968 4.06696844
v -34.31464 121.967957 5.87304735
v -41.4829597 127.551315 6.59839153
v -38.205883 128.592819 5.16847944
v -42.106102 127.01825 4.22953653
v -17.6200905 127.923439 4.81893206
v -19.5529308 127.405251 0.449470043
v -18.8324089 126.378632 -0.0621082298
v -10.3402491 106.120132 1.61109567
v -11.8032694 110.241974 8.39940166
v -10.4614697 109.380699 0.243773282
v -7.28937531 105.443039 -1.48229551
v -6.42934132 99.6800537 -2.2487216
v -8.34410954 101.017296 -0.901235402
v -59.9483376 114.9991 26.7192173
v -57.171463 117.462387 22.3594456
v -64.6204529 113.335648 26.4933128
v -4.21943521 153.562607 7.52142477
v -3.94445157 152.022217 6.28878641
v -0.401350915 79.5105209 0.693876266
v 0.701557577 82.8462753 11.6255608
v 0.275531977 79.67659 11.4342632
v -63.4897385 113.447891 28.8140659
v -6.4187851 170.495682 1.1384244
v -5.11426258 168.712311 -2.02866149
v -7.10327244 167.637161 0.177337945
v -63.8094177 110.209534 26.6327152
v -59.6095047 112.469398 27.1149883
v -62.6399384 111.165787 28.7390938
v 0.127803713 164.521591 11.4827833
v -1.89115942 164.752762 11.3148613
v -0.348468393 163.980331 11.5600433
v -5.16449213 161.173431 7.75766182
v -15.1954098 3.7923677 14.307457
v -13.4528961 2.81799436 18.5053158
v -11.2595825 5.43837166 13.7744408
v -17.1791725 0.126796633 12.7676907
v -13.4208488 0.126796961 19.5774136
v -15.6426945 0.126796976 20.4095364
v -2.16312909 143.830002 7.298841
v -6.33836746 141.071121 8.39986134
v -1.04681349 140.719299 8.87834549
v -6.29121208 133.106491 13.1714554
v -10.4133129 125.384628 12.2893791
v -4.65913582 123.426392 14.4355087
v 2.0240891 99.5491943 11.1951036
v -0.925471544 88.8981552 12.8173819
v 2.1756537 86.408287 12.0333977
v -12.3374367 50.8310738 -0.885426581
v -17.1408501 36.3684235 -0.361019969
v -15.5419655 48.5988617 1.45794737
v -13.8002195 137.456589 -5.22068262
v -18.1827335 132.659988 -2.79094124
v -16.8651638 141.841965 -1.04632056
v -2.92390227 156.720093 8.86832142
v -4.85003233 157.811661 8.06993198
v 0.598162949 160.541672 12.1719284
v 1.41616869 159.620056 13.7090969
v 1.61171019 161.225769 12.7703819
v 2.54857612 159.665482 14.0960064
v 2.33521533 160.884064 12.9159222
v -56.6479912 111.890961 23.5091801
v 0.999428213 163.426514 11.6112165
v 0.704297841 162.364716 11.4229975
v -5.06742144 164.047455 7.9275465
v -3.34211278 164.315811 10.3084211
v -4.05170965 167.353271 9.92582893
v -6.96793079 166.712814 3.05770779
v -5.56340647 171.670395 4.16424561
v -14.7320709 10.4806404 4.80792904
v -16.3914967 9.76212597 1.93299091
v -16.4802513 4.07813692 2.9663403
v -14.6736784 6.20810127 8.34935379
v -7.10972452 109.394753 -2.66988015
v -11.8046875 113.112656 -0.44975099
v -8.39255428 117.069138 -6.11792231
v 2.04192185 83.238266 11.2937355
v -70.5503845 105.355469 30.3394737
v -71.3739853 105.497429 29.268322
v -69.6189194 107.661034 27.6160316
v -68.8375244 107.989777 29.2854996
v -1.503636 150.978546 9.3337574
v -1.41363025 151.786575 10.8045845
v -2.85227847 152.939804 8.71986675
v -2.81967902 151.468399 8.22514629
v -42.1830177 119.713036 11.0498238
v -43.3571587 123.110245 12.2082119
v -53.9103394 116.16011 21.2014523
v -56.2284927 114.132629 16.4808216
v -57.3704147 114.412796 15.6345778
v -43.321476 117.155159 5.00891542
v -5.45672894 120.636955 14.5485296
v 2.32386422 119.070747 12.8531408
v -15.7216177 122.394058 0.201587662
v -56.7536736 111.932861 26.0522461
v -56.8252792 111.619247 27.7800064
v -58.9439621 112.285164 27.6724949
v -54.7898712 113.859245 25.8558464
v -55.6694603 112.284401 28.0778065
v -71.9075012 105.438492 29.69771
v -70.3270874 108.639572 27.7053833
v -17.1718159 2.52792645 8.79922199
v 0.0594272763 151.332108 12.1983671
v -0.906541705 150.528656 9.90103722
v 1.7313751 150.477615 9.57612228
v 2.22902822 151.12468 12.3286085
v -7.99898672 4.99965 12.4447546
v -5.90401936 3.14144945 20.2562809
v -6.76284409 2.09528708 12.484642
v -1.24850392 68.3343811 3.35562944
v -3.20001721 62.6932564 2.27055216
v -5.72836065 63.6041107 -1.1319958
v -6.48962975 74.3965302 -2.36320281
v -4.00109768 150.922256 4.54627657
v -2.23373628 150.352859 6.4465723
v -17.2174149 2.01456213 13.5040665
v -15.3692055 131.952866 7.60396385
v -13.4309549 128.540344 9.66127968
v -10.0672655 132.965881 10.2389784
v -7.32095289 143.324356 -5.6081295
v -68.672142 110.162712 25.4293537
v -67.6855087 109.373283 25.0536728
v -67.1075134 109.36731 24.8480835
v -67.9219437 110.669121 24.9855442
v -68.2973557 108.964966 23.1942101
v -69.4596939 109.868324 23.52211
v -68.7704086 110.440384 23.1084023
v -67.7700882 108.853638 22.9433975
v -56.0830002 113.486061 19.6929455
v -55.1106186 115.206352 23.4445934
v -57.7075462 114.021538 27.5931454
v -57.1972389 115.244255 26.3884678
v -57.2448921 116.362679 25.2495785
v -0.315626621 154.601562 12.3666582
v -1.21177435 155.006058 11.6713381
v -0.853257895 153.196808 11.6599598
v -4.19133043 162.814743 9.22387981
v -2.64052367 163.888763 10.2725105
v -4.26548433 163.074677 9.38894653
v -2.86620116 161.62529 10.0436287
v -3.64513564 160.982269 9.95617104
v -2.3533144 160.852631 10.6554613
v -1.94504952 161.428635 10.4440928
v -64.9746094 109.576141 23.981575
v -65.8476562 112.983467 23.8473186
v -5.65396309 155.921082 2.65667343
v 1.53998017 156.411453 12.8777924
v 0.80850184 156.263962 12.5784149
v 2.30396605 156.461533 12.743084
v -0.141244426 155.524673 12.479682
v -0.205377117 155.200424 12.4758205
v 0.133870333 157.531006 12.7449064
v 0.349485368 158.694122 12.4775476
v -15.6854296 2.2167592 19.3334618
v 1.32607949 158.568604 13.7080708
v 1.31604266 157.612915 12.9331293
v -1.69732428 163.410538 10.6817093
v 3.98179865 170.599365 9.96291542
v 4.12650156 168.033356 10.6857309
v 6.01116467 168.350601 9.82384682
v 5.94260073 170.183701 9.03451824
v -0.241139188 170.599365 10.7264271
v -2.0658958 172.131378 9.49268246
v -2.39206505 170.068222 10.5889568
v -6.9166441 0.126797155 23.1624737
v -5.16268158 0.126797155 22.8618641
v -5.46337318 2.44522047 22.1987667
v -7.28942966 2.64843655 22.682909
v -4.3353734 160.267776 8.63111496
v -2.12333894 159.573181 10.8635855
v -31.5715141 132.673721 3.90143323
v -31.9016132 132.559555 0.913833618
v -38.0514145 128.095612 2.19254994
v -0.915243208 161.04837 11.586772
v -1.01644516 160.068649 11.8396235
v -0.141942218 162.256989 10.9236279
v -0.989033401 161.616486 10.6955309
v -3.41284752 162.936508 9.5568285
v -59.2447433 117.402184 18.6531258
v -66.575119 112.486145 21.6286144
v -3.75377226 59.0627327 9.26704693
v -3.72755122 58.6040382 2.9432435
v -2.99248695 63.4642906 10.8900576
v -4.38932848 144.401703 4.70402622
v -7.08863497 145.19014 1.823318
v -2.01218724 155.848633 10.4442759
v -5.0527482 149.800171 2.00049376
v -3.33424187 147.781067 4.18279648
v -0.192588702 81.403801 -1.06519544
v -5.21271276 90.287117 12.9953184
v -4.72626352 85.5054092 13.3509245
v -3.22519755 162.887146 9.28433132
v -2.69826293 161.610596 9.77351665
v -2.48115873 163.814514 10.0108118
v -0.62770313 162.772812 10.5718784
v -0.852444828 161.579208 10.4769011
v -0.00159580493 162.204636 10.7472076
v -0.554332078 132.888977 12.8868513
v -0.276300669 123.050896 13.8486061
v 2.45733356 126.124512 13.5913496
v -0.351000309 122.15921 13.1640015
v 2.23002601 119.265495 12.3341274
v 2.3678143 122.585152 13.0962248
v 2.11207342 133.027725 11.6817389
v -0.300772667 122.145508 13.7676201
v -14.1599855 2.20772552 20.3828487
v -15.6138086 1.70972431 21.0210533
v -14.0638256 0.12679702 21.2814503
v -8.21506977 3.26795268 18.9838486
v -5.32678413 0.12679711 21.6955318
v -7.86204624 0.12679702 20.1804676
v -19.4034519 130.621964 7.76127434
v -20.3991241 126.859703 4.29235268
v -13.0761003 0.12679702 21.2113686
v -10.3544979 0.126797035 20.8524132
v -10.8588295 0.12679708 22.1552467
v 1.05142057 157.034332 12.8699875
v 1.61738324 155.438278 13.0527267
v 0.866529465 154.535355 13.1626062
v 2.35965824 154.32695 13.0511141
v 0.655681014 155.476959 12.9459267
v 0.904646397 155.455109 13.136466
v 0.955774069 155.315979 12.9351358
v 0.589348674 155.355423 12.5550594
v 0.240509003 156.493301 12.7117586
v 0.530544519 156.788834 12.7700624
v 0.322204679 155.680023 12.6832619
v -14.4100819 75.2866898 1.04230475
v -15.0355558 67.2411804 1.08898735
v -15.2885103 69.1312485 7.95093155
v -15.1531935 74.5003662 7.84473801
v 2.34357572 155.428207 12.962163
v 2.18833613 155.957428 12.9680214
v 1.98444057 155.522583 13.0067739
v 1.25096083 155.532349 13.0976801
v 1.04293668 156.021622 13.1255255
v 1.39928174 155.961975 13.0776215
v 1.75560057 155.869827 13.0297241
v 2.32911873 154.910797 12.8822021
v 1.15633905 156.365143 12.8901148
v 0.748572588 156.309753 12.8118877
v 0.951491833 155.959686 12.7944555
v 1.38611054 155.827087 12.8038025
v 1.94067347 156.464203 12.9204054
v 1.78330934 155.863235 12.8425112
v 2.34285951 156.511047 12.9582014
v 2.13000631 155.919754 12.881444
v 0.775693774 156.037964 13.0444031
v 2.31683803 152.252167 12.8142786
v 0.722890019 152.522797 12.7191172
v -13.5089693 114.334526 7.07067394
v -9.67793465 113.424149 12.4293547
v -11.0914268 120.688126 13.0468779
v -15.4801054 122.553185 5.35399389
v 0.36472401 155.649368 12.3424454
v -10.392293 3.37205815 19.8333797
v -10.9225817 2.80389881 21.4002991
v -1.52076852 147.337082 6.18567276
v 1.19680202 144.229767 6.6194334
v 1.04178667 147.387894 5.76205444
v -1.55669522 163.328354 10.4511156
v -0.767804205 162.813583 10.7746191
v -66.2732925 109.258354 28.9268665
v -67.4257584 110.475731 29.2088337
v -66.8557892 111.069359 28.6861343
v -65.6337357 109.405014 28.4407616
v -6.47765636 0.126796693 12.3318958
v 2.54307652 158.538025 14.065589
v -37.0019798 120.010338 6.88852978
v -37.7872162 120.090141 3.43872714
v -57.7952957 110.704124 29.9193459
v -60.3170967 108.547615 32.6945267
v -61.4197655 109.593391 32.7257309
v -59.4524651 111.907303 29.9481144
v -10.5191612 144.555923 -1.79648352
v -4.65795183 155.396179 0.24838303
v -5.72598314 158.962189 -1.21084213
v -47.1095238 120.598671 3.46946907
v -58.4802055 116.345634 15.9713736
v -11.1348972 102.351723 7.51312828
v -10.5056629 108.385811 8.00960827
v -11.1322203 100.91021 2.74548912
v -39.2416115 125.696877 10.249361
v -36.4012718 127.270042 8.6001997
v -55.9416046 118.045631 20.7836361
v -45.9069481 125.360168 8.94772339
v -12.5819578 81.6873322 -0.955155075
v -12.2629871 86.3725891 -2.19672799
v -6.41937828 84.9098663 -4.11386108
v -6.14449406 80.5811386 -2.73693871
v -54.9610596 114.79319 18.637291
v -41.5941086 117.469383 8.09634399
v -4.40045309 147.961227 -3.17407346
v -0.795098901 148.450821 -4.39763975
v -1.35201001 142.689575 -7.47787905
v -13.3967104 3.68981791 -4.16558504
v -15.8855886 3.27234983 -1.90133965
v -15.8926477 8.98568153 -1.54490483
v -13.5822477 9.35784912 -3.35998583
v -11.0070124 21.2727871 6.36648989
v -12.1725082 11.0343084 6.0471034
v -9.98218441 10.9099026 4.29008627
v -8.79902744 21.615984 3.53448105
v -13.9567356 81.9989624 1.26392114
v -13.8200846 82.1813431 7.63982534
v -7.10596037 94.2323532 -3.74311113
v -10.2729502 94.4140701 -2.15717816
v -8.30550194 49.9916077 -1.85768735
v -6.9845643 46.0138206 1.96010184
v -6.93014193 34.1546669 -0.1551954
v -9.85608959 34.7691231 -4.52248764
v -8.47925377 53.6690788 11.8031416
v -14.3220577 54.6867905 9.51578522
v -13.368063 47.0584946 8.45335579
v -9.53864861 46.4940414 9.69763756
v -15.2059965 63.5774956 2.23385096
v -15.8883581 62.4318733 7.68776894
v -8.30273056 2.95226455 21.2956028
v -8.02298164 0.12679711 22.2945309
v -12.2772741 57.7312126 0.964940429
v -11.350522 62.2034683 0.670294583
v -6.13488102 61.1922188 -0.505474567
v -8.47329044 56.1156464 -0.283464462
v -1.12860048 69.2667999 10.3723278
v -68.1322861 108.443138 20.5175762
v -66.1394958 109.278336 19.3106728
v -65.6979523 109.09684 21.5492439
v -67.5598068 108.824852 22.2533207
v -11.4886675 140.216888 6.73542643
v -67.9881058 107.898262 30.2520256
v -68.6492691 108.754898 30.3857307
v -8.56752014 101.387634 10.1011572
v -12.0772982 92.383049 7.26675129
v -9.22903633 91.59375 11.4621468
v -13.1998787 0.126795918 -4.42821217
v -16.2035828 0.126795992 -2.28409505
v -70.1978149 108.080246 23.2764244
v -72.0370789 105.150543 23.8425255
v -71.4082413 104.98468 23.6275463
v -69.7080383 107.328568 23.1180153
v -9.94808769 86.6735306 11.6811657
v -7.89678431 20.4438267 0.169399574
v -9.88062191 21.8968353 -2.06034899
v -59.9757423 115.540756 16.2176304
v -57.7212257 117.871056 17.8902054
v -7.17476749 2.36137986 8.3164072
v -7.02057266 0.126796514 8.36792183
v -8.84172153 0.126796231 2.09238172
v -9.38911724 4.02237797 1.84750438
v -67.4631653 109.468903 25.8143158
v -66.4140396 109.980309 27.7238503
v -23.475563 126.497208 1.30534959
v -23.3997498 125.879242 4.52247524
v -6.78829145 163.303925 -1.06739187
v -58.7710304 112.675949 30.9427586
v -60.9839325 109.960762 33.5899162
v -15.5051289 0.126797035 21.9268436
v -7.18198824 46.800621 6.54078007
v -4.41097832 53.0831985 2.24602509
v -4.95031548 53.6116066 8.21738529
v -34.6825638 123.946259 9.14627266
v -28.4194412 128.004303 8.40757942
v -8.41645145 109.803322 10.6310291
v -5.14402103 100.796112 12.1428909
v -4.51734591 110.265266 12.1441231
v -14.4784479 139.356873 7.34389257
v 1.52953637 172.978226 8.45976543
v 0.437176287 174.799866 2.41799331
v -3.48579693 173.854706 3.8377614
v -4.88105583 172.438446 0.637188971
v -69.1020279 109.60125 22.9370193
v -69.7420883 109.264847 21.026535
v -70.6898804 107.855522 21.5789413
v -6.0476346 65.5043945 13.052619
v -13.0902061 68.6972046 11.1134357
v -13.5595474 62.057869 10.8917875
v -7.58845854 60.1611633 12.4853563
v -0.123582475 168.033356 11.4541521
v -2.19072366 168.350601 11.3067589
v -67.9546738 109.233223 26.218586
v -66.9426498 109.755814 28.0194435
v -58.6013336 113.309982 15.7914438
v -67.0176849 111.471809 19.4283581
v -10.8876066 9.39063263 -2.52052951
v -10.3953094 3.35575914 -2.79530978
v -57.1514397 111.305824 30.7887077
v -59.969265 108.891388 33.5085487
v -65.5811157 109.634361 30.2958145
v -64.8147964 109.922424 30.1585922
v -65.763382 111.404434 30.4923992
v -66.3679886 110.786438 30.9555397
v -4.88238049 80.7965393 13.6047802
v -5.70003891 72.227356 13.3763647
v -47.4565201 124.289879 5.78595114
v -13.2759666 87.2663574 7.50769997
v -13.3396902 87.8369293 1.17911267
v -16.573103 0.126796454 8.42951584
v -10.6825361 81.7883835 11.8828659
v -3.33116913 117.02404 13.4466524
v -14.223362 34.6526527 7.83142805
v -9.50526428 35.1323624 9.55087185
v -12.0776587 143.681885 1.99374259
v -6.68772411 146.05542 -0.975556672
v -17.5385151 21.0631599 -1.89548278
v -17.7272205 21.134203 0.979147971
v -15.2837725 21.5315514 4.61669064
v -69.9136734 107.37693 24.2736473
v -69.4562759 107.682755 25.9250336
v -21.8982887 130.99025 -2.44718289
v -24.5070839 129.686752 -2.0380199
v -28.7056236 135.79155 0.205359817
v -24.3503075 139.419998 0.066471301
v -28.1465569 127.937828 -1.08751225
v -16.2394657 55.0117149 6.18102789
v -15.8687077 47.5596542 5.59194183
v -9.15618801 6.85984087 8.49295998
v -11.787693 7.38823748 9.65054131
v -40.7937927 123.351898 0.954028547
v -35.9247932 125.272881 0.427901119
v -27.8253727 136.663177 3.07691979
v -12.4472475 74.3664169 11.9896116
v -1.78380263 161.403534 10.2111073
v -10.8530893 65.7562485 -0.416282266
v -11.9510975 75.5196533 -1.11357605
v -71.7701187 104.871712 22.6443443
v -70.0738907 107.052933 21.6215858
v -68.7183456 108.289322 20.7826691
v -68.3059616 108.615112 22.5031662
v -69.9946365 105.829109 32.0767517
v -69.3483429 105.632355 31.6439552
v -68.698822 105.752632 32.6438332
v -69.3411407 105.946579 33.0445061
v -71.2344131 105.561256 30.7428551
v -69.3587646 108.898315 29.5801411
v -13.8923378 20.8474693 -3.76098204
v -17.4139233 35.5495758 4.48152304
v 2.09786248 109.438965 11.6031399
v -10.0443659 2.79874754 22.0256863
v -9.96814919 0.126797125 22.884058
v -10.3444605 0.126795992 -3.15306926
v -24.5728569 129.128723 8.2688036
v -57.4615364 112.96228 16.9935741
v -68.9159851 110.382721 26.5596809
v -6.06210327 165.532562 5.72764921
v -4.92711258 163.474304 -3.71544456
v -0.888133645 169.388031 -4.91220856
v -1.0830723 163.785828 -5.99040174
v -3.95647979 159.049652 -3.5126133
v -3.93138981 155.639664 -1.48272943
v -12.8229322 35.8315849 -3.51727152
v -72.2348785 105.333282 26.9902115
v -70.0018463 108.529793 26.1318188
v -70.6011047 108.284081 24.2605324
v -72.7314911 105.194923 25.8200645
v -0.740891695 104.883591 -4.09782267
v -0.653573751 99.4685745 -3.61487341
v -1.00867558 93.3453674 -5.57891798
v -67.179985 108.227753 31.7367783
v 2.26709652 116.820992 12.5391617
v -4.92173862 150.722778 -0.15034835
v -20.8947315 137.894226 7.28127909
v -7.62863064 36.3836708 6.02611399
v -1.75604939 128.643997 -9.71259403
v -1.47733879 116.723267 -8.17106342
v -15.1802206 58.5119781 2.96069407
v -68.4633636 110.26902 22.6603565
v -68.3107681 110.966171 26.031601
v -67.1740494 111.333038 28.0176449
v 1.88587487 171.136673 10.4306498
v -72.4143677 105.03714 22.8808289
v -17.101223 0.126796216 3.14984846
v -26.2643452 135.145325 7.32744884
v -23.3566246 140.539795 2.13794613
v 2.09987211 163.53656 11.614254
v 1.07832754 149.995392 5.96415854
v -0.693207562 156.233353 -3.8340857
v -0.642924726 152.133133 -3.55597425
v -3.3506844 151.704269 -2.02949119
v 2.04900002 168.043274 11.3328848
v -37.5979919 122.060921 10.0492592
v -9.52575397 9.71108341 0.864725053
v -0.869267225 109.496353 -4.8078599
v -67.7840576 110.768875 28.4325829
v -13.12537 2.39743805 20.4399281
v -71.9479294 104.989815 25.5029659
v -15.8913946 142.81044 1.68618047
v -0.461086452 173.064026 -2.55023885
v -69.1193542 109.813324 20.6756363
v -0.957289279 86.0091553 -5.29470444
v -12.6238403 93.6897278 1.44117856
v -67.7398758 108.945152 32.0974808
v 1.3865751 140.317459 7.66905546
v -71.4678192 105.127075 26.7031269
v -0.292664766 122.943077 13.3230314
v 2.36333442 126.01355 13.0714464
v -3.9217968 170.579514 7.93460035
v 2.33752155 156.822281 12.9286776
v -0.933569789 159.209961 -5.16351271
v -29.2974396 132.247345 6.61185026
v 2.32688403 157.595703 12.8698425
v 2.1136744 164.711136 11.6905937
v 5.27204084 128.945724 -10.4592304
v 11.5450745 131.156281 -10.3962946
v 11.356164 123.320053 -9.7936945
v 33.0649567 122.852417 -9.23928738
v 34.1987114 121.967957 -6.51425505
v 27.1695824 125.294968 -5.81475687
v 26.2056274 126.156082 -8.27150917
v 41.1671944 127.551315 -8.34486198
v 40.9214172 127.01825 -10.7819462
v 37.5968971 128.592819 -8.53676033
v 18.1919632 127.923439 -1.65593302
v 17.6184044 126.378632 -6.65246201
v 18.4724445 127.405251 -6.4255662
v 10.2497568 106.120132 -2.11160374
v 10.5357838 109.517097 -2.299474
v 13.9971228 110.241974 3.734658
v 6.30885887 105.443039 -3.94087362
v 7.50028086 101.017296 -3.76592135
v 5.23490429 99.6800537 -4.35763216
v 65.5089874 114.9991 4.03637218
v 69.8062134 113.335648 2.18880177
v 61.3813171 117.462387 0.924953163
v 6.58598185 153.562607 5.56779146
v 5.89679146 152.022217 4.50947714
v 7.00503159 157.175964 1.81828403
v 0.618907034 79.5105209 0.509412289
v 3.74569058 79.67659 10.8068542
v 3.41362023 82.8462753 11.1352158
v 69.5597153 113.447891 4.75855827
v 6.41104603 170.495682 -1.18122554
v 6.71566963 167.637161 -2.32114458
v 4.0801363 168.712311 -3.69102073
v 69.0953369 110.209534 2.60336399
v 68.7374573 111.165787 4.9858942
v 65.3301926 112.469398 4.52573395
v 3.90105581 164.521591 10.8005743
v 4.37422895 163.980331 10.7061729
v 5.73340178 164.752762 9.9363308
v 7.55392885 161.173431 5.45815468
v 19.2432537 3.7923677 8.0809021
v 15.3699589 5.43837166 8.95978546
v 19.0809631 2.81799436 12.6231518
v 20.5622673 0.126796633 5.94399023
v 21.7989025 0.126796976 13.6400471
v 19.4263458 0.126796961 13.6385984
v 4.58191919 143.830002 6.07932806
v 4.08934927 140.719299 7.94971991
v 8.87835789 141.071121 5.6486578
v 10.39118 133.106491 9.50519848
v 9.41885567 123.426392 11.8901901
v 14.0572624 125.384628 7.86506748
v 5.35496807 88.8981552 11.6818705
v 11.2463322 50.8310738 -5.14940214
v 15.0685349 48.5988617 -4.0764699
v 15.9292717 36.3684235 -6.34013987
v 11.0984907 137.456589 -9.72240067
v 15.4310751 141.841965 -6.88552237
v 16.0543423 132.659988 -8.98104858
v 7.36871958 157.811661 5.86076546
v 5.84409237 156.720093 7.28305674
v 3.70178342 160.541672 11.6107903
v 2.96195436 161.225769 12.5262566
v 3.47381353 159.620056 13.3370724
v 61.2935677 111.890961 2.18519688
v 3.12958431 163.426514 11.2260809
v 3.34012437 162.364716 10.9464369
v 7.52249002 164.047455 5.65127468
v 7.27079248 167.353271 7.87870646
v 6.74008608 164.315811 8.48554707
v 6.66933107 171.670395 1.95255101
v 7.59747505 166.712814 0.424263567
v 15.4829292 10.4806404 -0.654981613
v 16.6682854 6.20810127 2.68268657
v 16.4755898 4.07813692 -2.99211812
v 16.0306225 9.76212597 -3.92896938
v 5.72474146 109.394753 -4.99036789
v 5.71900415 117.069138 -8.66930962
v 11.5168428 113.290878 -3.61427355
v 76.707489 105.355469 3.71506333
v 74.7340088 107.989777 3.3275826
v 74.8813705 107.661034 1.49019444
v 77.1038742 105.497429 2.42333531
v 4.67671633 150.978546 8.21634102
v 5.52125597 151.468399 6.7170949
v 5.72502089 152.939804 7.16907978
v 5.10742807 151.786575 9.62556839
v 43.3816338 119.713036 -4.42037439
v 57.9211731 116.16011 0.982172728
v 44.8870583 123.110245 -3.74645519
v 58.4396057 114.132629 -4.25131655
v 42.3327522 117.155159 -10.477479
v 59.2129135 114.412796 -5.44383764
v 10.2055283 120.636955 11.716773
v 14.7968893 122.394058 -5.3161974
v 62.2830315 111.932861 4.53025723
v 64.9019928 112.285164 5.28098869
v 62.9550934 111.619247 6.12356281
v 60.3747864 113.859245 5.03392887
v 61.9767189 112.284401 6.80722713
v 75.5759888 108.639572 1.32592022
v 77.7539673 105.438492 2.63872266
v 19.1657925 2.52792645 2.22933602
v 4.21566963 151.332108 11.4469137
v 4.31606007 150.528656 8.95678329
v 11.8501902 4.99965 8.85599804
v 10.7062721 2.09528708 9.32620239
v 12.623107 3.14144945 16.9065533
v 2.34445739 68.3343811 2.70601749
v 5.25128937 74.3965302 -4.48597622
v 4.96933031 63.6041107 -3.0661521
v 3.79247642 62.6932564 1.00630009
v 4.3496294 150.352859 5.25629139
v 5.33970165 150.922256 2.85744834
v 20.855938 2.01456213 6.62035561
v 17.0587749 131.952866 1.74094319
v 13.0151625 132.965881 6.06564617
v 15.9636164 128.540344 4.34670401
v 4.89375162 143.324356 -7.81656361
v 73.2288437 110.162712 -0.226527184
v 71.5597382 109.36731 -0.223133981
v 72.1731339 109.373283 -0.232950151
v 72.3707352 110.669121 -0.379553795
v 72.0951309 108.964966 -2.18893433
v 72.5082016 110.440384 -2.43494987
v 73.2987137 109.868324 -2.28879356
v 71.5134201 108.853638 -2.23924255
v 59.4280701 113.486061 -1.19160283
v 59.8309097 115.206352 2.66301894
v 62.8162422 115.244255 4.68987656
v 63.7160683 114.021538 5.63960075
v 62.4620934 116.362679 3.60640216
v 4.62590742 154.601562 11.4732218
v 4.88204765 153.196808 10.6230087
v 5.22185087 155.006058 10.5081301
v 7.15578222 162.814743 7.17230654
v 6.0703392 163.888763 8.69757462
v 7.28304052 163.074677 7.30095816
v 6.20158482 161.62529 8.40416145
v 5.93540525 160.852631 9.15684986
v 6.90058231 160.982269 8.04949188
v 5.47897482 161.428635 9.10181904
v 69.2584534 109.576141 -0.287935197
v 70.0292206 112.983467 -0.719392896
v 6.27051306 156.309097 0.500178039
v 3.06675363 156.411453 12.6017494
v 3.64709401 156.263962 12.0651932
v 4.50214052 155.524673 11.640151
v 4.56086111 155.200424 11.6140785
v 4.33731318 157.531006 11.9849176
v 4.04173136 158.694122 11.8099852
v 21.4621391 2.2167592 12.617135
v 3.55783963 158.568604 13.3045654
v 3.29589057 157.612915 12.5751696
v 5.33013582 163.410538 9.41113472
v 6.45186234 170.579514 6.0590291
v 5.25902891 172.131378 8.16832638
v 14.5892458 0.126797155 19.2741795
v 14.7705088 2.64843655 18.6944447
v 12.8905315 2.44522047 18.8803577
v 12.8410645 0.126797155 19.6067638
v 5.79286528 159.573181 9.43232632
v 7.08314466 160.267776 6.56663227
v 30.9388733 132.673721 -7.40052509
v 36.4101639 128.095612 -11.2701988
v 30.2019482 132.559555 -10.3145695
v 4.91448069 161.04837 10.5327501
v 5.09781313 160.068649 10.7341566
v 4.67152596 161.616486 9.6720953
v 3.95793271 162.256989 10.1823654
v 6.54316759 162.936508 7.75676775
v 62.0255432 117.402184 -3.27269673
v 69.9337311 112.486145 -3.05235958
v 6.76104021 59.0627327 7.36595535
v 6.61625862 63.4642906 9.15278339
v 4.52216005 58.6040382 1.45168507
v 7.27830935 145.19014 -0.774244189
v 5.75859022 144.401703 2.86926961
v 5.54192686 155.848633 9.07848263
v 4.58778763 147.781067 2.75048327
v 5.43335104 149.800171 0.104593627
v 9.43309498 90.287117 10.3473368
v 9.10196018 85.5054092 10.8507643
v 6.38643026 162.942444 7.87137175
v 5.81584215 163.872116 8.74344158
v 5.98480558 161.660843 8.47394276
v 4.13711405 162.827652 9.72657776
v 3.56978178 162.257233 10.0444803
v 4.34224558 161.629333 9.58465195
v 5.03164959 132.888977 11.8768988
v 5.10798454 123.050896 12.8751202
v 4.93927956 122.943077 12.3770895
v 5.10255003 122.145508 12.7906933
v 20.4007187 2.20772552 14.1342297
v 21.9859715 1.70972431 14.2229652
v 20.6252956 0.12679702 15.0096121
v 14.3422976 3.26795268 14.905448
v 12.5863781 0.12679711 18.4568081
v 14.4306269 0.12679702 16.1499233
v 20.8927021 130.621964 0.475678295
v 20.4118805 127.130493 -3.06485009
v 19.6755638 0.12679702 15.2898254
v 17.9291706 0.12679708 16.9503403
v 17.0005703 0.126797035 15.9065819
v 3.52165008 157.034332 12.4233665
v 3.05550551 155.438278 12.7927132
v 3.79729843 154.535355 12.63272
v 3.91892695 155.509872 12.3559284
v 3.75244141 155.488022 12.6215811
v 3.84419513 155.355423 11.9665794
v 3.63405347 155.315979 12.4509001
v 4.22581911 156.493301 11.99121
v 3.97456098 156.788834 12.1473799
v 4.13931704 155.680023 11.9931221
v 13.8627663 75.2866898 -4.06946278
v 16.9407482 74.5003662 2.04211259
v 17.1046829 69.1312485 2.09420085
v 14.4649897 67.2411804 -4.24474907
v 2.69559503 155.522583 12.8781958
v 2.49103856 155.957428 12.9132919
v 3.41447067 155.447159 12.7065153
v 3.61907554 155.970154 12.6597567
v 3.2685163 155.961975 12.7396622
v 2.91798377 155.869827 12.8195629
v 3.43042207 156.365143 12.4789572
v 3.58880472 155.959686 12.317626
v 3.78498149 156.309753 12.2629013
v 3.18497396 155.935226 12.4785652
v 2.70634866 156.464203 12.78197
v 2.82647538 155.97139 12.6539049
v 2.51536036 156.027908 12.8117723
v 3.84099412 156.025406 12.4901924
v 3.77655339 152.522797 12.1670103
v 15.1295748 114.334526 1.89278805
v 16.374815 122.553185 -0.40541628
v 14.9576893 120.688126 8.33716488
v 13.4174538 113.424149 8.25367832
v 3.98015094 155.649368 11.6887722
v 17.7245369 2.80389881 16.2208633
v 16.6791534 3.37205815 14.9388285
v 3.5904429 147.337082 5.26155949
v 5.01336432 163.385376 9.3898592
v 4.49199533 162.813583 9.82363987
v 72.2065353 109.258354 3.88953495
v 71.4372635 109.405014 3.65814877
v 72.6678619 111.069359 3.46008015
v 73.3847733 110.475731 3.75010777
v 10.3856554 0.126796693 9.28298759
v 36.5990524 120.090141 -10.0104055
v 37.0714989 120.010338 -6.50405025
v 64.6128006 110.704124 7.78780365
v 66.1751251 111.907303 7.23448467
v 68.9904785 109.593391 9.14739037
v 67.9466934 108.547615 9.50427055
v 9.22415733 144.555923 -5.36610079
v 4.45003557 155.396179 -1.39835286
v 4.93949461 158.962189 -3.13917422
v 45.341938 120.598671 -13.2458735
v 60.3703804 116.345634 -5.51696491
v 13.06073 102.351723 3.13852787
v 10.2405148 100.941826 -2.04675388
v 12.6451778 108.385811 3.82390642
v 37.1081734 127.270042 -4.69040155
v 40.3461571 125.696877 -4.14020824
v 59.677536 118.045631 -0.12045224
v 46.1337395 125.360168 -7.69335127
v 11.4509554 81.6873322 -5.30033636
v 4.79713821 80.5811386 -4.71519995
v 4.57248211 84.9098663 -6.10120392
v 10.7174339 86.3725891 -6.35161781
v 58.007515 114.79319 -1.78757012
v 41.7958298 117.469383 -6.98066473
v 3.0104444 147.961227 -4.51397324
v 11.0899763 3.68981791 -8.59280968
v 11.5458536 9.35784912 -7.90317869
v 14.3455477 8.98568153 -7.01200914
v 14.2141275 3.27234983 -7.34340668
v 12.5394392 21.2727871 2.10926104
v 9.47959423 21.615984 0.229682714
v 10.8524256 10.9099026 0.523161888
v 13.5193138 11.0343084 1.40198922
v 13.5157223 81.9989624 -3.7031343
v 15.620286 82.1813431 2.31696892
v 5.34541655 94.2323532 -5.99433661
v 8.86723232 94.4140701 -5.61774778
v 7.12921095 49.9916077 -4.64830351
v 7.64853573 34.7691231 -7.68734646
v 6.43706083 34.1546669 -2.57200289
v 7.2287221 46.0138206 -0.609678447
v 12.075388 53.6690788 8.08683681
v 12.3304577 46.4940414 5.74367476
v 15.4817448 47.0584946 3.23727345
v 16.7473602 54.6867905 3.89839458
v 15.0255213 63.5774956 -3.23204613
v 17.5744076 62.4318733 1.63765848
v 15.3216267 0.12679711 18.0737972
v 15.2338848 2.95226455 17.0401516
v 11.8378973 57.7312126 -3.39511347
v 7.83760118 56.1156464 -3.23249459
v 5.56949425 61.1922188 -2.62164068
v 10.866643 62.2034683 -3.34659743
v 4.68908548 69.2667999 9.32048225
v 71.003273 108.443138 -4.63831043
v 71.0748215 108.824852 -2.81199932
v 69.0843048 109.09684 -2.81956387
v 68.7140503 109.278336 -5.07102346
v 13.1197863 140.216888 2.28618693
v 74.9429245 108.754898 4.42407894
v 74.2768021 107.898262 4.53034496
v 11.5621052 101.387634 6.46169615
v 12.6583004 91.59375 7.50488853
v 13.8571978 92.383049 2.57776117
v 14.377965 0.126795992 -7.8132782
v 10.8136463 0.126795918 -8.76988792
v 73.904068 108.080246 -2.77738261
v 73.3898315 107.328568 -2.75426459
v 75.16082 104.98468 -2.87232852
v 75.825119 105.150543 -2.89115024
v 13.4085197 86.6735306 7.45826149
v 8.53364849 21.8968353 -5.38967276
v 7.45616579 20.4438267 -2.60643339
v 60.3313408 117.871056 -3.45384955
v 61.8574638 115.540756 -5.80996799
v 9.63258457 2.36137986 5.2776165
v 9.44161892 4.02237797 -1.55711699
v 9.0146246 0.126796231 -1.13606858
v 9.50618935 0.126796514 5.37986183
v 4.93823671 122.15921 12.2077007
v 72.2312012 109.468903 0.55739218
v 71.9171371 109.980309 2.71339512
v 23.501915 125.879242 -3.95740628
v 22.4464302 126.497208 -6.99740553
v 5.98477888 163.303925 -3.37677932
v 65.8851166 112.675949 8.40476894
v 68.8848419 109.960762 10.1094761
v 22.2013416 0.126797035 15.1094646
v 9.01760101 46.800621 3.61187363
v 7.51428604 53.6116066 5.96376848
v 4.91818428 53.0831985 0.559300721
v 35.6894836 123.946259 -3.57708263
v 29.564209 128.004303 -2.07593894
v 11.6061373 109.803322 7.01091957
v 8.48369884 110.265266 9.79351807
v 9.07026863 100.796112 9.57292938
v 16.1333447 139.356873 1.80924129
v 4.60893154 173.854706 2.37422419
v 4.79515839 172.438446 -1.11228311
v 73.7705994 107.855522 -4.5396986
v 72.6893845 109.264847 -4.72525978
v 72.758812 109.60125 -2.71160126
v 10.2352228 65.5043945 10.1086569
v 11.4798689 60.1611633 9.0377779
v 16.5149384 62.057869 5.45428181
v 16.1529217 68.6972046 5.82624054
v 72.5157852 109.755814 2.80517673
v 72.8331528 109.233223 0.763965666
v 69.5778503 111.471809 -5.26828909
v 60.4208374 113.309982 -5.72791767
v 9.31574726 9.39063263 -6.1733222
v 8.75839996 3.35575914 -6.2583251
v 67.9059143 108.891388 10.3885498
v 64.3141174 111.305824 8.82758045
v 72.0375366 109.634361 5.41418457
v 73.0055923 110.786438 5.75661755
v 72.2770996 111.404434 5.53450584
v 71.2716751 109.922424 5.55398369
v 10.022994 72.227356 10.5336199
v 9.33708286 80.7965393 11.033884
v 46.478096 124.289879 -11.1975489
v 15.0643501 87.2663574 2.38373399
v 12.9080458 87.8369293 -3.56651139
v 18.4755306 0.126796454 2.09267759
v 14.167098 81.7883835 7.39002085
v 7.82870674 117.02404 11.4289331
v 12.247797 35.1323624 5.61789131
v 16.0651226 34.6526527 2.35523105
v 5.92273617 146.05542 -3.25554395
v 12.0111589 143.681885 -2.36154652
v 15.7644596 21.0631599 -7.91670322
v 16.9477901 21.134203 -5.29013824
v 15.9327402 21.5315514 -1.02729475
v 73.9870987 107.37693 -1.74379718
v 74.1369095 107.682755 -0.0367983393
v 19.6550369 130.99025 -9.96007729
v 22.6396923 138.909744 -8.55469704
v 26.9602127 135.79155 -9.85909462
v 22.2419434 129.686752 -10.490304
v 25.9838333 127.937828 -10.8743572
v 16.822134 47.5596542 -0.31860438
v 17.3756924 55.0117149 0.103364244
v 14.4206276 7.38823748 4.91204262
v 11.5503855 6.85984087 4.74918461
v 38.5452499 123.351898 -13.3905716
v 33.8002739 125.272881 -12.1784801
v 27.1411839 136.663177 -6.86110353
v 15.8574648 74.3664169 6.87208366
v 5.19173145 161.452957 9.11183167
v 10.0202303 65.7562485 -4.19020557
v 10.8045635 75.5196533 -5.2278285
v 73.2085342 107.052933 -4.28406334
v 75.1555099 104.871712 -3.91999793
v 71.6450577 108.289322 -4.59521484
v 71.8612289 108.615112 -2.83924198
v 76.7952499 105.829109 5.53695202
v 76.5219879 105.946579 6.67226601
v 75.7800293 105.752632 6.52186966
v 76.0383148 105.632355 5.35786057
v 75.3254242 108.898315 3.42105198
v 77.4894638 105.561256 3.85338521
v 11.6959019 20.8474693 -8.3873682
v 17.8807049 35.5495758 -1.89979148
v 17.120903 2.79874754 17.114172
v 17.3500748 0.126797125 17.9448872
v 8.58549976 0.126795992 -6.57563019
v 25.9125519 129.128723 -0.859022915
v 59.774128 112.96228 -4.20278215
v 73.8530426 110.382721 0.746855736
v 7.6838913 165.532562 3.24235582
v 3.31419706 163.474304 -5.20548391
v 3.16331148 155.639664 -2.76546049
v 2.47603679 159.049652 -4.67562008
v 10.7795343 35.8315849 -7.78462744
v 77.1125793 105.333282 -0.0120008001
v 77.1680145 105.194923 -1.2819612
v 74.6264191 108.284081 -1.99679172
v 74.7203369 108.529793 -0.0341366716
v 74.0397415 108.227753 6.20407009
v 4.55750465 150.722778 -1.86420763
v 22.1214962 137.894226 -0.496110648
v 9.25575352 36.3836708 2.97339559
v 15.255887 58.5119781 -2.54219317
v 72.0637054 110.26902 -2.74711895
v 73.1012344 110.966171 0.464129448
v 72.7319107 111.333038 2.72247124
v 75.8417816 105.03714 -3.92407393
v 17.1215057 0.126796216 -3.03766441
v 27.1673336 135.145325 -2.3330667
v 22.6265602 140.539795 -6.17587328
v 2.42791772 151.704269 -3.07427001
v 38.7365265 122.060921 -3.75211859
v 9.22548008 9.71108341 -2.52552223
v 73.4485779 110.768875 2.89753914
v 19.4515877 2.39743805 14.5499716
v 76.3230209 104.989815 -1.30461192
v 15.4757586 142.81044 -3.98504066
v 71.9832001 109.813324 -4.83588791
v 12.3292789 93.6897278 -3.07037759
v 74.6904831 108.945152 6.34588814
v 76.2935486 105.127075 -0.0123202717
v 29.7578354 132.247345 -4.06541967

# 1139 UV coordinates
vt 0.308806747 0.123918444 0
vt 0.323943734 0.104764707 0
vt 0.302533269 0.100687765 0
vt 0.358824223 0.116203301 0
vt 0.358847141 0.0994204506 0
vt 0.329134881 0.0943893045 0
vt 0.276635766 0.0963899493 0
vt 0.21983844 0.097026363 0
vt 0.190151691 0.109742582 0
vt 0.235658497 0.115877226 0
vt 0.35504967 0.0185913369 0
vt 0.325012684 0.0094043687 0
vt 0.30475679 0.0164186284 0
vt 0.307694584 0.0534214377 0
vt 0.318773806 0.0744007081 0
vt 0.350875497 0.0667590499 0
vt 0.244004965 0.0973758474 0
vt 0.304706872 0.0905624628 0
vt 0.278072625 0.0886897966 0
vt 0.240191475 0.0909212381 0
vt 0.506877542 0.564866722 0
vt 0.561930001 0.545685172 0
vt 0.546879411 0.589485705 0
vt 0.774793088 0.787035704 0
vt 0.84136337 0.781187356 0
vt 0.838634849 0.800587118 0
vt 0.766253412 0.806515574 0
vt 0.731007695 0.891194105 0
vt 0.764945447 0.895198524 0
vt 0.729738235 0.907478392 0
vt 0.927581429 0.801243067 0
vt 0.90755856 0.773925364 0
vt 0.915959477 0.768199205 0
vt 0.588005543 0.367293894 0
vt 0.653397977 0.409211516 0
vt 0.577908993 0.402105421 0
vt 0.545309067 0.360963583 0
vt 0.532577515 0.305651963 0
vt 0.55449295 0.316684544 0
vt 0.873893738 0.0667429939 0
vt 0.880853355 0.107073009 0
vt 0.898385048 0.0252863355 0
vt 0.172205448 0.773788035 0
vt 0.127762988 0.801038682 0
vt 0.165499538 0.755091488 0
vt 0.304956257 0.587013006 0
vt 0.244707495 0.623409986 0
vt 0.243157521 0.602340519 0
vt 0.877663732 0.0215261653 0
vt 0.0926733613 0.897216022 0
vt 0.0657165945 0.885558426 0
vt 0.0882675797 0.877392411 0
vt 0.839716077 0.0177714676 0
vt 0.856000543 0.0590308458 0
vt 0.857520282 0.022647731 0
vt 0.218658805 0.87490654 0
vt 0.203817531 0.873357534 0
vt 0.214189857 0.870324552 0
vt 0.125662208 0.821911395 0
vt 0.160895512 0.837307572 0
vt 0.125887513 0.841190517 0
vt 0.280650258 0.303190529 0
vt 0.28031078 0.280914247 0
vt 0.299413204 0.302155316 0
vt 0.45627141 0.0971879661 0
vt 0.460331798 0.0491170771 0
vt 0.474818826 0.0526556373 0
vt 0.794276357 0.646703124 0
vt 0.759672105 0.631801069 0
vt 0.795963347 0.619000494 0
vt 0.747278571 0.56720531 0
vt 0.706571758 0.519833624 0
vt 0.742282867 0.495829612 0
vt 0.769640207 0.289184213 0
vt 0.737346947 0.196013182 0
vt 0.763658345 0.19212164 0
vt 0.0807710439 0.404466569 0
vt 0.106314972 0.309875667 0
vt 0.106250018 0.390423775 0
vt 0.535247266 0.633856416 0
vt 0.577068329 0.607817769 0
vt 0.5606637 0.67618829 0
vt 0.185997367 0.802709997 0
vt 0.166945934 0.810232818 0
vt 0.223537743 0.838354349 0
vt 0.234856993 0.830834091 0
vt 0.235719696 0.844412565 0
vt 0.243702203 0.832152605 0
vt 0.242019594 0.845086098 0
vt 0.841650307 0.0851432905 0
vt 0.227442235 0.865084946 0
vt 0.222713441 0.855452716 0
vt 0.158888966 0.862081051 0
vt 0.186199218 0.869758368 0
vt 0.17577976 0.894277334 0
vt 0.110819638 0.873898983 0
vt 0.113051847 0.91079247 0
vt 0.299742579 0.348603666 0
vt 0.294167668 0.35886839 0
vt 0.274636298 0.350285441 0
vt 0.28867203 0.329484999 0
vt 0.536949098 0.40012008 0
vt 0.578894436 0.440065265 0
vt 0.526532769 0.474363536 0
vt 0.760033429 0.139410645 0
vt 0.741889536 0.146510929 0
vt 0.259378612 0.0751254857 0
vt 0.267329842 0.0758171752 0
vt 0.272565782 0.0575091206 0
vt 0.261481464 0.0554149561 0
vt 0.208726242 0.757113934 0
vt 0.216282144 0.769364476 0
vt 0.190814793 0.77138865 0
vt 0.190760165 0.757200837 0
vt 0.686872482 0.828505278 0
vt 0.686381698 0.854073524 0
vt 0.49539572 0.842672706 0
vt 0.484699517 0.930931926 0
vt 0.483268917 0.920641482 0
vt 0.680079699 0.96715498 0
vt 0.73463273 0.478843391 0
vt 0.789460003 0.458251983 0
vt 0.59788084 0.523342311 0
vt 0.601891816 0.563389421 0
vt 0.85147357 0.0780782178 0
vt 0.855551243 0.0761135221 0
vt 0.85655427 0.0683606267 0
vt 0.856311619 0.0871133879 0
vt 0.857394993 0.0783125386 0
vt 0.243409142 0.0746038184 0
vt 0.246932045 0.0769313797 0
vt 0.24346754 0.0534775071 0
vt 0.237072662 0.056322407 0
vt 0.269980043 0.326062799 0
vt 0.232867911 0.770582855 0
vt 0.217556491 0.756458819 0
vt 0.239887476 0.746012986 0
vt 0.251917243 0.769619644 0
vt 0.314404875 0.302089363 0
vt 0.317313164 0.266478986 0
vt 0.327613205 0.295927316 0
vt 0.00982301682 0.523474574 0
vt 0.0194942709 0.488515496 0
vt 0.0434855074 0.498784542 0
vt 0.0481969938 0.56870234 0
vt 0.149530232 0.738117874 0
vt 0.183924899 0.733729243 0
vt 0.269131303 0.307509542 0
vt 0.674918413 0.58385253 0
vt 0.685890079 0.551501215 0
vt 0.718561172 0.577792525 0
vt 0.484132677 0.669252634 0
vt 0.61512965 0.712382734 0
vt 0.594364107 0.716005623 0
vt 0.587650836 0.723607421 0
vt 0.613456607 0.728310227 0
vt 0.66812557 0.717401803 0
vt 0.645895183 0.714725077 0
vt 0.647023797 0.729033947 0
vt 0.67569977 0.722673893 0
vt 0.825794935 0.118406579 0
vt 0.85733211 0.103048563 0
vt 0.86277622 0.0750529096 0
vt 0.865713477 0.0827065036 0
vt 0.869971335 0.0904491693 0
vt 0.895906031 1.00308764 0
vt 0.934997022 0.976373196 0
vt 0.900399745 1.0111928 0
vt 0.226175755 0.793022096 0
vt 0.216567725 0.794356227 0
vt 0.221768811 0.781610429 0
vt 0.175648361 0.854104877 0
vt 0.189816862 0.866939425 0
vt 0.175515264 0.856891632 0
vt 0.190856636 0.844434142 0
vt 0.184770614 0.838594139 0
vt 0.197384909 0.838289618 0
vt 0.199124336 0.843435466 0
vt 0.558511674 0.744063795 0
vt 0.616063774 0.776957333 0
vt 0.113988638 0.815379381 0
vt 0.11687839 0.785965025 0
vt 0.0639550462 0.0928270146 0
vt 0.0318631381 0.0710838214 0
vt 0.104554564 0.0856984109 0
vt 0.226729602 0.799906075 0
vt 0.226651728 0.797469676 0
vt 0.227594346 0.815614283 0
vt 0.223990187 0.824108601 0
vt 0.269337177 0.28362903 0
vt 0.235001281 0.824905038 0
vt 0.237718403 0.816715121 0
vt 0.12831679 0.808367252 0
vt 0.192979991 0.8638044 0
vt 0.200594142 0.864337027 0
vt 0.25113225 0.932278514 0
vt 0.253184855 0.907978892 0
vt 0.270033002 0.912969053 0
vt 0.271416545 0.929943264 0
vt 0.186090052 0.945071518 0
vt 0.159630418 0.938951612 0
vt 0.179421127 0.925300062 0
vt 0.317047477 0.253849208 0
vt 0.322643638 0.256143898 0
vt 0.318481714 0.261189729 0
vt 0.314973682 0.260379791 0
vt 0.172317654 0.83109498 0
vt 0.200566202 0.828259349 0
vt 0.841653466 0.897172332 0
vt 0.84193635 0.918863297 0
vt 0.769520402 0.917420149 0
vt 0.211488217 0.840403438 0
vt 0.212553173 0.83305645 0
vt 0.214137882 0.853602111 0
vt 0.206241712 0.846193731 0
vt 0.183551133 0.855905294 0
vt 0.909046173 0.117068611 0
vt 0.935304165 0.0376846679 0
vt 0.918691039 0.0311444364 0
vt 0.224862441 0.470075905 0
vt 0.259281933 0.455475688 0
vt 0.270627618 0.479764938 0
vt 0.224482998 0.499828398 0
vt 0.778298914 0.667675376 0
vt 0.759361982 0.691444814 0
vt 0.202942491 0.798589349 0
vt 0.117274925 0.721530735 0
vt 0.152473941 0.703064322 0
vt 0.760019779 0.115762591 0
vt 0.70460397 0.210932299 0
vt 0.703542233 0.152985185 0
vt 0.893681347 0.732845187 0
vt 0.859284282 0.763753057 0
vt 0.855743527 0.693880796 0
vt 0.782797873 0.708962262 0
vt 0.784775078 0.766390264 0
vt 0.753772736 0.738582253 0
vt 0.786086857 0.556530833 0
vt 0.774998367 0.488399446 0
vt 0.796508968 0.503546119 0
vt 0.290313959 0.412220687 0
vt 0.313425303 0.37499845 0
vt 0.313181162 0.415670216 0
vt 0.804927826 0.55592823 0
vt 0.773101687 0.480410546 0
vt 0.271517783 0.277700663 0
vt 0.261528045 0.280368865 0
vt 0.266712993 0.278548062 0
vt 0.469610751 0.0426471382 0
vt 0.30687511 0.270830005 0
vt 0.425457716 0.00985307992 0
vt 0.438853562 0.0079215616 0
vt 0.433420748 0.0265132189 0
vt 0.324913949 0.259568363 0
vt 0.923390329 0.829349697 0
vt 0.911330521 0.798340678 0
vt 0.464212924 0.0395383686 0
vt 0.448762953 0.0318220779 0
vt 0.455923706 0.0269200914 0
vt 0.23582907 0.812365413 0
vt 0.24223493 0.799421787 0
vt 0.237159044 0.794405162 0
vt 0.248648047 0.794403434 0
vt 0.234185696 0.799713969 0
vt 0.236591563 0.799788713 0
vt 0.0150618907 0.0305681862 0
vt 0.032829918 0.027353568 0
vt 0.018409228 0.0468247049 0
vt 0.229363307 0.807607651 0
vt 0.231591344 0.810106874 0
vt 0.23066093 0.801648617 0
vt 0.10196887 0.572909594 0
vt 0.100465864 0.522371233 0
vt 0.140304506 0.532901764 0
vt 0.140558094 0.566186488 0
vt 0.243340045 0.154582381 0
vt 0.263751686 0.135021687 0
vt 0.263751686 0.159702167 0
vt 0.301300704 0.183020487 0
vt 0.301300704 0.212410375 0
vt 0.285241902 0.195249856 0
vt 0.284163296 0.158247009 0
vt 0.302971989 0.135021687 0
vt 0.305653691 0.158247009 0
vt 0.285241902 0.183020487 0
vt 0.303751528 0.159702167 0
vt 0.306607306 0.183020487 0
vt 0.0268846136 0.0175580531 0
vt 0.104938954 0.00955577288 0
vt 0.329485208 0.20516035 0
vt 0.339426935 0.225036636 0
vt 0.320269912 0.225036636 0
vt 0.285116911 0.228058577 0
vt 0.266147792 0.217671543 0
vt 0.285116911 0.20624648 0
vt 0.263078272 0.189092025 0
vt 0.263079017 0.211231932 0
vt 0.243340045 0.200375497 0
vt 0.306607306 0.168563962 0
vt 0.326948673 0.159702167 0
vt 0.326948673 0.180437684 0
vt 0.240295097 0.808290541 0
vt 0.243464872 0.809063554 0
vt 0.337460667 0.135021687 0
vt 0.337460667 0.158326536 0
vt 0.325995296 0.138255179 0
vt 0.233840734 0.806712747 0
vt 0.250574172 0.77978909 0
vt 0.237595215 0.779971719 0
vt 0.642710686 0.4474684 0
vt 0.691396475 0.432331204 0
vt 0.696503758 0.486742854 0
vt 0.637913227 0.517729282 0
vt 0.0158601087 0.0555687472 0
vt 0.958782852 0.826662838 0
vt 0.288342774 0.258836716 0
vt 0.2941809 0.271060169 0
vt 0.287415028 0.267176569 0
vt 0.283391386 0.259853691 0
vt 0.18385902 0.697581768 0
vt 0.17952019 0.660572469 0
vt 0.212121814 0.666155338 0
vt 0.212942287 0.695223451 0
vt 0.00448446302 0.056596797 0
vt 0.200290054 0.859537959 0
vt 0.20465 0.858187318 0
vt 0.207188457 0.862077534 0
vt 0.658576787 0.0612124205 0
vt 0.6748088 0.0583902374 0
vt 0.673115075 0.0494747534 0
vt 0.653536439 0.0550109632 0
vt 0.398912817 0.0618498549 0
vt 0.244435892 0.82652986 0
vt 0.735976398 0.806944013 0
vt 0.737876236 0.784502983 0
vt 0.654487252 0.775795281 0
vt 0.771985471 0.06505768 0
vt 0.778708637 0.0223953649 0
vt 0.792808354 0.0225558951 0
vt 0.795008361 0.0653101653 0
vt 0.513251185 0.692614436 0
vt 0.0900837034 0.77728337 0
vt 0.0780535191 0.811833024 0
vt 0.675174296 0.933774233 0
vt 0.482865512 0.904193938 0
vt 0.642783165 0.325088859 0
vt 0.652659953 0.387778997 0
vt 0.597555816 0.313461632 0
vt 0.732668757 0.859463692 0
vt 0.767167091 0.863691151 0
vt 0.489392608 0.861806333 0
vt 0.685355902 0.884974718 0
vt 0.0866782144 0.61564666 0
vt 0.0857685059 0.64689064 0
vt 0.0481447205 0.640665948 0
vt 0.0448597074 0.610036254 0
vt 0.491602391 0.820922911 0
vt 0.691465259 0.804402411 0
vt 0.461242497 0.707296968 0
vt 0.433882862 0.703631163 0
vt 0.441934943 0.655602455 0
vt 0.267992228 0.380675405 0
vt 0.268024951 0.368280232 0
vt 0.288868755 0.370456398 0
vt 0.288742572 0.381031036 0
vt 0.175224781 0.217716649 0
vt 0.163614705 0.14837198 0
vt 0.180004016 0.14601101 0
vt 0.197021216 0.216612577 0
vt 0.10570924 0.616069198 0
vt 0.143501535 0.615203619 0
vt 0.856087863 0.133829549 0
vt 0.829252243 0.139017761 0
vt 0.528101325 0.256470501 0
vt 0.515107512 0.184951454 0
vt 0.559511721 0.190320775 0
vt 0.555065036 0.254440486 0
vt 0.0547506213 0.398580492 0
vt 0.0258233529 0.375432193 0
vt 0.0260002296 0.295117319 0
vt 0.0564031005 0.299178481 0
vt 0.191788048 0.437936306 0
vt 0.15467456 0.441276729 0
vt 0.159504116 0.387713313 0
vt 0.186742768 0.385560811 0
vt 0.104965791 0.497926891 0
vt 0.137492761 0.49012655 0
vt 0.307268143 0.256535739 0
vt 0.300686508 0.26297316 0
vt 0.300641894 0.254045904 0
vt 0.23725301 0.80753088 0
vt 0.0849127322 0.455878198 0
vt 0.0790873915 0.487794876 0
vt 0.0450390279 0.482151628 0
vt 0.057385087 0.443993926 0
vt 0.274655759 0.51941973 0
vt 0.236343205 0.535468221 0
vt 0.638690948 0.0930413455 0
vt 0.670050383 0.123075299 0
vt 0.622113049 0.139535263 0
vt 0.604855239 0.110686347 0
vt 0.720171332 0.641442657 0
vt 0.668207824 0.0840999335 0
vt 0.67759186 0.0798918456 0
vt 0.675706148 0.313751608 0
vt 0.6326527 0.233798921 0
vt 0.67166239 0.224231526 0
vt 0.25494808 0.380618215 0
vt 0.256059736 0.367426395 0
vt 0.5729509 0.0631929189 0
vt 0.566965163 0.021479357 0
vt 0.573788404 0.014417774 0
vt 0.588138998 0.0568426177 0
vt 0.665546954 0.162232488 0
vt 0.0368491933 0.20332256 0
vt 0.0540963188 0.21564205 0
vt 0.925394714 0.138233677 0
vt 0.930502355 0.119450048 0
vt 0.905828297 0.137132972 0
vt 0.33359617 0.311229378 0
vt 0.34092474 0.307133883 0
vt 0.352940977 0.326818317 0
vt 0.341965765 0.335874975 0
vt 0.790466666 0.464776933 0
vt 0.777802229 0.480708033 0
vt 0.0109472647 0.598915219 0
vt 0.279823959 0.0390461497 0
vt 0.282615751 0.0138867255 0
vt 0.274252534 0.0156758949 0
vt 0.266086817 0.0328072011 0
vt 0.87480253 0.780707598 0
vt 0.876033783 0.801579833 0
vt 0.148005366 0.668721199 0
vt 0.0201534163 0.0798645318 0
vt 0.108969241 0.842132747 0
vt 0.0802843571 0.846544921 0
vt 0.809721291 0.0622093454 0
vt 0.802257538 0.0204319656 0
vt 0.262349576 0.274828613 0
vt 0.267178774 0.271632463 0
vt 0.213196978 0.384436429 0
vt 0.24019289 0.372598946 0
vt 0.252685964 0.419748843 0
vt 0.220275551 0.433948398 0
vt 0.766621053 0.834631145 0
vt 0.84104985 0.83968693 0
vt 0.686514854 0.396094024 0
vt 0.705570161 0.305789143 0
vt 0.723889828 0.393812537 0
vt 0.696847737 0.637443662 0
vt 0.305985928 0.613171458 0
vt 0.261642575 0.310167134 0
vt 0.153351873 0.971821785 0
vt 0.0908913165 0.961981058 0
vt 0.108214378 0.931338429 0
vt 0.0857713521 0.913123369 0
vt 0.570680499 0.096228987 0
vt 0.534139693 0.0876895487 0
vt 0.5410797 0.0568169951 0
vt 0.204172343 0.513077617 0
vt 0.162529692 0.530935526 0
vt 0.160662055 0.489229918 0
vt 0.196372658 0.479162753 0
vt 0.200998098 0.875847101 0
vt 0.21537599 0.903307438 0
vt 0.197684512 0.903536677 0
vt 0.277780801 0.0426375717 0
vt 0.264833599 0.0371338576 0
vt 0.946840048 0.127442613 0
vt 0.966599345 0.0490762517 0
vt 0.952530026 0.044471696 0
vt 0.337113291 0.360446125 0
vt 0.354213029 0.347933441 0
vt 0.359487146 0.358144373 0
vt 0.342450351 0.368564039 0
vt 0.759788334 0.0624685623 0
vt 0.770130038 0.0195737593 0
vt 0.709625125 0.0558321662 0
vt 0.710262299 0.0477412865 0
vt 0.693458259 0.0478154756 0
vt 0.694107294 0.0568162948 0
vt 0.110087797 0.67201221 0
vt 0.210171998 0.608543575 0
vt 0.206220865 0.554421246 0
vt 0.487204641 0.886033714 0
vt 0.679698706 0.907678485 0
vt 0.020909531 0.461799443 0
vt 0.145290345 0.64853847 0
vt 0.107804894 0.654470086 0
vt 0.438028067 0.11727839 0
vt 0.387965977 0.0840576291 0
vt 0.177200198 0.644832551 0
vt 0.174625844 0.612791836 0
vt 0.743586659 0.449528724 0
vt 0.158295751 0.305931747 0
vt 0.184928834 0.310692072 0
vt 0.733183146 0.717973709 0
vt 0.72122705 0.688268185 0
vt 0.763243616 0.713547707 0
vt 0.104706824 0.214868575 0
vt 0.104007334 0.136417761 0
vt 0.125878975 0.141823694 0
vt 0.121523082 0.216344386 0
vt 0.146306336 0.145578399 0
vt 0.145005882 0.219530568 0
vt 0.879762948 0.132695809 0
vt 0.583425045 0.66801548 0
vt 0.566041827 0.698664188 0
vt 0.606199682 0.676766157 0
vt 0.902195454 0.970618844 0
vt 0.878653824 0.967059255 0
vt 0.87959528 0.920177937 0
vt 0.918110907 0.919531524 0
vt 0.862992942 0.994293153 0
vt 0.834521413 0.980238557 0
vt 0.84471792 0.961345315 0
vt 0.131240115 0.440317571 0
vt 0.134270206 0.387629032 0
vt 0.315962046 0.321930438 0
vt 0.302718133 0.322949558 0
vt 0.731237233 0.939510822 0
vt 0.774490356 0.945315123 0
vt 0.559710145 0.705632091 0
vt 0.528017104 0.725940406 0
vt 0.888468742 0.903053164 0
vt 0.167823464 0.566192806 0
vt 0.820560157 0.76749295 0
vt 0.816963792 0.695083022 0
vt 0.76927793 0.0906211138 0
vt 0.755626738 0.0937564075 0
vt 0.0744514018 0.512535989 0
vt 0.0806485265 0.575884819 0
vt 0.0243507531 0.425686479 0
vt 0.589266777 0.00664240029 0
vt 0.613370061 0.0481499247 0
vt 0.6318506 0.0818185508 0
vt 0.597833574 0.0953252688 0
vt 0.713137388 0.119547084 0
vt 0.714528859 0.111964509 0
vt 0.702944696 0.11035271 0
vt 0.701821566 0.117776111 0
vt 0.254757315 0.0765348375 0
vt 0.255492777 0.0533241034 0
vt 0.725658298 0.0596372336 0
vt 0.728689492 0.0525756106 0
vt 0.0807972848 0.211442769 0
vt 0.0691075549 0.134589806 0
vt 0.0861005485 0.136932686 0
vt 0.640638828 0.0320561081 0
vt 0.668544829 0.00885880738 0
vt 0.132918924 0.308287084 0
vt 0.778621316 0.378421783 0
vt 0.295868665 0.262060732 0
vt 0.293877214 0.254675895 0
vt 0.733374238 0.9710235 0
vt 0.398856312 0.170851409 0
vt 0.375728548 0.171287477 0
vt 0.365260839 0.154732227 0
vt 0.877346158 0.835548401 0
vt 0.950292289 0.155280516 0
vt 0.96600306 0.165830746 0
vt 0.975478172 0.149482161 0
vt 0.956272662 0.13564913 0
vt 0.232738733 0.0406778567 0
vt 0.242148563 0.0392721854 0
vt 0.979370832 0.0526993684 0
vt 0.135531753 0.86971283 0
vt 0.728317261 0.0896158591 0
vt 0.74048239 0.0545554645 0
vt 0.0534247011 0.845936596 0
vt 0.0217843056 0.897479296 0
vt 0.0134680569 0.847662449 0
vt 0.809114218 0.100267 0
vt 0.790144503 0.0893885344 0
vt 0.0516293645 0.809982359 0
vt 0.0697815865 0.778188765 0
vt 0.0742798001 0.304869354 0
vt 0.192848444 0.919047952 0
vt 0.307944506 0.342933983 0
vt 0.317452759 0.345006704 0
vt 0.629524589 0.646469951 0
vt 0.618865311 0.68300277 0
vt 0.647729993 0.686364532 0
vt 0.637931645 0.64669323 0
vt 0.481718123 0.355074942 0
vt 0.481456161 0.30698818 0
vt 0.479072273 0.252868712 0
vt 0.720505655 0.0838878751 0
vt 0.704203725 0.0811907649 0
vt 0.1932877 0.849365354 0
vt 0.191977501 0.854669333 0
vt 0.786806881 0.440068424 0
vt 0.0910609812 0.729182422 0
vt 0.0846175849 0.680582345 0
vt 0.983703017 0.929642618 0
vt 0.715200186 0.021075096 0
vt 0.693698704 0.0118714161 0
vt 0.936477125 0.874373436 0
vt 0.991531253 0.868360102 0
vt 0.207935035 0.315159619 0
vt 0.259649932 0.0798589811 0
vt 0.266988486 0.079775624 0
vt 0.992208362 0.0560860969 0
vt 0.739882708 0.0285906792 0
vt 0.441609561 0.0162508488 0
vt 0.45380944 0.0200604834 0
vt 0.458929539 0.553236663 0
vt 0.472143471 0.464090109 0
vt 0.108061984 0.46254462 0
vt 0.569145083 0.114000671 0
vt 0.241040602 0.0334284492 0
vt 0.255399913 0.0321191549 0
vt 0.256418526 0.00508489646 0
vt 0.237879887 0.00456561707 0
vt 0.187493578 0.965905607 0
vt 0.194489911 0.859047294 0
vt 0.198894128 0.848127127 0
vt 0.560741305 0.0188887715 0
vt 0.013563253 0.615461469 0
vt 0.25913018 0.347383291 0
vt 0.260165662 0.326950103 0
vt 0.892215669 0.874778926 0
vt 0.918981433 0.907494545 0
vt 0.23912625 0.867473006 0
vt 0.218658596 0.718023598 0
vt 0.02760683 0.779075027 0
vt 0.0309957862 0.742788315 0
vt 0.0630073547 0.738707542 0
vt 0.640358329 0.564033926 0
vt 0.211596653 0.92721796 0
vt 0.234301567 0.905672312 0
vt 0.230609521 0.93552357 0
vt 0.210268021 0.639101565 0
vt 0.73268193 0.83213532 0
vt 0.216723531 0.204380184 0
vt 0.199391901 0.134548858 0
vt 0.479479522 0.396653652 0
vt 0.770727932 0.971080661 0
vt 0.685801446 0.782091498 0
vt 0.255564153 0.037784081 0
vt 0.281845659 0.27211234 0
vt 0.273542672 0.270346761 0
vt 0.276950866 0.265432 0
vt 0.941633999 0.145851895 0
vt 0.506317616 0.0805590227 0
vt 0.526383162 0.0440954603 0
vt 0.646815836 0.639329493 0
vt 0.661422133 0.680747688 0
vt 0.993924379 0.911995828 0
vt 0.043148905 0.93299526 0
vt 0.528504968 0.103979304 0
vt 0.809516191 0.00856503472 0
vt 0.475300431 0.195898309 0
vt 0.496459812 0.0903333426 0
vt 0.790206194 0.00877237692 0
vt 0.798954546 0.00720623881 0
vt 0.587582946 0.246159494 0
vt 0.511655927 0.152517572 0
vt 0.466239899 0.123970143 0
vt 0.23081176 0.0369088873 0
vt 0.56105423 0.168406233 0
vt 0.628223896 0.175211295 0
vt 0.328331381 0.351360619 0
vt 0.683467507 0.114007592 0
vt 0.695403218 0.112780914 0
vt 0.695050776 0.07997486 0
vt 0.240890652 0.293547094 0
vt 0.696983755 0.748063862 0
vt 0.364134163 0.342164397 0
vt 0.369957477 0.351270437 0
vt 0.814635158 0.615090251 0
vt 0.819535255 0.644922078 0
vt 0.692474365 0.689681053 0
vt 0.208152413 0.0135844108 0
vt 0.487777293 0.709717155 0
vt 0.203881845 0.850124478 0
vt 0.206273779 0.854072094 0
vt 0.621879101 0.632604182 0
vt 0.604699552 0.625082076 0
vt 0.58489722 0.190302283 0
vt 0.0586178452 0.700953186 0
vt 0.486165494 0.802671075 0
vt 0.335220963 0.293780386 0
vt 0.778145671 0.485757649 0
vt 0.795879304 0.499550134 0
vt 0.0468702838 0.132358566 0
vt 0.148626924 0.916811168 0
vt 0.246336088 0.812008262 0
vt 0.0189128518 0.806992471 0
vt 0.683307886 0.71088177 0
vt 0.854891777 0.87340343 0
vt 0.104494199 0.0976298749 0
vt 0.0838792324 0.0949627161 0
vt 0.0423388779 0.0875326619 0
vt 0.375653744 0.122591704 0
vt 0.422430336 0.146172568 0
vt 0.675619006 0.11247912 0
vt 0.245610908 0.817545176 0
vt 0.55645448 0.0119678071 0
vt 0.237748861 0.878203154 0
vt 0.0245684087 0.710685015 0
vt 0.479375482 0.0444016792 0
vt 0.428655833 0.00330346823 0
vt 0.75633353 0.0152061917 0
vt 0.248053268 0.798926592 0
vt 0.245160922 0.799218297 0
vt 0.239303365 0.799658298 0
vt 0.246629149 0.809773624 0
vt 0.472184598 0.148143202 0
vt 0.410389066 0.54772079 0
vt 0.365270764 0.556164026 0
vt 0.366069585 0.510577142 0
vt 0.70469141 0.790111542 0
vt 0.710912108 0.809422433 0
vt 0.642922282 0.796536267 0
vt 0.642198086 0.77788502 0
vt 0.736176193 0.893177509 0
vt 0.735817134 0.908730924 0
vt 0.703647017 0.893562138 0
vt 0.558610916 0.788223505 0
vt 0.572787464 0.758088887 0
vt 0.580195725 0.76435709 0
vt 0.947976351 0.323903501 0
vt 0.956395686 0.35010916 0
vt 0.899529934 0.37363863 0
vt 0.422395438 0.356773734 0
vt 0.414118588 0.319124311 0
vt 0.432781965 0.308176637 0
vt 0.875014305 0.0633604825 0
vt 0.327689976 0.794376552 0
vt 0.339017153 0.778103113 0
vt 0.361650288 0.830390096 0
vt 0.225749999 0.161960095 0
vt 0.177616253 0.155526862 0
vt 0.17541869 0.134193301 0
vt 0.372547448 0.933490396 0
vt 0.381850898 0.915558994 0
vt 0.401440978 0.929195523 0
vt 0.840763271 0.0175830498 0
vt 0.858916163 0.0211989731 0
vt 0.856823921 0.0569794029 0
vt 0.257033616 0.879856646 0
vt 0.262499183 0.876572192 0
vt 0.271735698 0.882132173 0
vt 0.360050917 0.852588832 0
vt 0.354909003 0.871086657 0
vt 0.322210491 0.858378708 0
vt 0.843915105 0.637713552 0
vt 0.833472013 0.612203479 0
vt 0.871752262 0.611435592 0
vt 0.862707198 0.546422422 0
vt 0.84503603 0.478182971 0
vt 0.885508955 0.488203883 0
vt 0.790160418 0.192650303 0
vt 0.0889319628 0.377227068 0
vt 0.110002726 0.387617618 0
vt 0.122834004 0.468310267 0
vt 0.361513227 0.601695955 0
vt 0.323760778 0.632107794 0
vt 0.331023902 0.561994493 0
vt 0.32330218 0.830784321 0
vt 0.306918949 0.818635821 0
vt 0.2615906 0.843327224 0
vt 0.248279482 0.846051097 0
vt 0.252585769 0.833156049 0
vt 0.841761112 0.0835410208 0
vt 0.25102666 0.868140221 0
vt 0.258033931 0.860044718 0
vt 0.317830324 0.882726789 0
vt 0.29338932 0.909318924 0
vt 0.289607465 0.883143187 0
vt 0.349478692 0.941323102 0
vt 0.361051798 0.906412661 0
vt 0.42534098 0.391615868 0
vt 0.419437498 0.459222138 0
vt 0.376370817 0.413775355 0
vt 0.780240357 0.144169241 0
vt 0.296833575 0.768796742 0
vt 0.314129025 0.773557961 0
vt 0.310388416 0.7872172 0
vt 0.286366552 0.77864325 0
vt 0.783991337 0.838226199 0
vt 0.963995814 0.870878935 0
vt 0.782004654 0.862495959 0
vt 0.965663671 0.955560207 0
vt 0.777130127 0.970249712 0
vt 0.968005598 0.945955813 0
vt 0.847047806 0.459889054 0
vt 0.323160142 0.511086941 0
vt 0.342319965 0.477579117 0
vt 0.851918221 0.0759572089 0
vt 0.857256174 0.066091463 0
vt 0.856118798 0.0737601221 0
vt 0.856739283 0.0844964236 0
vt 0.857973456 0.0757939965 0
vt 0.270053089 0.775506675 0
vt 0.269664586 0.749971986 0
vt 0.288489521 0.765865684 0
vt 0.0175777599 0.268236339 0
vt 0.0387781784 0.217381045 0
vt 0.0463901237 0.28811276 0
vt 0.0302779377 0.301865727 0
vt 0.326830387 0.752706826 0
vt 0.358893573 0.765885532 0
vt 0.945661247 0.535917699 0
vt 0.892978907 0.546155572 0
vt 0.914759636 0.50996232 0
vt 0.397871673 0.65329504 0
vt 0.866418719 0.0795489624 0
vt 0.863524258 0.0722410902 0
vt 0.870662153 0.086853303 0
vt 0.569258153 0.982610703 0
vt 0.564224541 0.98983711 0
vt 0.534793437 0.953377903 0
vt 0.270698249 0.798896253 0
vt 0.277902871 0.789029539 0
vt 0.279619753 0.802670538 0
vt 0.303736806 0.870771646 0
vt 0.286839962 0.879509449 0
vt 0.303156465 0.873487532 0
vt 0.291554779 0.857567966 0
vt 0.28683117 0.849974751 0
vt 0.298903972 0.853502274 0
vt 0.283843726 0.854488611 0
vt 0.565382779 0.752907634 0
vt 0.613453507 0.781484723 0
vt 0.377563298 0.823784888 0
vt 0.372940898 0.849375725 0
vt 0.145123452 0.0932201743 0
vt 0.178123772 0.0717963129 0
vt 0.268387437 0.805394769 0
vt 0.269090891 0.803064346 0
vt 0.263506413 0.82033366 0
vt 0.26480031 0.829461038 0
vt 0.253967553 0.827392697 0
vt 0.25344798 0.818782091 0
vt 0.360980749 0.838773668 0
vt 0.284587681 0.875684023 0
vt 0.277118683 0.874259114 0
vt 0.313688338 0.937990248 0
vt 0.282620758 0.939229071 0
vt 0.27034235 0.955771565 0
vt 0.297405124 0.956504703 0
vt 0.286328733 0.839492917 0
vt 0.312803507 0.849474013 0
vt 0.630801439 0.887727261 0
vt 0.697182834 0.914152861 0
vt 0.628453612 0.908246458 0
vt 0.272694618 0.848395944 0
vt 0.273542941 0.841035724 0
vt 0.276279569 0.855325043 0
vt 0.266778201 0.860451818 0
vt 0.295673847 0.870486081 0
vt 0.185077548 0.290685952 0
vt 0.180075124 0.260931432 0
vt 0.217383981 0.274370074 0
vt 0.212848425 0.30034402 0
vt 0.891221642 0.667536616 0
vt 0.865716159 0.651839614 0
vt 0.291660547 0.810281157 0
vt 0.365125984 0.73136574 0
vt 0.394152045 0.758331239 0
vt 0.823992252 0.203304812 0
vt 0.822062314 0.159518629 0
vt 0.822869658 0.549938679 0
vt 0.812158048 0.481965631 0
vt 0.3373155 0.419927597 0
vt 0.311960459 0.453492165 0
vt 0.811546504 0.473820835 0
vt 0.559885502 0.815269828 0
vt 0.574281693 0.787106574 0
vt 0.256392777 0.815069675 0
vt 0.253544867 0.800912678 0
vt 0.259741783 0.797384441 0
vt 0.261241138 0.803279459 0
vt 0.258899152 0.802728593 0
vt 0.194598973 0.0314387344 0
vt 0.191087782 0.0476619639 0
vt 0.176864386 0.0280524921 0
vt 0.26386109 0.812147498 0
vt 0.261066198 0.813984334 0
vt 0.264144212 0.806059301 0
vt 0.0778756738 0.205401272 0
vt 0.107480012 0.206565037 0
vt 0.112574875 0.239950001 0
vt 0.084784776 0.256253213 0
vt 0.263751686 0.140140712 0
vt 0.284163296 0.135021687 0
vt 0.284163296 0.159701467 0
vt 0.259398997 0.189092025 0
vt 0.243340045 0.176862627 0
vt 0.259399265 0.159702167 0
vt 0.285241902 0.182927489 0
vt 0.263751686 0.18292816 0
vt 0.266433239 0.159702167 0
vt 0.263751686 0.20624648 0
vt 0.266607434 0.18292816 0
vt 0.182908237 0.0183140635 0
vt 0.253863722 0.211231932 0
vt 0.263079017 0.231108606 0
vt 0.243921876 0.231108606 0
vt 0.320269912 0.20516035 0
vt 0.320269912 0.226973087 0
vt 0.301300704 0.215547979 0
vt 0.321039021 0.20516035 0
vt 0.301300704 0.193877056 0
vt 0.321039021 0.183020487 0
vt 0.305653691 0.146895409 0
vt 0.325995296 0.135021687 0
vt 0.325995296 0.155757263 0
vt 0.253129512 0.809979677 0
vt 0.249868706 0.809906483 0
vt 0.332504362 0.20516035 0
vt 0.321039021 0.201926827 0
vt 0.332504362 0.18185547 0
vt 0.259769171 0.81012553 0
vt 0.263056159 0.783338547 0
vt 0.919323504 0.402770162 0
vt 0.946765304 0.461631626 0
vt 0.884215593 0.45467335 0
vt 0.872790813 0.40452981 0
vt 0.19354859 0.0564306378 0
vt 0.526619911 0.809169769 0
vt 0.336313248 0.717890322 0
vt 0.308898091 0.70802176 0
vt 0.317278236 0.680224001 0
vt 0.350154668 0.683363914 0
vt 0.207373947 0.0576207712 0
vt 0.2786268 0.869712472 0
vt 0.27133432 0.870401442 0
vt 0.274767101 0.867299438 0
vt 0.739901125 0.79142046 0
vt 0.739548862 0.812869251 0
vt 0.651617706 0.781316638 0
vt 0.36289838 0.664735138 0
vt 0.40612942 0.819120228 0
vt 0.408593416 0.85501498 0
vt 0.784977376 0.939121187 0
vt 0.969964743 0.93041575 0
vt 0.892154694 0.301113456 0
vt 0.943861604 0.286870718 0
vt 0.894940674 0.355661094 0
vt 0.704563975 0.86349237 0
vt 0.737645745 0.862952888 0
vt 0.96784699 0.889607012 0
vt 0.780013025 0.891871393 0
vt 0.0597854629 0.164790452 0
vt 0.0297503769 0.176450059 0
vt 0.0273186639 0.145287454 0
vt 0.0541542023 0.133618101 0
vt 0.969674349 0.850656629 0
vt 0.781952381 0.814932585 0
vt 0.406978339 0.697253942 0
vt 0.188419878 0.550695062 0
vt 0.204713941 0.54865396 0
vt 0.203334108 0.62184763 0
vt 0.190839231 0.621848702 0
vt 0.0737921745 0.161619067 0
vt 0.10187757 0.157029212 0
vt 0.855880678 0.134279013 0
vt 0.431938499 0.261995107 0
vt 0.406212658 0.264173746 0
vt 0.390881032 0.193740293 0
vt 0.434380442 0.190753415 0
vt 0.0706235617 0.386881679 0
vt 0.0876210034 0.486235023 0
vt 0.0657821 0.494694024 0
vt 0.0529050678 0.414251238 0
vt 0.165719137 0.327662826 0
vt 0.170300215 0.380866975 0
vt 0.149815187 0.382643491 0
vt 0.137742966 0.329675108 0
vt 0.0919919312 0.280094504 0
vt 0.117284097 0.28321296 0
vt 0.256263256 0.810033023 0
vt 0.0838356242 0.325119168 0
vt 0.0653645471 0.341001034 0
vt 0.0501786843 0.304553151 0
vt 0.0744624138 0.293982655 0
vt 0.183189794 0.223510906 0
vt 0.214069515 0.234057873 0
vt 0.625822842 0.146087199 0
vt 0.670092285 0.131794974 0
vt 0.91206497 0.60646975 0
vt 0.861951411 0.296204031 0
vt 0.857185245 0.212771878 0
vt 0.89525187 0.219101608 0
vt 0.860163689 0.165625781 0
vt 0.0991726071 0.57026428 0
vt 0.0883732066 0.58509773 0
vt 0.807206154 0.475652069 0
vt 0.00643648952 0.192489192 0
vt 0.29151836 0.0233642627 0
vt 0.607403517 0.793720186 0
vt 0.610571146 0.774071813 0
vt 0.378390312 0.699452341 0
vt 0.188999623 0.080624789 0
vt 0.397435308 0.88793391 0
vt 0.37094751 0.876335502 0
vt 0.190041989 0.37817356 0
vt 0.187419012 0.327544868 0
vt 0.213640571 0.337091565 0
vt 0.211884588 0.386135548 0
vt 0.707867801 0.83601886 0
vt 0.636885345 0.833332598 0
vt 0.867873132 0.371211767 0
vt 0.833825886 0.378786504 0
vt 0.833415985 0.293834627 0
vt 0.946898758 0.594372749 0
vt 0.222360015 0.135602981 0
vt 0.295183837 0.989773631 0
vt 0.348895282 0.962330937 0
vt 0.357765377 0.996231914 0
vt 0.375124186 0.950555384 0
vt 0.162952363 0.250589639 0
vt 0.162566766 0.285695583 0
vt 0.134560481 0.280765742 0
vt 0.129322827 0.238710731 0
vt 0.273825526 0.885247588 0
vt 0.41404295 0.712526679 0
vt 0.157905921 0.20887126 0
vt 0.152238458 0.154074967 0
vt 0.967595935 0.912777185 0
vt 0.783194304 0.91394645 0
vt 0.0355644748 0.328428477 0
vt 0.0979100838 0.123372361 0
vt 0.0692476034 0.122842178 0
vt 0.122096099 0.122477666 0
vt 0.125277266 0.154951334 0
vt 0.830217242 0.43567276 0
vt 0.180840701 0.456140727 0
vt 0.161900565 0.464755893 0
vt 0.924467325 0.68324101 0
vt 0.894687533 0.689764977 0
vt 0.926162958 0.650971472 0
vt 0.136722684 0.563731194 0
vt 0.148924366 0.559824347 0
vt 0.163972288 0.633858442 0
vt 0.148655772 0.642432928 0
vt 0.165784612 0.553241253 0
vt 0.178482771 0.627146959 0
vt 0.880151331 0.131494045 0
vt 0.566414475 0.951221406 0
vt 0.556238413 0.901228428 0
vt 0.592657566 0.905709326 0
vt 0.58905381 0.950214028 0
vt 0.601275861 0.977585375 0
vt 0.621745229 0.948209822 0
vt 0.629591286 0.967131436 0
vt 0.13116765 0.386371672 0
vt 0.120565012 0.334019959 0
vt 0.731325507 0.938924372 0
vt 0.689800501 0.940078318 0
vt 0.530670822 0.731857359 0
vt 0.585894942 0.888595939 0
vt 0.127642214 0.202621669 0
vt 0.067107521 0.269863665 0
vt 0.0616367534 0.205498964 0
vt 0.0438405499 0.364113539 0
vt 0.119584858 0.570616007 0
vt 0.13533169 0.644502699 0
vt 0.1231369 0.649303794 0
vt 0.666359603 0.0129521377 0
vt 0.142760187 0.4660604 0
vt 0.726279795 0.968561471 0
vt 0.384334505 0.384318709 0
vt 0.388797671 0.358986765 0
vt 0.602903306 0.825766504 0
vt 0.338348299 0.896050274 0
vt 0.423392624 0.894266367 0
vt 0.461307824 0.906205654 0
vt 0.44060123 0.951909482 0
vt 0.966041207 0.378444046 0
vt 0.425265312 0.825167775 0
vt 0.434410661 0.860194862 0
vt 0.0999379754 0.477951974 0
vt 0.287960202 0.861696839 0
vt 0.287872672 0.867143333 0
vt 0.436337233 0.727439523 0
vt 0.417482615 0.772556365 0
vt 0.493141174 0.904218614 0
vt 0.691899538 0.0145468675 0
vt 0.543172598 0.856606007 0
vt 0.491602898 0.84537977 0
vt 0.197145149 0.448342621 0
vt 0.0998969078 0.315097302 0
vt 0.235353842 0.010082392 0
vt 0.254233301 0.00917822681 0
vt 0.263806313 0.975482702 0
vt 0.284340203 0.870719552 0
vt 0.282871306 0.859069884 0
vt 0.00574512035 0.175533593 0
vt 0.585057199 0.861435652 0
vt 0.556568086 0.889738381 0
vt 0.297435135 0.728507936 0
vt 0.441981733 0.789029777 0
vt 0.471626073 0.80127418 0
vt 0.465408415 0.836892188 0
vt 0.969092488 0.503981948 0
vt 0.147459835 0.123444706 0
vt 0.740253747 0.83706367 0
vt 0.221225441 0.558064759 0
vt 0.219490871 0.630532146 0
vt 0.690893471 0.964863658 0
vt 0.789456844 0.794366539 0
vt 0.485151887 0.886475146 0
vt 0.411028445 0.98056519 0
vt 0.94670701 0.23004736 0
vt 0.389463633 0.319584996 0
vt 0.508844078 0.160307348 0
vt 0.466281801 0.132689819 0
vt 0.558336377 0.175100192 0
vt 0.898072243 0.169985503 0
vt 0.986402154 0.45053485 0
vt 0.374588609 0.263385355 0
vt 0.22494635 0.465237707 0
vt 0.699637473 0.753980875 0
vt 0.995868087 0.486891747 0
vt 0.967890382 0.642063856 0
vt 0.217055023 0.0230619479 0
vt 0.381255388 0.689983249 0
vt 0.277555227 0.859721482 0
vt 0.274245203 0.862917602 0
vt 0.367457837 0.208527029 0
vt 0.456048131 0.753874063 0
vt 0.976574123 0.833913088 0
vt 0.808394551 0.480530262 0
vt 0.107046179 0.654750288 0
vt 0.466510236 0.865812123 0
vt 0.982886255 0.65879178 0
vt 0.620541513 0.863881528 0
vt 0.125156969 0.0951630324 0
vt 0.166752368 0.0881056041 0
vt 0.950811625 0.177844614 0
vt 0.486193478 0.772124112 0
vt 0.250771672 0.799958229 0
vt 0.256314605 0.801900506 0
vt 0.339571625 0.412220687 0
vt 0.290103108 0.418901861 0

# 1054 vertex normals
vn 37.7619591 -19.9528561 -90.420784
vn -26.2581253 -62.7095566 -73.3350143
vn -36.1165237 -34.0675278 -86.80439
vn -49.2512817 -85.7901001 14.6413765
vn -70.4354782 -23.5527592 66.9635086
vn -86.8846741 -43.6286926 23.4006519
vn -29.3087673 -13.5049362 -94.6499634
vn -48.5679359 78.509613 38.4368973
vn -72.6151428 20.1768188 65.7262268
vn 7.78281164 69.6134949 -71.3679886
vn -91.7466125 39.6390457 -3.36267352
vn -97.0478363 -24.1175079 0.246653646
vn -95.6829834 -25.5702744 13.8176613
vn -78.0106812 -10.5366163 61.6709976
vn -42.4357491 39.1124153 -81.6665649
vn -67.0326996 -19.9528599 -71.4737778
vn 3.43493485 -34.0675316 -93.9553375
vn -1.08295202 -62.7095566 -77.8867188
vn 51.2590866 -85.7906876 -3.53046346
vn 89.5779877 -43.6286736 -8.50427914
vn 96.7066956 -19.1793766 16.7322445
vn -5.68903732 -13.504941 -98.9204407
vn 58.9523392 78.5098114 18.9955101
vn 77.7848663 21.2759438 -59.1341782
vn 99.60112 3.65607667 8.13946724
vn 84.7606812 39.6392288 -35.2754822
vn 90.9902649 -24.1175728 -33.750782
vn 97.9989166 -10.714571 16.7753162
vn 94.4637833 -25.5702553 -20.5610771
vn 11.1532545 39.1126938 -91.3553543
vn -29.771307 0.274461746 -95.4651489
vn -60.6811371 -28.4060745 -74.2353973
vn -52.2517891 -0.999858558 -85.2569656
vn 32.9595108 -78.6101761 -52.2887344
vn 18.1210175 -84.7950211 -49.8139992
vn 31.4965992 -93.9435806 13.511795
vn 56.0782776 -81.3999329 15.1419659
vn -30.0642853 92.7674637 22.1435432
vn -37.6587563 91.003891 17.3236618
vn -45.9696083 76.2684937 -45.4962959
vn -40.1579819 -66.8404694 62.6074257
vn -33.8134422 -83.5040131 -43.4019585
vn -86.0269623 -44.5821724 -24.7344551
vn -91.6840134 -6.52396917 -39.3888397
vn -82.6335373 -42.6460342 36.783329
vn -82.8873062 -29.6091003 -47.4657478
vn -55.2153702 -10.5116701 -82.708931
vn -36.2263718 17.623394 -91.5263138
vn -66.3765488 14.3591547 -73.4027939
vn -15.1692429 73.0927963 66.5382385
vn 2.38450193 93.7413559 34.7400627
vn -49.5900803 84.2037506 21.2262306
vn -86.4515381 -23.7820053 44.2780647
vn -97.1317062 -17.5989151 15.9909658
vn -84.688591 -44.0051651 29.856123
vn 86.2445145 -27.9251976 -42.2145157
vn 54.1002235 -35.4965782 76.244072
vn 83.7933807 -11.3288288 53.3884544
vn -3.65085173 72.1950302 69.0980988
vn -89.1076202 42.0509186 -17.0748463
vn -66.9405746 32.5501442 -66.7791061
vn -95.0323029 16.3314095 -26.4980354
vn 26.3049221 -96.2009277 7.30985737
vn 14.6037607 -55.538765 81.8668289
vn 61.0621414 -46.140686 64.3618698
vn -3.94905281 7.1443243 99.6662521
vn -36.0099945 -18.5275211 91.4330978
vn -19.9793797 -10.7116213 97.3965378
vn -93.0517349 -10.6515646 35.0417023
vn -87.6971436 -6.10184383 47.6652832
vn -94.6355972 -2.87621522 32.1843185
vn -50.3867149 82.7428131 24.7952766
vn -33.0432396 87.6788406 34.9366035
vn -6.20149851 93.484787 34.9590607
vn -71.246788 -70.1193542 2.67827344
vn -2.92171383 -97.8858566 20.244091
vn -68.7276154 -72.1297455 8.59155273
vn -14.0079327 48.585453 86.2741699
vn -25.47649 60.0678406 75.7812881
vn 17.9500217 44.7718811 87.597229
vn -22.1612492 30.558712 92.601532
vn -55.7257652 11.0715981 82.2925262
vn -5.085495 7.48746729 99.5895462
vn 17.776989 4.06120157 98.3233643
vn 12.6100903 -4.11530066 99.1163483
vn 17.6940823 -10.4594707 97.8647995
vn -41.4859848 20.3719978 -88.6786041
vn -86.7949371 11.6419258 -48.2815208
vn -87.4439163 14.0394163 -46.4376755
vn -44.6486359 27.3860798 -85.185112
vn -44.1774063 -0.706165552 -89.7098541
vn -41.4157944 71.1631927 -56.7497368
vn -70.3505783 -12.8862619 69.8909225
vn -79.9943619 -17.3665638 57.4395828
vn -52.7286453 34.0513039 77.8472824
vn -50.8898468 28.5604515 81.2066803
vn -35.6138458 45.7121162 81.4988098
vn 16.924263 30.8445702 93.6065369
vn 14.6537123 56.7135773 81.048378
vn 54.8190651 -83.2594376 -7.92067575
vn -15.7125111 8.72251701 98.3719254
vn -55.5262337 12.0055695 82.2964401
vn -88.9759598 4.32925701 45.4371605
vn -56.2038651 -25.1336689 78.7999115
vn -78.769516 10.6044102 60.6869888
vn -97.6747971 8.2812233 19.7751389
vn -84.5149612 46.9138756 25.6185608
vn -75.2402267 17.4250584 63.5238266
vn -98.6438065 -0.548674285 16.4042091
vn -99.0507355 13.6519527 1.60514677
vn -74.6624146 55.3752174 36.8660736
vn -48.8227119 -32.2782059 -81.083046
vn -82.8119965 -39.385376 -39.8869324
vn -46.7734222 -32.5459137 -82.1766968
vn 12.7470016 -69.7629242 70.5028229
vn 57.2667847 -73.0557709 37.1936798
vn -11.4640703 -78.3843918 -61.0283623
vn 9.88955688 -65.4604645 -74.9474792
vn 77.5760803 -43.6023064 45.6156998
vn -74.479805 -54.9372673 37.876873
vn -75.6016083 -32.9283943 56.5695724
vn -81.2468262 -21.6949806 54.1136017
vn -71.859726 -55.8802681 41.3953362
vn 55.1674652 -44.5696182 70.4989319
vn 29.0569801 43.4060631 85.2737122
vn 75.3402252 0.604779601 65.7532043
vn 34.6033974 -90.079567 -26.2350368
vn -7.52090645 -59.7490692 -79.8341064
vn 5.40234327 -85.8438263 -51.0063896
vn -5.78892517 -4.64140177 99.7243576
vn 17.5394058 -15.9446249 97.1500702
vn -86.3558121 -47.0697212 -18.0863056
vn 31.9256935 -94.0891953 -11.3125315
vn 20.7883587 -95.4404907 -21.4233036
vn -81.1387634 -56.061058 16.5426617
vn 95.9953308 3.82522678 27.7536278
vn 94.0130157 -18.3832092 28.6986275
vn -91.2483292 -40.891613 1.27180088
vn -86.6915207 31.098238 -38.9548492
vn -94.3801117 32.9717102 2.29374647
vn -38.6960373 -59.4532051 70.4835587
vn -40.7630119 -86.0024033 30.691433
vn 3.37887931 -98.1800461 18.6885281
vn 12.2209921 -72.675415 67.5938721
vn 66.4985352 73.826561 11.2953014
vn 64.5169144 76.1945877 5.65269232
vn 96.0589905 25.2131519 -11.7032747
vn 92.2610397 -18.021286 -34.1047516
vn 89.8981781 -19.7488823 -39.0934563
vn 31.8765221 -18.0970039 -93.0396957
vn 19.0342655 -12.0996132 -97.4232788
vn -86.6369629 -30.2510281 39.7355347
vn -51.9932594 -63.1325378 57.5411415
vn -91.4879227 38.2129898 13.0279484
vn -28.5504951 -2.07592249 95.8152313
vn -67.0348663 7.59253883 73.8151779
vn -45.4556046 28.8416519 84.273056
vn -36.4713287 48.0078049 -79.7815247
vn -20.1589508 62.0819054 75.7591858
vn 45.9383621 -49.8734741 73.500351
vn 30.8063889 -58.6601677 74.8996048
vn -13.7503281 64.6570282 75.0359802
vn -13.4133806 -73.3712921 -66.6088181
vn -74.5441132 42.4539375 -51.3890877
vn -73.9084549 42.6300392 -52.1557312
vn -25.0772991 -86.4153671 -43.6292648
vn 63.0435257 -77.4635315 -4.99147463
vn 94.8054962 14.5852795 28.2699089
vn 4.4492631 68.8560791 72.3812561
vn 30.7387638 70.45401 63.9637413
vn 21.5727329 86.3835297 45.5247421
vn -59.4643402 -8.09589958 79.9902954
vn -71.9242859 -4.80262423 69.3096848
vn -65.4043579 -13.1475744 74.4943771
vn -39.9286079 -32.4394264 85.7519073
vn -36.1092377 -50.9689407 78.0915604
vn -56.8267288 -25.0162601 78.3894806
vn -36.2079353 33.4079971 87.0223618
vn -65.0023727 -4.21443748 75.8744431
vn -46.7434158 31.6199875 82.5544205
vn -35.5143242 62.5113297 69.5058823
vn 21.0277176 -97.4841385 7.39448261
vn -59.4268799 79.68367 10.9067812
vn -97.1459885 -21.5063858 -10.0066137
vn -98.635025 -16.1811256 3.05025744
vn 10.6082258 -97.0009384 21.8696709
vn 23.2457085 -59.7585716 76.7368927
vn 17.7916603 0.111346617 98.4045029
vn -51.273983 2.24536014 85.8250351
vn -56.8283157 6.12203121 82.0552444
vn -62.2780838 6.80088377 77.9434891
vn -69.2037735 15.5153017 70.4990311
vn -74.8920746 60.9065132 26.106987
vn -46.4803429 -23.3606091 85.4041061
vn -8.45553589 -38.118885 92.0622253
vn -94.1869202 -15.6515846 29.7296486
vn -42.1125679 -43.3157043 79.688652
vn 33.5649719 46.46772 81.9398804
vn 37.492363 15.436883 91.4113007
vn 65.6063004 15.7306681 73.8130112
vn 72.7680054 39.0680084 56.3782654
vn -2.91509008 46.4966736 88.4848022
vn -38.066124 70.8110123 59.4707375
vn -48.1206398 38.45895 78.7738113
vn -36.5832253 -52.9351425 76.5476227
vn 69.2839966 -48.2892532 53.5525589
vn 72.114151 54.0727043 43.3092537
vn -45.6461258 56.246254 68.9404831
vn -74.1405258 -12.805315 65.8726578
vn -65.3561249 -7.50917721 75.313942
vn -58.639492 76.930336 25.3600388
vn -57.7321701 56.2887039 -59.1487808
vn -45.6911278 65.3370285 -60.3605461
vn -42.7189255 41.7274055 80.2117081
vn -50.6241341 11.0938148 85.5226593
vn -52.3928452 4.42946243 85.0609741
vn -39.6363945 60.8752708 68.7252426
vn -34.5684967 -13.3559608 92.8796997
vn -46.1038933 87.9673691 -11.6692982
vn -66.7979584 74.0326538 -7.56304407
vn 87.9125519 -22.7212391 41.8942642
vn 91.6013031 -18.4069328 -35.6424713
vn 80.5512924 -25.9162331 53.2901268
vn -52.9636993 56.692585 63.0935707
vn -55.6468735 71.433197 42.4349327
vn -78.40979 -5.02356911 61.8600769
vn -96.2740173 10.193202 25.0481892
vn -74.1307602 7.33794832 66.7142105
vn -12.3931713 -71.7487259 -68.5458221
vn -11.6499939 6.56565952 99.1018219
vn 4.07396889 6.77253962 99.6872025
vn -69.2531281 -0.944468081 72.1325989
vn -52.2264824 -4.24366283 85.1726837
vn -54.0130615 -3.9275496 84.0664291
vn -24.2564831 -5.49754429 96.8576202
vn -23.7217426 -5.88111353 96.9674835
vn -28.802166 -2.19499159 95.7372284
vn 20.1529655 32.2668381 92.4808578
vn 8.55120564 2.64653349 99.5985718
vn 17.6925735 12.8054848 97.5858154
vn 5.79597378 -21.2556038 97.5428391
vn 17.3377686 -22.6376057 95.848526
vn 17.7232342 -11.7954493 97.7074966
vn 16.4540787 38.0406952 91.006424
vn 9.83843899 -17.4440651 97.9740219
vn 43.8165588 70.9702759 55.1663704
vn -57.0594101 54.5815811 61.3602104
vn 56.4898376 -49.1422958 66.2867432
vn 5.46348333 95.6277237 28.7313023
vn 73.4628983 -66.9938889 -10.7248402
vn 0.454670131 -99.3791733 11.1163578
vn 13.0067263 -33.0045738 93.4961166
vn 28.825407 -91.1270065 29.4102821
vn -62.1316414 -54.0886078 56.6928673
vn -2.33925247 -98.3452301 17.9650249
vn 30.6029472 -47.3395271 82.5979843
vn -11.7510567 -2.82545161 99.2669678
vn 10.421504 4.75239229 99.3418732
vn -26.6822281 -6.07818317 96.1827087
vn 17.7582092 -6.13007212 98.2194901
vn -55.4491272 7.25907326 82.9017563
vn -24.5022507 3.76895523 96.8784485
vn 53.0265388 78.8090897 -31.2620296
vn 10.9204016 96.5569382 23.611475
vn 3.38374305 86.6492996 49.8041153
vn -28.7888241 -5.20130253 95.625061
vn -17.1961155 -2.85037613 98.4691238
vn -42.3016205 5.96437025 90.4157104
vn -88.5170135 3.76799059 -46.3739281
vn -81.6388702 -4.55566883 -57.5703163
vn -96.2008057 4.82321262 26.8727226
vn -95.9589386 9.72859001 26.4052353
vn 13.027257 2.72417426 99.1103897
vn 11.3154335 -0.843739927 99.3541641
vn 12.2766247 0.395053238 99.2427826
vn 12.1013098 1.41530967 99.2550049
vn 32.9310799 81.3839645 -47.8768845
vn 16.8274918 30.7352829 93.6599045
vn -16.7297668 -14.5535583 97.5105515
vn 4.84363365 -13.8003855 98.9246597
vn -9.15810776 -10.4385481 99.0311279
vn -8.16169739 -9.9352417 99.1699371
vn -5.63259888 -3.16757679 99.7909775
vn -7.23716736 -1.89312923 99.7198029
vn -60.8249397 -0.920293093 79.3692627
vn -19.7499199 -1.87430966 98.0123901
vn 17.0696774 -28.1982155 94.4112625
vn -31.5630264 -22.0517769 92.2902832
vn -92.7085419 -30.0988674 22.3424473
vn -48.7548523 -26.373785 83.2309341
vn -58.3611412 -5.31979418 81.0288773
vn -90.7347488 -25.768364 33.2143898
vn 51.9288864 13.9658785 84.310997
vn -8.47409153 93.8629837 33.4354553
vn 27.794302 61.8302269 73.5152969
vn -28.7062416 11.3890572 95.1117325
vn 16.8354244 32.3428001 93.115593
vn 17.6976547 10.2667427 97.8845596
vn 99.4557877 10.2508745 1.86145544
vn -49.5093307 -86.7048492 -5.57635975
vn -57.7096405 -79.0847855 -20.3763237
vn -55.2183685 -81.8989792 -15.6040916
vn -48.1252861 -87.5970688 -3.27242851
vn -5.59973717 -79.0601044 -60.9765663
vn -83.8025055 36.3390236 -40.7015228
vn -82.5188065 38.9808006 -40.8796387
vn -6.86301565 -86.5517807 -49.6154099
vn 74.4860535 -66.124115 -8.91226196
vn 16.5383224 -36.8686485 91.4723206
vn 56.2155647 -80.2340469 20.0576668
vn 32.7015839 -76.8984375 -54.9293709
vn 17.22859 -93.0263977 -32.3923645
vn -15.1617002 -98.1509171 -11.6841965
vn -97.4066162 -19.9558926 -10.6637335
vn -91.6260605 6.74951744 -39.4855614
vn -43.9212914 84.0535889 -31.7161446
vn -92.3757553 -13.2093706 -35.9476166
vn -89.0935364 -26.9544411 -36.5486069
vn -53.6833572 -7.61463213 -84.0244904
vn -57.8675766 29.9893665 -75.8418274
vn -93.7342758 9.06928444 33.6397324
vn -84.0064468 -30.0381794 45.1732788
vn -94.7951965 15.900363 -27.5870857
vn 9.97901535 52.6883659 84.4058914
vn -7.22829962 60.5648918 79.2442169
vn -1.93207097 91.4477081 40.4175949
vn -29.9530411 90.3514481 30.6501369
vn -63.1336288 -6.45570326 -77.2817459
vn -67.1265182 -0.651267529 -74.1188812
vn -19.0246677 -21.6478329 -95.7571487
vn 8.16264153 -22.8726616 -97.0062561
vn 58.0613861 -80.6880798 10.8770657
vn 44.0321693 -87.5429688 19.9347801
vn -53.2523575 49.9722519 -68.3151474
vn -16.1920166 41.441124 -89.5569839
vn -16.7587509 33.577076 -92.6915436
vn -14.9677639 10.427763 -98.3220596
vn -87.0188141 8.22654343 -48.5803452
vn -86.6244659 -3.04302025 -49.8692436
vn -13.42453 2.48710489 -99.0636063
vn 26.8239918 -13.6110811 95.3688126
vn 6.1555829 39.8134079 91.5259628
vn 91.7746811 11.8831606 37.8972015
vn 91.1353149 -11.395998 39.5536041
vn -95.8158646 7.1289854 -27.7218018
vn -94.0913391 13.881628 30.8888474
vn -31.5398369 16.2998543 -93.4855728
vn -63.2709618 21.1730289 -74.4881668
vn 35.7550354 11.3213625 -92.7006073
vn 97.26474 -8.25628567 -21.711834
vn 97.3901978 -5.27151585 -22.0762672
vn 44.5376778 0.129581004 -89.5342331
vn 19.1201572 -24.7993164 94.9705963
vn -63.3207474 -11.8527126 76.48526
vn -57.6141777 -8.628932 81.2782135
vn 26.4775734 -18.0442734 94.7277298
vn -83.4101257 -5.06537676 -54.9280548
vn -96.8852768 2.59734845 24.6271553
vn 62.3207016 64.9316788 43.5890732
vn 65.7600174 -48.8593407 57.3444443
vn -7.86457253 1.76497126 99.6746368
vn -41.007576 9.52382755 -90.706543
vn -35.3097763 -11.8545475 -92.8045807
vn 29.7421799 -18.3362484 -93.6973038
vn 19.346117 4.7111001 -97.9976196
vn 86.9618378 -17.6078339 46.1259499
vn -7.28844547 -80.8940201 -58.3355484
vn -7.71005583 -69.4163513 -71.5676346
vn 27.7377319 -96.0708466 -1.00568569
vn 44.7780647 -60.6567001 65.6939087
vn -30.0911713 61.1576309 73.1728363
vn 6.86833143 -64.259819 -76.3118744
vn -88.6020737 29.6607113 -35.635849
vn -60.8809776 5.20454168 79.1607208
vn -92.1382904 15.2710228 35.7397652
vn -58.1808701 12.0012045 80.4422607
vn -8.55860329 -57.2966423 -81.5097961
vn -69.8081436 -58.4765167 -41.3197441
vn -34.3404388 42.8296738 83.5844193
vn -56.356617 -25.8737144 78.4505157
vn 44.646759 -71.5957489 53.6723061
vn 67.4626541 -43.3888817 59.7176361
vn -56.3564491 11.2554197 81.8368225
vn 97.6193848 -10.8803902 -18.7636223
vn 56.4356308 -8.10128593 -82.1546707
vn -48.0582886 41.5546455 -77.2244263
vn -52.448616 83.5757141 -16.2555618
vn 95.3987732 24.306078 -17.5581875
vn 74.1483002 -65.3558197 -15.1870737
vn 71.0049133 -67.489357 -20.0870171
vn 97.0366287 11.223649 -21.3991394
vn 4.19150496 97.1693192 23.2498398
vn 92.9775467 36.7929802 -1.20501959
vn 95.3035889 30.2180519 -2.02363801
vn 4.19454575 97.1936874 23.1471882
vn -22.940176 -80.4700165 -54.7569504
vn 49.0991592 -54.3127022 68.1131668
vn 14.9567461 -88.0772324 -44.9299088
vn 21.7556763 -93.7546005 27.1434593
vn 44.833252 -86.2776031 23.3699379
vn -99.264389 -11.0799093 4.88013124
vn -93.6268539 -7.47323847 -34.3243561
vn -13.2271109 85.0361099 50.930378
vn -48.9723015 26.454361 83.0775528
vn -39.0566063 -40.6034088 82.6192703
vn 91.3815002 -21.0552502 34.7289047
vn 91.7298431 -19.2780838 -34.8423805
vn 87.3461075 -27.6673031 40.0646744
vn 42.806366 -26.7361431 86.3295746
vn 12.7332001 -26.1514206 95.676384
vn -50.9927025 -20.1557045 83.6270981
vn -16.712513 4.69661617 98.4816437
vn -8.5850296 -13.7152262 98.6822739
vn -19.9438686 51.5393105 83.3423233
vn 8.79308414 86.9336472 48.6335487
vn -0.870040774 99.8803558 -4.81223774
vn -47.2647667 87.2912064 12.0949621
vn -61.8645439 70.7438583 -34.1772652
vn -28.2947559 50.7431602 81.3912811
vn -76.6627655 36.9089432 -52.5409164
vn -79.780777 26.4251137 -54.1917191
vn 16.3533058 -11.6051655 97.9688187
vn -58.6473503 -0.879112184 80.9920731
vn -58.5587273 -2.86822033 81.0101776
vn 12.8635387 -17.758316 97.5662384
vn -3.07909226 15.4116144 98.7572861
vn -35.5481567 15.6996613 92.1403809
vn -1.9589504 -74.7581482 -66.3881226
vn 67.3805084 -48.2114563 55.9957314
vn 5.18647242 -51.4491119 -85.5925827
vn -64.9712067 37.8038025 -65.9516068
vn 68.083313 1.24286783 -73.2333069
vn 75.8522491 9.07022762 -64.5303726
vn 85.2468567 -9.56235027 51.395874
vn 27.6977482 -52.2183075 80.6602936
vn 61.5763206 -59.1921577 52.0062027
vn 57.367012 -51.3019524 63.8524399
vn -9.51948452 60.3793373 79.1436462
vn -9.99164486 55.5241203 82.5665741
vn 7.24235535 -0.685653329 99.7350464
vn 10.970129 -6.82671928 99.1617432
vn -60.977253 69.7276306 -37.6806679
vn -92.8228302 14.954978 34.0627365
vn -96.9666214 13.556304 -20.3396664
vn -65.3785553 -75.6148758 -2.83462191
vn -54.8110428 10.4068565 82.9906387
vn 3.09722257 -19.6238346 98.006691
vn -56.1248283 -8.34458256 82.3430099
vn 33.3867531 -13.4295855 93.3004379
vn -28.8123779 90.2705307 31.9543133
vn -68.2960587 70.9322357 -17.4432335
vn -85.301033 -2.46147156 -52.1313248
vn -97.0912781 -6.11717081 23.1487541
vn -63.3728409 -8.88079643 76.8440857
vn 25.0618401 -64.5144501 -72.1788712
vn 70.4061279 -42.2168121 57.1026955
vn -5.43454552 -21.2513638 -97.5645676
vn -10.1441698 -29.456234 -95.0232925
vn -59.0050812 54.7334175 -59.351963
vn -46.4778214 64.9191284 -60.2106285
vn -9.97451019 -34.6603508 -93.2693481
vn -98.148735 -3.19976401 18.8835068
vn -95.6703415 1.26209998 29.0790367
vn 77.0701447 60.4174805 20.2465153
vn -4.64409876 84.2335434 53.6948967
vn -21.6055679 -5.41677952 -97.4877319
vn -9.4716568 -18.4290276 -97.8297348
vn -62.7080307 73.6070786 25.4892254
vn -56.897625 4.68443823 82.10186
vn -34.6352043 -6.3664341 93.5941772
vn -36.0656662 -6.25177622 93.0601044
vn -32.9514427 -15.9934292 -93.0505905
vn -44.0641327 -4.06931353 -89.6760559
vn 9.24824333 -84.6122589 -52.4903297
vn 27.4118996 -63.6038589 -72.132782
vn 4.47882986 -72.6706161 -68.5486832
vn 54.8347778 -52.7557449 64.884346
vn -92.3018875 -38.4626846 -0.991955042
vn -2.89021039 -84.1728058 -53.9127617
vn 56.491848 -71.7105484 40.8199615
vn -36.4411087 -27.2031479 89.0619659
vn -37.746727 -31.454977 87.0963135
vn -15.8266201 51.2205772 84.4154663
vn -16.3035717 -2.02362347 -98.6412659
vn -94.156929 1.94985199 33.6254158
vn 17.7190018 -9.02877235 98.0026474
vn -45.2576942 59.070507 66.8013306
vn -39.1170769 -46.9214287 79.1721802
vn 61.1233826 -58.4266014 -53.3878784
vn 6.01431608 -33.276535 94.1089859
vn 46.6366234 -83.2498016 -29.9081421
vn -81.4527206 40.6651344 -41.3739166
vn -93.1210175 8.6791687 35.3998642
vn -67.0478897 0.0984355807 -74.1928024
vn -16.3684826 39.1896782 -90.5330963
vn -17.7803211 3.56668544 -98.3419571
vn -61.7949638 -29.548378 -72.8579102
vn -71.2554779 -20.8752365 -66.9841919
vn -32.4801636 9.81395054 -94.0676575
vn -54.1397858 -23.4737968 80.7332916
vn -27.5194893 49.3317528 82.5170135
vn -79.6066437 30.2819328 -52.4002457
vn -91.3543625 -35.848774 -19.2157879
vn -17.7029743 -9.97283363 -97.9139862
vn -17.5791416 15.4106169 -97.2290497
vn -17.6341228 13.2787762 -97.5331421
vn 79.5974808 -40.7160873 44.7933197
vn 51.9570503 81.1959915 26.60219
vn 80.4896088 -9.38785648 58.5942726
vn 77.2106934 -23.4822044 59.0516281
vn 53.7089462 79.6341629 27.8163376
vn 17.5306854 -17.0653267 96.9610748
vn -92.1845398 20.7493725 -32.7333679
vn -18.3665943 50.914978 84.0852814
vn 93.8669739 -7.45280886 33.6667366
vn -17.7908096 0.981975377 -98.3998108
vn -17.0219822 -29.094696 -94.1474991
vn -84.4960861 4.26021814 -53.3128586
vn -23.9043713 58.7046547 77.3456268
vn -78.6942139 43.9101601 -43.3488083
vn -9.7779789 65.2476196 75.1474457
vn 15.1191139 52.7133865 83.6224365
vn -1.22284818 -96.2090378 27.2456589
vn 2.52207184 -95.6213684 29.1580734
vn 1.00619185 99.4327698 -10.5883503
vn 6.26007032 99.6101151 -6.21577501
vn -89.6126022 -38.5146027 -22.0501194
vn -75.2969513 -65.5165024 -6.16103935
vn -33.6825333 46.7637711 81.7229233
vn -41.8641243 89.3952942 15.9961281
vn 17.3281574 22.6749363 95.8414383
vn 13.0651045 -67.8786545 72.2619705
vn -17.095787 -27.6943035 -94.5555954
vn -17.6150265 14.0570278 -97.4274673
vn -67.0754166 16.8179111 -72.2360535
vn 17.5355663 16.9058304 96.988121
vn 48.4084015 -33.0435219 81.0231705
vn 98.4622574 -1.64901388 -17.3915138
vn -16.8266392 -32.4867363 -93.0670624
vn -10.1424179 60.9353294 78.6385269
vn -69.6669464 52.4130325 48.9835777
vn 5.12438345 -84.6740494 -52.9532318
vn -28.1452141 93.5937576 21.1673393
vn -11.5714064 75.9606171 -64.0006866
vn -72.399353 37.421402 -57.9480095
vn -41.7188339 -39.1891022 81.9984894
vn -16.8105125 -32.7495003 -92.9778366
vn -95.1604233 20.2284241 -23.1366596
vn -11.1284771 48.4229622 86.7834778
vn 16.0779514 42.8211746 88.9260788
vn -30.5254383 87.6684723 -37.1811295
vn -26.6454449 90.2333145 -33.8817024
vn -82.1040115 -8.07479191 -56.513092
vn -79.0448532 14.8513975 -59.4251556
vn 45.2551193 -71.3280334 53.5190315
vn 94.7244644 -32.0417519 -0.776489794
vn 4.9985733 -96.0139771 27.501442
vn 4.94700146 -96.0298233 27.4554119
vn 91.0439072 -41.3537292 0.935907245
vn -81.0253906 38.4772453 44.2084465
vn 17.7834339 3.04258156 98.3590088
vn -16.9689751 -30.0568256 -93.8543625
vn -36.773716 50.512104 78.0783081
vn 3.99678373 -97.4440994 22.1059475
vn 3.92976975 -97.5301666 21.7352982
vn 10.1700468 -96.9515228 22.2929268
vn 11.7648668 -97.5585403 18.5450592
vn 10.3373556 -96.8540192 22.6370926
vn 16.5655003 -36.4810104 91.6227036
vn 17.7843208 2.86397123 98.3642044
vn 17.7320385 8.18063068 98.0747375
vn 12.1746674 7.49096346 98.9730377
vn 11.8560715 1.89348936 99.276619
vn 17.7095718 9.59561825 97.9504776
vn -5.71243668 0.347455025 -99.8360977
vn 19.0354748 -0.185678422 -98.1713638
vn 32.0696678 -29.28055 -90.0787735
vn -49.182148 -78.6101532 -37.4374123
vn -47.2260017 -81.39991 33.819519
vn -24.7713909 -93.9435654 23.6851158
vn -34.4164696 -84.7950211 -40.3151588
vn 35.9146614 92.7674637 10.2144613
vn 27.1284981 76.2685089 -58.7125244
vn 41.3406334 91.003891 3.04048538
vn 61.468956 -66.2301788 42.8384132
vn 72.3545074 -44.4501686 -52.8110504
vn 17.0800781 -83.8255157 -51.7837143
vn 71.6162949 -5.43860912 -69.5811005
vn 68.6571655 -26.9001942 -67.5468216
vn 90.229744 -42.7520866 5.55443764
vn 24.4882145 -7.33495426 -96.6774292
vn 36.3469658 14.7230091 -91.9898453
vn 1.88440502 17.6233902 -98.4168015
vn 37.5076752 73.0927887 57.0141945
vn 53.8830986 84.2037354 2.51815057
vn 9.93087196 93.7413635 33.3756638
vn 96.3534164 -23.8039818 12.2225485
vn 89.460968 -44.6756172 -0.909318924
vn 96.969101 -17.4644947 -17.0875149
vn -95.5661697 -27.9252014 -9.34291172
vn -59.7942238 -11.3288288 79.3492889
vn -23.9778786 -35.4965782 90.3606873
vn 27.6148872 72.1950378 63.4452095
vn 77.4874649 42.0509415 -47.1954575
vn 79.7374725 16.3314095 -58.0966377
vn 39.3195419 32.5501404 -85.9910736
vn -22.0799618 -96.2009354 16.0579147
vn -34.6596413 -46.1407127 81.6685028
vn 14.9869537 -55.5387383 81.7975464
vn 38.5977745 7.14432573 91.9737396
vn 52.818531 -10.7116108 84.2345734
vn 65.7461166 -18.5275326 73.0354691
vn 98.8354416 -6.10184956 13.9400005
vn 55.8790207 82.7428131 5.5822978
vn 18.0500221 93.484787 30.5743561
vn 43.1845818 87.6788406 21.1545181
vn 67.6740646 -70.1193542 -22.4387932
vn 67.3849487 -72.1297455 -16.0177727
vn 9.82534695 -97.8858566 17.9394169
vn 43.3305473 48.5854568 75.9072952
vn 15.410532 44.0734558 88.4310226
vn 50.6916962 58.9513168 62.8895264
vn 53.8648834 30.7167931 78.4541473
vn 40.7646179 9.28926563 90.840271
vn 79.8377991 12.5231791 58.899025
vn 22.8944473 -4.11529922 97.2569275
vn 7.80819893 20.3719997 -97.5910492
vn 65.6475143 14.0394163 -74.1167984
vn 64.3939819 11.6419258 -75.6166611
vn 11.9938812 27.3860836 -95.4261475
vn 19.1597996 70.0076981 -68.7882538
vn 10.2828083 -0.239502668 -99.4696198
vn 94.9652786 -16.6553917 26.5366631
vn 90.3694992 -12.8862724 40.8325729
vn 76.6491852 34.0513 54.4556046
vn 61.896492 45.7121277 63.868824
vn 76.1031876 28.560421 58.2461166
vn -54.1219864 -83.2594452 11.7760258
vn 49.1632233 8.72253323 86.6423492
vn 80.8275604 12.0055799 57.643486
vn 99.2531204 4.32925701 11.4051247
vn 95.0508957 10.4877205 29.2460899
vn 80.2379456 -25.1336746 54.1310501
vn 88.134903 46.9138985 -5.5967617
vn 98.4155197 8.28122425 -15.6782436
vn 92.7201309 17.4250584 33.1563797
vn 82.8445282 55.3752289 8.3886137
vn 93.3420105 13.6519527 -33.1797142
vn 98.1428452 -0.54867506 -19.175066
vn 22.3101807 -30.5167542 -92.5796051
vn 16.6536064 -33.540081 -92.7238998
vn 67.1450806 -39.8058624 -62.5062523
vn -40.6177483 -73.0557632 54.8912926
vn -56.6922379 -43.602314 69.8915482
vn -35.5067978 -65.4604492 -66.7397614
vn -10.6311674 -78.3843918 -61.1789589
vn 83.0273666 -54.9373169 9.39942455
vn 81.8051605 -55.8803635 13.6126137
vn 95.0513687 -21.6950626 22.2387218
vn 90.6235352 -32.9284286 26.5158939
vn -26.989254 -44.5696068 85.3529663
vn -47.5465851 0.604737103 87.971344
vn 2.64170527 43.4060707 90.0496216
vn -41.5990257 -90.079567 -12.4575596
vn -22.9205265 -85.8438263 -45.8855782
vn -20.9095993 -59.7490768 -77.413414
vn 40.3415375 -4.64140272 91.3839035
vn 74.2185059 -47.6574974 -47.1208725
vn -33.8656578 -94.0891953 0.582655668
vn 81.7944794 -56.0610962 -12.9158154
vn -26.9738407 -95.4404678 -12.7878265
vn -80.1998444 3.82521129 59.6100044
vn -78.0122223 -18.3831501 59.8009453
vn 67.562851 31.0982742 -66.8442841
vn 85.9168777 -40.891613 -30.7598476
vn 89.2082062 32.9717026 -30.8992558
vn 60.926384 -59.4532318 52.4717827
vn 48.9291458 -86.0024109 14.4749784
vn -58.333477 73.826561 33.8650932
vn -94.0755997 25.2131557 22.6733036
vn -58.4530983 76.1945877 27.885828
vn -98.3621063 -18.0212917 0.360150158
vn -51.9426041 -12.0996132 -84.5905762
vn -62.4368935 -18.0970039 -75.987709
vn -97.8956604 -19.7488823 -5.1400919
vn 68.8500443 -63.1325264 35.6925163
vn 94.9140167 -30.8909302 6.08942175
vn 90.2577591 38.2129898 -19.8319035
vn 60.2933006 -2.07592344 79.7521744
vn 69.8769836 28.5140457 65.6060638
vn 87.9357834 7.7660718 46.9785652
vn 6.22636652 48.0078087 -87.5013199
vn 45.410202 62.081974 63.9041748
vn -2.62958002 -58.6601639 80.9448547
vn -17.293478 -49.8734932 84.9327316
vn 39.154068 64.6570587 65.470787
vn -10.7593374 -73.3712845 -67.0886765
vn 50.9666748 42.6300774 -74.733345
vn 51.8304977 42.4539871 -74.2378464
vn 8.21253586 -86.4153748 -49.64814
vn -60.800087 -77.4635696 17.3996258
vn -78.9045715 14.5852432 59.6769638
vn -6.39541101 70.4539948 70.6776733
vn 21.1771622 68.8560638 69.356842
vn -4.26620626 86.383522 50.1964722
vn 83.7113495 -8.10764217 54.0987549
vn 87.3483276 -13.1475744 46.8765373
vn 91.6400757 -4.80262041 39.7370186
vn 67.4273376 -32.4394226 66.3418121
vn 61.1674576 -50.9689407 60.5038109
vn 80.6776657 -25.0162601 53.5285072
vn 64.387085 33.4079971 68.8346481
vn 72.6912079 31.6199112 60.9603996
vn 87.4550629 -4.21443892 48.3099289
vn 57.6042709 62.5111389 52.6697998
vn -17.1073017 -97.4841156 14.2893486
vn 59.4837227 79.68367 -10.5923862
vn 92.1052704 -16.8352089 -35.1168938
vn 87.2973022 -21.6081161 -43.7295227
vn -2.27883029 -97.0009384 24.1996651
vn 5.09585047 -59.758564 80.0184174
vn 78.0800629 2.24536014 62.4376602
vn 82.0109558 6.09493113 56.8951111
vn 85.627739 6.80088234 51.2019272
vn 89.5082626 15.515296 41.8036766
vn 79.2922745 60.906517 -1.76973891
vn 73.4425354 -23.3606205 63.7218628
vn 40.156395 -38.118885 83.2731323
vn 67.3499603 -43.3157043 59.897686
vn 91.3952179 38.5168533 12.7814856
vn 56.2148247 71.1138992 42.2221184
vn 61.0708046 -52.9351387 58.891655
vn 66.8962708 56.246254 48.5926743
vn -52.3836937 54.0727005 65.818634
vn -46.1459427 -48.2892494 74.4224319
vn 87.5901718 -7.50919056 47.6610489
vn 92.5124893 -12.8053274 35.7416191
vn 63.8070946 76.930336 3.22156668
vn 21.6628723 65.3370438 -72.538208
vn 33.3659248 56.2887039 -75.6194305
vn 68.1012039 41.7273216 60.1752014
vn 77.3655167 11.0938082 62.3819351
vn 61.1919403 60.8750992 50.4952278
vn 78.8605804 4.42948961 61.3301582
vn 64.90242 -13.3559608 74.8952332
vn 39.0990257 87.967392 -27.07407
vn 59.9208527 74.0326309 -30.4739494
vn -67.6773834 -22.7212372 70.0251236
vn -56.7918282 -25.9162331 78.1219406
vn -98.2825928 -18.4069328 -1.31121933
vn 66.9828186 71.4331741 20.2633324
vn 71.7032394 56.692585 40.5536308
vn 95.1064606 -5.02356434 30.4880867
vn 92.7980423 7.33794737 36.5332794
vn 98.8873444 9.9225235 -11.083231
vn 45.6135712 6.56565714 88.7484894
vn 31.0900421 6.77253675 94.8026657
vn 83.5227585 -0.319906622 54.989521
vn 71.6064606 -3.2312026 69.7285767
vn 70.1463165 -3.54183412 71.1825104
vn 45.9620895 -4.91005325 88.6756897
vn 50.1433067 -1.66172206 86.503685
vn 45.450161 -5.29881907 88.9168472
vn 16.2929096 32.1789169 93.2687531
vn 29.0704536 3.65496039 95.6114502
vn 28.280571 -11.967576 95.1682129
vn 17.7742748 0.688339293 98.4052811
vn 25.0606728 -17.5190392 95.2105331
vn -21.7257271 70.9702759 67.01651
vn 74.9327164 54.5815811 37.4958725
vn -29.7028122 -49.1422997 81.870491
vn 4.94284534 95.6277237 28.8254318
vn -72.5674362 -66.9938889 15.6776295
vn 3.46657419 -99.3791809 10.5717974
vn 20.5250244 -33.5039558 91.9576492
vn -14.8122005 -91.155571 38.3570061
vn 78.04953 -54.0886192 31.3479404
vn 0.256662726 -47.3395271 88.0846252
vn 8.48171711 -98.3452301 16.0085773
vn 45.7661285 -2.82546186 88.8677597
vn 25.2522316 5.041821 96.6276627
vn 58.6387711 -6.08913231 80.7738571
vn 81.1558228 7.34856987 57.9631805
vn 59.8386459 3.75338268 80.0327911
vn -65.2597351 74.387291 -14.4116793
vn 13.796855 87.9288101 45.5869598
vn -5.82164383 97.5411301 21.2564449
vn 60.4499512 -5.20130253 79.4905624
vn 50.5871124 -2.85038829 86.2137985
vn 71.6795044 6.70229149 69.4055176
vn 66.6750031 3.76798844 -74.4328461
vn 99.1298676 9.72859001 -8.86706066
vn 99.5201111 4.82321167 -8.51386261
vn 56.3118134 -4.55566931 -82.5119705
vn 22.501606 2.72417426 97.3974228
vn 24.4748135 -0.907030821 96.9544373
vn 23.3409023 0.356455028 97.2372131
vn 23.4195709 1.41530967 97.2086487
vn -52.0894318 75.4510193 -39.9228783
vn 49.8145599 -14.5535583 85.4792557
vn 29.5779648 -16.9729843 94.0056534
vn 42.8527985 -12.7978401 89.4418869
vn 42.0144348 -12.2502594 89.915062
vn 40.218441 -3.16757679 91.5010452
vn 41.6965027 -1.89312923 90.8725357
vn 84.7668304 -0.999807417 53.0432243
vn 52.8193817 -1.87433279 84.8916931
vn 61.8808022 -22.0517635 75.3955307
vn 94.7040634 -30.0486202 -11.3235006
vn 96.6721878 -25.5784607 -0.480822414
vn 83.0391312 -5.31979322 55.4635239
vn 74.8120804 -26.3737793 60.8898811
vn -19.6071091 14.5237885 96.9774246
vn -0.292858601 61.8302307 78.5934906
vn 19.6452408 93.8629837 28.3514442
vn 60.1928482 11.38906 79.0386581
vn -93.2566833 10.9983616 34.3835258
vn 11.5041771 -71.8244095 -68.6214905
vn 6.14633512 -80.2105637 -59.401062
vn 16.4692135 -66.7790527 -72.5900955
vn 19.54743 -65.7702026 -72.7473679
vn -16.1057529 -79.0602112 -59.0769653
vn -10.9442959 -86.5518341 -48.8774185
vn 62.9804688 38.9807167 -67.1860504
vn 64.2452927 36.3389587 -67.4686661
vn -72.8911362 -66.1241226 17.7337208
vn -49.865181 -76.8984299 -40.0011902
vn -45.6333237 -80.234024 38.4720764
vn -27.4803486 -93.0263748 -24.3089199
vn 71.9993134 6.74945545 -69.0691376
vn 87.5059891 -19.9559135 -44.0960846
vn 10.1104736 -98.1509399 -16.2534027
vn 30.0351028 84.0535812 -45.0875626
vn 73.8449554 -12.9427366 -66.1770935
vn 70.7487488 -27.0890198 -65.2747955
vn 20.8630009 -7.61462164 -97.5025864
vn 27.6475906 29.9893856 -91.3030624
vn 99.5787582 8.24114799 -4.01930952
vn 74.4204559 16.2240124 -64.794899
vn 94.2094879 -31.2686596 12.1178026
vn 34.5185585 60.5648918 71.6963348
vn 20.2080154 52.6883659 82.5564728
vn 15.9621582 91.4477158 37.1822891
vn 38.7890587 90.3514709 18.2214775
vn 32.0760345 -6.45570374 -94.4957809
vn -41.6132202 -22.8726616 -88.0067139
vn -15.7097235 -21.6478348 -96.3564987
vn 36.9236336 -0.65127039 -92.9312744
vn -50.5768738 -80.6880951 30.5190105
vn -34.2642746 -87.5429688 34.0908775
vn 25.9600468 49.9722595 -82.6368561
vn -20.4079113 10.427763 -97.3384781
vn -22.1130962 2.48710394 -97.4926987
vn 63.6783676 -3.04302144 -77.0441818
vn 64.499054 8.22654152 -75.974968
vn 8.26818752 -13.6110811 98.723732
vn -71.5157166 -11.395997 68.961113
vn -72.694603 11.8831625 67.6334686
vn 26.2825089 39.8134079 87.8869858
vn 80.0429306 7.12898254 -59.5172844
vn 98.9504623 13.8816252 -4.01334906
vn -3.1914742 16.2998543 -98.6109924
vn 33.4360428 21.3606014 -91.7919159
vn -65.9511337 11.3213625 -74.3120041
vn -73.0690231 0.1295816 -68.2707901
vn -98.9546967 -5.27151585 13.4231386
vn -98.7095642 -8.25628567 13.7205744
vn 15.3448639 -24.7993126 95.6531677
vn 8.36820316 -18.0442734 98.0019302
vn 82.4267731 -8.62893105 55.9586334
vn 86.0937881 -11.8527098 49.4709282
vn 58.8961411 -5.06537724 -80.6572113
vn 99.3749466 2.59734893 -10.8569355
vn -41.5173225 -48.8593483 76.7403107
vn -43.1122665 64.9316788 62.6514893
vn 42.2685394 1.7649473 90.6104584
vn 6.64997292 9.5238266 -99.3230896
vn -52.4358215 4.71110058 -85.0193558
vn -60.667942 -18.3362484 -77.3510361
vn 0.578260541 -11.8545494 -99.2931824
vn -65.3051071 -17.6078358 73.6560059
vn -13.5997887 -80.8939743 -57.1944962
vn -18.9402771 -60.6566467 77.2142258
vn -26.3338757 -96.0708389 8.77053452
vn -17.8379288 -69.4163437 -69.7365036
vn 53.1493073 60.8634644 58.9134178
vn 70.5147095 29.6607227 -64.4043121
vn -33.1545105 -64.259819 -69.0757141
vn 84.7453079 5.20454025 52.8312988
vn 82.6648788 12.0012035 54.9771729
vn 98.6247406 16.524559 -0.317337751
vn 50.920311 -58.4765167 -63.1476021
vn -20.5244026 -57.2966423 -79.3463593
vn 61.4339981 42.8296127 66.2683105
vn -42.2811737 -43.3889427 79.559433
vn -23.0266304 -71.5957489 65.9076843
vn 80.2585678 -25.8738174 53.7504234
vn 81.4442749 11.255415 56.9222717
vn -81.6297302 -8.10128403 -57.1922722
vn -98.0094299 -10.8803902 16.6063175
vn 43.4361305 83.5757446 -33.5916328
vn 17.9751816 41.554657 -89.163353
vn -95.507309 24.306078 16.9578781
vn -98.3864136 11.223649 13.9335928
vn -73.5432739 -67.4893646 6.0474782
vn -74.7719116 -65.3558197 11.7378893
vn -89.9597931 30.2710476 31.478569
vn -87.5361404 36.7423515 31.4233246
vn 2.31428504 -80.4700012 -59.3230362
vn -22.1405735 -54.3126945 80.9933701
vn -11.9855127 -93.4304123 33.5723991
vn -30.4496346 -88.2985382 -35.7237473
vn -33.8117867 -86.2776031 37.5890732
vn 75.6805801 -7.47323275 -64.9353485
vn 30.2232742 85.0361176 43.0745087
vn 74.9619598 26.4543629 60.6701851
vn 65.5136414 -40.6034164 63.7128372
vn -73.4357147 -21.0552464 64.5280609
vn -67.7874451 -27.6673031 68.1130142
vn -98.122818 -19.27808 -0.516770482
vn -9.86750031 -26.7361431 95.8530731
vn 21.5745811 -26.1514111 94.077858
vn 77.0469742 -20.1557045 60.4773636
vn 42.5957375 -13.7152262 89.4287186
vn 50.1384315 4.69661474 86.3949127
vn 47.8640442 51.5393219 71.0825729
vn 48.5076256 87.2911987 -5.2208128
vn 45.9805641 70.7438736 -53.6758003
vn 55.7544556 26.425066 -78.6966095
vn 53.4118385 36.9088898 -76.0585785
vn 55.0031471 50.7431259 66.3308945
vn 18.9863892 -11.6051636 97.4927597
vn 22.1142578 -17.7583103 95.8936996
vn 83.2176666 -2.86822033 55.3768311
vn 83.294342 -0.879115105 55.3288345
vn -43.5075302 -48.2114677 76.0443954
vn -21.411377 -74.7580872 -62.8711472
vn 37.764595 37.803791 -84.5263824
vn -34.8288651 -51.4491043 -78.3577652
vn -89.416153 1.2428683 -44.7572021
vn -93.6458588 9.07022858 -33.8848953
vn 2.29925299 -52.2182732 85.2523651
vn -61.8535423 -9.56225014 77.991684
vn -39.4674759 -59.1922722 70.2751236
vn 38.2703362 55.5241127 73.840744
vn 36.6295242 60.3793106 70.7998352
vn -31.3766441 -51.3020668 79.8974609
vn 24.4464798 -6.82671976 96.7252045
vn 28.1389923 -0.68565309 95.9569092
vn 43.922699 69.7276535 -56.6467247
vn 98.8736343 14.9549751 -0.596224487
vn 83.7057266 13.5563011 -53.0054474
vn 60.2469597 -75.6148758 -25.5478764
vn 80.4007263 10.4068565 58.5441856
vn 31.4165154 -19.6238327 92.886528
vn 1.39665043 -13.4295826 99.0842743
vn 81.4045563 -8.34458256 57.4775162
vn 57.8644905 70.9322128 -40.253212
vn 38.1772919 90.2705383 19.8425007
vn 61.646637 -2.46147227 -78.6996384
vn 99.0502396 -6.11717081 -12.3138733
vn 86.2682266 -8.88079643 49.7887878
vn -48.7491379 -64.514389 -58.8337975
vn -45.9539719 -42.216835 78.1407166
vn -29.0709915 -21.2697678 -93.2870407
vn 17.8156166 61.3322639 -76.9477615
vn 33.384285 54.9024544 -76.6238098
vn -23.7585678 -29.4706268 -92.5581665
vn -23.3157864 -34.6603508 -90.8572235
vn 99.7957993 1.26210225 -6.26149654
vn 98.5472488 -3.19976354 -16.6793842
vn 23.1516876 84.2335434 48.6693802
vn -65.1014862 60.4174805 45.9513245
vn -13.8982038 -5.4167676 -98.8812332
vn -25.3836899 -18.4290237 -94.9528275
vn 66.4042282 74.7646179 -0.854310393
vn 82.0439911 4.6844368 56.981041
vn 56.4018974 -5.5703578 82.3880768
vn 55.1875839 -5.68778324 83.1984329
vn -1.71691501 -15.9934292 -98.6978378
vn 9.87384605 -4.06931305 -99.4281158
vn -50.9341736 -63.6038742 -57.9677315
vn -27.0426598 -84.6122513 -45.928875
vn -28.198246 -72.6705399 -62.640667
vn -28.6437874 -52.7557144 79.9772873
vn 86.1110611 -38.4626312 -33.2492065
vn 65.319664 -27.203083 70.6635284
vn -38.6220474 -71.7105637 58.0166512
vn -16.1706047 -84.1727753 -51.5117035
vn 44.3832245 51.2206039 73.5294495
vn 65.8543167 -31.4549732 68.3651581
vn -19.2684422 -2.02362418 -98.1052094
vn 99.9701309 1.94985366 -1.47300541
vn 65.7833862 59.070507 46.7249603
vn 64.3632584 -46.9214287 60.4628029
vn -75.9478455 -58.42659 -28.6052227
vn 26.8145943 -33.518959 90.318634
vn -54.15662 -83.2498093 -11.684617
vn 61.8085899 40.6652832 -67.275795
vn 99.6211319 8.67917061 0.551843286
vn 36.8241425 0.0984363258 -92.9729614
vn 43.2894897 -20.8752193 -87.6940536
vn 32.3712006 -29.5483685 -89.883255
vn -2.51449394 9.81395054 -99.4854889
vn 78.9814911 -23.4738007 56.6648445
vn 78.8423233 -35.8487892 -49.9875183
vn 56.2185516 30.2819481 -76.957634
vn 54.6711197 49.3317108 67.6568604
vn -58.8736038 -40.7160835 69.829071
vn 28.6638069 71.8696823 63.3493004
vn 40.517128 44.6998062 79.7514343
vn 43.3447113 -7.9678874 89.7649689
vn 41.5965652 -19.3933182 88.846077
vn 74.7388535 20.6675873 -63.1423264
vn 46.6467743 50.9149895 72.3307877
vn -76.1357574 -7.45281029 64.4034576
vn 60.4789238 4.26021767 -79.5245361
vn 49.4741325 58.7046242 64.0786896
vn 58.533226 43.9103012 -68.1597137
vn 35.4721451 65.2476654 66.9661865
vn 15.4133329 -96.7539978 -20.0272999
vn 30.2817497 -78.7799683 53.63517
vn 10.8021183 99.1728973 -6.9319005
vn 16.4537334 92.4518661 34.3791466
vn 76.2183151 -38.5147552 -52.0325203
vn 68.3726654 -65.5165024 -32.136692
vn 60.165905 46.7637863 64.7550201
vn 44.3058853 89.5708542 -3.74824572
vn 37.5350342 16.8179092 -91.149765
vn -16.9729576 -33.0435257 92.8441925
vn -98.3184891 -1.6490128 18.1866989
vn 37.0359459 60.9353981 70.1086121
vn 82.4083252 52.4130325 21.4881783
vn -23.3419762 -84.6739883 -47.8065567
vn 34.0654297 93.6330261 8.50899124
vn 47.5249863 37.4213524 -79.6305084
vn 67.7899933 -39.1890678 62.1991348
vn 80.6709213 21.2475433 -55.1429329
vn 40.8117142 48.4229889 77.3926315
vn 18.510334 82.119812 -53.9787483
vn 30.0672226 4.63250637 -95.26017
vn 30.0658131 6.53649569 -95.1489334
vn 12.805541 92.8397369 -34.8826942
vn -23.6501007 -71.3280411 65.9771347
vn -88.9994736 -32.0417557 32.4410248
vn -84.9523239 -41.3537292 32.7562408
vn 61.7852173 50.512104 60.2587318
vn -1.72018695 -96.9515228 24.4426956
vn -4.52637959 -97.5585403 21.4905357
vn -1.75639033 -96.8540192 24.823658
vn 23.2521248 7.49096346 96.9702148
vn 23.6212082 2.05502462 97.1484146
vn 28.7437096 -21.2116852 93.401619
vn 6.8334446 -11.9675694 99.0458527

# Mesh 'Untitled' with 1164 faces
g Untitled
usemtl NormalDemon
f  1/1/1 2/2/2 3/3/3
f  4/4/4 5/5/5 6/6/6
f  2/2/2 4/4/4 6/6/6
f  1/1/1 3/3/3 7/7/7
f  8/8/8 9/9/9 10/10/10
f  9/11/9 8/12/8 11/13/11
f  12/14/12 13/15/13 14/16/14
f  1/1/1 7/7/7 15/17/15
f  15/17/15 10/10/10 1/1/1
f  9/11/9 11/13/11 12/14/12 14/16/14
f  3/3/3 13/18/13 12/19/12 7/7/7
f  8/8/8 10/10/10 15/17/15 11/20/11
f  1/1/1 4/4/4 2/2/2
f  6/6/6 5/5/5 14/16/14 13/15/13
f  12/19/12 11/20/11 15/17/15 7/7/7
f  6/6/6 13/18/13 3/3/3 2/2/2
f  16/1/16 17/3/17 18/2/18
f  19/4/19 20/6/20 21/5/21
f  18/2/18 20/6/20 19/4/19
f  16/1/16 22/7/22 17/3/17
f  23/8/23 24/10/24 25/9/25
f  25/11/25 26/13/26 23/12/23
f  27/14/27 28/16/28 29/15/29
f  16/1/16 30/17/30 22/7/22
f  30/17/30 16/1/16 24/10/24
f  25/11/25 28/16/28 27/14/27 26/13/26
f  17/3/17 22/7/22 27/19/27 29/18/29
f  23/8/23 26/20/26 30/17/30 24/10/24
f  16/1/16 18/2/18 19/4/19
f  20/6/20 29/15/29 28/16/28 21/5/21
f  27/19/27 22/7/22 30/17/30 26/20/26
f  20/6/20 18/2/18 17/3/17 29/18/29
f  31/21/31 32/22/32 33/23/33
f  34/24/34 35/25/35 36/26/36 37/27/37
f  38/28/38 39/29/39 40/30/40
f  41/31/41 42/32/42 43/33/43
f  44/34/44 45/35/45 46/36/46
f  47/37/47 48/38/48 49/39/49
f  50/40/50 51/41/51 52/42/52
f  53/43/53 4/44/54 54/45/55
f  55/46/56 56/47/57 57/48/58
f  58/49/59 50/40/50 52/42/52
f  59/50/60 60/51/61 61/52/62
f  62/53/63 63/54/64 64/55/65
f  65/56/66 66/57/67 67/58/68
f  14/59/69 68/60/70 9/61/71
f  69/62/72 70/63/73 71/64/74
f  72/65/75 73/66/76 74/67/77
f  75/68/78 76/69/79 77/70/80
f  78/71/81 79/72/82 80/73/83
f  81/74/84 82/75/85 83/76/86
f  84/77/87 85/78/88 86/79/89
f  87/80/90 88/81/91 89/82/92
f  53/43/53 90/83/93 91/84/94
f  92/85/95 93/86/96 94/87/97
f  95/88/98 96/89/99 94/87/97 93/86/96
f  97/90/100 63/54/64 62/53/63
f  98/91/101 67/58/68 99/92/102
f  100/93/103 101/94/104 102/95/105
f  59/50/60 103/96/106 104/97/107
f  99/92/102 94/87/97 98/91/101
f  105/98/108 106/99/109 107/100/110 108/101/111
f  109/102/112 110/103/113 111/104/114
f  112/105/115 83/76/86 56/106/57
f  113/107/116 114/108/117 115/109/118 116/110/119
f  117/111/120 118/112/121 119/113/122 120/114/123
f  121/115/124 122/116/125 123/117/126
f  124/118/127 125/119/128 126/120/129
f  80/73/83 127/121/130 128/122/131
f  32/22/32 129/123/132 43/124/43
f  130/125/133 131/126/134 132/127/135
f  132/127/135 63/54/64 130/125/133
f  131/126/134 130/125/133 133/128/136
f  133/128/136 134/129/137 131/126/134
f  114/130/117 135/131/138 136/132/139
f  136/132/139 115/133/118 114/130/117
f  69/62/72 108/101/111 107/100/110
f  107/100/110 137/134/140 69/62/72
f  138/135/141 139/136/142 140/137/143 141/138/144
f  142/139/145 143/140/146 144/141/147
f  145/142/148 146/143/149 147/144/150 148/145/151
f  139/136/142 118/112/121 117/111/120
f  54/45/55 149/146/152 150/147/153 120/114/123
f  69/62/72 137/134/140 151/148/154
f  83/76/86 82/75/85 56/106/57
f  152/149/155 153/150/156 154/151/157
f  87/80/90 155/152/158 31/21/31
f  31/21/31 33/23/33 87/80/90
f  156/153/159 157/154/160 158/155/161
f  158/155/161 159/156/162 156/153/159
f  160/157/163 161/158/164 162/159/165
f  162/159/165 163/160/166 160/157/163
f  164/161/167 165/162/168 97/90/100
f  50/40/50 166/163/169 167/164/170
f  167/164/170 168/165/171 50/40/50
f  42/166/42 88/167/91 43/168/43
f  51/41/51 168/165/171 165/162/168
f  169/169/172 170/170/173 171/171/174
f  118/112/121 171/171/174 170/170/173
f  4/44/54 149/146/152 54/45/55
f  172/172/175 173/173/176 101/94/104
f  101/94/104 174/174/177 172/172/175
f  175/175/178 176/176/179 177/177/180
f  177/177/180 178/178/181 175/175/178
f  179/179/182 180/180/183 159/156/162 158/155/161
f  174/174/177 100/93/103 68/60/70
f  4/44/54 1/181/184 181/182/185
f  182/183/186 183/184/187 184/185/188
f  185/186/189 170/170/173 186/187/190
f  187/188/191 188/189/192 170/170/173
f  189/190/193 70/63/73 69/62/72 151/148/154
f  190/191/194 187/188/191 191/192/195
f  91/84/94 68/60/70 14/59/69 5/193/196
f  173/194/176 192/195/197 66/57/67
f  193/196/198 194/197/199 195/198/200 196/199/201
f  197/200/202 198/201/203 199/202/204
f  200/203/205 201/204/206 202/205/207 203/206/208
f  176/176/179 204/207/209 205/208/210
f  205/208/210 177/177/180 176/176/179
f  206/209/211 207/210/212 208/211/213 39/29/39
f  209/212/214 210/213/215 92/85/95
f  99/92/102 211/214/216 212/215/217
f  172/172/175 213/216/218 173/194/176
f  214/217/219 215/218/220 180/219/183
f  188/189/192 92/85/95 210/213/215
f  216/220/221 217/221/222 146/222/149 218/223/223
f  43/124/43 88/81/91 33/23/33 32/22/32
f  150/147/153 139/136/142 117/111/120
f  117/111/120 120/114/123 150/147/153
f  76/69/79 219/224/224 220/225/225
f  205/208/210 221/226/226 210/213/215
f  149/146/152 222/227/227 223/228/228
f  39/29/39 208/211/213 40/30/40
f  68/60/70 91/84/94 204/207/209
f  224/229/229 112/105/115 56/106/57
f  56/106/57 82/75/85 225/230/230
f  225/230/230 226/231/231 56/106/57
f  227/232/232 228/233/233 229/234/234
f  230/235/235 231/236/236 232/237/237
f  233/238/238 234/239/239 235/240/240
f  236/241/241 237/242/242 238/243/243
f  239/244/244 233/238/238 235/240/240
f  80/73/83 128/122/131 240/245/245
f  234/239/239 80/73/83 240/245/245
f  189/190/193 241/246/246 70/63/73
f  74/247/77 242/248/247 189/190/193
f  243/249/248 74/67/77 73/66/76
f  203/206/208 143/140/146 244/250/249
f  245/251/250 200/252/205 246/253/251
f  202/205/207 245/254/250 143/140/146
f  247/255/252 248/256/253 41/31/41
f  249/257/254 73/66/76 250/258/255 251/259/256
f  186/187/190 170/170/173 169/169/172
f  252/260/257 191/192/195 187/188/191
f  253/261/258 254/262/259 255/263/260
f  256/264/261 254/262/259 257/265/262
f  187/188/191 170/170/173 185/186/189
f  256/266/263 258/267/264 259/268/265
f  260/269/266 261/270/267 187/188/191
f  262/271/268 186/187/190 256/264/261
f  260/269/266 187/188/191 185/186/189
f  263/272/269 264/273/270 265/274/271 266/275/272
f  267/276/273 268/277/273 269/278/273
f  270/279/274 271/280/274 257/281/274
f  253/282/275 272/283/275 270/284/275
f  269/285/276 273/286/276 253/287/276
f  258/267/264 257/288/277 274/289/278
f  259/268/265 258/267/264 183/184/187
f  275/290/279 276/291/279 277/292/279
f  182/293/280 275/294/280 278/295/280
f  279/296/281 182/297/281 280/298/281
f  281/299/282 279/300/282 282/301/282
f  182/302/283 279/303/284 252/260/257
f  252/260/257 187/188/191 261/270/267
f  257/304/285 283/305/285 256/306/285
f  276/307/286 260/269/266 262/271/268
f  141/138/144 284/308/287 285/309/288 138/135/141
f  262/271/268 260/269/266 185/186/189
f  286/310/289 287/311/290 288/312/291 289/313/292
f  290/314/293 259/268/265 183/184/187
f  152/315/155 247/255/252 41/31/41
f  250/316/255 291/317/294 292/318/295 251/319/256
f  293/320/296 75/321/78 294/322/297 295/323/298
f  259/268/265 290/314/293 262/324/299 256/266/263
f  31/21/31 111/104/114 32/22/32
f  296/325/300 230/326/301 297/327/302 192/195/303
f  298/328/304 299/329/305 300/330/306 301/331/307
f  111/104/114 110/103/113 129/123/132 32/22/32
f  302/332/308 245/251/250 246/253/251
f  93/86/96 190/191/194 303/333/309 95/88/98
f  37/27/37 304/334/310 305/335/311 34/24/34
f  162/159/165 159/156/162 180/180/183 215/336/220
f  306/337/312 307/338/313 308/339/314 309/340/315
f  87/80/90 89/82/92 310/341/316 155/152/158
f  311/342/317 181/182/185 1/181/184 312/343/318
f  313/344/319 126/120/129 125/119/128 314/345/320
f  315/346/321 316/347/322 44/34/44 317/348/323
f  169/169/172 254/262/259 256/264/261 186/187/190
f  38/28/38 318/349/324 319/350/325 39/29/39
f  320/351/326 123/117/126 122/116/125 321/352/327
f  322/353/328 323/354/329 324/355/330 325/356/331
f  326/357/332 327/358/333 121/115/124 123/117/126
f  328/359/334 329/360/335 330/361/336 155/152/158
f  331/362/337 332/363/338 333/364/339 334/365/340
f  335/366/341 336/367/342 337/368/343 338/369/344
f  53/43/53 119/113/122 221/226/226 90/83/93
f  339/370/345 263/272/269 266/275/272 340/371/346
f  123/372/126 165/162/168 164/161/167 326/373/332
f  341/374/347 324/375/330 323/376/329 342/377/348
f  343/378/349 344/379/350 345/380/351 346/381/352
f  347/382/353 348/383/354 349/384/355 350/385/356
f  351/386/357 352/387/358 265/274/271 264/273/270
f  246/388/251 244/250/249 353/389/359 354/390/360
f  276/307/286 275/391/361 252/260/257 261/270/267
f  355/392/362 356/393/363 357/394/364 358/395/365
f  218/223/223 146/222/149 145/396/148 359/397/366
f  360/398/367 361/399/368 362/400/369 363/401/370
f  154/151/157 78/71/81 76/69/79 364/402/371
f  298/328/304 365/403/372 366/404/373 299/329/305
f  367/405/374 315/346/321 368/406/375 369/407/376
f  332/363/338 331/362/337 370/408/377 371/409/378
f  372/410/379 373/411/380 374/412/381 375/413/382
f  376/414/383 226/231/231 225/230/230 369/407/376
f  41/31/41 248/256/253 42/32/42
f  345/380/351 377/415/384 378/416/385 346/381/352
f  314/417/320 379/418/386 214/217/219 380/419/387
f  150/147/153 149/146/152 223/228/228 293/320/296
f  381/420/388 382/421/389 383/422/390 384/423/391
f  237/424/392 236/425/393 240/245/394 128/122/395
f  148/145/151 325/356/331 55/426/56 145/142/148
f  44/34/44 316/347/322 45/35/45
f  342/377/348 49/39/49 48/38/48 341/374/347
f  385/427/396 179/428/182 62/429/63 386/430/397
f  36/26/36 35/25/35 387/431/398 388/432/399
f  50/40/50 168/165/171 51/41/51
f  293/320/296 223/228/228 219/433/224 75/321/78
f  181/182/185 222/227/227 149/146/152 4/44/54
f  183/184/187 276/434/400 262/324/299 290/314/293
f  312/343/318 1/181/184 10/435/401 389/436/402
f  390/437/403 309/340/315 308/339/314 391/438/404
f  242/248/247 392/439/405 243/440/248 241/246/246
f  393/441/406 344/442/350 394/443/407 395/444/408
f  396/445/409 37/27/37 36/26/36 397/446/410
f  398/447/411 367/405/374 399/448/412 400/449/413
f  154/151/157 364/402/371 401/450/414 152/149/155
f  55/46/56 224/451/229 56/47/57
f  74/247/77 189/190/193 151/148/154 72/452/75
f  402/453/415 403/454/416 404/455/417 198/201/203
f  59/50/60 405/456/418 60/51/61
f  372/410/379 406/457/419 407/458/420 408/459/421
f  409/460/422 410/461/423 411/462/424 412/463/425
f  66/464/67 65/56/66 413/465/426 414/466/427
f  115/109/118 415/467/428 416/468/429 116/110/119
f  379/418/386 417/469/430 361/470/368 418/471/431
f  419/472/432 420/473/433 331/474/337 334/475/340
f  307/338/313 306/337/312 421/476/434 422/477/435
f  203/206/208 244/250/249 246/388/251 200/203/205
f  423/478/436 424/479/437 425/480/438 426/481/439
f  223/228/228 222/227/227 220/482/225 219/433/224
f  10/435/401 103/96/106 61/52/62 389/436/402
f  57/48/58 427/483/440 428/484/441 359/397/366
f  380/485/387 320/351/326 321/352/327 429/486/442
f  357/394/364 147/144/150 146/143/149 217/487/222
f  430/488/443 431/489/444 339/370/345 340/371/346
f  432/490/445 382/491/389 302/332/308 72/65/75
f  376/492/383 430/488/443 340/371/346 433/493/446
f  434/494/447 127/121/130 288/312/291 287/311/290
f  349/384/355 435/495/448 436/496/449 350/385/356
f  310/497/316 437/498/450 220/225/225 438/499/451
f  439/500/452 333/501/339 106/502/109 440/503/453
f  99/92/102 212/215/217 209/212/214 92/85/95
f  440/503/453 106/502/109 105/504/108 441/505/454
f  320/506/326 380/419/387 214/217/219 51/41/51
f  442/507/455 160/508/163 157/154/160 443/509/456
f  444/510/457 445/511/458 446/512/459 447/513/460
f  42/166/42 387/514/398 445/511/458 444/510/457
f  387/514/398 35/515/35 448/516/461 445/511/458
f  348/383/354 449/517/462 450/518/463 349/384/355
f  142/139/145 451/519/464 452/520/465 71/64/74
f  453/521/466 40/30/40 208/211/213 454/522/467
f  163/523/166 362/524/369 179/179/182 158/155/161
f  441/505/454 105/504/108 336/367/342 335/366/341
f  446/512/459 207/210/212 206/209/211 455/525/468
f  456/526/469 433/493/446 340/371/346 266/275/272
f  359/397/366 145/396/148 55/46/56 57/48/58
f  367/405/374 398/447/411 316/347/322 315/346/321
f  229/234/234 228/233/233 457/527/470 296/528/471
f  131/529/134 134/530/137 421/476/434 306/337/312
f  458/531/472 459/532/473 148/145/151 147/144/150
f  343/378/349 358/395/365 394/533/407 344/379/350
f  374/412/381 460/534/474 461/535/475 375/413/382
f  462/536/476 360/398/367 363/401/370 463/537/477
f  188/189/192 190/191/194 93/86/96 92/85/95
f  464/538/478 465/539/479 466/540/480 467/541/481
f  135/131/138 468/542/482 469/543/483 136/132/139
f  423/478/436 298/544/304 301/545/307 424/479/437
f  364/402/371 76/69/79 220/225/225 437/498/450
f  470/546/484 378/416/385 419/547/432 334/548/340
f  291/317/294 71/64/74 70/63/73
f  72/65/75 250/258/255 73/66/76
f  62/549/63 301/331/307 300/330/306 52/550/52
f  471/551/485 440/503/453 441/505/454 435/495/448
f  472/552/486 400/449/413 399/448/412 81/74/84
f  399/448/412 367/405/374 369/407/376 225/230/230
f  170/170/173 221/226/226 119/113/122 118/112/121
f  75/68/78 219/224/224 76/69/79
f  285/309/288 254/262/259 169/169/172 171/171/174
f  473/553/487 291/317/294 250/316/255 474/554/488
f  453/521/466 305/555/311 126/120/129 313/344/319
f  46/36/46 109/102/112 47/37/47 44/34/44
f  358/395/365 343/378/349 84/77/87 355/392/362
f  371/556/378 370/557/377 475/558/489
f  102/95/105 101/94/104 66/464/67 414/466/427
f  36/26/36 388/432/399 476/559/490 397/446/410
f  124/560/127 326/561/332 164/562/167 477/563/491
f  415/564/428 115/133/118 136/132/139 478/565/492
f  477/563/491 362/566/369 361/470/368 417/469/430
f  9/61/71 479/567/493 103/96/106 10/435/401
f  166/568/169 390/569/403 421/476/434 134/530/137
f  480/570/494 60/51/61 481/571/495 482/572/496
f  309/340/315 390/437/403 166/573/169 132/574/135
f  46/36/46 45/35/45 286/310/289 110/103/113
f  60/51/61 480/570/494 389/436/402 61/52/62
f  90/83/93 205/208/210 204/207/209 91/84/94
f  312/343/318 483/575/497 484/576/498 311/342/317
f  346/381/352 378/416/385 470/546/484 485/577/499
f  102/95/105 414/466/427 199/578/204
f  336/579/342 452/520/465 451/519/464 337/580/343
f  486/581/500 487/582/501 488/583/502 489/584/503
f  285/309/288 284/308/287 255/263/260 254/262/259
f  133/128/136 130/125/133 97/90/100 165/162/168
f  48/38/48 47/37/47 490/585/504 491/586/505
f  353/389/359 244/250/249 291/317/294 473/553/487
f  491/586/505 492/587/506 341/374/347 48/38/48
f  84/77/87 485/577/499 85/78/88
f  365/588/372 298/544/304 423/478/436 493/589/507
f  400/449/413 434/494/447 287/311/290 398/447/411
f  228/590/508 227/591/509 213/216/510 175/175/511
f  434/494/447 494/592/512 128/122/131 127/121/130
f  222/227/227 495/593/513 438/594/451 220/482/225
f  447/513/460 89/595/92 88/167/91 444/510/457
f  64/596/65 58/597/59 425/480/438 424/479/437
f  166/163/169 134/129/137 133/128/136 167/164/170
f  496/598/514 247/255/252 152/315/155 401/599/414
f  436/496/449 335/366/341 338/369/344 497/600/515
f  468/601/482 135/602/138 114/108/117 113/107/116
f  362/566/369 477/563/491 164/562/167 179/603/182
f  301/545/307 62/604/63 64/596/65 424/479/437
f  372/410/379 375/413/382 463/537/477 406/457/419
f  51/41/51 214/217/219 180/219/183 52/42/52
f  250/258/255 246/253/251 354/605/360 474/606/488
f  498/607/516 499/608/517 111/104/114 31/21/31
f  86/79/89 500/609/518 355/392/362 84/77/87
f  463/537/477 363/401/370 501/610/519 406/457/419
f  387/431/398 42/32/42 248/256/253 388/432/399
f  450/518/463 86/79/89 85/78/88 471/551/485
f  502/611/520 503/612/521 52/613/52 180/614/183
f  197/200/202 504/615/522 402/453/415 198/201/203
f  296/325/300 192/195/303 173/194/523 229/616/524
f  87/80/90 33/23/33 88/81/91
f  457/617/525 228/590/508 175/175/511 178/178/526
f  176/176/179 175/175/178 213/216/218 172/172/175
f  469/543/483 468/542/482 113/107/116 116/110/119
f  373/411/380 372/410/379 408/459/421 505/618/527
f  224/619/229 325/356/331 324/355/330
f  137/134/140 107/100/110 506/620/528 432/621/445
f  507/622/529 496/598/514 508/623/530 455/525/468
f  94/87/97 96/89/99 509/624/531 98/91/101
f  229/616/524 173/194/523 213/216/510 227/591/509
f  510/625/532 140/137/143 139/136/142 150/147/153
f  484/576/498 511/626/533 512/627/534 513/628/535
f  66/464/67 101/94/104 173/173/176
f  510/625/532 150/147/153 293/320/296 295/323/298
f  264/273/270 263/272/269 459/532/473 458/531/472
f  41/629/41 289/313/292 153/150/156 152/149/155
f  197/630/202 413/465/426 514/631/536 504/632/522
f  433/493/446 427/483/440 226/633/231 376/492/383
f  319/350/325 318/349/324 515/634/537 396/445/409
f  377/635/384 338/369/344 337/368/343 516/636/538
f  490/585/504 47/37/47 109/102/112 517/637/539
f  97/90/100 130/125/133 63/54/64
f  454/522/467 448/516/461 35/515/35 34/638/34
f  98/91/101 65/56/66 67/58/68
f  305/335/311 304/334/310 327/358/333 126/639/129
f  440/503/453 471/551/485 85/78/88 439/500/452
f  469/543/483 116/110/119 416/468/429 518/640/540
f  154/151/157 153/150/156 79/72/82 78/71/81
f  519/641/541 70/63/73 73/642/76 249/643/254
f  302/332/308 246/253/251 250/258/255 72/65/75
f  125/469/128 124/563/127 477/560/491 417/644/430
f  156/153/159 161/158/164 488/583/502 487/582/501
f  379/418/386 314/417/320 125/644/128 417/469/430
f  100/93/103 174/174/177 101/94/104
f  188/189/192 187/188/191 190/191/194
f  172/172/175 174/174/177 68/60/70
f  59/50/60 61/52/62 103/96/106
f  462/645/476 461/646/475 408/459/421 407/458/420
f  520/647/542 489/584/503 488/583/502 442/648/455
f  99/92/102 92/85/95 94/87/97
f  216/220/221 412/463/425 347/382/353 395/444/408
f  496/598/514 401/599/414 521/649/543 508/623/530
f  123/372/126 320/506/326 51/41/51 165/162/168
f  428/484/441 456/526/469 410/461/423 409/460/422
f  522/650/544 481/571/495 60/51/61 405/456/418
f  172/172/175 68/60/70 204/207/209 176/176/179
f  381/420/388 451/519/464 142/139/145 144/141/147
f  122/116/125 121/115/124 515/634/537 318/349/324
f  160/508/163 163/523/166 158/155/161 157/154/160
f  332/363/338 371/409/378 506/620/528 107/100/110
f  523/651/545 407/458/420 406/457/419 501/610/519
f  518/640/540 478/565/492 136/132/139 469/543/483
f  97/90/100 62/53/63 179/652/182 164/161/167
f  297/327/546 67/58/68 66/57/67 192/195/197
f  341/374/347 492/587/506 524/653/547 324/375/330
f  221/226/226 170/170/173 188/189/192 210/213/215
f  462/645/476 407/458/420 523/651/545 360/654/367
f  308/339/314 307/655/313 422/656/435 391/438/404
f  317/348/323 525/657/548 368/406/375 315/346/321
f  109/102/112 46/36/46 110/103/113
f  350/385/356 393/441/406 395/444/408 347/382/353
f  446/512/459 445/511/458 448/516/461 207/210/212
f  104/97/107 404/455/417 405/456/418 59/50/60
f  44/34/44 47/37/47 49/39/49 317/348/323
f  111/104/114 499/608/517 517/637/539 109/102/112
f  461/535/475 462/536/476 463/537/477 375/413/382
f  418/658/431 361/659/368 360/654/367 523/651/545
f  415/564/428 478/565/492 502/611/520 385/660/396
f  249/643/254 251/319/256 292/318/295 519/641/541
f  447/513/460 446/512/459 455/525/468 508/623/530
f  418/658/431 523/651/545 501/610/519 215/661/220
f  369/407/376 368/406/375 430/662/443 376/414/383
f  209/212/214 177/177/180 205/208/210 210/213/215
f  73/642/76 70/63/73 241/246/246 243/440/248
f  403/454/416 522/650/544 405/456/418 404/455/417
f  454/522/467 34/638/34 305/555/311 453/521/466
f  419/472/432 516/663/538 384/423/391 420/473/433
f  71/64/74 291/317/294 244/250/249 142/139/145
f  286/310/289 289/313/292 129/123/132 110/103/113
f  167/164/170 133/128/136 165/162/168 168/165/171
f  464/664/478 467/665/481 526/666/549 366/404/373
f  476/559/490 388/432/399 248/256/253 247/255/252
f  500/609/518 351/386/357 356/393/363 355/392/362
f  487/582/501 443/509/456 157/154/160 156/153/159
f  342/377/348 525/657/548 317/348/323 49/39/49
f  338/369/344 377/635/384 345/667/351 497/600/515
f  351/386/357 264/273/270 458/531/472 356/393/363
f  362/668/369 163/160/166 162/159/165 215/336/220
f  453/521/466 313/344/319 429/486/442 40/30/40
f  132/574/135 131/529/134 306/337/312 309/340/315
f  218/223/223 409/460/422 412/463/425 216/220/221
f  415/467/428 385/427/396 386/430/397 416/468/429
f  348/383/354 411/462/424 352/387/358 449/517/462
f  333/364/339 332/363/338 107/100/110 106/99/109
f  52/613/52 503/612/521 386/430/397 62/429/63
f  384/423/391 516/663/538 337/580/343 451/519/464
f  400/449/413 472/552/486 494/592/512 434/494/447
f  420/473/433 384/423/391 383/422/390 475/669/489
f  300/330/306 425/480/438 58/597/59 52/550/52
f  258/267/264 274/289/278 184/185/188 183/184/187
f  81/74/84 399/448/412 225/230/230 82/75/85
f  370/670/377 331/474/337 420/473/433 475/669/489
f  526/666/549 467/665/481 466/540/480 493/589/507
f  159/156/162 162/159/165 161/158/164 156/153/159
f  129/123/132 289/313/292 41/629/41 43/124/43
f  77/70/80 527/671/550 294/672/297 75/68/78
f  364/402/371 437/498/450 521/673/543 401/450/414
f  449/517/462 500/609/518 86/79/89 450/518/463
f  180/614/183 179/674/182 385/660/396 502/611/520
f  155/152/158 310/341/316 438/675/451 328/359/334
f  456/526/469 428/484/441 427/483/440 433/493/446
f  231/676/551 212/215/552 211/214/553 232/677/554
f  239/244/244 527/671/550 77/70/80 233/238/238
f  513/628/535 495/593/513 311/342/317 484/576/498
f  160/157/163 442/648/455 488/583/502 161/158/164
f  90/83/93 221/226/226 205/208/210
f  139/136/142 138/135/141 118/112/121
f  528/678/555 520/679/542 442/507/455 443/509/456
f  138/135/141 285/309/288 171/171/174 118/112/121
f  425/480/438 300/330/306 299/329/305 426/481/439
f  416/468/429 386/430/397 503/612/521 518/640/540
f  263/272/269 339/370/345 322/353/328 459/532/473
f  336/579/342 105/98/108 108/101/111 452/520/465
f  79/72/82 153/150/156 289/313/292 288/312/291
f  45/35/45 316/347/322 398/447/411
f  343/378/349 346/381/352 485/577/499 84/77/87
f  244/250/249 143/140/146 142/139/145
f  181/182/185 311/342/317 495/593/513 222/227/227
f  31/21/31 155/152/158 330/361/336 498/607/516
f  80/73/83 234/239/239 233/238/238 78/71/81
f  342/377/348 323/376/329 431/680/444 525/657/548
f  304/334/310 37/27/37 396/445/409 515/634/537
f  78/71/81 233/238/238 77/70/80 76/69/79
f  381/420/388 384/423/391 451/519/464
f  328/681/334 438/594/451 495/593/513 513/628/535
f  126/639/129 327/358/333 326/357/332 124/682/127
f  382/421/389 381/420/388 144/141/147 302/683/308
f  529/684/556 530/685/557 235/240/558 234/239/559
f  419/547/432 378/416/385 377/415/384 516/686/538
f  404/455/417 104/97/107 531/687/560 198/201/203
f  502/611/520 478/565/492 518/640/540 503/612/521
f  395/444/408 394/443/407 217/221/222 216/220/221
f  356/393/363 458/531/472 147/144/150 357/394/364
f  252/260/257 279/303/284 532/688/561 191/192/195
f  410/461/423 456/526/469 266/275/272 265/274/271
f  104/97/107 103/96/106 479/567/493 531/687/560
f  143/140/146 245/254/250 302/683/308 144/141/147
f  63/54/64 132/127/135 166/163/169 50/40/50
f  42/166/42 444/510/457 88/167/91
f  102/95/105 531/687/560 479/567/493 100/93/103
f  480/570/494 482/572/496 533/689/562 483/575/497
f  5/193/196 4/44/54 53/43/53 91/84/94
f  137/134/140 432/621/445 72/452/75 151/148/154
f  500/609/518 449/517/462 352/387/358 351/386/357
f  127/121/130 80/73/83 79/72/82 288/312/291
f  459/532/473 322/353/328 325/356/331 148/145/151
f  358/395/365 357/394/364 217/487/222 394/533/407
f  291/317/294 70/63/73 519/641/541 292/318/295
f  310/497/316 89/690/92 521/673/543 437/498/450
f  476/559/490 507/622/529 534/691/563 397/446/410
f  184/185/564 281/692/565 279/693/566
f  182/183/186 275/694/567 183/184/187
f  184/185/564 279/693/566 182/183/568
f  276/434/400 183/184/187 275/694/567
f  412/463/425 411/462/424 348/383/354 347/382/353
f  230/326/301 232/677/554 211/214/553 297/327/302
f  371/556/378 475/558/489 383/695/390 506/696/528
f  465/697/479 464/664/478 366/404/373 365/403/372
f  380/485/387 429/486/442 313/344/319 314/345/320
f  321/352/327 122/116/125 318/349/324 38/28/38
f  321/352/327 38/28/38 40/30/40 429/486/442
f  45/35/45 398/447/411 287/311/290 286/310/289
f  439/500/452 85/78/88 485/577/499 470/546/484
f  528/678/555 486/581/500 489/584/503 520/647/542
f  191/192/195 535/698/569 303/333/309 190/191/194
f  206/209/211 39/29/39 319/350/325 534/691/563
f  470/546/484 334/548/340 333/501/339 439/500/452
f  457/617/525 178/178/526 212/215/552 231/676/551
f  466/540/480 465/539/479 365/588/372 493/589/507
f  368/406/375 525/657/548 431/680/444 430/662/443
f  354/390/360 353/389/359 473/553/487 474/554/488
f  460/699/474 505/618/527 408/459/421 461/646/475
f  89/595/92 447/513/460 508/623/530 521/649/543
f  536/700/570 514/631/536 413/465/426 65/56/66
f  224/619/229 55/426/56 325/356/331
f  529/684/556 234/239/559 240/245/394 236/425/393
f  480/570/494 483/575/497 312/343/318 389/436/402
f  98/91/101 509/624/531 536/700/570 65/56/66
f  497/600/515 345/667/351 344/442/350 393/441/406
f  513/628/535 512/627/534 329/701/335 328/681/334
f  410/461/423 265/274/271 352/387/358 411/462/424
f  511/626/533 484/576/498 483/575/497 533/689/562
f  339/370/345 431/489/444 323/354/329 322/353/328
f  71/64/74 452/520/465 108/101/111 69/62/72
f  349/384/355 450/518/463 471/551/485 435/495/448
f  432/490/445 506/696/528 383/695/390 382/491/389
f  426/481/439 299/329/305 366/404/373 526/666/549
f  215/218/220 214/217/219 379/418/386 418/471/431
f  493/589/507 423/478/436 426/481/439 526/666/549
f  319/350/325 396/445/409 397/446/410 534/691/563
f  53/43/53 54/45/55 120/114/123 119/113/122
f  247/255/252 496/598/514 507/622/529 476/559/490
f  487/582/501 486/581/500 528/678/555 443/509/456
f  56/47/57 226/633/231 427/483/440 57/48/58
f  211/214/216 99/92/102 67/58/68 297/327/546
f  189/190/193 242/248/247 241/246/246
f  74/247/77 392/439/405 242/248/247
f  243/249/248 392/702/405 74/67/77
f  296/528/471 457/527/470 231/236/236 230/235/235
f  203/206/208 202/205/207 143/140/146
f  362/400/369 215/661/220 501/610/519 363/401/370
f  245/251/250 201/703/206 200/252/205
f  202/205/207 201/204/206 245/254/250
f  327/358/333 304/334/310 515/634/537 121/115/124
f  207/210/212 448/516/461 454/522/467 208/211/213
f  335/366/341 436/496/449 435/495/448 441/505/454
f  409/460/422 218/223/223 359/397/366 428/484/441
f  9/61/71 68/60/70 100/93/103 479/567/493
f  350/385/356 436/496/449 497/600/515 393/441/406
f  63/54/64 50/40/50 58/49/59 64/55/65
f  391/704/404 422/477/435 421/476/434 390/569/403
f  532/688/561 535/698/569 191/192/195
f  255/263/260 267/705/571 269/706/572
f  253/261/258 270/707/573 254/262/259
f  255/263/260 269/706/572 253/261/258
f  257/265/262 254/262/259 270/707/573
f  178/178/181 177/177/180 209/212/214 212/215/217
f  256/266/263 257/288/277 258/267/264
f  262/271/268 185/186/189 186/187/190
f  275/391/361 182/302/283 252/260/257
f  279/303/284 281/708/574 532/688/561
f  276/307/286 261/270/267 260/269/266
f  374/412/381 373/411/380 505/618/527 460/699/474
f  198/201/203 531/687/560 199/202/204
f  524/653/547 224/709/229 324/375/330
f  534/691/563 507/622/529 455/525/468 206/209/211
f  537/710/575 538/711/576 539/712/577
f  540/713/578 541/714/579 542/715/580 543/716/581
f  544/717/582 545/718/583 546/719/584
f  547/720/585 548/721/586 549/722/587
f  550/723/588 551/724/589 552/725/590
f  553/726/591 554/727/592 555/728/593
f  556/729/594 557/42/595 558/41/596
f  559/730/597 560/731/598 561/732/599
f  562/733/600 563/734/601 564/735/602
f  565/49/603 557/42/595 556/729/594
f  566/736/604 567/737/605 568/738/606
f  569/739/607 570/740/608 571/741/609
f  572/742/610 573/743/611 574/744/612
f  28/745/28 25/746/25 575/747/613
f  576/62/614 577/64/615 578/63/616
f  579/65/617 580/67/618 581/66/619
f  582/748/620 583/749/621 584/750/622
f  585/751/623 586/752/624 587/753/625
f  81/74/84 83/76/86 588/754/626
f  589/755/627 590/756/628 591/757/629
f  592/758/630 593/759/631 594/760/632
f  559/730/597 595/761/633 596/762/634
f  597/763/635 598/764/636 599/765/637
f  95/88/98 599/765/637 598/764/636 96/89/99
f  600/766/638 569/739/607 571/741/609
f  601/767/639 602/768/640 573/743/611
f  603/769/641 604/770/642 605/771/643
f  566/736/604 606/772/644 607/773/645
f  602/768/640 601/767/639 598/764/636
f  608/98/646 609/101/647 610/100/648 611/99/649
f  612/774/650 613/775/651 614/776/652
f  112/105/115 564/777/602 83/76/86
f  615/107/653 616/110/654 617/109/655 618/108/656
f  619/778/657 620/779/658 621/780/659 622/781/660
f  623/782/661 624/783/662 625/784/663
f  626/785/664 627/786/665 628/787/666
f  586/752/624 128/122/131 629/788/667
f  539/712/577 548/789/586 630/790/668
f  631/791/669 632/792/670 633/793/671
f  632/792/670 631/791/669 571/741/609
f  633/793/671 634/794/672 631/791/669
f  634/794/672 633/793/671 635/795/673
f  618/130/656 636/132/674 637/131/675
f  636/132/674 618/130/656 617/133/655
f  576/62/614 610/100/648 609/101/647
f  610/100/648 576/62/614 638/134/676
f  639/796/677 141/138/144 140/797/143 640/798/678
f  641/139/679 642/141/680 643/140/681
f  644/799/682 645/800/683 646/801/684 647/802/685
f  640/798/678 619/778/657 622/781/660
f  560/731/598 620/779/658 648/803/686 649/804/687
f  576/62/614 650/148/688 638/134/676
f  83/76/86 564/777/602 588/754/626
f  651/805/689 652/806/690 653/807/691
f  592/758/630 537/710/575 654/808/692
f  537/710/575 592/758/630 538/711/576
f  655/153/693 656/155/694 657/154/695
f  656/155/694 655/153/693 658/156/696
f  659/157/697 660/159/698 661/158/699
f  660/159/698 659/157/697 662/160/700
f  663/161/701 600/766/638 664/162/702
f  556/729/594 665/809/703 666/810/704
f  665/809/703 556/729/594 667/811/705
f  549/812/587 548/813/586 594/814/632
f  558/41/596 664/162/702 667/811/705
f  668/815/706 669/816/707 670/817/708
f  622/781/660 670/817/708 669/816/707
f  561/732/599 560/731/598 649/804/687
f  671/818/709 605/771/643 672/819/710
f  605/771/643 671/818/709 673/820/711
f  674/821/712 675/822/713 676/823/714
f  675/822/713 674/821/712 677/824/715
f  678/825/716 656/155/694 658/156/696 679/826/717
f  673/820/711 575/747/613 603/769/641
f  561/732/599 680/827/718 16/828/719
f  681/829/720 184/185/188 682/830/721
f  683/831/722 684/832/723 670/817/708
f  685/833/724 670/817/708 686/834/725
f  687/190/726 650/148/688 576/62/614 578/63/616
f  688/835/727 689/836/728 685/833/724
f  595/761/633 21/837/21 28/745/28 575/747/613
f  672/838/710 574/744/612 690/839/729
f  691/840/730 196/841/201 604/770/642
f  193/842/198 196/841/201 692/843/731
f  693/203/732 694/206/733 695/205/734 696/204/735
f  676/823/714 697/844/736 698/845/737
f  697/844/736 676/823/714 675/822/713
f  699/846/738 546/719/584 700/847/739 701/848/740
f  702/849/741 597/763/635 703/850/742
f  602/768/640 704/851/743 705/852/744
f  671/818/709 672/838/710 706/853/745
f  707/217/746 679/219/717 708/218/747
f  686/834/725 703/850/742 597/763/635
f  709/854/748 710/855/749 647/856/685 711/857/750
f  548/789/586 539/712/577 538/711/576 594/760/632
f  648/803/686 619/778/657 640/798/678
f  619/778/657 648/803/686 620/779/658
f  584/750/622 712/858/751 713/859/752
f  697/844/736 703/850/742 714/860/753
f  649/804/687 715/861/754 716/862/755
f  546/719/584 545/718/583 700/847/739
f  575/747/613 698/845/737 595/761/633
f  224/229/229 564/777/602 112/105/115
f  564/777/602 717/863/756 588/754/626
f  717/863/756 564/777/602 718/864/757
f  719/232/758 720/233/759 721/234/760
f  722/236/761 723/237/762 724/235/763
f  725/865/764 235/240/240 726/866/765
f  727/867/766 530/868/767 238/243/243
f  239/244/244 235/240/240 725/865/764
f  586/752/624 728/869/768 128/122/131
f  726/866/765 728/869/768 586/752/624
f  687/190/726 578/63/616 729/246/769
f  580/247/618 687/190/726 730/248/770
f  731/249/771 581/66/619 580/67/618
f  694/206/733 732/250/772 643/140/681
f  733/251/773 734/253/774 693/252/732
f  695/205/734 643/140/681 733/254/773
f  735/870/775 547/720/585 736/871/776
f  737/257/777 738/259/778 739/258/779 581/66/619
f  684/832/723 668/815/706 670/817/708
f  740/872/780 685/833/724 689/836/728
f  741/873/781 255/263/260 742/874/782
f  743/875/783 744/876/784 742/874/782
f  685/833/724 683/831/722 670/817/708
f  743/877/785 745/878/786 746/879/787
f  747/880/788 685/833/724 748/881/789
f  749/882/790 743/875/783 684/832/723
f  747/880/788 683/831/722 685/833/724
f  750/883/791 751/884/792 752/885/793 753/886/794
f  267/887/795 754/888/795 755/889/795
f  756/890/796 744/891/796 757/892/796
f  741/893/797 756/894/797 758/895/797
f  754/295/798 741/896/798 759/897/798
f  746/879/787 274/289/278 744/898/799
f  745/878/786 682/830/721 746/879/787
f  760/899/800 761/900/800 762/901/800
f  681/902/801 763/903/801 760/904/801
f  764/905/802 765/906/802 681/907/802
f  281/908/803 766/909/803 764/910/803
f  681/911/804 740/872/780 764/912/805
f  740/872/780 748/881/789 685/833/724
f  744/913/806 743/914/806 767/915/806
f  762/916/807 749/882/790 747/880/788
f  141/138/144 639/796/677 768/917/808 284/308/287
f  749/882/790 683/831/722 747/880/788
f  769/918/809 770/919/810 771/920/811 772/921/812
f  773/922/813 682/830/721 745/878/786
f  651/923/689 547/720/585 735/870/775
f  739/316/779 738/319/778 774/318/814 775/317/815
f  776/924/816 295/925/298 294/926/297 582/927/620
f  745/878/786 743/877/785 749/928/817 773/922/813
f  537/710/575 539/712/577 613/775/651
f  777/929/818 690/839/819 778/930/820 722/931/821
f  779/328/822 780/331/823 781/330/824 782/329/825
f  613/775/651 539/712/577 630/790/668 614/776/652
f  783/332/826 734/253/774 733/251/773
f  599/765/637 95/88/98 303/333/309 688/835/727
f  541/714/579 540/713/578 784/932/827 785/933/828
f  660/159/698 708/934/747 679/826/717 658/156/696
f  786/337/829 787/340/830 788/339/831 789/338/832
f  592/758/630 654/808/692 790/935/833 593/759/631
f  791/936/834 792/937/835 16/828/719 680/827/718
f  793/938/836 794/939/837 628/787/666 627/786/665
f  795/940/838 796/941/839 550/723/588 797/942/840
f  668/815/706 684/832/723 743/875/783 742/874/782
f  544/717/582 546/719/584 798/943/841 799/944/842
f  800/945/843 801/946/844 625/784/663 624/783/662
f  802/947/845 803/948/846 804/949/847 805/950/848
f  806/951/849 624/783/662 623/782/661 807/952/850
f  808/953/851 654/808/692 330/361/336 329/360/335
f  809/362/852 810/365/853 811/364/854 812/363/855
f  813/954/856 814/955/857 815/956/858 816/957/859
f  559/730/597 596/762/634 714/860/753 621/780/659
f  817/958/860 818/959/861 751/884/792 750/883/791
f  624/960/662 806/373/849 663/161/701 664/162/702
f  819/961/862 820/962/863 805/963/848 804/964/847
f  821/965/864 822/966/865 823/967/866 824/968/867
f  825/969/868 826/970/869 827/971/870 828/972/871
f  829/973/872 753/886/794 752/885/793 830/974/873
f  734/388/774 831/390/874 832/389/875 732/250/772
f  762/916/807 748/881/789 740/872/780 760/975/876
f  833/976/877 834/977/878 835/978/879 836/979/880
f  710/855/749 837/980/881 644/981/682 647/856/685
f  838/398/882 839/401/883 840/982/884 841/983/885
f  652/806/690 842/984/886 584/750/622 585/751/623
f  779/328/822 782/329/825 843/404/887 844/403/888
f  845/985/889 846/986/890 847/987/891 795/940/838
f  812/363/855 848/409/892 849/408/893 809/362/852
f  850/410/894 851/413/895 852/412/896 853/411/897
f  854/988/898 846/986/890 717/863/756 718/864/757
f  547/720/585 549/722/587 736/871/776
f  823/967/866 822/966/865 855/989/899 856/990/900
f  794/417/837 857/419/901 707/217/746 858/418/902
f  648/803/686 776/924/816 715/861/754 649/804/687
f  859/420/903 860/423/904 861/422/905 862/421/906
f  237/424/392 128/122/395 728/869/907 863/991/908
f  645/800/683 644/799/682 562/992/600 803/948/846
f  550/723/588 552/725/590 797/942/840
f  820/962/863 819/961/862 555/728/593 554/727/592
f  864/427/909 865/430/910 569/429/607 678/993/716
f  542/715/580 866/994/911 867/995/912 543/716/581
f  556/729/594 558/41/596 667/811/705
f  776/924/816 582/927/620 713/996/752 715/861/754
f  680/827/718 561/732/599 649/804/687 716/862/755
f  682/830/721 773/922/813 749/928/817 762/997/913
f  792/937/835 868/998/914 24/999/24 16/828/719
f  869/437/915 870/438/916 788/339/831 787/340/830
f  730/248/770 729/246/769 731/440/771 871/439/917
f  872/1000/918 873/1001/919 874/1002/920 824/1003/867
f  875/1004/921 876/1005/922 542/715/580 541/714/579
f  877/1006/923 878/1007/924 879/1008/925 845/985/889
f  652/806/690 651/805/689 880/1009/926 842/984/886
f  562/733/600 564/735/602 224/1010/229
f  580/247/618 579/452/617 650/148/688 687/190/726
f  402/1011/415 692/843/731 881/1012/927 403/1013/416
f  566/736/604 568/738/606 882/1014/928
f  850/410/894 883/459/929 884/458/930 885/457/931
f  886/1015/932 887/1016/933 888/1017/934 889/1018/935
f  574/1019/612 195/198/200 194/197/199 572/742/610
f  617/109/655 616/110/654 890/468/936 891/467/937
f  858/418/902 892/471/938 841/470/885 893/469/939
f  894/472/940 810/475/853 809/474/852 895/473/941
f  789/338/832 896/477/942 897/476/943 786/337/829
f  694/206/733 693/203/732 734/388/774 732/250/772
f  898/478/944 899/481/945 900/480/946 901/479/947
f  715/861/754 713/996/752 712/1020/751 716/862/755
f  24/999/24 868/998/914 567/737/605 607/773/645
f  563/734/601 837/980/881 902/1021/948 903/1022/949
f  857/1023/901 904/1024/950 801/946/844 800/945/843
f  835/978/879 711/1025/750 647/802/685 646/801/684
f  905/1026/951 818/959/861 817/958/860 906/1027/952
f  907/490/953 579/65/617 783/332/826 862/491/906
f  854/1028/898 908/1029/954 818/959/861 905/1026/951
f  909/1030/955 772/921/812 771/920/811 629/788/667
f  827/971/870 826/970/869 910/1031/956 911/1032/957
f  790/1033/833 912/1034/958 712/858/751 913/1035/959
f  914/1036/960 915/1037/961 611/1038/649 811/1039/854
f  602/768/640 597/763/635 702/849/741 704/851/743
f  915/1037/961 916/1040/962 608/1041/646 611/1038/649
f  800/1042/843 558/41/596 707/217/746 857/419/901
f  917/507/963 918/509/964 657/154/695 659/508/697
f  919/1043/965 920/1044/966 921/1045/967 922/1046/968
f  549/812/587 919/1043/965 922/1046/968 867/1047/912
f  867/1047/912 922/1046/968 923/1048/969 543/1049/581
f  828/972/871 827/971/870 924/1050/970 925/1051/971
f  641/139/679 577/64/615 926/520/972 927/519/973
f  928/1052/974 929/1053/975 700/847/739 545/718/583
f  662/523/700 656/155/694 678/825/716 840/1054/884
f  916/1040/962 813/954/856 816/957/859 608/1041/646
f  921/1045/967 930/1055/976 699/846/738 701/848/740
f  931/1056/977 751/884/792 818/959/861 908/1029/954
f  837/980/881 563/734/601 562/733/600 644/981/682
f  845/985/889 795/940/838 797/942/840 877/1006/923
f  720/233/759 777/527/978 932/528/979 721/234/760
f  633/529/671 786/337/829 897/476/943 635/530/673
f  933/1057/980 646/801/684 645/800/683 934/1058/981
f  821/965/864 824/968/867 874/1059/920 834/977/878
f  852/412/896 851/413/895 935/535/982 936/534/983
f  937/536/984 938/537/985 839/401/883 838/398/882
f  686/834/725 597/763/635 599/765/637 688/835/727
f  939/538/986 940/541/987 941/540/988 942/539/989
f  637/131/675 636/132/674 943/543/990 944/542/991
f  898/478/944 901/479/947 780/545/823 779/544/822
f  842/984/886 913/1035/959 712/858/751 584/750/622
f  945/1060/992 810/1061/853 894/1062/940 855/989/899
f  775/317/815 578/63/616 577/64/615
f  579/65/617 581/66/619 739/258/779
f  569/549/607 557/1063/595 781/330/824 780/331/823
f  946/1064/993 911/1032/957 916/1040/962 915/1037/961
f  472/552/486 81/74/84 879/1008/925 878/1007/924
f  879/1008/925 717/863/756 846/986/890 845/985/889
f  670/817/708 622/781/660 621/780/659 714/860/753
f  582/748/620 584/750/622 713/859/752
f  768/917/808 669/816/707 668/815/706 742/874/782
f  947/553/994 948/554/995 739/316/779 775/317/815
f  928/1052/974 793/938/836 627/786/665 784/1065/827
f  551/1066/589 550/1067/588 553/726/591 612/774/650
f  834/977/878 833/976/877 589/755/627 821/965/864
f  848/556/892 949/558/996 849/557/893
f  604/770/642 195/198/200 574/1019/612 605/771/643
f  542/715/580 876/1005/922 950/1068/997 866/994/911
f  626/560/664 951/563/998 663/562/701 806/561/849
f  891/564/937 952/565/999 636/132/674 617/133/655
f  951/563/998 893/469/939 841/470/885 840/566/884
f  25/746/25 24/999/24 607/773/645 953/1069/1000
f  666/568/704 635/530/673 897/476/943 869/569/915
f  954/1070/1001 482/1071/496 481/1072/495 568/738/606
f  787/340/830 632/574/670 666/573/704 869/437/915
f  551/724/589 614/1073/652 769/918/809 552/725/590
f  568/738/606 567/737/605 868/998/914 954/1070/1001
f  596/762/634 595/761/633 698/845/737 697/844/736
f  792/937/835 791/936/834 955/1074/1002 956/1075/1003
f  822/966/865 957/1076/1004 945/1060/992 855/989/899
f  196/199/201 195/198/200 604/770/642
f  816/579/859 815/580/858 927/519/973 926/520/972
f  958/581/1005 959/584/1006 960/583/1007 961/582/1008
f  768/917/808 742/874/782 255/263/260 284/308/287
f  634/794/672 664/162/702 600/766/638 631/791/669
f  555/728/593 491/586/505 490/585/504 553/726/591
f  832/389/875 947/553/994 775/317/815 732/250/772
f  491/586/505 555/728/593 819/961/862 492/587/506
f  589/755/627 591/757/629 957/1076/1004
f  844/588/888 962/589/1009 898/478/944 779/544/822
f  878/1007/924 877/1006/923 772/921/812 909/1030/955
f  721/1077/1010 674/821/1011 706/853/1012 719/1078/1013
f  909/1030/955 629/788/667 128/122/131 494/592/512
f  716/862/755 712/1020/751 912/1079/958 963/1080/1014
f  920/1044/966 919/1043/965 594/814/632 593/1081/631
f  570/596/608 901/479/947 900/480/946 565/1082/603
f  666/810/704 665/809/703 634/794/672 635/795/673
f  964/1083/1015 880/1084/926 651/923/689 735/870/775
f  910/1031/956 965/1085/1016 814/955/857 813/954/856
f  944/601/991 615/107/653 618/108/656 637/602/675
f  840/566/884 678/603/716 663/562/701 951/563/998
f  780/545/823 901/479/947 570/596/608 569/604/607
f  850/410/894 885/457/931 938/537/985 851/413/895
f  558/41/596 557/42/595 679/219/717 707/217/746
f  739/258/779 948/606/995 831/605/874 734/253/774
f  498/607/516 537/710/575 613/775/651 499/608/517
f  590/756/628 589/755/627 833/976/877 966/1086/1017
f  938/537/985 885/457/931 967/610/1018 839/401/883
f  867/995/912 866/994/911 736/871/776 549/722/587
f  924/1050/970 946/1064/993 591/757/629 590/756/628
f  968/611/1019 679/1087/717 557/1088/595 969/612/1020
f  193/842/198 692/843/731 402/1011/415 504/1089/522
f  777/929/818 720/1090/1021 672/838/1022 690/839/819
f  592/758/630 594/760/632 538/711/576
f  932/1091/1023 677/824/1024 674/821/1011 721/1077/1010
f  676/823/714 671/818/709 706/853/745 674/821/712
f  943/543/990 616/110/654 615/107/653 944/542/991
f  853/411/897 970/618/1025 883/459/929 850/410/894
f  224/1092/229 804/949/847 803/948/846
f  638/134/676 907/621/953 971/620/1026 610/100/648
f  972/1093/1027 930/1055/976 973/1094/1028 964/1083/1015
f  598/764/636 601/767/639 509/624/531 96/89/99
f  720/1090/1021 719/1078/1013 706/853/1012 672/838/1022
f  510/1095/532 648/803/686 640/798/678 140/797/143
f  955/1074/1002 974/1096/1029 512/1097/534 511/1098/533
f  574/1019/612 672/819/710 605/771/643
f  510/1095/532 295/925/298 776/924/816 648/803/686
f  753/886/794 933/1057/980 934/1058/981 750/883/791
f  547/1099/585 651/805/689 653/807/691 770/919/810
f  193/196/198 504/632/522 514/631/536 194/197/199
f  908/1029/954 854/1028/898 718/1100/757 903/1022/949
f  798/943/841 875/1004/921 975/1101/1030 799/944/842
f  856/1102/900 976/1103/1031 815/956/858 814/955/857
f  490/585/504 517/637/539 612/774/650 553/726/591
f  600/766/638 571/741/609 631/791/669
f  929/1053/975 540/1104/578 543/1049/581 923/1048/969
f  601/767/639 573/743/611 572/742/610
f  784/932/827 627/1105/665 807/952/850 785/933/828
f  915/1037/961 914/1036/960 591/757/629 946/1064/993
f  943/543/990 977/640/1032 890/468/936 616/110/654
f  652/806/690 585/751/623 587/753/625 653/807/691
f  978/641/1033 737/643/777 581/642/619 578/63/616
f  783/332/826 579/65/617 739/258/779 734/253/774
f  628/644/666 893/469/939 951/563/998 626/560/664
f  655/153/693 961/582/1008 960/583/1007 661/158/699
f  858/418/902 893/469/939 628/644/666 794/417/837
f  603/769/641 605/771/643 673/820/711
f  686/834/725 688/835/727 685/833/724
f  671/818/709 575/747/613 673/820/711
f  566/736/604 607/773/645 567/737/605
f  937/645/984 884/458/930 883/459/929 935/646/982
f  979/647/1034 917/648/963 960/583/1007 959/584/1006
f  602/768/640 598/764/636 597/763/635
f  709/854/748 873/1001/919 825/969/868 887/1016/933
f  964/1083/1015 973/1094/1028 980/1106/1035 880/1084/926
f  624/960/662 664/162/702 558/41/596 800/1042/843
f  902/1021/948 886/1015/932 889/1018/935 931/1056/977
f  522/1107/544 882/1014/928 568/738/606 481/1072/495
f  671/818/709 676/823/714 698/845/737 575/747/613
f  859/420/903 642/141/680 641/139/679 927/519/973
f  625/784/663 799/944/842 975/1101/1030 623/782/661
f  659/508/697 657/154/695 656/155/694 662/523/700
f  812/363/855 610/100/648 971/620/1026 848/409/892
f  981/651/1036 967/610/1018 885/457/931 884/458/930
f  977/640/1032 943/543/990 636/132/674 952/565/999
f  600/766/638 663/161/701 678/652/716 569/739/607
f  778/930/1037 690/839/729 574/744/612 573/743/611
f  819/961/862 804/964/847 524/653/547 492/587/506
f  714/860/753 703/850/742 686/834/725 670/817/708
f  937/645/984 838/654/882 981/651/1036 884/458/930
f  788/339/831 870/438/916 896/656/942 789/655/832
f  796/941/839 795/940/838 847/987/891 982/1108/1038
f  612/774/650 614/776/652 551/1066/589
f  826/970/869 825/969/868 873/1001/919 872/1000/918
f  921/1045/967 701/848/740 923/1048/969 922/1046/968
f  606/772/644 566/736/604 882/1014/928 881/1012/927
f  550/1067/588 796/1109/839 554/727/592 553/726/591
f  613/775/651 612/774/650 517/637/539 499/608/517
f  935/535/982 851/413/895 938/537/985 937/536/984
f  892/1110/938 981/651/1036 838/654/882 841/1111/885
f  891/564/937 864/660/909 968/611/1019 952/565/999
f  737/643/777 978/641/1033 774/318/814 738/319/778
f  920/1044/966 973/1094/1028 930/1055/976 921/1045/967
f  892/1110/938 708/1112/747 967/610/1018 981/651/1036
f  846/986/890 854/988/898 905/1113/951 847/987/891
f  702/849/741 703/850/742 697/844/736 675/822/713
f  581/642/619 731/440/771 729/246/769 578/63/616
f  403/1013/416 881/1012/927 882/1014/928 522/1107/544
f  929/1053/975 928/1052/974 784/1065/827 540/1104/578
f  894/472/940 895/473/941 860/423/904 976/663/1031
f  577/64/615 641/139/679 732/250/772 775/317/815
f  769/918/809 614/1073/652 630/1114/668 770/919/810
f  665/809/703 667/811/705 664/162/702 634/794/672
f  939/664/986 843/404/887 983/666/1039 940/665/987
f  950/1068/997 735/870/775 736/871/776 866/994/911
f  966/1086/1017 833/976/877 836/979/880 829/973/872
f  961/582/1008 655/153/693 657/154/695 918/509/964
f  820/962/863 554/727/592 796/1109/839 982/1115/1038
f  814/955/857 965/1085/1016 823/1116/866 856/1102/900
f  829/973/872 836/979/880 933/1057/980 753/886/794
f  840/1117/884 708/934/747 660/159/698 662/160/700
f  928/1052/974 545/718/583 904/1024/950 793/938/836
f  632/574/670 787/340/830 786/337/829 633/529/671
f  710/855/749 709/854/748 887/1016/933 886/1015/932
f  891/467/937 890/468/936 865/430/910 864/427/909
f  828/972/871 925/1051/971 830/974/873 888/1017/934
f  811/364/854 611/99/649 610/100/648 812/363/855
f  557/1088/595 569/429/607 865/430/910 969/612/1020
f  860/423/904 927/519/973 815/580/858 976/663/1031
f  878/1007/924 909/1030/955 494/592/512 472/552/486
f  895/473/941 949/669/996 861/422/905 860/423/904
f  781/330/824 557/1063/595 565/1082/603 900/480/946
f  746/879/787 682/830/721 184/185/188 274/289/278
f  81/74/84 588/754/626 717/863/756 879/1008/925
f  849/670/893 949/669/996 895/473/941 809/474/852
f  983/666/1039 962/589/1009 941/540/988 940/665/987
f  658/156/696 655/153/693 661/158/699 660/159/698
f  630/1114/668 548/1118/586 547/1099/585 770/919/810
f  583/749/621 582/748/620 294/672/297 527/671/550
f  842/984/886 880/1009/926 980/1119/1035 913/1035/959
f  925/1051/971 924/1050/970 590/756/628 966/1086/1017
f  679/1087/717 968/611/1019 864/660/909 678/1120/716
f  654/808/692 808/953/851 912/1121/958 790/935/833
f  931/1056/977 908/1029/954 903/1022/949 902/1021/948
f  724/1122/1040 723/1123/1041 705/852/1042 704/851/1043
f  239/244/244 725/865/764 583/749/621 527/671/550
f  974/1096/1029 955/1074/1002 791/936/834 963/1080/1014
f  659/157/697 661/158/699 960/583/1007 917/648/963
f  596/762/634 697/844/736 714/860/753
f  640/798/678 622/781/660 639/796/677
f  984/678/1044 918/509/964 917/507/963 979/679/1034
f  639/796/677 622/781/660 669/816/707 768/917/808
f  900/480/946 899/481/945 782/329/825 781/330/824
f  890/468/936 977/640/1032 969/612/1020 865/430/910
f  750/883/791 934/1058/981 802/947/845 817/958/860
f  816/579/859 926/520/972 609/101/647 608/98/646
f  587/753/625 771/920/811 770/919/810 653/807/691
f  552/725/590 877/1006/923 797/942/840
f  821/965/864 589/755/627 957/1076/1004 822/966/865
f  732/250/772 641/139/679 643/140/681
f  680/827/718 716/862/755 963/1080/1014 791/936/834
f  537/710/575 498/607/516 330/361/336 654/808/692
f  586/752/624 585/751/623 725/865/764 726/866/765
f  820/962/863 982/1115/1038 906/1124/952 805/963/848
f  785/933/828 975/1101/1030 875/1004/921 541/714/579
f  585/751/623 584/750/622 583/749/621 725/865/764
f  859/420/903 927/519/973 860/423/904
f  808/1125/851 974/1096/1029 963/1080/1014 912/1079/958
f  627/1105/665 626/1126/664 806/951/849 807/952/850
f  862/421/906 783/683/826 642/141/680 859/420/903
f  727/1127/1045 726/866/1046 235/240/558 530/685/557
f  894/1062/940 976/1128/1031 856/990/900 855/989/899
f  881/1012/927 692/843/731 691/840/730 606/772/644
f  968/611/1019 969/612/1020 977/640/1032 952/565/999
f  873/1001/919 709/854/748 711/857/750 874/1002/920
f  836/979/880 835/978/879 646/801/684 933/1057/980
f  740/872/780 689/836/728 532/688/561 764/912/805
f  889/1018/935 752/885/793 751/884/792 931/1056/977
f  606/772/644 691/840/730 953/1069/1000 607/773/645
f  643/140/681 642/141/680 783/683/826 733/254/773
f  571/741/609 556/729/594 666/810/704 632/792/670
f  549/812/587 594/814/632 919/1043/965
f  604/770/642 603/769/641 953/1069/1000 691/840/730
f  954/1070/1001 956/1075/1003 533/1129/562 482/1071/496
f  21/837/21 595/761/633 559/730/597 561/732/599
f  638/134/676 650/148/688 579/452/617 907/621/953
f  966/1086/1017 829/973/872 830/974/873 925/1051/971
f  629/788/667 771/920/811 587/753/625 586/752/624
f  934/1058/981 645/800/683 803/948/846 802/947/845
f  834/977/878 874/1059/920 711/1025/750 835/978/879
f  775/317/815 774/318/814 978/641/1033 578/63/616
f  790/1033/833 913/1035/959 980/1119/1035 593/1130/631
f  950/1068/997 876/1005/922 985/1131/1047 972/1093/1027
f  184/185/564 764/1132/1048 281/692/565
f  681/829/720 682/830/721 760/1133/1049
f  184/185/564 681/829/1050 764/1132/1048
f  762/997/913 760/1133/1049 682/830/721
f  887/1016/933 825/969/868 828/972/871 888/1017/934
f  722/931/821 778/930/820 705/852/1042 723/1123/1041
f  848/556/892 971/696/1026 861/695/905 949/558/996
f  942/697/989 844/403/888 843/404/887 939/664/986
f  857/1023/901 794/939/837 793/938/836 904/1024/950
f  801/946/844 544/717/582 799/944/842 625/784/663
f  801/946/844 904/1024/950 545/718/583 544/717/582
f  552/725/590 769/918/809 772/921/812 877/1006/923
f  914/1036/960 945/1060/992 957/1076/1004 591/757/629
f  984/678/1044 979/647/1034 959/584/1006 958/581/1005
f  689/836/728 688/835/727 303/333/309 535/698/569
f  699/846/738 985/1131/1047 798/943/841 546/719/584
f  945/1060/992 914/1036/960 811/1039/854 810/1061/853
f  932/1091/1023 724/1122/1040 704/851/1043 677/824/1024
f  941/540/988 962/589/1009 844/588/888 942/539/989
f  847/987/891 905/1113/951 906/1134/952 982/1108/1038
f  831/390/874 948/554/995 947/553/994 832/389/875
f  936/699/983 935/646/982 883/459/929 970/618/1025
f  593/1081/631 980/1106/1035 973/1094/1028 920/1044/966
f  536/700/570 572/742/610 194/197/199 514/631/536
f  224/1092/229 803/948/846 562/992/600
f  727/1127/1045 863/991/908 728/869/907 726/866/1046
f  954/1070/1001 868/998/914 792/937/835 956/1075/1003
f  601/767/639 572/742/610 536/700/570 509/624/531
f  965/1085/1016 872/1000/918 824/1003/867 823/1116/866
f  974/1096/1029 808/1125/851 329/1135/335 512/1097/534
f  889/1018/935 888/1017/934 830/974/873 752/885/793
f  511/1098/533 533/1129/562 956/1075/1003 955/1074/1002
f  817/958/860 802/947/845 805/950/848 906/1027/952
f  577/64/615 576/62/614 609/101/647 926/520/972
f  827/971/870 911/1032/957 946/1064/993 924/1050/970
f  907/490/953 862/491/906 861/695/905 971/696/1026
f  899/481/945 983/666/1039 843/404/887 782/329/825
f  708/218/747 892/471/938 858/418/902 707/217/746
f  962/589/1009 983/666/1039 899/481/945 898/478/944
f  798/943/841 985/1131/1047 876/1005/922 875/1004/921
f  559/730/597 621/780/659 620/779/658 560/731/598
f  735/870/775 950/1068/997 972/1093/1027 964/1083/1015
f  961/582/1008 918/509/964 984/678/1044 958/581/1005
f  564/735/602 563/734/601 903/1022/949 718/1100/757
f  705/852/744 778/930/1037 573/743/611 602/768/640
f  687/190/726 729/246/769 730/248/770
f  580/247/618 730/248/770 871/439/917
f  731/249/771 580/67/618 871/702/917
f  777/527/978 722/236/761 724/235/763 932/528/979
f  694/206/733 643/140/681 695/205/734
f  840/982/884 839/401/883 967/610/1018 708/1112/747
f  733/251/773 693/252/732 696/703/735
f  695/205/734 733/254/773 696/204/735
f  807/952/850 623/782/661 975/1101/1030 785/933/828
f  701/848/740 700/847/739 929/1053/975 923/1048/969
f  813/954/856 916/1040/962 911/1032/957 910/1031/956
f  886/1015/932 902/1021/948 837/980/881 710/855/749
f  25/746/25 953/1069/1000 603/769/641 575/747/613
f  826/970/869 872/1000/918 965/1085/1016 910/1031/956
f  571/741/609 570/740/608 565/49/603 556/729/594
f  870/704/916 869/569/915 897/476/943 896/477/942
f  532/688/561 689/836/728 535/698/569
f  255/263/260 754/1136/1051 267/705/571
f  741/873/781 742/874/782 756/1137/1052
f  255/263/260 741/873/781 754/1136/1051
f  744/876/784 756/1137/1052 742/874/782
f  677/824/715 704/851/743 702/849/741 675/822/713
f  743/877/785 746/879/787 744/898/799
f  749/882/790 684/832/723 683/831/722
f  760/975/876 740/872/780 681/911/804
f  764/912/805 532/688/561 281/708/574
f  762/916/807 747/880/788 748/881/789
f  852/412/896 936/699/983 970/618/1025 853/411/897
f  531/687/560 102/95/105 199/202/204
f  692/843/731 196/841/201 691/840/730
f  524/653/547 804/964/847 224/709/229
f  985/1131/1047 699/846/738 930/1055/976 972/1093/1027
f  414/466/427 413/465/426 197/630/202 199/578/204
f  863/1138/1053 727/867/766 238/243/243
f  530/868/767 529/1139/1054 238/243/243
f  529/1139/1054 236/241/241 238/243/243
f  237/242/242 863/1138/1053 238/243/243

