# File produced by Open Asset Import Library (http://www.assimp.sf.net)
# (assimp v5.3.0)

mtllib glance.mtl

# 5307 vertex positions
v 19.6625195 125.216324 10.7408686
v 18.4952602 117.059593 8.20472336
v 22.7542095 116.199142 3.84857249
v 23.8444271 125.014786 8.45660496
v 24.7223167 135.314438 8.54495335
v 20.5727577 135.617676 10.159337
v 18.906702 145.458176 5.4162097
v 23.0731049 145.369141 3.40464711
v 16.1164494 155.510254 -9.176404
v 12.6933784 153.110367 -4.23658848
v 2.35376525 94.5597153 -2.36877108
v 1.91917908 91.5980072 -3.30138803
v 3.75323153 91.4152222 -3.85726213
v 4.25557613 94.5147476 -2.88273263
v 5.05536509 97.2236786 -0.533018887
v 2.79603887 97.2441864 0.0568728745
v 3.97244835 100.301857 0.314735502
v 6.42799139 100.245171 -0.402054459
v 8.49799919 103.309654 -0.256019294
v 5.71600819 103.352654 0.917351544
v 8.33059502 106.247253 1.60280514
v 11.4302082 106.216896 -0.333727151
v 14.895278 109.100975 -0.558073699
v 11.6054573 108.990601 2.45178795
v 15.1883259 111.972992 4.0503602
v 18.9627934 112.000526 0.17851238
v 4.5399003 97.8947601 -4.28459978
v 5.80271673 101.029602 -4.09644794
v 18.4379463 125.900406 7.26057959
v 17.2316723 118.31073 5.07725716
v 13.9234591 113.556671 1.29032302
v 10.3406162 110.461342 -0.461719006
v 2.2843473 97.9245148 -3.69382143
v 1.87339711 95.259201 -4.16210127
v 3.77387476 95.2151947 -4.67562103
v 3.37490273 101.032265 -3.4020462
v 3.37321067 91.5534821 -5.19713497
v 19.53228 135.659653 6.49920511
v 17.7320328 113.583633 -2.60696149
v 21.5136433 117.529732 0.770463705
v 1.5034827 91.647995 -4.76252651
v 17.8215485 144.951187 1.98018682
v 13.6889772 110.640289 -3.43388891
v 4.94254255 104.309883 -2.66514301
v 22.1900177 144.487335 0.295332968
v 10.3567095 107.531319 -3.54738116
v 7.28403902 107.463791 -1.69672704
v 23.6171341 135.305161 5.03735971
v 7.66750813 104.350159 -3.77578878
v 22.6049099 125.713409 5.00469923
v 3.20486116 89.6651688 -14.8414526
v 1.05672383 89.3196106 -15.4066839
v 1.66378474 85.3022919 -15.5474815
v 3.26333618 84.1980438 -15.0703373
v 4.89810801 85.5453949 -15.2970772
v 5.41619825 89.6411896 -15.0694046
v 4.85321045 93.3662033 -15.5460997
v 3.20958614 94.7627563 -15.4057531
v 1.62905276 93.1328964 -15.7953672
v 8.12259197 89.7777328 -12.3076172
v 8.54458904 86.6662521 -12.2943058
v 9.4520731 88.1945419 -11.2346506
v 9.35129833 90.7405319 -10.8033934
v 9.35346889 92.741066 -11.5298891
v 8.41421604 92.844635 -12.6852198
v 8.06380367 91.3117371 -14.0225458
v 7.60750675 88.7703552 -14.1761322
v 8.15834236 86.7050934 -13.7386484
v 7.16285801 91.8137131 -6.90872431
v 9.36258316 90.4100266 -9.00658321
v 9.59948444 88.3155289 -8.14579678
v 7.89107275 88.6729202 -6.7037282
v 7.61232519 89.8144073 -4.36032152
v 6.70514297 92.4024734 -3.84256697
v 7.84168863 93.840126 -3.90841699
v 8.17665195 94.1395798 -6.14542294
v 9.79174519 92.3872833 -7.77752495
v 2.81499505 90.4343185 -3.79780388
v 3.87626338 86.5628738 -4.35275745
v 1.18157601 85.9990082 -4.08949995
v -0.204117447 89.2310333 -3.62984276
v -0.554120779 92.3641205 -2.77170014
v 1.8798486 93.97332 -2.90874243
v 4.75101423 94.121666 -2.85439134
v 5.96022892 91.3051682 -3.63165665
v 6.43479776 87.7940826 -4.00991535
v -4.30474043 88.3238373 -14.1897449
v -1.74740207 89.6044617 -15.9489422
v -2.94533753 90.8689346 -15.4907284
v -4.97921276 90.4448776 -14.0314159
v -6.91342258 89.0779114 -13.4597359
v -7.10320902 87.1944885 -13.2073116
v -6.09199953 86.0535431 -14.2698307
v -3.87139869 86.3540649 -15.1248388
v -2.12555528 87.83284 -16.300518
v -3.4247601 92.3299637 -3.48120975
v -1.1724869 92.0429611 -3.00290513
v -1.54272187 89.7340546 -3.1312809
v -3.12751365 89.2744293 -3.61610651
v -4.8976779 89.5878067 -3.27480125
v -5.70716095 91.83461 -3.23033667
v -5.36442137 93.5269012 -2.55977035
v -3.75213408 94.6031418 -2.61713529
v -2.00134134 93.6893311 -2.36635494
v 3.4576602 88.1870346 -18.014185
v 3.45293546 83.089447 -17.4498863
v 1.80422854 84.4811096 -17.3101082
v 1.24632311 88.2110138 -17.786232
v 1.76949656 92.3117142 -17.5579967
v 3.39918494 93.6541519 -17.7853012
v 4.99365425 92.5450211 -17.3087273
v 5.60579729 88.5325928 -17.4489555
v 5.03855181 84.7242126 -17.0597038
v 10.9770775 89.599411 -13.7647848
v 11.4921627 90.606781 -11.8962688
v 11.037899 88.0954742 -12.0441904
v 10.6854525 86.5325089 -13.3871822
v 9.74416828 86.6060333 -14.5481853
v 9.74837112 88.6366119 -15.2690105
v 9.64962864 91.2126694 -14.8320827
v 10.5550804 92.7108917 -13.7780981
v 10.9392939 92.6419907 -12.339426
v 14.1308937 88.5540085 -3.03553128
v 13.1195574 86.2302704 -3.78711677
v 13.4719086 86.5055771 -5.99195671
v 14.5890589 87.9653473 -6.10875511
v 13.6619825 90.5754318 -5.63409853
v 13.4002209 91.6926651 -3.252244
v 11.7115288 92.0281982 -1.75870931
v 11.9307203 89.9575882 -0.930605292
v 11.4843493 88.0043488 -2.20019937
v 4.15503788 86.902092 -0.247904748
v 2.20337367 86.4328461 -0.414403021
v 2.86563468 84.6221771 -1.04170632
v 4.70362949 84.7979431 -0.857369065
v 6.27854443 85.788269 -0.990364075
v 5.98058033 87.7037811 -0.415514559
v 5.1845479 89.8991165 -0.239308745
v 3.48032475 89.3386841 0.0274514761
v 1.73813856 88.7572327 -0.185948193
v -5.26926231 88.9289246 -17.2968025
v -5.70260239 90.8986893 -16.3617096
v -3.4811821 91.205101 -17.2168713
v -2.47079277 90.0582657 -18.2792377
v -2.66140079 88.1689911 -18.0266628
v -4.59479141 86.8078842 -17.4551315
v -6.62784624 86.3897095 -15.9959745
v -7.82660151 87.6483154 -15.5376034
v -7.44926739 89.4140625 -15.1858778
v -3.5452714 89.2004852 -0.564498842
v -3.21789742 86.9273224 -1.42857313
v -1.60967278 87.9954605 -1.51088619
v -1.26287031 89.6958466 -0.81537199
v -2.0682919 91.950737 -0.745959938
v -3.84251714 92.2560196 -0.429602265
v -5.43137264 91.7883072 -0.939375281
v -5.79754496 89.4874878 -1.04280341
v -4.9646287 87.8492126 -1.65440619
v -8.35754013 87.0197449 -13.9155188
v -6.91007566 85.3825989 -14.9193401
v -8.01973438 89.4602051 -13.8255749
v -5.52554321 91.3535843 -15.014327
v -2.66208076 91.8833771 -16.5675507
v 10.7123613 91.0020218 -10.7877083
v 10.3542566 93.7290344 -11.5516672
v 10.4892035 87.6182785 -11.147995
v -1.21646285 90.2330246 -17.5710297
v -1.55611408 87.7793579 -17.6606293
v 12.4188023 88.855629 -8.41951656
v 11.8551302 86.4295425 -7.78392076
v 12.0965118 91.9458313 -7.33141804
v 10.458128 86.5408401 -5.33652115
v 9.15549946 88.4736633 -2.70692396
v 4.37357521 85.3699875 -2.66555238
v 1.81833804 84.8341751 -2.64740467
v 6.76155472 86.5266266 -2.56272125
v 0.741405904 87.7450562 -2.0220468
v 0.180918217 90.8296967 -1.39684105
v 6.23757696 89.1404877 -16.2029667
v 5.47840452 94.3637314 -16.4275265
v 5.5435915 83.810051 -16.0908337
v -3.06860232 87.2127533 -2.68883514
v -5.43547249 88.0057983 -2.60798931
v -0.909938693 88.1959457 -2.43669009
v 6.22862673 89.591362 -2.02366161
v 5.17925501 92.4823227 -1.48444974
v -0.461899638 90.904129 -1.87123334
v -1.52541876 93.5428543 -1.38158703
v 10.8356237 93.8268814 -4.60773516
v 9.48036289 93.8864136 -2.06624794
v -4.04845953 85.8991776 -16.4722214
v 9.46291828 93.8074875 -13.2968111
v 8.61503983 91.8264999 -14.9116507
v -6.50813198 90.6263199 -2.17447519
v -6.06923294 93.3162994 -1.66515052
v 2.59645748 91.9664383 -1.38015628
v 3.29542732 95.9692383 -16.6514282
v 1.13036656 94.0531769 -16.7635269
v 0.424944371 88.7117157 -16.6526718
v 1.17268038 83.4774475 -16.429388
v 8.38730717 88.3751221 -15.2846947
v 8.74083805 85.5804749 -14.533493
v 3.36709404 81.8829575 -16.2042103
v -3.90142918 94.3176956 -1.35687363
v 8.87495041 91.5120926 -1.52473867
v 9.63675022 85.5696564 -12.7755909
v -19.7259483 89.9977875 -6.88734674
v -17.5270481 90.7903061 -1.98381388
v -15.655201 96.8135452 -3.15088415
v -17.1293449 98.6271973 -6.5767889
v -17.3826103 95.6945877 -10.5949078
v -19.4492722 88.9432068 -12.2066641
v -19.0921326 82.4668884 -11.4914398
v -19.8469772 81.106308 -7.61368942
v -17.9717999 84.0843735 -3.79050064
v -9.8236351 88.9495239 -8.55048561
v -9.70260811 97.8410034 -7.82414198
v -10.1539154 96.2311783 -4.07484961
v -10.1003132 90.0041046 -3.23116779
v -12.4705162 83.5019989 -4.71446705
v -12.4202414 80.3201065 -8.86104393
v -13.590848 81.8845215 -12.4154072
v -12.0225382 88.1570053 -13.4540176
v -11.8813238 95.1122131 -11.5188732
v -16.5865479 77.7930603 -8.41018295
v -16.7532406 79.5092468 -13.4933062
v -15.513978 81.9171677 -2.981426
v -12.9630375 101.154251 -7.02764893
v -12.1133823 98.8772278 -2.23355556
v -14.7185688 97.5909653 -12.1673756
v -16.0562763 88.2422562 -14.5341492
v -13.49331 90.7050476 -0.903682351
v 17.8136921 144.708359 -26.5881405
v 18.0034027 140.423096 -28.3232517
v 16.1879692 137.377838 -32.6323624
v 15.6295004 141.273834 -30.2605133
v 11.7341127 139.322662 -33.9638329
v 12.2791033 135.501511 -36.7535019
v 7.37155771 135.024902 -39.4859886
v 6.96839094 138.969833 -36.7968941
v 2.19823217 134.977859 -40.4404335
v 1.72639346 138.92308 -37.7067337
v 10.2349215 112.178688 -44.0512085
v 10.0097027 106.343529 -46.8663254
v 5.10500908 105.998726 -50.8020515
v 5.46896124 111.82193 -48.1351433
v 14.2263145 114.09758 -38.5224762
v 14.0204935 108.268967 -41.3154411
v -0.127608404 105.950661 -52.0913315
v 0.292340964 111.775932 -49.4488182
v 16.386919 117.12381 -32.0742416
v 15.9040108 111.283882 -34.6373901
v 14.4147701 68.833374 -30.2493
v 13.4122648 58.2913742 -28.2635326
v 11.4772205 55.2674255 -32.5168037
v 12.310173 65.8087692 -34.5456238
v 8.32295036 63.8619499 -38.2880859
v 7.60519934 53.3368073 -36.1349182
v 2.91159439 52.9766388 -38.8309402
v 3.48899341 63.4943962 -41.0609932
v -2.23758626 52.9266548 -39.6828041
v -1.7493186 63.4439507 -41.9362259
v 5.30636549 95.0056381 -49.2517624
v -0.243468598 94.9535599 -50.4254494
v 5.26404619 84.2237091 -47.3093147
v -0.473863363 84.1706543 -48.3324661
v 4.49566031 73.8002396 -44.4707069
v -1.05417311 73.7481537 -45.4276314
v 15.152422 97.383522 -40.4677391
v 10.6308546 95.3989792 -45.5156212
v 15.5176344 86.6702576 -39.5188065
v 10.8846865 84.6326218 -44.0495834
v 14.2100105 76.1970215 -37.2520294
v 9.82015038 74.1935654 -41.4290771
v 17.1662064 100.485382 -34.3359032
v 17.7619095 89.7809296 -34.4088745
v 16.5016251 79.2651367 -32.6500206
v 18.4143867 134.535843 -28.8724232
v 16.608757 131.622314 -34.1899109
v 18.5669518 128.782593 -29.7431469
v 16.4152813 125.867378 -35.7539139
v 17.7649975 122.969841 -30.7118874
v 15.4648991 120.00795 -37.0847588
v 7.23049784 129.442978 -42.2443466
v 1.88410795 129.421158 -43.3211899
v 6.97783089 123.808159 -45.2684479
v 1.51572359 123.802834 -46.5129967
v 6.2758584 117.853035 -46.9571037
v 0.92946738 117.831192 -48.280056
v 12.2575483 129.761398 -38.8129196
v 12.116971 124.075073 -41.3104897
v 11.2502441 118.154442 -42.7824211
v 5.39020443 149.765152 -25.0174809
v 5.88050318 145.781052 -30.2765713
v 0.638505816 145.734299 -31.1470966
v 0.572820485 149.718399 -25.8144627
v 6.65650892 143.117508 -34.3006554
v 1.29956126 143.074738 -35.1942749
v 13.4466829 151.995682 -19.1934071
v 14.735527 148.504944 -24.362236
v 10.655982 146.156479 -27.5827885
v 9.82436085 150.202316 -22.5916405
v 15.41224 145.386765 -27.9328976
v 11.5108871 143.460449 -31.5602989
v 15.2142439 154.737427 -15.1310062
v 16.4976425 151.080902 -19.6745243
v 17.4179001 148.398865 -23.6557026
v 20.0748749 121.670578 6.26871824
v 19.5274734 121.558456 7.39172745
v 20.1798592 122.551888 8.02475262
v 20.6097794 123.168045 7.44265985
v 21.3824844 122.435005 7.1063776
v 21.2353249 121.34359 5.97634125
v 21.0638371 119.973679 5.86265945
v 20.153017 119.733986 5.92540932
v 19.8530445 120.160446 7.03444529
v 22.774765 128.744965 10.8038025
v 21.3221188 129.096161 11.8447647
v 20.6973057 131.707993 11.0789824
v 22.4426575 131.268234 9.79369259
v 24.6638031 131.418121 9.53582287
v 24.6008282 128.856552 10.5691872
v 24.1922512 127.523178 11.3760996
v 23.1124287 126.946739 11.6769476
v 22.1554985 127.672012 12.1684942
v 4.02494812 99.104805 -2.10291052
v 3.68963647 98.8991776 -1.5541718
v 4.08858871 99.1224136 -1.23847139
v 4.38519096 99.4738846 -1.64206111
v 4.70195389 99.1111374 -1.41117799
v 4.59258032 98.8843918 -1.80441415
v 4.36696768 98.331131 -1.45639741
v 3.89702582 98.3096695 -1.7165246
v 3.76831222 98.3396912 -1.29320419
v 7.65222502 105.755226 -1.13181806
v 7.31239271 105.494812 -0.330772281
v 8.03434372 105.6987 0.0203713384
v 8.42251396 106.074341 -0.61794275
v 8.82656384 105.688873 -0.595966578
v 8.45503616 105.479965 -1.04461372
v 8.07861042 104.85878 -0.645965636
v 7.34491491 104.900444 -0.757443368
v 7.31553125 104.869942 -0.147489324
v 14.226202 112.103828 0.600847125
v 13.7692394 111.653137 1.57088971
v 14.7133818 111.740204 1.78419185
v 15.2578621 112.262146 1.1103785
v 15.7490025 111.755531 0.701577723
v 15.1985693 111.681038 0.129084691
v 14.6295929 110.919029 0.33624357
v 13.7099466 111.072037 0.589596033
v 13.6453819 110.894913 1.35303867
v 22.8597088 120.912392 11.1008749
v 23.7037086 120.21833 9.88467693
v 23.1361828 121.164085 9.38285351
v 22.4793987 121.704178 10.2887554
v 21.6931839 121.271187 10.6389112
v 21.8493843 120.355972 11.5649176
v 21.7327328 119.241699 11.9052725
v 22.9169674 119.893906 11.3687029
v 23.9062481 119.080383 9.94805527
v 15.2468758 107.086983 3.96184015
v 16.316885 107.748207 4.12241507
v 16.0527363 109.169762 3.46371245
v 15.2200756 108.65522 3.34593892
v 14.7924366 108.148575 2.73144531
v 14.69734 106.435921 3.13267016
v 14.423564 104.871368 3.2416122
v 15.0676937 105.634506 4.21351004
v 16.321888 106.409561 4.3985548
v 23.7708454 118.254967 8.18807316
v 23.2160892 116.369835 7.19571257
v 22.7567253 118.169258 7.39892435
v 23.1884251 119.636223 8.12876511
v 23.9849434 116.779053 7.95450735
v 23.3346958 114.569427 6.78398037
v 21.2832775 118.56794 11.0050516
v 21.2526493 119.879768 10.2257576
v 21.2960587 118.427475 9.28835392
v 21.3390617 116.70166 9.74094105
v 21.1345673 114.958374 9.76488018
v 21.0691814 117.145905 11.2465858
v 10.0470581 102.96479 2.61226106
v 10.3586378 102.743889 1.71119046
v 9.98987675 103.998077 1.47021031
v 9.72835064 104.169975 2.11346364
v 9.23897648 104.009239 2.68851328
v 9.46401978 102.758247 3.41779208
v 9.45711327 101.420868 3.58934307
v 10.1405134 101.662979 2.64515257
v 10.5057268 101.404045 1.5889771
v 4.73859549 98.8465424 -0.370457977
v 5.03005171 98.6909103 -0.481038511
v 4.32263613 98.7052765 -0.278868824
v 4.7586956 97.6750641 1.03144729
v 5.01905394 97.7642593 0.974745214
v 5.20104408 97.6665649 0.906089246
v 4.95016766 98.2451706 -0.536085665
v 4.6399951 97.8031769 -0.527310193
v 5.15222883 97.3857269 0.870491207
v 4.95845747 97.1072464 0.87506628
v 7.97111368 104.692627 1.18500626
v 8.53587341 105.208931 1.19541585
v 7.70988846 104.171951 0.904434264
v 8.58152294 103.012772 2.31261349
v 8.78944778 103.513107 2.67506576
v 25.707407 129.510818 11.5661125
v 26.0385818 132.254333 10.8197632
v 26.0911922 133.18718 12.6180887
v 25.7210808 130.244965 12.9882307
v 24.8881607 128.385651 12.8788195
v 24.7203522 127.366646 12.0949106
v 9.1506958 105.376205 0.750273347
v 9.4792614 105.197311 0.252335012
v 20.2937241 120.91906 8.86602783
v 20.7521706 122.36705 9.23649502
v 20.3388996 119.407707 8.02753925
v 22.3082142 120.665611 6.99393892
v 21.8589592 119.138992 6.33838606
v 22.2538452 122.2556 8.11751366
v 14.414031 110.340439 2.51743793
v 15.280549 110.875908 2.60590291
v 13.9690027 109.813187 1.9689579
v 21.5703545 122.817657 8.92601204
v 21.0315838 118.767014 6.93395567
v 21.9616795 117.811806 8.06576633
v 16.1699314 111.058784 1.97267354
v 16.6028538 110.890724 1.15181112
v 16.9073658 109.345505 2.8102529
v 17.3233738 109.183998 1.92791617
v 21.3357925 129.830307 13.2668829
v 22.4423695 130.484558 14.2638092
v 22.1246967 133.477051 14.1612501
v 20.7499199 132.640839 12.8773098
v 22.3234615 127.541801 13.0274162
v 22.8514042 128.534485 13.671217
v 16.0999908 110.37336 0.677377403
v 15.1756411 109.847748 0.662958801
v 16.8401604 108.686859 1.35905838
v 15.9519272 108.181793 1.28692091
v 23.5220089 126.715446 12.6093855
v 23.931385 127.961716 13.4453793
v 22.0497513 133.674576 8.45036507
v 20.5983772 134.096695 9.62872791
v 20.5680199 136.652939 7.84875488
v 21.5879745 136.301422 6.88773632
v 23.0407085 136.486298 6.86125469
v 23.9827633 133.849365 8.31203651
v 9.18525219 104.67511 0.104357392
v 8.58770943 104.157303 0.226541907
v 9.75585651 103.496277 1.27904773
v 9.28023434 102.998703 1.43688965
v 4.24058342 97.6588364 -0.446423203
v 3.96567535 97.8114471 -0.346544951
v 4.70558167 97.0166626 0.926929295
v 4.53107309 97.1129837 0.99074626
v 4.02901077 98.2602463 -0.280795664
v 4.57240677 97.3952103 1.03118324
v 8.00567055 103.991539 0.539090157
v 8.81695366 102.839424 1.84064972
v 14.3440924 109.654999 1.22214174
v 15.1528683 107.996559 1.89474463
v 5.30504322 94.9901733 2.046134
v 5.21788406 94.8628311 2.04738998
v 5.18488264 95.5248489 1.88434541
v 5.29149246 95.6801224 1.88261926
v 5.31740093 95.8367157 1.90325916
v 5.32603836 95.1186066 2.0632143
v 5.29180479 94.7331924 2.11903429
v 5.27869701 94.5236511 2.12556005
v 5.21753645 94.5570374 2.10800505
v 5.24425602 95.1629715 2.09371972
v 5.21734905 95.8908768 1.94066155
v 5.0736661 95.8409805 1.97140908
v 5.12670422 95.1220093 2.11876893
v 5.15475035 94.7354965 2.15715599
v 5.23845625 94.638031 2.15706158
v 15.170167 103.457382 2.00791383
v 14.7109604 103.651047 3.12725043
v 14.966464 104.642418 1.91826582
v 16.1700459 104.921417 0.955688417
v 16.1882 103.693367 1.19656897
v 16.2313709 103.204803 1.69603992
v 15.6508694 102.860985 2.24263644
v 15.2813568 103.18026 2.92511392
v 8.96587563 98.4716568 2.23173976
v 8.6877861 98.6925201 2.8872056
v 8.5389967 99.9199371 2.97214246
v 8.86777115 99.6588211 2.19721174
v 9.51473141 99.8987427 1.53426659
v 9.51309776 98.6745834 1.67099535
v 9.51274204 98.1951675 1.92300451
v 9.19738483 97.870224 2.31321883
v 8.98363972 98.2061844 2.73919654
v 5.04038715 94.9945145 2.11948061
v 4.96868181 95.6854019 1.97208309
v 4.94440031 95.528511 1.95039141
v 5.02023458 94.865921 2.10185528
v 5.08123064 94.5591965 2.14564252
v 5.10349464 94.5265121 2.17411542
v 22.1944141 115.910522 8.09224796
v 22.1371555 114.031036 7.83239031
v 17.4151268 107.974045 3.24563694
v 17.9497166 107.76651 2.05836535
v 17.6091747 106.674255 3.36134052
v 18.2357826 106.430992 1.96335804
v 23.9762955 136.062241 12.6104975
v 25.4276695 135.640121 11.4321346
v 24.3390503 138.095413 9.66486549
v 23.3190975 138.446915 10.6258821
v 21.8663635 138.262054 10.6523638
v 22.0432854 135.887451 12.748826
v 24.3458443 133.626953 13.9033813
v 17.3287621 107.127647 1.28746116
v 16.1873398 106.478615 1.18515146
v 17.5079441 105.682167 1.06609654
v 25.2692795 134.703522 9.65263844
v 24.1019936 137.263077 8.09847736
v 24.2684345 130.596161 14.0291939
v 10.0798283 102.09906 1.44340944
v 9.51317596 101.459641 1.66451454
v 10.1789246 100.648209 1.27510166
v 4.94197893 96.2474518 1.62306809
v 4.81933069 96.3147736 1.66820657
v 5.11924696 96.3104019 1.58626127
v 5.04282618 95.4746552 1.91404092
v 4.84915972 96.5112839 1.69573009
v 4.98001814 96.7061462 1.69525397
v 8.96122551 101.254959 2.23010278
v 8.68073463 101.47773 2.89123058
v 15.160512 106.240585 2.00366426
v 5.16046 96.7685089 1.65639436
v 5.28628159 96.7005997 1.60920286
v 5.25327873 96.5046692 1.58373237
v 8.92845535 102.120689 3.39895439
v 8.82936001 100.673569 3.56726265
v 20.3435898 140.474319 7.453578
v 20.1689873 142.909775 5.81911659
v 20.208025 141.792725 5.24402237
v 20.1489315 139.767395 6.09382343
v 20.8050766 137.485275 9.41514301
v 21.2621555 141.147079 8.49769402
v 20.9720764 142.739639 6.89389229
v 22.5270596 114.33284 9.60187531
v 22.7150116 116.067917 10.4548445
v 22.1000175 116.136703 10.8786278
v 21.824297 114.743248 10.3946972
v 21.7813702 113.821419 9.64814949
v 22.3391075 113.241753 8.74890804
v 22.9591084 113.631081 8.13221073
v 23.2298222 114.566414 8.80905342
v 23.2677498 116.031929 9.74851799
v 20.7567673 135.03331 11.4082241
v 5.19722271 94.369339 2.17218137
v 5.14373541 94.4121323 2.14261365
v 9.50414181 98.0312729 2.42118216
v 9.81090069 98.836319 2.52914548
v 9.48184395 99.0114441 3.02508807
v 9.17886829 98.359375 2.97364283
v 9.82941723 98.3471603 1.86872196
v 10.0383444 99.0020676 1.9974407
v 16.2878189 103.028702 2.59246135
v 16.9247704 103.840408 2.95800424
v 16.3128014 104.002846 3.54235935
v 15.699666 103.339211 3.34904289
v 16.8759727 103.362183 1.85159731
v 17.3257523 104.016655 2.262218
v 8.93338585 99.3299713 3.39058089
v 9.4643631 99.9620667 3.40925717
v 21.0779514 143.700912 4.80734444
v 22.3436413 142.84462 4.80304909
v 21.8180103 141.733398 4.51186752
v 20.7678318 142.27179 4.25626898
v 21.7447948 143.48259 6.36589766
v 22.5820618 142.680328 6.1617384
v 10.0424089 100.166847 2.61062527
v 10.3513212 99.9478302 1.71727157
v 21.2939281 115.77597 10.9930344
v 21.8551865 117.548691 11.5507383
v 21.3492374 113.925682 9.73975086
v 23.7601929 115.465675 8.21071625
v 23.2101879 113.596703 7.21895361
v 23.6936302 117.412231 9.89805698
v 15.2557907 104.296532 3.94931841
v 16.3166351 104.952095 4.10867596
v 22.8568573 118.100342 11.0985727
v 22.1972637 113.141312 8.10517883
v 17.4054718 105.175987 3.23988008
v 17.935482 104.970238 2.06309295
v 23.2392197 140.337723 6.19102049
v 22.3206539 139.664948 5.14690495
v 23.4338779 141.044632 7.55077553
v 17.3198471 104.336838 1.2984755
v 22.533556 141.325806 8.42488003
v 21.0492535 139.486237 5.21971893
v 10.0748987 99.3085251 1.4517839
v 5.10117388 94.8217316 2.07189465
v 46.4692612 139.343323 -9.77747631
v 46.5265007 139.696396 -7.21034002
v 50.3642235 138.656372 -7.0417223
v 50.3383064 138.237656 -9.52560711
v 50.0622864 136.685974 -11.6119509
v 46.1776161 137.778976 -11.9479494
v 42.2619171 139.238754 -12.3123722
v 42.4559746 140.792435 -10.0434942
v 42.516758 141.068497 -7.43521976
v 46.3876343 138.9384 -4.79731798
v 50.1740112 138.002258 -4.68100119
v 42.4749222 140.165756 -4.9053793
v 42.3102837 138.22963 -2.82324219
v 46.0908737 137.215729 -2.92018938
v 49.818779 136.394669 -2.84816504
v 53.8413315 136.960678 -4.69541311
v 54.0163231 137.477356 -6.8847723
v 53.5271225 135.537018 -2.93477488
v 57.0902863 134.60054 -3.28690076
v 57.2774734 135.759232 -4.83666992
v 57.3823547 136.129974 -6.68021822
v 54.0177002 137.035309 -9.1281929
v 57.3924103 135.729889 -8.51880646
v 57.3019524 134.563614 -10.0644522
v 53.8238678 135.621368 -11.0105848
v 4.14327431 105.976974 -24.8360558
v 4.63206291 110.42794 -27.5016651
v 8.94501019 110.408966 -27.0874557
v 7.90165806 106.049095 -24.3995438
v 6.92489147 102.103104 -21.8457012
v 3.65684843 102.003372 -22.2601051
v 5.0570941 115.677948 -29.7097054
v 9.93199921 115.601166 -29.2904186
v 2.98846984 95.1462784 -18.0781574
v 2.62725902 92.5145874 -16.3709068
v 2.56793952 92.3486252 -16.9969349
v 2.9291501 94.9803238 -18.7041874
v 5.34369421 122.222664 -31.1350498
v 10.6580868 122.039406 -30.6087761
v 14.5295858 115.509315 -27.6153297
v 12.7223988 110.627708 -25.3662109
v 15.8772755 121.735825 -28.7892799
v 21.3279953 121.084076 -25.8265896
v 18.1606464 114.908676 -25.1592255
v 15.6785021 110.441589 -22.9970551
v 11.0891027 106.468407 -22.7171021
v 13.5926189 106.487778 -20.6339245
v 11.8411226 102.836563 -18.366745
v 9.65513992 102.730934 -20.0986061
v 43.8186798 125.228432 -5.29181719
v 43.7212105 124.691368 -7.79290533
v 47.8208275 124.749161 -7.31157684
v 47.8561859 125.320419 -4.93674183
v 48.0702515 126.896408 -2.98235083
v 44.1186485 126.796593 -3.17151237
v 40.5662956 126.390289 -3.25593638
v 40.2660599 124.886215 -5.70855761
v 40.1515961 124.429848 -8.52068043
v 43.8471565 125.161758 -10.3404922
v 47.9669647 125.187935 -9.75
v 40.230381 125.030334 -11.2801838
v 40.5141068 126.807159 -13.457715
v 44.1842194 126.828575 -12.4890661
v 48.2722054 126.769623 -11.8278713
v 52.3424034 125.510124 -9.20237541
v 52.2168808 125.061073 -6.99768114
v 52.5580292 126.916336 -11.0699873
v 56.6212959 127.466179 -10.0173016
v 56.5009308 126.345871 -8.51058388
v 56.4270439 125.942574 -6.73311472
v 52.1994514 125.561096 -4.81417131
v 56.4005165 126.301437 -4.93377256
v 56.4303093 127.430984 -3.39878154
v 52.297699 126.996521 -3.01225495
v 2.3928318 89.1673203 -14.8869715
v 4.63611078 89.212265 -14.7131147
v 4.86017227 88.0333328 -14.9691706
v 2.50847602 87.977066 -15.1545515
v 0 87.9743042 -15.1545515
v 0 89.1673279 -14.8869715
v 0 90.5740585 -15.0579109
v 2.37407446 90.5740509 -15.0579109
v 4.59976912 90.6146088 -14.8860168
v 6.58028841 89.3471298 -14.191555
v 6.89830923 88.1910477 -14.4130316
v 6.52870512 90.7362595 -14.3703451
v 8.01249981 90.9795761 -13.338994
v 8.07580757 89.6168518 -13.1484346
v 8.46610737 88.4981918 -13.3007574
v 7.37976313 86.6831207 -14.9203625
v 5.19937801 86.4860153 -15.530015
v 9.05698204 87.0442047 -13.7006178
v 9.72201252 84.7044678 -14.0740128
v 7.92164135 84.2615356 -15.4564972
v 5.58115625 83.9912567 -16.1928558
v 2.68355036 86.4055481 -15.7332335
v 2.88059735 83.8612061 -16.4573174
v 0 83.8308182 -16.4740982
v 0 86.3944855 -15.7332335
v 27.9733315 118.908241 -6.20625067
v 28.0950375 118.73452 -12.4359875
v 32.4809303 121.166481 -10.9943371
v 32.4783096 121.50106 -6.08325958
v 32.4874535 123.330315 -1.61724555
v 27.6369934 120.803993 -0.281120062
v 22.1385345 117.582214 1.29991579
v 23.5013409 116.464027 -6.54564142
v 23.9230232 116.385391 -13.5133362
v 27.7704182 120.03083 -18.4424896
v 32.3649597 122.209442 -15.7403154
v 23.3765125 117.451965 -20.4297485
v 27.1183434 123.531609 -22.9115829
v 32.2570496 125.05616 -19.3038979
v 36.5764275 124.121361 -13.0598755
v 36.5732307 123.322334 -9.58975124
v 36.7103119 126.271385 -15.6876621
v 36.6533165 123.725372 -5.96243286
v 36.8467407 125.322868 -2.73686624
v 45.6761818 134.772507 -1.86343527
v 45.1703262 132.003265 -1.52454388
v 48.9160728 131.686432 -1.57868326
v 49.3807297 134.147949 -1.86721909
v 41.9976349 135.416077 -1.5336808
v 41.5641556 132.156937 -1.08922279
v 44.6074867 129.233154 -1.94001448
v 48.4548187 129.195541 -1.90763378
v 41.0265617 128.980225 -1.69071865
v 52.5184097 129.076385 -2.00334096
v 52.8167572 131.303421 -1.69613779
v 56.5306396 129.132706 -2.47990847
v 56.685421 131.001205 -2.17936778
v 53.159935 133.503922 -1.97252107
v 56.8749504 132.874344 -2.41049314
v 73.1618958 131.783081 -3.40769315
v 73.1618958 130.61647 -3.24269128
v 75.0602112 130.613373 -3.11823559
v 75.0602112 131.829453 -3.29023337
v 75.0602112 132.84288 -3.80622387
v 73.1618958 132.755249 -3.90269542
v 70.853302 132.714386 -4.00970459
v 70.853447 131.761902 -3.53067493
v 70.8538589 130.627777 -3.37709641
v 73.1618958 129.44986 -3.40769291
v 75.0602112 129.397263 -3.29023337
v 70.8542633 129.497559 -3.54313183
v 70.8546295 128.55661 -4.02758741
v 73.1618958 128.477676 -3.90269518
v 75.0602112 128.383835 -3.80622387
v 76.7090759 129.345566 -3.18786883
v 76.7090759 130.613373 -3.00856137
v 76.7090759 128.289062 -3.72579455
v 78.2321243 128.195892 -3.64674354
v 78.2321243 129.294754 -3.08725882
v 78.2321243 130.613373 -2.90076256
v 76.7090759 131.881134 -3.18786931
v 78.2321243 131.931976 -3.08725953
v 78.2321243 133.030807 -3.64674425
v 76.7090759 132.937653 -3.72579479
v 5.33440018 124.199486 9.74696064
v 10.9404011 124.234604 9.4955883
v 10.493906 131.249603 9.88005543
v 5.18283558 130.767838 10.1058474
v 0 130.603134 10.1451693
v 0 124.166313 9.74895668
v 0 117.927025 7.68836212
v 5.29978132 117.920174 7.67269135
v 10.8793097 117.820633 7.23499012
v 16.6291523 124.220909 8.20026398
v 15.8417645 132.02446 9.36242294
v 16.5854721 117.588203 5.51901484
v 21.9383259 124.699684 5.90397263
v 21.2227821 132.46756 7.5140276
v 14.9407263 139.307617 7.6016655
v 9.90022659 137.332687 9.00911617
v 19.8539639 140.1707 5.34010696
v 15.9293575 147.425888 -0.630832553
v 12.9767056 144.533234 4.38507175
v 9.11720276 141.738312 7.22236824
v 4.92209864 136.104111 9.52381229
v 4.60314989 139.945709 8.28913021
v 0 139.354706 8.63609028
v 0 135.713196 9.68765259
v 17.9214649 152.787323 -11.7278671
v 17.9800014 152.728073 -9.11041069
v 29.6832676 147.945236 -7.86446238
v 29.6505985 147.955872 -11.7387638
v 30.6428928 145.989044 -15.4014015
v 19.9305744 150.45401 -15.2788391
v 15.649848 153.902237 -15.8253736
v 16.3392296 155.630188 -11.6440573
v 17.0348129 154.778015 -8.54853058
v 19.1746616 149.101242 -5.60280514
v 30.5436497 146.171021 -3.98589969
v 17.1281281 152.108673 -5.53917313
v 23.6112938 144.921585 -0.283900619
v 31.7245922 142.834122 -0.296006471
v 37.6679344 142.823425 -4.4214468
v 37.4881516 144.138245 -7.56809807
v 37.7599602 140.174286 -1.76563931
v 37.4533157 143.979279 -10.7925739
v 37.5838127 142.155273 -13.653492
v 16.0947666 130.190063 -28.8283825
v 10.8911657 130.774368 -31.8546963
v 10.5997181 139.35817 -30.3290386
v 15.8286448 138.921783 -27.8409157
v 20.7823639 138.131989 -25.2034283
v 21.366394 129.689774 -26.6545868
v 5.374928 130.99527 -32.6571274
v 5.26982832 139.462662 -31.7712078
v 5.04648447 144.789459 -28.6871281
v 9.80678082 144.777832 -26.4410858
v 5.14917994 148.587509 -26.3927822
v 4.98716497 144.62352 -29.313158
v 4.57274342 110.261971 -28.127697
v 4.99777508 115.511986 -30.335741
v 9.84278584 148.947678 -23.6967621
v 14.5531301 145.210083 -23.4920826
v 13.7148046 150.878296 -20.0786438
v 18.5869999 146.171448 -20.9684029
v 26.8633957 129.818771 -24.1121063
v 26.4070759 137.079147 -23.0524712
v 32.3448372 135.664841 -20.3488827
v 32.3154755 129.848663 -20.72505
v 24.5538273 144.100616 -19.879755
v 31.9381199 141.468185 -18.5274849
v 37.5979729 138.583588 -15.7336102
v 37.379982 134.159653 -16.8544216
v 41.9196968 136.481049 -13.847949
v 41.4646149 133.091949 -14.6088638
v 37.0188789 129.801208 -16.9043465
v 40.9407806 129.679779 -14.5359755
v 16.8493309 153.789215 -5.08033562
v 16.748415 155.750595 -8.1028738
v 16.5581036 156.743576 -7.81503487
v 16.7310505 154.987091 -4.90282726
v 15.3571148 152.18071 -1.10983717
v 15.3208694 150.725342 -1.25667882
v 16.0266075 156.34227 -11.1887207
v 15.9182043 157.186554 -10.8395948
v 14.9710112 155.881683 -14.5701523
v 14.764926 156.771637 -14.1503153
v 25.9993858 139.415131 3.94716263
v 26.9511776 132.47641 5.65746355
v 32.6013451 132.305725 3.22420382
v 32.3195877 137.984894 2.31901121
v 27.4173737 125.725319 3.92580414
v 32.574852 127.076302 1.6385299
v 37.1591759 128.286652 -0.518800437
v 37.5081177 132.219742 0.487898678
v 37.6962128 136.441727 -0.0457655787
v 15.0736914 106.588745 -17.0262585
v 17.3627434 110.227158 -18.6727295
v 17.8595467 110.1091 -13.3464375
v 15.542181 106.736908 -12.6436186
v 13.6743402 103.271507 -11.8288059
v 13.1907997 103.028397 -15.4079771
v 20.0716877 114.009407 -20.1262836
v 20.5685349 113.425896 -13.7356968
v 20.0288219 113.489296 -7.28979015
v 17.2533321 110.212067 -7.97138929
v 18.5510445 113.322449 -1.51338625
v 15.6331158 110.255531 -3.40560317
v 15.0079479 106.89798 -8.23554039
v 13.480855 107.037544 -4.55153608
v 11.7852411 103.814964 -5.26358747
v 13.1093206 103.585281 -8.2560358
v 44.6580544 129.473694 -13.5723658
v 45.2016296 132.404755 -13.7468033
v 49.1402588 131.793381 -13.1631231
v 48.6811218 129.195328 -12.9164743
v 45.7229156 135.283112 -13.224905
v 49.6175308 134.350891 -12.7716932
v 53.4918785 133.54158 -12.0688934
v 53.1457481 131.295654 -12.3938503
v 57.1314163 132.849304 -10.9515772
v 56.9456711 130.992188 -11.2008286
v 52.8316002 129.02948 -12.1095772
v 56.7734032 129.143707 -10.9187851
v 73.1618958 133.338562 -6.70765781
v 73.1618958 133.533005 -5.71767616
v 75.0602112 133.65361 -5.6981926
v 75.0602112 133.450912 -6.7301774
v 75.0602112 132.84288 -7.59015846
v 73.1618958 132.755249 -7.53264189
v 70.8557281 132.708755 -7.56054306
v 70.8552094 133.282455 -6.75594568
v 70.8545837 133.475311 -5.78841352
v 73.1618958 133.338562 -4.72768927
v 75.0602112 133.450912 -4.66621161
v 70.8538742 133.286819 -4.81899643
v 76.7090759 133.571564 -4.62234163
v 76.7090759 133.782852 -5.69819212
v 78.2321243 133.690109 -4.57922268
v 78.2321243 133.909882 -5.69819212
v 76.7090759 133.571564 -6.77404594
v 78.2321243 133.690109 -6.81716633
v 78.2321243 133.030807 -7.74963999
v 76.7090759 132.937653 -7.67058754
v 73.1618958 129.44986 -8.0276165
v 73.1618958 130.61647 -8.19260025
v 75.0602112 130.613373 -8.27814484
v 75.0602112 129.397263 -8.10615253
v 75.0602112 128.383835 -7.59015751
v 73.1618958 128.477676 -7.53264046
v 70.8557053 128.563766 -7.54094028
v 70.8558121 129.500732 -8.02353382
v 70.8559341 130.627777 -8.1908865
v 73.1618958 131.783081 -8.02761745
v 75.0602112 131.829453 -8.10615253
v 70.8559647 131.759506 -8.03845978
v 76.7090759 131.881134 -8.20851231
v 76.7090759 130.613373 -8.38782024
v 78.2321243 131.931992 -8.30912781
v 78.2321243 130.613373 -8.49562359
v 76.7090759 129.345566 -8.20851231
v 78.2321243 129.294754 -8.30912781
v 78.2321243 128.195892 -7.74963856
v 76.7090759 128.289062 -7.67058659
v 73.1618958 127.894371 -4.72768831
v 73.1618958 127.699951 -5.71767521
v 75.0602112 127.573105 -5.69819164
v 75.0602112 127.77578 -4.66621065
v 70.8550339 127.993965 -4.82984304
v 70.8553696 127.809082 -5.78844309
v 73.1618958 127.894371 -6.70765638
v 75.0602112 127.77578 -6.73017597
v 70.8555984 128.00029 -6.74432898
v 76.7090759 127.655159 -6.77404499
v 76.7090759 127.443863 -5.69819164
v 78.2321243 127.536606 -6.8171649
v 78.2321243 127.316833 -5.69819164
v 76.7090759 127.655159 -4.62234068
v 78.2321243 127.536606 -4.57922125
v 60.5013657 127.119286 -5.04398346
v 60.519886 126.866234 -6.44342566
v 64.4214096 127.497612 -6.160851
v 64.4111481 127.690437 -5.03641605
v 64.405777 128.353424 -4.06330061
v 60.503685 127.956169 -3.8215673
v 60.5549583 127.172798 -7.81846428
v 64.4352188 127.73941 -7.26392651
v 60.6087265 128.01506 -8.99243927
v 64.4538727 128.400162 -8.2029295
v 67.9164429 127.994186 -6.90895653
v 67.913147 127.784843 -5.9353137
v 67.9195633 128.568253 -7.72870636
v 67.9094543 127.963997 -4.94869852
v 67.9059601 128.541672 -4.11100864
v 60.6750526 129.325134 -9.71140862
v 60.7446938 130.808853 -9.95948315
v 64.4935074 130.706055 -8.99611664
v 64.4747009 129.462463 -8.7888813
v 60.8131332 132.31221 -9.77119541
v 64.5107727 131.968292 -8.84726238
v 60.8709297 133.689209 -9.08546257
v 64.5224609 133.096817 -8.29918385
v 67.9258194 131.799957 -8.27945137
v 67.9245224 130.651169 -8.41758442
v 67.9249802 132.788895 -7.79210424
v 67.922493 129.516586 -8.23449516
v 60.8931885 134.599731 -7.87043571
v 60.8785667 134.912628 -6.4240303
v 64.5086441 134.061951 -6.15658569
v 64.5205688 133.818466 -7.32286263
v 60.8300476 134.633606 -4.96449709
v 64.4890213 133.836487 -4.98277617
v 60.7518082 133.73645 -3.71461129
v 64.4628372 133.124039 -3.98335576
v 67.9111328 133.408997 -4.91833353
v 67.9165878 133.604828 -5.93523216
v 67.9056168 132.80217 -4.0628252
v 67.9213715 133.398834 -6.94772005
v 60.6656189 132.337891 -3.01127839
v 60.593914 130.80957 -2.83251524
v 64.42173 130.706024 -3.25987172
v 64.4387741 131.984848 -3.41569638
v 60.5367355 129.300354 -3.08583188
v 64.4099731 129.443893 -3.47126842
v 67.9038239 129.50502 -3.59918761
v 67.9029846 130.651169 -3.42021608
v 67.9031143 131.807281 -3.5675528
v 5.47535086 95.3244553 -17.5710201
v 4.94084311 92.6419678 -15.9757729
v 3.36408424 98.3111877 -20.1526279
v 6.16769409 98.489563 -19.6051903
v 2.31475449 90.4080887 -15.6839409
v 4.08395481 105.811012 -25.4620857
v 9.01454926 98.8249207 -18.0806065
v 7.70761299 95.6034012 -16.5283947
v 10.8574142 99.0883789 -16.4468403
v 10.0925274 95.7161331 -14.8498774
v 6.90129757 92.8715744 -15.1933317
v 8.4182024 93.1453857 -14.0041714
v 9.99007988 93.3906403 -11.8558474
v 11.1561604 96.1137924 -12.579464
v 11.4610147 96.5722733 -9.92855453
v 10.577157 93.8755417 -9.20402813
v 9.21081924 91.8708878 -9.54639339
v 8.90277767 91.3850784 -11.6200762
v 12.0616388 99.3924484 -13.9309187
v 12.5042171 99.7602386 -10.8697186
v 12.0513878 100.128151 -7.90674734
v 10.9166918 97.0439529 -7.43323898
v 10.6243963 100.501289 -5.54058361
v 9.76055241 97.4221039 -5.33405685
v 10.108469 94.3825226 -6.92480659
v 8.9362812 94.7894287 -5.21534491
v 8.48643494 92.7540741 -5.17844057
v 9.31067657 92.3357315 -7.06528282
v 7.45892334 95.0135574 -3.93298602
v 7.98324299 97.6576996 -3.85588121
v 5.77953863 97.7705994 -2.9056778
v 5.4345355 95.1492996 -3.05064201
v 5.09240246 93.1613083 -3.19551897
v 7.00424385 93.0214386 -3.98457122
v 8.67731476 100.69873 -4.00815725
v 6.22260571 100.808334 -2.91268373
v 9.59597111 103.952766 -3.46811795
v 6.75780964 104.021675 -2.57038474
v 3.30127454 100.855927 -2.46758819
v 3.15185404 97.8293228 -2.59815383
v 3.49916482 104.042633 -2.18103147
v 0 104.043602 -2.22803283
v 0 100.84211 -2.63601422
v 0 97.8246765 -2.74419141
v 2.9560287 95.1995468 -2.70307326
v 0 95.1945114 -2.84711313
v 0 93.175415 -3.72294116
v 2.76108837 93.2124481 -3.03579021
v 10.9827414 107.107399 -2.31945848
v 12.7740145 110.143837 -0.470578492
v 8.89052868 110.082283 1.09198344
v 7.74318171 107.113785 -1.14114869
v 14.9275665 113.297432 2.17282844
v 10.058033 113.350067 4.00596428
v 4.99485207 113.42308 4.54151869
v 4.5225544 110.080757 1.60695076
v 0 113.430656 4.56435728
v 0 110.077431 1.62735689
v 3.99116993 107.11013 -0.730533302
v 0 107.105049 -0.718501568
v 75.6206055 128.788925 -3.86279488
v 75.5412445 130.759033 -3.73600578
v 75.4569244 130.773743 -5.69819212
v 75.5412445 128.664841 -5.69819164
v 76.2940521 126.742714 -5.69819117
v 76.3572998 127.000351 -3.99766636
v 76.875145 127.441933 -2.85896039
v 76.3572998 128.78833 -2.35466838
v 76.2940521 130.627563 -2.12230611
v 75.6206055 132.701401 -3.86279535
v 75.5412445 132.853195 -5.69819212
v 76.3572998 132.444717 -2.35466909
v 76.875145 133.610291 -2.85896111
v 76.3572998 134.232712 -3.99766731
v 76.2940521 134.512436 -5.6981926
v 75.6206284 132.713165 -7.53358746
v 75.5412598 130.759018 -7.66038084
v 76.3572998 134.274734 -7.39871645
v 76.8751526 133.694916 -8.5374279
v 76.3572998 132.486755 -9.04171944
v 76.2940521 130.627563 -9.27407742
v 75.6206207 128.777176 -7.53358746
v 76.3572998 128.746307 -9.04171848
v 76.8751526 127.357307 -8.53742695
v 76.3572998 126.958313 -7.39871502
v 97.7829056 130.794113 -10.8084307
v 97.7829056 132.6539 -11.1734514
v 99.2650223 132.800323 -11.1030798
v 99.2665329 131.076859 -10.7466869
v 99.2570877 129.686569 -9.67013454
v 97.7829056 129.302246 -9.71338177
v 96.0566101 128.607437 -9.8376894
v 96.0566101 130.253265 -10.9666405
v 96.0566101 132.311539 -11.3429632
v 97.7829132 134.513657 -10.8084354
v 99.2663193 134.520966 -10.7573519
v 96.0566101 134.369812 -10.9666414
v 96.0566101 136.015625 -9.8376894
v 97.7829132 136.005524 -9.71338081
v 99.2570877 135.89122 -9.6701355
v 100.625099 134.541855 -11.0829086
v 100.631989 132.826752 -11.3732691
v 100.625267 135.780792 -9.84297085
v 102.18116 135.843277 -10.4477873
v 101.982864 134.48674 -11.8181028
v 102.030617 132.794434 -12.0342064
v 100.664001 131.16275 -10.918642
v 102.143692 131.198715 -11.5418558
v 102.208778 129.686935 -10.377635
v 100.626198 129.815979 -9.82104969
v 104.871155 129.541794 20.7542362
v 105.020218 130.125519 21.1146641
v 104.144424 130.11322 21.6670513
v 104.050453 129.541794 21.2503605
v 103.809418 129.381851 20.142149
v 104.513641 129.388443 19.7267094
v 105.091049 129.392883 19.0824261
v 105.659393 129.541855 19.6459446
v 105.994751 130.269272 19.9933968
v 105.001678 131.509933 20.8986187
v 104.086449 131.500793 21.3751564
v 105.955284 131.687149 19.8653011
v 105.646744 132.428802 19.4913025
v 105.093254 132.879257 20.3768959
v 104.051537 133.062668 20.9157658
v 103.064339 131.581024 21.3227787
v 103.114891 130.163467 21.5409088
v 102.871552 132.999161 20.8627472
v 101.939743 132.629318 20.3502712
v 101.769135 131.805099 20.7972641
v 101.766014 130.368668 20.9340897
v 103.104012 129.537537 21.1383553
v 101.965858 129.535278 20.4725437
v 102.314621 129.374298 19.7055702
v 102.992111 129.377518 20.0706177
v 83.4264679 127.273834 -0.436761141
v 83.4167023 129.747833 -0.0624678805
v 80.7740707 129.938858 -0.695583582
v 80.782753 127.701134 -1.02808559
v 80.7914505 125.804962 -2.02747607
v 83.4372025 125.244179 -1.66309333
v 86.2247086 125.475777 -1.73849785
v 86.2451172 127.302483 -0.316248149
v 86.1565323 129.791351 0.49303022
v 83.413826 132.225281 -0.434448928
v 80.782753 132.173569 -1.02808511
v 86.1182938 132.441315 0.0885633826
v 86.1161118 134.707306 -1.14753401
v 83.4158401 134.350586 -1.5591985
v 80.7914429 134.066711 -2.02747726
v 78.2498779 132.270142 -1.50107026
v 78.2151489 130.29213 -1.20558417
v 78.2845993 133.930969 -2.39506721
v 78.2498779 128.302002 -1.50106966
v 78.2845993 126.629005 -2.39506626
v 97.7829056 128.546173 -7.88829613
v 99.2226791 128.97052 -7.86604786
v 99.2341461 128.738693 -5.53854561
v 97.8257523 128.368256 -5.52295256
v 96.0974884 127.665222 -5.54040384
v 96.0566101 127.78653 -7.95610285
v 100.48864 129.134415 -7.95238733
v 100.416855 128.916809 -5.57107973
v 101.574371 129.127106 -7.98017597
v 101.409157 128.966537 -5.61259842
v 100.576241 128.961823 -2.93554401
v 99.3621826 128.80101 -2.89174795
v 101.612312 129.046356 -3.07382274
v 102.300179 129.557739 -0.0626252145
v 100.881294 129.099792 -0.208168358
v 99.6215973 128.930984 -0.111542627
v 97.9542084 128.610779 -2.807127
v 98.2383194 128.93898 0.046947863
v 96.5128632 129.154526 0.247458473
v 96.2201157 128.118225 -2.80913353
v 83.4113998 136.029846 -7.94011784
v 80.782753 135.473541 -7.70074415
v 80.7740707 135.764633 -5.6981926
v 83.4146118 136.330139 -5.68353319
v 86.1150208 136.886139 -5.65948772
v 86.1074753 136.59613 -8.14010048
v 86.1055374 135.235107 -10.2432289
v 83.4102478 134.765228 -9.83374119
v 80.7914429 134.357452 -9.36890984
v 78.2498779 135.078903 -7.50126743
v 78.2151489 135.360641 -5.69819212
v 78.2846069 134.09494 -9.00131702
v 78.2498779 134.969589 -3.89512038
v 80.782753 135.279709 -3.69564295
v 83.4166718 135.747391 -3.43648171
v 86.1179581 136.227249 -3.20500731
v 119.799782 129.656647 -23.5263615
v 120.12886 130.116409 -23.8750362
v 121.063942 129.778519 -23.3699284
v 120.586205 129.653992 -23.032341
v 119.635536 129.526382 -22.2683315
v 118.980133 129.519165 -22.6747837
v 118.121681 129.516815 -22.8790627
v 118.410088 129.645187 -23.6655369
v 118.599304 130.242279 -24.1350269
v 119.926636 131.142136 -23.7254353
v 120.739067 130.775238 -23.1139374
v 118.530106 131.535873 -24.1899681
v 118.477348 132.669846 -24.1206093
v 119.429535 132.621155 -23.5169106
v 120.121201 132.316437 -22.601223
v 121.0961 130.760773 -22.1605377
v 121.345253 129.778717 -22.3216572
v 120.441948 132.21907 -21.624445
v 120.575378 132.183853 -20.6537666
v 121.041512 131.487 -20.7563457
v 121.200195 130.252777 -20.7702408
v 120.845528 129.64769 -22.0968571
v 120.632439 129.627151 -20.7437973
v 119.750305 129.509033 -20.7563725
v 119.857498 129.52034 -21.5303497
v 102.486343 129.00769 -3.44189143
v 102.246361 128.951721 -5.65513849
v 103.074844 128.931198 -5.68743372
v 103.316818 128.961731 -3.86977696
v 104.092026 129.074722 -2.08502913
v 103.286339 129.171143 -1.34732592
v 102.473549 129.037781 -7.78227806
v 103.313614 128.969269 -7.48356152
v 103.26712 129.20372 -9.79073715
v 104.087219 129.081528 -9.24678421
v 104.222168 129.024597 -7.20889854
v 104.040871 128.963715 -5.69819498
v 104.882828 129.208939 -8.73890781
v 105.825348 129.662827 -8.31073189
v 105.460136 129.243149 -6.98729181
v 105.359032 129.118164 -5.69819593
v 104.222168 129.024597 -4.18749475
v 105.460136 129.23056 -4.40910339
v 105.825348 129.662369 -3.08566165
v 104.882843 129.208939 -2.65748429
v 102.473549 135.752304 -7.78227901
v 102.246361 135.781921 -5.65514135
v 103.074844 135.334885 -5.68743515
v 103.313614 135.355148 -7.48356199
v 104.087219 135.426544 -9.24678516
v 103.268578 135.76239 -9.79026127
v 101.574394 136.095398 -7.98017645
v 101.409157 136.21756 -5.61260176
v 102.486366 135.799988 -3.44189382
v 103.316818 135.367081 -3.86977911
v 101.612312 136.208115 -3.07382512
v 102.327408 135.953735 -0.047340706
v 103.286339 135.797745 -1.34732699
v 104.092026 135.437988 -2.08503079
v 104.222168 134.91452 -4.18749666
v 104.040871 134.941666 -5.69819641
v 104.898163 134.923508 -2.66811991
v 105.922012 134.278519 -3.07936049
v 105.463013 134.576141 -4.40636587
v 105.359032 134.678864 -5.69819689
v 104.222168 134.91452 -7.20889902
v 105.463013 134.576141 -6.99002886
v 105.922005 134.278549 -8.31703949
v 104.898132 134.923523 -8.72821331
v 126.119423 129.659485 -6.63969707
v 126.570976 130.117493 -6.72101688
v 126.975296 130.099792 -5.69819593
v 126.481956 129.661362 -5.69819593
v 125.19912 129.526123 -5.69819593
v 124.92646 129.52179 -6.47327805
v 124.371841 129.511292 -7.19186831
v 125.087875 129.647705 -7.65419245
v 125.533028 130.247437 -7.92048597
v 126.318565 131.342026 -6.73508692
v 126.619339 131.292694 -5.69819641
v 125.394638 131.504242 -7.9017868
v 124.949593 132.209503 -7.6293087
v 125.643814 132.538284 -6.83377886
v 125.928329 132.608826 -5.69819641
v 126.318565 131.342026 -4.66130924
v 126.570976 130.117493 -4.67537498
v 125.643814 132.538284 -4.56261206
v 124.949593 132.209503 -3.76708221
v 125.394638 131.504242 -3.49460459
v 125.532349 130.246826 -3.47678661
v 126.119354 129.659485 -4.75675011
v 125.08728 129.646118 -3.74337196
v 124.371735 129.510529 -4.2050066
v 124.926422 129.521194 -4.92315674
v 100.488647 136.373917 -7.95238876
v 99.2226868 136.593964 -7.86604881
v 99.2341461 136.835785 -5.53854799
v 100.416855 136.576553 -5.57108259
v 97.7829132 136.761597 -7.88829756
v 97.8257523 136.972137 -5.52295494
v 96.0566101 136.836517 -7.95610428
v 96.0974884 136.999786 -5.54040575
v 97.9542236 136.827454 -2.80712938
v 99.3621979 136.8284 -2.89175105
v 96.2201157 136.672623 -2.8091352
v 96.5128632 135.953705 0.24745746
v 98.2383347 136.66684 0.046946574
v 99.6216125 136.802841 -0.111543857
v 100.576241 136.586441 -2.93554688
v 100.881294 136.56459 -0.208105236
v 88.5454559 125.292389 -7.65126562
v 91.2806778 125.821365 -7.88554382
v 91.2837143 125.642288 -5.71476603
v 88.4596329 125.273651 -5.80157137
v 86.1231918 123.824074 -5.73488569
v 86.2205429 123.794121 -7.87077951
v 86.2498322 124.644218 -9.91961384
v 88.7772903 125.746239 -9.50798512
v 91.4516144 126.514679 -9.84698772
v 93.9311218 126.616707 -8.00643253
v 93.9552612 126.489342 -5.60701084
v 93.9311218 127.546585 -9.92996502
v 94.0276566 127.050446 -3.02522755
v 91.3329086 126.219292 -3.46507096
v 94.0473251 128.200989 -0.824752927
v 91.4119492 127.429535 -1.64005005
v 88.506897 125.795174 -3.91502094
v 88.6732101 126.762459 -2.29562449
v 86.1222 124.402824 -3.65599442
v 119.916451 131.335327 12.3370132
v 120.129532 130.115433 12.4883604
v 121.045425 130.098312 11.9526548
v 120.762794 131.289749 11.7361374
v 120.219482 132.607895 11.3207817
v 119.322845 132.546509 12.0263948
v 118.294548 132.20491 12.1996479
v 118.495354 131.53952 12.650342
v 118.595505 130.574997 12.7606258
v 119.807495 129.664322 12.1501675
v 120.654457 129.661758 11.6529236
v 118.388046 129.792038 12.3398504
v 118.110886 129.518234 11.5542755
v 118.958717 129.5224 11.3288546
v 119.635735 129.526382 10.8719797
v 120.914566 129.66423 10.7060575
v 121.32486 130.115692 10.9290829
v 119.900871 129.522232 10.0998163
v 119.898239 129.518143 9.22269535
v 120.729095 129.790939 9.28585434
v 121.189087 130.577347 9.37488461
v 121.123642 131.337006 10.762702
v 121.055023 131.547409 9.29846764
v 120.558983 132.193359 9.20079613
v 120.669426 132.548965 10.2637148
v 88.8958206 127.50489 -11.2724237
v 88.8785019 130.2995 -11.6929588
v 91.5063248 130.973541 -11.5090227
v 91.504425 128.436661 -11.12251
v 86.1751175 126.855507 -11.4738426
v 86.1283035 129.836731 -11.8906746
v 88.8688126 133.081467 -11.2978325
v 91.5076599 133.510895 -11.1209526
v 86.1146927 132.777435 -11.4887161
v 88.8633957 135.356308 -10.0943375
v 91.5083237 135.549713 -9.95961857
v 93.9311218 134.002243 -11.0840836
v 93.9311218 131.697601 -11.4687881
v 93.9311218 135.848602 -9.92996311
v 93.9311218 129.392944 -11.0840836
v 118.189682 132.90184 -2.36679411
v 118.127113 131.804123 -2.42260599
v 120.998077 131.312515 -1.68765855
v 121.18943 132.398804 -1.55225289
v 121.359764 133.422256 -2.61082959
v 118.233955 133.854965 -3.19887877
v 115.170395 134.280212 -3.36766744
v 115.161156 133.307388 -2.69974709
v 115.152885 132.167892 -2.62133694
v 118.110008 130.877228 -2.82297254
v 120.864067 130.23912 -2.37981772
v 115.151031 131.18074 -3.004462
v 115.151459 130.131958 -3.60393858
v 118.110825 129.933823 -3.49292541
v 120.816948 129.640076 -3.34720135
v 123.34417 129.969193 -2.59153771
v 123.729942 130.960739 -2.14305663
v 123.067627 129.522995 -3.69868231
v 123.863258 131.900772 -2.15254641
v 123.89373 132.741058 -3.00733185
v 104.13755 131.36058 2.0079546
v 105.875793 131.459198 3.23617744
v 105.697693 132.539505 3.563447
v 104.099144 132.590561 2.62118411
v 103.29261 132.603104 2.55446768
v 103.024635 131.278793 1.88637483
v 104.228394 129.934875 1.23118401
v 106.127098 130.230225 2.7649951
v 107.900909 131.431519 4.90798998
v 107.674461 132.608795 5.19497299
v 108.222687 130.227997 4.48925304
v 110.489624 130.154755 6.28663206
v 110.157539 131.281509 6.71908522
v 109.934494 132.309799 7.01328897
v 107.703552 133.924057 5.16099787
v 105.571213 133.84227 3.63388824
v 109.978203 133.464569 6.97949123
v 110.345825 134.525482 6.5422821
v 108.040009 135.062881 4.73889303
v 105.669411 135.475418 3.37396693
v 103.970161 133.91539 2.36942172
v 104.139107 135.024597 1.46552014
v 103.17749 134.08609 2.21080375
v 106.139626 129.451385 -1.08885717
v 107.87944 129.760803 0.523584545
v 107.257843 129.750519 1.28572369
v 105.45282 129.422928 -0.387621552
v 106.739677 129.810318 -1.57554984
v 108.404358 130.114517 -0.087116085
v 109.989243 129.759857 2.18502474
v 109.365761 129.748245 2.99828267
v 110.50882 130.149673 1.50731122
v 112.83313 130.11377 3.22986269
v 112.300499 129.752823 3.9245832
v 111.661385 129.740524 4.75824785
v 108.742256 129.763168 3.81153822
v 106.629517 129.764694 2.07540584
v 111.022247 129.754669 5.59191179
v 104.739159 129.425476 0.423778296
v 107.444359 133.077057 -1.96860778
v 108.945732 133.223755 -0.693168998
v 109.006294 132.107513 -0.702519357
v 107.564728 131.993027 -1.90218699
v 107.121109 131.910492 -2.51957488
v 106.962059 133.102875 -2.6010859
v 106.88063 134.064117 -1.72068632
v 108.596428 134.27771 -0.365148038
v 111.018005 133.596985 0.827523768
v 111.054634 132.341797 0.786549151
v 110.683273 134.706833 1.26399612
v 113.029114 134.355148 3.01771712
v 113.364967 133.315491 2.55242372
v 113.393387 132.172287 2.50129533
v 110.838722 131.242661 1.07595611
v 108.769394 131.166931 -0.455198199
v 113.1688 131.182831 2.79141212
v 107.234299 130.949356 -1.77564728
v 106.716751 130.807404 -2.67730975
v 104.741844 135.35849 0.430913329
v 106.509674 136.437851 2.23430634
v 107.385483 136.366501 1.07248843
v 105.469086 135.152954 -0.393653512
v 108.631645 136.264938 3.99205256
v 109.456337 136.765945 2.89582253
v 111.00296 135.746765 5.87381649
v 111.873459 136.327164 4.83434677
v 110.194504 136.015625 1.90056241
v 108.099739 135.579666 0.161755994
v 112.587158 135.630341 3.7580626
v 106.171867 134.723053 -1.12899518
v 113.380295 135.742218 -19.3026295
v 114.212914 135.311371 -18.0780544
v 116.801353 134.661423 -20.0783672
v 115.898941 135.27713 -21.4908752
v 114.662399 133.838303 -22.5838585
v 112.444412 134.5784 -20.2913322
v 110.125648 135.143372 -18.3594456
v 110.998077 136.217224 -17.3962402
v 111.802979 135.845825 -16.2054768
v 114.844467 134.388519 -17.0824642
v 117.510201 133.864792 -18.8639393
v 112.375916 134.885117 -15.2699451
v 112.959 134.198853 -14.4861755
v 115.531418 133.82579 -16.1649876
v 118.401855 133.396851 -17.5443096
v 119.499939 133.106064 -20.5757141
v 119.067879 133.865234 -21.833292
v 120.179108 132.716446 -19.3811741
v 118.286255 134.366364 -23.1472206
v 117.031219 133.250061 -24.0173512
v 107.713699 133.059845 -8.61872005
v 109.674957 133.193634 -8.55645466
v 109.719887 132.097015 -8.62988663
v 107.848015 131.984909 -8.6771841
v 107.121124 131.910492 -8.87682629
v 106.962051 133.102875 -8.79531574
v 107.435867 133.966934 -7.96124172
v 109.595673 134.154419 -7.96899271
v 112.245949 133.574463 -8.63155746
v 112.25219 132.3405 -8.71013737
v 112.241753 134.604721 -7.99422646
v 115.170395 134.280212 -8.02872658
v 115.161156 133.307388 -8.69664955
v 115.152885 132.167892 -8.77505875
v 112.257935 130.732483 -8.33284378
v 109.68644 131.173096 -8.27065277
v 115.151031 130.716919 -8.39192963
v 115.151459 129.791 -7.79245806
v 112.258812 129.797119 -7.74119139
v 109.627106 130.14122 -7.69373226
v 107.6726 130.976379 -8.34597874
v 107.425865 130.143768 -7.78357697
v 106.716743 130.80899 -8.71908379
v 107.281197 134.402359 -4.51570463
v 109.487808 135.332718 -4.37152433
v 109.42865 135.959076 -5.69819784
v 107.249191 134.563156 -5.69819736
v 107.435883 133.966934 -3.43515301
v 109.595673 134.154419 -3.42740154
v 112.213799 135.824661 -4.34871721
v 112.1922 136.496536 -5.69819784
v 112.241753 134.604721 -3.40217304
v 115.248909 135.505981 -4.32663393
v 115.311119 136.204544 -5.69819736
v 112.213799 135.824661 -7.04767656
v 109.487801 135.332718 -7.02486992
v 115.248909 135.505981 -7.06976366
v 107.281197 134.402359 -6.88069105
v 107.672607 130.968536 -3.05041838
v 109.68644 130.648529 -3.12573886
v 109.719887 132.097015 -2.76650739
v 107.84803 131.984909 -2.71921563
v 107.425865 129.857788 -3.61282063
v 109.627106 129.795486 -3.70266581
v 112.257935 130.732483 -3.06354976
v 112.25219 132.3405 -2.6862607
v 112.258812 129.797119 -3.65520167
v 112.245949 133.574463 -2.76483655
v 109.674934 133.193634 -2.83994532
v 107.713699 133.059845 -2.77767539
v 107.288406 129.584045 -6.84774065
v 109.592743 129.760315 -6.78968811
v 109.581573 129.748917 -5.69819641
v 107.24379 129.447235 -5.69819641
v 112.258812 129.759338 -6.81255674
v 112.258812 129.74675 -5.69819641
v 115.151459 129.752274 -6.84052324
v 115.151459 129.739365 -5.69819593
v 112.258812 129.759338 -4.58383703
v 109.592743 129.760315 -4.606709
v 115.151459 129.752274 -4.55587339
v 107.288406 129.464661 -4.54865122
v 115.644432 130.504105 4.43011713
v 115.885994 131.823135 4.14679718
v 118.515938 131.365463 5.39666033
v 118.138252 130.26564 5.73974752
v 117.503967 129.629471 6.50328016
v 115.241257 129.727585 4.95497751
v 115.880264 132.861145 4.22091198
v 118.717148 132.331619 5.36167097
v 115.556557 133.863647 4.7403059
v 118.370735 133.336823 6.13131189
v 120.506721 131.870621 7.33901453
v 120.505295 130.989548 7.24763775
v 120.146698 132.680969 7.93438387
v 119.995773 129.998291 7.37859583
v 119.126671 129.535263 8.06129074
v 103.666649 134.043976 -13.0856524
v 105.596252 133.754776 -14.7620134
v 105.590317 132.535202 -14.8244352
v 103.697853 132.66835 -13.2306118
v 104.03875 135.077957 -12.4079361
v 105.986641 134.642014 -14.213973
v 107.616592 133.973648 -16.661747
v 107.673195 132.608887 -16.5903378
v 107.762466 135.678101 -16.5049171
v 109.894524 133.512695 -18.4853821
v 109.934494 132.309799 -18.4096909
v 107.900787 131.431519 -16.3043041
v 105.805458 131.463043 -14.5165901
v 110.157539 131.281509 -18.1154881
v 110.489624 130.154755 -17.6830311
v 108.222679 130.228012 -15.8856487
v 106.105759 130.229263 -14.0784254
v 103.872475 131.357315 -12.8346691
v 104.14386 129.89537 -12.2905626
v 106.167648 134.71257 -10.2702036
v 107.90049 134.658447 -11.8858671
v 107.257217 134.919434 -12.6708641
v 105.449928 135.097931 -10.9651127
v 106.880615 134.06073 -9.67571259
v 108.519676 134.088715 -11.1452179
v 110.051071 135.28569 -13.4960032
v 109.426796 136.302124 -14.3251619
v 110.620369 134.49794 -12.7482481
v 108.581329 136.721954 -15.4628
v 106.607132 134.971481 -13.4457817
v 104.715919 135.328094 -11.6533756
v 107.234291 130.949371 -9.62075043
v 108.769379 131.166931 -10.9412012
v 109.006287 132.106766 -10.6938772
v 107.564713 131.993027 -9.49421024
v 106.739655 129.810333 -9.8208456
v 108.40435 130.114532 -11.3092813
v 110.838715 130.717163 -12.4723539
v 111.054626 132.21962 -12.1829491
v 110.508804 129.797409 -12.9037104
v 112.83313 129.79126 -14.6262627
v 113.168793 130.701904 -14.1878109
v 113.393387 132.172287 -13.8976994
v 111.017998 133.421799 -12.2239275
v 108.945732 133.114288 -10.703229
v 113.364967 133.231995 -13.9488258
v 107.444344 133.07341 -9.42779064
v 104.726318 129.408035 -11.647953
v 106.626297 129.765121 -13.4287491
v 107.257019 129.750626 -12.6713572
v 105.449608 129.418503 -10.9657183
v 108.742249 129.763184 -15.2079372
v 109.365723 129.748245 -14.3946829
v 111.022224 129.754669 -16.9883137
v 111.661362 129.740524 -16.1546497
v 109.989227 129.759872 -13.5814266
v 107.879417 129.760818 -11.919982
v 112.300499 129.752823 -15.3209848
v 106.13961 129.451385 -10.3075428
v 105.265526 130.592087 13.2111092
v 105.630104 131.948608 13.1495371
v 106.623184 131.434967 15.5924463
v 106.186516 130.281647 15.5941906
v 105.226601 129.553268 15.7627764
v 104.572311 129.6362 13.3645802
v 103.877083 129.687332 10.7573891
v 104.44146 130.888641 10.6318092
v 104.794632 132.430649 10.554925
v 105.552116 133.131363 13.2147741
v 106.738701 132.484314 15.7105875
v 104.736183 133.770111 10.582139
v 104.052086 134.94342 10.7415733
v 104.895851 134.242554 13.4172392
v 106.063522 133.56604 16.0488834
v 106.824997 131.992874 18.1559334
v 106.923668 131.054092 18.0820599
v 106.181786 132.877548 18.3547077
v 106.443344 129.95462 17.8345032
v 105.350586 129.437195 17.8105087
v 103.155403 134.068436 3.40194154
v 103.504272 134.095657 5.69262409
v 103.552887 132.686127 5.74051857
v 103.210854 132.661255 3.66226244
v 102.404572 135.3918 3.02772427
v 102.890732 135.280502 5.73191118
v 104.098656 134.254684 8.01180744
v 104.150589 132.711914 7.99791288
v 103.441956 135.520462 8.16539001
v 103.80407 131.025269 8.08019352
v 103.207497 131.463745 5.75741768
v 103.254036 129.702469 8.2026329
v 102.669502 130.186111 5.77936506
v 102.842186 131.358871 3.40007925
v 102.257301 130.169693 3.03407478
v 98.9100189 136.278 3.31737947
v 99.3618317 136.965836 6.37947226
v 100.845985 137.594818 6.06868649
v 100.136925 136.402771 3.13031435
v 97.8755264 135.606079 3.59668493
v 98.512413 135.630478 6.61181116
v 99.9228668 137.384491 8.95337772
v 101.432846 137.984299 8.63883114
v 99.0385742 136.033249 9.1390667
v 99.583374 135.529358 11.7396669
v 100.52655 136.860001 11.691781
v 102.083275 137.43718 11.4701881
v 102.721046 136.976456 8.34822559
v 102.162743 136.688293 5.83377647
v 103.335884 136.392517 11.0446978
v 101.315117 136.120972 2.98645377
v 97.301712 131.166733 4.00634718
v 98.1971283 131.31395 6.74887657
v 97.8883667 132.732986 6.85991812
v 97.126564 132.697998 4.24770927
v 95.6991043 132.409576 1.92583549
v 95.8617096 130.662125 1.54477525
v 97.8782043 129.932922 3.59454942
v 98.7344208 129.999893 6.57410431
v 98.6954803 130.966812 9.21626568
v 98.3937225 132.715561 9.28040409
v 99.2425003 129.671982 9.0946312
v 99.760994 129.646942 11.6725063
v 99.2020798 130.75145 11.7969637
v 98.9047928 132.459686 11.8638754
v 98.3940964 134.563568 9.27869701
v 97.8983002 134.309814 6.81693554
v 98.9043961 134.129318 11.8761702
v 97.2642288 134.289185 4.02192593
v 95.8647156 134.220718 1.55048966
v 101.303864 129.488586 2.98914027
v 101.784683 129.6548 5.92616796
v 100.718239 129.632034 6.14033937
v 100.136093 129.248093 3.12636971
v 102.342323 129.643875 8.40536022
v 101.248268 129.615616 8.648633
v 102.940559 129.625946 10.965661
v 101.818939 129.594864 11.215065
v 100.154213 129.623154 8.89190483
v 99.6381607 129.641144 6.36378956
v 100.697334 129.599213 11.4644575
v 98.9093018 129.341614 3.31524277
v 104.05423 135.665054 13.7472639
v 102.758926 136.733322 14.2308512
v 103.5625 135.957138 17.2554131
v 104.979477 134.851837 16.5991421
v 101.124985 136.084961 14.4440165
v 101.719017 135.133881 17.3893986
v 100.007935 134.776917 14.5093517
v 100.099319 134.021286 17.4668217
v 102.418861 134.259277 19.8600826
v 104.043526 134.826828 19.890564
v 101.006088 133.181442 19.6198235
v 105.329765 134.034378 19.1462746
v 115.037659 135.164078 5.59158039
v 114.281349 135.859039 6.72102833
v 116.931999 135.37851 8.77583313
v 117.729218 134.546097 7.42250347
v 113.3909 135.205048 7.77366209
v 115.857986 134.570572 9.8950634
v 112.674774 133.938141 8.52649117
v 114.773193 133.403992 10.9098721
v 118.147705 133.815536 11.5031891
v 119.271851 134.429352 10.5914497
v 116.993538 132.722214 12.1482077
v 119.870171 133.789612 9.22549152
v 115.974266 132.892548 -15.510087
v 115.883865 131.81543 -15.5379467
v 118.616982 131.322159 -16.6658134
v 118.858986 132.374481 -16.6494827
v 115.649139 130.502151 -15.8288374
v 118.081322 130.217102 -17.1531029
v 115.240807 129.722107 -16.3689995
v 117.462898 129.618744 -17.9229565
v 119.837532 129.719406 -18.8805637
v 120.47287 130.560318 -18.6646938
v 118.976418 129.50322 -19.5748329
v 120.624115 131.877686 -18.7224216
v 117.951172 128.472443 11.1472425
v 118.668785 128.486877 10.95644
v 101.711777 129.373245 18.6225147
v 101.012337 129.450958 16.709444
v 101.335648 128.545731 16.8013802
v 101.927681 128.276535 18.4206562
v 118.1213 129.65715 -4.55657101
v 118.12574 129.644791 -5.69820881
v 104.299248 128.329193 19.355278
v 104.787987 128.34462 18.8099403
v 118.125793 129.654694 -6.80675983
v 118.123062 129.719131 -7.86300755
v 119.241852 128.500656 10.5697269
v 100.324303 129.561478 14.3027782
v 100.753273 128.928635 14.7643089
v 114.021591 129.645523 6.56793976
v 114.648766 129.655258 5.74331617
v 115.020721 128.947098 6.22867489
v 114.489853 128.913406 6.92666006
v 118.715668 129.16069 -7.53756237
v 118.717979 128.937485 -6.64352322
v 119.466248 128.486267 9.91614532
v 113.38662 129.656219 7.38872147
v 113.952415 128.950424 7.62139368
v 124.00473 128.438095 -4.44132423
v 124.47422 128.475021 -5.04918623
v 119.464027 128.472122 9.17372322
v 123.06736 129.526794 -7.69822693
v 124.004822 128.440704 -6.969491
v 122.900665 128.4944 -7.3980875
v 99.1515503 133.476807 14.6457529
v 99.2525711 131.858231 14.5570974
v 99.3809128 131.273071 17.1965275
v 99.1003342 132.711243 17.4523697
v 99.5906601 129.76535 14.4636545
v 99.9309616 129.720459 17.008913
v 100.68309 129.626602 19.1398525
v 100.161781 130.790421 19.5791855
v 100.175758 132.131485 19.6992626
v 114.64283 129.655365 -17.1543427
v 114.021782 129.645554 -17.9643402
v 116.245079 129.540009 -19.6686134
v 116.796333 129.537399 -18.8876343
v 113.372787 129.659927 -18.8052959
v 115.573166 129.537766 -20.4642048
v 112.758095 129.953842 -19.5949764
v 114.744484 129.744507 -21.4313965
v 117.52919 129.468948 -21.7260761
v 118.17305 129.461395 -21.1470909
v 116.718056 129.544342 -22.5099125
v 118.554443 129.469238 -20.3990116
v 118.717926 128.903168 -5.7052145
v 124.705055 128.492065 -5.70520306
v 101.316605 129.513336 14.091754
v 102.409035 129.51123 13.8491545
v 104.902725 128.900208 16.0000935
v 104.3489 129.187469 13.970191
v 103.501701 129.538437 13.6061993
v 120.852806 129.625626 -7.99732065
v 121.026215 128.836807 -7.65124798
v 112.777008 129.731644 8.16681576
v 113.436409 129.211685 8.27999496
v 118.714172 128.94603 -4.73889828
v 116.788147 129.535507 11.1110287
v 116.831566 128.532288 10.7720642
v 124.474258 128.477066 -6.36125517
v 105.007675 128.498077 17.7333546
v 114.859192 129.631409 9.94999409
v 115.198845 128.864487 9.78933048
v 112.165489 132.948303 9.09544277
v 112.161522 131.86264 8.99133778
v 113.966698 131.329559 11.3504267
v 114.013275 132.381882 11.5859375
v 112.37706 130.537735 8.68381882
v 114.293961 130.25293 10.7441826
v 116.370102 129.985962 12.1190138
v 116.386787 130.953842 12.6613417
v 116.470421 131.881577 12.7466698
v 118.119339 130.506943 -8.58373737
v 118.130852 131.815857 -8.97556973
v 121.010651 131.323547 -9.71286011
v 120.894318 130.239532 -9.01772118
v 118.189705 132.90184 -9.029603
v 121.189354 132.398865 -9.84412193
v 118.233955 133.854965 -8.19750404
v 121.359764 133.422256 -8.78556347
v 123.863297 131.900848 -9.24379444
v 123.730164 130.960968 -9.25430584
v 123.89373 132.741058 -8.38906097
v 123.34404 129.971237 -8.80634975
v 118.705315 129.904434 -3.8385973
v 103.442719 128.848785 14.1747036
v 102.517845 128.754547 14.3803482
v 117.437462 128.857788 6.87193012
v 115.522217 129.197617 5.56140184
v 122.900894 128.481232 -4.01275587
v 101.593193 128.761871 14.5856915
v 118.810951 128.531433 8.19067669
v 120.995857 128.886871 -3.7152524
v 102.437943 128.280243 19.3373852
v 103.011368 128.291367 19.6463757
v 112.378609 130.924774 -20.0826988
v 112.161896 131.850525 -20.3860226
v 113.959099 131.298599 -22.7257404
v 114.254288 130.514893 -22.1311874
v 112.131706 132.96582 -20.5266438
v 114.013306 132.382126 -22.982378
v 116.46936 131.886307 -24.1707592
v 116.370506 130.943924 -24.0482483
v 116.314102 129.979492 -23.4679489
v 118.315132 135.095337 -7.10863829
v 118.38752 135.823975 -5.69819689
v 121.75071 135.37645 -5.69819641
v 121.572746 134.542786 -7.25780439
v 118.315163 135.095337 -4.28775787
v 121.572746 134.542786 -4.13858795
v 124.386772 133.809906 -4.28048182
v 124.725647 134.432907 -5.69819641
v 124.386772 133.809906 -7.11591434
v 78.2498779 128.192673 -9.89531517
v 78.2151566 130.29213 -10.1908007
v 80.7740707 129.938858 -10.7008018
v 80.782753 127.507301 -10.3682985
v 80.7914505 125.514198 -9.36890888
v 78.2845993 126.465057 -9.00131607
v 78.2498779 132.379456 -9.89531517
v 80.782753 132.367401 -10.3682995
v 83.4117737 132.49614 -10.9625502
v 83.4116974 129.752975 -11.333292
v 83.4130173 127.004936 -10.9619961
v 83.4189148 124.731781 -9.83096695
v 78.2498779 125.493225 -7.50126791
v 80.7827606 124.401154 -7.70074415
v 80.7740784 124.113091 -5.69819117
v 78.2151566 125.223587 -5.69819069
v 83.4329376 123.582245 -7.89907312
v 83.4403687 123.416756 -5.69819117
v 83.4403687 123.977188 -3.53973413
v 80.7827606 124.594994 -3.69564199
v 78.2498779 125.602531 -3.89511871
v 93.9311218 136.778473 -8.00643253
v 91.5082626 136.597015 -8.0246067
v 91.5142822 136.771591 -5.6769824
v 93.9552612 136.932892 -5.60701227
v 88.8638687 136.566833 -8.07992649
v 88.8660507 136.794159 -5.6823554
v 88.8645554 136.154556 -3.29545522
v 91.5331573 136.188828 -3.28239679
v 88.8609848 134.748184 -1.30002916
v 91.5393143 134.937103 -1.27566087
v 94.0276566 136.452866 -3.02522898
v 94.0473099 135.364044 -0.824754119
v 93.913208 129.841904 0.430730283
v 93.8077164 131.747467 0.822225869
v 91.4788666 130.987045 0.300137907
v 91.5007172 128.924011 -0.196444616
v 93.913208 133.691864 0.4307307
v 91.5062103 133.10466 -0.0889071599
v 88.8622131 132.682434 -0.100196943
v 88.8745346 130.278564 0.270476758
v 88.8606644 128.144989 -0.83210814
v 8.62014961 57.4122162 -11.9631672
v 9.85189056 57.6958885 -12.0537777
v 10.3246899 54.4407196 -10.7042351
v 9.01099014 54.2058716 -10.5656004
v 7.43054008 54.1353455 -9.52571106
v 6.92595196 57.0970497 -10.8192768
v 6.09361935 59.3804321 -12.2172785
v 7.86176491 59.601944 -13.0209646
v 9.20702934 59.8797417 -13.2151814
v 11.0598459 57.8383179 -11.7120848
v 11.5896015 54.645153 -10.3827057
v 10.4269648 59.959301 -12.8442879
v 12.2030373 60.2108955 -11.8582087
v 12.7770996 58.0415611 -10.7429256
v 13.1332912 54.9773941 -9.36919785
v 11.9877501 50.9858398 -9.67589855
v 10.5615578 50.7432938 -10.0332117
v 13.4196119 51.4514732 -8.48487473
v 13.8038073 47.6973839 -8.51804256
v 12.3943396 47.2994957 -9.91685295
v 10.7333193 47.1047821 -10.3611116
v 9.09099102 50.6762085 -9.7716198
v 9.06746101 47.1360207 -9.92507935
v 7.64860344 47.3949623 -8.526824
v 7.60325384 50.8678818 -8.56231594
v 8.97311974 90.066391 -11.4098988
v 9.27222443 90.605835 -9.32365894
v 9.72034454 89.6045685 -9.22240639
v 9.40678596 89.0027313 -11.4469595
v 8.97311974 91.1452866 -7.23741484
v 9.40678596 90.2036438 -6.99785471
v 8.08963013 91.5946655 -5.48144579
v 8.46610737 90.6998672 -5.1440568
v 10.0633125 88.9542465 -6.76393414
v 10.398756 88.2912292 -9.2138586
v 9.05698204 89.493782 -4.72846746
v 9.72201252 87.4155197 -4.12009144
v 10.8022366 86.8435593 -6.3657608
v 11.1623116 86.1179733 -9.08070946
v 10.0633125 87.6171036 -11.6640835
v 10.8022385 85.3628159 -11.8074427
v 6.68864059 91.8722153 -4.25133514
v 4.76522064 92.01091 -3.6643939
v 4.86017227 91.1356964 -3.47564197
v 6.89832926 90.9932022 -4.03172493
v 2.44796085 92.0502014 -3.59097862
v 2.50847578 91.179512 -3.29026246
v 0 92.0443802 -3.76034641
v 0 91.1767578 -3.29026222
v 2.68355036 89.9613419 -2.72733164
v 5.19937801 89.9323654 -2.92022634
v 0 89.9502792 -2.7273314
v 0 87.7641144 -2.05768251
v 2.88059735 87.7981567 -2.01838827
v 5.58115578 87.8112793 -2.16757488
v 7.37976313 89.7984161 -3.51565599
v 7.92164135 87.7110214 -2.79368949
v 8.22015095 27.1497536 -20.1389217
v 11.3053293 27.1215782 -20.8544941
v 11.5357313 23.8300152 -21.7232018
v 7.97171068 23.8610001 -20.9234219
v 5.01275015 23.9288006 -18.525423
v 5.66411018 27.2342873 -17.9922123
v 6.35193014 30.9375496 -16.7725239
v 8.50629234 30.8200932 -18.6873207
v 11.102025 30.7809525 -19.325592
v 14.3929453 27.1497536 -20.1389217
v 15.1008854 23.8610001 -20.9234219
v 13.7017899 30.8200932 -18.6873207
v 15.8811188 30.9375496 -16.7725239
v 16.9809971 27.2342873 -17.9922123
v 18.0910263 23.9288006 -18.525423
v 15.7026854 20.9458866 -21.3102665
v 11.7692795 20.8859234 -22.2010174
v 19.0097904 21.0252552 -18.6434116
v 19.8883801 18.2956848 -18.9972019
v 16.2608089 18.1919098 -22.0328007
v 11.9537182 18.0953979 -23.0305195
v 7.83102131 20.9459057 -21.3102665
v 7.63480568 18.1919098 -22.0342216
v 4.01631594 18.2956848 -18.9972019
v 4.54648876 21.0252552 -18.6434116
v 14.42138 58.7267952 -8.34421539
v 15.3421345 59.7636528 -4.84448671
v 15.211565 56.6546135 -3.74874234
v 14.4774323 55.694519 -7.01822233
v 14.3450136 60.9854088 -9.49455643
v 15.391571 62.2128029 -5.81879902
v 15.2480125 60.8468132 -1.08308196
v 15.0136747 57.6073647 -0.349163145
v 15.3243752 63.4239845 -1.78852201
v 14.0987635 64.253067 1.56156671
v 14.1283512 61.6341629 2.04265308
v 14.0127039 58.3138924 2.48070359
v 14.771039 53.8060455 -0.0540737435
v 15.070734 53.00811 -3.11937904
v 13.8719568 54.4110603 2.50034738
v 13.8262358 50.0801048 1.94619274
v 14.6697865 49.5805588 -0.435194612
v 14.9509735 48.9451447 -3.29285979
v 14.582571 52.169075 -6.1489892
v 14.6697845 48.2820663 -6.15052366
v 12.2622461 61.9113426 3.91535473
v 10.0229235 61.739872 4.53875303
v 10.3424835 58.498436 4.74459934
v 12.3444204 58.5961647 4.17862463
v 12.056076 64.5094681 3.55916452
v 9.60484886 64.2699509 4.21712971
v 7.78359938 61.1801567 3.91032434
v 8.34054375 58.0649719 4.17862415
v 7.15362215 63.6083107 3.52970386
v 5.11093283 62.5788803 1.37140775
v 5.91749525 60.2902489 2.01253724
v 6.67226171 57.3400574 2.48070526
v 8.77714729 54.3535347 4.03300047
v 10.5753155 54.6571388 4.54388523
v 7.27867556 53.8024063 2.50034714
v 7.6401763 49.7757797 1.9461925
v 9.0460968 50.1695709 3.3750248
v 10.7332058 50.360775 3.85130358
v 12.3734827 54.6855354 4.03300047
v 12.4203138 50.3355598 3.37502527
v 8.42093754 84.1792374 -1.64481676
v 5.93293381 84.2177582 -0.972737789
v 6.28097296 79.8334579 0.525054216
v 8.90441895 79.9020004 -0.21982348
v 10.9182787 79.6877975 -1.80192888
v 10.3347864 83.9193726 -3.09276867
v 3.0621593 84.1402817 -0.850770175
v 3.2438941 79.5802078 0.661818743
v 0 84.0726318 -0.926769912
v 0 79.4070206 0.575821161
v 3.44145918 74.5901947 1.66448736
v 6.65153742 75.2430954 1.5890404
v 0 74.1629639 1.52483582
v 0 68.1528397 0.48093915
v 3.86837339 70.2272186 1.70555973
v 7.12035656 71.2284088 1.89681041
v 9.3988533 75.4928894 0.804088593
v 9.93100643 71.6312866 1.15529001
v 12.0893288 71.487114 -0.662440777
v 11.4954653 75.3218155 -0.905467272
v 11.4830961 81.7148666 -11.4892759
v 11.8658667 82.5528259 -8.50769424
v 12.5293636 78.260788 -7.64707041
v 12.1265926 77.3396378 -10.8473034
v 10.9182787 76.4748154 -13.52209
v 10.3347864 80.959816 -13.9542351
v 11.4830971 83.3325195 -5.54414749
v 12.1265926 79.0921478 -4.45465183
v 12.7534332 74.7120895 -3.75472975
v 13.1727543 73.8221588 -7.17384529
v 13.3843212 70.846489 -3.70398068
v 13.6338205 69.8426971 -7.349751
v 12.7046261 72.8029404 -10.5775547
v 12.8024759 68.5864334 -10.763422
v 11.1539202 67.2943268 -13.0835094
v 11.2204084 71.7827835 -13.2141323
v 3.06215954 79.8334274 -16.6618652
v 5.93293381 80.0409698 -16.3176956
v 6.28097296 75.3159103 -15.9558544
v 3.2438941 74.9470444 -16.2447796
v 0 74.794342 -16.2581272
v 0 79.7689056 -16.7185822
v 8.42093754 80.4077911 -15.4977531
v 8.90441895 75.8126297 -15.1370821
v 9.07786655 70.9620514 -14.5049963
v 6.39654255 70.3358154 -15.2136288
v 9.03420448 66.5133667 -14.0361328
v 6.48763037 65.8084183 -14.6541862
v 3.3217597 69.7651443 -15.5793447
v 3.41966271 65.2206116 -15.0210028
v 0 64.531044 -14.8677864
v 0 69.382431 -15.7586174
v 10.5276489 69.1664581 1.61005783
v 7.76315784 68.7627487 2.30733156
v 8.45638275 67.2141876 2.93841553
v 11.1239338 67.5507965 2.26780605
v 13.3197584 67.3703918 0.271897167
v 12.7228441 69.0151215 -0.309576154
v 4.73815393 67.7947159 1.85305023
v 5.72370434 66.4222488 2.29509068
v 2.26072621 66.3487473 -0.262657255
v 3.45732355 65.2399445 0.0767617375
v 6.49792576 65.1930695 2.93397117
v 9.07647419 65.9072952 3.63943219
v 4.34913445 64.1067429 0.678074121
v 11.6550245 66.1956329 2.97461963
v 13.8038168 65.9761734 0.946291447
v 13.0437593 65.577919 -10.7649307
v 14.1490345 67.1266632 -7.3790741
v 14.711791 65.2895126 -7.0793972
v 13.5769224 63.6971512 -10.5941887
v 11.4409084 62.3657227 -12.7309933
v 11.2861252 64.1725693 -12.9852362
v 14.0399609 68.3162079 -3.53401947
v 14.6372433 66.6073914 -3.08505058
v 15.0922871 65.1627579 -2.46376061
v 15.1283112 63.8422127 -6.53796434
v 13.9671602 62.3903389 -10.1648684
v 11.7599573 61.3503036 -12.4334574
v 4.5218358 62.9854202 -14.5196791
v 7.07873106 62.9938545 -14.2967281
v 7.88356113 61.6539421 -13.9872255
v 5.88714314 61.8767433 -14.1326151
v 3.81525064 62.1184006 -13.7480917
v 2.22209167 63.0594101 -14.2227631
v 9.29905796 63.4491005 -13.8114357
v 9.64710426 61.8297539 -13.5699348
v 9.9375658 60.9255295 -13.349329
v 8.5711031 60.8637466 -13.6568184
v 7.0074091 60.9591331 -13.7124338
v 5.08282375 60.9699821 -13.1503925
v 3.40303779 61.0223618 -10.9360256
v 2.79183626 61.5389061 -7.22800207
v 1.88027823 62.6025925 -8.10670948
v 2.30098653 62.2030525 -11.7270279
v 4.39384842 59.3987122 -9.82839584
v 3.53579497 60.0144424 -6.15817118
v 3.05985928 62.7507744 -3.00805759
v 2.18866801 63.7683754 -3.75439644
v 3.88532019 61.2804108 -2.10937476
v 1.1389631 64.5848389 -4.0958724
v 0.926151574 63.2986755 -8.68702984
v 0 64.9261093 -4.26819277
v 0 63.5708351 -8.86813068
v 1.12301898 63.0029068 -12.2491541
v 0 63.3266296 -12.5143137
v 4.79783297 59.138382 -1.10909152
v 4.48194218 57.9371071 -4.86237431
v 5.33975363 55.3170395 -3.74518323
v 5.67129278 56.3679352 -0.349163026
v 5.24467802 57.1954308 -8.52475262
v 6.04465628 54.5177307 -7.08276224
v 6.46771193 51.3979988 -6.17050934
v 6.07989645 52.1781273 -3.11937881
v 6.7966218 47.8947411 -6.15052366
v 6.51543665 48.5301666 -3.29286027
v 6.37959194 53.0314102 -0.0540737286
v 6.79662275 49.1932449 -0.435194641
v 7.21775436 15.38659 -23.9166126
v 3.17065096 15.5120668 -20.3559799
v 12.0347309 15.264637 -25.016695
v 12.0479927 13.0432196 -24.4733181
v 6.57027817 13.1855497 -23.4818745
v 3.38543749 13.838685 -20.2970238
v 0.660144389 15.4387932 -0.694415569
v 3.17068553 15.57617 5.11533213
v 4.01001406 18.3943996 2.7959497
v 1.76395428 18.2770195 -2.1336894
v 1.00147104 18.1527977 -8.02156639
v -0.203127757 15.2955217 -7.5097065
v 0.456307232 13.0733709 -7.22910595
v 1.27496254 13.2386265 0.744905531
v 3.38543749 13.8984442 5.570611
v 23.3894444 15.4387932 -0.69441539
v 24.2727108 15.2955217 -7.5097065
v 22.9122143 18.1527977 -8.02156639
v 22.1218185 18.2770195 -2.13368917
v 19.8821011 18.3943996 2.79594994
v 20.8756504 15.57617 5.11597347
v 20.6815529 13.8984442 5.57121515
v 22.8040276 13.2386265 0.746820569
v 23.6396751 13.0733709 -7.22910595
v 7.21836758 15.4530325 8.88397312
v 12.0354147 15.3263702 10.0480442
v 11.9456358 18.2101994 6.97494078
v 7.62722826 18.305912 5.88817978
v 6.57027817 13.2504568 9.08426571
v 12.0479927 13.1034861 10.1027851
v 18.5038738 27.3751888 -14.41436
v 19.0086117 27.5442619 -10.1209373
v 20.4633808 24.1065826 -9.74260521
v 19.8680038 24.0082893 -14.530549
v 17.1627998 31.1332912 -13.5811863
v 17.5877151 31.3681793 -9.75158691
v 18.4747486 27.7133389 -5.82751274
v 19.8422947 24.2309456 -4.96537399
v 17.1388683 31.6030731 -5.92198229
v 15.8431473 31.7988186 -2.73064661
v 16.9368858 27.8542366 -2.24965835
v 18.0544834 24.3364296 -0.981223583
v 20.9985714 21.1466179 -3.64572358
v 21.7035122 21.0329666 -8.90433884
v 18.9885006 21.2488174 0.748973191
v 21.0155888 21.023407 -14.2058363
v 22.1292152 18.2208233 -13.9885025
v 4.07063389 27.7133389 -5.82751274
v 3.5762527 27.5442619 -10.1209373
v 2.59270287 24.1065826 -9.74260521
v 3.17537761 24.2309456 -4.96537399
v 4.97572756 24.3364296 -0.981223583
v 5.61905003 27.8542366 -2.24965835
v 6.31248283 31.7988186 -2.73064685
v 5.00915384 31.6030731 -5.92198229
v 4.59254456 31.3681793 -9.75158691
v 4.1005497 27.3751888 -14.41436
v 3.20146966 24.0082893 -14.530549
v 5.0343504 31.1332912 -13.5811863
v 2.52137375 21.023407 -14.2058363
v 1.83385575 21.0329666 -8.90433884
v 1.7713629 18.2208405 -13.9885025
v 2.50422454 21.1466179 -3.64572358
v 4.52502489 21.2488174 0.748973072
v 14.3394232 27.9387856 -0.102947727
v 11.2474489 27.9669437 0.612622678
v 11.4859543 24.3831654 2.23799777
v 15.0550518 24.3781967 1.42749608
v 13.6586161 31.9162693 -0.815847754
v 8.17033482 27.9387684 -0.102947779
v 11.1936598 28.7668381 1.62948835
v 9.07108307 28.7422962 1.00622547
v 7.92844486 24.3781967 1.42749608
v 8.7448988 36.3211327 -0.394428819
v 8.46267605 31.9162598 -0.815847754
v 9.27273846 32.2066994 0.385288149
v 9.46741486 36.0433502 0.752344906
v 7.80386734 21.2241135 3.45870829
v 11.7399797 21.1800079 4.39233541
v 11.7215757 22.6338329 5.57476521
v 8.30096054 22.1172638 4.22047853
v 8.39450455 23.9250736 3.09745002
v 11.4849367 24.4580402 4.36262465
v 15.6756639 21.2241135 3.45870829
v 16.2532482 18.305912 5.88817978
v 12.5557938 45.707222 2.13108063
v 10.8279381 45.7588539 2.61045194
v 10.888175 41.0349464 1.24374688
v 12.7925282 40.9769325 0.731238246
v 14.3794899 40.7849197 -0.806285203
v 13.9956713 45.480381 0.692964077
v 9.10008335 45.6408195 2.13108015
v 8.98382187 40.9603271 0.731238186
v 7.66020489 45.358654 0.692964017
v 7.39686155 40.7544899 -0.806285203
v 10.9435768 36.3726006 0.173598215
v 6.91725731 36.1667175 -2.09850597
v 13.3264866 28.7423115 1.00622547
v 13.1446838 36.3211327 -0.39442879
v 12.8568716 32.206707 0.385288209
v 14.9840326 36.1667175 -2.09850597
v 6.79627895 44.9178886 -1.70389509
v 6.50830269 44.4033585 -4.58012486
v 6.12729263 40.0195541 -6.44387484
v 6.44468451 40.4187927 -3.36882615
v 6.79627895 43.8998909 -7.45635843
v 6.44468451 39.6230774 -9.51892281
v 7.66020489 43.4923363 -9.85321426
v 7.3968606 39.295681 -12.0814619
v 5.82679892 35.2917213 -11.7549496
v 5.4561224 35.6005478 -8.34679317
v 6.93674278 35.0343819 -14.5950823
v 5.81550884 35.9093742 -4.93863964
v 14.8595963 44.0548286 -7.45635843
v 15.1475735 44.5693474 -4.58012486
v 15.6490564 40.061058 -6.44387484
v 15.3316641 39.6618118 -9.51892281
v 14.3794899 39.3261108 -12.0814619
v 13.9956713 43.6140594 -9.85321522
v 14.8595963 45.0728264 -1.70389509
v 15.3316641 40.4575272 -3.36882615
v 16.0832024 35.9093742 -4.93863964
v 16.4552326 35.6005478 -8.34679317
v 16.0921555 35.2917213 -11.7549496
v 15.0017319 35.0343819 -14.5950823
v 9.10008335 43.2654915 -11.2913322
v 10.8279381 43.2138557 -11.7707043
v 10.888175 39.0456543 -14.1314955
v 8.98382092 39.1036644 -13.6189861
v 12.5557938 43.3318939 -11.2913322
v 12.7925282 39.1202621 -13.6189861
v 13.1672926 34.8799706 -16.2991619
v 10.9603949 34.828495 -16.8671875
v 8.77052021 34.8799629 -16.2991619
v 4.28709316 142.535507 7.15235424
v 8.33992767 144.497482 5.75811386
v 7.99974203 146.254578 5.13972521
v 4.08193302 144.307159 6.46172619
v 0 143.56369 6.96321535
v 0 141.84137 7.63018751
v 12.1994495 147.502029 2.88710999
v 11.9381685 149.066864 2.71506953
v 13.2437973 153.886703 -18.2992077
v 9.62551022 152.049515 -22.1011677
v 9.48662472 154.442703 -21.3143425
v 12.9650755 155.679337 -17.7307358
v 5.23043299 151.656128 -24.8198414
v 5.23418045 154.154053 -23.8336487
v 0 148.537521 -27.2446518
v 0 151.618088 -25.7658501
v 0 154.098862 -24.5671082
v 5.32729912 159.74472 -22.2638454
v 5.31194496 157.963425 -22.6841297
v 0 157.818481 -22.8339005
v 0 159.592789 -22.1373825
v 0 161.388565 -21.6002426
v 5.28786802 161.487808 -21.8710537
v 9.06370354 161.125412 -19.6604595
v 9.2845211 159.554703 -20.0024662
v 9.38191223 157.967453 -20.405777
v 7.84429407 176.7388 11.2466164
v 5.96088219 178.413803 12.7052269
v 5.61084032 176.961304 12.9678726
v 7.117167 175.625595 11.1720171
v 7.61070347 174.073471 10.1326141
v 8.23127174 174.421799 9.74371529
v 9.13644791 175.323883 8.55151558
v 8.9246664 177.961594 10.4849224
v 6.65690804 180.110504 11.7187252
v 9.80725384 166.244812 13.583169
v 7.27176046 167.608093 8.47620296
v 6.71562195 168.179672 10.0689707
v 8.67042542 166.166687 14.774827
v 9.59264374 163.739304 15.108902
v 11.0353222 163.966156 13.8670359
v 12.1623697 164.363724 11.8087425
v 10.1663389 166.450668 11.2163811
v 7.48985052 168.897812 8.23783684
v 7.56118965 156.502045 12.7203751
v 7.86090851 158.819611 13.8232117
v 6.00430441 158.240784 14.6471329
v 5.72564793 155.65361 13.7372513
v 5.41120911 153.387939 12.762826
v 7.33610821 154.531708 11.9513903
v 8.53636646 155.590729 11.2542305
v 8.99603081 157.161804 11.7064972
v 9.35069084 159.269562 12.8142033
v 6.39699888 172.946228 11.9104233
v 5.10179234 174.041748 13.604394
v 4.21126318 169.960129 11.8440123
v 5.75172472 169.11467 11.2554703
v 7.61681366 171.812592 11.068079
v 2.70834064 174.436798 14.1215
v 2.40339661 170.317535 12.0639524
v 2.93109608 177.400833 13.2350521
v 0 177.339935 13.1544437
v 0 174.468887 14.2794075
v 0 170.342072 12.1443777
v 3.59980536 155.071671 14.4904222
v 3.93811369 157.823151 15.3934393
v 0 157.631088 15.8192463
v 0 154.844116 14.7621775
v 0 152.370407 13.5281477
v 3.17830586 152.646149 13.3264418
v 3.25693607 186.133148 -3.41707039
v 3.4417336 186.43721 0.9394961
v 7.11070871 185.600311 1.10753179
v 7.01520824 185.152664 -3.31172299
v 6.99215221 183.960129 -7.16140509
v 3.34400749 184.922928 -7.28614807
v 0 185.45076 -7.25224447
v 0 186.981644 -3.50542927
v 0 186.760345 0.873498619
v 7.42424774 153.215485 10.7857914
v 8.99758434 155.13678 10.2036924
v 5.37041759 151.669388 11.5248184
v 5.53051329 150.519348 9.96971703
v 7.84810019 152.510345 9.20063019
v 9.7404623 154.828964 8.60345268
v 3.0101068 150.71431 12.0677404
v 0 150.386368 12.2578249
v 0 148.801392 10.8073225
v 2.98394156 149.241379 10.5833454
v 3.13101006 178.985977 12.9825926
v 0 178.924042 12.8243036
v 3.4091785 180.802719 11.6283426
v 0 180.767715 11.2755213
v 9.85083485 157.19342 10.3287449
v 10.2942629 159.324051 11.3153734
v 10.6705847 157.112274 8.45598984
v 11.2100315 159.359283 9.21972179
v 17.5087128 13.2504568 9.08294487
v 17.0835991 13.224391 8.34213734
v 20.0094643 13.8219223 4.93173027
v 1.35856843 13.0610714 -7.2279191
v 2.11349869 13.2134514 0.200770944
v 12.0479469 13.0888472 9.20472145
v 1.27496254 13.1973801 -15.3272314
v 2.11349869 13.1754322 -14.7598162
v 6.99662209 13.224391 8.34402847
v 4.05969238 13.7668047 -19.4971962
v 4.05969238 13.8219223 4.93295193
v 6.99662209 13.1645088 -22.5549889
v 20.6815529 13.838685 -20.2974625
v 22.8040257 13.1973801 -15.3291988
v 21.9667225 13.1754322 -14.7753401
v 20.0094643 13.7668047 -19.5060196
v 12.0479469 13.0332584 -23.4289608
v 22.7373238 13.0610714 -7.2279191
v 17.508709 13.1855497 -23.4810581
v 17.0835972 13.1645088 -22.5538788
v 21.9667225 13.2134514 0.222022265
v 16.8364582 15.4530497 8.88211918
v 23.3911171 15.4008284 -14.4268446
v 20.8756161 15.5120668 -20.3564892
v 0.661818087 15.4008284 -14.4268446
v 16.8358479 15.38659 -23.9155579
v 5.12928534 163.184952 -21.5288258
v 4.99409962 164.921829 -21.4295845
v 8.5534687 164.34082 -19.3295536
v 8.73580265 162.685425 -19.3879509
v 0 163.159821 -21.2695885
v 0 164.940765 -21.2107334
v 4.21555567 177.657806 -17.6077404
v 7.91029644 176.950363 -16.6385269
v 7.7550416 173.404526 -17.0905914
v 4.32893896 174.061783 -18.4233398
v 0 173.898209 -17.9776192
v 0 177.518814 -17.3095684
v 0 180.595596 -15.1152048
v 3.85563636 180.66748 -15.4176598
v 7.87602615 180.05365 -14.9639759
v 10.4493666 175.091019 -14.164588
v 10.3852873 172.119598 -14.839139
v 10.6969357 177.777664 -12.7981644
v 10.8903923 175.959457 -10.4019814
v 11.0514011 173.300568 -10.7185946
v 11.4816818 170.629852 -11.3050203
v 11.7714424 162.408722 -15.9518356
v 11.5093594 163.88446 -15.936264
v 13.5293055 163.496872 -12.5707645
v 13.7735243 162.091202 -12.6032705
v 14.1215239 160.804291 -12.7579679
v 12.1668892 161.048538 -16.1643887
v 14.9249697 161.669022 -9.17790985
v 14.6610861 163.094299 -9.08619308
v 15.0705509 162.542313 -5.582057
v 15.3853569 160.991776 -5.71865892
v 15.8067951 159.734512 -6.00459719
v 15.2977438 160.441055 -9.3856945
v 11.9987898 173.264908 -7.95165443
v 12.7365093 174.126007 -5.08131742
v 12.7299814 171.072815 -5.15847445
v 12.2614288 170.545853 -8.25125313
v 11.6082554 176.501022 -8.26019096
v 12.2476835 177.512039 -5.34337139
v 11.517251 173.800903 5.360816
v 11.5377684 170.620544 7.67818594
v 12.576642 171.591583 3.35531068
v 12.974062 175.172882 1.14787948
v 12.1631126 178.58931 1.08354175
v 11.1540222 177.340668 5.46632957
v 9.79833698 172.294144 9.23970795
v 12.2983646 157.572708 5.94014311
v 14.2638464 158.743515 2.23567128
v 14.098937 160.898453 2.04588223
v 12.5054493 159.894424 6.02976847
v 11.4071569 155.124557 6.44956207
v 14.0488615 156.160324 2.79235768
v 8.93824863 152.378082 7.31121969
v 5.97163343 149.91954 8.12425613
v 6.7297678 149.441116 6.53562593
v 10.4542484 152.368851 5.51233196
v 3.15258527 148.229111 8.87350178
v 3.48783207 147.434311 7.4066782
v 0 147.612946 9.16345119
v 0 146.665543 7.73298693
v 11.6108103 180.040939 -10.2357378
v 7.61503839 182.491257 -11.49687
v 11.8623838 181.611816 -6.57830477
v 3.44289136 183.011154 -11.3613043
v 0 183.266235 -11.300581
v 3.72908998 184.753799 7.00367212
v 6.97941351 184.00766 6.93179417
v 0 184.564346 6.80756664
v 11.0403166 181.115723 7.11353493
v 11.1562424 183.15863 1.19206488
v 16.091135 157.335617 -3.03782105
v 16.3769913 156.495789 -3.89913297
v 16.2969532 158.005051 -7.01209831
v 16.105608 158.755936 -6.48166323
v 15.7499666 158.461487 -2.28890038
v 14.816637 155.019348 1.02954185
v 15.181263 154.027771 -0.061197456
v 4.02942848 145.397964 6.21369982
v 7.90133095 147.342819 4.98213196
v 7.73060656 148.072998 5.10455322
v 3.97659898 146.059937 6.23637438
v 0 145.238937 6.66127348
v 0 144.621552 6.68676996
v 15.5844698 159.411758 -9.71837139
v 15.7580729 158.578537 -10.1045408
v 14.6464558 158.600647 -13.3891592
v 14.446166 159.633072 -13.0407887
v 11.8332529 150.073959 2.82849908
v 15.3455753 153.164642 -0.745985627
v 11.6346426 150.88707 3.25290728
v 13.256052 175.01532 -2.1841898
v 12.8876944 171.581192 -1.9786222
v 12.3557196 178.36972 -2.37739086
v 11.2153482 182.80838 -2.86736417
v 3.79779267 146.687881 6.56759739
v 7.35773039 148.788055 5.57149506
v 0 145.848007 6.93032074
v 12.8416967 157.12384 -17.2829628
v 9.39932251 156.372635 -20.8561478
v 12.7061186 158.369171 -16.8901196
v 14.7216406 157.726074 -13.7722492
v 11.2944889 151.784103 4.11544466
v 12.5008345 159.698227 -16.4799461
v 15.320756 160.008469 -2.01065779
v 14.9492893 161.834457 -1.95510077
v 15.8445139 157.929398 -10.4901953
v 16.4121189 157.430847 -7.46945095
v 16.5783997 155.807388 -4.52615786
v 5.26484871 156.181854 -23.1644802
v 0 156.070023 -23.5601807
v 14.8061829 163.858261 -1.93810725
v 14.3615379 166.027985 -2.00133443
v 14.1023359 165.724213 1.87388146
v 14.260685 163.192688 2.00720406
v 14.7830296 164.279236 -5.53150892
v 14.1978102 166.096573 -5.4952302
v 13.1918488 162.306137 7.02388382
v 13.3204622 165.037949 7.28655815
v 12.1279154 161.675171 10.5841122
v 14.3233862 164.618103 -9.03404999
v 13.6518698 166.162354 -8.90949917
v 13.2356768 164.953873 -12.5130272
v 12.6695471 166.42392 -12.2705498
v 11.3262234 165.44101 -15.901166
v 8.5944109 166.093613 -19.3891354
v 8.61923409 168.132645 -19.2355289
v 10.9881811 167.102463 -15.6101475
v 4.94858122 166.769516 -21.6016579
v 4.86317253 168.921677 -21.3566132
v 0 166.822418 -21.4204731
v 0 168.974747 -21.0887394
v 10.9467316 161.47879 12.73209
v 9.60531521 161.400726 14.0857344
v 3.98468542 160.699509 16.8357143
v 6.11388254 160.900848 16.1780853
v 5.96689701 163.805801 17.57724
v 3.69982243 163.856094 18.2346783
v 0 163.906479 18.3326702
v 0 160.61911 17.1437302
v 8.0362215 161.1754 15.2749872
v 7.89450455 163.720062 16.3951321
v 13.1399097 168.462769 -2.05818963
v 12.7990761 168.372528 1.75096655
v 13.0818815 168.211395 -5.29994917
v 12.0147514 167.626556 7.12323046
v 12.6341286 167.959961 -8.55840206
v 11.775691 168.141708 -11.7689495
v 10.2835064 169.202087 -15.0784149
v 8.06178761 170.557846 -18.2014599
v 4.61986256 171.284409 -19.9280891
v 0 171.165176 -19.4417992
v 2.9322989 167.163971 17.5554276
v 5.14529467 166.953705 17.0769711
v 0 167.250809 17.5190182
v 7.07841349 166.51474 16.0502758
v 8.65803337 171.633759 10.7114725
v 6.73028231 10.6644506 -25.6839199
v 3.63778257 10.9222431 -22.5847569
v 22.4933529 10.4035892 -16.8022556
v 20.432415 10.9222431 -22.604454
v 12.0491753 10.6242695 -26.6767578
v 23.3047733 10.0539417 -7.21647882
v 17.3515644 10.6644506 -25.6836796
v 22.4933529 9.86965179 2.51258111
v 1.58849955 9.86965179 2.48293686
v 3.63778281 10.0833416 8.41141033
v 20.432415 10.0833416 8.44541168
v 17.3515682 9.60877705 11.3612585
v 0.79357928 10.0539417 -7.21647882
v 12.0491753 9.48361206 12.2027521
v 1.58849943 10.4035883 -16.7857094
v 6.73028231 9.60877705 11.3616352
v 20.7094707 6.56220913 -24.0536747
v 17.584734 6.27497911 -27.1633682
v 1.59711325 5.32805777 3.62870884
v 3.67558932 5.61919641 9.63205814
v 20.7094707 5.61820602 9.63329124
v 22.7997665 5.32727385 3.63000679
v 17.584734 4.96846724 12.3563118
v 0.87743479 5.13397312 -7.3313961
v 12.2068071 4.79747868 13.2154016
v 1.59711313 5.85778713 -18.0214462
v 6.81214333 4.9693327 12.3563118
v 3.67558885 6.56334305 -24.0530071
v 6.81214333 6.27557087 -27.1633682
v 22.7997665 5.85670233 -18.0222645
v 12.2068071 6.23326397 -28.2220039
v 23.6227455 5.14227629 -7.3313961
v 1.60172617 4.45325708 -18.2149277
v 0.882344782 3.64128947 -7.36131144
v 6.81460381 3.57295489 12.4899054
v 12.2070408 3.39646387 13.3609037
v 3.6793437 5.26026964 -24.2553043
v 3.67934418 4.28837299 9.75310993
v 6.81460381 4.96564627 -27.3906155
v 22.7956257 4.45147753 -18.2158298
v 20.7061958 5.25833321 -24.2559662
v 12.2070408 4.92407036 -28.4639263
v 23.6182671 3.65055418 -7.36131144
v 17.5827484 4.9646349 -27.3906155
v 22.7956257 3.95767045 3.77498889
v 1.60172641 3.95890856 3.77352786
v 20.7061958 4.2866807 9.75435638
v 17.5827484 3.57178593 12.4899054
v 22.3706188 2.53445244 -17.9063282
v 20.365078 3.14702249 -23.7466507
v 12.2071562 2.88542533 -27.8185139
v 7.03122044 2.91775441 -26.7882957
v 23.1602345 1.97842872 -7.36065388
v 17.367033 2.91691709 -26.7882957
v 22.3706188 2.17132139 3.56778836
v 2.02763486 2.17215848 3.56681108
v 4.02183914 2.41540146 9.37144089
v 20.365078 2.41421509 9.37289906
v 17.367033 1.88877368 12.0497026
v 1.33713639 1.97291529 -7.36065388
v 12.2071562 1.76511192 12.8857346
v 2.02763486 2.53572607 -17.9056911
v 7.03122044 1.88950634 12.0497026
v 4.02183867 3.14866185 -23.745863
v 21.9276028 0.876654983 3.12185121
v 22.682766 0.829686403 -7.40177441
v 20.0095711 1.55612838 -23.2503357
v 17.1423473 1.39115191 -26.1911259
v 2.47227359 0.876968801 3.12073851
v 4.37946129 1.04053259 8.93451786
v 20.0095711 1.04000926 8.9357872
v 17.1423473 0.699537754 11.5675154
v 1.81190455 0.827313542 -7.40177441
v 12.2076178 0.619178414 12.3670683
v 2.47227359 1.15316331 -17.5162296
v 7.25753021 0.699816883 11.5675154
v 4.37946081 1.5569483 -23.2496529
v 7.25753021 1.39155316 -26.1911259
v 21.9276028 1.1526053 -17.5169449
v 12.2076178 1.36793029 -27.1763897
v 12.2085524 -0.113338828 9.21639919
v 15.9570818 -0.0765264258 8.52805233
v 4.81337261 0.157219663 -15.0866337
v 4.31174135 0.0543903559 -7.4352417
v 8.44835854 -0.0765264854 8.52774906
v 6.26211405 0.309772581 -19.8876228
v 6.26211405 0.0630464554 5.67007065
v 8.44835854 0.233948752 -22.5739727
v 19.5920677 0.157219782 -15.0860939
v 18.1350899 0.30977267 -19.887701
v 12.2085524 0.222137272 -23.3666058
v 20.1657028 0.0543904789 -7.4352417
v 15.9570818 0.233948842 -22.5741386
v 19.5920677 0.000185150129 0.50509882
v 4.81337261 0.000185033321 0.506121576
v 18.1350899 0.0630465522 5.67020559
v 7.86138296 0.0127434311 -16.3126354
v 12.219202 -0.00758200511 -16.7258854
v 12.2262182 -0.136825234 -7.21916866
v 7.53363466 -0.107322931 -7.28038979
v 16.5638218 0.0127434991 -16.3124771
v 16.9047718 -0.107322849 -7.28038979
v 16.5638218 -0.171856314 2.2903924
v 12.219203 -0.207063675 2.6695087
v 7.86138296 -0.171856388 2.29071927
v 12.670454 51.7299232 0.284003675
v 10.1091442 51.7037544 0.262298614
v 9.9712801 55.0606651 3.10844946
v 12.4806042 54.9212914 3.10285282
v 13.9986067 54.0252075 3.40014434
v 14.7718096 51.9452515 3.25282121
v 14.9311037 48.3704491 3.14002109
v 12.8557711 48.1651154 0.150243551
v 12.6791954 44.5117836 -0.436047316
v 14.3760681 44.6466484 2.54810619
v 13.5832281 42.3301086 2.20113087
v 12.4235086 41.5782738 -0.845938444
v 7.3894043 50.9184303 0.30273667
v 5.30228806 50.1600876 0.681663454
v 6.13474512 52.6940308 3.48163128
v 7.51732016 54.0651588 3.18663549
v 12.0930901 51.816494 7.48356152
v 10.2047138 51.8024254 7.65523911
v 10.3814306 48.3140678 7.69901371
v 12.3097296 48.506485 7.52991438
v 13.929883 48.67099 7.03340197
v 13.7027121 51.7591095 7.01526833
v 13.1816387 53.6807938 6.65604067
v 11.8983345 54.410099 6.84326649
v 10.0577726 54.5256271 6.96024418
v 8.34231758 51.24543 7.44706488
v 8.45517159 47.9788246 7.44234514
v 8.26240635 53.8055115 6.86440563
v 7.07097816 52.6748619 6.66468811
v 6.76000881 50.6919937 6.95401239
v 6.83889771 47.6909637 6.87832308
v 8.87288666 44.7150993 6.43680191
v 10.5590887 44.776947 6.59676504
v 7.47931767 44.7371559 6.02659941
v 8.22130299 42.8071861 5.14199686
v 9.28170681 42.0630569 5.06628942
v 10.7077522 41.8767166 5.08106232
v 12.2221489 45.1204529 6.5398612
v 12.0895233 42.3291817 5.16216946
v 13.0605221 43.2926636 5.28936005
v 13.5939102 45.4583664 6.2037015
v 12.3796997 56.1029472 3.99418473
v 9.91129398 56.254425 4.00243282
v 9.92538929 56.3350029 5.14820385
v 12.2972298 56.2105293 5.13023567
v 14.2430573 54.8788452 5.1948247
v 14.3963757 54.7946815 4.07714128
v 7.50604296 55.2246552 4.08567286
v 7.61497164 55.3710442 5.20165205
v 5.67971754 53.2659149 4.18627691
v 5.85398483 53.4123688 5.27070141
v 7.94352627 55.0171471 6.11841583
v 9.96943951 55.8823967 6.12695646
v 6.38671732 53.2082863 6.12832355
v 12.0515776 55.7377625 6.06579447
v 13.7760191 54.4689445 6.07922459
v 9.29361916 39.8592911 2.07837033
v 10.858633 39.4753609 1.93944895
v 10.842905 39.6544075 2.88280559
v 9.31174374 40.0211372 3.01146293
v 7.78731966 41.4848824 3.50019979
v 7.72952223 41.3894615 2.55161476
v 7.24353743 41.9566231 -0.388569862
v 8.84755421 41.2681236 -0.90711087
v 10.7397776 41.1125526 -1.01221669
v 12.3604898 40.0266876 2.14194989
v 12.312685 40.1951523 3.08179927
v 13.7360048 41.8219185 2.67036343
v 13.6544209 41.9294357 3.6332159
v 12.171032 40.8252869 4.04905415
v 10.7974844 40.3127975 3.88666415
v 13.4025869 42.4411354 4.5572648
v 9.36788177 40.6277275 3.96607637
v 7.97063732 41.9812737 4.40552139
v 14.921978 44.9151039 3.46909499
v 15.5986967 48.5723267 4.12406015
v 15.4447765 48.7015953 5.29762459
v 14.8014402 45.0485077 4.54689455
v 15.4464359 52.08535 4.22521877
v 15.2754421 52.1757965 5.38190269
v 14.7288504 51.9748726 6.31361818
v 14.9317026 48.7517395 6.28095007
v 14.4062138 45.3283653 5.49833488
v 4.94808626 50.4251671 4.21430826
v 5.17652655 47.1720581 3.98278999
v 5.32984352 47.3182526 5.12829781
v 5.13043261 50.5704308 5.33827257
v 5.51275682 47.0806236 0.471667826
v 6.23041487 43.9901047 3.30694127
v 6.33774519 44.1308022 4.36500883
v 6.35394907 44.027523 -0.0902580768
v 6.69415855 44.4521027 5.3023653
v 5.84054422 47.5026627 6.1036377
v 5.71189356 50.5574226 6.25038767
v 13.4634333 171.717972 -10.7402973
v 14.6073761 171.717972 -2.38608241
v 10.5060329 171.717972 -2.38608241
v 9.70614147 171.717972 -8.22632122
v 10.2057362 171.717972 -17.8226585
v 7.42875957 171.717972 -13.1774359
v 13.4634275 171.717972 5.96813107
v 9.7061367 171.717972 3.45415497
v 10.2057333 171.717972 13.0504885
v 5.33024883 171.717972 17.7827663
v 4.02041864 171.717972 11.7134943
v 7.42875624 171.717972 8.40526867
v 0 171.717972 19.4445229
v 0 171.717972 12.875185
v 0 171.717972 -24.2166958
v 5.33025455 171.717972 -22.5549393
v 4.02042294 171.717972 -16.4856682
v 0 171.717972 -17.6473618
v 8.36829185 189.457855 25.1276035
v 8.87745857 189.685349 26.7701759
v 11.9209919 189.114502 25.9832611
v 11.4876957 188.872787 24.3210754
v 14.6713104 187.541473 25.5716267
v 14.3065767 187.260559 23.8991756
v 16.79669 185.155975 25.5849113
v 16.4849358 184.815567 23.9127922
v 18.0407753 182.245682 26.0215206
v 17.7600346 181.832718 24.3602867
v 18.2535114 179.161682 26.8287983
v 17.978075 178.671844 25.1876888
v 17.4092407 176.275894 27.9093666
v 17.1127586 175.714111 26.2951927
v 15.6097908 173.936432 29.1328869
v 15.2684507 173.316345 27.5492096
v 13.0722122 172.425446 30.3518047
v 12.6676149 171.767685 28.7985153
v 10.1025648 171.925217 31.4190865
v 9.62393856 171.25499 29.8924046
v 7.05903244 172.496017 32.2060051
v 6.50453568 171.840012 30.6989346
v 4.30871201 174.069046 32.6176529
v 3.6856544 173.452255 31.1208382
v 2.18333292 176.454575 32.6043625
v 1.50729275 175.897263 31.1072273
v 0.939249277 179.364838 32.1677475
v 0.232196003 178.880081 30.6597309
v 0.726511419 182.448868 31.3604717
v 0.170131028 182.04097 29.8323307
v 1.57078123 185.334625 30.2799091
v 0.879470944 184.998672 28.7248268
v 3.37022471 187.674103 29.0563812
v 2.72377205 187.396484 27.4707966
v 5.9078064 189.185104 27.8374672
v 5.32461119 188.945129 26.2214985
v 3.8508563 182.739639 17.4327965
v 5.62953854 183.039261 16.7935429
v 2.33096385 181.834625 18.1628704
v 1.25318205 180.43338 18.8957081
v 0.308993101 178.774902 19.6597748
v 0.445360899 176.798019 20.177248
v 1.62007177 175.114639 20.2879467
v 2.8930738 173.685822 20.2959003
v 4.5403862 172.743668 20.049345
v 6.36331892 172.401779 19.578022
v 8.14199924 172.701401 18.9387665
v 9.66189194 173.6064 18.2086945
v 10.7396765 175.007645 17.4758606
v 11.2453527 176.736084 16.8286533
v 11.1179342 178.583252 16.3451328
v 10.3727865 180.326385 16.0836239
v 9.0997839 181.755219 16.0756645
v 7.45247173 182.697372 16.322216
v 11.0599327 32.2881165 1.70019674
v 15.1568975 22.0913944 4.23827124
v 14.6014194 23.9016533 3.11355877
v 10.9840498 36.0881767 1.24709761
v 12.5023632 36.0433502 0.752344906
v 3.59752893 101.837425 -22.8861351
v -0.0593194924 101.797829 -22.951273
v -0.0593194552 105.88385 -25.2997723
v -0.0593194216 110.618217 -27.3589687
v -0.0593194105 115.915306 -29.0987225
v -0.0593194291 122.257492 -30.1809292
v 5.28437471 122.056694 -31.7610836
v 5.31560898 130.8293 -33.2831612
v -0.0593194999 130.686768 -32.0058975
v -0.0593195818 139.033081 -32.0766029
v 5.21050882 139.296707 -32.3972397
v -0.0593196228 144.548904 -29.7747364
v -0.0593193583 90.4081116 -15.6839409
v -0.0593193881 92.4939575 -16.734787
v -0.0593194216 94.9715576 -18.7404022
v 3.30476475 98.1452255 -20.7786579
v -0.0593194626 98.1765289 -20.7580166
v 4.91178131 182.325745 14.7412758
v 6.69421577 181.99144 14.2804213
v 8.30493259 181.070206 14.0393476
v 9.54965401 179.673111 14.0471258
v 10.2782469 177.968719 14.302825
v 10.4028349 176.162567 14.7756042
v 9.90839291 174.472549 15.4084349
v 8.85455132 173.102417 16.1249905
v 7.36842442 172.217529 16.8388424
v 5.62926006 171.924561 17.463892
v 3.8468256 172.258865 17.9247475
v 2.23610973 173.180099 18.165823
v 0.9913885 174.577164 18.1580448
v 0.262794703 176.28157 17.9023438
v 0.138205796 178.087708 17.4295654
v 0.632650077 179.77774 16.7967396
v 1.68648756 181.147842 16.0801849
v 3.17261362 182.032776 15.3663254
v 0 180.624725 18.9671173
v 0 178.774902 19.6597748
v 0 174.577164 18.1580448
v 0 176.28157 17.9023438
v 0 176.798019 20.177248
v 0 178.087708 17.4295654
v 0 174.932465 20.4571247
v 0 179.77774 16.7967396
v 121.089172 128.545303 -5.7052393
v 121.048096 128.517502 -4.79695559
v 121.057884 128.514954 -6.58081293
v 123.016777 128.29393 -6.46009398
v 123.145798 128.266617 -5.70520306
v 123.016754 128.289658 -4.95017815
v 102.992577 128.458054 16.4831581
v 102.125938 128.424744 16.6469212
v 103.851364 128.472977 16.2629318
v 104.122719 128.221817 18.0351448
v 103.402557 128.156937 18.3163013
v 103.703178 128.306335 19.7069225
v 102.630791 128.172363 18.3703442
v 116.371658 128.547928 8.36956787
v 115.853188 128.520538 8.99435806
v 116.8405 128.519226 7.70684671
v 118.328049 128.302872 8.98575211
v 118.003922 128.275421 9.62086296
v 117.474701 128.303436 10.0986519
v 5.01284218 170.82933 4.75099325
v 5.01284218 172.860947 5.94896746
v 7.10423851 172.300537 5.94896746
v 6.0884409 170.541153 4.7509923
v 5.01284218 174.020752 8.25342846
v 5.01284218 174.404877 10.7016449
v 7.87622023 173.637665 10.7016468
v 7.68414402 173.304977 8.25342941
v 5.01284218 173.270905 13.0572948
v 5.01284218 172.569031 15.0543184
v 6.95828772 172.047745 15.0543184
v 7.30922031 172.655594 13.0572958
v 5.01284218 171.004623 16.3886833
v 5.01284122 168.678131 16.857254
v 6.17608261 170.692947 16.3886833
v 5.01284218 168.678131 4.54437828
v 6.87583351 169.753754 4.75099277
v 9.63967419 171.349457 8.25343037
v 8.63524628 170.769547 5.94896793
v 8.99028587 170.974503 13.0572958
v 9.9723587 171.541534 10.7016478
v 7.02763319 169.8414 16.3886833
v 8.3824501 170.623581 15.0543184
v 9.6055994 168.678131 13.0572958
v 10.7395964 168.678131 10.7016478
v 7.339324 168.678131 16.3886852
v 8.90372753 168.678131 15.0543165
v 9.19563389 168.678131 5.94896793
v 7.16403866 168.678131 4.75099421
v 10.3554487 168.678131 8.25343132
v 8.63524628 166.586746 5.94896793
v 6.87583208 167.602554 4.75099421
v 9.9723587 165.814774 10.7016487
v 9.63967514 166.006836 8.25343037
v 8.3824482 166.732697 15.0543184
v 8.99028683 166.381775 13.0572987
v 7.02763319 167.514908 16.3886871
v 6.95828438 165.308533 15.0543184
v 7.30922031 164.700714 13.0572987
v 6.17608261 166.663361 16.3886871
v 6.08843946 166.815186 4.75099421
v 7.68414545 164.051331 8.25342941
v 7.10423851 165.055756 5.94896889
v 7.87622023 163.718613 10.7016468
v 5.01284218 166.526962 4.75099373
v 5.0128417 163.335526 8.25343037
v 5.0128417 164.495361 5.94896793
v 5.0128417 164.085403 13.0572987
v 5.0128417 162.951385 10.7016468
v 5.01284218 166.351654 16.3886871
v 5.0128417 164.787262 15.0543184
v 3.84960103 166.663361 16.3886871
v 3.06739879 165.308533 15.0543184
v 2.92144561 165.055756 5.94896889
v 3.9372437 166.815186 4.75099421
v 2.14946342 163.718613 10.7016468
v 2.34153819 164.051331 8.25342941
v 2.71646309 164.700714 13.0572987
v 1.39043725 166.586746 5.94896793
v 3.14985156 167.602554 4.75099421
v 0.0533253886 165.814774 10.7016487
v 0.386008441 166.006836 8.25343037
v 1.64323568 166.732697 15.0543184
v 1.03539729 166.381775 13.0572987
v 2.99804997 167.514908 16.3886871
v 2.6863606 168.678131 16.3886852
v 2.86164618 168.678131 4.75099421
v -0.329764247 168.678131 8.25342941
v 0.830049276 168.678131 5.94896793
v 0.420084327 168.678131 13.0572958
v -0.713914037 168.678131 10.7016478
v 1.12195563 168.678131 15.0543165
v 0.386009991 171.349457 8.25343037
v 1.39043713 170.769547 5.94896793
v 1.03539801 170.974503 13.0572958
v 0.0533257052 171.541534 10.7016478
v 2.99804997 169.8414 16.3886833
v 1.64323461 170.623581 15.0543184
v 3.14985061 169.753754 4.75099277
v 2.92144561 172.300537 5.94896746
v 3.93724322 170.541153 4.7509923
v 2.14946437 173.637665 10.7016468
v 2.34154034 173.304977 8.25343037
v 3.06739688 172.047745 15.0543184
v 2.71646357 172.655594 13.0572958
v 3.84960103 170.692947 16.3886833
v -1.12930834 166.435974 8.6306572
v -0.528524518 168.678131 8.6306572
v -0.206088468 168.678131 10.6855688
v -0.850071132 166.274765 10.6855698
v -1.12931001 170.920303 8.63065815
v -0.850071132 171.081528 10.6855688
v 0 182.296951 -20.9777794
v 0 185.18425 -17.566143
v 3.99902439 185.18425 -16.4106274
v 4.89778376 182.296951 -19.5625763
v 0 188.792557 -7.94236803
v 0 189.267609 -2.38608098
v 1.46375167 188.792557 -7.51942062
v 0 178.934555 -23.1224251
v 5.46276665 178.934555 -21.5439606
v 0 187.399811 -13.1200027
v 2.82774138 187.399811 -12.3029356
v 0 175.327347 -23.8604641
v 5.65471983 175.327423 -22.2262192
v 2.70464969 188.792557 -6.31497097
v 5.22497368 187.399811 -9.97611427
v 10.0938616 178.934555 -17.0488949
v 10.4508648 175.327606 -17.5718365
v 7.38922405 185.18425 -13.1200027
v 9.04991055 182.296951 -15.5324011
v 3.53379154 188.792557 -4.51238298
v 11.824276 182.296951 -9.50082207
v 13.1882658 178.934555 -10.3215399
v 6.82675362 187.399811 -6.49378157
v 13.6559296 175.327805 -10.6049986
v 9.65448189 185.18425 -8.19523907
v 7.38921976 187.399811 -2.38608503
v 10.4499321 185.18425 -2.38608503
v 12.798502 182.296951 -2.38608456
v 3.82494569 188.792557 -2.38608551
v 14.2748671 178.934555 -2.38608336
v 14.7815161 175.327896 -2.38608313
v 3.53378916 188.792557 -0.259790599
v 6.82674932 187.399811 1.72160566
v 13.1882591 178.934555 5.54937267
v 13.6559296 175.327805 5.83283138
v 9.65447807 185.18425 3.42306662
v 11.8242722 182.296951 4.72864962
v 7.38921976 185.18425 8.34782887
v 9.04990578 182.296951 10.7602291
v 2.70464849 188.792557 1.54279554
v 10.0938587 178.934555 12.276721
v 5.22497225 187.399811 5.20393991
v 10.450861 175.327606 12.7996655
v 2.82773972 187.399811 7.5307579
v 3.99902058 185.18425 11.6384497
v 4.89777803 182.296951 14.7903957
v 1.46375048 188.792557 2.74724722
v 5.46275902 178.934555 16.7717934
v 5.6547122 175.327423 17.4540424
v 0 182.296951 16.2056065
v 0 178.934555 18.3502541
v 0 188.792557 3.170192
v 0 187.399811 8.34782887
v 0 175.327347 19.0882854
v 0 185.18425 12.7939596
v -46.4692612 139.343323 -9.77747631
v -50.3383064 138.237656 -9.52560711
v -50.3642235 138.656372 -7.0417223
v -46.5265007 139.696396 -7.21034002
v -46.1776161 137.778976 -11.9479494
v -50.0622864 136.685974 -11.6119509
v -42.4559746 140.792435 -10.0434942
v -42.2619171 139.238754 -12.3123722
v -42.516758 141.068497 -7.43521976
v -46.3876343 138.9384 -4.79731798
v -50.1740112 138.002258 -4.68100119
v -42.4749222 140.165756 -4.9053793
v -46.0908737 137.215729 -2.92018938
v -42.3102837 138.22963 -2.82324219
v -49.818779 136.394669 -2.84816504
v -53.8413315 136.960678 -4.69541311
v -54.0163231 137.477356 -6.8847723
v -53.5271225 135.537018 -2.93477488
v -57.2774734 135.759232 -4.83666992
v -57.0902863 134.60054 -3.28690076
v -57.3823547 136.129974 -6.68021822
v -54.0177002 137.035309 -9.1281929
v -57.3924103 135.729889 -8.51880646
v -53.8238678 135.621368 -11.0105848
v -57.3019524 134.563614 -10.0644522
v -4.14327431 105.976974 -24.8360558
v -7.90165806 106.049095 -24.3995438
v -8.94501019 110.408966 -27.0874557
v -4.63206291 110.42794 -27.5016651
v -3.65684843 102.003372 -22.2601051
v -6.92489147 102.103104 -21.8457012
v -5.0570941 115.677948 -29.7097054
v -9.93199921 115.601166 -29.2904186
v -2.98846984 95.1462784 -18.0781574
v -2.9291501 94.9803238 -18.7041874
v -2.56793952 92.3486252 -16.9969349
v -2.62725902 92.5145874 -16.3709068
v -10.6580868 122.039406 -30.6087761
v -5.34369421 122.222664 -31.1350498
v -14.5295858 115.509315 -27.6153297
v -12.7223988 110.627708 -25.3662109
v -15.8772755 121.735825 -28.7892799
v -18.1606464 114.908676 -25.1592255
v -21.3279953 121.084076 -25.8265896
v -15.6785021 110.441589 -22.9970551
v -11.0891027 106.468407 -22.7171021
v -13.5926189 106.487778 -20.6339245
v -9.65513992 102.730934 -20.0986061
v -11.8411226 102.836563 -18.366745
v -43.8186798 125.228432 -5.29181719
v -47.8561859 125.320419 -4.93674183
v -47.8208275 124.749161 -7.31157684
v -43.7212105 124.691368 -7.79290533
v -44.1186485 126.796593 -3.17151237
v -48.0702515 126.896408 -2.98235083
v -40.2660599 124.886215 -5.70855761
v -40.5662956 126.390289 -3.25593638
v -40.1515961 124.429848 -8.52068043
v -43.8471565 125.161758 -10.3404922
v -47.9669647 125.187935 -9.75
v -40.230381 125.030334 -11.2801838
v -44.1842194 126.828575 -12.4890661
v -40.5141068 126.807159 -13.457715
v -48.2722054 126.769623 -11.8278713
v -52.3424034 125.510124 -9.20237541
v -52.2168808 125.061073 -6.99768114
v -52.5580292 126.916336 -11.0699873
v -56.5009308 126.345871 -8.51058388
v -56.6212959 127.466179 -10.0173016
v -56.4270439 125.942574 -6.73311472
v -52.1994514 125.561096 -4.81417131
v -56.4005165 126.301437 -4.93377256
v -52.297699 126.996521 -3.01225495
v -56.4303093 127.430984 -3.39878154
v -2.3928318 89.1673203 -14.8869715
v -2.50847602 87.977066 -15.1545515
v -4.86017227 88.0333328 -14.9691706
v -4.63611078 89.212265 -14.7131147
v -2.37407446 90.5740509 -15.0579109
v -4.59976912 90.6146088 -14.8860168
v -6.58028841 89.3471298 -14.191555
v -6.89830923 88.1910477 -14.4130316
v -6.52870512 90.7362595 -14.3703451
v -8.07580757 89.6168518 -13.1484346
v -8.01249981 90.9795761 -13.338994
v -8.46610737 88.4981918 -13.3007574
v -7.37976313 86.6831207 -14.9203625
v -5.19937801 86.4860153 -15.530015
v -9.05698204 87.0442047 -13.7006178
v -7.92164135 84.2615356 -15.4564972
v -9.72201252 84.7044678 -14.0740128
v -5.58115625 83.9912567 -16.1928558
v -2.68355036 86.4055481 -15.7332335
v -2.88059735 83.8612061 -16.4573174
v -27.9733315 118.908241 -6.20625067
v -32.4783096 121.50106 -6.08325958
v -32.4809303 121.166481 -10.9943371
v -28.0950375 118.73452 -12.4359875
v -27.6369934 120.803993 -0.281120062
v -32.4874535 123.330315 -1.61724555
v -23.5013409 116.464027 -6.54564142
v -22.1385345 117.582214 1.29991579
v -23.9230232 116.385391 -13.5133362
v -27.7704182 120.03083 -18.4424896
v -32.3649597 122.209442 -15.7403154
v -23.3765125 117.451965 -20.4297485
v -27.1183434 123.531609 -22.9115829
v -32.2570496 125.05616 -19.3038979
v -36.5764275 124.121361 -13.0598755
v -36.5732307 123.322334 -9.58975124
v -36.7103119 126.271385 -15.6876621
v -36.6533165 123.725372 -5.96243286
v -36.8467407 125.322868 -2.73686624
v -45.6761818 134.772507 -1.86343527
v -49.3807297 134.147949 -1.86721909
v -48.9160728 131.686432 -1.57868326
v -45.1703262 132.003265 -1.52454388
v -41.9976349 135.416077 -1.5336808
v -41.5641556 132.156937 -1.08922279
v -44.6074867 129.233154 -1.94001448
v -48.4548187 129.195541 -1.90763378
v -41.0265617 128.980225 -1.69071865
v -52.5184097 129.076385 -2.00334096
v -52.8167572 131.303421 -1.69613779
v -56.5306396 129.132706 -2.47990847
v -56.685421 131.001205 -2.17936778
v -53.159935 133.503922 -1.97252107
v -56.8749504 132.874344 -2.41049314
v -73.1618958 131.783081 -3.40769315
v -75.0602112 131.829453 -3.29023337
v -75.0602112 130.613373 -3.11823559
v -73.1618958 130.61647 -3.24269128
v -73.1618958 132.755249 -3.90269542
v -75.0602112 132.84288 -3.80622387
v -70.853447 131.761902 -3.53067493
v -70.853302 132.714386 -4.00970459
v -70.8538589 130.627777 -3.37709641
v -73.1618958 129.44986 -3.40769291
v -75.0602112 129.397263 -3.29023337
v -70.8542633 129.497559 -3.54313183
v -73.1618958 128.477676 -3.90269518
v -70.8546295 128.55661 -4.02758741
v -75.0602112 128.383835 -3.80622387
v -76.7090759 129.345566 -3.18786883
v -76.7090759 130.613373 -3.00856137
v -76.7090759 128.289062 -3.72579455
v -78.2321243 129.294754 -3.08725882
v -78.2321243 128.195892 -3.64674354
v -78.2321243 130.613373 -2.90076256
v -76.7090759 131.881134 -3.18786931
v -78.2321243 131.931976 -3.08725953
v -76.7090759 132.937653 -3.72579479
v -78.2321243 133.030807 -3.64674425
v -5.33440018 124.199486 9.74696064
v -5.18283558 130.767838 10.1058474
v -10.493906 131.249603 9.88005543
v -10.9404011 124.234604 9.4955883
v -5.29978132 117.920174 7.67269135
v -10.8793097 117.820633 7.23499012
v -16.6291523 124.220909 8.20026398
v -15.8417645 132.02446 9.36242294
v -16.5854721 117.588203 5.51901484
v -21.9383259 124.699684 5.90397263
v -21.2227821 132.46756 7.5140276
v -14.9407263 139.307617 7.6016655
v -9.90022659 137.332687 9.00911617
v -19.8539639 140.1707 5.34010696
v -12.9767056 144.533234 4.38507175
v -15.9293575 147.425888 -0.630832553
v -9.11720276 141.738312 7.22236824
v -4.92209864 136.104111 9.52381229
v -4.60314989 139.945709 8.28913021
v -17.9214649 152.787323 -11.7278671
v -29.6505985 147.955872 -11.7387638
v -29.6832676 147.945236 -7.86446238
v -17.9800014 152.728073 -9.11041069
v -19.9305744 150.45401 -15.2788391
v -30.6428928 145.989044 -15.4014015
v -16.3392296 155.630188 -11.6440573
v -15.649848 153.902237 -15.8253736
v -17.0348129 154.778015 -8.54853058
v -19.1746616 149.101242 -5.60280514
v -30.5436497 146.171021 -3.98589969
v -17.1281281 152.108673 -5.53917313
v -23.6112938 144.921585 -0.283900619
v -31.7245922 142.834122 -0.296006471
v -37.6679344 142.823425 -4.4214468
v -37.4881516 144.138245 -7.56809807
v -37.7599602 140.174286 -1.76563931
v -37.4533157 143.979279 -10.7925739
v -37.5838127 142.155273 -13.653492
v -16.0947666 130.190063 -28.8283825
v -15.8286448 138.921783 -27.8409157
v -10.5997181 139.35817 -30.3290386
v -10.8911657 130.774368 -31.8546963
v -21.366394 129.689774 -26.6545868
v -20.7823639 138.131989 -25.2034283
v -5.374928 130.99527 -32.6571274
v -5.26982832 139.462662 -31.7712078
v -5.04648447 144.789459 -28.6871281
v -9.80678082 144.777832 -26.4410858
v -5.14917994 148.587509 -26.3927822
v -4.98716497 144.62352 -29.313158
v -4.99777508 115.511986 -30.335741
v -4.57274342 110.261971 -28.127697
v -9.84278584 148.947678 -23.6967621
v -14.5531301 145.210083 -23.4920826
v -13.7148046 150.878296 -20.0786438
v -18.5869999 146.171448 -20.9684029
v -26.8633957 129.818771 -24.1121063
v -32.3154755 129.848663 -20.72505
v -32.3448372 135.664841 -20.3488827
v -26.4070759 137.079147 -23.0524712
v -24.5538273 144.100616 -19.879755
v -31.9381199 141.468185 -18.5274849
v -37.5979729 138.583588 -15.7336102
v -37.379982 134.159653 -16.8544216
v -41.9196968 136.481049 -13.847949
v -41.4646149 133.091949 -14.6088638
v -37.0188789 129.801208 -16.9043465
v -40.9407806 129.679779 -14.5359755
v -16.8493309 153.789215 -5.08033562
v -16.7310505 154.987091 -4.90282726
v -16.5581036 156.743576 -7.81503487
v -16.748415 155.750595 -8.1028738
v -15.3208694 150.725342 -1.25667882
v -15.3571148 152.18071 -1.10983717
v -16.0266075 156.34227 -11.1887207
v -15.9182043 157.186554 -10.8395948
v -14.9710112 155.881683 -14.5701523
v -14.764926 156.771637 -14.1503153
v -25.9993858 139.415131 3.94716263
v -32.3195877 137.984894 2.31901121
v -32.6013451 132.305725 3.22420382
v -26.9511776 132.47641 5.65746355
v -27.4173737 125.725319 3.92580414
v -32.574852 127.076302 1.6385299
v -37.1591759 128.286652 -0.518800437
v -37.5081177 132.219742 0.487898678
v -37.6962128 136.441727 -0.0457655787
v -15.0736914 106.588745 -17.0262585
v -15.542181 106.736908 -12.6436186
v -17.8595467 110.1091 -13.3464375
v -17.3627434 110.227158 -18.6727295
v -13.1907997 103.028397 -15.4079771
v -13.6743402 103.271507 -11.8288059
v -20.0716877 114.009407 -20.1262836
v -20.5685349 113.425896 -13.7356968
v -20.0288219 113.489296 -7.28979015
v -17.2533321 110.212067 -7.97138929
v -18.5510445 113.322449 -1.51338625
v -15.6331158 110.255531 -3.40560317
v -15.0079479 106.89798 -8.23554039
v -13.480855 107.037544 -4.55153608
v -13.1093206 103.585281 -8.2560358
v -11.7852411 103.814964 -5.26358747
v -44.6580544 129.473694 -13.5723658
v -48.6811218 129.195328 -12.9164743
v -49.1402588 131.793381 -13.1631231
v -45.2016296 132.404755 -13.7468033
v -45.7229156 135.283112 -13.224905
v -49.6175308 134.350891 -12.7716932
v -53.4918785 133.54158 -12.0688934
v -53.1457481 131.295654 -12.3938503
v -57.1314163 132.849304 -10.9515772
v -56.9456711 130.992188 -11.2008286
v -52.8316002 129.02948 -12.1095772
v -56.7734032 129.143707 -10.9187851
v -73.1618958 133.338562 -6.70765781
v -75.0602112 133.450912 -6.7301774
v -75.0602112 133.65361 -5.6981926
v -73.1618958 133.533005 -5.71767616
v -73.1618958 132.755249 -7.53264189
v -75.0602112 132.84288 -7.59015846
v -70.8552094 133.282455 -6.75594568
v -70.8557281 132.708755 -7.56054306
v -70.8545837 133.475311 -5.78841352
v -73.1618958 133.338562 -4.72768927
v -75.0602112 133.450912 -4.66621161
v -70.8538742 133.286819 -4.81899643
v -76.7090759 133.571564 -4.62234163
v -76.7090759 133.782852 -5.69819212
v -78.2321243 133.690109 -4.57922268
v -78.2321243 133.909882 -5.69819212
v -76.7090759 133.571564 -6.77404594
v -78.2321243 133.690109 -6.81716633
v -76.7090759 132.937653 -7.67058754
v -78.2321243 133.030807 -7.74963999
v -73.1618958 129.44986 -8.0276165
v -75.0602112 129.397263 -8.10615253
v -75.0602112 130.613373 -8.27814484
v -73.1618958 130.61647 -8.19260025
v -73.1618958 128.477676 -7.53264046
v -75.0602112 128.383835 -7.59015751
v -70.8558121 129.500732 -8.02353382
v -70.8557053 128.563766 -7.54094028
v -70.8559341 130.627777 -8.1908865
v -73.1618958 131.783081 -8.02761745
v -75.0602112 131.829453 -8.10615253
v -70.8559647 131.759506 -8.03845978
v -76.7090759 131.881134 -8.20851231
v -76.7090759 130.613373 -8.38782024
v -78.2321243 131.931992 -8.30912781
v -78.2321243 130.613373 -8.49562359
v -76.7090759 129.345566 -8.20851231
v -78.2321243 129.294754 -8.30912781
v -76.7090759 128.289062 -7.67058659
v -78.2321243 128.195892 -7.74963856
v -73.1618958 127.894371 -4.72768831
v -75.0602112 127.77578 -4.66621065
v -75.0602112 127.573105 -5.69819164
v -73.1618958 127.699951 -5.71767521
v -70.8550339 127.993965 -4.82984304
v -70.8553696 127.809082 -5.78844309
v -73.1618958 127.894371 -6.70765638
v -75.0602112 127.77578 -6.73017597
v -70.8555984 128.00029 -6.74432898
v -76.7090759 127.655159 -6.77404499
v -76.7090759 127.443863 -5.69819164
v -78.2321243 127.536606 -6.8171649
v -78.2321243 127.316833 -5.69819164
v -76.7090759 127.655159 -4.62234068
v -78.2321243 127.536606 -4.57922125
v -60.5013657 127.119286 -5.04398346
v -64.4111481 127.690437 -5.03641605
v -64.4214096 127.497612 -6.160851
v -60.519886 126.866234 -6.44342566
v -60.503685 127.956169 -3.8215673
v -64.405777 128.353424 -4.06330061
v -60.5549583 127.172798 -7.81846428
v -64.4352188 127.73941 -7.26392651
v -60.6087265 128.01506 -8.99243927
v -64.4538727 128.400162 -8.2029295
v -67.9164429 127.994186 -6.90895653
v -67.913147 127.784843 -5.9353137
v -67.9195633 128.568253 -7.72870636
v -67.9094543 127.963997 -4.94869852
v -67.9059601 128.541672 -4.11100864
v -60.6750526 129.325134 -9.71140862
v -64.4747009 129.462463 -8.7888813
v -64.4935074 130.706055 -8.99611664
v -60.7446938 130.808853 -9.95948315
v -60.8131332 132.31221 -9.77119541
v -64.5107727 131.968292 -8.84726238
v -60.8709297 133.689209 -9.08546257
v -64.5224609 133.096817 -8.29918385
v -67.9258194 131.799957 -8.27945137
v -67.9245224 130.651169 -8.41758442
v -67.9249802 132.788895 -7.79210424
v -67.922493 129.516586 -8.23449516
v -60.8931885 134.599731 -7.87043571
v -64.5205688 133.818466 -7.32286263
v -64.5086441 134.061951 -6.15658569
v -60.8785667 134.912628 -6.4240303
v -60.8300476 134.633606 -4.96449709
v -64.4890213 133.836487 -4.98277617
v -60.7518082 133.73645 -3.71461129
v -64.4628372 133.124039 -3.98335576
v -67.9111328 133.408997 -4.91833353
v -67.9165878 133.604828 -5.93523216
v -67.9056168 132.80217 -4.0628252
v -67.9213715 133.398834 -6.94772005
v -60.6656189 132.337891 -3.01127839
v -64.4387741 131.984848 -3.41569638
v -64.42173 130.706024 -3.25987172
v -60.593914 130.80957 -2.83251524
v -60.5367355 129.300354 -3.08583188
v -64.4099731 129.443893 -3.47126842
v -67.9038239 129.50502 -3.59918761
v -67.9029846 130.651169 -3.42021608
v -67.9031143 131.807281 -3.5675528
v -4.94084311 92.6419678 -15.9757729
v -5.47535086 95.3244553 -17.5710201
v -3.36408424 98.3111877 -20.1526279
v -6.16769409 98.489563 -19.6051903
v -2.31475449 90.4080887 -15.6839409
v -4.08395481 105.811012 -25.4620857
v -9.01454926 98.8249207 -18.0806065
v -7.70761299 95.6034012 -16.5283947
v -10.8574142 99.0883789 -16.4468403
v -10.0925274 95.7161331 -14.8498774
v -6.90129757 92.8715744 -15.1933317
v -8.4182024 93.1453857 -14.0041714
v -9.99007988 93.3906403 -11.8558474
v -10.577157 93.8755417 -9.20402813
v -11.4610147 96.5722733 -9.92855453
v -11.1561604 96.1137924 -12.579464
v -8.90277767 91.3850784 -11.6200762
v -9.21081924 91.8708878 -9.54639339
v -12.0616388 99.3924484 -13.9309187
v -12.5042171 99.7602386 -10.8697186
v -12.0513878 100.128151 -7.90674734
v -10.9166918 97.0439529 -7.43323898
v -10.6243963 100.501289 -5.54058361
v -9.76055241 97.4221039 -5.33405685
v -10.108469 94.3825226 -6.92480659
v -8.9362812 94.7894287 -5.21534491
v -9.31067657 92.3357315 -7.06528282
v -8.48643494 92.7540741 -5.17844057
v -7.45892334 95.0135574 -3.93298602
v -5.4345355 95.1492996 -3.05064201
v -5.77953863 97.7705994 -2.9056778
v -7.98324299 97.6576996 -3.85588121
v -7.00424385 93.0214386 -3.98457122
v -5.09240246 93.1613083 -3.19551897
v -8.67731476 100.69873 -4.00815725
v -6.22260571 100.808334 -2.91268373
v -9.59597111 103.952766 -3.46811795
v -6.75780964 104.021675 -2.57038474
v -3.30127454 100.855927 -2.46758819
v -3.15185404 97.8293228 -2.59815383
v -3.49916482 104.042633 -2.18103147
v -2.9560287 95.1995468 -2.70307326
v -2.76108837 93.2124481 -3.03579021
v -10.9827414 107.107399 -2.31945848
v -7.74318171 107.113785 -1.14114869
v -8.89052868 110.082283 1.09198344
v -12.7740145 110.143837 -0.470578492
v -14.9275665 113.297432 2.17282844
v -10.058033 113.350067 4.00596428
v -4.99485207 113.42308 4.54151869
v -4.5225544 110.080757 1.60695076
v -3.99116993 107.11013 -0.730533302
v -75.6206055 128.788925 -3.86279488
v -75.5412445 128.664841 -5.69819164
v -75.4569244 130.773743 -5.69819212
v -75.5412445 130.759033 -3.73600578
v -76.3572998 127.000351 -3.99766636
v -76.2940521 126.742714 -5.69819117
v -76.3572998 128.78833 -2.35466838
v -76.875145 127.441933 -2.85896039
v -76.2940521 130.627563 -2.12230611
v -75.6206055 132.701401 -3.86279535
v -75.5412445 132.853195 -5.69819212
v -76.3572998 132.444717 -2.35466909
v -76.3572998 134.232712 -3.99766731
v -76.875145 133.610291 -2.85896111
v -76.2940521 134.512436 -5.6981926
v -75.6206284 132.713165 -7.53358746
v -75.5412598 130.759018 -7.66038084
v -76.3572998 134.274734 -7.39871645
v -76.3572998 132.486755 -9.04171944
v -76.8751526 133.694916 -8.5374279
v -76.2940521 130.627563 -9.27407742
v -75.6206207 128.777176 -7.53358746
v -76.3572998 128.746307 -9.04171848
v -76.3572998 126.958313 -7.39871502
v -76.8751526 127.357307 -8.53742695
v -97.7829056 130.794113 -10.8084307
v -99.2665329 131.076859 -10.7466869
v -99.2650223 132.800323 -11.1030798
v -97.7829056 132.6539 -11.1734514
v -97.7829056 129.302246 -9.71338177
v -99.2570877 129.686569 -9.67013454
v -96.0566101 130.253265 -10.9666405
v -96.0566101 128.607437 -9.8376894
v -96.0566101 132.311539 -11.3429632
v -97.7829132 134.513657 -10.8084354
v -99.2663193 134.520966 -10.7573519
v -96.0566101 134.369812 -10.9666414
v -97.7829132 136.005524 -9.71338081
v -96.0566101 136.015625 -9.8376894
v -99.2570877 135.89122 -9.6701355
v -100.625099 134.541855 -11.0829086
v -100.631989 132.826752 -11.3732691
v -100.625267 135.780792 -9.84297085
v -101.982864 134.48674 -11.8181028
v -102.18116 135.843277 -10.4477873
v -102.030617 132.794434 -12.0342064
v -100.664001 131.16275 -10.918642
v -102.143692 131.198715 -11.5418558
v -100.626198 129.815979 -9.82104969
v -102.208778 129.686935 -10.377635
v -104.871155 129.541794 20.7542362
v -104.050453 129.541794 21.2503605
v -104.144424 130.11322 21.6670513
v -105.020218 130.125519 21.1146641
v -104.513641 129.388443 19.7267094
v -103.809418 129.381851 20.142149
v -105.659393 129.541855 19.6459446
v -105.091049 129.392883 19.0824261
v -105.994751 130.269272 19.9933968
v -105.001678 131.509933 20.8986187
v -104.086449 131.500793 21.3751564
v -105.955284 131.687149 19.8653011
v -105.093254 132.879257 20.3768959
v -105.646744 132.428802 19.4913025
v -104.051537 133.062668 20.9157658
v -103.064339 131.581024 21.3227787
v -103.114891 130.163467 21.5409088
v -102.871552 132.999161 20.8627472
v -101.769135 131.805099 20.7972641
v -101.939743 132.629318 20.3502712
v -101.766014 130.368668 20.9340897
v -103.104012 129.537537 21.1383553
v -101.965858 129.535278 20.4725437
v -102.992111 129.377518 20.0706177
v -102.314621 129.374298 19.7055702
v -83.4264679 127.273834 -0.436761141
v -80.782753 127.701134 -1.02808559
v -80.7740707 129.938858 -0.695583582
v -83.4167023 129.747833 -0.0624678805
v -83.4372025 125.244179 -1.66309333
v -80.7914505 125.804962 -2.02747607
v -86.2451172 127.302483 -0.316248149
v -86.2247086 125.475777 -1.73849785
v -86.1565323 129.791351 0.49303022
v -83.413826 132.225281 -0.434448928
v -80.782753 132.173569 -1.02808511
v -86.1182938 132.441315 0.0885633826
v -83.4158401 134.350586 -1.5591985
v -86.1161118 134.707306 -1.14753401
v -80.7914429 134.066711 -2.02747726
v -78.2498779 132.270142 -1.50107026
v -78.2151489 130.29213 -1.20558417
v -78.2845993 133.930969 -2.39506721
v -78.2498779 128.302002 -1.50106966
v -78.2845993 126.629005 -2.39506626
v -97.7829056 128.546173 -7.88829613
v -97.8257523 128.368256 -5.52295256
v -99.2341461 128.738693 -5.53854561
v -99.2226791 128.97052 -7.86604786
v -96.0566101 127.78653 -7.95610285
v -96.0974884 127.665222 -5.54040384
v -100.48864 129.134415 -7.95238733
v -100.416855 128.916809 -5.57107973
v -101.574371 129.127106 -7.98017597
v -101.409157 128.966537 -5.61259842
v -100.576241 128.961823 -2.93554401
v -99.3621826 128.80101 -2.89174795
v -101.612312 129.046356 -3.07382274
v -100.881294 129.099792 -0.208168358
v -102.300179 129.557739 -0.0626252145
v -99.6215973 128.930984 -0.111542627
v -97.9542084 128.610779 -2.807127
v -98.2383194 128.93898 0.046947863
v -96.2201157 128.118225 -2.80913353
v -96.5128632 129.154526 0.247458473
v -83.4113998 136.029846 -7.94011784
v -83.4146118 136.330139 -5.68353319
v -80.7740707 135.764633 -5.6981926
v -80.782753 135.473541 -7.70074415
v -86.1074753 136.59613 -8.14010048
v -86.1150208 136.886139 -5.65948772
v -83.4102478 134.765228 -9.83374119
v -86.1055374 135.235107 -10.2432289
v -80.7914429 134.357452 -9.36890984
v -78.2498779 135.078903 -7.50126743
v -78.2151489 135.360641 -5.69819212
v -78.2846069 134.09494 -9.00131702
v -78.2498779 134.969589 -3.89512038
v -80.782753 135.279709 -3.69564295
v -83.4166718 135.747391 -3.43648171
v -86.1179581 136.227249 -3.20500731
v -119.799782 129.656647 -23.5263615
v -120.586205 129.653992 -23.032341
v -121.063942 129.778519 -23.3699284
v -120.12886 130.116409 -23.8750362
v -118.980133 129.519165 -22.6747837
v -119.635536 129.526382 -22.2683315
v -118.410088 129.645187 -23.6655369
v -118.121681 129.516815 -22.8790627
v -118.599304 130.242279 -24.1350269
v -119.926636 131.142136 -23.7254353
v -120.739067 130.775238 -23.1139374
v -118.530106 131.535873 -24.1899681
v -119.429535 132.621155 -23.5169106
v -118.477348 132.669846 -24.1206093
v -120.121201 132.316437 -22.601223
v -121.0961 130.760773 -22.1605377
v -121.345253 129.778717 -22.3216572
v -120.441948 132.21907 -21.624445
v -121.041512 131.487 -20.7563457
v -120.575378 132.183853 -20.6537666
v -121.200195 130.252777 -20.7702408
v -120.845528 129.64769 -22.0968571
v -120.632439 129.627151 -20.7437973
v -119.857498 129.52034 -21.5303497
v -119.750305 129.509033 -20.7563725
v -102.486343 129.00769 -3.44189143
v -103.316818 128.961731 -3.86977696
v -103.074844 128.931198 -5.68743372
v -102.246361 128.951721 -5.65513849
v -103.286339 129.171143 -1.34732592
v -104.092026 129.074722 -2.08502913
v -102.473549 129.037781 -7.78227806
v -103.313614 128.969269 -7.48356152
v -103.26712 129.20372 -9.79073715
v -104.087219 129.081528 -9.24678421
v -104.222168 129.024597 -7.20889854
v -104.040871 128.963715 -5.69819498
v -104.882828 129.208939 -8.73890781
v -105.460136 129.243149 -6.98729181
v -105.825348 129.662827 -8.31073189
v -105.359032 129.118164 -5.69819593
v -104.222168 129.024597 -4.18749475
v -105.460136 129.23056 -4.40910339
v -104.882843 129.208939 -2.65748429
v -105.825348 129.662369 -3.08566165
v -102.473549 135.752304 -7.78227901
v -103.313614 135.355148 -7.48356199
v -103.074844 135.334885 -5.68743515
v -102.246361 135.781921 -5.65514135
v -103.268578 135.76239 -9.79026127
v -104.087219 135.426544 -9.24678516
v -101.574394 136.095398 -7.98017645
v -101.409157 136.21756 -5.61260176
v -102.486366 135.799988 -3.44189382
v -103.316818 135.367081 -3.86977911
v -101.612312 136.208115 -3.07382512
v -103.286339 135.797745 -1.34732699
v -102.327408 135.953735 -0.047340706
v -104.092026 135.437988 -2.08503079
v -104.222168 134.91452 -4.18749666
v -104.040871 134.941666 -5.69819641
v -104.898163 134.923508 -2.66811991
v -105.463013 134.576141 -4.40636587
v -105.922012 134.278519 -3.07936049
v -105.359032 134.678864 -5.69819689
v -104.222168 134.91452 -7.20889902
v -105.463013 134.576141 -6.99002886
v -104.898132 134.923523 -8.72821331
v -105.922005 134.278549 -8.31703949
v -126.119423 129.659485 -6.63969707
v -126.481956 129.661362 -5.69819593
v -126.975296 130.099792 -5.69819593
v -126.570976 130.117493 -6.72101688
v -124.92646 129.52179 -6.47327805
v -125.19912 129.526123 -5.69819593
v -125.087875 129.647705 -7.65419245
v -124.371841 129.511292 -7.19186831
v -125.533028 130.247437 -7.92048597
v -126.318565 131.342026 -6.73508692
v -126.619339 131.292694 -5.69819641
v -125.394638 131.504242 -7.9017868
v -125.643814 132.538284 -6.83377886
v -124.949593 132.209503 -7.6293087
v -125.928329 132.608826 -5.69819641
v -126.318565 131.342026 -4.66130924
v -126.570976 130.117493 -4.67537498
v -125.643814 132.538284 -4.56261206
v -125.394638 131.504242 -3.49460459
v -124.949593 132.209503 -3.76708221
v -125.532349 130.246826 -3.47678661
v -126.119354 129.659485 -4.75675011
v -125.08728 129.646118 -3.74337196
v -124.926422 129.521194 -4.92315674
v -124.371735 129.510529 -4.2050066
v -100.488647 136.373917 -7.95238876
v -100.416855 136.576553 -5.57108259
v -99.2341461 136.835785 -5.53854799
v -99.2226868 136.593964 -7.86604881
v -97.7829132 136.761597 -7.88829756
v -97.8257523 136.972137 -5.52295494
v -96.0566101 136.836517 -7.95610428
v -96.0974884 136.999786 -5.54040575
v -97.9542236 136.827454 -2.80712938
v -99.3621979 136.8284 -2.89175105
v -96.2201157 136.672623 -2.8091352
v -98.2383347 136.66684 0.046946574
v -96.5128632 135.953705 0.24745746
v -99.6216125 136.802841 -0.111543857
v -100.576241 136.586441 -2.93554688
v -100.881294 136.56459 -0.208105236
v -88.5454559 125.292389 -7.65126562
v -88.4596329 125.273651 -5.80157137
v -91.2837143 125.642288 -5.71476603
v -91.2806778 125.821365 -7.88554382
v -86.2205429 123.794121 -7.87077951
v -86.1231918 123.824074 -5.73488569
v -88.7772903 125.746239 -9.50798512
v -86.2498322 124.644218 -9.91961384
v -91.4516144 126.514679 -9.84698772
v -93.9311218 126.616707 -8.00643253
v -93.9552612 126.489342 -5.60701084
v -93.9311218 127.546585 -9.92996502
v -94.0276566 127.050446 -3.02522755
v -91.3329086 126.219292 -3.46507096
v -94.0473251 128.200989 -0.824752927
v -91.4119492 127.429535 -1.64005005
v -88.506897 125.795174 -3.91502094
v -88.6732101 126.762459 -2.29562449
v -86.1222 124.402824 -3.65599442
v -119.916451 131.335327 12.3370132
v -120.762794 131.289749 11.7361374
v -121.045425 130.098312 11.9526548
v -120.129532 130.115433 12.4883604
v -119.322845 132.546509 12.0263948
v -120.219482 132.607895 11.3207817
v -118.495354 131.53952 12.650342
v -118.294548 132.20491 12.1996479
v -118.595505 130.574997 12.7606258
v -119.807495 129.664322 12.1501675
v -120.654457 129.661758 11.6529236
v -118.388046 129.792038 12.3398504
v -118.958717 129.5224 11.3288546
v -118.110886 129.518234 11.5542755
v -119.635735 129.526382 10.8719797
v -120.914566 129.66423 10.7060575
v -121.32486 130.115692 10.9290829
v -119.900871 129.522232 10.0998163
v -120.729095 129.790939 9.28585434
v -119.898239 129.518143 9.22269535
v -121.189087 130.577347 9.37488461
v -121.123642 131.337006 10.762702
v -121.055023 131.547409 9.29846764
v -120.669426 132.548965 10.2637148
v -120.558983 132.193359 9.20079613
v -88.8958206 127.50489 -11.2724237
v -91.504425 128.436661 -11.12251
v -91.5063248 130.973541 -11.5090227
v -88.8785019 130.2995 -11.6929588
v -86.1751175 126.855507 -11.4738426
v -86.1283035 129.836731 -11.8906746
v -88.8688126 133.081467 -11.2978325
v -91.5076599 133.510895 -11.1209526
v -86.1146927 132.777435 -11.4887161
v -88.8633957 135.356308 -10.0943375
v -91.5083237 135.549713 -9.95961857
v -93.9311218 134.002243 -11.0840836
v -93.9311218 131.697601 -11.4687881
v -93.9311218 135.848602 -9.92996311
v -93.9311218 129.392944 -11.0840836
v -118.189682 132.90184 -2.36679411
v -121.18943 132.398804 -1.55225289
v -120.998077 131.312515 -1.68765855
v -118.127113 131.804123 -2.42260599
v -118.233955 133.854965 -3.19887877
v -121.359764 133.422256 -2.61082959
v -115.161156 133.307388 -2.69974709
v -115.170395 134.280212 -3.36766744
v -115.152885 132.167892 -2.62133694
v -118.110008 130.877228 -2.82297254
v -120.864067 130.23912 -2.37981772
v -115.151031 131.18074 -3.004462
v -118.110825 129.933823 -3.49292541
v -115.151459 130.131958 -3.60393858
v -120.816948 129.640076 -3.34720135
v -123.34417 129.969193 -2.59153771
v -123.729942 130.960739 -2.14305663
v -123.067627 129.522995 -3.69868231
v -123.863258 131.900772 -2.15254641
v -123.89373 132.741058 -3.00733185
v -104.13755 131.36058 2.0079546
v -104.099144 132.590561 2.62118411
v -105.697693 132.539505 3.563447
v -105.875793 131.459198 3.23617744
v -103.024635 131.278793 1.88637483
v -103.29261 132.603104 2.55446768
v -104.228394 129.934875 1.23118401
v -106.127098 130.230225 2.7649951
v -107.900909 131.431519 4.90798998
v -107.674461 132.608795 5.19497299
v -108.222687 130.227997 4.48925304
v -110.157539 131.281509 6.71908522
v -110.489624 130.154755 6.28663206
v -109.934494 132.309799 7.01328897
v -107.703552 133.924057 5.16099787
v -105.571213 133.84227 3.63388824
v -109.978203 133.464569 6.97949123
v -108.040009 135.062881 4.73889303
v -110.345825 134.525482 6.5422821
v -105.669411 135.475418 3.37396693
v -103.970161 133.91539 2.36942172
v -104.139107 135.024597 1.46552014
v -103.17749 134.08609 2.21080375
v -106.139626 129.451385 -1.08885717
v -105.45282 129.422928 -0.387621552
v -107.257843 129.750519 1.28572369
v -107.87944 129.760803 0.523584545
v -106.739677 129.810318 -1.57554984
v -108.404358 130.114517 -0.087116085
v -109.989243 129.759857 2.18502474
v -109.365761 129.748245 2.99828267
v -110.50882 130.149673 1.50731122
v -112.300499 129.752823 3.9245832
v -112.83313 130.11377 3.22986269
v -111.661385 129.740524 4.75824785
v -108.742256 129.763168 3.81153822
v -106.629517 129.764694 2.07540584
v -111.022247 129.754669 5.59191179
v -104.739159 129.425476 0.423778296
v -107.444359 133.077057 -1.96860778
v -107.564728 131.993027 -1.90218699
v -109.006294 132.107513 -0.702519357
v -108.945732 133.223755 -0.693168998
v -106.962059 133.102875 -2.6010859
v -107.121109 131.910492 -2.51957488
v -106.88063 134.064117 -1.72068632
v -108.596428 134.27771 -0.365148038
v -111.018005 133.596985 0.827523768
v -111.054634 132.341797 0.786549151
v -110.683273 134.706833 1.26399612
v -113.364967 133.315491 2.55242372
v -113.029114 134.355148 3.01771712
v -113.393387 132.172287 2.50129533
v -110.838722 131.242661 1.07595611
v -108.769394 131.166931 -0.455198199
v -113.1688 131.182831 2.79141212
v -107.234299 130.949356 -1.77564728
v -106.716751 130.807404 -2.67730975
v -104.741844 135.35849 0.430913329
v -105.469086 135.152954 -0.393653512
v -107.385483 136.366501 1.07248843
v -106.509674 136.437851 2.23430634
v -108.631645 136.264938 3.99205256
v -109.456337 136.765945 2.89582253
v -111.00296 135.746765 5.87381649
v -111.873459 136.327164 4.83434677
v -110.194504 136.015625 1.90056241
v -108.099739 135.579666 0.161755994
v -112.587158 135.630341 3.7580626
v -106.171867 134.723053 -1.12899518
v -113.380295 135.742218 -19.3026295
v -115.898941 135.27713 -21.4908752
v -116.801353 134.661423 -20.0783672
v -114.212914 135.311371 -18.0780544
v -112.444412 134.5784 -20.2913322
v -114.662399 133.838303 -22.5838585
v -110.998077 136.217224 -17.3962402
v -110.125648 135.143372 -18.3594456
v -111.802979 135.845825 -16.2054768
v -114.844467 134.388519 -17.0824642
v -117.510201 133.864792 -18.8639393
v -112.375916 134.885117 -15.2699451
v -115.531418 133.82579 -16.1649876
v -112.959 134.198853 -14.4861755
v -118.401855 133.396851 -17.5443096
v -119.499939 133.106064 -20.5757141
v -119.067879 133.865234 -21.833292
v -120.179108 132.716446 -19.3811741
v -118.286255 134.366364 -23.1472206
v -117.031219 133.250061 -24.0173512
v -107.713699 133.059845 -8.61872005
v -107.848015 131.984909 -8.6771841
v -109.719887 132.097015 -8.62988663
v -109.674957 133.193634 -8.55645466
v -106.962051 133.102875 -8.79531574
v -107.121124 131.910492 -8.87682629
v -107.435867 133.966934 -7.96124172
v -109.595673 134.154419 -7.96899271
v -112.245949 133.574463 -8.63155746
v -112.25219 132.3405 -8.71013737
v -112.241753 134.604721 -7.99422646
v -115.161156 133.307388 -8.69664955
v -115.170395 134.280212 -8.02872658
v -115.152885 132.167892 -8.77505875
v -112.257935 130.732483 -8.33284378
v -109.68644 131.173096 -8.27065277
v -115.151031 130.716919 -8.39192963
v -112.258812 129.797119 -7.74119139
v -115.151459 129.791 -7.79245806
v -109.627106 130.14122 -7.69373226
v -107.6726 130.976379 -8.34597874
v -107.425865 130.143768 -7.78357697
v -106.716743 130.80899 -8.71908379
v -107.281197 134.402359 -4.51570463
v -107.249191 134.563156 -5.69819736
v -109.42865 135.959076 -5.69819784
v -109.487808 135.332718 -4.37152433
v -107.435883 133.966934 -3.43515301
v -109.595673 134.154419 -3.42740154
v -112.213799 135.824661 -4.34871721
v -112.1922 136.496536 -5.69819784
v -112.241753 134.604721 -3.40217304
v -115.248909 135.505981 -4.32663393
v -115.311119 136.204544 -5.69819736
v -112.213799 135.824661 -7.04767656
v -109.487801 135.332718 -7.02486992
v -115.248909 135.505981 -7.06976366
v -107.281197 134.402359 -6.88069105
v -107.672607 130.968536 -3.05041838
v -107.84803 131.984909 -2.71921563
v -109.719887 132.097015 -2.76650739
v -109.68644 130.648529 -3.12573886
v -107.425865 129.857788 -3.61282063
v -109.627106 129.795486 -3.70266581
v -112.257935 130.732483 -3.06354976
v -112.25219 132.3405 -2.6862607
v -112.258812 129.797119 -3.65520167
v -112.245949 133.574463 -2.76483655
v -109.674934 133.193634 -2.83994532
v -107.713699 133.059845 -2.77767539
v -107.288406 129.584045 -6.84774065
v -107.24379 129.447235 -5.69819641
v -109.581573 129.748917 -5.69819641
v -109.592743 129.760315 -6.78968811
v -112.258812 129.759338 -6.81255674
v -112.258812 129.74675 -5.69819641
v -115.151459 129.752274 -6.84052324
v -115.151459 129.739365 -5.69819593
v -112.258812 129.759338 -4.58383703
v -109.592743 129.760315 -4.606709
v -115.151459 129.752274 -4.55587339
v -107.288406 129.464661 -4.54865122
v -115.644432 130.504105 4.43011713
v -118.138252 130.26564 5.73974752
v -118.515938 131.365463 5.39666033
v -115.885994 131.823135 4.14679718
v -115.241257 129.727585 4.95497751
v -117.503967 129.629471 6.50328016
v -115.880264 132.861145 4.22091198
v -118.717148 132.331619 5.36167097
v -115.556557 133.863647 4.7403059
v -118.370735 133.336823 6.13131189
v -120.506721 131.870621 7.33901453
v -120.505295 130.989548 7.24763775
v -120.146698 132.680969 7.93438387
v -119.995773 129.998291 7.37859583
v -119.126671 129.535263 8.06129074
v -103.666649 134.043976 -13.0856524
v -103.697853 132.66835 -13.2306118
v -105.590317 132.535202 -14.8244352
v -105.596252 133.754776 -14.7620134
v -104.03875 135.077957 -12.4079361
v -105.986641 134.642014 -14.213973
v -107.616592 133.973648 -16.661747
v -107.673195 132.608887 -16.5903378
v -107.762466 135.678101 -16.5049171
v -109.894524 133.512695 -18.4853821
v -109.934494 132.309799 -18.4096909
v -107.900787 131.431519 -16.3043041
v -105.805458 131.463043 -14.5165901
v -110.157539 131.281509 -18.1154881
v -108.222679 130.228012 -15.8856487
v -110.489624 130.154755 -17.6830311
v -106.105759 130.229263 -14.0784254
v -103.872475 131.357315 -12.8346691
v -104.14386 129.89537 -12.2905626
v -106.167648 134.71257 -10.2702036
v -105.449928 135.097931 -10.9651127
v -107.257217 134.919434 -12.6708641
v -107.90049 134.658447 -11.8858671
v -106.880615 134.06073 -9.67571259
v -108.519676 134.088715 -11.1452179
v -110.051071 135.28569 -13.4960032
v -109.426796 136.302124 -14.3251619
v -110.620369 134.49794 -12.7482481
v -108.581329 136.721954 -15.4628
v -106.607132 134.971481 -13.4457817
v -104.715919 135.328094 -11.6533756
v -107.234291 130.949371 -9.62075043
v -107.564713 131.993027 -9.49421024
v -109.006287 132.106766 -10.6938772
v -108.769379 131.166931 -10.9412012
v -106.739655 129.810333 -9.8208456
v -108.40435 130.114532 -11.3092813
v -110.838715 130.717163 -12.4723539
v -111.054626 132.21962 -12.1829491
v -110.508804 129.797409 -12.9037104
v -113.168793 130.701904 -14.1878109
v -112.83313 129.79126 -14.6262627
v -113.393387 132.172287 -13.8976994
v -111.017998 133.421799 -12.2239275
v -108.945732 133.114288 -10.703229
v -113.364967 133.231995 -13.9488258
v -107.444344 133.07341 -9.42779064
v -104.726318 129.408035 -11.647953
v -105.449608 129.418503 -10.9657183
v -107.257019 129.750626 -12.6713572
v -106.626297 129.765121 -13.4287491
v -108.742249 129.763184 -15.2079372
v -109.365723 129.748245 -14.3946829
v -111.022224 129.754669 -16.9883137
v -111.661362 129.740524 -16.1546497
v -109.989227 129.759872 -13.5814266
v -107.879417 129.760818 -11.919982
v -112.300499 129.752823 -15.3209848
v -106.13961 129.451385 -10.3075428
v -105.265526 130.592087 13.2111092
v -106.186516 130.281647 15.5941906
v -106.623184 131.434967 15.5924463
v -105.630104 131.948608 13.1495371
v -104.572311 129.6362 13.3645802
v -105.226601 129.553268 15.7627764
v -104.44146 130.888641 10.6318092
v -103.877083 129.687332 10.7573891
v -104.794632 132.430649 10.554925
v -105.552116 133.131363 13.2147741
v -106.738701 132.484314 15.7105875
v -104.736183 133.770111 10.582139
v -104.895851 134.242554 13.4172392
v -104.052086 134.94342 10.7415733
v -106.063522 133.56604 16.0488834
v -106.824997 131.992874 18.1559334
v -106.923668 131.054092 18.0820599
v -106.181786 132.877548 18.3547077
v -106.443344 129.95462 17.8345032
v -105.350586 129.437195 17.8105087
v -103.155403 134.068436 3.40194154
v -103.210854 132.661255 3.66226244
v -103.552887 132.686127 5.74051857
v -103.504272 134.095657 5.69262409
v -102.404572 135.3918 3.02772427
v -102.890732 135.280502 5.73191118
v -104.098656 134.254684 8.01180744
v -104.150589 132.711914 7.99791288
v -103.441956 135.520462 8.16539001
v -103.80407 131.025269 8.08019352
v -103.207497 131.463745 5.75741768
v -103.254036 129.702469 8.2026329
v -102.669502 130.186111 5.77936506
v -102.842186 131.358871 3.40007925
v -102.257301 130.169693 3.03407478
v -98.9100189 136.278 3.31737947
v -100.136925 136.402771 3.13031435
v -100.845985 137.594818 6.06868649
v -99.3618317 136.965836 6.37947226
v -97.8755264 135.606079 3.59668493
v -98.512413 135.630478 6.61181116
v -99.9228668 137.384491 8.95337772
v -101.432846 137.984299 8.63883114
v -99.0385742 136.033249 9.1390667
v -100.52655 136.860001 11.691781
v -99.583374 135.529358 11.7396669
v -102.083275 137.43718 11.4701881
v -102.721046 136.976456 8.34822559
v -102.162743 136.688293 5.83377647
v -103.335884 136.392517 11.0446978
v -101.315117 136.120972 2.98645377
v -97.301712 131.166733 4.00634718
v -97.126564 132.697998 4.24770927
v -97.8883667 132.732986 6.85991812
v -98.1971283 131.31395 6.74887657
v -95.8617096 130.662125 1.54477525
v -95.6991043 132.409576 1.92583549
v -97.8782043 129.932922 3.59454942
v -98.7344208 129.999893 6.57410431
v -98.6954803 130.966812 9.21626568
v -98.3937225 132.715561 9.28040409
v -99.2425003 129.671982 9.0946312
v -99.2020798 130.75145 11.7969637
v -99.760994 129.646942 11.6725063
v -98.9047928 132.459686 11.8638754
v -98.3940964 134.563568 9.27869701
v -97.8983002 134.309814 6.81693554
v -98.9043961 134.129318 11.8761702
v -97.2642288 134.289185 4.02192593
v -95.8647156 134.220718 1.55048966
v -101.303864 129.488586 2.98914027
v -100.136093 129.248093 3.12636971
v -100.718239 129.632034 6.14033937
v -101.784683 129.6548 5.92616796
v -102.342323 129.643875 8.40536022
v -101.248268 129.615616 8.648633
v -102.940559 129.625946 10.965661
v -101.818939 129.594864 11.215065
v -100.154213 129.623154 8.89190483
v -99.6381607 129.641144 6.36378956
v -100.697334 129.599213 11.4644575
v -98.9093018 129.341614 3.31524277
v -104.05423 135.665054 13.7472639
v -104.979477 134.851837 16.5991421
v -103.5625 135.957138 17.2554131
v -102.758926 136.733322 14.2308512
v -101.124985 136.084961 14.4440165
v -101.719017 135.133881 17.3893986
v -100.007935 134.776917 14.5093517
v -100.099319 134.021286 17.4668217
v -102.418861 134.259277 19.8600826
v -104.043526 134.826828 19.890564
v -101.006088 133.181442 19.6198235
v -105.329765 134.034378 19.1462746
v -115.037659 135.164078 5.59158039
v -117.729218 134.546097 7.42250347
v -116.931999 135.37851 8.77583313
v -114.281349 135.859039 6.72102833
v -113.3909 135.205048 7.77366209
v -115.857986 134.570572 9.8950634
v -112.674774 133.938141 8.52649117
v -114.773193 133.403992 10.9098721
v -118.147705 133.815536 11.5031891
v -119.271851 134.429352 10.5914497
v -116.993538 132.722214 12.1482077
v -119.870171 133.789612 9.22549152
v -115.974266 132.892548 -15.510087
v -118.858986 132.374481 -16.6494827
v -118.616982 131.322159 -16.6658134
v -115.883865 131.81543 -15.5379467
v -115.649139 130.502151 -15.8288374
v -118.081322 130.217102 -17.1531029
v -115.240807 129.722107 -16.3689995
v -117.462898 129.618744 -17.9229565
v -119.837532 129.719406 -18.8805637
v -120.47287 130.560318 -18.6646938
v -118.976418 129.50322 -19.5748329
v -120.624115 131.877686 -18.7224216
v -118.668785 128.486877 10.95644
v -117.951172 128.472443 11.1472425
v -101.711777 129.373245 18.6225147
v -101.927681 128.276535 18.4206562
v -101.335648 128.545731 16.8013802
v -101.012337 129.450958 16.709444
v -118.1213 129.65715 -4.55657101
v -118.12574 129.644791 -5.69820881
v -104.787987 128.34462 18.8099403
v -104.299248 128.329193 19.355278
v -118.125793 129.654694 -6.80675983
v -118.123062 129.719131 -7.86300755
v -119.241852 128.500656 10.5697269
v -100.753273 128.928635 14.7643089
v -100.324303 129.561478 14.3027782
v -114.021591 129.645523 6.56793976
v -114.489853 128.913406 6.92666006
v -115.020721 128.947098 6.22867489
v -114.648766 129.655258 5.74331617
v -118.717979 128.937485 -6.64352322
v -118.715668 129.16069 -7.53756237
v -119.466248 128.486267 9.91614532
v -113.38662 129.656219 7.38872147
v -113.952415 128.950424 7.62139368
v -124.47422 128.475021 -5.04918623
v -124.00473 128.438095 -4.44132423
v -119.464027 128.472122 9.17372322
v -123.06736 129.526794 -7.69822693
v -122.900665 128.4944 -7.3980875
v -124.004822 128.440704 -6.969491
v -99.1515503 133.476807 14.6457529
v -99.1003342 132.711243 17.4523697
v -99.3809128 131.273071 17.1965275
v -99.2525711 131.858231 14.5570974
v -99.5906601 129.76535 14.4636545
v -99.9309616 129.720459 17.008913
v -100.68309 129.626602 19.1398525
v -100.161781 130.790421 19.5791855
v -100.175758 132.131485 19.6992626
v -114.64283 129.655365 -17.1543427
v -116.796333 129.537399 -18.8876343
v -116.245079 129.540009 -19.6686134
v -114.021782 129.645554 -17.9643402
v -113.372787 129.659927 -18.8052959
v -115.573166 129.537766 -20.4642048
v -112.758095 129.953842 -19.5949764
v -114.744484 129.744507 -21.4313965
v -117.52919 129.468948 -21.7260761
v -118.17305 129.461395 -21.1470909
v -116.718056 129.544342 -22.5099125
v -118.554443 129.469238 -20.3990116
v -118.717926 128.903168 -5.7052145
v -124.705055 128.492065 -5.70520306
v -101.316605 129.513336 14.091754
v -102.409035 129.51123 13.8491545
v -104.3489 129.187469 13.970191
v -104.902725 128.900208 16.0000935
v -103.501701 129.538437 13.6061993
v -120.852806 129.625626 -7.99732065
v -121.026215 128.836807 -7.65124798
v -112.777008 129.731644 8.16681576
v -113.436409 129.211685 8.27999496
v -118.714172 128.94603 -4.73889828
v -116.831566 128.532288 10.7720642
v -116.788147 129.535507 11.1110287
v -124.474258 128.477066 -6.36125517
v -105.007675 128.498077 17.7333546
v -115.198845 128.864487 9.78933048
v -114.859192 129.631409 9.94999409
v -112.165489 132.948303 9.09544277
v -114.013275 132.381882 11.5859375
v -113.966698 131.329559 11.3504267
v -112.161522 131.86264 8.99133778
v -112.37706 130.537735 8.68381882
v -114.293961 130.25293 10.7441826
v -116.370102 129.985962 12.1190138
v -116.386787 130.953842 12.6613417
v -116.470421 131.881577 12.7466698
v -118.119339 130.506943 -8.58373737
v -120.894318 130.239532 -9.01772118
v -121.010651 131.323547 -9.71286011
v -118.130852 131.815857 -8.97556973
v -118.189705 132.90184 -9.029603
v -121.189354 132.398865 -9.84412193
v -118.233955 133.854965 -8.19750404
v -121.359764 133.422256 -8.78556347
v -123.863297 131.900848 -9.24379444
v -123.730164 130.960968 -9.25430584
v -123.89373 132.741058 -8.38906097
v -123.34404 129.971237 -8.80634975
v -118.705315 129.904434 -3.8385973
v -103.442719 128.848785 14.1747036
v -102.517845 128.754547 14.3803482
v -115.522217 129.197617 5.56140184
v -117.437462 128.857788 6.87193012
v -122.900894 128.481232 -4.01275587
v -101.593193 128.761871 14.5856915
v -118.810951 128.531433 8.19067669
v -120.995857 128.886871 -3.7152524
v -103.011368 128.291367 19.6463757
v -102.437943 128.280243 19.3373852
v -112.378609 130.924774 -20.0826988
v -114.254288 130.514893 -22.1311874
v -113.959099 131.298599 -22.7257404
v -112.161896 131.850525 -20.3860226
v -112.131706 132.96582 -20.5266438
v -114.013306 132.382126 -22.982378
v -116.46936 131.886307 -24.1707592
v -116.370506 130.943924 -24.0482483
v -116.314102 129.979492 -23.4679489
v -118.315132 135.095337 -7.10863829
v -121.572746 134.542786 -7.25780439
v -121.75071 135.37645 -5.69819641
v -118.38752 135.823975 -5.69819689
v -118.315163 135.095337 -4.28775787
v -121.572746 134.542786 -4.13858795
v -124.386772 133.809906 -4.28048182
v -124.725647 134.432907 -5.69819641
v -124.386772 133.809906 -7.11591434
v -78.2498779 128.192673 -9.89531517
v -80.782753 127.507301 -10.3682985
v -80.7740707 129.938858 -10.7008018
v -78.2151566 130.29213 -10.1908007
v -78.2845993 126.465057 -9.00131607
v -80.7914505 125.514198 -9.36890888
v -78.2498779 132.379456 -9.89531517
v -80.782753 132.367401 -10.3682995
v -83.4117737 132.49614 -10.9625502
v -83.4116974 129.752975 -11.333292
v -83.4130173 127.004936 -10.9619961
v -83.4189148 124.731781 -9.83096695
v -78.2498779 125.493225 -7.50126791
v -78.2151566 125.223587 -5.69819069
v -80.7740784 124.113091 -5.69819117
v -80.7827606 124.401154 -7.70074415
v -83.4329376 123.582245 -7.89907312
v -83.4403687 123.416756 -5.69819117
v -83.4403687 123.977188 -3.53973413
v -80.7827606 124.594994 -3.69564199
v -78.2498779 125.602531 -3.89511871
v -93.9311218 136.778473 -8.00643253
v -93.9552612 136.932892 -5.60701227
v -91.5142822 136.771591 -5.6769824
v -91.5082626 136.597015 -8.0246067
v -88.8638687 136.566833 -8.07992649
v -88.8660507 136.794159 -5.6823554
v -88.8645554 136.154556 -3.29545522
v -91.5331573 136.188828 -3.28239679
v -88.8609848 134.748184 -1.30002916
v -91.5393143 134.937103 -1.27566087
v -94.0276566 136.452866 -3.02522898
v -94.0473099 135.364044 -0.824754119
v -93.913208 129.841904 0.430730283
v -91.5007172 128.924011 -0.196444616
v -91.4788666 130.987045 0.300137907
v -93.8077164 131.747467 0.822225869
v -93.913208 133.691864 0.4307307
v -91.5062103 133.10466 -0.0889071599
v -88.8622131 132.682434 -0.100196943
v -88.8745346 130.278564 0.270476758
v -88.8606644 128.144989 -0.83210814
v -8.62014961 57.4122162 -11.9631672
v -9.01099014 54.2058716 -10.5656004
v -10.3246899 54.4407196 -10.7042351
v -9.85189056 57.6958885 -12.0537777
v -6.92595196 57.0970497 -10.8192768
v -7.43054008 54.1353455 -9.52571106
v -7.86176491 59.601944 -13.0209646
v -6.09361935 59.3804321 -12.2172785
v -9.20702934 59.8797417 -13.2151814
v -11.0598459 57.8383179 -11.7120848
v -11.5896015 54.645153 -10.3827057
v -10.4269648 59.959301 -12.8442879
v -12.7770996 58.0415611 -10.7429256
v -12.2030373 60.2108955 -11.8582087
v -13.1332912 54.9773941 -9.36919785
v -11.9877501 50.9858398 -9.67589855
v -10.5615578 50.7432938 -10.0332117
v -13.4196119 51.4514732 -8.48487473
v -12.3943396 47.2994957 -9.91685295
v -13.8038073 47.6973839 -8.51804256
v -10.7333193 47.1047821 -10.3611116
v -9.09099102 50.6762085 -9.7716198
v -9.06746101 47.1360207 -9.92507935
v -7.60325384 50.8678818 -8.56231594
v -7.64860344 47.3949623 -8.526824
v -8.97311974 90.066391 -11.4098988
v -9.40678596 89.0027313 -11.4469595
v -9.72034454 89.6045685 -9.22240639
v -9.27222443 90.605835 -9.32365894
v -8.97311974 91.1452866 -7.23741484
v -9.40678596 90.2036438 -6.99785471
v -8.08963013 91.5946655 -5.48144579
v -8.46610737 90.6998672 -5.1440568
v -10.0633125 88.9542465 -6.76393414
v -10.398756 88.2912292 -9.2138586
v -9.05698204 89.493782 -4.72846746
v -10.8022366 86.8435593 -6.3657608
v -9.72201252 87.4155197 -4.12009144
v -11.1623116 86.1179733 -9.08070946
v -10.0633125 87.6171036 -11.6640835
v -10.8022385 85.3628159 -11.8074427
v -6.68864059 91.8722153 -4.25133514
v -6.89832926 90.9932022 -4.03172493
v -4.86017227 91.1356964 -3.47564197
v -4.76522064 92.01091 -3.6643939
v -2.44796085 92.0502014 -3.59097862
v -2.50847578 91.179512 -3.29026246
v -2.68355036 89.9613419 -2.72733164
v -5.19937801 89.9323654 -2.92022634
v -2.88059735 87.7981567 -2.01838827
v -5.58115578 87.8112793 -2.16757488
v -7.37976313 89.7984161 -3.51565599
v -7.92164135 87.7110214 -2.79368949
v -8.22015095 27.1497536 -20.1389217
v -7.97171068 23.8610001 -20.9234219
v -11.5357313 23.8300152 -21.7232018
v -11.3053293 27.1215782 -20.8544941
v -5.66411018 27.2342873 -17.9922123
v -5.01275015 23.9288006 -18.525423
v -8.50629234 30.8200932 -18.6873207
v -6.35193014 30.9375496 -16.7725239
v -11.102025 30.7809525 -19.325592
v -14.3929453 27.1497536 -20.1389217
v -15.1008854 23.8610001 -20.9234219
v -13.7017899 30.8200932 -18.6873207
v -16.9809971 27.2342873 -17.9922123
v -15.8811188 30.9375496 -16.7725239
v -18.0910263 23.9288006 -18.525423
v -15.7026854 20.9458866 -21.3102665
v -11.7692795 20.8859234 -22.2010174
v -19.0097904 21.0252552 -18.6434116
v -16.2608089 18.1919098 -22.0328007
v -19.8883801 18.2956848 -18.9972019
v -11.9537182 18.0953979 -23.0305195
v -7.83102131 20.9459057 -21.3102665
v -7.63480568 18.1919098 -22.0342216
v -4.54648876 21.0252552 -18.6434116
v -4.01631594 18.2956848 -18.9972019
v -14.42138 58.7267952 -8.34421539
v -14.4774323 55.694519 -7.01822233
v -15.211565 56.6546135 -3.74874234
v -15.3421345 59.7636528 -4.84448671
v -14.3450136 60.9854088 -9.49455643
v -15.391571 62.2128029 -5.81879902
v -15.2480125 60.8468132 -1.08308196
v -15.0136747 57.6073647 -0.349163145
v -15.3243752 63.4239845 -1.78852201
v -14.1283512 61.6341629 2.04265308
v -14.0987635 64.253067 1.56156671
v -14.0127039 58.3138924 2.48070359
v -14.771039 53.8060455 -0.0540737435
v -15.070734 53.00811 -3.11937904
v -13.8719568 54.4110603 2.50034738
v -14.6697865 49.5805588 -0.435194612
v -13.8262358 50.0801048 1.94619274
v -14.9509735 48.9451447 -3.29285979
v -14.582571 52.169075 -6.1489892
v -14.6697845 48.2820663 -6.15052366
v -12.2622461 61.9113426 3.91535473
v -12.3444204 58.5961647 4.17862463
v -10.3424835 58.498436 4.74459934
v -10.0229235 61.739872 4.53875303
v -12.056076 64.5094681 3.55916452
v -9.60484886 64.2699509 4.21712971
v -7.78359938 61.1801567 3.91032434
v -8.34054375 58.0649719 4.17862415
v -7.15362215 63.6083107 3.52970386
v -5.91749525 60.2902489 2.01253724
v -5.11093283 62.5788803 1.37140775
v -6.67226171 57.3400574 2.48070526
v -8.77714729 54.3535347 4.03300047
v -10.5753155 54.6571388 4.54388523
v -7.27867556 53.8024063 2.50034714
v -9.0460968 50.1695709 3.3750248
v -7.6401763 49.7757797 1.9461925
v -10.7332058 50.360775 3.85130358
v -12.3734827 54.6855354 4.03300047
v -12.4203138 50.3355598 3.37502527
v -8.42093754 84.1792374 -1.64481676
v -8.90441895 79.9020004 -0.21982348
v -6.28097296 79.8334579 0.525054216
v -5.93293381 84.2177582 -0.972737789
v -10.3347864 83.9193726 -3.09276867
v -10.9182787 79.6877975 -1.80192888
v -3.0621593 84.1402817 -0.850770175
v -3.2438941 79.5802078 0.661818743
v -3.44145918 74.5901947 1.66448736
v -6.65153742 75.2430954 1.5890404
v -3.86837339 70.2272186 1.70555973
v -7.12035656 71.2284088 1.89681041
v -9.3988533 75.4928894 0.804088593
v -9.93100643 71.6312866 1.15529001
v -11.4954653 75.3218155 -0.905467272
v -12.0893288 71.487114 -0.662440777
v -11.4830961 81.7148666 -11.4892759
v -12.1265926 77.3396378 -10.8473034
v -12.5293636 78.260788 -7.64707041
v -11.8658667 82.5528259 -8.50769424
v -10.3347864 80.959816 -13.9542351
v -10.9182787 76.4748154 -13.52209
v -11.4830971 83.3325195 -5.54414749
v -12.1265926 79.0921478 -4.45465183
v -12.7534332 74.7120895 -3.75472975
v -13.1727543 73.8221588 -7.17384529
v -13.3843212 70.846489 -3.70398068
v -13.6338205 69.8426971 -7.349751
v -12.7046261 72.8029404 -10.5775547
v -12.8024759 68.5864334 -10.763422
v -11.2204084 71.7827835 -13.2141323
v -11.1539202 67.2943268 -13.0835094
v -3.06215954 79.8334274 -16.6618652
v -3.2438941 74.9470444 -16.2447796
v -6.28097296 75.3159103 -15.9558544
v -5.93293381 80.0409698 -16.3176956
v -8.42093754 80.4077911 -15.4977531
v -8.90441895 75.8126297 -15.1370821
v -9.07786655 70.9620514 -14.5049963
v -6.39654255 70.3358154 -15.2136288
v -9.03420448 66.5133667 -14.0361328
v -6.48763037 65.8084183 -14.6541862
v -3.3217597 69.7651443 -15.5793447
v -3.41966271 65.2206116 -15.0210028
v -10.5276489 69.1664581 1.61005783
v -11.1239338 67.5507965 2.26780605
v -8.45638275 67.2141876 2.93841553
v -7.76315784 68.7627487 2.30733156
v -12.7228441 69.0151215 -0.309576154
v -13.3197584 67.3703918 0.271897167
v -4.73815393 67.7947159 1.85305023
v -5.72370434 66.4222488 2.29509068
v -2.26072621 66.3487473 -0.262657255
v -3.45732355 65.2399445 0.0767617375
v -6.49792576 65.1930695 2.93397117
v -9.07647419 65.9072952 3.63943219
v -4.34913445 64.1067429 0.678074121
v -11.6550245 66.1956329 2.97461963
v -13.8038168 65.9761734 0.946291447
v -13.0437593 65.577919 -10.7649307
v -13.5769224 63.6971512 -10.5941887
v -14.711791 65.2895126 -7.0793972
v -14.1490345 67.1266632 -7.3790741
v -11.2861252 64.1725693 -12.9852362
v -11.4409084 62.3657227 -12.7309933
v -14.0399609 68.3162079 -3.53401947
v -14.6372433 66.6073914 -3.08505058
v -15.0922871 65.1627579 -2.46376061
v -15.1283112 63.8422127 -6.53796434
v -13.9671602 62.3903389 -10.1648684
v -11.7599573 61.3503036 -12.4334574
v -4.5218358 62.9854202 -14.5196791
v -5.88714314 61.8767433 -14.1326151
v -7.88356113 61.6539421 -13.9872255
v -7.07873106 62.9938545 -14.2967281
v -2.22209167 63.0594101 -14.2227631
v -3.81525064 62.1184006 -13.7480917
v -9.29905796 63.4491005 -13.8114357
v -9.64710426 61.8297539 -13.5699348
v -9.9375658 60.9255295 -13.349329
v -8.5711031 60.8637466 -13.6568184
v -7.0074091 60.9591331 -13.7124338
v -5.08282375 60.9699821 -13.1503925
v -3.40303779 61.0223618 -10.9360256
v -2.30098653 62.2030525 -11.7270279
v -1.88027823 62.6025925 -8.10670948
v -2.79183626 61.5389061 -7.22800207
v -4.39384842 59.3987122 -9.82839584
v -3.53579497 60.0144424 -6.15817118
v -3.05985928 62.7507744 -3.00805759
v -2.18866801 63.7683754 -3.75439644
v -3.88532019 61.2804108 -2.10937476
v -1.1389631 64.5848389 -4.0958724
v -0.926151574 63.2986755 -8.68702984
v -1.12301898 63.0029068 -12.2491541
v -4.79783297 59.138382 -1.10909152
v -5.67129278 56.3679352 -0.349163026
v -5.33975363 55.3170395 -3.74518323
v -4.48194218 57.9371071 -4.86237431
v -5.24467802 57.1954308 -8.52475262
v -6.04465628 54.5177307 -7.08276224
v -6.46771193 51.3979988 -6.17050934
v -6.07989645 52.1781273 -3.11937881
v -6.7966218 47.8947411 -6.15052366
v -6.51543665 48.5301666 -3.29286027
v -6.37959194 53.0314102 -0.0540737286
v -6.79662275 49.1932449 -0.435194641
v -7.21775436 15.38659 -23.9166126
v -3.17065096 15.5120668 -20.3559799
v -12.0347309 15.264637 -25.016695
v -6.57027817 13.1855497 -23.4818745
v -12.0479927 13.0432196 -24.4733181
v -3.38543749 13.838685 -20.2970238
v -0.660144389 15.4387932 -0.694415569
v -1.76395428 18.2770195 -2.1336894
v -4.01001406 18.3943996 2.7959497
v -3.17068553 15.57617 5.11533213
v 0.203127757 15.2955217 -7.5097065
v -1.00147104 18.1527977 -8.02156639
v -1.27496254 13.2386265 0.744905531
v -0.456307232 13.0733709 -7.22910595
v -3.38543749 13.8984442 5.570611
v -23.3894444 15.4387932 -0.69441539
v -22.1218185 18.2770195 -2.13368917
v -22.9122143 18.1527977 -8.02156639
v -24.2727108 15.2955217 -7.5097065
v -20.8756504 15.57617 5.11597347
v -19.8821011 18.3943996 2.79594994
v -22.8040276 13.2386265 0.746820569
v -20.6815529 13.8984442 5.57121515
v -23.6396751 13.0733709 -7.22910595
v -7.21836758 15.4530325 8.88397312
v -7.62722826 18.305912 5.88817978
v -11.9456358 18.2101994 6.97494078
v -12.0354147 15.3263702 10.0480442
v -6.57027817 13.2504568 9.08426571
v -12.0479927 13.1034861 10.1027851
v -18.5038738 27.3751888 -14.41436
v -19.8680038 24.0082893 -14.530549
v -20.4633808 24.1065826 -9.74260521
v -19.0086117 27.5442619 -10.1209373
v -17.1627998 31.1332912 -13.5811863
v -17.5877151 31.3681793 -9.75158691
v -18.4747486 27.7133389 -5.82751274
v -19.8422947 24.2309456 -4.96537399
v -17.1388683 31.6030731 -5.92198229
v -16.9368858 27.8542366 -2.24965835
v -15.8431473 31.7988186 -2.73064661
v -18.0544834 24.3364296 -0.981223583
v -20.9985714 21.1466179 -3.64572358
v -21.7035122 21.0329666 -8.90433884
v -18.9885006 21.2488174 0.748973191
v -21.0155888 21.023407 -14.2058363
v -22.1292152 18.2208233 -13.9885025
v -4.07063389 27.7133389 -5.82751274
v -3.17537761 24.2309456 -4.96537399
v -2.59270287 24.1065826 -9.74260521
v -3.5762527 27.5442619 -10.1209373
v -5.61905003 27.8542366 -2.24965835
v -4.97572756 24.3364296 -0.981223583
v -5.00915384 31.6030731 -5.92198229
v -6.31248283 31.7988186 -2.73064685
v -4.59254456 31.3681793 -9.75158691
v -4.1005497 27.3751888 -14.41436
v -3.20146966 24.0082893 -14.530549
v -5.0343504 31.1332912 -13.5811863
v -2.52137375 21.023407 -14.2058363
v -1.83385575 21.0329666 -8.90433884
v -1.7713629 18.2208405 -13.9885025
v -2.50422454 21.1466179 -3.64572358
v -4.52502489 21.2488174 0.748973072
v -14.3394232 27.9387856 -0.102947727
v -15.0550518 24.3781967 1.42749608
v -11.4859543 24.3831654 2.23799777
v -11.2474489 27.9669437 0.612622678
v -13.6586161 31.9162693 -0.815847754
v -8.17033482 27.9387684 -0.102947779
v -9.07108307 28.7422962 1.00622547
v -11.1936598 28.7668381 1.62948835
v -7.92844486 24.3781967 1.42749608
v -8.7448988 36.3211327 -0.394428819
v -9.46741486 36.0433502 0.752344906
v -9.27273846 32.2066994 0.385288149
v -8.46267605 31.9162598 -0.815847754
v -7.80386734 21.2241135 3.45870829
v -8.30096054 22.1172638 4.22047853
v -11.7215757 22.6338329 5.57476521
v -11.7399797 21.1800079 4.39233541
v -11.4849367 24.4580402 4.36262465
v -8.39450455 23.9250736 3.09745002
v -15.6756639 21.2241135 3.45870829
v -16.2532482 18.305912 5.88817978
v -12.5557938 45.707222 2.13108063
v -12.7925282 40.9769325 0.731238246
v -10.888175 41.0349464 1.24374688
v -10.8279381 45.7588539 2.61045194
v -13.9956713 45.480381 0.692964077
v -14.3794899 40.7849197 -0.806285203
v -9.10008335 45.6408195 2.13108015
v -8.98382187 40.9603271 0.731238186
v -7.66020489 45.358654 0.692964017
v -7.39686155 40.7544899 -0.806285203
v -10.9435768 36.3726006 0.173598215
v -6.91725731 36.1667175 -2.09850597
v -13.3264866 28.7423115 1.00622547
v -13.1446838 36.3211327 -0.39442879
v -12.8568716 32.206707 0.385288209
v -14.9840326 36.1667175 -2.09850597
v -6.79627895 44.9178886 -1.70389509
v -6.44468451 40.4187927 -3.36882615
v -6.12729263 40.0195541 -6.44387484
v -6.50830269 44.4033585 -4.58012486
v -6.79627895 43.8998909 -7.45635843
v -6.44468451 39.6230774 -9.51892281
v -7.66020489 43.4923363 -9.85321426
v -7.3968606 39.295681 -12.0814619
v -5.82679892 35.2917213 -11.7549496
v -5.4561224 35.6005478 -8.34679317
v -6.93674278 35.0343819 -14.5950823
v -5.81550884 35.9093742 -4.93863964
v -14.8595963 44.0548286 -7.45635843
v -15.3316641 39.6618118 -9.51892281
v -15.6490564 40.061058 -6.44387484
v -15.1475735 44.5693474 -4.58012486
v -13.9956713 43.6140594 -9.85321522
v -14.3794899 39.3261108 -12.0814619
v -14.8595963 45.0728264 -1.70389509
v -15.3316641 40.4575272 -3.36882615
v -16.0832024 35.9093742 -4.93863964
v -16.4552326 35.6005478 -8.34679317
v -16.0921555 35.2917213 -11.7549496
v -15.0017319 35.0343819 -14.5950823
v -9.10008335 43.2654915 -11.2913322
v -8.98382092 39.1036644 -13.6189861
v -10.888175 39.0456543 -14.1314955
v -10.8279381 43.2138557 -11.7707043
v -12.5557938 43.3318939 -11.2913322
v -12.7925282 39.1202621 -13.6189861
v -13.1672926 34.8799706 -16.2991619
v -10.9603949 34.828495 -16.8671875
v -8.77052021 34.8799629 -16.2991619
v -4.28709316 142.535507 7.15235424
v -4.08193302 144.307159 6.46172619
v -7.99974203 146.254578 5.13972521
v -8.33992767 144.497482 5.75811386
v -12.1994495 147.502029 2.88710999
v -11.9381685 149.066864 2.71506953
v -13.2437973 153.886703 -18.2992077
v -12.9650755 155.679337 -17.7307358
v -9.48662472 154.442703 -21.3143425
v -9.62551022 152.049515 -22.1011677
v -5.23043299 151.656128 -24.8198414
v -5.23418045 154.154053 -23.8336487
v -5.32729912 159.74472 -22.2638454
v -5.31194496 157.963425 -22.6841297
v -5.28786802 161.487808 -21.8710537
v -9.2845211 159.554703 -20.0024662
v -9.06370354 161.125412 -19.6604595
v -9.38191223 157.967453 -20.405777
v -7.84429407 176.7388 11.2466164
v -7.117167 175.625595 11.1720171
v -5.61084032 176.961304 12.9678726
v -5.96088219 178.413803 12.7052269
v -8.23127174 174.421799 9.74371529
v -7.61070347 174.073471 10.1326141
v -8.9246664 177.961594 10.4849224
v -9.13644791 175.323883 8.55151558
v -6.65690804 180.110504 11.7187252
v -9.80725384 166.244812 13.583169
v -8.67042542 166.166687 14.774827
v -6.71562195 168.179672 10.0689707
v -7.27176046 167.608093 8.47620296
v -11.0353222 163.966156 13.8670359
v -9.59264374 163.739304 15.108902
v -10.1663389 166.450668 11.2163811
v -12.1623697 164.363724 11.8087425
v -7.48985052 168.897812 8.23783684
v -7.56118965 156.502045 12.7203751
v -5.72564793 155.65361 13.7372513
v -6.00430441 158.240784 14.6471329
v -7.86090851 158.819611 13.8232117
v -7.33610821 154.531708 11.9513903
v -5.41120911 153.387939 12.762826
v -8.99603081 157.161804 11.7064972
v -8.53636646 155.590729 11.2542305
v -9.35069084 159.269562 12.8142033
v -6.39699888 172.946228 11.9104233
v -5.75172472 169.11467 11.2554703
v -4.21126318 169.960129 11.8440123
v -5.10179234 174.041748 13.604394
v -7.61681366 171.812592 11.068079
v -2.70834064 174.436798 14.1215
v -2.40339661 170.317535 12.0639524
v -2.93109608 177.400833 13.2350521
v -3.59980536 155.071671 14.4904222
v -3.93811369 157.823151 15.3934393
v -3.17830586 152.646149 13.3264418
v -3.25693607 186.133148 -3.41707039
v -7.01520824 185.152664 -3.31172299
v -7.11070871 185.600311 1.10753179
v -3.4417336 186.43721 0.9394961
v -3.34400749 184.922928 -7.28614807
v -6.99215221 183.960129 -7.16140509
v -7.42424774 153.215485 10.7857914
v -8.99758434 155.13678 10.2036924
v -5.37041759 151.669388 11.5248184
v -7.84810019 152.510345 9.20063019
v -5.53051329 150.519348 9.96971703
v -9.7404623 154.828964 8.60345268
v -3.0101068 150.71431 12.0677404
v -2.98394156 149.241379 10.5833454
v -3.13101006 178.985977 12.9825926
v -3.4091785 180.802719 11.6283426
v -9.85083485 157.19342 10.3287449
v -10.2942629 159.324051 11.3153734
v -10.6705847 157.112274 8.45598984
v -11.2100315 159.359283 9.21972179
v -20.0094643 13.8219223 4.93173027
v -17.0835991 13.224391 8.34213734
v -17.5087128 13.2504568 9.08294487
v -2.11349869 13.2134514 0.200770944
v -1.35856843 13.0610714 -7.2279191
v -12.0479469 13.0888472 9.20472145
v -2.11349869 13.1754322 -14.7598162
v -1.27496254 13.1973801 -15.3272314
v -6.99662209 13.224391 8.34402847
v -4.05969238 13.7668047 -19.4971962
v -4.05969238 13.8219223 4.93295193
v -6.99662209 13.1645088 -22.5549889
v -20.6815529 13.838685 -20.2974625
v -20.0094643 13.7668047 -19.5060196
v -21.9667225 13.1754322 -14.7753401
v -22.8040257 13.1973801 -15.3291988
v -12.0479469 13.0332584 -23.4289608
v -22.7373238 13.0610714 -7.2279191
v -17.0835972 13.1645088 -22.5538788
v -17.508709 13.1855497 -23.4810581
v -21.9667225 13.2134514 0.222022265
v -16.8364582 15.4530497 8.88211918
v -23.3911171 15.4008284 -14.4268446
v -20.8756161 15.5120668 -20.3564892
v -0.661818087 15.4008284 -14.4268446
v -16.8358479 15.38659 -23.9155579
v -5.12928534 163.184952 -21.5288258
v -8.73580265 162.685425 -19.3879509
v -8.5534687 164.34082 -19.3295536
v -4.99409962 164.921829 -21.4295845
v -4.21555567 177.657806 -17.6077404
v -4.32893896 174.061783 -18.4233398
v -7.7550416 173.404526 -17.0905914
v -7.91029644 176.950363 -16.6385269
v -3.85563636 180.66748 -15.4176598
v -7.87602615 180.05365 -14.9639759
v -10.4493666 175.091019 -14.164588
v -10.3852873 172.119598 -14.839139
v -10.6969357 177.777664 -12.7981644
v -11.0514011 173.300568 -10.7185946
v -10.8903923 175.959457 -10.4019814
v -11.4816818 170.629852 -11.3050203
v -11.7714424 162.408722 -15.9518356
v -11.5093594 163.88446 -15.936264
v -13.7735243 162.091202 -12.6032705
v -13.5293055 163.496872 -12.5707645
v -12.1668892 161.048538 -16.1643887
v -14.1215239 160.804291 -12.7579679
v -14.9249697 161.669022 -9.17790985
v -15.3853569 160.991776 -5.71865892
v -15.0705509 162.542313 -5.582057
v -14.6610861 163.094299 -9.08619308
v -15.2977438 160.441055 -9.3856945
v -15.8067951 159.734512 -6.00459719
v -11.9987898 173.264908 -7.95165443
v -12.2614288 170.545853 -8.25125313
v -12.7299814 171.072815 -5.15847445
v -12.7365093 174.126007 -5.08131742
v -11.6082554 176.501022 -8.26019096
v -12.2476835 177.512039 -5.34337139
v -11.517251 173.800903 5.360816
v -12.974062 175.172882 1.14787948
v -12.576642 171.591583 3.35531068
v -11.5377684 170.620544 7.67818594
v -11.1540222 177.340668 5.46632957
v -12.1631126 178.58931 1.08354175
v -9.79833698 172.294144 9.23970795
v -12.2983646 157.572708 5.94014311
v -12.5054493 159.894424 6.02976847
v -14.098937 160.898453 2.04588223
v -14.2638464 158.743515 2.23567128
v -11.4071569 155.124557 6.44956207
v -14.0488615 156.160324 2.79235768
v -8.93824863 152.378082 7.31121969
v -10.4542484 152.368851 5.51233196
v -6.7297678 149.441116 6.53562593
v -5.97163343 149.91954 8.12425613
v -3.15258527 148.229111 8.87350178
v -3.48783207 147.434311 7.4066782
v -11.6108103 180.040939 -10.2357378
v -11.8623838 181.611816 -6.57830477
v -7.61503839 182.491257 -11.49687
v -3.44289136 183.011154 -11.3613043
v -3.72908998 184.753799 7.00367212
v -6.97941351 184.00766 6.93179417
v -11.0403166 181.115723 7.11353493
v -11.1562424 183.15863 1.19206488
v -16.091135 157.335617 -3.03782105
v -16.105608 158.755936 -6.48166323
v -16.2969532 158.005051 -7.01209831
v -16.3769913 156.495789 -3.89913297
v -15.7499666 158.461487 -2.28890038
v -14.816637 155.019348 1.02954185
v -15.181263 154.027771 -0.061197456
v -4.02942848 145.397964 6.21369982
v -3.97659898 146.059937 6.23637438
v -7.73060656 148.072998 5.10455322
v -7.90133095 147.342819 4.98213196
v -15.5844698 159.411758 -9.71837139
v -15.7580729 158.578537 -10.1045408
v -14.446166 159.633072 -13.0407887
v -14.6464558 158.600647 -13.3891592
v -11.8332529 150.073959 2.82849908
v -11.6346426 150.88707 3.25290728
v -15.3455753 153.164642 -0.745985627
v -13.256052 175.01532 -2.1841898
v -12.8876944 171.581192 -1.9786222
v -12.3557196 178.36972 -2.37739086
v -11.2153482 182.80838 -2.86736417
v -3.79779267 146.687881 6.56759739
v -7.35773039 148.788055 5.57149506
v -12.8416967 157.12384 -17.2829628
v -9.39932251 156.372635 -20.8561478
v -12.7061186 158.369171 -16.8901196
v -14.7216406 157.726074 -13.7722492
v -11.2944889 151.784103 4.11544466
v -12.5008345 159.698227 -16.4799461
v -15.320756 160.008469 -2.01065779
v -14.9492893 161.834457 -1.95510077
v -15.8445139 157.929398 -10.4901953
v -16.4121189 157.430847 -7.46945095
v -16.5783997 155.807388 -4.52615786
v -5.26484871 156.181854 -23.1644802
v -14.8061829 163.858261 -1.93810725
v -14.260685 163.192688 2.00720406
v -14.1023359 165.724213 1.87388146
v -14.3615379 166.027985 -2.00133443
v -14.7830296 164.279236 -5.53150892
v -14.1978102 166.096573 -5.4952302
v -13.1918488 162.306137 7.02388382
v -13.3204622 165.037949 7.28655815
v -12.1279154 161.675171 10.5841122
v -14.3233862 164.618103 -9.03404999
v -13.6518698 166.162354 -8.90949917
v -13.2356768 164.953873 -12.5130272
v -12.6695471 166.42392 -12.2705498
v -11.3262234 165.44101 -15.901166
v -10.9881811 167.102463 -15.6101475
v -8.61923409 168.132645 -19.2355289
v -8.5944109 166.093613 -19.3891354
v -4.94858122 166.769516 -21.6016579
v -4.86317253 168.921677 -21.3566132
v -10.9467316 161.47879 12.73209
v -9.60531521 161.400726 14.0857344
v -3.98468542 160.699509 16.8357143
v -3.69982243 163.856094 18.2346783
v -5.96689701 163.805801 17.57724
v -6.11388254 160.900848 16.1780853
v -8.0362215 161.1754 15.2749872
v -7.89450455 163.720062 16.3951321
v -13.1399097 168.462769 -2.05818963
v -12.7990761 168.372528 1.75096655
v -13.0818815 168.211395 -5.29994917
v -12.0147514 167.626556 7.12323046
v -12.6341286 167.959961 -8.55840206
v -11.775691 168.141708 -11.7689495
v -10.2835064 169.202087 -15.0784149
v -8.06178761 170.557846 -18.2014599
v -4.61986256 171.284409 -19.9280891
v -2.9322989 167.163971 17.5554276
v -5.14529467 166.953705 17.0769711
v -7.07841349 166.51474 16.0502758
v -8.65803337 171.633759 10.7114725
v -3.63778257 10.9222431 -22.5847569
v -6.73028231 10.6644506 -25.6839199
v -20.432415 10.9222431 -22.604454
v -22.4933529 10.4035892 -16.8022556
v -12.0491753 10.6242695 -26.6767578
v -23.3047733 10.0539417 -7.21647882
v -17.3515644 10.6644506 -25.6836796
v -22.4933529 9.86965179 2.51258111
v -3.63778281 10.0833416 8.41141033
v -1.58849955 9.86965179 2.48293686
v -20.432415 10.0833416 8.44541168
v -17.3515682 9.60877705 11.3612585
v -0.79357928 10.0539417 -7.21647882
v -12.0491753 9.48361206 12.2027521
v -1.58849943 10.4035883 -16.7857094
v -6.73028231 9.60877705 11.3616352
v -17.584734 6.27497911 -27.1633682
v -20.7094707 6.56220913 -24.0536747
v -3.67558932 5.61919641 9.63205814
v -1.59711325 5.32805777 3.62870884
v -22.7997665 5.32727385 3.63000679
v -20.7094707 5.61820602 9.63329124
v -17.584734 4.96846724 12.3563118
v -0.87743479 5.13397312 -7.3313961
v -12.2068071 4.79747868 13.2154016
v -1.59711313 5.85778713 -18.0214462
v -6.81214333 4.9693327 12.3563118
v -3.67558885 6.56334305 -24.0530071
v -6.81214333 6.27557087 -27.1633682
v -22.7997665 5.85670233 -18.0222645
v -12.2068071 6.23326397 -28.2220039
v -23.6227455 5.14227629 -7.3313961
v -0.882344782 3.64128947 -7.36131144
v -1.60172617 4.45325708 -18.2149277
v -12.2070408 3.39646387 13.3609037
v -6.81460381 3.57295489 12.4899054
v -3.6793437 5.26026964 -24.2553043
v -3.67934418 4.28837299 9.75310993
v -6.81460381 4.96564627 -27.3906155
v -20.7061958 5.25833321 -24.2559662
v -22.7956257 4.45147753 -18.2158298
v -12.2070408 4.92407036 -28.4639263
v -23.6182671 3.65055418 -7.36131144
v -17.5827484 4.9646349 -27.3906155
v -22.7956257 3.95767045 3.77498889
v -1.60172641 3.95890856 3.77352786
v -20.7061958 4.2866807 9.75435638
v -17.5827484 3.57178593 12.4899054
v -20.365078 3.14702249 -23.7466507
v -22.3706188 2.53445244 -17.9063282
v -7.03122044 2.91775441 -26.7882957
v -12.2071562 2.88542533 -27.8185139
v -23.1602345 1.97842872 -7.36065388
v -17.367033 2.91691709 -26.7882957
v -22.3706188 2.17132139 3.56778836
v -4.02183914 2.41540146 9.37144089
v -2.02763486 2.17215848 3.56681108
v -20.365078 2.41421509 9.37289906
v -17.367033 1.88877368 12.0497026
v -1.33713639 1.97291529 -7.36065388
v -12.2071562 1.76511192 12.8857346
v -2.02763486 2.53572607 -17.9056911
v -7.03122044 1.88950634 12.0497026
v -4.02183867 3.14866185 -23.745863
v -22.682766 0.829686403 -7.40177441
v -21.9276028 0.876654983 3.12185121
v -17.1423473 1.39115191 -26.1911259
v -20.0095711 1.55612838 -23.2503357
v -4.37946129 1.04053259 8.93451786
v -2.47227359 0.876968801 3.12073851
v -20.0095711 1.04000926 8.9357872
v -17.1423473 0.699537754 11.5675154
v -1.81190455 0.827313542 -7.40177441
v -12.2076178 0.619178414 12.3670683
v -2.47227359 1.15316331 -17.5162296
v -7.25753021 0.699816883 11.5675154
v -4.37946081 1.5569483 -23.2496529
v -7.25753021 1.39155316 -26.1911259
v -21.9276028 1.1526053 -17.5169449
v -12.2076178 1.36793029 -27.1763897
v -15.9570818 -0.0765264258 8.52805233
v -12.2085524 -0.113338828 9.21639919
v -4.31174135 0.0543903559 -7.4352417
v -4.81337261 0.157219663 -15.0866337
v -8.44835854 -0.0765264854 8.52774906
v -6.26211405 0.309772581 -19.8876228
v -6.26211405 0.0630464554 5.67007065
v -8.44835854 0.233948752 -22.5739727
v -18.1350899 0.30977267 -19.887701
v -19.5920677 0.157219782 -15.0860939
v -12.2085524 0.222137272 -23.3666058
v -20.1657028 0.0543904789 -7.4352417
v -15.9570818 0.233948842 -22.5741386
v -19.5920677 0.000185150129 0.50509882
v -4.81337261 0.000185033321 0.506121576
v -18.1350899 0.0630465522 5.67020559
v -7.86138296 0.0127434311 -16.3126354
v -7.53363466 -0.107322931 -7.28038979
v -12.2262182 -0.136825234 -7.21916866
v -12.219202 -0.00758200511 -16.7258854
v -16.5638218 0.0127434991 -16.3124771
v -16.9047718 -0.107322849 -7.28038979
v -16.5638218 -0.171856314 2.2903924
v -12.219203 -0.207063675 2.6695087
v -7.86138296 -0.171856388 2.29071927
v -12.670454 51.7299232 0.284003675
v -12.4806042 54.9212914 3.10285282
v -9.9712801 55.0606651 3.10844946
v -10.1091442 51.7037544 0.262298614
v -14.7718096 51.9452515 3.25282121
v -13.9986067 54.0252075 3.40014434
v -12.8557711 48.1651154 0.150243551
v -14.9311037 48.3704491 3.14002109
v -12.6791954 44.5117836 -0.436047316
v -14.3760681 44.6466484 2.54810619
v -12.4235086 41.5782738 -0.845938444
v -13.5832281 42.3301086 2.20113087
v -7.3894043 50.9184303 0.30273667
v -7.51732016 54.0651588 3.18663549
v -6.13474512 52.6940308 3.48163128
v -5.30228806 50.1600876 0.681663454
v -12.0930901 51.816494 7.48356152
v -12.3097296 48.506485 7.52991438
v -10.3814306 48.3140678 7.69901371
v -10.2047138 51.8024254 7.65523911
v -13.7027121 51.7591095 7.01526833
v -13.929883 48.67099 7.03340197
v -11.8983345 54.410099 6.84326649
v -13.1816387 53.6807938 6.65604067
v -10.0577726 54.5256271 6.96024418
v -8.34231758 51.24543 7.44706488
v -8.45517159 47.9788246 7.44234514
v -8.26240635 53.8055115 6.86440563
v -6.76000881 50.6919937 6.95401239
v -7.07097816 52.6748619 6.66468811
v -6.83889771 47.6909637 6.87832308
v -8.87288666 44.7150993 6.43680191
v -10.5590887 44.776947 6.59676504
v -7.47931767 44.7371559 6.02659941
v -9.28170681 42.0630569 5.06628942
v -8.22130299 42.8071861 5.14199686
v -10.7077522 41.8767166 5.08106232
v -12.2221489 45.1204529 6.5398612
v -12.0895233 42.3291817 5.16216946
v -13.5939102 45.4583664 6.2037015
v -13.0605221 43.2926636 5.28936005
v -12.3796997 56.1029472 3.99418473
v -12.2972298 56.2105293 5.13023567
v -9.92538929 56.3350029 5.14820385
v -9.91129398 56.254425 4.00243282
v -14.3963757 54.7946815 4.07714128
v -14.2430573 54.8788452 5.1948247
v -7.50604296 55.2246552 4.08567286
v -7.61497164 55.3710442 5.20165205
v -5.67971754 53.2659149 4.18627691
v -5.85398483 53.4123688 5.27070141
v -7.94352627 55.0171471 6.11841583
v -9.96943951 55.8823967 6.12695646
v -6.38671732 53.2082863 6.12832355
v -12.0515776 55.7377625 6.06579447
v -13.7760191 54.4689445 6.07922459
v -9.29361916 39.8592911 2.07837033
v -9.31174374 40.0211372 3.01146293
v -10.842905 39.6544075 2.88280559
v -10.858633 39.4753609 1.93944895
v -7.72952223 41.3894615 2.55161476
v -7.78731966 41.4848824 3.50019979
v -8.84755421 41.2681236 -0.90711087
v -7.24353743 41.9566231 -0.388569862
v -10.7397776 41.1125526 -1.01221669
v -12.3604898 40.0266876 2.14194989
v -12.312685 40.1951523 3.08179927
v -13.7360048 41.8219185 2.67036343
v -13.6544209 41.9294357 3.6332159
v -12.171032 40.8252869 4.04905415
v -10.7974844 40.3127975 3.88666415
v -13.4025869 42.4411354 4.5572648
v -9.36788177 40.6277275 3.96607637
v -7.97063732 41.9812737 4.40552139
v -14.921978 44.9151039 3.46909499
v -14.8014402 45.0485077 4.54689455
v -15.4447765 48.7015953 5.29762459
v -15.5986967 48.5723267 4.12406015
v -15.4464359 52.08535 4.22521877
v -15.2754421 52.1757965 5.38190269
v -14.7288504 51.9748726 6.31361818
v -14.9317026 48.7517395 6.28095007
v -14.4062138 45.3283653 5.49833488
v -4.94808626 50.4251671 4.21430826
v -5.13043261 50.5704308 5.33827257
v -5.32984352 47.3182526 5.12829781
v -5.17652655 47.1720581 3.98278999
v -5.51275682 47.0806236 0.471667826
v -6.23041487 43.9901047 3.30694127
v -6.33774519 44.1308022 4.36500883
v -6.35394907 44.027523 -0.0902580768
v -6.69415855 44.4521027 5.3023653
v -5.84054422 47.5026627 6.1036377
v -5.71189356 50.5574226 6.25038767
v -13.4634333 171.717972 -10.7402973
v -9.70614147 171.717972 -8.22632122
v -10.5060329 171.717972 -2.38608241
v -14.6073761 171.717972 -2.38608241
v -10.2057362 171.717972 -17.8226585
v -7.42875957 171.717972 -13.1774359
v -9.7061367 171.717972 3.45415497
v -13.4634275 171.717972 5.96813107
v -10.2057333 171.717972 13.0504885
v -7.42875624 171.717972 8.40526867
v -4.02041864 171.717972 11.7134943
v -5.33024883 171.717972 17.7827663
v -4.02042294 171.717972 -16.4856682
v -5.33025455 171.717972 -22.5549393
v -8.36829185 189.457855 25.1276035
v -11.4876957 188.872787 24.3210754
v -11.9209919 189.114502 25.9832611
v -8.87745857 189.685349 26.7701759
v -14.3065767 187.260559 23.8991756
v -14.6713104 187.541473 25.5716267
v -16.4849358 184.815567 23.9127922
v -16.79669 185.155975 25.5849113
v -17.7600346 181.832718 24.3602867
v -18.0407753 182.245682 26.0215206
v -17.978075 178.671844 25.1876888
v -18.2535114 179.161682 26.8287983
v -17.1127586 175.714111 26.2951927
v -17.4092407 176.275894 27.9093666
v -15.2684507 173.316345 27.5492096
v -15.6097908 173.936432 29.1328869
v -12.6676149 171.767685 28.7985153
v -13.0722122 172.425446 30.3518047
v -9.62393856 171.25499 29.8924046
v -10.1025648 171.925217 31.4190865
v -6.50453568 171.840012 30.6989346
v -7.05903244 172.496017 32.2060051
v -3.6856544 173.452255 31.1208382
v -4.30871201 174.069046 32.6176529
v -1.50729275 175.897263 31.1072273
v -2.18333292 176.454575 32.6043625
v -0.232196003 178.880081 30.6597309
v -0.939249277 179.364838 32.1677475
v -0.170131028 182.04097 29.8323307
v -0.726511419 182.448868 31.3604717
v -0.879470944 184.998672 28.7248268
v -1.57078123 185.334625 30.2799091
v -2.72377205 187.396484 27.4707966
v -3.37022471 187.674103 29.0563812
v -5.9078064 189.185104 27.8374672
v -5.32461119 188.945129 26.2214985
v -3.8508563 182.739639 17.4327965
v -5.62953854 183.039261 16.7935429
v -2.33096385 181.834625 18.1628704
v -1.25318205 180.43338 18.8957081
v -0.308993101 178.774902 19.6597748
v -0.445360899 176.798019 20.177248
v -1.62007177 175.114639 20.2879467
v -2.8930738 173.685822 20.2959003
v -4.5403862 172.743668 20.049345
v -6.36331892 172.401779 19.578022
v -8.14199924 172.701401 18.9387665
v -9.66189194 173.6064 18.2086945
v -10.7396765 175.007645 17.4758606
v -11.2453527 176.736084 16.8286533
v -11.1179342 178.583252 16.3451328
v -10.3727865 180.326385 16.0836239
v -9.0997839 181.755219 16.0756645
v -7.45247173 182.697372 16.322216
v -11.0599327 32.2881165 1.70019674
v -15.1568975 22.0913944 4.23827124
v -14.6014194 23.9016533 3.11355877
v -10.9840498 36.0881767 1.24709761
v -12.5023632 36.0433502 0.752344906
v 0.0593194552 105.88385 -25.2997723
v 0.0593194924 101.797829 -22.951273
v -3.59752893 101.837425 -22.8861351
v 0.0593194216 110.618217 -27.3589687
v 0.0593194105 115.915306 -29.0987225
v -5.28437471 122.056694 -31.7610836
v 0.0593194291 122.257492 -30.1809292
v -5.31560898 130.8293 -33.2831612
v 0.0593194999 130.686768 -32.0058975
v -5.21050882 139.296707 -32.3972397
v 0.0593195818 139.033081 -32.0766029
v 0.0593196228 144.548904 -29.7747364
v 0.0593193881 92.4939575 -16.734787
v 0.0593193583 90.4081116 -15.6839409
v 0.0593194216 94.9715576 -18.7404022
v -3.30476475 98.1452255 -20.7786579
v 0.0593194626 98.1765289 -20.7580166
v -4.91178131 182.325745 14.7412758
v -3.17261362 182.032776 15.3663254
v -1.68648756 181.147842 16.0801849
v -0.632650077 179.77774 16.7967396
v -0.138205796 178.087708 17.4295654
v -0.262794703 176.28157 17.9023438
v -0.9913885 174.577164 18.1580448
v -2.23610973 173.180099 18.165823
v -3.8468256 172.258865 17.9247475
v -5.62926006 171.924561 17.463892
v -7.36842442 172.217529 16.8388424
v -8.85455132 173.102417 16.1249905
v -9.90839291 174.472549 15.4084349
v -10.4028349 176.162567 14.7756042
v -10.2782469 177.968719 14.302825
v -9.54965401 179.673111 14.0471258
v -8.30493259 181.070206 14.0393476
v -6.69421577 181.99144 14.2804213
v -121.048096 128.517502 -4.79695559
v -121.089172 128.545303 -5.7052393
v -121.057884 128.514954 -6.58081293
v -123.016777 128.29393 -6.46009398
v -123.145798 128.266617 -5.70520306
v -123.016754 128.289658 -4.95017815
v -102.125938 128.424744 16.6469212
v -102.992577 128.458054 16.4831581
v -103.851364 128.472977 16.2629318
v -104.122719 128.221817 18.0351448
v -103.402557 128.156937 18.3163013
v -103.703178 128.306335 19.7069225
v -102.630791 128.172363 18.3703442
v -115.853188 128.520538 8.99435806
v -116.371658 128.547928 8.36956787
v -116.8405 128.519226 7.70684671
v -118.328049 128.302872 8.98575211
v -118.003922 128.275421 9.62086296
v -117.474701 128.303436 10.0986519
v -5.01284218 170.82933 4.75099325
v -6.0884409 170.541153 4.7509923
v -7.10423851 172.300537 5.94896746
v -5.01284218 172.860947 5.94896746
v -5.01284218 174.020752 8.25342846
v -7.68414402 173.304977 8.25342941
v -7.87622023 173.637665 10.7016468
v -5.01284218 174.404877 10.7016449
v -5.01284218 173.270905 13.0572948
v -7.30922031 172.655594 13.0572958
v -6.95828772 172.047745 15.0543184
v -5.01284218 172.569031 15.0543184
v -5.01284218 171.004623 16.3886833
v -6.17608261 170.692947 16.3886833
v -5.01284122 168.678131 16.857254
v -5.01284218 168.678131 4.54437828
v -6.87583351 169.753754 4.75099277
v -8.63524628 170.769547 5.94896793
v -9.63967419 171.349457 8.25343037
v -9.9723587 171.541534 10.7016478
v -8.99028587 170.974503 13.0572958
v -8.3824501 170.623581 15.0543184
v -7.02763319 169.8414 16.3886833
v -10.7395964 168.678131 10.7016478
v -9.6055994 168.678131 13.0572958
v -8.90372753 168.678131 15.0543165
v -7.339324 168.678131 16.3886852
v -7.16403866 168.678131 4.75099421
v -9.19563389 168.678131 5.94896793
v -10.3554487 168.678131 8.25343132
v -6.87583208 167.602554 4.75099421
v -8.63524628 166.586746 5.94896793
v -9.63967514 166.006836 8.25343037
v -9.9723587 165.814774 10.7016487
v -8.99028683 166.381775 13.0572987
v -8.3824482 166.732697 15.0543184
v -7.02763319 167.514908 16.3886871
v -7.30922031 164.700714 13.0572987
v -6.95828438 165.308533 15.0543184
v -6.17608261 166.663361 16.3886871
v -6.08843946 166.815186 4.75099421
v -7.10423851 165.055756 5.94896889
v -7.68414545 164.051331 8.25342941
v -7.87622023 163.718613 10.7016468
v -5.01284218 166.526962 4.75099373
v -5.0128417 164.495361 5.94896793
v -5.0128417 163.335526 8.25343037
v -5.0128417 162.951385 10.7016468
v -5.0128417 164.085403 13.0572987
v -5.0128417 164.787262 15.0543184
v -5.01284218 166.351654 16.3886871
v -3.06739879 165.308533 15.0543184
v -3.84960103 166.663361 16.3886871
v -3.9372437 166.815186 4.75099421
v -2.92144561 165.055756 5.94896889
v -2.34153819 164.051331 8.25342941
v -2.14946342 163.718613 10.7016468
v -2.71646309 164.700714 13.0572987
v -3.14985156 167.602554 4.75099421
v -1.39043725 166.586746 5.94896793
v -0.386008441 166.006836 8.25343037
v -0.0533253886 165.814774 10.7016487
v -1.03539729 166.381775 13.0572987
v -1.64323568 166.732697 15.0543184
v -2.99804997 167.514908 16.3886871
v -2.6863606 168.678131 16.3886852
v -2.86164618 168.678131 4.75099421
v -0.830049276 168.678131 5.94896793
v 0.329764247 168.678131 8.25342941
v 0.713914037 168.678131 10.7016478
v -0.420084327 168.678131 13.0572958
v -1.12195563 168.678131 15.0543165
v -1.39043713 170.769547 5.94896793
v -0.386009991 171.349457 8.25343037
v -0.0533257052 171.541534 10.7016478
v -1.03539801 170.974503 13.0572958
v -1.64323461 170.623581 15.0543184
v -2.99804997 169.8414 16.3886833
v -3.14985061 169.753754 4.75099277
v -3.93724322 170.541153 4.7509923
v -2.92144561 172.300537 5.94896746
v -2.34154034 173.304977 8.25343037
v -2.14946437 173.637665 10.7016468
v -2.71646357 172.655594 13.0572958
v -3.06739688 172.047745 15.0543184
v -3.84960103 170.692947 16.3886833
v 1.12930834 166.435974 8.6306572
v 0.850071132 166.274765 10.6855698
v 0.206088468 168.678131 10.6855688
v 0.528524518 168.678131 8.6306572
v 0.850071132 171.081528 10.6855688
v 1.12931001 170.920303 8.63065815
v -4.89778376 182.296951 -19.5625763
v -3.99902439 185.18425 -16.4106274
v -1.46375167 188.792557 -7.51942062
v -5.46276665 178.934555 -21.5439606
v -2.82774138 187.399811 -12.3029356
v -5.65471983 175.327423 -22.2262192
v -5.22497368 187.399811 -9.97611427
v -2.70464969 188.792557 -6.31497097
v -10.4508648 175.327606 -17.5718365
v -10.0938616 178.934555 -17.0488949
v -7.38922405 185.18425 -13.1200027
v -9.04991055 182.296951 -15.5324011
v -3.53379154 188.792557 -4.51238298
v -13.1882658 178.934555 -10.3215399
v -11.824276 182.296951 -9.50082207
v -6.82675362 187.399811 -6.49378157
v -13.6559296 175.327805 -10.6049986
v -9.65448189 185.18425 -8.19523907
v -10.4499321 185.18425 -2.38608503
v -7.38921976 187.399811 -2.38608503
v -12.798502 182.296951 -2.38608456
v -3.82494569 188.792557 -2.38608551
v -14.2748671 178.934555 -2.38608336
v -14.7815161 175.327896 -2.38608313
v -6.82674932 187.399811 1.72160566
v -3.53378916 188.792557 -0.259790599
v -13.6559296 175.327805 5.83283138
v -13.1882591 178.934555 5.54937267
v -9.65447807 185.18425 3.42306662
v -11.8242722 182.296951 4.72864962
v -9.04990578 182.296951 10.7602291
v -7.38921976 185.18425 8.34782887
v -2.70464849 188.792557 1.54279554
v -10.0938587 178.934555 12.276721
v -5.22497225 187.399811 5.20393991
v -10.450861 175.327606 12.7996655
v -3.99902058 185.18425 11.6384497
v -2.82773972 187.399811 7.5307579
v -4.89777803 182.296951 14.7903957
v -1.46375048 188.792557 2.74724722
v -5.46275902 178.934555 16.7717934
v -5.6547122 175.327423 17.4540424

# 4773 UV coordinates
vt 0.0861700401 0.82882905 0
vt 0.0898522288 0.855720699 0
vt 0.0705092177 0.85728389 0
vt 0.0689680055 0.829646349 0
vt 0.0634184033 0.792903244 0
vt 0.0798256248 0.791193187 0
vt 0.0788060352 0.751038492 0
vt 0.0618988499 0.751661956 0
vt 0.0721556023 0.701657534 0
vt 0.0898522586 0.712732792 0
vt 0.947663963 0.361076146 0
vt 0.947572887 0.370920718 0
vt 0.940408111 0.370920718 0
vt 0.940330088 0.360613137 0
vt 0.831919611 0.288571298 0
vt 0.839257121 0.28849858 0
vt 0.84024328 0.298684627 0
vt 0.831541955 0.298684627 0
vt 0.228007853 0.744862974 0
vt 0.231062979 0.733957887 0
vt 0.238107279 0.739081681 0
vt 0.235754848 0.750425816 0
vt 0.235426486 0.763249457 0
vt 0.226614073 0.756434739 0
vt 0.228185147 0.769163072 0
vt 0.238107279 0.777591228 0
vt 0.893021226 0.368113518 0
vt 0.880487204 0.362753123 0
vt 0.872810662 0.351597458 0
vt 0.889012039 0.355321378 0
vt 0.88667053 0.3399176 0
vt 0.866789103 0.336565793 0
vt 0.870503485 0.315704525 0
vt 0.893021226 0.319188893 0
vt 0.902527988 0.807319283 0
vt 0.916862786 0.807774067 0
vt 0.91730988 0.819380999 0
vt 0.903076589 0.818470895 0
vt 0.593145072 0.41678381 0
vt 0.606937706 0.414900661 0
vt 0.61446929 0.443598986 0
vt 0.601816952 0.44766292 0
vt 0.618755519 0.467408359 0
vt 0.630138576 0.462034643 0
vt 0.638972819 0.473897904 0
vt 0.627054393 0.478821248 0
vt 0.641068339 0.523033917 0
vt 0.655232251 0.521218121 0
vt 0.656784117 0.531238973 0
vt 0.649740934 0.533502042 0
vt 0.910033524 0.796079755 0
vt 0.9171893 0.797710776 0
vt 0.639699161 0.511592925 0
vt 0.65382272 0.50958389 0
vt 0.912160158 0.784134209 0
vt 0.91730988 0.783932507 0
vt 0.596415937 0.37813881 0
vt 0.610583842 0.378683209 0
vt 0.639793634 0.561192453 0
vt 0.649548173 0.568838239 0
vt 0.633359015 0.580760598 0
vt 0.622380316 0.573875189 0
vt 0.382259607 0.986945271 0
vt 0.376639724 0.986945271 0
vt 0.376920849 0.979806781 0
vt 0.38203907 0.979822576 0
vt 0.616871655 0.342377663 0
vt 0.630162716 0.344924629 0
vt 0.973039031 0.97397387 0
vt 0.964676857 0.971840918 0
vt 0.964526832 0.954627335 0
vt 0.973039091 0.956685603 0
vt 0.636594474 0.500112653 0
vt 0.650423586 0.497232199 0
vt 0.606698155 0.681496084 0
vt 0.618952632 0.68018806 0
vt 0.649548173 0.727292836 0
vt 0.873133779 0.372344434 0
vt 0.866804302 0.360798419 0
vt 0.632416844 0.489200234 0
vt 0.645501316 0.485298574 0
vt 0.593145072 0.64122802 0
vt 0.606431961 0.643401086 0
vt 0.658603847 0.315704525 0
vt 0.903292298 0.82975328 0
vt 0.917111278 0.831714392 0
vt 0.916820645 0.843440175 0
vt 0.903872073 0.840288222 0
vt 0.599882841 0.603505075 0
vt 0.612602055 0.608277142 0
vt 0.658603847 0.544810057 0
vt 0.652941465 0.544716477 0
vt 0.901566505 0.887984455 0
vt 0.894347429 0.88864857 0
vt 0.894751489 0.873908103 0
vt 0.899425864 0.868482828 0
vt 0.906106234 0.872358561 0
vt 0.909649611 0.886538267 0
vt 0.909897745 0.900656879 0
vt 0.904571176 0.906704068 0
vt 0.898582637 0.90223372 0
vt 0.935910642 0.876040399 0
vt 0.934116423 0.88753587 0
vt 0.930205882 0.881351531 0
vt 0.929872274 0.871734679 0
vt 0.933380306 0.86464709 0
vt 0.938390076 0.86483103 0
vt 0.942824781 0.87112391 0
vt 0.942634165 0.880632281 0
vt 0.939667881 0.888056278 0
vt 0.903876662 0.928744256 0
vt 0.904780447 0.938733101 0
vt 0.897444427 0.942768037 0
vt 0.894550383 0.936220586 0
vt 0.917253971 0.485397995 0
vt 0.919323206 0.473752826 0
vt 0.927321494 0.478538752 0
vt 0.927842736 0.488289833 0
vt 0.928251684 0.4936364 0
vt 0.920363665 0.494241536 0
vt 0.912193835 0.928283632 0
vt 0.910603642 0.936795115 0
vt 0.886617303 0.278599828 0
vt 0.888481438 0.292851776 0
vt 0.878226757 0.293026805 0
vt 0.874871075 0.280748427 0
vt 0.87489897 0.269899487 0
vt 0.884760737 0.265878439 0
vt 0.895165861 0.267557263 0
vt 0.8983711 0.277981728 0
vt 0.898210943 0.290630192 0
vt 0.92387104 0.527568519 0
vt 0.922023118 0.51548332 0
vt 0.928411245 0.516719222 0
vt 0.931612909 0.525141895 0
vt 0.931966841 0.534176469 0
vt 0.926843822 0.539030492 0
vt 0.921345949 0.537294865 0
vt 0.917253971 0.529371917 0
vt 0.917759657 0.519867539 0
vt 0.745165348 0.938781917 0
vt 0.738594651 0.933877945 0
vt 0.743158281 0.926916361 0
vt 0.74864006 0.928256512 0
vt 0.754312515 0.93202436 0
vt 0.753657281 0.940764248 0
vt 0.750591218 0.945446372 0
vt 0.743611872 0.946385682 0
vt 0.739430428 0.94035238 0
vt 0.865946114 0.885316968 0
vt 0.863713026 0.866457403 0
vt 0.870511711 0.870732605 0
vt 0.87417376 0.884385049 0
vt 0.874390006 0.899118721 0
vt 0.868970275 0.904753029 0
vt 0.862802863 0.900907338 0
vt 0.858509541 0.886825323 0
vt 0.85889262 0.87255913 0
vt 0.945914745 0.104628168 0
vt 0.952590823 0.100124039 0
vt 0.952906668 0.109464265 0
vt 0.948468447 0.115811579 0
vt 0.94375962 0.115977548 0
vt 0.940254509 0.108763523 0
vt 0.940737903 0.0990227163 0
vt 0.944376886 0.0930759832 0
vt 0.949866772 0.0927368179 0
vt 0.520903528 0.933626652 0
vt 0.529623389 0.936367333 0
vt 0.529102743 0.944434464 0
vt 0.523794651 0.944687963 0
vt 0.513892829 0.943853974 0
vt 0.509199858 0.935375392 0
vt 0.866568983 0.929165244 0
vt 0.875895679 0.936662912 0
vt 0.872757792 0.943460226 0
vt 0.865408123 0.939678609 0
vt 0.859977424 0.937408388 0
vt 0.858509541 0.928382874 0
vt 0.367417455 0.895393848 0
vt 0.360432476 0.895091176 0
vt 0.362658978 0.888625443 0
vt 0.369095802 0.88793242 0
vt 0.375264615 0.890578449 0
vt 0.374434173 0.897225857 0
vt 0.372353315 0.905502141 0
vt 0.365770847 0.904384673 0
vt 0.359532177 0.903578699 0
vt 0.928187788 0.0228844546 0
vt 0.921772301 0.0207236093 0
vt 0.925798535 0.0128702205 0
vt 0.931139112 0.0114544863 0
vt 0.936240196 0.01639059 0
vt 0.935848057 0.0254553538 0
vt 0.932774782 0.0336122774 0
vt 0.926481247 0.0347244926 0
vt 0.9223634 0.030122634 0
vt 0.0680487603 0.931830287 0
vt 0.0666990802 0.924139023 0
vt 0.0735451579 0.924940467 0
vt 0.076385051 0.929662704 0
vt 0.077133745 0.938433766 0
vt 0.0715500563 0.942342043 0
vt 0.0663822144 0.943724751 0
vt 0.0618640855 0.936818421 0
vt 0.0627841428 0.930250585 0
vt 0.968426108 0.417688221 0
vt 0.967386782 0.411163598 0
vt 0.971280575 0.409796 0
vt 0.973151743 0.415053248 0
vt 0.9293347 0.542020142 0
vt 0.935693443 0.53599745 0
vt 0.552515745 0.972093284 0
vt 0.552515745 0.981205106 0
vt 0.548087001 0.980693102 0
vt 0.54693526 0.974025369 0
vt 0.927572012 0.0392178819 0
vt 0.935369194 0.03768811 0
vt 0.935693443 0.523502052 0
vt 0.930907071 0.512416661 0
vt 0.970507443 0.154580668 0
vt 0.969729245 0.143250689 0
vt 0.973624408 0.144056678 0
vt 0.975298047 0.152310371 0
vt 0.97549367 0.158598691 0
vt 0.972255707 0.162880301 0
vt 0.970212221 0.56934762 0
vt 0.971908271 0.558847129 0
vt 0.975173533 0.562583983 0
vt 0.975024521 0.570488274 0
vt 0.973342001 0.579228461 0
vt 0.96944356 0.581224442 0
vt 0.956170678 0.0981309041 0
vt 0.956170678 0.110810719 0
vt 0.952058554 0.0883309543 0
vt 0.922906935 0.510624051 0
vt 0.973285854 0.443196625 0
vt 0.967386782 0.441237718 0
vt 0.968504846 0.434601665 0
vt 0.973285794 0.434070647 0
vt 0.933782518 0.00819122139 0
vt 0.940061092 0.0144527042 0
vt 0.970768273 0.135430008 0
vt 0.97549367 0.137947381 0
vt 0.903741419 0.951418698 0
vt 0.894347429 0.953332365 0
vt 0.912193835 0.945183635 0
vt 0.520779192 0.954343736 0
vt 0.509013295 0.951079488 0
vt 0.529623389 0.951738954 0
vt 0.926947474 0.466142654 0
vt 0.934931338 0.473934412 0
vt 0.265573055 0.940456688 0
vt 0.26176548 0.931126356 0
vt 0.270117521 0.93127048 0
vt 0.275560141 0.937153041 0
vt 0.275560141 0.946139574 0
vt 0.269092619 0.951226294 0
vt 0.26050818 0.952209711 0
vt 0.255297989 0.945199549 0
vt 0.888313591 0.298736244 0
vt 0.878757834 0.298736244 0
vt 0.897557616 0.296476394 0
vt 0.979168713 0.236821741 0
vt 0.979168773 0.245999053 0
vt 0.973418772 0.244475946 0
vt 0.972743571 0.238425195 0
vt 0.972917199 0.231506392 0
vt 0.978481531 0.227210298 0
vt 0.947242975 0.327158868 0
vt 0.948459268 0.338774085 0
vt 0.942561686 0.344230682 0
vt 0.940330088 0.332390875 0
vt 0.94044584 0.320256144 0
vt 0.946434736 0.316189885 0
vt 0.953190506 0.315704525 0
vt 0.954563916 0.322573185 0
vt 0.954563916 0.331279367 0
vt 0.913495958 0.885013461 0
vt 0.913495958 0.90446043 0
vt 0.908395231 0.866269946 0
vt 0.568662643 0.825490415 0
vt 0.567878783 0.805705845 0
vt 0.571794271 0.809031546 0
vt 0.573469043 0.823117554 0
vt 0.573706746 0.838153601 0
vt 0.570463896 0.845004618 0
vt 0.752359986 0.920852363 0
vt 0.759049594 0.927324891 0
vt 0.743994296 0.920422912 0
vt 0.978106141 0.649851859 0
vt 0.97930938 0.641593158 0
vt 0.982701182 0.644240558 0
vt 0.982701182 0.650466621 0
vt 0.982196629 0.656769574 0
vt 0.97871387 0.658492029 0
vt 0.946723044 0.149196148 0
vt 0.947443008 0.137584955 0
vt 0.953352928 0.141809329 0
vt 0.953352928 0.15501754 0
vt 0.951959074 0.165840894 0
vt 0.946164429 0.16020067 0
vt 0.940690637 0.151042789 0
vt 0.940254509 0.142768025 0
vt 0.941597402 0.135430008 0
vt 0.412121832 0.96061933 0
vt 0.413660794 0.950422108 0
vt 0.416918516 0.955997109 0
vt 0.416918516 0.964590967 0
vt 0.415370613 0.970964313 0
vt 0.411488563 0.970661044 0
vt 0.0820325911 0.932700634 0
vt 0.0820325911 0.943005502 0
vt 0.408230811 0.956492245 0
vt 0.410483181 0.949997962 0
vt 0.841146708 0.75532192 0
vt 0.844928324 0.767361462 0
vt 0.836040914 0.767441988 0
vt 0.830356181 0.759263396 0
vt 0.830633759 0.751308501 0
vt 0.837723613 0.745456636 0
vt 0.846891046 0.747055769 0
vt 0.852295756 0.753554702 0
vt 0.852295756 0.763212025 0
vt 0.968160033 0.399018377 0
vt 0.969909847 0.38872689 0
vt 0.973151743 0.393174201 0
vt 0.972952187 0.401050836 0
vt 0.940061092 0.026859045 0
vt 0.940130174 0.861475945 0
vt 0.94578898 0.869580626 0
vt 0.933046818 0.860939562 0
vt 0.978913665 0.469377458 0
vt 0.980405271 0.462304533 0
vt 0.984068573 0.465066522 0
vt 0.984068573 0.470507652 0
vt 0.983067095 0.476093233 0
vt 0.979033828 0.477154732 0
vt 0.436792821 0.960132957 0
vt 0.438207507 0.970300734 0
vt 0.435508728 0.970831215 0
vt 0.433294833 0.964327514 0
vt 0.759049594 0.937529325 0
vt 0.436921507 0.950281978 0
vt 0.440820694 0.949997962 0
vt 0.441834182 0.956255257 0
vt 0.441834182 0.964851797 0
vt 0.365171015 0.91546905 0
vt 0.37470004 0.915736735 0
vt 0.375264615 0.922943771 0
vt 0.365025789 0.924303889 0
vt 0.355528265 0.919983208 0
vt 0.356096596 0.912951827 0
vt 0.651871979 0.796256304 0
vt 0.649394453 0.789279044 0
vt 0.65322262 0.785708785 0
vt 0.656176031 0.79163146 0
vt 0.906724751 0.911901176 0
vt 0.871033192 0.912000418 0
vt 0.862342775 0.906816602 0
vt 0.877971113 0.904419005 0
vt 0.648558199 0.769399643 0
vt 0.649378777 0.749803245 0
vt 0.653215647 0.756479323 0
vt 0.653690696 0.771488905 0
vt 0.877971113 0.88484323 0
vt 0.872749686 0.866080761 0
vt 0.94578898 0.882544279 0
vt 0.941535056 0.892541945 0
vt 0.471393317 0.96832633 0
vt 0.471393317 0.980527818 0
vt 0.467513084 0.978282809 0
vt 0.466435552 0.969327867 0
vt 0.466476768 0.961332142 0
vt 0.469993234 0.957550526 0
vt 0.899864316 0.860939562 0
vt 0.65187192 0.743675292 0
vt 0.656175971 0.752195656 0
vt 0.864023447 0.860939562 0
vt 0.568979561 0.798723817 0
vt 0.573706746 0.803042471 0
vt 0.978106141 0.683996916 0
vt 0.979427397 0.674874425 0
vt 0.982761145 0.677060544 0
vt 0.98247999 0.684054196 0
vt 0.982761145 0.689421535 0
vt 0.979514003 0.691579759 0
vt 0.0755859688 0.949606538 0
vt 0.0675223097 0.950139821 0
vt 0.938294291 0.485519052 0
vt 0.936315954 0.494241565 0
vt 0.866717279 0.952133954 0
vt 0.858731985 0.945701122 0
vt 0.875895679 0.953797758 0
vt 0.970410824 0.587173223 0
vt 0.975173533 0.583857477 0
vt 0.93443197 0.891749084 0
vt 0.991367102 0.360723168 0
vt 0.991367102 0.368041366 0
vt 0.987956405 0.366008222 0
vt 0.986798108 0.360613137 0
vt 0.950674236 0.119047567 0
vt 0.61179477 0.789440393 0
vt 0.631139398 0.794083476 0
vt 0.626525521 0.816137731 0
vt 0.612280786 0.82169348 0
vt 0.598504722 0.809451759 0
vt 0.593145072 0.783761978 0
vt 0.598176241 0.759942889 0
vt 0.612003684 0.756151915 0
vt 0.626443386 0.768548012 0
vt 0.123938255 0.747088671 0
vt 0.117929369 0.714366436 0
vt 0.132701665 0.716484904 0
vt 0.141803727 0.738075316 0
vt 0.141803727 0.762937963 0
vt 0.130102932 0.778459609 0
vt 0.115367152 0.776313484 0
vt 0.106228575 0.754750788 0
vt 0.106434301 0.72781378 0
vt 0.929698944 0.20891574 0
vt 0.925852537 0.226851866 0
vt 0.914910078 0.219522476 0
vt 0.913821578 0.206257969 0
vt 0.916976929 0.190120101 0
vt 0.929698944 0.186879992 0
vt 0.612999856 0.743675292 0
vt 0.632181823 0.760839164 0
vt 0.593910336 0.748358607 0
vt 0.116134092 0.701657534 0
vt 0.135855407 0.705153167 0
vt 0.789890468 0.91854769 0
vt 0.795591533 0.904842615 0
vt 0.811127245 0.911998928 0
vt 0.811376631 0.923928797 0
vt 0.807035804 0.932445526 0
vt 0.79006815 0.932445526 0
vt 0.613369405 0.831064045 0
vt 0.632181823 0.824221611 0
vt 0.853595555 0.039757397 0
vt 0.84863013 0.00819122139 0
vt 0.860950708 0.0151308943 0
vt 0.867770553 0.037730474 0
vt 0.867770553 0.0620292053 0
vt 0.859072208 0.0719485134 0
vt 0.847149253 0.0654949918 0
vt 0.839931786 0.0424092934 0
vt 0.840329468 0.0185966454 0
vt 0.872078538 0.81370014 0
vt 0.876262724 0.783932507 0
vt 0.886151612 0.794136107 0
vt 0.886151612 0.817032874 0
vt 0.879377246 0.839331329 0
vt 0.868398488 0.844557166 0
vt 0.85890162 0.835201085 0
vt 0.858509541 0.811456859 0
vt 0.865675986 0.790005803 0
vt 0.499687135 0.00819122139 0
vt 0.493738949 0.0243708696 0
vt 0.477292985 0.0359929428 0
vt 0.485480875 0.0211593583 0
vt 0.548748851 0.763265789 0
vt 0.549048483 0.776997209 0
vt 0.528853178 0.782341421 0
vt 0.528911352 0.768982768 0
vt 0.565860629 0.752234578 0
vt 0.566672623 0.764587104 0
vt 0.509434521 0.780832589 0
vt 0.509294808 0.767253041 0
vt 0.434828788 0.130537286 0
vt 0.424849004 0.152566895 0
vt 0.408230811 0.153763339 0
vt 0.417721182 0.131808221 0
vt 0.456816375 0.12320976 0
vt 0.446926236 0.145214692 0
vt 0.698247075 0.538143337 0
vt 0.69693917 0.519349515 0
vt 0.715499818 0.519940138 0
vt 0.716588557 0.538766801 0
vt 0.481334656 0.111468263 0
vt 0.472180039 0.133462489 0
vt 0.491769701 0.291115403 0
vt 0.499687165 0.330106556 0
vt 0.483395606 0.341630965 0
vt 0.475247145 0.302629352 0
vt 0.683328748 0.355807155 0
vt 0.68500191 0.315704525 0
vt 0.700743318 0.316438109 0
vt 0.699543655 0.356571645 0
vt 0.468537807 0.34881255 0
vt 0.459881604 0.309872627 0
vt 0.719235659 0.316643208 0
vt 0.718351424 0.356789351 0
vt 0.694800973 0.478144974 0
vt 0.714592636 0.478597134 0
vt 0.693818152 0.437344134 0
vt 0.714384854 0.437647223 0
vt 0.696073711 0.397003978 0
vt 0.715984046 0.397265673 0
vt 0.45156014 0.185826242 0
vt 0.43113637 0.19329308 0
vt 0.456229478 0.225706175 0
vt 0.43767947 0.233304903 0
vt 0.465052873 0.264379948 0
vt 0.447912663 0.271838814 0
vt 0.681095421 0.517485321 0
vt 0.67731148 0.476661772 0
vt 0.674980164 0.436357021 0
vt 0.678204119 0.396131277 0
vt 0.474837214 0.173821032 0
vt 0.475817144 0.213799849 0
vt 0.482782751 0.252690673 0
vt 0.4924272 0.0464208275 0
vt 0.472237319 0.0576593094 0
vt 0.489802659 0.0679786056 0
vt 0.466898471 0.0792609379 0
vt 0.48641777 0.0896702632 0
vt 0.462113798 0.101149544 0
vt 0.700709939 0.614798188 0
vt 0.698580146 0.596975327 0
vt 0.717681527 0.597466469 0
vt 0.719235659 0.61510247 0
vt 0.696705222 0.57918638 0
vt 0.716144502 0.579876602 0
vt 0.697150946 0.559030652 0
vt 0.71611768 0.55973798 0
vt 0.453447998 0.0646379441 0
vt 0.460550994 0.0430215076 0
vt 0.444666415 0.0860877633 0
vt 0.439400077 0.10822811 0
vt 0.684224129 0.614469826 0
vt 0.682004273 0.595467448 0
vt 0.427859694 0.0869720206 0
vt 0.438643992 0.065670073 0
vt 0.421863168 0.109280869 0
vt 0.532024324 0.716534317 0
vt 0.529588938 0.738989294 0
vt 0.5100137 0.737122178 0
vt 0.514039159 0.714811325 0
vt 0.529023647 0.756200016 0
vt 0.509013295 0.754301429 0
vt 0.56609565 0.701770306 0
vt 0.566433728 0.724216044 0
vt 0.549307227 0.733747542 0
vt 0.550224066 0.711850166 0
vt 0.566144645 0.740161836 0
vt 0.549082935 0.750899553 0
vt 0.575737 0.686756968 0
vt 0.576768756 0.707163513 0
vt 0.576768756 0.724377394 0
vt 0.576342702 0.738348067 0
vt 0.564453542 0.879419386 0
vt 0.561230421 0.881092727 0
vt 0.557229221 0.878704071 0
vt 0.558027208 0.875949681 0
vt 0.94565928 0.625163496 0
vt 0.943894088 0.619835317 0
vt 0.947580457 0.619694591 0
vt 0.950123906 0.623981118 0
vt 0.962393582 0.0416732952 0
vt 0.958323836 0.0395704024 0
vt 0.960000277 0.0349796936 0
vt 0.963483989 0.0349914767 0
vt 0.568189025 0.885723293 0
vt 0.564088225 0.885594368 0
vt 0.891922235 0.525634348 0
vt 0.886072934 0.524305701 0
vt 0.885509372 0.513937354 0
vt 0.892553329 0.515571356 0
vt 0.900877655 0.516149998 0
vt 0.898776412 0.526134729 0
vt 0.896128714 0.531315446 0
vt 0.891732991 0.532983184 0
vt 0.888237298 0.530179381 0
vt 0.69699055 0.981635332 0
vt 0.698822558 0.982699513 0
vt 0.698287964 0.984541833 0
vt 0.696957111 0.983932555 0
vt 0.979146063 0.737565637 0
vt 0.976875961 0.737247527 0
vt 0.977120817 0.735562682 0
vt 0.978785932 0.735997975 0
vt 0.915931582 0.246507406 0
vt 0.913821578 0.245812714 0
vt 0.914348543 0.243370131 0
vt 0.915931582 0.243234307 0
vt 0.934380114 0.953614414 0
vt 0.935606658 0.956599832 0
vt 0.93452704 0.957541883 0
vt 0.933730841 0.955360949 0
vt 0.322559059 0.978304505 0
vt 0.325132102 0.979632974 0
vt 0.324186236 0.982442617 0
vt 0.321974874 0.981710494 0
vt 0.320560575 0.982693315 0
vt 0.320315868 0.980480969 0
vt 0.96066463 0.494241565 0
vt 0.957984805 0.49261272 0
vt 0.959990442 0.490360558 0
vt 0.962537348 0.49112013 0
vt 0.952672482 0.558847129 0
vt 0.953067303 0.562179923 0
vt 0.951142907 0.563230574 0
vt 0.950728774 0.560842693 0
vt 0.949515522 0.246621057 0
vt 0.946075261 0.246621057 0
vt 0.946614265 0.243101597 0
vt 0.949126482 0.242372647 0
vt 0.951654911 0.241206229 0
vt 0.952851772 0.243927717 0
vt 0.835703552 0.940230072 0
vt 0.832083285 0.93838203 0
vt 0.834715664 0.93589288 0
vt 0.838138819 0.936898649 0
vt 0.949702322 0.38872689 0
vt 0.951010466 0.392354786 0
vt 0.948501945 0.393585026 0
vt 0.947007716 0.391024888 0
vt 0.427754074 0.903648317 0
vt 0.424357116 0.907254875 0
vt 0.421470761 0.904268205 0
vt 0.423968434 0.901497722 0
vt 0.951989591 0.722937226 0
vt 0.95274049 0.719302535 0
vt 0.955845058 0.721107662 0
vt 0.955991626 0.725269616 0
vt 0.956579924 0.729597867 0
vt 0.951895475 0.726870596 0
vt 0.429641157 0.907101095 0
vt 0.425677091 0.911324143 0
vt 0.954989612 0.207763553 0
vt 0.951099515 0.206097633 0
vt 0.950912893 0.20031029 0
vt 0.953947186 0.201612279 0
vt 0.94105196 0.409867316 0
vt 0.941974699 0.403668165 0
vt 0.944918931 0.404930621 0
vt 0.944975555 0.411458462 0
vt 0.946094036 0.417176247 0
vt 0.941495001 0.415311098 0
vt 0.956367254 0.21309869 0
vt 0.951804459 0.211143538 0
vt 0.420014322 0.915879786 0
vt 0.417866319 0.92358768 0
vt 0.416810364 0.916881502 0
vt 0.418329418 0.910921156 0
vt 0.420569122 0.921438098 0
vt 0.418024898 0.930479288 0
vt 0.551702559 0.896852553 0
vt 0.54693526 0.891576827 0
vt 0.548946261 0.887124538 0
vt 0.55257982 0.891259611 0
vt 0.557694435 0.89508754 0
vt 0.558476567 0.901693344 0
vt 0.560925782 0.907708764 0
vt 0.552985728 0.902034819 0
vt 0.547389567 0.895854175 0
vt 0.95295012 0.527131498 0
vt 0.956243515 0.52758801 0
vt 0.955360472 0.532337904 0
vt 0.953001976 0.532071292 0
vt 0.971534908 0.326144367 0
vt 0.97252053 0.321325868 0
vt 0.974755764 0.322436929 0
vt 0.974298954 0.32763359 0
vt 0.974180043 0.332626849 0
vt 0.970940232 0.330881208 0
vt 0.954707265 0.522592008 0
vt 0.958567619 0.523127079 0
vt 0.697461843 0.988421977 0
vt 0.696204782 0.988540411 0
vt 0.696023643 0.985112488 0
vt 0.698822558 0.98789233 0
vt 0.14350915 0.899744272 0
vt 0.141968489 0.89911437 0
vt 0.142750964 0.894195318 0
vt 0.143714532 0.894591749 0
vt 0.144460887 0.89431864 0
vt 0.144704714 0.89931041 0
vt 0.976949394 0.730901837 0
vt 0.978135467 0.729804635 0
vt 0.979329288 0.7337026 0
vt 0.975633919 0.731931627 0
vt 0.97451371 0.725564301 0
vt 0.975344658 0.724917233 0
vt 0.976094127 0.724227726 0
vt 0.946580768 0.566194117 0
vt 0.945284843 0.564709783 0
vt 0.948708415 0.561008513 0
vt 0.948540926 0.567392945 0
vt 0.945166409 0.573861361 0
vt 0.943011224 0.57283783 0
vt 0.941824317 0.571378469 0
vt 0.651121974 0.855149448 0
vt 0.655884981 0.855004072 0
vt 0.654863 0.865217209 0
vt 0.648755848 0.865398109 0
vt 0.641210556 0.865413666 0
vt 0.645170271 0.85515821 0
vt 0.648994863 0.849436939 0
vt 0.653383493 0.847446501 0
vt 0.655650914 0.849341154 0
vt 0.322562158 0.9871732 0
vt 0.320320517 0.98656714 0
vt 0.325132102 0.986849844 0
vt 0.973695159 0.315704525 0
vt 0.976270676 0.316718847 0
vt 0.956092536 0.538329542 0
vt 0.957942188 0.538344741 0
vt 0.556514144 0.885522902 0
vt 0.55293417 0.881141484 0
vt 0.561372936 0.889686644 0
vt 0.412955999 0.908191264 0
vt 0.411749274 0.914301515 0
vt 0.408956021 0.911691546 0
vt 0.408230811 0.90662837 0
vt 0.411397517 0.901669502 0
vt 0.415572077 0.901429355 0
vt 0.955442369 0.194441095 0
vt 0.952250659 0.193059579 0
vt 0.953172147 0.18898657 0
vt 0.956367254 0.188610524 0
vt 0.944195867 0.396696299 0
vt 0.946937263 0.39808163 0
vt 0.944553852 0.613413155 0
vt 0.94865793 0.614876926 0
vt 0.942043006 0.619052529 0
vt 0.941824317 0.614176512 0
vt 0.954954565 0.713955522 0
vt 0.958137393 0.715785503 0
vt 0.945947886 0.607765079 0
vt 0.950123906 0.609580934 0
vt 0.565407515 0.890718579 0
vt 0.961964667 0.0300160367 0
vt 0.958251894 0.0309190117 0
vt 0.95670712 0.0258791577 0
vt 0.960348189 0.0249467269 0
vt 0.562152743 0.895853341 0
vt 0.94868356 0.23770906 0
vt 0.952178955 0.237433895 0
vt 0.948375523 0.192398638 0
vt 0.950377464 0.186879992 0
vt 0.94714433 0.19964011 0
vt 0.953233719 0.293416321 0
vt 0.951080859 0.286431581 0
vt 0.954245448 0.286358058 0
vt 0.956172228 0.293273926 0
vt 0.23173295 0.876012444 0
vt 0.226577356 0.876106083 0
vt 0.221759394 0.866000116 0
vt 0.228351131 0.865881264 0
vt 0.235796764 0.865778029 0
vt 0.237594292 0.875931859 0
vt 0.238516018 0.881526768 0
vt 0.235890403 0.883522928 0
vt 0.231672257 0.88163507 0
vt 0.829947054 0.932648659 0
vt 0.83357358 0.931422353 0
vt 0.958456218 0.291794389 0
vt 0.959900141 0.297128171 0
vt 0.957547188 0.296909422 0
vt 0.95685178 0.285012722 0
vt 0.828701496 0.925569952 0
vt 0.83214438 0.9244349 0
vt 0.911891937 0.619871557 0
vt 0.911198258 0.615262449 0
vt 0.914393425 0.615484655 0
vt 0.915538371 0.619304836 0
vt 0.915407479 0.623560488 0
vt 0.912391603 0.624766231 0
vt 0.909045517 0.624766231 0
vt 0.908051491 0.620723844 0
vt 0.887222767 0.625210762 0
vt 0.886199594 0.621589005 0
vt 0.890115142 0.619127989 0
vt 0.891675115 0.621923268 0
vt 0.8931427 0.505638301 0
vt 0.88723433 0.504160166 0
vt 0.889513552 0.493567169 0
vt 0.893733561 0.494701713 0
vt 0.899118125 0.494876266 0
vt 0.900347233 0.506048024 0
vt 0.956639111 0.488349885 0
vt 0.959184587 0.486832321 0
vt 0.959310591 0.536845088 0
vt 0.96230793 0.541458428 0
vt 0.960343897 0.541429043 0
vt 0.956826091 0.530954301 0
vt 0.956103861 0.4828417 0
vt 0.958222926 0.481282681 0
vt 0.390272856 0.945329309 0
vt 0.389217287 0.945545077 0
vt 0.389290392 0.942143142 0
vt 0.39007473 0.940686285 0
vt 0.391597062 0.941987216 0
vt 0.391813397 0.945380986 0
vt 0.391813397 0.950470865 0
vt 0.390837669 0.950440764 0
vt 0.390167207 0.950579047 0
vt 0.932032168 0.960553288 0
vt 0.930669129 0.959593773 0
vt 0.932109714 0.955861747 0
vt 0.933437765 0.961504638 0
vt 0.931610465 0.967163444 0
vt 0.930727959 0.966563761 0
vt 0.929872274 0.965959013 0
vt 0.949808717 0.567545354 0
vt 0.961609066 0.486424655 0
vt 0.960280418 0.480745226 0
vt 0.946816742 0.573797286 0
vt 0.949405849 0.398156673 0
vt 0.837090969 0.930897772 0
vt 0.835575044 0.923878312 0
vt 0.947713196 0.404909104 0
vt 0.196907654 0.891497731 0
vt 0.197282538 0.891089261 0
vt 0.19699274 0.893619418 0
vt 0.196534276 0.894117355 0
vt 0.978333235 0.715404928 0
vt 0.976995587 0.717685699 0
vt 0.976530492 0.718044996 0
vt 0.977951407 0.715699255 0
vt 0.978803396 0.714531481 0
vt 0.979329288 0.713955522 0
vt 0.197267607 0.889771223 0
vt 0.197462887 0.889941037 0
vt 0.144369483 0.884165883 0
vt 0.144704729 0.88404119 0
vt 0.144591868 0.886783123 0
vt 0.144181699 0.886935234 0
vt 0.143650591 0.886714518 0
vt 0.143935099 0.883984923 0
vt 0.144120857 0.882556021 0
vt 0.144453391 0.882211149 0
vt 0.144649938 0.882594764 0
vt 0.951010466 0.421525359 0
vt 0.947261333 0.421594739 0
vt 0.950526416 0.417094171 0
vt 0.83812809 0.907494843 0
vt 0.838138819 0.911956668 0
vt 0.832937598 0.912830114 0
vt 0.833730698 0.908231497 0
vt 0.834206402 0.906076074 0
vt 0.836891055 0.904842615 0
vt 0.95027107 0.423991799 0
vt 0.947894216 0.423281014 0
vt 0.952528894 0.589139581 0
vt 0.950232685 0.589315474 0
vt 0.94806987 0.585266709 0
vt 0.950784564 0.585058808 0
vt 0.962537348 0.464687824 0
vt 0.962184012 0.469040483 0
vt 0.959229112 0.469927192 0
vt 0.960038006 0.465437859 0
vt 0.960497141 0.463532269 0
vt 0.962105572 0.462304533 0
vt 0.953067303 0.591382623 0
vt 0.951286793 0.59083724 0
vt 0.143660486 0.883517146 0
vt 0.143316895 0.886143982 0
vt 0.934151053 0.975923955 0
vt 0.932711124 0.973702729 0
vt 0.933200359 0.97403729 0
vt 0.934551835 0.976198435 0
vt 0.93522954 0.977146924 0
vt 0.935232699 0.977320194 0
vt 0.143984035 0.881781697 0
vt 0.564468324 0.902575314 0
vt 0.961147189 0.017983228 0
vt 0.956437409 0.0192086324 0
vt 0.957216144 0.0130145596 0
vt 0.962734699 0.0115799299 0
vt 0.567948937 0.908742666 0
vt 0.950246453 0.281015098 0
vt 0.954507768 0.280956626 0
vt 0.946219802 0.205207452 0
vt 0.946075261 0.210092723 0
vt 0.950649858 0.276136965 0
vt 0.955667853 0.2760728 0
vt 0.882704675 0.591724575 0
vt 0.876467586 0.593088269 0
vt 0.87785542 0.582259595 0
vt 0.882353365 0.581207991 0
vt 0.887640953 0.581126511 0
vt 0.889820516 0.59144032 0
vt 0.891675115 0.601294041 0
vt 0.883416235 0.601726532 0
vt 0.876025498 0.60322535 0
vt 0.827753186 0.919685721 0
vt 0.832170606 0.918234348 0
vt 0.958002448 0.279254854 0
vt 0.959740937 0.274073809 0
vt 0.827752948 0.914538383 0
vt 0.648633778 0.87571156 0
vt 0.654930234 0.875541568 0
vt 0.655474842 0.887009084 0
vt 0.649724007 0.88716495 0
vt 0.64305675 0.887187719 0
vt 0.641110301 0.875740409 0
vt 0.884755969 0.612721086 0
vt 0.878628671 0.613937855 0
vt 0.891564667 0.612341404 0
vt 0.882079184 0.620119691 0
vt 0.955855608 0.477477342 0
vt 0.958430946 0.475428224 0
vt 0.958194971 0.52583611 0
vt 0.954670608 0.479390174 0
vt 0.954821527 0.474571168 0
vt 0.956210554 0.472328961 0
vt 0.197370872 0.896567166 0
vt 0.19781819 0.896847486 0
vt 0.198037878 0.900413573 0
vt 0.197401941 0.900012374 0
vt 0.196405604 0.900229335 0
vt 0.196672365 0.896717548 0
vt 0.197552517 0.893499613 0
vt 0.197911665 0.893723905 0
vt 0.931262136 0.970764756 0
vt 0.9306674 0.970342696 0
vt 0.931875587 0.9711833 0
vt 0.142868429 0.889375687 0
vt 0.143283769 0.890089989 0
vt 0.948011279 0.579789937 0
vt 0.945695221 0.57996726 0
vt 0.960951865 0.474671692 0
vt 0.948757052 0.411388576 0
vt 0.836606085 0.917491198 0
vt 0.143951043 0.890366256 0
vt 0.144466922 0.890175879 0
vt 0.975679755 0.720684171 0
vt 0.976204097 0.720204473 0
vt 0.97509855 0.721134305 0
vt 0.196096167 0.897340417 0
vt 0.976082563 0.329919606 0
vt 0.976263404 0.324216843 0
vt 0.942803025 0.57871002 0
vt 0.944679737 0.583793044 0
vt 0.976270676 0.335306346 0
vt 0.231861815 0.830646098 0
vt 0.232823253 0.819759786 0
vt 0.236634448 0.822428942 0
vt 0.237606779 0.830503464 0
vt 0.237303734 0.843929589 0
vt 0.230644092 0.844040751 0
vt 0.224535435 0.844131649 0
vt 0.226659015 0.830676734 0
vt 0.229120567 0.822547853 0
vt 0.951049149 0.745370209 0
vt 0.951341927 0.739876509 0
vt 0.953953981 0.739948511 0
vt 0.954349637 0.744529426 0
vt 0.979860306 0.0151303494 0
vt 0.980829716 0.0112565234 0
vt 0.982465148 0.0138794957 0
vt 0.982208431 0.0179119613 0
vt 0.428021491 0.928820014 0
vt 0.425833672 0.933530629 0
vt 0.423540533 0.932675481 0
vt 0.425268054 0.928686917 0
vt 0.427371591 0.922540843 0
vt 0.429641157 0.921775877 0
vt 0.228731066 0.85550493 0
vt 0.221990436 0.85562396 0
vt 0.236200154 0.855399251 0
vt 0.144372433 0.881223738 0
vt 0.935606658 0.977782965 0
vt 0.935596704 0.97756058 0
vt 0.197665438 0.88922745 0
vt 0.197820246 0.889435947 0
vt 0.14466022 0.881831229 0
vt 0.972256124 0.343801588 0
vt 0.971414924 0.340991795 0
vt 0.973074496 0.340815961 0
vt 0.97398442 0.343124956 0
vt 0.49920395 0.36753276 0
vt 0.499317497 0.36997658 0
vt 0.498197466 0.36957103 0
vt 0.497962028 0.367743522 0
vt 0.4983522 0.365946263 0
vt 0.499317497 0.365195006 0
vt 0.960993707 0.510624051 0
vt 0.96230793 0.512416482 0
vt 0.960840523 0.514422119 0
vt 0.959344506 0.513148427 0
vt 0.95186466 0.690620065 0
vt 0.95480305 0.689947069 0
vt 0.95480305 0.693114579 0
vt 0.952436924 0.694186687 0
vt 0.950166404 0.694172323 0
vt 0.94921416 0.691379249 0
vt 0.949425042 0.688429654 0
vt 0.951580286 0.68713963 0
vt 0.954087734 0.68707031 0
vt 0.975446939 0.340000659 0
vt 0.973678589 0.337734193 0
vt 0.947365224 0.588068962 0
vt 0.950124502 0.59077245 0
vt 0.896657288 0.466142654 0
vt 0.900877655 0.469974965 0
vt 0.898668766 0.473444313 0
vt 0.89526999 0.470686078 0
vt 0.233967438 0.815821111 0
vt 0.238516018 0.819395363 0
vt 0.964040279 0.364427298 0
vt 0.965651751 0.360613137 0
vt 0.970421851 0.361918926 0
vt 0.97020179 0.364630997 0
vt 0.970421791 0.36839667 0
vt 0.965567827 0.369388729 0
vt 0.957043886 0.517534435 0
vt 0.960309148 0.517986953 0
vt 0.952069759 0.520584583 0
vt 0.954812944 0.515836358 0
vt 0.957507372 0.513123274 0
vt 0.956929445 0.741277874 0
vt 0.95561254 0.735418737 0
vt 0.958137393 0.736525416 0
vt 0.555532634 0.906539738 0
vt 0.562248588 0.911339045 0
vt 0.981318235 0.00819122139 0
vt 0.983737469 0.012858157 0
vt 0.422552139 0.92596668 0
vt 0.420394063 0.933615506 0
vt 0.426876694 0.917410851 0
vt 0.955878019 0.217821777 0
vt 0.95202148 0.216170207 0
vt 0.943371356 0.420017183 0
vt 0.953222632 0.697005808 0
vt 0.949387193 0.696248174 0
vt 0.954011202 0.221051455 0
vt 0.951787949 0.219149157 0
vt 0.951651812 0.733113468 0
vt 0.947469056 0.734605551 0
vt 0.946949184 0.728633404 0
vt 0.94870764 0.739425123 0
vt 0.568189025 0.912213445 0
vt 0.963483989 0.00819122139 0
vt 0.958816588 0.00940432306 0
vt 0.983737469 0.0198694821 0
vt 0.981582344 0.0243849792 0
vt 0.980969608 0.0209038984 0
vt 0.952210546 0.270767361 0
vt 0.95643425 0.270709306 0
vt 0.947183967 0.215288103 0
vt 0.949069679 0.219617873 0
vt 0.954351306 0.266154945 0
vt 0.956607878 0.267195672 0
vt 0.650994778 0.900833368 0
vt 0.655884981 0.900651574 0
vt 0.654579759 0.908722699 0
vt 0.651541293 0.911750138 0
vt 0.647271991 0.908827782 0
vt 0.645237446 0.900804698 0
vt 0.829351485 0.909670055 0
vt 0.959900141 0.269022226 0
vt 0.958733559 0.265160412 0
vt 0.831898808 0.906072378 0
vt 0.882094324 0.568669617 0
vt 0.88221103 0.558847129 0
vt 0.885732532 0.561534643 0
vt 0.886776328 0.568698466 0
vt 0.878089368 0.569472492 0
vt 0.8792575 0.562024713 0
vt 0.894369006 0.481628388 0
vt 0.89061296 0.480751574 0
vt 0.892330945 0.472837478 0
vt 0.899123669 0.481682062 0
vt 0.957484722 0.467469424 0
vt 0.962243855 0.516250074 0
vt 0.960855007 0.52107358 0
vt 0.959226131 0.463889778 0
vt 0.197742447 0.89099133 0
vt 0.198037893 0.89117533 0
vt 0.197983831 0.890000463 0
vt 0.561069429 0.128110722 0
vt 0.551939726 0.125008538 0
vt 0.556408405 0.11094854 0
vt 0.565344274 0.113822557 0
vt 0.573681653 0.116766751 0
vt 0.569692314 0.131204769 0
vt 0.565430939 0.145897821 0
vt 0.556373835 0.1430296 0
vt 0.547176659 0.139843181 0
vt 0.544154286 0.122439176 0
vt 0.548653245 0.108653478 0
vt 0.539224267 0.136750177 0
vt 0.328908801 0.196625769 0
vt 0.321530461 0.183507413 0
vt 0.329857856 0.179749981 0
vt 0.336224437 0.192724317 0
vt 0.341983885 0.20543769 0
vt 0.335156083 0.209440202 0
vt 0.553573668 0.0954088494 0
vt 0.560846984 0.0975148156 0
vt 0.341597795 0.221912861 0
vt 0.347744644 0.218227014 0
vt 0.353486985 0.230735645 0
vt 0.348348379 0.233613595 0
vt 0.558832347 0.0830798596 0
vt 0.564970672 0.0849834234 0
vt 0.569002986 0.100003578 0
vt 0.571699202 0.0869799629 0
vt 0.578012884 0.0887535885 0
vt 0.576597035 0.102460884 0
vt 0.147322789 0.147815496 0
vt 0.148329049 0.129179299 0
vt 0.163962752 0.128175229 0
vt 0.16086857 0.146690533 0
vt 0.157890618 0.163570076 0
vt 0.146146148 0.16464977 0
vt 0.148508579 0.108106211 0
vt 0.166228622 0.107125804 0
vt 0.765918434 0.5167557 0
vt 0.770173907 0.527486503 0
vt 0.767754436 0.527659714 0
vt 0.763498962 0.516928852 0
vt 0.147199705 0.0831342638 0
vt 0.166530266 0.0824873224 0
vt 0.182332501 0.107443675 0
vt 0.176890329 0.127692953 0
vt 0.18494381 0.0834907442 0
vt 0.203817636 0.0867176205 0
vt 0.194750324 0.110634811 0
vt 0.18668057 0.129538909 0
vt 0.17155689 0.145649001 0
vt 0.179728776 0.146645218 0
vt 0.173909247 0.16246137 0
vt 0.16677314 0.161990806 0
vt 0.455931395 0.492605358 0
vt 0.446501881 0.491661429 0
vt 0.450502902 0.476811171 0
vt 0.459447026 0.477907747 0
vt 0.467294514 0.477940202 0
vt 0.464432031 0.492415041 0
vt 0.462062567 0.505529046 0
vt 0.452363282 0.505524158 0
vt 0.441810131 0.504455745 0
vt 0.799551487 0.413424164 0
vt 0.801062107 0.428847581 0
vt 0.792235136 0.430304557 0
vt 0.790356159 0.415039629 0
vt 0.789890468 0.40141955 0
vt 0.799775958 0.399487525 0
vt 0.807433963 0.399141699 0
vt 0.807180762 0.413264513 0
vt 0.808429837 0.428609431 0
vt 0.802877188 0.445244312 0
vt 0.794915795 0.446570426 0
vt 0.809451342 0.444813341 0
vt 0.809105396 0.460584253 0
vt 0.803845465 0.461129934 0
vt 0.797461748 0.462285936 0
vt 0.462325513 0.461928308 0
vt 0.454137743 0.460731745 0
vt 0.457690358 0.445212901 0
vt 0.464412361 0.446252853 0
vt 0.470463276 0.44680658 0
vt 0.469501078 0.462326527 0
vt 0.143929929 0.218057543 0
vt 0.152055964 0.217299804 0
vt 0.153550595 0.221235409 0
vt 0.145037591 0.222059906 0
vt 0.135835022 0.222914279 0
vt 0.135150373 0.21886307 0
vt 0.134577706 0.213640392 0
vt 0.143288434 0.212841153 0
vt 0.151352942 0.212103367 0
vt 0.158874989 0.216637477 0
vt 0.160687059 0.220490947 0
vt 0.158125028 0.211488351 0
vt 0.162958473 0.211057603 0
vt 0.163733482 0.216118515 0
vt 0.165759966 0.219876096 0
vt 0.163400501 0.225294456 0
vt 0.155786276 0.226179689 0
vt 0.991811812 0.791677535 0
vt 0.987841904 0.79184109 0
vt 0.987949729 0.784667432 0
vt 0.991811812 0.783932507 0
vt 0.0602486841 0.209206268 0
vt 0.0655534193 0.208484694 0
vt 0.0637008399 0.217164442 0
vt 0.0577186644 0.218122452 0
vt 0.166775033 0.233341649 0
vt 0.158668578 0.234428197 0
vt 0.146690935 0.227130219 0
vt 0.148948058 0.235563368 0
vt 0.138401091 0.236627147 0
vt 0.13684985 0.228073433 0
vt 0.441808641 0.551568449 0
vt 0.418925613 0.547675967 0
vt 0.427440286 0.531901836 0
vt 0.445599109 0.534592807 0
vt 0.462652266 0.53673774 0
vt 0.464059383 0.555788875 0
vt 0.465773195 0.577483118 0
vt 0.437292933 0.568276584 0
vt 0.411893815 0.562850893 0
vt 0.815916061 0.346758246 0
vt 0.809656441 0.366351843 0
vt 0.792880177 0.370581478 0
vt 0.794835567 0.352761507 0
vt 0.795642436 0.336054921 0
vt 0.819874167 0.328394055 0
vt 0.0661726296 0.0872554258 0
vt 0.0562184937 0.0955805108 0
vt 0.0366039313 0.0801398531 0
vt 0.0505129509 0.0727924109 0
vt 0.0664209202 0.0689880475 0
vt 0.0787219852 0.0806646422 0
vt 0.803205252 0.384463549 0
vt 0.790870428 0.387227237 0
vt 0.0909498632 0.0750012174 0
vt 0.0819823295 0.0662337914 0
vt 0.812260449 0.383293539 0
vt 0.449074596 0.518894732 0
vt 0.435563654 0.517236054 0
vt 0.46158874 0.519708395 0
vt 0.345437318 0.188878059 0
vt 0.355228662 0.185282186 0
vt 0.359103411 0.198453814 0
vt 0.350420475 0.201690152 0
vt 0.340642422 0.175830051 0
vt 0.352319151 0.172124669 0
vt 0.364432305 0.182266161 0
vt 0.367445052 0.195854515 0
vt 0.362862885 0.169178084 0
vt 0.370661348 0.167812541 0
vt 0.371902853 0.180533543 0
vt 0.374614537 0.194401011 0
vt 0.370817244 0.21029976 0
vt 0.363283992 0.212205708 0
vt 0.377370715 0.209473863 0
vt 0.378599405 0.224755526 0
vt 0.373245806 0.225049838 0
vt 0.366885662 0.226265848 0
vt 0.355454922 0.214862019 0
vt 0.360148132 0.228158861 0
vt 0.37541613 0.286370546 0
vt 0.379715204 0.285588264 0
vt 0.381225228 0.292188495 0
vt 0.376743793 0.293003976 0
vt 0.372738361 0.294070005 0
vt 0.371573657 0.287393242 0
vt 0.369929463 0.279297143 0
vt 0.37368989 0.278301865 0
vt 0.377864599 0.277549922 0
vt 0.383774459 0.285148203 0
vt 0.385456651 0.291729808 0
vt 0.381792963 0.277131438 0
vt 0.384811819 0.277142167 0
vt 0.386897147 0.285152286 0
vt 0.38871184 0.29173398 0
vt 0.386939645 0.297443002 0
vt 0.382528335 0.297921181 0
vt 0.390333176 0.297447354 0
vt 0.391854465 0.302716881 0
vt 0.388324827 0.302712321 0
vt 0.38373667 0.303209752 0
vt 0.377856433 0.298771292 0
vt 0.378877461 0.304093927 0
vt 0.374534369 0.30524981 0
vt 0.373680592 0.29988265 0
vt 0.361823231 0.0282567441 0
vt 0.36567387 0.0484132506 0
vt 0.340492308 0.0501064323 0
vt 0.338441849 0.0307882242 0
vt 0.335215181 0.0122841801 0
vt 0.357985705 0.00932291336 0
vt 0.378838569 0.00819122139 0
vt 0.382783741 0.0269955192 0
vt 0.386961758 0.0471808501 0
vt 0.369001865 0.0699202418 0
vt 0.341308057 0.0700113028 0
vt 0.390780419 0.0690712258 0
vt 0.391854495 0.0931333154 0
vt 0.369556367 0.0913774222 0
vt 0.342369169 0.0912400335 0
vt 0.313268989 0.072458066 0
vt 0.317627311 0.0520914905 0
vt 0.312178224 0.0926766694 0
vt 0.278935313 0.0887542516 0
vt 0.290753603 0.0715676323 0
vt 0.299965143 0.0534761325 0
vt 0.318709224 0.033262942 0
vt 0.303813219 0.0354250558 0
vt 0.302767366 0.0184340402 0
vt 0.316576868 0.0154357525 0
vt 0.524986625 0.235261008 0
vt 0.516063511 0.231969163 0
vt 0.528644443 0.187742352 0
vt 0.541980684 0.192400798 0
vt 0.557497144 0.19258894 0
vt 0.541539252 0.23161757 0
vt 0.535689712 0.248420611 0
vt 0.520395875 0.241616577 0
vt 0.298541009 0.635932088 0
vt 0.295930386 0.625464082 0
vt 0.308107942 0.626135826 0
vt 0.308089912 0.634076774 0
vt 0.271726757 0.106295265 0
vt 0.291834176 0.143394738 0
vt 0.28202036 0.145295888 0
vt 0.255297989 0.107597008 0
vt 0.324150294 0.644550443 0
vt 0.321136296 0.633487761 0
vt 0.259481192 0.100548327 0
vt 0.293858111 0.114320621 0
vt 0.307346702 0.142007202 0
vt 0.529980838 0.153961152 0
vt 0.539448261 0.158685133 0
vt 0.517797649 0.179618195 0
vt 0.308795333 0.167353541 0
vt 0.320284426 0.163537696 0
vt 0.55069375 0.162537888 0
vt 0.562390387 0.164871722 0
vt 0.181823537 0.0529355705 0
vt 0.163918495 0.0498100892 0
vt 0.158115804 0.0203933828 0
vt 0.176304445 0.0224844273 0
vt 0.193575859 0.0260777064 0
vt 0.20035021 0.0549543574 0
vt 0.143963009 0.0501363277 0
vt 0.139206812 0.0204898585 0
vt 0.577172339 0.298125982 0
vt 0.57450527 0.278690308 0
vt 0.593760729 0.278789729 0
vt 0.592958272 0.299322098 0
vt 0.773514152 0.315704525 0
vt 0.762480378 0.328049898 0
vt 0.760060966 0.32822299 0
vt 0.738576055 0.434037477 0
vt 0.742816269 0.45468989 0
vt 0.740396798 0.454863042 0
vt 0.736156583 0.434210718 0
vt 0.565866947 0.296236962 0
vt 0.561232865 0.2766231 0
vt 0.568987548 0.258615911 0
vt 0.591148078 0.257286519 0
vt 0.551093996 0.259308726 0
vt 0.563692153 0.241716266 0
vt 0.588050663 0.236471459 0
vt 0.219232917 0.0549688749 0
vt 0.213666379 0.029946642 0
vt 0.234807298 0.0355182476 0
vt 0.237589598 0.0561292134 0
vt 0.238921672 0.0747103244 0
vt 0.222517252 0.0786249936 0
vt 0.202066451 0.00819122139 0
vt 0.229733899 0.0164245535 0
vt 0.568202555 0.218748719 0
vt 0.58759141 0.21377793 0
vt 0.573831141 0.190297872 0
vt 0.0860935748 0.0206012726 0
vt 0.0804565251 0.0366670974 0
vt 0.0659733638 0.029263081 0
vt 0.0743823573 0.00819122139 0
vt 0.572872519 0.166166559 0
vt 0.572903931 0.148061335 0
vt 0.320315868 0.811299264 0
vt 0.328994125 0.795806885 0
vt 0.340649039 0.796152174 0
vt 0.335363179 0.81029731 0
vt 0.0787375495 0.0527936593 0
vt 0.0627206862 0.0507567748 0
vt 0.351145625 0.810408473 0
vt 0.353138447 0.797186732 0
vt 0.364554852 0.798544526 0
vt 0.365047336 0.811224878 0
vt 0.321359724 0.626990557 0
vt 0.308835179 0.622230232 0
vt 0.309016645 0.618377388 0
vt 0.321012408 0.622479558 0
vt 0.3363491 0.629677296 0
vt 0.336942226 0.635099232 0
vt 0.342057765 0.646647871 0
vt 0.296885431 0.622500062 0
vt 0.297440886 0.619142711 0
vt 0.281846166 0.635060012 0
vt 0.284545332 0.626833141 0
vt 0.285278678 0.623251081 0
vt 0.318431735 0.115515478 0
vt 0.345237881 0.113481447 0
vt 0.348272294 0.135949522 0
vt 0.32706067 0.138864487 0
vt 0.368509114 0.11339353 0
vt 0.365833133 0.13476041 0
vt 0.383243203 0.115956895 0
vt 0.481119335 0.558106005 0
vt 0.475972086 0.537593126 0
vt 0.363330096 0.153886646 0
vt 0.350231379 0.156140357 0
vt 0.470943719 0.519289017 0
vt 0.372102857 0.15352644 0
vt 0.334858626 0.159572572 0
vt 0.0619449094 0.135744929 0
vt 0.057955239 0.122065559 0
vt 0.0777945444 0.124196053 0
vt 0.0783717483 0.136595264 0
vt 0.079516381 0.149441764 0
vt 0.0660210252 0.149186 0
vt 0.0544802174 0.148799226 0
vt 0.0479825102 0.134803802 0
vt 0.0413631499 0.119704552 0
vt 0.0548952669 0.10797292 0
vt 0.0785177201 0.11215625 0
vt 0.0358111486 0.102818072 0
vt 0.816744328 0.315704525 0
vt 0.794243038 0.322869986 0
vt 0.102127463 0.113798216 0
vt 0.0974342227 0.125355899 0
vt 0.431643844 0.58116585 0
vt 0.408230811 0.575593531 0
vt 0.452010304 0.589861214 0
vt 0.44241029 0.600082159 0
vt 0.426494867 0.591572642 0
vt 0.0944875181 0.137256145 0
vt 0.113651998 0.126339987 0
vt 0.107516766 0.137629256 0
vt 0.103169054 0.149135217 0
vt 0.0925827473 0.149276942 0
vt 0.354217649 0.78395021 0
vt 0.343376666 0.782657444 0
vt 0.345553994 0.768293083 0
vt 0.355241925 0.769404352 0
vt 0.365047306 0.770824432 0
vt 0.364821702 0.785546601 0
vt 0.333348691 0.78180176 0
vt 0.336577535 0.767442584 0
vt 0.320329189 0.796115577 0
vt 0.32538569 0.781487286 0
vt 0.329093724 0.767058551 0
vt 0.339586198 0.753324091 0
vt 0.347475499 0.753812134 0
vt 0.332952231 0.753231823 0
vt 0.337132365 0.740633965 0
vt 0.342572927 0.740322471 0
vt 0.349099576 0.74036628 0
vt 0.355975181 0.754500091 0
vt 0.356065363 0.740644753 0
vt 0.36296019 0.741224349 0
vt 0.364586651 0.755481184 0
vt 0.584468901 0.0284718145 0
vt 0.580870986 0.027371252 0
vt 0.582718492 0.0206856728 0
vt 0.586468995 0.0218329765 0
vt 0.589998007 0.0226546917 0
vt 0.587854266 0.029260071 0
vt 0.585532546 0.0374175794 0
vt 0.5822258 0.036652077 0
vt 0.578706264 0.0355795398 0
vt 0.57763052 0.0261516906 0
vt 0.579340577 0.0194143914 0
vt 0.575530648 0.034388423 0
vt 0.368884265 0.28855443 0
vt 0.367290825 0.280438364 0
vt 0.369934887 0.295280457 0
vt 0.580837607 0.0135806836 0
vt 0.584359109 0.0149059808 0
vt 0.370757967 0.30114454 0
vt 0.371494591 0.306562245 0
vt 0.582204938 0.00819122139 0
vt 0.585867584 0.00956967194 0
vt 0.588269055 0.0161020588 0
vt 0.58993423 0.0108136293 0
vt 0.593760729 0.0117046088 0
vt 0.591948152 0.0169586837 0
vt 0.355220079 0.681900501 0
vt 0.350850701 0.682132125 0
vt 0.350518644 0.675094068 0
vt 0.355073363 0.67485261 0
vt 0.359200329 0.674849153 0
vt 0.35917902 0.681897223 0
vt 0.359184712 0.690410495 0
vt 0.355364144 0.690410376 0
vt 0.351135939 0.690629423 0
vt 0.346774697 0.682538867 0
vt 0.346269757 0.675517976 0
vt 0.347175002 0.691019773 0
vt 0.344163984 0.691533923 0
vt 0.34369579 0.683067441 0
vt 0.343060255 0.676068962 0
vt 0.345759541 0.669404745 0
vt 0.350189 0.668962836 0
vt 0.342413545 0.669979155 0
vt 0.34179166 0.664353013 0
vt 0.345271587 0.663755536 0
vt 0.349878699 0.663295925 0
vt 0.354937404 0.668711066 0
vt 0.35481739 0.663034141 0
vt 0.359292269 0.663030326 0
vt 0.359239697 0.66870749 0
vt 0.474772602 0.384323716 0
vt 0.471067339 0.383804828 0
vt 0.472119004 0.376841187 0
vt 0.475981414 0.3773821 0
vt 0.479353786 0.377758086 0
vt 0.478007734 0.384684384 0
vt 0.476331323 0.393104583 0
vt 0.473187178 0.392751575 0
vt 0.469600767 0.392247319 0
vt 0.811693609 0.523414671 0
vt 0.813488305 0.530228317 0
vt 0.809811771 0.531063795 0
vt 0.808166742 0.524216115 0
vt 0.806349874 0.51584208 0
vt 0.80975455 0.515070081 0
vt 0.812486708 0.514543355 0
vt 0.814523041 0.522868752 0
vt 0.816437781 0.529659271 0
vt 0.815139532 0.536120474 0
vt 0.811306715 0.536991477 0
vt 0.818214417 0.535527229 0
vt 0.819874167 0.540941715 0
vt 0.81667608 0.541558743 0
vt 0.812689662 0.542464674 0
vt 0.476990193 0.371350348 0
vt 0.472963601 0.370786458 0
vt 0.473741114 0.365195006 0
vt 0.477929085 0.365781486 0
vt 0.481585711 0.366189152 0
vt 0.480505943 0.371742278 0
vt 0.466506779 0.43093878 0
vt 0.461286694 0.430133313 0
vt 0.464651346 0.415804595 0
vt 0.468844444 0.416436523 0
vt 0.47264877 0.416886032 0
vt 0.471292049 0.431469351 0
vt 0.80472219 0.476635277 0
vt 0.806009829 0.491317391 0
vt 0.802074373 0.492153138 0
vt 0.799801946 0.477610976 0
vt 0.808793068 0.476056457 0
vt 0.809247673 0.490762532 0
vt 0.807746172 0.504292667 0
vt 0.804279268 0.505063772 0
vt 0.810561836 0.503759921 0
vt 0.471150398 0.403546154 0
vt 0.467464894 0.403012902 0
vt 0.474428326 0.403927714 0
vt 0.355932653 0.726964474 0
vt 0.350331813 0.726982236 0
vt 0.351032525 0.713657618 0
vt 0.355720758 0.713496685 0
vt 0.360089719 0.713593662 0
vt 0.361323118 0.727231801 0
vt 0.345047951 0.727241337 0
vt 0.346593618 0.714018345 0
vt 0.340665191 0.727769017 0
vt 0.342994303 0.714574814 0
vt 0.347226858 0.701695263 0
vt 0.351262391 0.701312482 0
vt 0.344080687 0.702227473 0
vt 0.355532259 0.701106727 0
vt 0.359414965 0.701126456 0
vt 0.574234188 0.0735193938 0
vt 0.568935454 0.0719718039 0
vt 0.572667181 0.0585867614 0
vt 0.576931715 0.0598368384 0
vt 0.580968976 0.0607534163 0
vt 0.57924372 0.0747431666 0
vt 0.564099252 0.0703474134 0
vt 0.568799376 0.0572115965 0
vt 0.354923517 0.24575296 0
vt 0.358988017 0.243709311 0
vt 0.363739818 0.256825507 0
vt 0.360480398 0.25832808 0
vt 0.572621346 0.0449278355 0
vt 0.575959265 0.0461600907 0
vt 0.364597708 0.270171195 0
vt 0.367389292 0.268946528 0
vt 0.57965064 0.0472666435 0
vt 0.583131373 0.0480567217 0
vt 0.364445508 0.241941601 0
vt 0.369997144 0.240701258 0
vt 0.372897297 0.254662663 0
vt 0.368215531 0.255554676 0
vt 0.375176966 0.239970639 0
vt 0.377256244 0.254179031 0
vt 0.379432827 0.239912212 0
vt 0.380729079 0.254206836 0
vt 0.37953639 0.266731948 0
vt 0.375560075 0.267143846 0
vt 0.382616907 0.266765684 0
vt 0.371311545 0.267902792 0
vt 0.143946961 0.204564467 0
vt 0.144870132 0.193401009 0
vt 0.153667182 0.192386851 0
vt 0.152185842 0.203688934 0
vt 0.145774946 0.179975972 0
vt 0.155714571 0.178891346 0
vt 0.773514152 0.53543824 0
vt 0.77109468 0.535611451 0
vt 0.749252856 0.472711831 0
vt 0.746833444 0.472885013 0
vt 0.165268451 0.178122178 0
vt 0.161224797 0.191586077 0
vt 0.0531069934 0.163372219 0
vt 0.0471575446 0.148340285 0
vt 0.0599775575 0.163163811 0
vt 0.171119437 0.178049996 0
vt 0.169113219 0.191915214 0
vt 0.158894643 0.202918977 0
vt 0.163759246 0.202511832 0
vt 0.0747683048 0.185601324 0
vt 0.0734379441 0.175436169 0
vt 0.0835001469 0.174583092 0
vt 0.0849574283 0.184692323 0
vt 0.0824972615 0.191834003 0
vt 0.0745572075 0.192963541 0
vt 0.0677155852 0.193815678 0
vt 0.0661134422 0.18562609 0
vt 0.0644909739 0.176065862 0
vt 0.0698589683 0.162977338 0
vt 0.0814640224 0.162606373 0
vt 0.0923409313 0.162071854 0
vt 0.0926453322 0.173507258 0
vt 0.100617543 0.161191568 0
vt 0.100047886 0.172567636 0
vt 0.0933465064 0.183430985 0
vt 0.0993121192 0.182263717 0
vt 0.098617062 0.189771116 0
vt 0.0918506458 0.190875202 0
vt 0.552233577 0.626222074 0
vt 0.554545224 0.635507166 0
vt 0.545720994 0.636039257 0
vt 0.544124246 0.626818955 0
vt 0.542657435 0.619887888 0
vt 0.550271034 0.619245648 0
vt 0.556705177 0.618650615 0
vt 0.558743834 0.625857949 0
vt 0.562321484 0.635139287 0
vt 0.557763934 0.646346331 0
vt 0.547895789 0.646850228 0
vt 0.566210508 0.646091402 0
vt 0.570746064 0.65737313 0
vt 0.561163008 0.657295883 0
vt 0.5500983 0.657971978 0
vt 0.536964536 0.647854626 0
vt 0.535981059 0.637076437 0
vt 0.538002133 0.659064054 0
vt 0.52545774 0.660540402 0
vt 0.525246501 0.649295986 0
vt 0.52478075 0.638471365 0
vt 0.534880877 0.627731442 0
vt 0.524383128 0.629043043 0
vt 0.524846613 0.622458935 0
vt 0.53412503 0.620897353 0
vt 0.442789316 0.618362427 0
vt 0.451611429 0.612274706 0
vt 0.455234915 0.627468705 0
vt 0.445372373 0.630957484 0
vt 0.56564045 0.667194724 0
vt 0.552849054 0.667579055 0
vt 0.576768756 0.667749345 0
vt 0.43591243 0.60792315 0
vt 0.463589132 0.605274856 0
vt 0.467714548 0.624234319 0
vt 0.478279352 0.600299954 0
vt 0.481585711 0.622246742 0
vt 0.466975272 0.64318043 0
vt 0.454769105 0.643853903 0
vt 0.480217546 0.643036783 0
vt 0.477417409 0.662576318 0
vt 0.464366257 0.661600053 0
vt 0.452402234 0.660533428 0
vt 0.444854826 0.645014763 0
vt 0.442743361 0.659731507 0
vt 0.538952529 0.668766856 0
vt 0.524579883 0.670374572 0
vt 0.487936527 0.934031069 0
vt 0.480602771 0.934686601 0
vt 0.48030743 0.927493036 0
vt 0.488174081 0.927283466 0
vt 0.188747197 0.962099671 0
vt 0.189460531 0.955385745 0
vt 0.19663614 0.95627898 0
vt 0.195443213 0.962472141 0
vt 0.193648741 0.966990173 0
vt 0.188553348 0.968203127 0
vt 0.488174081 0.940132916 0
vt 0.481341898 0.94116807 0
vt 0.473354042 0.934552848 0
vt 0.472563267 0.927842081 0
vt 0.474545985 0.940620601 0
vt 0.470180362 0.939385653 0
vt 0.467685759 0.934894085 0
vt 0.466435552 0.928703725 0
vt 0.472872227 0.921227455 0
vt 0.480134606 0.920439005 0
vt 0.467123359 0.92255199 0
vt 0.469187587 0.918780982 0
vt 0.473591566 0.916348517 0
vt 0.480488628 0.915203154 0
vt 0.487542421 0.920702517 0
vt 0.487532884 0.915849626 0
vt 0.189295083 0.948776543 0
vt 0.189628199 0.943935156 0
vt 0.194743872 0.946388841 0
vt 0.196066976 0.950132072 0
vt 0.852652133 0.648959935 0
vt 0.845668674 0.647899985 0
vt 0.846048772 0.642489493 0
vt 0.852535069 0.643478751 0
vt 0.489249349 0.760865152 0
vt 0.48949784 0.766341984 0
vt 0.483633131 0.765098691 0
vt 0.48299849 0.759608746 0
vt 0.481428802 0.753144503 0
vt 0.488262683 0.754477322 0
vt 0.853485227 0.655369639 0
vt 0.845777869 0.654215813 0
vt 0.839247048 0.64734602 0
vt 0.840114355 0.641977787 0
vt 0.838649511 0.653583527 0
vt 0.369480938 0.416788936 0
vt 0.372403443 0.422416389 0
vt 0.367635936 0.425106168 0
vt 0.36491254 0.41931355 0
vt 0.362860054 0.41420579 0
vt 0.367324054 0.411757082 0
vt 0.840571344 0.636796355 0
vt 0.84653306 0.6373142 0
vt 0.366622359 0.406710476 0
vt 0.361690521 0.40920499 0
vt 0.36166513 0.403177798 0
vt 0.367372811 0.401112258 0
vt 0.840986371 0.631367862 0
vt 0.846946597 0.631778479 0
vt 0.852898121 0.638234735 0
vt 0.853141308 0.632400393 0
vt 0.489260644 0.771593213 0
vt 0.489157438 0.777431726 0
vt 0.482748479 0.776359499 0
vt 0.483550519 0.770247281 0
vt 0.976300657 0.761069 0
vt 0.974640608 0.76088649 0
vt 0.97451371 0.757024884 0
vt 0.976246238 0.757491231 0
vt 0.684059858 0.903530538 0
vt 0.687447846 0.902383029 0
vt 0.68744868 0.906652629 0
vt 0.684548855 0.907597542 0
vt 0.681924999 0.909474254 0
vt 0.680293202 0.906924486 0
vt 0.978376865 0.765695393 0
vt 0.976354182 0.766141355 0
vt 0.111972623 0.945799232 0
vt 0.113903359 0.949020743 0
vt 0.109586842 0.952080727 0
vt 0.107768282 0.948870063 0
vt 0.106228575 0.944394946 0
vt 0.110562608 0.941424906 0
vt 0.113532782 0.940306664 0
vt 0.115943857 0.942063212 0
vt 0.118719116 0.94532609 0
vt 0.116440512 0.951700032 0
vt 0.112065464 0.954750597 0
vt 0.121181943 0.948750317 0
vt 0.122264899 0.95152396 0
vt 0.120107688 0.954268038 0
vt 0.115812115 0.957408547 0
vt 0.978376865 0.754653752 0
vt 0.976823926 0.753948033 0
vt 0.857598305 0.27080518 0
vt 0.855166435 0.272116125 0
vt 0.854574561 0.26871407 0
vt 0.857790709 0.267421335 0
vt 0.690800428 0.903543174 0
vt 0.694400549 0.906863987 0
vt 0.692532897 0.909427226 0
vt 0.690364242 0.907563329 0
vt 0.141148329 0.819973469 0
vt 0.132554889 0.819059312 0
vt 0.131286681 0.809991181 0
vt 0.139064997 0.810812235 0
vt 0.968025982 0.873315811 0
vt 0.968577862 0.88269484 0
vt 0.962947547 0.880417824 0
vt 0.962165296 0.87076354 0
vt 0.964726508 0.860939562 0
vt 0.96968329 0.863352716 0
vt 0.141148329 0.830073476 0
vt 0.132903561 0.828494191 0
vt 0.123258829 0.818815172 0
vt 0.122904211 0.809809148 0
vt 0.12295422 0.828111291 0
vt 0.113623247 0.828664839 0
vt 0.114539258 0.819319129 0
vt 0.115139402 0.810280859 0
vt 0.122125052 0.801021278 0
vt 0.129545823 0.801083386 0
vt 0.115297072 0.801548183 0
vt 0.116030745 0.79691565 0
vt 0.120710254 0.794864774 0
vt 0.127491444 0.794842064 0
vt 0.136463672 0.801911175 0
vt 0.133922383 0.795684755 0
vt 0.190277115 0.972980857 0
vt 0.19663614 0.969983339 0
vt 0.96968329 0.891902328 0
vt 0.964744806 0.889788091 0
vt 0.101190813 0.585479617 0
vt 0.099041529 0.590498269 0
vt 0.0910494179 0.5873909 0
vt 0.0930055305 0.582435489 0
vt 0.0956266597 0.576381445 0
vt 0.104005247 0.579494894 0
vt 0.11021404 0.582096279 0
vt 0.107228361 0.587999284 0
vt 0.104975805 0.593105793 0
vt 0.0975978896 0.59503448 0
vt 0.0895244777 0.591566384 0
vt 0.103632018 0.598084629 0
vt 0.103508286 0.604327857 0
vt 0.0962554663 0.598849356 0
vt 0.0883321017 0.59507978 0
vt 0.0801638663 0.58858496 0
vt 0.0816848502 0.584286809 0
vt 0.079235442 0.592383742 0
vt 0.0676949769 0.590778828 0
vt 0.0702564046 0.585995436 0
vt 0.0716579556 0.581466794 0
vt 0.0833329856 0.579256356 0
vt 0.0729422867 0.57644093 0
vt 0.0744567439 0.570186555 0
vt 0.0858286545 0.573180199 0
vt 0.377950937 0.470874429 0
vt 0.380928576 0.479750097 0
vt 0.373891145 0.482428968 0
vt 0.370018333 0.473826081 0
vt 0.366038471 0.465021074 0
vt 0.374742538 0.46182254 0
vt 0.382713377 0.458195031 0
vt 0.385147959 0.467574626 0
vt 0.387256861 0.476808161 0
vt 0.383829325 0.488378942 0
vt 0.377518237 0.490899354 0
vt 0.389473408 0.485656828 0
vt 0.389969498 0.490738183 0
vt 0.386429548 0.494359195 0
vt 0.380533099 0.496818513 0
vt 0.371474952 0.492637813 0
vt 0.367246211 0.484421611 0
vt 0.37474516 0.498425126 0
vt 0.110157102 0.802487552 0
vt 0.112730213 0.795885503 0
vt 0.109213859 0.811420918 0
vt 0.362592995 0.476057261 0
vt 0.107756108 0.820633411 0
vt 0.106228575 0.830111146 0
vt 0.357938766 0.467437774 0
vt 0.302475184 0.972730577 0
vt 0.301485151 0.974184811 0
vt 0.297745198 0.973356366 0
vt 0.299181432 0.971713424 0
vt 0.125724599 0.683202147 0
vt 0.122969776 0.685275078 0
vt 0.121632986 0.680929065 0
vt 0.123914197 0.679193616 0
vt 0.125762612 0.676480472 0
vt 0.128056198 0.678552032 0
vt 0.859649181 0.560486317 0
vt 0.858783066 0.565454125 0
vt 0.856378973 0.564180732 0
vt 0.857913494 0.558847129 0
vt 0.332615525 0.961875081 0
vt 0.333774537 0.959124207 0
vt 0.337596834 0.959522307 0
vt 0.336492568 0.96192205 0
vt 0.854215503 0.559241951 0
vt 0.8516348 0.563833356 0
vt 0.847571015 0.563581467 0
vt 0.848759294 0.560554445 0
vt 0.327014178 0.96192205 0
vt 0.327807844 0.958127677 0
vt 0.33345443 0.955452681 0
vt 0.337177694 0.955539703 0
vt 0.32778275 0.954351842 0
vt 0.32751739 0.950704157 0
vt 0.33017382 0.950598419 0
vt 0.334764123 0.950079322 0
vt 0.297367752 0.968601525 0
vt 0.295744032 0.969858527 0
vt 0.294661701 0.964020073 0
vt 0.296863168 0.963536322 0
vt 0.119386457 0.684920311 0
vt 0.114988871 0.682359457 0
vt 0.116248347 0.679296017 0
vt 0.118783526 0.68070966 0
vt 0.0793650225 0.595916271 0
vt 0.0873735994 0.598048985 0
vt 0.0863933116 0.600973547 0
vt 0.0797624215 0.599376857 0
vt 0.0725063905 0.599687338 0
vt 0.0709834397 0.59590143 0
vt 0.0944097862 0.601704597 0
vt 0.0922853723 0.604220569 0
vt 0.100252584 0.607178926 0
vt 0.0973252654 0.609291136 0
vt 0.0901064947 0.607018292 0
vt 0.0851357505 0.604352653 0
vt 0.0944609791 0.611388981 0
vt 0.0915541947 0.614134729 0
vt 0.0876123086 0.611048341 0
vt 0.0833272114 0.608953655 0
vt 0.0796375126 0.602959812 0
vt 0.0786837935 0.607584119 0
vt 0.0734497905 0.607116103 0
vt 0.07338918 0.603220284 0
vt 0.352149069 0.405312419 0
vt 0.345114082 0.408681512 0
vt 0.344360441 0.405433685 0
vt 0.350213826 0.402464032 0
vt 0.355213791 0.397736818 0
vt 0.357995778 0.400167018 0
vt 0.353844911 0.408441812 0
vt 0.345850199 0.411962539 0
vt 0.33716616 0.410539061 0
vt 0.337763965 0.406818986 0
vt 0.336845607 0.414316922 0
vt 0.325611085 0.415301681 0
vt 0.328891277 0.410312206 0
vt 0.330549359 0.406362802 0
vt 0.337893277 0.402958304 0
vt 0.343320459 0.401782304 0
vt 0.331757545 0.40247333 0
vt 0.332153887 0.397937208 0
vt 0.337174058 0.398155719 0
vt 0.341704279 0.397038817 0
vt 0.348293424 0.399316072 0
vt 0.346067369 0.395041198 0
vt 0.350182831 0.391623437 0
vt 0.352617383 0.395168215 0
vt 0.741879225 0.974725723 0
vt 0.740096748 0.974890113 0
vt 0.738594651 0.971101522 0
vt 0.740528286 0.971232355 0
vt 0.058821924 0.682511568 0
vt 0.0550776832 0.682508707 0
vt 0.0568320677 0.678032339 0
vt 0.0598812886 0.678124189 0
vt 0.0631114766 0.677158415 0
vt 0.0637110695 0.680283487 0
vt 0.745723188 0.978480518 0
vt 0.743933558 0.979286969 0
vt 0.679564178 0.957337856 0
vt 0.679514468 0.961313367 0
vt 0.675036132 0.961637855 0
vt 0.674980164 0.957675219 0
vt 0.675375879 0.952773571 0
vt 0.680074215 0.952601194 0
vt 0.682787478 0.953319311 0
vt 0.684070408 0.956512332 0
vt 0.684484482 0.96082902 0
vt 0.679890871 0.965019763 0
vt 0.675302446 0.965252876 0
vt 0.684428215 0.964925349 0
vt 0.853127003 0.164610043 0
vt 0.8490448 0.161601216 0
vt 0.851126432 0.158573344 0
vt 0.853844166 0.160247818 0
vt 0.858359277 0.161243498 0
vt 0.857471526 0.166033342 0
vt 0.741878211 0.967726052 0
vt 0.740095437 0.967285573 0
vt 0.743933201 0.962768137 0
vt 0.745723188 0.963942945 0
vt 0.0522977374 0.679982066 0
vt 0.0501617603 0.675028145 0
vt 0.0527625903 0.67314595 0
vt 0.0545104519 0.676041842 0
vt 0.355047286 0.412432581 0
vt 0.356319577 0.417066187 0
vt 0.348163128 0.420027763 0
vt 0.34683758 0.415713549 0
vt 0.358225375 0.422124118 0
vt 0.349913657 0.424998194 0
vt 0.360719562 0.428037196 0
vt 0.352262437 0.430940539 0
vt 0.340471596 0.427713573 0
vt 0.338885754 0.422772288 0
vt 0.342872709 0.433547258 0
vt 0.33234641 0.435645163 0
vt 0.33035481 0.43004781 0
vt 0.328983754 0.42521134 0
vt 0.337547928 0.418350726 0
vt 0.32776475 0.420572251 0
vt 0.113865532 0.552722514 0
vt 0.110845596 0.562603295 0
vt 0.103387736 0.559681833 0
vt 0.107577488 0.549937665 0
vt 0.110997237 0.541586816 0
vt 0.118280053 0.544791937 0
vt 0.125018433 0.547722518 0
vt 0.119819351 0.556064248 0
vt 0.117152438 0.5658952 0
vt 0.107444488 0.572060585 0
vt 0.0991468057 0.568910182 0
vt 0.113757364 0.574728131 0
vt 0.0898924842 0.565744638 0
vt 0.0953089222 0.556883156 0
vt 0.0818062723 0.562960982 0
vt 0.0884221643 0.554815769 0
vt 0.10078048 0.547615051 0
vt 0.0945823938 0.546105683 0
vt 0.096389845 0.536720812 0
vt 0.103576191 0.538843155 0
vt 0.884811342 0.647451878 0
vt 0.88089025 0.644973218 0
vt 0.882648826 0.641593158 0
vt 0.88646239 0.644233286 0
vt 0.890589058 0.647850275 0
vt 0.888397396 0.651128531 0
vt 0.885736287 0.654177308 0
vt 0.88327539 0.652715206 0
vt 0.880097687 0.650982022 0
vt 0.793251336 0.984800816 0
vt 0.791880369 0.988198876 0
vt 0.789890468 0.988152206 0
vt 0.79137224 0.984481752 0
vt 0.879383147 0.645224094 0
vt 0.87774235 0.650308073 0
vt 0.230031416 0.901275873 0
vt 0.233840585 0.904981554 0
vt 0.232121199 0.90767467 0
vt 0.229524881 0.905684829 0
vt 0.226634696 0.904721379 0
vt 0.226634175 0.899905324 0
vt 0.793251336 0.991586745 0
vt 0.79137212 0.991808772 0
vt 0.22324799 0.9012779 0
vt 0.223751768 0.905686736 0
vt 0.221169308 0.907678068 0
vt 0.219495401 0.90498668 0
vt 0.355756253 0.957478344 0
vt 0.358176738 0.952691436 0
vt 0.360658765 0.954245031 0
vt 0.356909096 0.959013879 0
vt 0.361417145 0.960057855 0
vt 0.360022455 0.963224053 0
vt 0.355528265 0.96242249 0
vt 0.364156812 0.955275357 0
vt 0.366655886 0.955658793 0
vt 0.366411537 0.959854007 0
vt 0.36529389 0.963424325 0
vt 0.859030783 0.682419658 0
vt 0.84862566 0.680978656 0
vt 0.847851455 0.671246886 0
vt 0.857290447 0.672622442 0
vt 0.482070029 0.727568209 0
vt 0.48404479 0.73732084 0
vt 0.47612384 0.735600412 0
vt 0.474387228 0.725334644 0
vt 0.471963227 0.715995908 0
vt 0.481210828 0.717538834 0
vt 0.859649181 0.692466736 0
vt 0.848557353 0.691054761 0
vt 0.838898003 0.680080652 0
vt 0.839006305 0.670409977 0
vt 0.838260651 0.690106869 0
vt 0.830356181 0.689936936 0
vt 0.831622183 0.679947317 0
vt 0.832552195 0.670327783 0
vt 0.838659644 0.661399543 0
vt 0.846669555 0.662133038 0
vt 0.832893252 0.661398232 0
vt 0.375837594 0.429284692 0
vt 0.370876014 0.432166725 0
vt 0.85527128 0.663399577 0
vt 0.486284614 0.746492624 0
vt 0.478706419 0.745073199 0
vt 0.851250052 0.132690936 0
vt 0.85515666 0.13295719 0
vt 0.857101083 0.142943218 0
vt 0.853288591 0.1430825 0
vt 0.848551095 0.144147173 0
vt 0.847008049 0.133143067 0
vt 0.845885813 0.122024633 0
vt 0.850033343 0.121841446 0
vt 0.85420996 0.122211367 0
vt 0.858106911 0.133599862 0
vt 0.860318005 0.143461168 0
vt 0.857390881 0.122919694 0
vt 0.299662441 0.92941004 0
vt 0.298076659 0.918824077 0
vt 0.301333994 0.919478714 0
vt 0.302475214 0.930117309 0
vt 0.0557699054 0.649622381 0
vt 0.058447361 0.650440156 0
vt 0.0544608496 0.659635007 0
vt 0.0508195423 0.658553481 0
vt 0.860622048 0.152716607 0
vt 0.857416987 0.153341874 0
vt 0.0483626053 0.66744417 0
vt 0.052734904 0.667928755 0
vt 0.860345304 0.160095751 0
vt 0.854001343 0.153449193 0
vt 0.850145936 0.153916001 0
vt 0.923878253 0.0918891355 0
vt 0.922880411 0.0977563709 0
vt 0.918746412 0.098312065 0
vt 0.919057071 0.0935295895 0
vt 0.9773224 0.284152567 0
vt 0.977870405 0.280198097 0
vt 0.980710864 0.279803693 0
vt 0.981227756 0.283942491 0
vt 0.0573985353 0.594553888 0
vt 0.0593283586 0.590836942 0
vt 0.0605092198 0.595784903 0
vt 0.715919197 0.904950559 0
vt 0.721336007 0.902383029 0
vt 0.72006762 0.909535944 0
vt 0.7154212 0.910881221 0
vt 0.922141075 0.105523005 0
vt 0.917667985 0.105849788 0
vt 0.71534133 0.918682575 0
vt 0.719887197 0.917584717 0
vt 0.719964802 0.926053941 0
vt 0.715703011 0.927202225 0
vt 0.921781003 0.114042737 0
vt 0.917856514 0.114463635 0
vt 0.91280967 0.105176486 0
vt 0.913897395 0.0978882164 0
vt 0.913591743 0.113873668 0
vt 0.885931432 0.689218819 0
vt 0.885232389 0.681704104 0
vt 0.889717221 0.681843162 0
vt 0.890614927 0.689587414 0
vt 0.890503049 0.697573066 0
vt 0.884689629 0.69557929 0
vt 0.914267242 0.0919320285 0
vt 0.907956541 0.0963199064 0
vt 0.910543919 0.0883309543 0
vt 0.977905869 0.275147021 0
vt 0.976276457 0.270441771 0
vt 0.981227756 0.265160412 0
vt 0.980586052 0.274108857 0
vt 0.0661936104 0.605508626 0
vt 0.0581796132 0.609425068 0
vt 0.0563679487 0.606237352 0
vt 0.0646864772 0.602174044 0
vt 0.0669474229 0.608282864 0
vt 0.0594647862 0.612103939 0
vt 0.0496220402 0.614535213 0
vt 0.047636319 0.611272097 0
vt 0.0511329025 0.617288768 0
vt 0.0420920439 0.623060107 0
vt 0.0405287333 0.620240986 0
vt 0.0384932943 0.616895974 0
vt 0.0456405766 0.608011305 0
vt 0.0544605926 0.602991283 0
vt 0.0364478827 0.613553226 0
vt 0.034596391 0.61080265 0
vt 0.0438061804 0.605334818 0
vt 0.052562017 0.600358605 0
vt 0.0628215745 0.598601043 0
vt 0.912100077 0.162498608 0
vt 0.917463958 0.162772626 0
vt 0.916938186 0.166909352 0
vt 0.911891997 0.166559905 0
vt 0.909404039 0.166516483 0
vt 0.909591079 0.162041157 0
vt 0.907956541 0.157305539 0
vt 0.913241684 0.158863693 0
vt 0.326944917 0.393072873 0
vt 0.32631427 0.396106601 0
vt 0.319246978 0.392014891 0
vt 0.320474982 0.389567703 0
vt 0.381423682 0.848839939 0
vt 0.385660231 0.847237229 0
vt 0.387139618 0.853764355 0
vt 0.383374572 0.855280638 0
vt 0.312278539 0.384578526 0
vt 0.310627818 0.38715145 0
vt 0.301652998 0.380917549 0
vt 0.30336377 0.378362626 0
vt 0.674980164 0.989445448 0
vt 0.675390601 0.981964529 0
vt 0.679647386 0.981635332 0
vt 0.679647386 0.989025891 0
vt 0.389953643 0.846805155 0
vt 0.390868127 0.853578746 0
vt 0.385488182 0.839280009 0
vt 0.389414251 0.839006484 0
vt 0.97299701 0.203693077 0
vt 0.972743571 0.195879921 0
vt 0.97720176 0.196113214 0
vt 0.977526248 0.203878522 0
vt 0.978021145 0.210827842 0
vt 0.973662913 0.210495651 0
vt 0.911742568 0.170424387 0
vt 0.917318344 0.170461744 0
vt 0.969634593 0.837772131 0
vt 0.969539344 0.843349338 0
vt 0.965534508 0.844029307 0
vt 0.965413034 0.837739348 0
vt 0.96575284 0.831748426 0
vt 0.969634593 0.834179521 0
vt 0.908151507 0.170461744 0
vt 0.321065575 0.407097667 0
vt 0.311923623 0.404065996 0
vt 0.314793646 0.399597198 0
vt 0.323044628 0.403437793 0
vt 0.318486482 0.41014725 0
vt 0.309636176 0.407551259 0
vt 0.303137541 0.398750842 0
vt 0.305543333 0.394998908 0
vt 0.89621824 0.689032555 0
vt 0.896099627 0.695629895 0
vt 0.895376801 0.681132972 0
vt 0.293777019 0.3924492 0
vt 0.295883954 0.388672322 0
vt 0.30838716 0.390655726 0
vt 0.317397982 0.39540872 0
vt 0.299010694 0.384358883 0
vt 0.324869305 0.39978838 0
vt 0.377272069 0.353923708 0
vt 0.372177869 0.352189809 0
vt 0.375961334 0.340355664 0
vt 0.381696373 0.342252165 0
vt 0.387877405 0.344023645 0
vt 0.382546067 0.355009377 0
vt 0.378684223 0.365765363 0
vt 0.373630702 0.364794463 0
vt 0.368658036 0.363163114 0
vt 0.368403375 0.350473762 0
vt 0.371262968 0.338739693 0
vt 0.365188718 0.361545622 0
vt 0.362081259 0.359931886 0
vt 0.364631087 0.348763943 0
vt 0.365782738 0.336887479 0
vt 0.374909461 0.329223573 0
vt 0.379407525 0.329805851 0
vt 0.370101094 0.328014314 0
vt 0.37423867 0.324687988 0
vt 0.377738863 0.324004978 0
vt 0.323995143 0.951253533 0
vt 0.321677387 0.956380904 0
vt 0.384703666 0.331313521 0
vt 0.320315868 0.961760938 0
vt 0.385387033 0.325528592 0
vt 0.388708174 0.328113437 0
vt 0.389969498 0.33367762 0
vt 0.883273661 0.154629484 0
vt 0.882297277 0.147507399 0
vt 0.88617301 0.146855086 0
vt 0.887059689 0.153665021 0
vt 0.887350738 0.156206742 0
vt 0.883168936 0.15732193 0
vt 0.349485904 0.38411662 0
vt 0.35107252 0.386522323 0
vt 0.347107172 0.38659662 0
vt 0.344154775 0.379314095 0
vt 0.34658578 0.377557606 0
vt 0.880133927 0.138177782 0
vt 0.884511232 0.137608632 0
vt 0.879387975 0.148485273 0
vt 0.876998425 0.138933048 0
vt 0.343213558 0.368936539 0
vt 0.340473562 0.37055108 0
vt 0.336862624 0.360179931 0
vt 0.339695096 0.358621091 0
vt 0.880219936 0.127321854 0
vt 0.884260774 0.126844943 0
vt 0.890651941 0.137113914 0
vt 0.889840901 0.146776542 0
vt 0.889842451 0.126445591 0
vt 0.382945657 0.707501233 0
vt 0.382052243 0.696839631 0
vt 0.385935426 0.696724474 0
vt 0.386855483 0.70737648 0
vt 0.386473566 0.71721679 0
vt 0.382210642 0.71717 0
vt 0.891047239 0.154059574 0
vt 0.383474171 0.724443257 0
vt 0.387063771 0.725258768 0
vt 0.388811231 0.730668068 0
vt 0.384032726 0.727697909 0
vt 0.891580224 0.157318518 0
vt 0.335220039 0.391633391 0
vt 0.331284374 0.3849729 0
vt 0.335594356 0.384082735 0
vt 0.339246958 0.390447825 0
vt 0.33152768 0.39205265 0
vt 0.845806062 0.0943717882 0
vt 0.848388791 0.0942255482 0
vt 0.847319484 0.101956554 0
vt 0.842187464 0.101858184 0
vt 0.327309012 0.37602672 0
vt 0.331623018 0.375016659 0
vt 0.839931786 0.111501314 0
vt 0.845230877 0.11132545 0
vt 0.840533972 0.122593395 0
vt 0.323358297 0.365362525 0
vt 0.327622354 0.364059299 0
vt 0.336599231 0.37277323 0
vt 0.340417564 0.381774396 0
vt 0.332800508 0.362055749 0
vt 0.343360752 0.388782471 0
vt 0.859503329 0.0959884003 0
vt 0.860206425 0.103465848 0
vt 0.855336905 0.102703385 0
vt 0.856134713 0.0959385037 0
vt 0.856730998 0.0931757465 0
vt 0.860622048 0.0922909677 0
vt 0.297982961 0.891810179 0
vt 0.298796058 0.888033688 0
vt 0.302475184 0.885298908 0
vt 0.301470667 0.891543567 0
vt 0.301856935 0.899601281 0
vt 0.299294293 0.899205148 0
vt 0.859485507 0.112683952 0
vt 0.854066789 0.111700088 0
vt 0.299328446 0.908451378 0
vt 0.302182317 0.909087956 0
vt 0.84955281 0.111239195 0
vt 0.851329207 0.102154352 0
vt 0.852236271 0.0950625464 0
vt 0.847894192 0.0883309543 0
vt 0.852392316 0.0921814367 0
vt 0.0845723897 0.61725384 0
vt 0.0812451616 0.625210583 0
vt 0.0774823427 0.623704553 0
vt 0.0807003304 0.615542054 0
vt 0.0874205977 0.619039655 0
vt 0.0841877759 0.626578808 0
vt 0.0777851492 0.634518921 0
vt 0.0739287212 0.633020937 0
vt 0.0809885114 0.635769725 0
vt 0.0773280337 0.645904243 0
vt 0.0740443245 0.644622028 0
vt 0.0700910836 0.643086433 0
vt 0.0700627789 0.631525218 0
vt 0.0736812428 0.622278392 0
vt 0.0661281347 0.641553223 0
vt 0.0626859814 0.640308797 0
vt 0.066830799 0.63028127 0
vt 0.0704898909 0.621186733 0
vt 0.0766513869 0.614154875 0
vt 0.0730774403 0.613411605 0
vt 0.390773714 0.82995069 0
vt 0.385703295 0.830549896 0
vt 0.385754466 0.821092308 0
vt 0.390273541 0.821246684 0
vt 0.216839001 0.930674613 0
vt 0.214992419 0.920456767 0
vt 0.218614027 0.920835555 0
vt 0.21921289 0.930963874 0
vt 0.974433601 0.186879992 0
vt 0.978021204 0.187686101 0
vt 0.38221392 0.831800282 0
vt 0.382186472 0.82149595 0
vt 0.38163808 0.840726376 0
vt 0.294511378 0.371360481 0
vt 0.292618036 0.373908788 0
vt 0.284361243 0.365486234 0
vt 0.287087142 0.36255601 0
vt 0.368086427 0.948774338 0
vt 0.365160197 0.947241247 0
vt 0.36950022 0.940686285 0
vt 0.372840971 0.941970646 0
vt 0.278142482 0.358415574 0
vt 0.276138902 0.361025125 0
vt 0.370175779 0.951822102 0
vt 0.390868127 0.81485343 0
vt 0.386794448 0.814169049 0
vt 0.361682236 0.946146011 0
vt 0.215563595 0.911380172 0
vt 0.219502464 0.912569225 0
vt 0.842576802 0.624551535 0
vt 0.84344089 0.616490483 0
vt 0.847784758 0.616998076 0
vt 0.847440958 0.624934375 0
vt 0.369728804 0.393438637 0
vt 0.36634624 0.393811256 0
vt 0.370200127 0.384586096 0
vt 0.373082101 0.384551108 0
vt 0.842354417 0.607723951 0
vt 0.847360492 0.608159482 0
vt 0.840889812 0.615064025 0
vt 0.836416364 0.606561899 0
vt 0.838278055 0.59690547 0
vt 0.84392488 0.598367214 0
vt 0.848341286 0.59879607 0
vt 0.851954818 0.608039916 0
vt 0.852009535 0.616893351 0
vt 0.852401972 0.598634064 0
vt 0.490927905 0.80175668 0
vt 0.490706414 0.811170578 0
vt 0.486133128 0.811700821 0
vt 0.486093074 0.802232325 0
vt 0.485711962 0.793280303 0
vt 0.490660846 0.792907119 0
vt 0.852570951 0.625141919 0
vt 0.489901721 0.784674466 0
vt 0.484059185 0.784791291 0
vt 0.356345981 0.388774902 0
vt 0.35962671 0.380826771 0
vt 0.363046438 0.382302552 0
vt 0.359488189 0.390715599 0
vt 0.353698492 0.386514336 0
vt 0.356557131 0.379131049 0
vt 0.879455984 0.20680362 0
vt 0.874871075 0.205457747 0
vt 0.880528212 0.195901141 0
vt 0.882348895 0.197445989 0
vt 0.885241449 0.198909804 0
vt 0.883126438 0.208055198 0
vt 0.36196664 0.371999383 0
vt 0.359055907 0.370307714 0
vt 0.880203664 0.216824576 0
vt 0.875748515 0.215758309 0
vt 0.369926423 0.375840545 0
vt 0.366552413 0.383645147 0
vt 0.365108401 0.373966545 0
vt 0.375164032 0.376556426 0
vt 0.362712353 0.392594993 0
vt 0.897445261 0.192459285 0
vt 0.896069527 0.199274093 0
vt 0.892956436 0.200004175 0
vt 0.893886745 0.193653435 0
vt 0.912594557 0.697049439 0
vt 0.912642598 0.693145573 0
vt 0.914758801 0.693090856 0
vt 0.915751994 0.697049439 0
vt 0.226614073 0.7986027 0
vt 0.226810619 0.795450211 0
vt 0.230870441 0.793973684 0
vt 0.230870411 0.799206555 0
vt 0.973432243 0.0903251693 0
vt 0.977085352 0.0883309543 0
vt 0.975836098 0.0958914682 0
vt 0.972546995 0.0972209647 0
vt 0.897112489 0.208137408 0
vt 0.891991735 0.208817884 0
vt 0.974220753 0.105986997 0
vt 0.977004468 0.104896508 0
vt 0.977085352 0.114933021 0
vt 0.9743433 0.116033502 0
vt 0.89651674 0.218166992 0
vt 0.891515613 0.21887432 0
vt 0.887594998 0.208865628 0
vt 0.889282405 0.199912801 0
vt 0.887628555 0.218944624 0
vt 0.883541822 0.218103617 0
vt 0.889992476 0.193282962 0
vt 0.886021078 0.1916008 0
vt 0.886048555 0.186879992 0
vt 0.890253365 0.190946952 0
vt 0.894553363 0.191458166 0
vt 0.104673073 0.614769876 0
vt 0.108185709 0.623805881 0
vt 0.104729488 0.624982059 0
vt 0.101344913 0.616371393 0
vt 0.107488446 0.613650024 0
vt 0.110952139 0.62290895 0
vt 0.111541949 0.633558929 0
vt 0.107901961 0.634634793 0
vt 0.114404015 0.632703006 0
vt 0.117649868 0.64299953 0
vt 0.114687055 0.643883765 0
vt 0.110955276 0.644986808 0
vt 0.104251876 0.63571322 0
vt 0.101295829 0.626139641 0
vt 0.107213482 0.646092296 0
vt 0.104084574 0.647016048 0
vt 0.101199619 0.636614323 0
vt 0.0983489379 0.627177894 0
vt 0.0981358364 0.61789149 0
vt 0.0955169126 0.619358182 0
vt 0.766667843 0.801279902 0
vt 0.761683822 0.801843405 0
vt 0.762748718 0.792220116 0
vt 0.766995788 0.791982055 0
vt 0.676351309 0.930201828 0
vt 0.674980164 0.920936823 0
vt 0.678714693 0.921351254 0
vt 0.679136515 0.930541277 0
vt 0.384927392 0.747314513 0
vt 0.388411492 0.747050464 0
vt 0.388134867 0.75700742 0
vt 0.383720964 0.757218301 0
vt 0.766471684 0.811255038 0
vt 0.760804415 0.811947167 0
vt 0.757265389 0.802065551 0
vt 0.758819401 0.792115808 0
vt 0.755820155 0.812358201 0
vt 0.751357794 0.812489212 0
vt 0.753019571 0.802003324 0
vt 0.754630685 0.791549981 0
vt 0.759735465 0.782880187 0
vt 0.76325345 0.782769561 0
vt 0.756332397 0.782743752 0
vt 0.109852217 0.936178088 0
vt 0.113888033 0.936435163 0
vt 0.760168552 0.776836395 0
vt 0.765384495 0.775832176 0
vt 0.767390728 0.783489347 0
vt 0.768189132 0.776993394 0
vt 0.675911486 0.91272366 0
vt 0.67994231 0.913866103 0
vt 0.757281661 0.83962971 0
vt 0.75635004 0.831040382 0
vt 0.761565566 0.830331087 0
vt 0.762409568 0.838134766 0
vt 0.763045073 0.842164993 0
vt 0.757662714 0.844020486 0
vt 0.751515329 0.853392482 0
vt 0.752457082 0.841812313 0
vt 0.751894891 0.831588507 0
vt 0.754936457 0.822288573 0
vt 0.760669649 0.821757436 0
vt 0.750135183 0.822462976 0
vt 0.766872048 0.820990026 0
vt 0.766069889 0.829972923 0
vt 0.383132368 0.766943693 0
vt 0.388000816 0.766740322 0
vt 0.386124909 0.775962353 0
vt 0.381423682 0.775798917 0
vt 0.767313361 0.83878696 0
vt 0.381767154 0.784693658 0
vt 0.38613233 0.786313832 0
vt 0.388411492 0.797786593 0
vt 0.382083237 0.790230691 0
vt 0.768189073 0.844263434 0
vt 0.318410486 0.431367248 0
vt 0.306899577 0.434060663 0
vt 0.305654377 0.42909199 0
vt 0.317352235 0.427024782 0
vt 0.319187731 0.434717566 0
vt 0.837107241 0.200957626 0
vt 0.839549601 0.201254994 0
vt 0.838683009 0.212718189 0
vt 0.833762288 0.212266535 0
vt 0.297067851 0.435572833 0
vt 0.29581669 0.430487245 0
vt 0.831541955 0.221967265 0
vt 0.836533904 0.222224087 0
vt 0.837739885 0.232239142 0
vt 0.832788587 0.232537106 0
vt 0.287118137 0.436375201 0
vt 0.285496861 0.431222677 0
vt 0.295639783 0.42489484 0
vt 0.305193424 0.423550308 0
vt 0.285851389 0.425560296 0
vt 0.744612575 0.822626054 0
vt 0.745816171 0.812204003 0
vt 0.746580899 0.83203584 0
vt 0.316427946 0.422573686 0
vt 0.749688566 0.842696011 0
vt 0.315224349 0.418289542 0
vt 0.855971992 0.20336321 0
vt 0.854714453 0.214028567 0
vt 0.84940958 0.213811293 0
vt 0.85021472 0.203704104 0
vt 0.851897359 0.19414416 0
vt 0.858494759 0.1933406 0
vt 0.226856574 0.677776933 0
vt 0.228419408 0.667560399 0
vt 0.233968303 0.663248718 0
vt 0.231458873 0.676645517 0
vt 0.231534153 0.688201189 0
vt 0.226614073 0.688513458 0
vt 0.855371535 0.223481923 0
vt 0.84885174 0.223017961 0
vt 0.228162915 0.697862089 0
vt 0.2330167 0.697753012 0
vt 0.233375967 0.707553148 0
vt 0.229231268 0.707642794 0
vt 0.8555094 0.233319834 0
vt 0.849139512 0.232879907 0
vt 0.841975451 0.22254847 0
vt 0.843552947 0.213268444 0
vt 0.842923522 0.232505262 0
vt 0.844349444 0.202604309 0
vt 0.83912617 0.187868133 0
vt 0.845251262 0.192471102 0
vt 0.0584696978 0.583206177 0
vt 0.0475918092 0.580949306 0
vt 0.0482741706 0.576948464 0
vt 0.059635669 0.578936517 0
vt 0.0567903072 0.586525023 0
vt 0.0467245542 0.584273458 0
vt 0.0382653251 0.57955873 0
vt 0.0388856046 0.575422227 0
vt 0.037735153 0.583009005 0
vt 0.0280615818 0.581744134 0
vt 0.028606575 0.578199863 0
vt 0.0292432867 0.573958814 0
vt 0.0394924171 0.571288884 0
vt 0.0489304848 0.57289052 0
vt 0.0298666283 0.569721222 0
vt 0.03037077 0.56618762 0
vt 0.0399819016 0.567848265 0
vt 0.0492657796 0.56949538 0
vt 0.0605745502 0.574422121 0
vt 0.0607518628 0.570512056 0
vt 0.27598092 0.425761431 0
vt 0.275470644 0.431659639 0
vt 0.264404297 0.431916624 0
vt 0.265366614 0.425362021 0
vt 0.74755758 0.801663041 0
vt 0.749576092 0.790451527 0
vt 0.277261972 0.43700999 0
vt 0.266841173 0.437750578 0
vt 0.834964216 0.243215412 0
vt 0.839829147 0.242826536 0
vt 0.841886699 0.253810763 0
vt 0.837745845 0.254634053 0
vt 0.257872313 0.437616944 0
vt 0.255297989 0.432526976 0
vt 0.840362251 0.264403671 0
vt 0.844452143 0.262597233 0
vt 0.126138404 0.9461869 0
vt 0.126138389 0.952129841 0
vt 0.124184974 0.940429568 0
vt 0.256569982 0.426568329 0
vt 0.119088277 0.937468231 0
vt 0.751682937 0.780608892 0
vt 0.755492151 0.775751412 0
vt 0.757534206 0.778617442 0
vt 0.289682925 0.377768785 0
vt 0.286431015 0.382291257 0
vt 0.276082486 0.3752684 0
vt 0.280124158 0.370224416 0
vt 0.284344852 0.386093169 0
vt 0.274094194 0.379657298 0
vt 0.894458175 0.673150599 0
vt 0.888472915 0.674032211 0
vt 0.886637032 0.667271614 0
vt 0.893076599 0.664867103 0
vt 0.265911281 0.373115093 0
vt 0.267222583 0.368647248 0
vt 0.891669989 0.656757534 0
vt 0.885815442 0.659329772 0
vt 0.89621824 0.653439999 0
vt 0.271469504 0.364427298 0
vt 0.372329265 0.957710385 0
vt 0.372840971 0.963096917 0
vt 0.888429821 0.229796946 0
vt 0.892273366 0.229370952 0
vt 0.89403671 0.240240648 0
vt 0.890324533 0.241221473 0
vt 0.885719597 0.240541533 0
vt 0.884353638 0.228930458 0
vt 0.896701872 0.228646308 0
vt 0.897445261 0.238641292 0
vt 0.104243614 0.65849489 0
vt 0.101774968 0.647677183 0
vt 0.106952727 0.657729268 0
vt 0.109426051 0.667539895 0
vt 0.105710961 0.668711782 0
vt 0.29793632 0.956047058 0
vt 0.295199603 0.955669999 0
vt 0.299762905 0.946499765 0
vt 0.302475184 0.948015869 0
vt 0.1095533 0.677098811 0
vt 0.11318402 0.675015271 0
vt 0.890980065 0.249495983 0
vt 0.895744205 0.248741239 0
vt 0.327849656 0.943443477 0
vt 0.332697362 0.942759693 0
vt 0.324986219 0.946402669 0
vt 0.887241781 0.248614267 0
vt 0.12908265 0.976645708 0
vt 0.128917679 0.979914844 0
vt 0.125515208 0.979970038 0
vt 0.12569426 0.97720474 0
vt 0.491887182 0.963900089 0
vt 0.491946131 0.971451581 0
vt 0.488577813 0.970733523 0
vt 0.487769634 0.964317441 0
vt 0.0622236468 0.651880383 0
vt 0.066178143 0.653428257 0
vt 0.989878714 0.831748426 0
vt 0.989572823 0.83444953 0
vt 0.986136019 0.835065305 0
vt 0.986437142 0.832776785 0
vt 0.0700153708 0.654918373 0
vt 0.0736544505 0.656333447 0
vt 0.129468337 0.973791003 0
vt 0.12605831 0.974790037 0
vt 0.492064655 0.980789125 0
vt 0.489756793 0.97867167 0
vt 0.0856089965 0.979392886 0
vt 0.0849238411 0.976600289 0
vt 0.0879413038 0.975478709 0
vt 0.088613674 0.977841198 0
vt 0.108972304 0.981959343 0
vt 0.109138861 0.985801697 0
vt 0.107060932 0.984079957 0
vt 0.106290981 0.980817318 0
vt 0.982679963 0.524976671 0
vt 0.982827067 0.527724981 0
vt 0.979003072 0.526566088 0
vt 0.978837967 0.524241209 0
vt 0.08621604 0.98221302 0
vt 0.0890260488 0.980229557 0
vt 0.572823703 0.980737329 0
vt 0.572848201 0.98316741 0
vt 0.568892062 0.982124627 0
vt 0.568975151 0.980068088 0
vt 0.982545316 0.521726251 0
vt 0.978684306 0.521491289 0
vt 0.384523094 0.667580545 0
vt 0.384637177 0.663030326 0
vt 0.38881126 0.664016664 0
vt 0.38856855 0.667885959 0
vt 0.844643235 0.242915764 0
vt 0.850687444 0.243086815 0
vt 0.85219115 0.252907366 0
vt 0.846777916 0.253234059 0
vt 0.858494759 0.243561938 0
vt 0.858009398 0.253086716 0
vt 0.233172581 0.717556119 0
vt 0.233968332 0.71757549 0
vt 0.698130906 0.930467188 0
vt 0.695361257 0.930541277 0
vt 0.694827557 0.921303689 0
vt 0.698965013 0.920979559 0
vt 0.857806504 0.261474043 0
vt 0.853370488 0.262328953 0
vt 0.697972 0.912685215 0
vt 0.69384706 0.913835764 0
vt 0.848349452 0.262439519 0
vt 0.849264145 0.267860562 0
vt 0.124856323 0.956757367 0
vt 0.110493079 0.656697214 0
vt 0.114127897 0.655623138 0
vt 0.117121309 0.665639758 0
vt 0.113684371 0.666508794 0
vt 0.117897958 0.654495537 0
vt 0.120770887 0.66437006 0
vt 0.121338971 0.653443694 0
vt 0.125144094 0.662804127 0
vt 0.122572348 0.672865629 0
vt 0.11971423 0.674327791 0
vt 0.126336634 0.671102643 0
vt 0.116612844 0.674650848 0
vt 0.10901285 0.977932692 0
vt 0.106228575 0.977407515 0
vt 0.572809935 0.97797811 0
vt 0.569011629 0.977732718 0
vt 0.0199735481 0.568339407 0
vt 0.0205415431 0.564607143 0
vt 0.0193645395 0.572466612 0
vt 0.44988966 0.901429355 0
vt 0.449940979 0.910601974 0
vt 0.447581142 0.911450803 0
vt 0.448346138 0.903651178 0
vt 0.0187454131 0.576597869 0
vt 0.0181242041 0.580656826 0
vt 0.384579539 0.675611377 0
vt 0.387683988 0.674797177 0
vt 0.0252050124 0.616198897 0
vt 0.027120227 0.619358718 0
vt 0.0258301422 0.620951474 0
vt 0.0241342578 0.618294716 0
vt 0.109138891 0.973791003 0
vt 0.106456071 0.973903835 0
vt 0.129468337 0.984317303 0
vt 0.126144767 0.983703554 0
vt 0.572824359 0.97499007 0
vt 0.568981588 0.975203454 0
vt 0.449857414 0.918257296 0
vt 0.446378559 0.917980433 0
vt 0.385210156 0.685744107 0
vt 0.387335837 0.683481395 0
vt 0.862334192 0.970180213 0
vt 0.862334192 0.976058483 0
vt 0.859443247 0.976140141 0
vt 0.858509541 0.971095741 0
vt 0.572848201 0.972093284 0
vt 0.568899393 0.9727512 0
vt 0.91445899 0.123593956 0
vt 0.918525815 0.123690225 0
vt 0.919370651 0.133969069 0
vt 0.915367663 0.134397551 0
vt 0.911834657 0.132159799 0
vt 0.911012888 0.121543013 0
vt 0.883884192 0.674541831 0
vt 0.923555255 0.123344705 0
vt 0.923604548 0.132532835 0
vt 0.718257666 0.936320722 0
vt 0.721336007 0.934884131 0
vt 0.236838505 0.930675268 0
vt 0.234304875 0.930963814 0
vt 0.234810069 0.920837343 0
vt 0.238516018 0.920477688 0
vt 0.923878253 0.1393767 0
vt 0.920055747 0.140923098 0
vt 0.23781012 0.911353528 0
vt 0.23382926 0.912566602 0
vt 0.876025498 0.657319605 0
vt 0.878600478 0.658974469 0
vt 0.881665885 0.660124183 0
vt 0.881491661 0.668631911 0
vt 0.87823993 0.667098105 0
vt 0.889592409 0.115354955 0
vt 0.884512484 0.11565613 0
vt 0.88481003 0.104504131 0
vt 0.889383793 0.104831114 0
vt 0.381715029 0.685751319 0
vt 0.381423682 0.67522943 0
vt 0.880530119 0.115859464 0
vt 0.880762339 0.104224138 0
vt 0.337021708 0.347481281 0
vt 0.333588034 0.349101841 0
vt 0.331677705 0.337298244 0
vt 0.336096674 0.335781664 0
vt 0.882353485 0.0944902673 0
vt 0.885771096 0.0945880115 0
vt 0.330733001 0.3269113 0
vt 0.32730031 0.32851541 0
vt 0.323562473 0.325372428 0
vt 0.324284971 0.322944701 0
vt 0.681488633 0.946923733 0
vt 0.677998602 0.946965277 0
vt 0.889855921 0.0958225951 0
vt 0.889050305 0.0883309543 0
vt 0.891580164 0.0898526236 0
vt 0.0698959604 0.67579186 0
vt 0.0665919781 0.673300505 0
vt 0.0705310926 0.666004777 0
vt 0.0737791657 0.667575121 0
vt 0.449940979 0.922864974 0
vt 0.446017444 0.921899557 0
vt 0.0623374954 0.654124379 0
vt 0.0588669218 0.652970552 0
vt 0.0291252602 0.622669876 0
vt 0.862174988 0.984322131 0
vt 0.860284209 0.98320663 0
vt 0.0311461706 0.625960946 0
vt 0.0330637284 0.629088163 0
vt 0.983102918 0.0528827757 0
vt 0.983393669 0.056980662 0
vt 0.98131901 0.0557343289 0
vt 0.980144322 0.0522381105 0
vt 0.983072639 0.0487105176 0
vt 0.979860306 0.0486988015 0
vt 0.0840393901 0.973959744 0
vt 0.0859159827 0.966522276 0
vt 0.0890260488 0.966945052 0
vt 0.0865056515 0.973252952 0
vt 0.960208237 0.0580557398 0
vt 0.959908307 0.063229762 0
vt 0.956437409 0.0634137243 0
vt 0.956573367 0.0590298325 0
vt 0.983148873 0.0445425548 0
vt 0.979944944 0.0451715291 0
vt 0.982827067 0.510624051 0
vt 0.982527316 0.517094672 0
vt 0.97883606 0.51756537 0
vt 0.980008662 0.512057781 0
vt 0.960208237 0.0717087388 0
vt 0.957800329 0.0706320181 0
vt 0.492064625 0.957550526 0
vt 0.492018044 0.959453762 0
vt 0.487890899 0.960554242 0
vt 0.48796159 0.958944261 0
vt 0.853453636 0.589339674 0
vt 0.849759161 0.589516759 0
vt 0.85098356 0.581592083 0
vt 0.854435325 0.581269443 0
vt 0.489877999 0.820487499 0
vt 0.489090115 0.828579009 0
vt 0.485517234 0.829630435 0
vt 0.48580128 0.821207821 0
vt 0.845614016 0.589045286 0
vt 0.846912444 0.58074671 0
vt 0.840163589 0.587370276 0
vt 0.84234482 0.578028023 0
vt 0.849199772 0.571196854 0
vt 0.852633357 0.572050571 0
vt 0.844726384 0.568666041 0
vt 0.856523037 0.573076487 0
vt 0.130027741 0.671022952 0
vt 0.127927944 0.662107587 0
vt 0.329067469 0.351136863 0
vt 0.32372579 0.353176594 0
vt 0.319482803 0.341253877 0
vt 0.32553491 0.339312524 0
vt 0.319357544 0.354537249 0
vt 0.314798057 0.343072653 0
vt 0.841477454 0.133821949 0
vt 0.843002558 0.14571014 0
vt 0.311928302 0.332636327 0
vt 0.316022933 0.330265373 0
vt 0.844977379 0.156305134 0
vt 0.689331651 0.965252876 0
vt 0.691396236 0.96005404 0
vt 0.321688324 0.329218298 0
vt 0.688884914 0.954749644 0
vt 0.684750378 0.949980438 0
vt 0.851479769 0.721832812 0
vt 0.843666136 0.720843494 0
vt 0.846020818 0.711327434 0
vt 0.855044782 0.712581336 0
vt 0.488673598 0.687985182 0
vt 0.485331476 0.697319567 0
vt 0.47734037 0.695985317 0
vt 0.481711894 0.686909199 0
vt 0.485259891 0.681757092 0
vt 0.490927875 0.680687606 0
vt 0.849051058 0.72907418 0
vt 0.842055917 0.728327155 0
vt 0.836390853 0.720016181 0
vt 0.837529242 0.710472584 0
vt 0.835570693 0.727451205 0
vt 0.831902742 0.72539115 0
vt 0.830916047 0.719764948 0
vt 0.831130981 0.710269988 0
vt 0.838122427 0.700433731 0
vt 0.847723365 0.701367378 0
vt 0.830812216 0.700236976 0
vt 0.857913494 0.702812254 0
vt 0.482697904 0.707154691 0
vt 0.473592818 0.705624163 0
vt 0.126938701 0.516711414 0
vt 0.124680541 0.525695205 0
vt 0.117862403 0.522949159 0
vt 0.12083932 0.514144361 0
vt 0.12281473 0.507595897 0
vt 0.128541335 0.510119557 0
vt 0.477038801 0.685433388 0
vt 0.483176559 0.678958774 0
vt 0.472012252 0.694442093 0
vt 0.12215928 0.535110235 0
vt 0.114586145 0.532164872 0
vt 0.130027726 0.528066456 0
vt 0.12843661 0.53775996 0
vt 0.106895007 0.529316068 0
vt 0.110729717 0.520332813 0
vt 0.0999170989 0.526898384 0
vt 0.104479976 0.518231332 0
vt 0.114402212 0.511877358 0
vt 0.108769909 0.510075748 0
vt 0.111940756 0.505867243 0
vt 0.116740987 0.505554974 0
vt 0.363756865 0.435236275 0
vt 0.367145985 0.443396688 0
vt 0.358963579 0.446346939 0
vt 0.35538286 0.438170403 0
vt 0.374367416 0.44021824 0
vt 0.370877177 0.452396005 0
vt 0.362499744 0.455462277 0
vt 0.378460079 0.448991925 0
vt 0.354628205 0.457828343 0
vt 0.351007998 0.448698133 0
vt 0.106399879 0.840155482 0
vt 0.113326803 0.83873117 0
vt 0.112659119 0.848370194 0
vt 0.106280565 0.849803746 0
vt 0.346656561 0.440646201 0
vt 0.344762713 0.450085342 0
vt 0.339639157 0.442352116 0
vt 0.132641375 0.856635928 0
vt 0.126118138 0.855487645 0
vt 0.128389627 0.847673476 0
vt 0.135385007 0.848645031 0
vt 0.0770128816 0.560955763 0
vt 0.0827364847 0.553320169 0
vt 0.0702553093 0.566313803 0
vt 0.130702183 0.862546504 0
vt 0.124740757 0.861235917 0
vt 0.118729867 0.855772555 0
vt 0.120377958 0.847634256 0
vt 0.847529173 0.186879992 0
vt 0.854666173 0.18869634 0
vt 0.117848806 0.861754417 0
vt 0.110380046 0.864841282 0
vt 0.111526281 0.856969714 0
vt 0.121900715 0.838160634 0
vt 0.130929589 0.838423669 0
vt 0.137619644 0.83980602 0
vt 0.0887390599 0.544916749 0
vt 0.0907431319 0.535045981 0
vt 0.180156827 0.332999706 0
vt 0.184587806 0.331480384 0
vt 0.187187597 0.34428063 0
vt 0.182409987 0.345695674 0
vt 0.176142454 0.34743458 0
vt 0.17353569 0.335753202 0
vt 0.170092687 0.326529264 0
vt 0.176864654 0.324399889 0
vt 0.181764886 0.322768629 0
vt 0.188788787 0.330873907 0
vt 0.191578388 0.343413234 0
vt 0.186025009 0.322411269 0
vt 0.191948831 0.321810812 0
vt 0.194527462 0.330451876 0
vt 0.196598798 0.342625678 0
vt 0.194402486 0.357105076 0
vt 0.189454928 0.35813126 0
vt 0.070138894 0.344132274 0
vt 0.0685303435 0.330260724 0
vt 0.0730096325 0.329563797 0
vt 0.0752707198 0.342976898 0
vt 0.0741100907 0.356973827 0
vt 0.0682414547 0.35781762 0
vt 0.197727263 0.370023042 0
vt 0.19193776 0.370876342 0
vt 0.183964342 0.359107614 0
vt 0.185600698 0.371724159 0
vt 0.179599777 0.372550517 0
vt 0.177833155 0.36002624 0
vt 0.0749425441 0.19793795 0
vt 0.0829423964 0.196611568 0
vt 0.0831805617 0.200429663 0
vt 0.0746440515 0.201943651 0
vt 0.0672521144 0.203115344 0
vt 0.0680115521 0.1989467 0
vt 0.09069819 0.195196241 0
vt 0.0914603099 0.198832616 0
vt 0.0969668999 0.193928272 0
vt 0.0980819538 0.197411731 0
vt 0.0921945721 0.203643978 0
vt 0.0830709264 0.205413476 0
vt 0.0994742662 0.202107638 0
vt 0.101331346 0.210114002 0
vt 0.0932950377 0.211717978 0
vt 0.0831825882 0.213643089 0
vt 0.0736688972 0.207124278 0
vt 0.0727233589 0.215567395 0
vt 0.549175739 0.615437388 0
vt 0.541715264 0.616245925 0
vt 0.541709483 0.612886667 0
vt 0.549552262 0.611992061 0
vt 0.556210756 0.611201108 0
vt 0.555350721 0.614868522 0
vt 0.533314407 0.617277563 0
vt 0.533077538 0.613857031 0
vt 0.524668992 0.618398905 0
vt 0.524051607 0.614875257 0
vt 0.532934248 0.608917534 0
vt 0.54216677 0.60793978 0
vt 0.523276806 0.609977484 0
vt 0.522217751 0.601521254 0
vt 0.532550573 0.600431323 0
vt 0.542413533 0.599494278 0
vt 0.550560832 0.607050061 0
vt 0.551419616 0.598686039 0
vt 0.559121132 0.597967446 0
vt 0.557707906 0.60625571 0
vt 0.196725786 0.434627175 0
vt 0.20840387 0.43303436 0
vt 0.211201131 0.444014728 0
vt 0.197724178 0.445835739 0
vt 0.185679287 0.448784977 0
vt 0.186272636 0.43715021 0
vt 0.186483428 0.424699694 0
vt 0.195366248 0.422642916 0
vt 0.205216333 0.421325207 0
vt 0.219374403 0.432549119 0
vt 0.223881856 0.443435758 0
vt 0.214429066 0.420893878 0
vt 0.0248854849 0.429884374 0
vt 0.0311335865 0.416583836 0
vt 0.0391330421 0.417053431 0
vt 0.0338978581 0.430607557 0
vt 0.0313291401 0.442893684 0
vt 0.0212298185 0.441972107 0
vt 0.227634087 0.453376889 0
vt 0.213659555 0.454100817 0
vt 0.0191186145 0.452776402 0
vt 0.0303440355 0.45378384 0
vt 0.0285269208 0.463949919 0
vt 0.0158009045 0.462873518 0
vt 0.231312916 0.462444812 0
vt 0.216035917 0.463328183 0
vt 0.198752135 0.456026793 0
vt 0.199663907 0.465347469 0
vt 0.184874162 0.46897465 0
vt 0.185377613 0.459290355 0
vt 0.078514643 0.316134483 0
vt 0.0921475887 0.313481718 0
vt 0.0951521993 0.32534799 0
vt 0.0824703202 0.327813208 0
vt 0.0687653273 0.31770739 0
vt 0.0651019439 0.309222192 0
vt 0.0749532506 0.307380974 0
vt 0.0893483907 0.304092377 0
vt 0.106347755 0.31058538 0
vt 0.107932009 0.322810829 0
vt 0.104593441 0.300805956 0
vt 0.116731748 0.298560321 0
vt 0.117687292 0.308442384 0
vt 0.118201382 0.32089597 0
vt 0.107713111 0.336989582 0
vt 0.0962588489 0.339068174 0
vt 0.116974302 0.335383475 0
vt 0.113530248 0.3513017 0
vt 0.104919113 0.352560163 0
vt 0.0942760035 0.354095191 0
vt 0.0846018866 0.34119305 0
vt 0.0833946317 0.355649233 0
vt 0.555690289 0.498090625 0
vt 0.546999454 0.497876912 0
vt 0.547338247 0.485853463 0
vt 0.555105627 0.485850692 0
vt 0.562692761 0.48553893 0
vt 0.564158738 0.497859627 0
vt 0.565011203 0.507738471 0
vt 0.555782974 0.507864237 0
vt 0.546283484 0.507462919 0
vt 0.539442897 0.497286022 0
vt 0.540599406 0.485570639 0
vt 0.538002193 0.506638646 0
vt 0.752525806 0.187786609 0
vt 0.751533926 0.19701764 0
vt 0.74162364 0.194233 0
vt 0.74375838 0.185403883 0
vt 0.744975209 0.174187586 0
vt 0.752791286 0.176054969 0
vt 0.541609585 0.472087681 0
vt 0.54764384 0.472029537 0
vt 0.751234829 0.162273452 0
vt 0.744224668 0.160970002 0
vt 0.741009831 0.146174029 0
vt 0.747507453 0.146942556 0
vt 0.542421579 0.457384735 0
vt 0.548068404 0.456994027 0
vt 0.554611862 0.471814334 0
vt 0.554593265 0.456602037 0
vt 0.560981929 0.456274062 0
vt 0.561430037 0.471464813 0
vt 0.551440477 0.584765077 0
vt 0.541847587 0.585372865 0
vt 0.540826559 0.568144321 0
vt 0.550997198 0.567927897 0
vt 0.559728861 0.567625701 0
vt 0.559674263 0.584228635 0
vt 0.531386316 0.586169243 0
vt 0.529719412 0.568360984 0
vt 0.520429254 0.587242126 0
vt 0.518098235 0.569134831 0
vt 0.528520167 0.549409628 0
vt 0.540266097 0.550517142 0
vt 0.5161919 0.549389601 0
vt 0.516063511 0.528508663 0
vt 0.529192269 0.53342092 0
vt 0.540897489 0.535552144 0
vt 0.550955355 0.550938427 0
vt 0.551801622 0.536465585 0
vt 0.561293602 0.536550701 0
vt 0.560115874 0.550862789 0
vt 0.0730153248 0.229320735 0
vt 0.084451519 0.227169648 0
vt 0.0865351185 0.243478507 0
vt 0.0742566288 0.245869368 0
vt 0.063608259 0.24809067 0
vt 0.0632014275 0.231206819 0
vt 0.0954902023 0.225115538 0
vt 0.0984274894 0.241298959 0
vt 0.104263313 0.223508537 0
vt 0.107922636 0.239711478 0
vt 0.0998745114 0.257880718 0
vt 0.0871328786 0.260211468 0
vt 0.110079855 0.256293178 0
vt 0.109999329 0.270704776 0
vt 0.0990890265 0.272354156 0
vt 0.0854046494 0.275013894 0
vt 0.0740449056 0.262895226 0
vt 0.0720562339 0.278521419 0
vt 0.0624024235 0.282372624 0
vt 0.0633756593 0.26566422 0
vt 0.151588634 0.249819994 0
vt 0.161859155 0.248421535 0
vt 0.165162086 0.265652269 0
vt 0.154329866 0.267738342 0
vt 0.142505243 0.269368082 0
vt 0.140410662 0.251031309 0
vt 0.170421585 0.24701421 0
vt 0.174161553 0.263730496 0
vt 0.0565434173 0.232504323 0
vt 0.0566103682 0.249760926 0
vt 0.176752016 0.281719625 0
vt 0.16754739 0.284228206 0
vt 0.180463299 0.262147576 0
vt 0.183608398 0.279225409 0
vt 0.185391724 0.29553175 0
vt 0.178437427 0.298184961 0
vt 0.169720188 0.301014662 0
vt 0.156707838 0.286983371 0
vt 0.158914149 0.303828239 0
vt 0.146614298 0.30760318 0
vt 0.144784659 0.289315671 0
vt 0.553043902 0.526933193 0
vt 0.542348385 0.526034117 0
vt 0.5439412 0.519631445 0
vt 0.554249525 0.520305634 0
vt 0.564041495 0.520390511 0
vt 0.562765539 0.527060866 0
vt 0.531719863 0.524145603 0
vt 0.534580112 0.518415034 0
vt 0.524574041 0.521667063 0
vt 0.745015025 0.213470474 0
vt 0.734734952 0.209181368 0
vt 0.736553073 0.204788223 0
vt 0.746926606 0.208089679 0
vt 0.536517203 0.513127863 0
vt 0.545249104 0.514075398 0
vt 0.749425173 0.20319818 0
vt 0.739051282 0.200250983 0
vt 0.555222511 0.514606714 0
vt 0.564869106 0.514596224 0
vt 0.0711915493 0.289736181 0
vt 0.0846420825 0.285174161 0
vt 0.0853939131 0.292175561 0
vt 0.0714411587 0.296856105 0
vt 0.0622529499 0.300836533 0
vt 0.0618257597 0.294022232 0
vt 0.0991789922 0.281905591 0
vt 0.100537203 0.288480699 0
vt 0.110774428 0.280091882 0
vt 0.112642325 0.286468983 0
vt 0.10255798 0.294105232 0
vt 0.0871031433 0.297780067 0
vt 0.114887148 0.291926652 0
vt 0.0727702677 0.301900566 0
vt 0.0631589741 0.304747552 0
vt 0.16375728 0.311966151 0
vt 0.173027322 0.311279237 0
vt 0.176455066 0.316117346 0
vt 0.169096366 0.315853864 0
vt 0.161196366 0.316033393 0
vt 0.155141622 0.312745929 0
vt 0.180727869 0.30933699 0
vt 0.182642534 0.315272868 0
vt 0.187283218 0.306819677 0
vt 0.188569963 0.313507527 0
vt 0.184022963 0.318633616 0
vt 0.179186359 0.319034398 0
vt 0.190069959 0.317329526 0
vt 0.173431396 0.319166303 0
vt 0.166093767 0.320290118 0
vt 0.642876744 0.186800838 0
vt 0.655799985 0.188920975 0
vt 0.651793301 0.192882076 0
vt 0.639021814 0.191209435 0
vt 0.324482471 0.916055858 0
vt 0.328807116 0.917642236 0
vt 0.325083256 0.926303267 0
vt 0.320315868 0.925552905 0
vt 0.158838049 0.322695971 0
vt 0.162695333 0.329224557 0
vt 0.647802651 0.180758297 0
vt 0.660374522 0.183255717 0
vt 0.671306372 0.193626791 0
vt 0.667816401 0.197420567 0
vt 0.675327003 0.188152507 0
vt 0.724132478 0.196700588 0
vt 0.727522254 0.19081448 0
vt 0.721083999 0.200857729 0
vt 0.325787455 0.888397157 0
vt 0.330861747 0.905153811 0
vt 0.327112943 0.904073238 0
vt 0.321932137 0.888295829 0
vt 0.719272256 0.204147264 0
vt 0.831752241 0.974647164 0
vt 0.827752948 0.959690034 0
vt 0.835895181 0.956612527 0
vt 0.835895181 0.975315034 0
vt 0.329958081 0.88793242 0
vt 0.33428973 0.904925466 0
vt 0.333286136 0.918288887 0
vt 0.337483615 0.918178499 0
vt 0.339151949 0.926377237 0
vt 0.330983281 0.926377237 0
vt 0.679815292 0.180173904 0
vt 0.6659621 0.175530851 0
vt 0.670845687 0.165776163 0
vt 0.683420539 0.169841155 0
vt 0.731099486 0.18238762 0
vt 0.733538449 0.171718985 0
vt 0.653342068 0.172567397 0
vt 0.659357727 0.162614763 0
vt 0.166214421 0.338067293 0
vt 0.169701144 0.348762482 0
vt 0.663144648 0.151002303 0
vt 0.673863649 0.154067427 0
vt 0.651683569 0.161025211 0
vt 0.655448079 0.148873076 0
vt 0.655742407 0.135916322 0
vt 0.663625598 0.137921333 0
vt 0.67373836 0.140433788 0
vt 0.685217798 0.157381117 0
vt 0.684329748 0.143028975 0
vt 0.733945012 0.159136474 0
vt 0.731473327 0.144971043 0
vt 0.200348064 0.473865837 0
vt 0.183723032 0.478038967 0
vt 0.915903151 0.38872689 0
vt 0.924675584 0.391082793 0
vt 0.917298913 0.405600488 0
vt 0.907701969 0.404934794 0
vt 0.218609422 0.471675426 0
vt 0.219430521 0.480168849 0
vt 0.198787749 0.482408762 0
vt 0.185261965 0.484047025 0
vt 0.712641001 0.0205729678 0
vt 0.735804796 0.0186833479 0
vt 0.729193389 0.029861588 0
vt 0.709440649 0.0314770713 0
vt 0.679387152 0.0173096266 0
vt 0.674999118 0.0277920049 0
vt 0.652975321 0.0270851627 0
vt 0.653910756 0.0164926667 0
vt 0.65557307 0.00819122139 0
vt 0.685217738 0.00914517976 0
vt 0.717531741 0.0118126916 0
vt 0.736998975 0.0122654401 0
vt 0.0966526642 0.480646342 0
vt 0.0717932433 0.479240119 0
vt 0.0702568591 0.468264788 0
vt 0.0917224362 0.469473958 0
vt 0.10905496 0.470201761 0
vt 0.117133014 0.481526554 0
vt 0.11820139 0.487870187 0
vt 0.101037137 0.489172548 0
vt 0.0718641579 0.487488389 0
vt 0.523971796 0.328051984 0
vt 0.540156484 0.324664354 0
vt 0.543343008 0.337652564 0
vt 0.528872013 0.340660423 0
vt 0.752791286 0.0163536295 0
vt 0.743385494 0.0279579069 0
vt 0.752138376 0.00819122139 0
vt 0.521030605 0.320187062 0
vt 0.53972894 0.316574603 0
vt 0.0477798954 0.431397438 0
vt 0.063898623 0.432148427 0
vt 0.0647955239 0.445253909 0
vt 0.0468356833 0.44407624 0
vt 0.0515064076 0.417486191 0
vt 0.0659002587 0.417839855 0
vt 0.0795935839 0.432744801 0
vt 0.0822277442 0.446150422 0
vt 0.079937607 0.418063432 0
vt 0.0912593231 0.418112546 0
vt 0.092226766 0.433079064 0
vt 0.096248433 0.44670251 0
vt 0.0865923464 0.458184391 0
vt 0.0674196184 0.457114339 0
vt 0.102037773 0.458840281 0
vt 0.0475533009 0.455437154 0
vt 0.0479184538 0.46608302 0
vt 0.663210154 0.0627428442 0
vt 0.647205889 0.0619323477 0
vt 0.647866189 0.0491603129 0
vt 0.665704072 0.0498230681 0
vt 0.701594114 0.0675191358 0
vt 0.702642143 0.0544025153 0
vt 0.71859777 0.0531382374 0
vt 0.715882361 0.0665641129 0
vt 0.716215611 0.0812867954 0
vt 0.703510106 0.0818684176 0
vt 0.663525581 0.0772161335 0
vt 0.649274111 0.0761786029 0
vt 0.632070363 0.0610847659 0
vt 0.631004572 0.0485509448 0
vt 0.635754704 0.0751098394 0
vt 0.625298202 0.0741846636 0
vt 0.620418251 0.0603374392 0
vt 0.618047357 0.0480044894 0
vt 0.631712496 0.0374546871 0
vt 0.65037483 0.0377595164 0
vt 0.617327332 0.0371835195 0
vt 0.615690231 0.0270030778 0
vt 0.631964266 0.0270362012 0
vt 0.67003572 0.0384012833 0
vt 0.705682456 0.0425710455 0
vt 0.723306417 0.0411194004 0
vt 0.560622036 0.377664387 0
vt 0.548812211 0.378446549 0
vt 0.54742521 0.364053547 0
vt 0.561047733 0.36323756 0
vt 0.57415545 0.363833189 0
vt 0.572022676 0.378055066 0
vt 0.569296718 0.393164724 0
vt 0.559611797 0.392914027 0
vt 0.722045302 0.952703118 0
vt 0.71937722 0.964157224 0
vt 0.71534133 0.964112937 0
vt 0.717665195 0.956213295 0
vt 0.538425863 0.380192995 0
vt 0.535406351 0.366158694 0
vt 0.728413761 0.0969222337 0
vt 0.72499299 0.0807590261 0
vt 0.730126202 0.081302993 0
vt 0.733062565 0.0953878388 0
vt 0.72582376 0.0657790974 0
vt 0.729808509 0.0520486124 0
vt 0.972843409 0.908924401 0
vt 0.969388247 0.923558116 0
vt 0.964526832 0.923785806 0
vt 0.96972543 0.910957277 0
vt 0.735854924 0.0396330841 0
vt 0.532402635 0.353135705 0
vt 0.545655668 0.350596845 0
vt 0.169218838 0.956999362 0
vt 0.172177017 0.970211923 0
vt 0.166448623 0.968037546 0
vt 0.161415398 0.956787109 0
vt 0.560725212 0.349909097 0
vt 0.559908211 0.337124646 0
vt 0.57596463 0.338494152 0
vt 0.57526356 0.350863636 0
vt 0.555406332 0.44082728 0
vt 0.54873687 0.441329032 0
vt 0.549379587 0.425340205 0
vt 0.556714892 0.424770266 0
vt 0.563871801 0.42468673 0
vt 0.561931551 0.440596491 0
vt 0.542960227 0.442003638 0
vt 0.543008149 0.426271379 0
vt 0.741351366 0.130568877 0
vt 0.734833598 0.130222425 0
vt 0.727458835 0.113701291 0
vt 0.734431148 0.113709755 0
vt 0.542357981 0.410513848 0
vt 0.54973048 0.409332722 0
vt 0.720655978 0.0971954837 0
vt 0.722045302 0.975681484 0
vt 0.717665195 0.972063661 0
vt 0.558188319 0.40871039 0
vt 0.967636466 0.81536597 0
vt 0.965413034 0.80034256 0
vt 0.969579995 0.799347997 0
vt 0.971465588 0.81241703 0
vt 0.566421032 0.408796012 0
vt 0.67987901 0.127020106 0
vt 0.669209003 0.124978542 0
vt 0.662277043 0.108551502 0
vt 0.673698246 0.110171042 0
vt 0.725277424 0.129553869 0
vt 0.717269063 0.113493353 0
vt 0.659029782 0.122957252 0
vt 0.651397109 0.106919169 0
vt 0.651078761 0.121294938 0
vt 0.642916918 0.105545081 0
vt 0.642909586 0.090679355 0
vt 0.654956698 0.0920019373 0
vt 0.633553445 0.0895480737 0
vt 0.6676265 0.0932979658 0
vt 0.709366441 0.0973968878 0
vt 0.0773031488 0.370988786 0
vt 0.0882086009 0.369993389 0
vt 0.0800940096 0.386254251 0
vt 0.0684788749 0.38675651 0
vt 0.0585180484 0.387083828 0
vt 0.0679568797 0.371769994 0
vt 0.0988755152 0.368953317 0
vt 0.0914492607 0.385667801 0
vt 0.107506208 0.368038297 0
vt 0.100630425 0.385087848 0
vt 0.0845097527 0.402203262 0
vt 0.07197427 0.402371019 0
vt 0.0946340114 0.401946038 0
vt 0.0591388419 0.402429283 0
vt 0.0481211878 0.402360529 0
vt 0.188181877 0.384400278 0
vt 0.194776803 0.383565277 0
vt 0.198077604 0.396392792 0
vt 0.190816134 0.397294611 0
vt 0.184162423 0.398546129 0
vt 0.182099536 0.385385782 0
vt 0.118407674 0.919795632 0
vt 0.117889434 0.907624424 0
vt 0.125172213 0.90714556 0
vt 0.125008076 0.919265509 0
vt 0.200830311 0.382997781 0
vt 0.0619674809 0.372167349 0
vt 0.0521257371 0.387145489 0
vt 0.11716076 0.894075036 0
vt 0.125592172 0.893643081 0
vt 0.110934027 0.912091017 0
vt 0.10915032 0.898904264 0
vt 0.106228575 0.886893511 0
vt 0.115677647 0.881604016 0
vt 0.125592172 0.881223738 0
vt 0.193293184 0.410121411 0
vt 0.201626003 0.409049094 0
vt 0.185671046 0.411744058 0
vt 0.293474913 0.0368400738 0
vt 0.28843978 0.0536841638 0
vt 0.281443357 0.0540397763 0
vt 0.286473989 0.0377570204 0
vt 0.286473364 0.0223739725 0
vt 0.293128133 0.0207799803 0
vt 0.278452814 0.0719204992 0
vt 0.272528172 0.0719922855 0
vt 0.266209275 0.088974297 0
vt 0.26112929 0.0897129849 0
vt 0.271857738 0.637020826 0
vt 0.257962346 0.646647811 0
vt 0.258875519 0.637295783 0
vt 0.272390336 0.630028129 0
vt 0.541680574 0.259806216 0
vt 0.528810799 0.249951079 0
vt 0.552639306 0.276469111 0
vt 0.850620508 0.475960344 0
vt 0.850448966 0.484213591 0
vt 0.836501062 0.481274277 0
vt 0.836250544 0.473175555 0
vt 0.557700634 0.295045793 0
vt 0.850869298 0.466142654 0
vt 0.869133055 0.469049066 0
vt 0.86911428 0.479022294 0
vt 0.869104445 0.487047553 0
vt 0.849328458 0.503149092 0
vt 0.849686682 0.497046083 0
vt 0.869046688 0.499130994 0
vt 0.86893189 0.504997849 0
vt 0.868703306 0.511068165 0
vt 0.849164546 0.509161353 0
vt 0.836964965 0.504334748 0
vt 0.836443484 0.498820782 0
vt 0.836337447 0.493353277 0
vt 0.539960563 0.828615963 0
vt 0.530972183 0.832196951 0
vt 0.530514181 0.826598167 0
vt 0.538165808 0.824395001 0
vt 0.54176867 0.820173144 0
vt 0.544046819 0.82210058 0
vt 0.358584911 0.53017801 0
vt 0.355126917 0.539825201 0
vt 0.350495934 0.537500679 0
vt 0.355337352 0.52634722 0
vt 0.543567657 0.834250748 0
vt 0.533041179 0.83956939 0
vt 0.879292011 0.718881249 0
vt 0.899831533 0.719718337 0
vt 0.895423651 0.724666476 0
vt 0.877498984 0.724463046 0
vt 0.202013746 0.866935313 0
vt 0.196732625 0.866342068 0
vt 0.198908553 0.856820822 0
vt 0.205383077 0.857822478 0
vt 0.376119912 0.566635251 0
vt 0.379466027 0.574746966 0
vt 0.372190773 0.5749529 0
vt 0.36754486 0.567767203 0
vt 0.886237741 0.713955522 0
vt 0.899672687 0.719744742 0
vt 0.19164978 0.833697438 0
vt 0.192382067 0.841029286 0
vt 0.18472679 0.8393116 0
vt 0.183789805 0.830844641 0
vt 0.182893991 0.823607445 0
vt 0.190965831 0.827315748 0
vt 0.19630225 0.831025124 0
vt 0.198010758 0.836086392 0
vt 0.198866323 0.842627764 0
vt 0.536865711 0.813771427 0
vt 0.530211866 0.815323412 0
vt 0.531107664 0.802202106 0
vt 0.537653387 0.800517321 0
vt 0.542632222 0.798860431 0
vt 0.542644799 0.811173558 0
vt 0.520963788 0.81508261 0
vt 0.524208069 0.802405477 0
vt 0.520392418 0.826639116 0
vt 0.509967506 0.825140893 0
vt 0.511098802 0.813773572 0
vt 0.515500724 0.801291287 0
vt 0.175240129 0.829318404 0
vt 0.176451162 0.838350713 0
vt 0.161867201 0.839478016 0
vt 0.162008971 0.830253303 0
vt 0.162429184 0.822296977 0
vt 0.174097508 0.82171154 0
vt 0.781646013 0.22369346 0
vt 0.783040822 0.207594141 0
vt 0.797047377 0.207952842 0
vt 0.796046674 0.224403173 0
vt 0.795830905 0.239383191 0
vt 0.781841755 0.238767296 0
vt 0.769240677 0.237947747 0
vt 0.769167602 0.223068684 0
vt 0.770170331 0.207295105 0
vt 0.375168353 0.616303563 0
vt 0.372237474 0.609794974 0
vt 0.37548539 0.607297301 0
vt 0.378318936 0.610579371 0
vt 0.192011535 0.823432684 0
vt 0.18341881 0.818400383 0
vt 0.511628509 0.904521644 0
vt 0.510012925 0.896367073 0
vt 0.5161134 0.897221327 0
vt 0.517613053 0.906450629 0
vt 0.370165348 0.620139599 0
vt 0.367006868 0.612201393 0
vt 0.174117178 0.815821111 0
vt 0.163045466 0.816135347 0
vt 0.509013295 0.887249529 0
vt 0.509297848 0.875949681 0
vt 0.515204549 0.876092911 0
vt 0.515015304 0.88732779 0
vt 0.520213008 0.832629323 0
vt 0.509128392 0.831114173 0
vt 0.520971417 0.840612292 0
vt 0.509013295 0.83926338 0
vt 0.371448636 0.602216542 0
vt 0.373543561 0.593676627 0
vt 0.378603876 0.592666924 0
vt 0.376091093 0.601221204 0
vt 0.365087032 0.604014099 0
vt 0.366325378 0.595228553 0
vt 0.680883229 0.651442766 0
vt 0.691464901 0.637385666 0
vt 0.6933254 0.639963806 0
vt 0.683632433 0.653562963 0
vt 0.7547189 0.661764622 0
vt 0.760806322 0.69097662 0
vt 0.75746876 0.691334844 0
vt 0.751826644 0.664117992 0
vt 0.711332262 0.631484866 0
vt 0.711675704 0.634810328 0
vt 0.760806322 0.721213341 0
vt 0.757493019 0.719455123 0
vt 0.731959105 0.633028269 0
vt 0.730667233 0.635943115 0
vt 0.754710615 0.740241826 0
vt 0.751930177 0.737573564 0
vt 0.744914711 0.644562781 0
vt 0.74267894 0.64721185 0
vt 0.7442891 0.753480613 0
vt 0.742365599 0.750228822 0
vt 0.69067955 0.747125685 0
vt 0.681105256 0.729787171 0
vt 0.684001088 0.727412283 0
vt 0.692886531 0.743952751 0
vt 0.724421084 0.759368896 0
vt 0.724028885 0.755509734 0
vt 0.674980164 0.700201452 0
vt 0.678323388 0.699841619 0
vt 0.703794122 0.757830083 0
vt 0.705022633 0.754238367 0
vt 0.675016284 0.670324087 0
vt 0.678320825 0.671939135 0
vt 0.558579266 0.324111134 0
vt 0.576768756 0.325990587 0
vt 0.560388148 0.315704525 0
vt 0.575314224 0.319628686 0
vt 0.045916643 0.476616532 0
vt 0.0230228417 0.474027604 0
vt 0.0416426696 0.4844428 0
vt 0.0226290692 0.480234742 0
vt 0.629529417 0.0165355261 0
vt 0.610137045 0.0165861808 0
vt 0.610595405 0.0103380438 0
vt 0.626863539 0.00825114828 0
vt 0.907463431 0.423170596 0
vt 0.917108059 0.421974182 0
vt 0.924675584 0.437921971 0
vt 0.916526675 0.441103101 0
vt 0.00818815827 0.47281149 0
vt 0.00936708134 0.481222421 0
vt 0.235637322 0.470628917 0
vt 0.238921583 0.478727132 0
vt 0.849417329 0.515103221 0
vt 0.849408746 0.521369636 0
vt 0.837997794 0.515941143 0
vt 0.837834716 0.509915054 0
vt 0.868344486 0.517212808 0
vt 0.867800415 0.523607135 0
vt 0.59315753 0.917623639 0
vt 0.597211123 0.904641032 0
vt 0.609673679 0.905095935 0
vt 0.605546236 0.916871428 0
vt 0.605726004 0.933085442 0
vt 0.593145072 0.933329701 0
vt 0.786904216 0.282275975 0
vt 0.771505833 0.280958802 0
vt 0.770283043 0.270492584 0
vt 0.784390628 0.27184999 0
vt 0.799628913 0.271017432 0
vt 0.801097155 0.27961418 0
vt 0.268999219 0.556368351 0
vt 0.268857628 0.567735374 0
vt 0.258558065 0.564773262 0
vt 0.257483482 0.551490009 0
vt 0.261099786 0.538848102 0
vt 0.271948665 0.545495868 0
vt 0.282133281 0.550232291 0
vt 0.283140421 0.560181558 0
vt 0.283296674 0.570393622 0
vt 0.273040056 0.604055703 0
vt 0.25906539 0.605698705 0
vt 0.257900506 0.599612415 0
vt 0.271826267 0.598656595 0
vt 0.285191625 0.597450733 0
vt 0.286281377 0.60260731 0
vt 0.286880702 0.607429981 0
vt 0.273507863 0.609192491 0
vt 0.259443462 0.611610055 0
vt 0.299513906 0.601460338 0
vt 0.298614591 0.596184909 0
vt 0.311912268 0.595431983 0
vt 0.312769264 0.601200819 0
vt 0.312902004 0.606021047 0
vt 0.299885571 0.606110811 0
vt 0.293597579 0.558142006 0
vt 0.303635389 0.552746058 0
vt 0.30574584 0.563939512 0
vt 0.294757485 0.568299353 0
vt 0.289775074 0.54657793 0
vt 0.299821109 0.540596366 0
vt 0.341169387 0.545634687 0
vt 0.352061123 0.555396199 0
vt 0.33609882 0.555302501 0
vt 0.325472206 0.54400152 0
vt 0.322210252 0.53157711 0
vt 0.338619947 0.532636225 0
vt 0.355649024 0.5480178 0
vt 0.948150516 0.908924401 0
vt 0.948150516 0.921854794 0
vt 0.944739163 0.934609234 0
vt 0.939252257 0.919330776 0
vt 0.356323034 0.604364514 0
vt 0.342845112 0.603073895 0
vt 0.340397716 0.59536314 0
vt 0.354917943 0.595832944 0
vt 0.359699458 0.612867296 0
vt 0.346791804 0.612046897 0
vt 0.524336457 0.911058903 0
vt 0.523021221 0.899315536 0
vt 0.528844535 0.90253073 0
vt 0.530558944 0.917244196 0
vt 0.363900751 0.622142851 0
vt 0.358052224 0.62363553 0
vt 0.521639705 0.888288379 0
vt 0.527242124 0.889834344 0
vt 0.521693349 0.876372814 0
vt 0.527310491 0.876633108 0
vt 0.81435138 0.254107356 0
vt 0.798047006 0.25640738 0
vt 0.815165639 0.239542186 0
vt 0.279849231 0.535235345 0
vt 0.291969836 0.526616991 0
vt 0.811692119 0.26518631 0
vt 0.782419145 0.255156577 0
vt 0.769606769 0.25445053 0
vt 0.786233544 0.186879992 0
vt 0.798599899 0.188005686 0
vt 0.772555351 0.18744351 0
vt 0.522839487 0.859567225 0
vt 0.509722233 0.857359111 0
vt 0.535075545 0.858500659 0
vt 0.815165579 0.189997882 0
vt 0.813293159 0.209936038 0
vt 0.551502466 0.8499192 0
vt 0.341576368 0.517564595 0
vt 0.318585724 0.514807582 0
vt 0.325647116 0.612425029 0
vt 0.323310673 0.616175771 0
vt 0.31082204 0.613135993 0
vt 0.312071145 0.609973669 0
vt 0.327328473 0.607719004 0
vt 0.34163627 0.617620587 0
vt 0.338622212 0.622108042 0
vt 0.282347113 0.0383995287 0
vt 0.277357399 0.0544243902 0
vt 0.274703979 0.0540746264 0
vt 0.279953003 0.0385354869 0
vt 0.280252606 0.0235647578 0
vt 0.282482892 0.0232148636 0
vt 0.299611986 0.610133767 0
vt 0.298942029 0.613481522 0
vt 0.286549896 0.615976691 0
vt 0.286915332 0.61193186 0
vt 0.350731343 0.634159863 0
vt 0.336890429 0.625801206 0
vt 0.351544648 0.630854487 0
vt 0.268925101 0.0720302463 0
vt 0.266173571 0.0713118687 0
vt 0.257860541 0.0898101926 0
vt 0.313653499 0.547221184 0
vt 0.316929191 0.559571266 0
vt 0.309934825 0.535122871 0
vt 0.812882006 0.225009874 0
vt 0.304187775 0.51930064 0
vt 0.277811706 0.037886966 0
vt 0.272205293 0.0526428483 0
vt 0.270100832 0.0497585163 0
vt 0.275517792 0.0363087691 0
vt 0.530511081 0.891101122 0
vt 0.530558944 0.876723886 0
vt 0.2782664 0.0236048009 0
vt 0.272826076 0.624403775 0
vt 0.258984268 0.629893959 0
vt 0.259357601 0.623721957 0
vt 0.273213744 0.619548857 0
vt 0.285880804 0.619470716 0
vt 0.353817165 0.626892984 0
vt 0.263334811 0.0696811974 0
vt 0.261632264 0.0655595809 0
vt 0.273568332 0.614373446 0
vt 0.259531796 0.617612898 0
vt 0.326937467 0.601848304 0
vt 0.325546592 0.595137954 0
vt 0.298091859 0.616155863 0
vt 0.309666008 0.615594506 0
vt 0.321667194 0.619186878 0
vt 0.850120723 0.491004467 0
vt 0.869133055 0.493381262 0
vt 0.836494684 0.48793301 0
vt 0.323960096 0.58774215 0
vt 0.321837991 0.579870939 0
vt 0.335994691 0.577903867 0
vt 0.338529915 0.587032259 0
vt 0.31060946 0.5890522 0
vt 0.309062809 0.582383871 0
vt 0.3569251 0.586267829 0
vt 0.355791152 0.576102018 0
vt 0.369848728 0.58572495 0
vt 0.297462791 0.590579867 0
vt 0.296412379 0.584835291 0
vt 0.284131527 0.592085719 0
vt 0.283611953 0.586520851 0
vt 0.270654142 0.592949212 0
vt 0.25632897 0.593269587 0
vt 0.255297989 0.585713744 0
vt 0.270259231 0.586653113 0
vt 0.848854482 0.528208792 0
vt 0.84862566 0.535838664 0
vt 0.836578131 0.529549181 0
vt 0.83723402 0.522307992 0
vt 0.867043436 0.53057766 0
vt 0.866560459 0.538099587 0
vt 0.205383077 0.849787831 0
vt 0.199208379 0.849179864 0
vt 0.37726751 0.584712982 0
vt 0.381648064 0.583895147 0
vt 0.17612192 0.847570956 0
vt 0.184464186 0.847647667 0
vt 0.183494315 0.85711056 0
vt 0.174740851 0.858016908 0
vt 0.161415398 0.860145092 0
vt 0.161524951 0.849218547 0
vt 0.192334175 0.84829396 0
vt 0.191543177 0.856672883 0
vt 0.319194257 0.571010411 0
vt 0.332909048 0.568315327 0
vt 0.307628602 0.574492812 0
vt 0.352604926 0.566763043 0
vt 0.929872274 0.924477935 0
vt 0.931094527 0.937232018 0
vt 0.295833498 0.577979803 0
vt 0.283694267 0.579839945 0
vt 0.270233452 0.578560293 0
vt 0.256899774 0.576039553 0
vt 0.941005349 0.80092597 0
vt 0.94118607 0.815409005 0
vt 0.934673429 0.81626147 0
vt 0.933686197 0.800099611 0
vt 0.941499174 0.783932507 0
vt 0.949036717 0.785953879 0
vt 0.614417374 0.915011346 0
vt 0.614417374 0.932318985 0
vt 0.949036717 0.801617086 0
vt 0.947997689 0.815436602 0
vt 0.173749864 0.870899796 0
vt 0.18207933 0.869305849 0
vt 0.878354967 0.748456538 0
vt 0.876025498 0.740346372 0
vt 0.893412232 0.737250149 0
vt 0.895791769 0.743752599 0
vt 0.899831533 0.751649797 0
vt 0.883696198 0.757916808 0
vt 0.163317621 0.872845054 0
vt 0.189877883 0.86746937 0
vt 0.87607199 0.73202318 0
vt 0.892912388 0.730567694 0
vt 0.546770155 0.811388731 0
vt 0.546198666 0.798723817 0
vt 0.762099504 0.980004787 0
vt 0.763865829 0.962768137 0
vt 0.766599298 0.96677053 0
vt 0.767587662 0.980004787 0
vt 0.551502466 0.815781176 0
vt 0.54756254 0.826955855 0
vt 0.925448 0.558847129 0
vt 0.919968784 0.573735058 0
vt 0.908051491 0.579826951 0
vt 0.913251936 0.564658821 0
vt 0.303939581 0.693467677 0
vt 0.301468432 0.711814165 0
vt 0.291090906 0.704460442 0
vt 0.293311983 0.682096183 0
vt 0.925448 0.591803193 0
vt 0.913625419 0.598880053 0
vt 0.300889373 0.740117371 0
vt 0.28961283 0.74033314 0
vt 0.179719836 0.894580424 0
vt 0.174265042 0.912664592 0
vt 0.161415398 0.908409119 0
vt 0.167024016 0.88922745 0
vt 0.301484078 0.767419457 0
vt 0.288937986 0.776061058 0
vt 0.17971985 0.9275527 0
vt 0.166382492 0.923910856 0
vt 0.161415398 0.769368768 0
vt 0.163780555 0.750535786 0
vt 0.176148295 0.758465707 0
vt 0.175216183 0.781742454 0
vt 0.303939581 0.784074724 0
vt 0.289923459 0.797199309 0
vt 0.674980164 0.775751412 0
vt 0.688529849 0.780711234 0
vt 0.689786971 0.796544731 0
vt 0.676100552 0.792490423 0
vt 0.164588377 0.722912312 0
vt 0.175781131 0.722551227 0
vt 0.707509041 0.781502604 0
vt 0.709714293 0.797254264 0
vt 0.16446355 0.696194947 0
vt 0.17485407 0.688461483 0
vt 0.725046337 0.779757917 0
vt 0.728236258 0.795539498 0
vt 0.162504733 0.680631816 0
vt 0.173208833 0.669131875 0
vt 0.163634121 0.784280062 0
vt 0.176999003 0.795109212 0
vt 0.292733639 0.669384003 0
vt 0.27703765 0.676745832 0
vt 0.276354909 0.663901687 0
vt 0.193044975 0.762754738 0
vt 0.191822439 0.78632623 0
vt 0.273235142 0.801624119 0
vt 0.271958888 0.780235291 0
vt 0.689239442 0.81425935 0
vt 0.675587952 0.809748948 0
vt 0.194137454 0.72233516 0
vt 0.709450066 0.815143466 0
vt 0.19185257 0.684100151 0
vt 0.728236258 0.813236296 0
vt 0.189519837 0.663945973 0
vt 0.194268897 0.798914433 0
vt 0.789890468 0.854798615 0
vt 0.803170264 0.854199946 0
vt 0.803614616 0.868936539 0
vt 0.790171444 0.869421482 0
vt 0.274114668 0.699968219 0
vt 0.82331866 0.855246544 0
vt 0.824082673 0.869961619 0
vt 0.271266043 0.739935219 0
vt 0.932837784 0.67670846 0
vt 0.913950741 0.674784839 0
vt 0.912601531 0.660025358 0
vt 0.931725979 0.662015617 0
vt 0.197097912 0.683438361 0
vt 0.19970566 0.722270072 0
vt 0.728169084 0.818411112 0
vt 0.709400952 0.820345581 0
vt 0.194387093 0.663248718 0
vt 0.196781471 0.786804259 0
vt 0.199471936 0.799438655 0
vt 0.803529978 0.873502672 0
vt 0.790076911 0.873983562 0
vt 0.268878043 0.69921881 0
vt 0.272178829 0.675966561 0
vt 0.823999345 0.874512374 0
vt 0.265705615 0.739790559 0
vt 0.912594557 0.655458033 0
vt 0.93170166 0.657464087 0
vt 0.2668522 0.780741811 0
vt 0.271472037 0.663030326 0
vt 0.198146135 0.763320804 0
vt 0.268270493 0.80204314 0
vt 0.689188302 0.819434881 0
vt 0.675538599 0.814677238 0
vt 0.261777908 0.70014739 0
vt 0.264342993 0.677666962 0
vt 0.823216975 0.88243264 0
vt 0.803568065 0.881490946 0
vt 0.259524912 0.739565492 0
vt 0.913957238 0.64757508 0
vt 0.932296455 0.649527609 0
vt 0.260243565 0.77975744 0
vt 0.263857961 0.665129423 0
vt 0.204833731 0.762980402 0
vt 0.203793749 0.785759509 0
vt 0.261332572 0.800445974 0
vt 0.689364076 0.825109303 0
vt 0.676196575 0.821078479 0
vt 0.205945402 0.722704411 0
vt 0.708770871 0.825821996 0
vt 0.204254597 0.684975564 0
vt 0.726779759 0.824128091 0
vt 0.202257112 0.665447056 0
vt 0.20577462 0.798068881 0
vt 0.790624619 0.882167578 0
vt 0.255472064 0.777890921 0
vt 0.255297989 0.739188552 0
vt 0.258449078 0.679324269 0
vt 0.25819084 0.667216778 0
vt 0.209697455 0.761773586 0
vt 0.208950937 0.784513772 0
vt 0.256254315 0.798647106 0
vt 0.689597666 0.828957856 0
vt 0.676920354 0.825624764 0
vt 0.210237756 0.722990334 0
vt 0.708162427 0.829502165 0
vt 0.209413961 0.686805964 0
vt 0.725380659 0.82802093 0
vt 0.208189264 0.667596519 0
vt 0.210237756 0.79654181 0
vt 0.803740025 0.887586057 0
vt 0.791330993 0.888460159 0
vt 0.256674349 0.701376021 0
vt 0.822532952 0.888460159 0
vt 0.915299416 0.641593158 0
vt 0.932837784 0.643485546 0
vt 0.177274615 0.504701853 0
vt 0.19541949 0.500429451 0
vt 0.196381629 0.512338877 0
vt 0.182624519 0.515892029 0
vt 0.238921672 0.570883095 0
vt 0.238921672 0.608475983 0
vt 0.229860663 0.60040015 0
vt 0.229833618 0.571917415 0
vt 0.213982642 0.502034843 0
vt 0.210508868 0.513867259 0
vt 0.233176306 0.630132496 0
vt 0.225645199 0.618551195 0
vt 0.225247085 0.510920107 0
vt 0.219309047 0.523833871 0
vt 0.223264456 0.641869247 0
vt 0.218217 0.629127741 0
vt 0.17513296 0.634352326 0
vt 0.16667299 0.613727927 0
vt 0.174978614 0.604385495 0
vt 0.18155393 0.621754825 0
vt 0.205134168 0.646866322 0
vt 0.204454422 0.633085668 0
vt 0.161415398 0.57651341 0
vt 0.170958608 0.576194882 0
vt 0.186556473 0.644536316 0
vt 0.190332755 0.631154239 0
vt 0.161574855 0.537263572 0
vt 0.171114892 0.546606183 0
vt 0.233824059 0.532018483 0
vt 0.225996554 0.542615056 0
vt 0.167203188 0.515132606 0
vt 0.175217718 0.527036726 0
vt 0.21888338 0.605813742 0
vt 0.202808574 0.608528435 0
vt 0.200434715 0.57330972 0
vt 0.217869207 0.572261691 0
vt 0.1865661 0.608161092 0
vt 0.183068708 0.574790061 0
vt 0.181955367 0.539220095 0
vt 0.198003113 0.536652505 0
vt 0.214272514 0.536870897 0
vt 0.278992295 0.888632059 0
vt 0.280105293 0.897998571 0
vt 0.267369866 0.901427805 0
vt 0.266497016 0.892138362 0
vt 0.891087055 0.431275666 0
vt 0.882132888 0.444328368 0
vt 0.880010247 0.441036344 0
vt 0.879346669 0.433214486 0
vt 0.878191411 0.419908196 0
vt 0.890002072 0.417995691 0
vt 0.890701056 0.404216468 0
vt 0.879043996 0.405890226 0
vt 0.879688323 0.397208214 0
vt 0.891087115 0.393185914 0
vt 0.281606674 0.907476187 0
vt 0.281606674 0.9147439 0
vt 0.269252568 0.914076209 0
vt 0.268781304 0.909806669 0
vt 0.749145627 0.569758475 0
vt 0.756111979 0.569222867 0
vt 0.75609225 0.581947982 0
vt 0.74895519 0.581855893 0
vt 0.742618263 0.581475198 0
vt 0.742910206 0.570199847 0
vt 0.744125307 0.562749207 0
vt 0.748805523 0.559770346 0
vt 0.755525887 0.558739007 0
vt 0.762709856 0.570347428 0
vt 0.762836993 0.582205534 0
vt 0.762017012 0.560572505 0
vt 0.766301572 0.564038455 0
vt 0.768025398 0.57133168 0
vt 0.768163025 0.582157135 0
vt 0.760905981 0.593343318 0
vt 0.754977822 0.593902349 0
vt 0.765526593 0.592386782 0
vt 0.762324333 0.59892416 0
vt 0.758556187 0.601962864 0
vt 0.753466368 0.603199363 0
vt 0.748878598 0.59325403 0
vt 0.748494327 0.60216248 0
vt 0.744961441 0.59915638 0
vt 0.743561268 0.592282772 0
vt 0.262436807 0.893507481 0
vt 0.263274997 0.902655423 0
vt 0.259043843 0.90296638 0
vt 0.258259654 0.894187093 0
vt 0.258221149 0.88621825 0
vt 0.262286395 0.885298908 0
vt 0.26546526 0.886080146 0
vt 0.26467365 0.910835147 0
vt 0.260465443 0.910832524 0
vt 0.988882899 0.87065208 0
vt 0.986059606 0.868587196 0
vt 0.986306727 0.861300945 0
vt 0.988882899 0.860939562 0
vt 0.478297919 0.846907616 0
vt 0.478886813 0.854206741 0
vt 0.474860191 0.853319943 0
vt 0.474212855 0.84601289 0
vt 0.257258207 0.909650147 0
vt 0.255795628 0.902780473 0
vt 0.470506489 0.847034574 0
vt 0.471239895 0.853797674 0
vt 0.762250066 0.555449009 0
vt 0.768163025 0.561401069 0
vt 0.754821181 0.553107202 0
vt 0.255297989 0.895038545 0
vt 0.7472893 0.554383099 0
vt 0.741302073 0.559650064 0
vt 0.738704562 0.557615876 0
vt 0.745429516 0.551993847 0
vt 0.649905205 0.941686094 0
vt 0.644124985 0.941584229 0
vt 0.644618511 0.938053966 0
vt 0.650271654 0.938183486 0
vt 0.655884981 0.936602294 0
vt 0.655645669 0.94015789 0
vt 0.655884981 0.951025367 0
vt 0.649826467 0.952409267 0
vt 0.642814517 0.951947331 0
vt 0.638582289 0.939929903 0
vt 0.639194369 0.936431587 0
vt 0.636597335 0.950369358 0
vt 0.879463315 0.38872689 0
vt 0.877681851 0.395517051 0
vt 0.874217689 0.396335453 0
vt 0.876094878 0.389759034 0
vt 0.64008522 0.932716787 0
vt 0.645167172 0.93414861 0
vt 0.634207308 0.933157444 0
vt 0.635504544 0.929695547 0
vt 0.747380853 0.606714606 0
vt 0.743167818 0.601763785 0
vt 0.640672386 0.928132534 0
vt 0.6458143 0.929247975 0
vt 0.650430083 0.934429049 0
vt 0.651040077 0.929918408 0
vt 0.654862225 0.929887295 0
vt 0.655568779 0.933007002 0
vt 0.875532091 0.407245874 0
vt 0.874367237 0.421036363 0
vt 0.870167553 0.422030836 0
vt 0.871672392 0.408212245 0
vt 0.875536323 0.434108227 0
vt 0.871389806 0.434952676 0
vt 0.877670646 0.444153279 0
vt 0.873657465 0.444956511 0
vt 0.86811024 0.434645146 0
vt 0.866789103 0.422673702 0
vt 0.738506913 0.569234908 0
vt 0.735611975 0.567948461 0
vt 0.738276005 0.58094734 0
vt 0.868457258 0.409684956 0
vt 0.739981234 0.592483163 0
vt 0.871139228 0.398646086 0
vt 0.478531659 0.864779413 0
vt 0.478168935 0.876941085 0
vt 0.473939091 0.876036704 0
vt 0.474354714 0.863884449 0
vt 0.480871081 0.85654074 0
vt 0.490927875 0.866856098 0
vt 0.49055627 0.878365934 0
vt 0.478731394 0.888954997 0
vt 0.474855423 0.888099492 0
vt 0.490927875 0.889870882 0
vt 0.490608037 0.897640467 0
vt 0.479381174 0.898820758 0
vt 0.475929588 0.898168981 0
vt 0.471259505 0.886603594 0
vt 0.470031798 0.875033855 0
vt 0.472651333 0.896036565 0
vt 0.470028311 0.892729759 0
vt 0.468057573 0.885297656 0
vt 0.466435552 0.874066412 0
vt 0.470554769 0.863633513 0
vt 0.467156529 0.862886667 0
vt 0.468550771 0.855596125 0
vt 0.773426831 0.120656282 0
vt 0.769167602 0.0896220431 0
vt 0.784438193 0.0895440802 0
vt 0.787416458 0.111239403 0
vt 0.785556257 0.14692235 0
vt 0.795895815 0.129601389 0
vt 0.77342689 0.058544334 0
vt 0.787416458 0.0678183734 0
vt 0.785556316 0.0321544148 0
vt 0.803709328 0.0144699626 0
vt 0.80858624 0.0370069891 0
vt 0.795895875 0.0493697822 0
vt 0.823555529 0.00819122139 0
vt 0.823555529 0.032612104 0
vt 0.82355547 0.170497552 0
vt 0.803709209 0.164421454 0
vt 0.80858618 0.141834632 0
vt 0.82355547 0.146076694 0
vt 0.834458828 0.804466724 0
vt 0.84092474 0.80461973 0
vt 0.84092468 0.81653744 0
vt 0.834458828 0.816681504 0
vt 0.841344416 0.827838302 0
vt 0.834888995 0.828264058 0
vt 0.842133284 0.837159336 0
vt 0.835697472 0.83781749 0
vt 0.299910069 0.862494469 0
vt 0.299271673 0.868916392 0
vt 0.288138628 0.867770195 0
vt 0.288499385 0.861319661 0
vt 0.276228726 0.867372215 0
vt 0.276292682 0.860911727 0
vt 0.264978468 0.867770255 0
vt 0.264761895 0.861319721 0
vt 0.255744785 0.868916452 0
vt 0.255297989 0.862494409 0
vt 0.70761919 0.237388149 0
vt 0.7080971 0.23116602 0
vt 0.718656003 0.23019138 0
vt 0.718441308 0.236389205 0
vt 0.730467558 0.229852915 0
vt 0.730547249 0.236042291 0
vt 0.742107034 0.230191395 0
vt 0.742476881 0.23638922 0
vt 0.752170563 0.231165975 0
vt 0.752791286 0.237388134 0
vt 0.441358894 0.878394186 0
vt 0.440541953 0.884734154 0
vt 0.431364954 0.885046899 0
vt 0.431953162 0.87871474 0
vt 0.420143515 0.885046899 0
vt 0.42045185 0.8787148 0
vt 0.408230811 0.884734154 0
vt 0.408280343 0.878521919 0
vt 0.90498805 0.0555944182 0
vt 0.905396044 0.0617934391 0
vt 0.89421612 0.0620301031 0
vt 0.893482029 0.0557125062 0
vt 0.885108054 0.0619090199 0
vt 0.884146869 0.0555883944 0
vt 0.643901587 0.213803008 0
vt 0.655627906 0.215853795 0
vt 0.665939808 0.221794561 0
vt 0.673593581 0.230908796 0
vt 0.677665949 0.242097318 0
vt 0.677665949 0.254010111 0
vt 0.673593462 0.265210956 0
vt 0.665939689 0.274348348 0
vt 0.655627728 0.280320644 0
vt 0.643901467 0.282407045 0
vt 0.632175207 0.280356258 0
vt 0.621863306 0.274415404 0
vt 0.614209533 0.265301228 0
vt 0.610137045 0.254112929 0
vt 0.610137105 0.242199853 0
vt 0.614209652 0.230999157 0
vt 0.621863484 0.221861616 0
vt 0.632175326 0.215889528 0
vt 0.835697472 0.783932507 0
vt 0.842133224 0.784584939 0
vt 0.841344476 0.793522716 0
vt 0.834889054 0.793093085 0
vt 0.798563659 0.800481141 0
vt 0.798312247 0.807127714 0
vt 0.799036086 0.795127809 0
vt 0.898952484 0.0167713482 0
vt 0.893497109 0.016698828 0
vt 0.905395925 0.0167641863 0
vt 0.419182271 0.84002763 0
vt 0.411546052 0.83982718 0
vt 0.425664306 0.839898884 0
vt 0.431160748 0.839711547 0
vt 0.737503231 0.275979251 0
vt 0.74353081 0.276563019 0
vt 0.730531752 0.275776505 0
vt 0.723457217 0.275979251 0
vt 0.717132926 0.276563019 0
vt 0.712321639 0.277457356 0
vt 0.699386179 0.238918498 0
vt 0.279841155 0.826648474 0
vt 0.273102701 0.826886892 0
vt 0.286974519 0.826886892 0
vt 0.293642819 0.827573419 0
vt 0.798563659 0.821034491 0
vt 0.799036086 0.82661742 0
vt 0.798312247 0.814265847 0
vt 0.562345088 0.929083288 0
vt 0.560415149 0.942180872 0
vt 0.552751601 0.941259742 0
vt 0.554076612 0.928595841 0
vt 0.54693526 0.929083228 0
vt 0.547436178 0.942180812 0
vt 0.0452885926 0.947733045 0
vt 0.0446241312 0.95883441 0
vt 0.0369131751 0.958588779 0
vt 0.0377142653 0.948610604 0
vt 0.0452886 0.97255981 0
vt 0.0377142727 0.971087158 0
vt 0.546974003 0.955710828 0
vt 0.552027881 0.955415547 0
vt 0.557964265 0.955710828 0
vt 0.972843349 0.938244939 0
vt 0.969667614 0.936487973 0
vt 0.0655519143 0.974597871 0
vt 0.0676630735 0.982744873 0
vt 0.0637029111 0.979786456 0
vt 0.0618640855 0.97415942 0
vt 0.730894506 0.0682485029 0
vt 0.0676630735 0.966522276 0
vt 0.0637029111 0.96859616 0
vt 0.967533648 0.783932507 0
vt 0.971465588 0.78506726 0
vt 0.172177017 0.943935156 0
vt 0.166408435 0.945136786 0
vt 0.898466229 0.96971482 0
vt 0.898466229 0.983861208 0
vt 0.894347429 0.979100645 0
vt 0.894417524 0.971000016 0
vt 0.739363551 0.0426117815 0
vt 0.736065507 0.0497103333 0
vt 0.795475721 0.623289347 0
vt 0.798133314 0.606624842 0
vt 0.811564624 0.606496513 0
vt 0.810843289 0.623365521 0
vt 0.810379088 0.642335236 0
vt 0.792828798 0.641763926 0
vt 0.790790379 0.662738919 0
vt 0.810176432 0.663068771 0
vt 0.810495496 0.687022209 0
vt 0.789890468 0.687728941 0
vt 0.790202558 0.720883846 0
vt 0.810702503 0.719194531 0
vt 0.811882079 0.749539614 0
vt 0.792324007 0.750834584 0
vt 0.795656145 0.767476201 0
vt 0.813979864 0.767550051 0
vt 0.803729355 0.948853433 0
vt 0.803729355 0.967556179 0
vt 0.791246533 0.968099296 0
vt 0.789890468 0.948827982 0
vt 0.80384624 0.567060113 0
vt 0.805232584 0.558873892 0
vt 0.813979864 0.558847129 0
vt 0.813694715 0.567329645 0
vt 0.812930942 0.578064442 0
vt 0.801941574 0.578098476 0
vt 0.79985559 0.591391146 0
vt 0.812266648 0.591448724 0
vt 0.738031507 0.409144253 0
vt 0.735611975 0.409317464 0
vt 0.196096167 0.925884366 0
vt 0.196096167 0.91704154 0
vt 0.198475838 0.916796088 0
vt 0.198475838 0.925638914 0
vt 0.760700107 0.503825068 0
vt 0.758280635 0.50399828 0
vt 0.738579094 0.375973135 0
vt 0.736159623 0.376146406 0
vt 0.755694628 0.488924265 0
vt 0.753275156 0.489097416 0
vt 0.747636497 0.34552452 0
vt 0.745217025 0.345697731 0
vt 0.674980164 0.867010176 0
vt 0.675770104 0.860132575 0
vt 0.678882241 0.853925049 0
vt 0.683941126 0.849136233 0
vt 0.690336466 0.846343875 0
vt 0.697297156 0.845884621 0
vt 0.703983307 0.847813964 0
vt 0.709588766 0.851899207 0
vt 0.713437259 0.857647538 0
vt 0.715064585 0.864365637 0
vt 0.714274704 0.871243238 0
vt 0.711162567 0.877450824 0
vt 0.706103861 0.88223958 0
vt 0.699708283 0.885031998 0
vt 0.692747653 0.885491192 0
vt 0.686061561 0.88356185 0
vt 0.680456102 0.879476666 0
vt 0.676607609 0.873728335 0
vt 0.789890468 0.806972802 0
vt 0.789890468 0.813952327 0
vt 0.790136218 0.820570648 0
vt 0.790598154 0.826029539 0
vt 0.293670982 0.819329977 0
vt 0.287151068 0.81865871 0
vt 0.280176073 0.818425596 0
vt 0.273587435 0.81865871 0
vt 0.267572224 0.827573419 0
vt 0.268179506 0.819329917 0
vt 0.71774292 0.285026997 0
vt 0.723926663 0.284456223 0
vt 0.73084408 0.284257978 0
vt 0.737660706 0.284456223 0
vt 0.743554354 0.285026997 0
vt 0.431031197 0.831204534 0
vt 0.425656825 0.831387699 0
vt 0.218530759 0.991341829 0
vt 0.214992419 0.984546065 0
vt 0.21964933 0.984041154 0
vt 0.21964933 0.991370797 0
vt 0.706115723 0.885893703 0
vt 0.699711442 0.886000633 0
vt 0.258951247 0.97636348 0
vt 0.258400232 0.968743384 0
vt 0.259508908 0.968592107 0
vt 0.260549188 0.976145387 0
vt 0.898774505 0.0082621295 0
vt 0.893440306 0.00819122139 0
vt 0.790598214 0.795239449 0
vt 0.790136218 0.800473869 0
vt 0.692749441 0.886000633 0
vt 0.255297989 0.983106911 0
vt 0.261326075 0.983106911 0
vt 0.513463199 0.971071184 0
vt 0.515115201 0.979352295 0
vt 0.509013295 0.979352295 0
vt 0.509788036 0.970726132 0
vt 0.355528265 0.988340378 0
vt 0.356985092 0.980009615 0
vt 0.359308064 0.979806781 0
vt 0.360263407 0.988340378 0
vt 0.68606925 0.885893703 0
vt 0.0656969547 0.655431569 0
vt 0.0626843721 0.663651168 0
vt 0.0596022382 0.662285626 0
vt 0.0557837337 0.660684109 0
vt 0.0689350814 0.656695247 0
vt 0.06577117 0.664715648 0
vt 0.0719514713 0.657908201 0
vt 0.0694003627 0.666072249 0
vt 0.0628358573 0.67135036 0
vt 0.0600592494 0.670782864 0
vt 0.0661642179 0.672224283 0
vt 0.0632335246 0.675486088 0
vt 0.0604889803 0.676306009 0
vt 0.0579037517 0.676229239 0
vt 0.0576057471 0.669321775 0
vt 0.0559435859 0.674543321 0
vt 0.0544747114 0.672089636 0
vt 0.0544389524 0.667676628 0
vt 0.218167275 0.947439969 0
vt 0.221693769 0.947576523 0
vt 0.221337557 0.955467105 0
vt 0.218054757 0.955221355 0
vt 0.21507594 0.955071151 0
vt 0.214992419 0.94734627 0
vt 0.225234553 0.947749496 0
vt 0.22464408 0.955495954 0
vt 0.22873874 0.947998405 0
vt 0.22873871 0.955705643 0
vt 0.223880112 0.962023497 0
vt 0.221007511 0.962326467 0
vt 0.227393538 0.961880207 0
vt 0.225544661 0.965480804 0
vt 0.223257169 0.966969669 0
vt 0.220768854 0.967658758 0
vt 0.218178466 0.961794555 0
vt 0.218334287 0.966780126 0
vt 0.216565877 0.965123177 0
vt 0.215611726 0.961346984 0
vt 0.0275377724 0.623751581 0
vt 0.0201782044 0.628329039 0
vt 0.0187120456 0.625683069 0
vt 0.0166960321 0.62236917 0
vt 0.029238699 0.626539528 0
vt 0.0218629278 0.630848169 0
vt 0.0307901036 0.629203618 0
vt 0.0238351468 0.634077489 0
vt 0.0155385183 0.634287357 0
vt 0.0137786837 0.632303894 0
vt 0.0175657738 0.63705641 0
vt 0.0133149521 0.63800323 0
vt 0.0107342135 0.637015045 0
vt 0.00876204297 0.63535744 0
vt 0.0128151216 0.62982291 0
vt 0.00818815827 0.6328426 0
vt 0.00848525204 0.630087733 0
vt 0.0112490105 0.626700938 0
vt 0.989498794 0.837386489 0
vt 0.986010909 0.837554514 0
vt 0.983393669 0.0407674238 0
vt 0.980609357 0.0419898033 0
vt 0.989878714 0.840259731 0
vt 0.986291647 0.839988768 0
vt 0.604094625 0.848413706 0
vt 0.607264221 0.853575349 0
vt 0.599667668 0.856190503 0
vt 0.600187778 0.849758685 0
vt 0.611119092 0.86206907 0
vt 0.614522457 0.870649695 0
vt 0.604121864 0.874230206 0
vt 0.601416171 0.865409374 0
vt 0.616570354 0.878120601 0
vt 0.618518174 0.884589672 0
vt 0.611451805 0.887022316 0
vt 0.60822928 0.880992055 0
vt 0.017291896 0.911192834 0
vt 0.0236566179 0.917330861 0
vt 0.0151792793 0.91508472 0
vt 0.92943871 0.0633335412 0
vt 0.93468672 0.0577862486 0
vt 0.936684668 0.0614092797 0
vt 0.011721462 0.907063067 0
vt 0.00818835385 0.913572133 0
vt 0.936684608 0.0655584261 0
vt 0.593145072 0.867106915 0
vt 0.59319216 0.857519567 0
vt 0.940511882 0.8437047 0
vt 0.933686256 0.842605054 0
vt 0.933686197 0.833734393 0
vt 0.940511882 0.832643926 0
vt 0.0151792467 0.919578195 0
vt 0.00818815827 0.921087027 0
vt 0.94921416 0.647443056 0
vt 0.950746834 0.641593158 0
vt 0.95770973 0.645663559 0
vt 0.952795148 0.649536431 0
vt 0.59525609 0.876049817 0
vt 0.605428159 0.888258576 0
vt 0.601119041 0.882451415 0
vt 0.0618640855 0.889667809 0
vt 0.0635830015 0.88128984 0
vt 0.0722020715 0.88076973 0
vt 0.0726115778 0.88901931 0
vt 0.0172917321 0.923469245 0
vt 0.0117212012 0.927594543 0
vt 0.961729765 0.652514577 0
vt 0.954862654 0.653060019 0
vt 0.0628533363 0.898858607 0
vt 0.0728797466 0.89825356 0
vt 0.0645791516 0.874107003 0
vt 0.0718810633 0.873666406 0
vt 0.934686661 0.0691219568 0
vt 0.0652021691 0.907756627 0
vt 0.0730519965 0.907282948 0
vt 0.961729765 0.660310388 0
vt 0.954862654 0.657069445 0
vt 0.083204329 0.88901931 0
vt 0.0827620924 0.89825356 0
vt 0.0790780783 0.873666346 0
vt 0.0806972384 0.88076973 0
vt 0.0209506284 0.925715089 0
vt 0.931226313 0.071144782 0
vt 0.0807888657 0.907282948 0
vt 0.0178404991 0.931350589 0
vt 0.764816582 0.896455228 0
vt 0.762764573 0.904040456 0
vt 0.757140875 0.903710306 0
vt 0.758178413 0.896065533 0
vt 0.025175631 0.925714076 0
vt 0.927230597 0.0710850507 0
vt 0.0898522586 0.898858607 0
vt 0.0863399729 0.907756627 0
vt 0.768189132 0.887436807 0
vt 0.759911895 0.88695091 0
vt 0.0249064863 0.931348979 0
vt 0.95770973 0.666962385 0
vt 0.952795148 0.660490453 0
vt 0.766833425 0.878426313 0
vt 0.759111464 0.87797296 0
vt 0.923770249 0.0689587891 0
vt 0.757028818 0.869774938 0
vt 0.749005735 0.87797296 0
vt 0.749116957 0.869774938 0
vt 0.749491036 0.896065533 0
vt 0.749079585 0.88695091 0
vt 0.634374917 0.968791723 0
vt 0.639769137 0.97143352 0
vt 0.639668882 0.975834668 0
vt 0.634207308 0.976152301 0
vt 0.950746894 0.670687854 0
vt 0.94921416 0.662406504 0
vt 0.749781132 0.903710306 0
vt 0.0288347546 0.923466682 0
vt 0.639769137 0.980099142 0
vt 0.634374976 0.983284295 0
vt 0.933870137 0.287146598 0
vt 0.933156312 0.295538455 0
vt 0.925455868 0.293217003 0
vt 0.929909825 0.285952568 0
vt 0.738594651 0.887436807 0
vt 0.739224136 0.878426254 0
vt 0.742657423 0.904040456 0
vt 0.741082311 0.896455228 0
vt 0.0309472736 0.919574678 0
vt 0.92177242 0.0653356314 0
vt 0.741458833 0.870129824 0
vt 0.919818759 0.287447631 0
vt 0.927010655 0.282985538 0
vt 0.0178444274 0.851119459 0
vt 0.0265705213 0.849912524 0
vt 0.0247836933 0.857826948 0
vt 0.016177468 0.858502924 0
vt 0.0356075428 0.853576005 0
vt 0.0431581475 0.855849087 0
vt 0.0419441499 0.861226261 0
vt 0.0341745391 0.859923184 0
vt 0.0309472736 0.915081203 0
vt 0.921772301 0.0611866117 0
vt 0.921947598 0.298736274 0
vt 0.914747417 0.291367233 0
vt 0.975252032 0.623486698 0
vt 0.96944356 0.618798256 0
vt 0.969972253 0.615544796 0
vt 0.976136208 0.618045449 0
vt 0.0288349167 0.911190271 0
vt 0.923770189 0.0576232448 0
vt 0.00866585225 0.860597372 0
vt 0.0155673092 0.868501484 0
vt 0.00818815827 0.868425369 0
vt 0.033650022 0.868518472 0
vt 0.0241296664 0.8685444 0
vt 0.969972253 0.611182749 0
vt 0.976136208 0.610750258 0
vt 0.917755425 0.279776335 0
vt 0.925949514 0.279040277 0
vt 0.0414997861 0.868507922 0
vt 0.0161774643 0.878436029 0
vt 0.00866584945 0.876203299 0
vt 0.034174528 0.877058566 0
vt 0.0247836933 0.879193366 0
vt 0.96944356 0.606880903 0
vt 0.975251973 0.60355562 0
vt 0.919818759 0.27225858 0
vt 0.927010655 0.275173932 0
vt 0.041944135 0.875743032 0
vt 0.0251759253 0.908944309 0
vt 0.927230537 0.0556003265 0
vt 0.925455868 0.266908884 0
vt 0.929909825 0.272422493 0
vt 0.0265705045 0.886920214 0
vt 0.0178444237 0.885644615 0
vt 0.0431581475 0.88099283 0
vt 0.0356075205 0.883255422 0
vt 0.0209509209 0.908945262 0
vt 0.931226373 0.0556599535 0
vt 0.617923558 0.847446501 0
vt 0.624733984 0.854240835 0
vt 0.619654 0.857981086 0
vt 0.613946319 0.850374818 0
vt 0.0249070078 0.90330261 0
vt 0.0178409535 0.903304279 0
vt 0.623671114 0.8662678 0
vt 0.623907387 0.874606431 0
vt 0.624733984 0.88161248 0
vt 0.933156312 0.265160412 0
vt 0.933870137 0.271523416 0
vt 0.656561196 0.813245177 0
vt 0.656309307 0.821539164 0
vt 0.648558199 0.821528912 0
vt 0.648828149 0.8126387 0
vt 0.656561196 0.829969466 0
vt 0.648828149 0.830565453 0
vt 0.412029505 0.804400265 0
vt 0.410340965 0.789722979 0
vt 0.425072283 0.785016835 0
vt 0.430071592 0.798636436 0
vt 0.9300071 0.713955522 0
vt 0.930572867 0.734587848 0
vt 0.924639583 0.715753198 0
vt 0.413995862 0.814822078 0
vt 0.434119195 0.808393359 0
vt 0.409045309 0.771790445 0
vt 0.408230811 0.751824737 0
vt 0.413622886 0.750102162 0
vt 0.419461906 0.768462718 0
vt 0.0205368567 0.967704117 0
vt 0.00818815827 0.969489634 0
vt 0.00818822347 0.950196266 0
vt 0.0205368567 0.947733045 0
vt 0.418193996 0.745555758 0
vt 0.428292662 0.759679675 0
vt 0.0092348028 0.701657534 0
vt 0.0227044597 0.70415318 0
vt 0.0221724827 0.722759664 0
vt 0.00868454017 0.720923841 0
vt 0.437560856 0.772595763 0
vt 0.445366889 0.783423781 0
vt 0.920132399 0.720363021 0
vt 0.0353047997 0.711306095 0
vt 0.0348278731 0.727988243 0
vt 0.917171538 0.727083206 0
vt 0.0345091447 0.751513541 0
vt 0.0218171161 0.748998761 0
vt 0.421248317 0.738877594 0
vt 0.434193164 0.746778488 0
vt 0.00831713434 0.748097181 0
vt 0.445905417 0.754350662 0
vt 0.45558688 0.761078238 0
vt 0.436265141 0.731723189 0
vt 0.448835671 0.733059287 0
vt 0.0455225296 0.755482316 0
vt 0.0454311036 0.777353764 0
vt 0.0343972817 0.778300583 0
vt 0.91620785 0.73489058 0
vt 0.0216923691 0.778875768 0
vt 0.422320873 0.731084406 0
vt 0.00818815827 0.779041469 0
vt 0.421248317 0.723362625 0
vt 0.434193164 0.716805875 0
vt 0.0218171161 0.807842195 0
vt 0.00831719954 0.809042573 0
vt 0.445905417 0.711963058 0
vt 0.0455225296 0.798558652 0
vt 0.0345092081 0.804271162 0
vt 0.917388082 0.742596626 0
vt 0.45558688 0.709164143 0
vt 0.437560856 0.694273591 0
vt 0.445366919 0.687499046 0
vt 0.920532465 0.749028146 0
vt 0.0348279402 0.82547152 0
vt 0.0221726783 0.831488132 0
vt 0.418193996 0.716887832 0
vt 0.428292662 0.704297543 0
vt 0.00868467055 0.833530068 0
vt 0.419461936 0.6961025 0
vt 0.425072312 0.682684004 0
vt 0.34920603 0.829062819 0
vt 0.362363219 0.831903219 0
vt 0.361361861 0.847304523 0
vt 0.347979516 0.847925484 0
vt 0.925162315 0.753205955 0
vt 0.335347623 0.82768172 0
vt 0.333979726 0.848720372 0
vt 0.413622886 0.712645769 0
vt 0.321732521 0.827856004 0
vt 0.320315868 0.849643588 0
vt 0.349205911 0.866899192 0
vt 0.335347563 0.869882762 0
vt 0.408230811 0.711282194 0
vt 0.409045339 0.693468273 0
vt 0.32173124 0.871549964 0
vt 0.410341024 0.678958774 0
vt 0.36236316 0.862796485 0
vt 0.930572867 0.754494071 0
vt 0.593255162 0.951307178 0
vt 0.605957508 0.949712157 0
vt 0.605957508 0.96968323 0
vt 0.593145072 0.970071614 0
vt 0.836988032 0.315704525 0
vt 0.850412846 0.317049801 0
vt 0.849942982 0.336318225 0
vt 0.836509705 0.335295051 0
vt 0.849688888 0.363492906 0
vt 0.836250722 0.362920105 0
vt 0.849689007 0.394437492 0
vt 0.836250544 0.394374013 0
vt 0.849943221 0.424437732 0
vt 0.836509287 0.424868226 0
vt 0.850412846 0.448923498 0
vt 0.836987317 0.449760199 0
vt 0.910836995 0.317774713 0
vt 0.923953772 0.315704525 0
vt 0.922537744 0.337492138 0
vt 0.909397542 0.33992359 0
vt 0.923953712 0.359398484 0
vt 0.910635352 0.360691965 0

# 5705 vertex normals
vn -23.3422852 -8.08625317 68.880928
vn -17.3952236 -29.9418812 64.4648895
vn 64.5435181 -33.0544968 9.81664181
vn 65.9100037 -11.8958521 29.482069
vn 64.9621658 9.77522182 32.2365265
vn -24.0849781 16.4579906 67.1109619
vn -29.3241425 35.1357765 57.0999374
vn 59.5609932 37.1480141 20.6723499
vn 26.7671165 59.8558235 32.4905205
vn 10.0172215 59.2018623 41.8285446
vn -43.486969 -22.6519051 54.3194962
vn -35.5861626 -45.7835159 44.6354828
vn 47.0066071 -52.4088326 19.9631252
vn 61.554615 -30.462532 25.256609
vn 51.0571671 -34.3822594 39.5709229
vn -39.2249336 -14.8794336 59.956974
vn -36.6556168 9.01256084 62.6894836
vn 55.9631538 -33.2299461 33.4473953
vn 52.5018959 -45.1287689 23.7018452
vn -29.7951298 7.9565835 66.3609543
vn -19.0752831 2.73339224 70.5938797
vn 48.006546 -54.4293365 9.36223793
vn 44.0269089 -58.2870522 -4.36827993
vn -13.3430862 -11.3345966 71.0515366
vn -18.2292728 -31.9289379 63.2698135
vn 51.5690613 -51.3923111 -7.36851072
vn 68.561409 -20.1922894 -15.6982822
vn 63.2820549 -31.7626553 -18.4755993
vn -68.7189331 5.45983362 24.5505562
vn -65.7013016 9.27647686 30.8563976
vn -55.6777802 27.3866043 38.7916374
vn -49.0961418 38.6516876 38.0847511
vn -70.3880157 13.9848404 14.3102503
vn -71.1357574 3.92914319 16.7062321
vn 70.3682861 -9.0654211 -17.9152107
vn -66.0959625 26.5935059 16.701561
vn 43.1223068 -56.8306885 -16.2963867
vn -69.7939301 2.32825232 21.8682213
vn 48.8779221 -36.5026245 -40.4146004
vn 64.5545502 -12.0443525 -32.287384
vn -52.0266266 -50.1762085 11.4197083
vn -67.6839371 -15.3994474 23.1640682
vn 40.7195663 -46.0666275 -39.6814232
vn -60.6893883 33.9409637 22.7956505
vn 68.7496719 10.258481 -22.8708973
vn 45.4146919 -46.3407478 -33.835968
vn -53.0496826 39.7165604 31.0347805
vn 69.6375046 -2.60261154 -22.3310661
vn 55.1368179 -40.6626053 -25.7160759
vn 68.9762573 -0.93350774 -24.4179497
vn -5.85390139 2.86634111 72.8858566
vn -46.1201859 2.82539678 56.7430878
vn -41.1295509 -11.5418959 59.4136124
vn -3.89194202 -20.7519703 70.064537
vn 32.5398598 -10.5899897 64.6826172
vn 36.6072006 3.64219332 63.2572479
vn 35.2249451 19.1341019 61.2202721
vn -7.00037289 35.0918808 63.8309288
vn -45.5695801 17.8499794 54.4024239
vn -65.1849899 0.85927242 33.2416954
vn -49.5062904 -32.4873276 42.9945755
vn -28.6145363 -17.4577713 65.0481873
vn -32.9427376 4.95490646 65.1541061
vn -38.7157478 31.5784111 53.4670639
vn -62.3258247 35.540905 14.3933029
vn -68.835762 19.1455975 -15.8086863
vn -72.2202835 -3.07086635 -11.3856144
vn -67.1700668 -28.9988804 1.44180834
vn -62.1367798 11.8510132 -36.7886734
vn -18.4543152 5.97547865 -70.5589371
vn -31.7691975 -38.4599648 -53.5385857
vn -58.8397179 -39.1266899 -19.0216103
vn -63.5265274 -31.7580433 17.6249542
vn -69.3442459 10.4936543 20.8827896
vn -40.523922 58.4639549 17.1641827
vn -23.9056568 62.9271774 -28.6970711
vn 4.43461895 46.3896217 -56.4195824
vn -4.52512312 13.1477633 -71.8435287
vn 9.49319172 -26.8938046 -67.3901596
vn -40.8653717 -36.3807259 -48.593174
vn -60.8428612 -6.33082056 -40.1609154
vn -60.6373787 39.8963089 -9.28576469
vn -22.0212879 68.4392471 -13.6368771
vn 26.9368057 67.0244446 -11.7031879
vn 51.5331459 25.1053619 -45.4850388
vn 50.5293655 -7.80883074 -52.3511086
vn 35.20784 -7.5038271 63.7097473
vn 58.7058372 4.29708624 43.4740334
vn 38.2721977 34.3375015 52.0673332
vn 16.5397778 32.14254 63.6248817
vn -5.10012293 20.0411663 70.1938324
vn -3.61753225 -20.0639153 70.2793274
vn 15.796258 -50.4073524 50.6399956
vn 39.819252 -45.1954117 41.5527916
vn 57.4534111 -30.7565098 33.2862549
vn 3.29919052 16.7958431 -71.1466599
vn 47.8693581 20.614233 -51.3654594
vn 36.4074249 -7.64565706 -63.0148811
vn 4.28875256 -14.3746586 -71.6226807
vn -26.1164684 -12.9059048 -67.1282425
vn -40.4482307 11.4845562 -59.8905525
vn -41.4034233 45.6923065 -39.4055977
vn -1.08774161 64.5839691 -34.3883705
vn 40.6417999 52.5846939 -30.6255779
vn 5.86168957 -2.85628295 -72.8856277
vn 7.12440395 -35.0475769 -63.8415375
vn -35.1144714 -19.0960808 -61.2955627
vn -36.5705299 -3.56844091 -63.2826653
vn -32.579277 10.6231098 -64.6573486
vn 3.96223807 20.779604 -70.0524139
vn 41.1811981 11.5797005 -59.3704605
vn 46.1054726 -2.76521206 -56.758007
vn 45.5271568 -17.839201 -54.4414635
vn 65.2196274 -0.838674068 -33.1742134
vn 72.2009735 3.23686814 11.4618635
vn 68.7857895 -19.2028065 15.9561949
vn 62.6266861 -35.2621307 -13.7590923
vn 39.152565 -31.3594398 -53.277523
vn 33.0263901 -4.73730373 -65.1279373
vn 28.6889648 17.4277363 -65.0234604
vn 49.809597 32.7274513 -42.4588051
vn 67.0992661 29.1786728 -1.06073844
vn 62.0350113 -11.9155283 36.9392776
vn 23.534853 -62.7480621 29.3874702
vn 40.7264023 -58.5394745 -16.4110355
vn 69.2893448 -10.5320349 -21.0450668
vn 63.4647102 31.7787514 -17.8093719
vn 58.9283524 39.0839806 18.8341084
vn 32.0567093 37.8712654 53.7863045
vn 18.0864029 -6.88623667 70.5711975
vn -5.61785603 -46.4848137 56.2355232
vn 4.71965551 -13.6156912 71.743782
vn -35.215271 -23.5467072 59.6680031
vn -17.9934235 -62.7868996 32.9981117
vn 20.9756546 -61.6173058 33.4389381
vn 52.7379913 -39.9212799 31.3022022
vn 46.9908714 0.19569096 56.0950279
vn 32.46241 19.5996208 62.5849762
vn -3.08795142 12.5054531 72.0340958
vn -33.5001335 -0.641261399 65.055069
vn -35.2189751 7.49035311 -63.7051811
vn -39.9185257 45.1281395 -41.5306473
vn -15.8571873 50.3115807 -50.7161446
vn 3.59910774 19.9699898 -70.3070297
vn 5.05955362 -20.0165462 -70.2037811
vn -16.6273727 -32.1705971 -63.5878601
vn -38.2748222 -34.4100952 -52.0174522
vn -58.7080421 -4.36047029 -43.464756
vn -57.4792442 30.7668209 -33.2320862
vn -3.26291394 -16.8107796 71.1447983
vn 0.919559717 -64.6317596 34.3033791
vn 41.6549492 -45.8125877 38.9987793
vn 40.6147881 -12.0491581 59.6664734
vn 25.7329884 12.3207588 67.3857956
vn -5.31619978 14.2919941 71.5703125
vn -36.8042068 8.03725815 62.7350464
vn -47.9818001 -20.4178772 51.3389626
vn -40.6043434 -52.4836197 30.8478413
vn -63.7781372 -25.1138649 25.621788
vn -26.5114765 -68.2024994 0.627342641
vn -56.5680008 35.7037659 29.6670742
vn -20.2432804 67.5994034 19.3742905
vn 26.5007477 68.2062759 -0.668709993
vn 33.3887787 8.85534954 64.510498
vn 21.063839 59.3011093 37.3433533
vn 28.7404156 -31.9967117 59.2033043
vn 63.8068619 25.00564 -25.6560879
vn 56.5008659 -35.8231697 -29.6510468
vn 34.4598389 -1.90264809 -64.5269852
vn 4.63065195 -57.188591 -45.4186554
vn 41.1552277 43.3231506 -42.2396049
vn -30.7322273 -66.1945801 5.35169935
vn -41.7082672 -43.3886986 41.6253929
vn 21.1437759 -61.0163994 -34.4205093
vn -35.1410484 -63.443264 -9.7412138
vn 64.8258286 -30.1381054 -15.624939
vn -64.1238327 -23.4896984 26.2906952
vn -49.7192764 10.6249752 52.6301804
vn 72.9654541 0.92297709 5.47924089
vn 60.3336563 41.2358665 -3.77963376
vn 61.2838211 -37.70858 13.3112221
vn 6.04082346 -60.8055077 -40.2620316
vn -48.6563072 -44.1054382 -32.2816658
vn 58.6247864 -37.4960289 -22.6277447
vn 69.7523804 15.381197 15.9014454
vn 39.5789528 38.2855911 48.1928596
vn 72.6151886 5.87670565 6.87980556
vn 48.1953964 44.1456985 32.9118996
vn 30.4172688 66.3750305 -4.89677572
vn -4.46282578 56.5254555 46.257843
vn 20.0752411 -67.6687698 -19.3068466
vn -8.81742287 69.3147125 -21.7383556
vn -28.6233253 32.623024 -58.9175339
vn -72.5840454 -6.13423824 -6.982831
vn -59.2007713 37.2377701 21.5278912
vn -11.1055393 36.9711609 62.1661644
vn -1.80547512 72.7506409 -7.6757164
vn -61.2366562 37.7855797 -13.3099442
vn -72.9654617 -0.795890331 -5.49908638
vn -60.270668 -41.3318329 3.73605204
vn -33.4040718 -8.44956112 -64.5569916
vn -20.7263012 -59.7402229 -36.8287697
vn 1.93756533 -72.7470016 7.6780405
vn -6.90636253 60.7555237 40.1982727
vn -34.9309578 0.924894214 64.2946777
vn 9.3554163 -68.8970871 22.8144665
vn -71.4861755 10.279047 11.7855844
vn -47.5623207 6.16148663 55.2692833
vn -42.8043633 31.8111668 50.1065674
vn -56.0944557 46.442749 7.1634798
vn -56.3732681 32.4580383 -33.5166168
vn -62.4630165 9.91679096 -36.8084373
vn -63.5817833 -16.832653 -32.0757103
vn -64.9727554 -30.1357021 15.0070581
vn -48.6720009 -18.0496655 51.575943
vn 71.5284653 -10.221796 -11.5769606
vn 64.4381256 30.38978 -16.7039433
vn 64.7739716 15.3502693 30.3897171
vn 62.054203 -11.492239 37.041008
vn 53.8269768 -33.6203156 36.4302521
vn 56.876194 -46.0302963 -1.06935418
vn 46.6788445 -30.5414886 -47.3617477
vn 48.0508118 -3.63664293 -55.0701866
vn 46.1427155 19.8726749 -53.2048645
vn -8.45143032 -72.2341766 8.10119152
vn -12.0181017 -47.353096 -54.4800987
vn 2.40121579 -42.3720741 59.6126976
vn 8.10198975 72.5719299 -4.74394178
vn 17.5009289 44.8631973 55.0984879
vn -6.80929661 44.6355209 -57.585907
vn -11.5868816 4.57012367 -72.1088791
vn 11.3999414 -3.5819149 72.1944809
vn 40.5046692 35.2611465 -49.7077026
vn 54.0414505 23.5522594 -43.3548737
vn 51.5768929 24.5927792 -45.7148933
vn 40.7225113 32.7273788 -51.2389336
vn 31.3052979 37.8218384 -54.2615814
vn 37.3149452 30.1405964 -55.2627487
vn 22.0941219 34.8962479 -60.4064064
vn 19.5535297 39.7619476 -58.236412
vn 11.3181143 36.8772049 -62.1836319
vn 10.1963463 39.9850655 -60.4322815
vn 51.3582077 12.6047716 -50.5795021
vn 49.8851967 8.80269718 -52.8092041
vn 30.0667152 9.04999256 -66.0978241
vn 31.9819279 17.9710579 -63.3168983
vn 64.8201981 3.71027017 -33.7551193
vn 62.0308609 10.0282269 -37.5025101
vn 16.7736626 8.51680279 -70.7173233
vn 16.84062 21.1668167 -67.9940491
vn 69.9174805 -6.56004477 -20.5753231
vn 68.6876297 6.88499641 -24.2783566
vn 67.9405289 -15.4225168 -22.3844414
vn 68.0758667 -10.620574 -24.6518135
vn 59.6516571 -12.6979256 -40.43853
vn 61.7109337 -16.1632442 -35.8516655
vn 45.0462875 -18.3258076 -54.6793251
vn 44.2229347 -14.5525331 -56.456955
vn 24.4428329 -15.607996 -67.1846008
vn 24.4166756 -19.829916 -66.0714188
vn 11.8722544 -15.6271715 -70.4959106
vn 11.8593683 -19.6991005 -69.4703751
vn 29.0695267 -9.93233299 -66.4164429
vn 15.0578852 -11.8184814 -70.6287231
vn 26.1438351 -15.6364193 -66.534462
vn 13.1169281 -16.6716518 -70.034523
vn 24.4536304 -21.8031864 -65.4329681
vn 12.0781069 -21.8817768 -68.7760086
vn 63.0364456 0.964638412 -37.1525002
vn 48.9242134 -4.99347019 -54.1878128
vn 62.1464882 -8.65723133 -37.6523514
vn 46.3330269 -12.9048023 -55.1502457
vn 61.7344933 -17.9007568 -34.9749451
vn 45.1483459 -20.5942535 -53.7804375
vn 68.5950241 4.72645426 -25.0442829
vn 68.3897171 -3.43278217 -25.8049221
vn 67.97995 -14.8031502 -22.6809254
vn 66.3347778 8.7589941 -29.627861
vn 59.7519188 12.2908258 -40.4162865
vn 68.6628647 1.85892558 -25.2346497
vn 63.2685127 4.22374582 -36.5251617
vn 69.6170731 -7.48421621 -21.2669449
vn 65.4134521 -4.6257863 -32.4732971
vn 25.719471 29.7840576 -61.6948166
vn 12.9410582 33.2959518 -63.8650169
vn 29.6396942 22.1047688 -63.148243
vn 15.1692591 25.5621548 -66.8677979
vn 32.3690834 11.078619 -64.68647
vn 16.9913673 14.5519829 -69.6732788
vn 43.8802376 21.1057014 -54.625145
vn 49.6171684 13.0064898 -52.1900444
vn 52.9219742 3.4042294 -50.4232979
vn 13.3458595 57.7341232 -42.9358978
vn 11.7323484 59.7793198 -40.5415573
vn 6.35032558 59.9878998 -41.4241104
vn 6.68199539 58.4004135 -43.5841103
vn 16.8888226 49.4162178 -51.2604828
vn 8.31791878 50.9597168 -51.8531685
vn 9.69822693 59.5419464 -41.4189987
vn 9.27810383 58.8349419 -42.5111618
vn 11.8755589 58.7544136 -41.9728699
vn 9.86436558 58.5570831 -42.7620735
vn 25.2924099 47.4243813 -49.6593742
vn 25.0985699 47.1340218 -50.0327682
vn 11.4363489 59.6264763 -40.8500404
vn 11.7606306 59.4266052 -41.0487328
vn 17.927496 55.5856438 -44.0871124
vn -40.8800354 29.5253963 -53.0274124
vn -72.2085342 11.6024218 2.47870874
vn -56.8750267 42.1699638 18.4867039
vn -14.4606609 69.2204132 -18.8216972
vn 35.7979469 48.9074173 -41.004921
vn 24.8302536 25.3033714 -64.0158691
vn 13.9495173 -13.0080547 -70.6472549
vn -43.5597992 -29.3879414 -50.928627
vn -69.1844788 -23.7198601 -2.38929605
vn -26.1639709 -31.9746723 -60.3978462
vn -63.792244 -29.6902885 -20.096487
vn -67.2344666 -19.240139 -21.5447426
vn -26.2172642 -31.6590137 -60.5408554
vn 29.7595329 -24.3042164 -62.277668
vn 27.653614 -32.5510864 -59.4183159
vn 24.2354946 -47.5045776 -50.1077614
vn -18.9276295 -60.0914955 -37.2235107
vn -55.9954681 -44.5490494 -15.3206758
vn -20.3234196 25.8180408 -65.38517
vn -69.4113846 22.6973095 -4.660923
vn -40.2265129 55.5047607 25.6101761
vn 10.3028307 70.8627472 -15.0716848
vn 63.2812958 33.0088463 -16.1470242
vn 50.9693489 -9.04085064 -51.722538
vn 33.484642 -48.1836014 -43.7258644
vn -26.0566082 -45.4318504 -51.1060829
vn -68.2086716 -25.643383 -6.69517469
vn -31.8434391 34.2781906 -56.2657394
vn -61.849102 37.4775581 11.1782656
vn -23.704483 62.1152954 30.5715599
vn 11.7729292 70.9235077 -13.6413832
vn 55.2401276 32.2208252 -35.5693474
vn 30.0107841 -4.59159851 -66.5815506
vn 9.65572166 -48.4102821 -54.0189209
vn -47.0746613 -32.8297577 -45.3984032
vn -71.0452957 -16.3548965 6.31781721
vn -33.4094086 56.6602745 -32.0664482
vn -53.3956299 40.4825783 29.4091911
vn -7.66671658 54.3813972 48.3602905
vn 18.3816891 70.3527603 8.21189594
vn 47.9219971 46.2280846 -30.3525867
vn 13.0657902 25.0164871 -67.5151291
vn -14.8734007 -17.0653095 -69.5872803
vn -57.3018608 -4.49635458 -45.2891998
vn -72.7191162 -5.39154005 6.13948011
vn 36.9285164 40.1993179 48.7353172
vn 68.4315643 25.1786232 6.16363811
vn 62.7328682 37.6542435 -1.25591707
vn 34.1403847 53.5724792 36.3215561
vn -31.4835339 44.0382652 49.2366829
vn -29.835638 29.3654785 60.0194511
vn -24.401289 6.88015938 68.6445389
vn 44.9704895 7.30146933 57.2640877
vn 70.4567566 3.3832655 19.4738503
vn -44.4130936 16.613306 55.7342529
vn 11.4940472 23.002388 68.5099335
vn 12.3772078 31.8054924 64.7305756
vn -42.7028503 21.0469208 55.5727043
vn -72.6288834 5.98654222 6.63616276
vn -72.4621811 9.41857815 3.91859317
vn -72.2469025 -4.69408083 10.6387539
vn -39.2830696 -0.580113709 61.7360229
vn 16.899065 2.41422153 71.1577454
vn 61.4264183 16.7793255 -36.0566559
vn 0.924954236 11.3583393 -72.2839127
vn 12.2734003 10.3457956 -71.3943939
vn 59.5658302 23.3026142 -35.549015
vn 69.0235367 3.15263653 -24.0965424
vn 20.3753147 -10.6973181 -69.4639969
vn -71.7531052 8.47154236 11.5998898
vn -70.6159668 8.68508339 17.1109867
vn -72.0579529 -4.68010187 -11.8566055
vn -69.794838 1.85175455 -21.9108219
vn -72.1752396 -5.85776234 -10.5477266
vn -62.6192055 -5.04269314 37.5265045
vn 61.4667168 19.3198414 34.6903343
vn 69.7212677 11.4157839 -19.0645447
vn 69.8749313 20.0832939 -8.3058548
vn 59.600544 28.8636761 31.1367416
vn 23.560894 36.8219566 58.6844101
vn 17.065937 24.2185593 66.9107437
vn 28.2291412 2.82482386 67.4534531
vn 64.9555588 0.954892397 33.6852531
vn 69.1932449 3.78669882 -23.5114307
vn 16.1403294 62.7038307 34.0962029
vn 66.8886261 29.5632973 2.59915376
vn -33.7940865 50.5690308 40.688633
vn -33.9208641 45.03582 46.647419
vn 16.4576054 57.1809578 42.594799
vn 70.5066147 18.8812561 5.21034527
vn 63.6207085 -23.7666512 -27.2467308
vn 36.5280724 -52.1575508 -36.0572014
vn 61.9692497 -28.6028595 -26.3916969
vn 33.9370575 -54.6953087 -34.8070641
vn -52.8685455 27.0200977 42.7745667
vn -14.12605 56.8724442 43.8270683
vn -67.4498749 -23.6715298 15.6526632
vn -66.4287491 -23.911211 19.2433701
vn -52.6324539 21.2298336 46.1947174
vn -17.7161083 49.9321556 50.4752541
vn 66.9481888 -24.3740578 -16.6936321
vn 68.3999481 -5.03771353 -25.5127602
vn 66.0180969 12.7204256 28.8900394
vn 61.7891922 -13.266058 36.8909187
vn 53.46735 -29.6408825 40.2180634
vn 51.9450073 -51.5317802 -1.01219559
vn 32.4784317 60.7308083 24.7336273
vn 65.7318649 24.8975563 -20.3535252
vn 34.9524002 55.228466 32.9086418
vn 69.5301056 17.5673351 -14.5528746
vn -64.1470184 -3.94446468 34.9919052
vn -42.7474556 39.4994469 44.3540344
vn -62.2343636 -36.0050201 13.614481
vn -60.5284233 -38.1467323 15.3612728
vn -62.0900116 -8.30544758 37.8243675
vn -40.3601303 31.1711979 52.4809341
vn 57.7110214 16.2224922 -41.9654655
vn 29.362011 -29.8541927 -60.0119324
vn 55.0508156 44.6770134 -18.1164227
vn 61.186985 38.7508545 -10.4574289
vn 62.0669022 12.7615528 -36.6015663
vn 28.15308 -37.9184227 -55.8965912
vn -42.6544533 15.2027922 57.4830856
vn 1.94697154 40.4763336 60.9319878
vn -68.4906616 -21.006279 14.9197216
vn -67.0201492 -24.7349758 15.8528423
vn -41.6310272 9.01707935 59.5011139
vn 3.40475368 33.4759979 64.9815216
vn 15.6913538 68.1601105 21.5130787
vn 23.0351868 60.6616287 33.8286705
vn -33.4459457 -58.2860184 -28.9644756
vn -34.6280441 -60.1557007 -23.1737309
vn 42.7883034 47.487999 35.6214027
vn 63.3433418 30.3783875 -20.4842911
vn 46.3304482 39.7485962 40.3530731
vn 67.6511765 22.4241009 -16.5924911
vn -59.8557091 -18.7311592 37.6997261
vn -19.3475571 -9.47767162 69.9333801
vn -25.5178547 17.9352055 66.1966705
vn -66.0149307 2.80864239 31.447937
vn -41.3694077 -46.4425621 38.5550766
vn -13.1881742 -26.1775436 67.0495453
vn 33.8565102 -6.49525261 -64.5475006
vn -8.62446308 -29.3522682 -66.4747696
vn 34.8263702 -10.5876102 -63.4811668
vn -9.42942238 -30.367321 -65.9070816
vn 4.95052099 -69.7066498 21.7096424
vn 21.9556751 -33.637146 61.1663475
vn -25.5738945 -36.2059479 -58.2231674
vn -67.6991425 -16.3065815 -22.4889851
vn -66.8427658 -17.7654285 -23.9011936
vn -25.6018257 -37.0812416 -57.6572609
vn 28.3538971 -24.6433163 -62.7980499
vn 30.2578506 -23.0771618 -62.5039139
vn 44.4056625 -29.5773544 -50.0814247
vn 10.2921066 -52.4294395 -50.0005913
vn 40.1892624 -32.789196 -51.6190262
vn 2.29256129 -52.9816666 -50.4233971
vn -14.439517 -65.7649155 -28.6584778
vn -66.1222 -30.7887058 5.89424133
vn -11.2675047 -66.8777771 -27.4816055
vn -61.140522 -39.8887634 5.05527258
vn -62.4275246 20.6615429 32.1050911
vn -61.2293167 16.7614174 36.3986053
vn -33.0021286 -58.4389648 -29.1646805
vn -37.5819855 -56.7408218 -26.8869133
vn -47.9274635 -37.9130516 -40.2540703
vn -47.7536469 -39.0321846 -39.381588
vn 54.4630852 -12.752718 -47.1802177
vn 4.64792728 -15.2115231 -71.4271622
vn 9.16378021 -20.4249573 -69.6683426
vn 50.6808243 -14.1295414 -50.8590469
vn 68.4986267 7.41979694 24.6519051
vn 68.6465836 2.66443872 25.2067413
vn 64.2781525 -0.472452909 34.9703827
vn 67.1271744 -26.108387 -12.927742
vn 4.44934082 -16.3358345 -71.191124
vn 21.2822971 12.4134922 68.9042892
vn 21.2021675 19.8964844 67.152298
vn -8.09403801 18.1894321 70.4163589
vn -2.84027481 11.6124334 72.1936111
vn 1.87616062 7.08632946 72.8086319
vn 24.8821869 2.15017581 68.7828903
vn -51.9096375 -34.4819527 -38.3564529
vn -60.2523613 -37.4322395 17.9809132
vn -58.7528229 -3.05133963 -43.515831
vn -19.1147137 -3.27473354 -70.5601578
vn -8.32149124 -32.6670799 -64.9495697
vn 6.36161852 -59.5105209 -42.1053543
vn -17.0161877 -69.8549652 -13.6222086
vn -31.8434715 -62.0147552 22.2485085
vn -59.6990204 -19.8338108 -37.3828659
vn -65.5205078 -26.1301956 19.4706974
vn -72.8212585 -3.38066697 6.36130142
vn -61.0434074 -1.82411015 -40.3138618
vn -37.8689499 -2.40141821 -62.5700302
vn -24.2935619 -21.6045723 -65.5583496
vn -3.09563375 -51.7282333 -51.6666107
vn -22.5334873 -68.6470566 -11.6041136
vn -41.7161713 -53.1757774 28.0522804
vn -36.8429871 5.94658709 62.9449348
vn -43.1977768 9.84735107 58.2392845
vn -70.8408356 -14.6874437 -10.9857912
vn -71.1903152 -14.6793108 -8.4432106
vn -70.6348801 -17.773386 -7.04656601
vn -32.8798637 -12.7970829 64.1091461
vn -57.5826035 1.98930359 -45.1122894
vn -58.0055199 -7.7571969 -43.9319649
vn -56.1965981 -7.64697027 -46.2417336
vn 54.5517502 23.0410595 42.9889259
vn 68.6090088 21.5023098 -13.6120405
vn 66.3555145 28.9228783 -10.73522
vn 51.6686707 32.1564407 40.6342773
vn 57.9978981 1.70570099 44.5888481
vn 72.1707458 2.66745782 -11.7940502
vn 24.4421253 42.7555275 54.1237411
vn 64.0350723 31.4704075 16.2467384
vn 63.7345657 34.7678909 9.16141033
vn 22.8964119 49.0897141 49.2014847
vn -34.286602 41.3271866 49.712429
vn -30.2293911 37.6727867 54.9706917
vn 26.8606453 20.5700073 64.8861542
vn 28.7922878 12.1263952 -66.1724091
vn -22.7218971 6.02414036 -69.2983246
vn -18.7223167 1.26956689 -70.7297363
vn 31.3641758 12.5194283 -64.9182892
vn 35.8352547 -1.77027762 -63.7772102
vn 65.2628784 5.82689953 -32.5827522
vn 63.728344 6.069592 -35.4498253
vn 26.1403484 -7.39603853 67.9471283
vn 13.1509733 1.09773147 -71.9769363
vn -39.0611458 -3.45764494 -61.782711
vn -26.0907993 -14.0013161 -66.9183502
vn 30.2452278 -1.5503993 -66.6157227
vn 19.4187832 -2.76616764 -70.4988785
vn -20.0316792 -37.1598244 -59.7721672
vn -69.7789688 -21.9747047 -1.68495643
vn -70.4777985 -16.822031 10.2338982
vn -19.3914051 -50.5186424 -49.2612686
vn 31.8081131 -40.2263527 -52.200737
vn 19.869339 -33.0737648 -62.1785202
vn -21.0008965 -21.677145 -66.6625595
vn -48.8725014 14.4322767 52.5168571
vn -16.8985882 29.5749092 64.765686
vn -15.8246498 37.9115639 60.5568008
vn -49.5793877 21.537323 49.3240395
vn -60.6942635 -3.72892737 -40.7078972
vn -73.1485062 1.757985 1.0187422
vn -72.9881897 -2.0878222 4.81632519
vn -57.7698288 -15.3435774 -42.214386
vn -58.3469009 3.97329545 -43.9850502
vn -57.6842461 -2.93726754 -44.9303055
vn 20.4559059 34.4451065 61.2366104
vn 67.1858215 14.5824537 25.0649261
vn 58.4387054 29.1852131 32.9844398
vn 19.6080456 41.6887894 56.8542099
vn 58.5277023 -18.7612915 -39.7159233
vn 64.8600388 -16.5300541 -29.5764275
vn -46.0085716 12.253993 55.5687218
vn -48.2643776 21.5395355 50.6105804
vn -39.0311699 -0.822072983 61.8928413
vn -67.8418045 10.5600281 25.3141747
vn -62.9562874 36.5240517 7.57176685
vn -68.6361237 -1.63320756 -25.3228645
vn -68.852417 -14.8477564 -19.842392
vn -68.895195 -18.5384827 -16.2668056
vn -67.1729279 8.10007381 27.8750572
vn -32.4919624 34.8242264 55.5551796
vn -34.3181458 37.31287 52.7716446
vn -34.3467751 46.6511765 44.7079277
vn 44.6431808 -36.0585938 45.4048042
vn 46.5323181 -24.4698353 50.8999252
vn 31.2626266 -25.81987 60.9164581
vn 16.9539452 -38.5268288 59.8588257
vn 3.49924302 -57.0073853 45.7465324
vn 19.8924828 -63.497303 30.4501915
vn 53.8773537 -45.8781929 18.6347542
vn 60.034771 -29.7782784 29.3924007
vn 58.4437027 -22.9188862 37.6017456
vn -67.7005539 15.4743471 23.0653744
vn -68.5373306 16.0426292 20.0025177
vn 7.22652721 -72.4252701 7.56237936
vn -46.8210831 -45.0414848 -33.6731834
vn 41.9056015 -55.7692413 22.1030388
vn 61.3355637 -21.4809074 33.6355782
vn 46.1805229 -21.0217896 52.7283211
vn 10.9315443 -40.6373901 59.8659897
vn 50.2888451 -43.9963112 -29.8360424
vn 69.268013 -21.1591015 10.4435186
vn 28.2780762 -64.5775452 19.6194782
vn 48.838253 -39.8821297 37.1358795
vn 30.6496964 -36.724247 55.3783264
vn 3.52825952 -52.9370956 50.3988838
vn 44.4078445 -54.945282 -19.0733337
vn 60.7779198 -39.3942223 10.4389381
vn -20.0628338 -20.4576931 67.3334732
vn 38.1783943 -11.7715225 61.3080292
vn -12.8636026 63.0471649 -34.848465
vn 50.2981339 31.4161549 -42.871376
vn 27.2047176 -6.74188185 -67.5964737
vn -29.6688976 5.99593306 -66.6231003
vn 14.0045614 67.1209869 25.5632305
vn 59.7150536 42.1358986 3.67573333
vn 64.3352966 -8.84325123 33.7283058
vn 71.8732452 -12.2466412 -6.25211573
vn -33.1421013 -28.8258457 58.5277977
vn 11.6365967 -18.4642811 69.846199
vn -54.3273392 -44.0603371 21.4955673
vn 70.2286606 -18.7061138 8.53518963
vn 28.2198486 -51.3718033 -43.8110809
vn 64.1691055 -14.1499643 32.201519
vn -21.7213879 -29.1143799 63.5245361
vn 25.2072392 -21.4795723 65.2537689
vn 46.6301994 -13.6425934 54.7205391
vn -24.1059875 -65.4479904 -22.1425896
vn 55.8406601 -19.3402061 43.1579704
vn 69.3517532 -23.3318748 -0.888875425
vn 65.5542068 3.3596437 -32.344883
vn 66.9217072 0.605725229 -29.5964508
vn 34.7649612 -24.1879463 -59.67556
vn 31.3047791 -20.428524 -62.9088058
vn 64.969017 32.2169952 9.79405975
vn 65.6291428 29.548954 13.210104
vn 44.642025 -29.7572784 -49.7636986
vn 23.4513607 49.35923 48.6675682
vn 24.6730118 45.8215179 51.4437981
vn -27.7493172 -29.4778748 -60.9578781
vn -26.111124 -35.3017578 -58.5391121
vn 36.9205475 -22.5446014 -59.0207253
vn -21.8437195 -15.9968147 -67.9837189
vn 22.5379429 64.1305389 -27.0951519
vn 21.0899181 69.781456 6.37142801
vn 20.5079994 70.1116562 4.31392384
vn 21.7464046 63.8060188 -28.4731026
vn 18.9941463 43.4224586 -55.7543297
vn 19.5423126 44.0904579 -55.0360031
vn 31.1113548 43.1605339 -50.2402763
vn 33.1990662 60.983429 -23.1014194
vn 31.2021751 65.7030563 8.02277279
vn 16.3189297 61.1095276 36.79879
vn 16.0142498 62.0457611 35.3369446
vn 26.5581474 57.773468 36.21772
vn 21.5087223 39.6677704 57.6079407
vn 10.5293055 41.1878319 59.561142
vn 9.69041252 41.8198967 59.2623367
vn 20.2546482 62.0937767 32.9991608
vn 24.5111198 68.9103775 2.32305503
vn 14.0690279 42.5748711 57.8297043
vn 17.1029549 43.8001785 56.070179
vn 21.9824448 62.7510948 30.5598469
vn 25.4578838 68.6021347 0.689224303
vn 25.8897247 62.069828 -28.8425255
vn 26.9661312 61.617878 -28.8252888
vn 26.2666245 42.3008003 -53.6240692
vn 23.910368 42.2597656 -54.7470398
vn 7.55677891 -39.6847496 -61.0151482
vn 6.29449415 -34.0781441 -64.4506912
vn 16.9347115 -36.1809959 -61.3105507
vn 20.2626457 -41.8111076 -56.5339584
vn 23.2348747 -40.3403854 -56.4590721
vn 9.93379688 -39.3662338 -60.8806305
vn 6.01679707 -22.4751987 -69.379364
vn 15.3351736 -23.9634972 -67.419693
vn 72.1271591 -11.7782097 -3.71200919
vn 72.0897217 -12.0264225 -3.64272642
vn 46.2434464 -35.5595703 -44.1802406
vn 47.5532799 -35.2720718 -43.0046349
vn 7.32000446 -13.4765358 -71.5516052
vn 17.5338764 -12.4870987 -69.9390259
vn 29.1064014 -27.7011623 -61.1579475
vn 30.7934513 -39.8586769 -53.083725
vn 29.9383659 -11.9286079 -65.6980591
vn 39.3177452 -22.7798672 -57.3587418
vn 43.3842049 -36.0705223 -46.6000023
vn 44.7351532 -43.9726257 -37.6829796
vn 34.2844734 -43.7347946 -47.6096153
vn 46.7684517 -44.4651871 -34.502037
vn 50.5101166 -38.7030106 -36.133606
vn 38.0501595 -40.0147476 -48.0191307
vn 1.48872089 -66.9520416 29.496439
vn 3.3939023 -73.0923309 0.908061802
vn 3.04524302 -73.088913 1.88916552
vn 0.832580686 -65.9044418 31.7921944
vn -0.160371602 -45.6176682 57.2174339
vn 1.42421877 -47.8529015 55.343502
vn 13.4675932 -52.1120338 49.5761223
vn 12.6421986 -67.923317 24.1128616
vn 14.6435146 -71.6764374 -1.69924366
vn 7.40429068 -66.7432709 -29.0747986
vn 6.33664465 -66.9551392 -28.8390121
vn 20.0861244 -64.1977997 -28.8101044
vn 25.8212643 -42.5346031 -53.6553955
vn 11.737504 -45.0733681 -56.439827
vn 9.60621834 -46.1485786 -55.9719696
vn 12.7888832 -66.1309738 -28.6002064
vn 9.9239254 -72.4905167 1.21326399
vn 15.2757587 -46.8424187 -54.1042557
vn 19.8614044 -46.9957314 -52.4572029
vn 17.8088589 -65.0196228 -28.4627075
vn 15.4715729 -71.5224152 -0.0820941404
vn 7.43728542 -65.7598953 31.2274609
vn 13.0537424 -65.7672958 29.3103237
vn 11.003067 -47.3897018 54.6624374
vn 5.63200712 -46.1858521 56.4799042
vn 2.72515345 3.87755179 -73.0230789
vn 11.9257469 4.69001293 -72.0459137
vn 10.84554 22.1855297 -68.8840256
vn 2.46903372 20.9876633 -70.0589294
vn 0 20.6755829 -70.1950989
vn 0 3.65568328 -73.08535
vn 1.56683486e-11 -61.8853645 -39.0516891
vn 21.8138752 -39.641613 -57.5111275
vn 14.534379 -22.6856823 -68.0363541
vn 29.7492714 6.89819908 -66.4998398
vn 26.7406673 24.8331699 -63.4277725
vn 32.8050003 -18.8205757 -62.6454315
vn 54.4104996 -16.152195 -46.1891441
vn 53.0398331 10.7243128 -49.2605057
vn 47.4677544 28.0872917 -48.0910568
vn 27.4957867 24.6631584 -63.1707458
vn 11.2286873 23.2714958 -68.463028
vn 48.494606 26.6005535 -47.9115448
vn 53.3603821 14.7287178 -47.8598633
vn 31.487957 12.5816231 -64.8463058
vn 13.5612278 11.7184868 -70.9478912
vn 2.57718825 22.7688141 -69.4965515
vn 3.58074474 11.8816595 -72.1168213
vn -1.8560828e-06 12.1430454 -72.1621704
vn -1.16131741e-06 22.7085743 -69.5640182
vn 36.0563087 -62.5972481 11.6773119
vn 37.2851143 -62.6909523 -5.87337637
vn 36.416214 -63.2511406 -5.29003668
vn 34.7463837 -62.785717 14.3343763
vn 34.7848663 -52.1758232 37.7164268
vn 35.8548889 -51.7912445 37.2414513
vn 38.74683 -48.5453224 38.6893616
vn 42.1971016 -58.9705734 9.83403969
vn 43.6560364 -58.5247459 -4.88235092
vn 41.5398293 -52.9991417 -28.6420231
vn 41.1772156 -54.1508026 -26.9621849
vn 47.103096 -48.2508202 -28.4251499
vn 40.750618 -27.2629986 -54.3226318
vn 44.4293251 -31.2653236 -49.0239372
vn 35.5369987 -57.9202118 -27.151495
vn 29.656456 -66.7775192 -4.01117373
vn 41.0867844 -36.3125038 -48.4573135
vn 27.428257 -65.3621979 18.1743526
vn 28.1631317 -52.9797401 41.8905487
vn 6.35135317 18.5597458 70.4984283
vn 4.25487566 -1.64800239 73.0343246
vn 1.48373866 -0.842476606 73.1568298
vn 4.34864426 18.6637001 70.6228638
vn 18.3204365 17.9239807 68.54142
vn 16.9364166 -4.21038866 71.0652008
vn 2.59637785 -23.055336 69.4013138
vn 0.104867227 -21.0386524 70.087059
vn 15.2054672 -27.9473686 65.8981857
vn 4.87740612 -22.0121326 69.6168747
vn 5.66085863 -1.47220063 72.9425735
vn 9.99217129 -23.4697819 68.5868683
vn 10.5142212 -2.24695635 72.3825531
vn 8.54273987 18.847311 70.1899796
vn 12.7382469 19.2459717 69.4417877
vn -4.38986969 21.8494892 69.7005157
vn -4.52038336 -0.111018822 73.0368881
vn -4.82221031 -0.00515785813 73.0176544
vn -4.92844534 21.950367 69.632782
vn -5.22514153 47.7085762 55.2396698
vn -4.24075603 47.6813011 55.3474693
vn -1.5388062 47.6438942 55.5204773
vn -2.25812268 21.5851021 69.8843079
vn -2.67276025 -0.472745955 73.126358
vn -4.72544193 -22.0417633 69.6179733
vn -4.96406555 -21.9606972 69.6269836
vn -2.97335434 -22.4374828 69.5884399
vn -2.95417953 -48.1007996 55.0673981
vn -4.89325571 -47.7656555 55.2207527
vn -5.30201721 -47.7148056 55.2269745
vn -5.17186499 -21.9657364 69.6102753
vn -5.01244926 0.000119661585 73.0048447
vn -5.61138439 -47.7266846 55.1861191
vn -5.78431368 -47.8255539 55.0825729
vn -5.33158731 -22.0521259 69.5709
vn -5.16631365 0.000114894778 72.9941177
vn -5.17175817 21.9657555 69.6102905
vn -5.33135176 22.0523548 69.5708542
vn -5.78361416 47.825367 55.0828133
vn -5.61115503 47.7267532 55.1860886
vn 2.03839564 -13.7712812 71.8403015
vn 9.31751919 -14.8975706 71.0357513
vn 7.23328018 3.37537479 72.7400818
vn 2.12523556 2.05767751 73.1169052
vn -3.70078169e-07 1.40522814 73.1632309
vn 5.79880009e-07 -13.7468491 71.8738937
vn -1.13984988e-05 -32.6946106 65.4667511
vn 2.34962177 -32.9783707 65.2819977
vn 11.1022873 -34.5513077 63.5435181
vn 23.4018059 -18.187849 66.9058228
vn 18.259079 5.30523682 70.6632309
vn 27.2289925 -38.3720016 56.0446587
vn 30.4258862 -23.3533134 62.3195038
vn 24.2835884 5.32524967 68.8242798
vn 17.5418587 31.1247272 63.8620834
vn 6.77120543 21.10639 69.7388229
vn 20.8243961 37.1755524 59.4908066
vn 24.6553364 51.9479218 45.2588196
vn 19.4599895 44.3356209 54.8679695
vn 8.00518703 32.0257225 65.3077545
vn 2.41653705 15.5920706 71.4554443
vn 2.51866007 23.7418156 69.1723557
vn 0 21.4414539 69.9649658
vn -2.18270046e-07 14.0476418 71.8157196
vn 48.0022354 54.1146355 -11.0555038
vn 51.110157 50.7443428 12.9459085
vn 26.4069958 66.0247726 17.2693558
vn 30.4843864 64.9292603 -14.481926
vn 30.3765087 53.1390877 -40.104084
vn 33.1904182 54.6987762 -35.5143929
vn 43.9953117 48.2636337 -33.013134
vn 59.4451981 41.5190544 -9.86247063
vn 64.2913895 34.3169708 6.61776447
vn 27.7141933 56.1047974 37.9342613
vn 21.4646912 59.7405014 36.4029083
vn 52.80019 42.5528603 27.4995766
vn 16.3300114 52.8781509 47.8755035
vn 23.0777988 47.1050758 51.0231209
vn 32.1713562 56.2886696 33.9326134
vn 34.7953224 63.6188469 9.83665752
vn 30.37677 40.050148 53.1795959
vn 37.2913399 60.5703773 -17.1877136
vn 38.4955711 45.563797 -42.389431
vn 32.1895599 2.88706946 -65.6530991
vn 22.4247551 0.964818954 -69.649353
vn 25.6561413 26.2858906 -63.2901802
vn 32.1499519 26.5504513 -60.1355705
vn 29.7103577 25.2532425 -61.9225388
vn 31.5571976 2.54730201 -65.9733734
vn 11.9266405 -0.21541959 -72.1979294
vn 18.6521721 25.1999912 -66.1202621
vn 24.6155586 37.8860397 -57.5634842
vn 27.6447105 38.7115364 -55.6059341
vn 11.7409554 40.5866165 -59.7470436
vn 72.6314774 4.03400993 -7.95157099
vn 47.7223663 29.010603 -47.2841682
vn 72.7240295 -6.20769978 -5.24522543
vn 72.4502106 -9.29707432 -4.40029526
vn 43.0621033 -27.6170406 -52.3238602
vn 41.120018 -19.1599674 -57.4183922
vn 28.568079 35.6514168 -57.1635666
vn 30.5564175 36.4397964 -55.6172523
vn 30.392746 39.73806 -53.4041176
vn 31.071064 40.3155022 -52.5745354
vn 30.6418629 42.4468803 -51.1289749
vn 34.8186073 -0.0853352994 -64.362175
vn 29.5724945 21.4869099 -63.3925285
vn 37.4518661 13.9414959 -61.3010979
vn 41.8893852 -5.65317106 -59.7340202
vn 26.1856766 41.0805511 -54.6033897
vn 33.0121422 33.5517845 -56.0295219
vn 38.5149269 24.6870708 -57.1137543
vn 39.6572647 6.606287 -61.1431961
vn 27.7002544 21.5338383 -64.21698
vn 26.8845444 3.46939087 -67.9707031
vn 41.377079 -11.9206562 -59.1664391
vn 27.3387985 -16.2777271 -65.8973312
vn 70.6463776 7.83455944 17.3937187
vn 71.2809525 16.3078671 -2.81289101
vn 71.6475677 13.9983635 -5.05022001
vn 71.9377899 5.12567139 12.3900757
vn 64.0291748 -2.41611457 35.3448753
vn 60.6662865 10.2887144 39.6052628
vn 52.2988777 23.7248058 45.3518791
vn 68.1956177 12.8231363 23.232666
vn 70.276886 20.3951416 -0.171873137
vn 66.3215103 25.5071259 -17.4835949
vn 68.6712036 17.0689373 -18.648035
vn 62.0423965 34.0439339 -18.616785
vn 48.7031746 37.4814034 -39.7237587
vn 58.2507095 30.3369865 -32.2700233
vn 63.3872757 19.6991959 -30.8030396
vn 19.4774246 33.132019 62.2714348
vn 25.3527145 1.96451294 68.6164093
vn 31.2951622 -2.4730885 66.1008987
vn 27.166872 25.3921299 63.0240669
vn 30.7683811 -28.2148399 60.1004219
vn 33.472847 -30.4988575 57.4823418
vn 29.3198757 -30.8046017 59.5504227
vn 30.2405281 -5.27029324 66.4271545
vn 29.8975525 18.9527225 64.0450134
vn 58.9914856 -40.8508453 -14.3542786
vn 56.2832489 -44.0756836 -15.6320562
vn 58.5402641 -43.9075241 -0.000262104382
vn 62.2547493 -38.4241371 1.66256857
vn 67.0300674 -29.2539825 2.45103121
vn 63.2078629 -33.3498726 -15.7284489
vn 53.2007561 -45.6302452 -21.0331135
vn 53.0332909 -50.3680649 -2.31527138
vn 50.5025215 -52.0800056 9.59171867
vn 55.8383331 -45.6052361 12.5329456
vn 43.0211182 -53.2135239 25.9294338
vn 46.2080116 -49.3929482 27.9282742
vn 59.9164619 -38.4587021 16.9049683
vn 49.7969742 -40.3719215 35.2874146
vn 52.3454361 -28.6481419 42.356472
vn 64.2406082 -27.9068775 21.193924
vn 13.5199165 -18.0705032 -69.609642
vn 13.9743624 2.14990664 -71.7978287
vn 12.4282255 0.131411374 -72.1134796
vn 11.3126278 -20.1276951 -69.4387054
vn 15.5673885 20.8243828 -68.4020004
vn 14.8056078 19.4393444 -68.9763565
vn 20.2705402 18.2865639 -67.8935852
vn 17.8256683 -1.85842943 -70.9480438
vn 24.0507412 18.2114582 -66.6688614
vn 22.2578163 -2.73368931 -69.6559372
vn 16.6082783 -22.3538132 -67.6705551
vn 21.1077442 -23.5851288 -65.9775543
vn -2.68869901 67.2271271 -28.7770042
vn -3.24858332 73.1045609 0.0470800735
vn -5.18449736 72.9928131 0.0449676514
vn -5.00031424 67.1233139 -28.7104416
vn -4.66713238 47.7885475 -55.2205086
vn -2.09985733 47.828701 -55.3429184
vn 2.69822025 47.5970726 -55.5163956
vn 1.75927961 67.1684494 -28.9850979
vn 0.690780222 73.1734009 -0.0903376713
vn -3.79440761 67.1419678 28.8511829
vn -5.29101658 67.0692368 28.7846279
vn -0.438985795 67.2453461 28.8565941
vn -5.85273457 67.0494385 28.7219639
vn -5.90212297 72.9383087 8.27047734e-06
vn -6.03103828 67.0543594 28.6735535
vn -6.08215523 72.9235153 1.88488284e-05
vn -5.85284328 67.0493851 -28.7220459
vn -6.03128386 67.0542908 -28.6736317
vn -5.78406858 47.8253899 -55.0827446
vn -5.61132193 47.7267532 -55.1860657
vn -2.04751635 -22.1378231 -69.7176971
vn -1.68020892 -0.132100552 -73.1573105
vn -4.07942057 -0.00518693868 -73.0629272
vn -4.25711584 -21.9962387 -69.6625824
vn -4.74475861 -47.7951927 -55.2081337
vn -2.80362058 -47.9201851 -55.2324905
vn 0.980501175 -48.1485901 -55.0961266
vn 2.1418252 -22.5820351 -69.5722427
vn 2.80505323 -0.631103039 -73.1202164
vn -1.67373121 21.9241123 -69.7951508
vn -4.22108459 21.9857006 -69.6680908
vn 3.04982686 21.5135231 -69.8763046
vn -5.17195177 21.9657822 -69.6102524
vn -5.01251698 9.46469372e-05 -73.004837
vn -5.33197165 22.0525532 -69.5707321
vn -5.16655684 0.000152135792 -72.9941025
vn -5.1718688 -21.9657745 -69.6102753
vn -5.3316865 -22.0520897 -69.5709152
vn -5.78455114 -47.8255005 -55.0825958
vn -5.61140251 -47.7266655 -55.1861343
vn -4.65087652 -67.1211243 28.7742214
vn -4.17551422 -73.0574875 0.0269939266
vn -5.30262136 -72.9843369 0.0449465998
vn -5.39924431 -67.0645065 28.7755566
vn -2.3317647 -67.3453217 28.5307426
vn -1.42957938 -73.1619797 -0.335908353
vn -3.57838178 -67.2074585 -28.7260361
vn -5.10896063 -67.1189499 -28.7015266
vn -0.36303845 -67.2223663 -28.91115
vn -5.85280371 -67.049469 -28.7218685
vn -5.90184736 -72.9383392 3.45117805e-05
vn -6.03169823 -67.0543823 -28.6733532
vn -6.0821557 -72.9235153 2.6173575e-05
vn -5.85279465 -67.0494843 28.7218342
vn -6.03173733 -67.0543823 28.6733093
vn 11.8690214 -66.6016769 27.8957748
vn 13.9408102 -71.8290634 -1.03513777
vn 8.96662807 -72.6129684 -1.3376919
vn 7.22612286 -67.3958511 27.5755978
vn 5.91035318 -48.8290787 54.1813736
vn 10.2382307 -48.4536247 53.8726006
vn 15.9568548 -65.3806152 -28.7330132
vn 10.852562 -66.3119507 -28.9789543
vn 17.9585533 -47.584465 -52.6121826
vn 12.8783455 -48.1837959 -53.5471992
vn 4.89914513 -66.9729233 -29.0767651
vn 3.38076687 -73.0918045 -0.995321155
vn 6.72179747 -48.365242 -54.5018654
vn 2.05614209 -67.5730972 28.0085754
vn 1.0663904 -48.6008453 54.6960068
vn 19.3731594 -23.9290924 -66.3845749
vn 20.4483242 -2.47499776 -70.2180405
vn 15.1780453 -1.9667114 -71.5583115
vn 14.3046646 -23.7534771 -67.7198639
vn 21.487051 19.1380177 -67.2820511
vn 15.7334156 19.94314 -68.6262589
vn 22.3652096 43.9730835 -54.046257
vn 15.9022388 45.5984955 -54.9793472
vn 9.30610752 20.7138309 -69.5641098
vn 8.92528057 -1.38126147 -72.6172409
vn 9.12958145 46.8220711 -55.4903336
vn 8.1255722 -23.2601547 -68.9040909
vn 21.9669571 63.4461899 -29.1009655
vn 20.4161625 70.2706833 -0.209664121
vn 13.2747917 71.9616776 -0.360844761
vn 14.9187641 65.3983536 -29.2458096
vn 17.8518066 64.7010727 29.1533356
vn 11.1732054 66.3291931 28.8171844
vn 14.5542641 45.6117134 55.3405571
vn 8.7802906 46.8865929 55.492218
vn 4.81753778 67.0808868 28.8405685
vn 6.50640297 72.8864365 -0.25862655
vn 3.07419944 47.4341965 55.6361237
vn 7.99833488 66.6236038 -29.1916904
vn 11.5964966 20.0147171 69.42453
vn 10.0615091 -2.24440145 72.4469528
vn 5.72698402 -1.70750046 72.9322815
vn 6.74801064 20.7207775 69.8566132
vn 9.55805683 -23.9882927 68.4692459
vn 5.36329174 -23.7183723 69.0181656
vn 0.784922719 -23.1266079 69.4217224
vn 1.11662245 -1.07494128 73.1603088
vn 1.77250338 21.1900234 70.0190964
vn 11.3654346 -39.1024094 -60.8001709
vn 14.1402874 -40.1581802 -59.5164223
vn 22.3224335 -39.6130486 -57.335392
vn 18.933691 -37.1798744 -60.1165886
vn 13.0314074 -39.5127602 -60.1976433
vn 23.8000851 -39.1260338 -57.0748787
vn 37.3286171 -58.3378983 -23.624052
vn 72.2460403 -10.9445896 -3.94432521
vn 46.2495728 -31.8857632 -46.8946419
vn 38.6262245 -36.4227638 -50.3609886
vn 35.293541 -38.0704269 -51.5736427
vn 53.4225082 -32.5438461 -37.9706001
vn 51.9970741 -35.4391327 -37.3524399
vn 34.1877251 -33.8917007 -55.1124687
vn 49.6570206 -33.6634216 -41.9021072
vn 62.424305 -34.0435944 -17.2936935
vn 65.1707993 -29.0907764 -16.1655922
vn 69.4508667 -22.3914642 5.48010874
vn 66.7257614 -29.4181538 6.08919621
vn 70.0365677 -21.2044697 -0.285478473
vn 67.598175 -17.2221813 -22.1069145
vn 66.238884 -26.3680382 -16.4914761
vn 69.6689377 -22.0639038 3.77565336
vn 66.0030212 -19.2186775 25.081377
vn 65.393425 -17.0344028 28.0777721
vn 53.8023338 -16.6605301 46.7179604
vn 53.6425514 -12.2753248 48.2351074
vn 64.0803223 -21.2919292 28.1992588
vn 53.3015327 -13.7929506 48.2030411
vn 52.134037 -20.4341564 47.1096535
vn 65.0128708 -24.053215 23.4435863
vn 37.3905754 -9.60711861 62.1649399
vn 37.4155693 -7.64382935 62.4217873
vn 19.3051434 -4.56321096 70.4366455
vn 18.5852604 -7.61888409 70.3659897
vn 15.2598333 -18.7631569 69.0645599
vn 34.4750099 -17.9724255 61.994339
vn 36.1405563 -12.1288176 62.4626617
vn 18.6429195 -7.33097172 70.3813248
vn 32.8616219 -26.7871151 59.6439171
vn 15.7956009 -22.875864 67.6906586
vn 3.4042964 -5.36072445 72.9006577
vn 3.05259895 -3.12202358 73.0463257
vn 3.62609172 -20.5234184 70.14608
vn 5.60076842e-06 -20.0915203 70.3644943
vn 1.04428887e-06 -5.31056309 72.9837646
vn -1.38989446e-06 -2.78037119 73.1238708
vn 0.926459908 -9.19257545 72.5911102
vn -1.39884253e-06 -11.8473034 72.2113113
vn 0 -18.6822834 70.7517014
vn -2.45603538 -20.1014862 70.3187714
vn 31.2926884 -40.9170418 51.9749565
vn 29.3483238 -50.171814 44.455574
vn 13.0967903 -48.481163 53.2248383
vn 13.9803848 -40.0397491 59.6338768
vn 27.3534584 -50.9690781 44.8193398
vn 11.7988415 -47.4561577 54.4383469
vn 2.73262358 -45.4863396 57.2569504
vn 3.20326614 -47.1635361 55.8585014
vn -1.5840862e-05 -45.0847588 57.638504
vn -8.71771954e-06 -46.8002625 56.2544937
vn 3.52799082 -39.1445427 61.7259331
vn -4.85454336e-07 -38.7888985 62.0504112
vn -68.9004669 -16.369894 18.4278431
vn -70.8455048 0.169658035 18.3225918
vn -73.1767044 0.0367936119 0.0045893495
vn -71.4470139 -15.8159227 0.116954252
vn -57.8039131 -44.8655014 0.791993678
vn -55.5003014 -42.724968 21.1925907
vn -45.199852 -38.1110077 43.1202545
vn -51.0027351 -18.7701073 49.0024109
vn -50.7840347 0.48018682 52.6838036
vn -67.7585373 19.0034084 20.0619831
vn -70.9315872 17.9867783 0.135563821
vn -47.7036209 20.9319954 51.3911362
vn -36.194416 42.9096985 46.942028
vn -47.4422722 50.2504997 24.0613861
vn -50.0054436 53.417572 0.922812462
vn -67.9543533 18.6734734 -19.7063313
vn -70.8538589 0.166696817 -18.2903175
vn -48.4053764 49.9950905 -22.6327782
vn -37.6665497 42.3526649 -46.2851562
vn -48.1874695 20.3643303 -51.1673203
vn -50.8674927 0.456907034 -52.6034355
vn -69.0358505 -16.1068935 -18.1508026
vn -51.3157578 -18.2835007 -48.859375
vn -46.2611847 -37.5332336 -42.4969521
vn -56.2249184 -42.3924942 -19.9114819
vn 11.8554983 -28.438839 -66.3740234
vn 5.6538763 0.374667704 -72.9570084
vn -4.91193771 -0.718161702 -73.0081406
vn 0.846310139 -30.7992153 -66.3741226
vn 8.71923161 -58.1801796 -43.5186577
vn 20.2938385 -54.9114647 -43.9058571
vn 25.7096863 -51.9638939 -44.6497269
vn 14.6410332 -26.6270275 -66.569313
vn 6.1267271 0.328439862 -72.9190521
vn 3.50585318 29.7403126 -66.7686691
vn -4.75916052 31.7113132 -65.7767105
vn 1.81025231 28.0015297 -67.5830612
vn 0.505956054 56.3416061 -46.6926041
vn 4.44187164 57.7936897 -44.665329
vn 2.58531308 59.9641685 -41.8622398
vn -20.9197178 32.8573227 -61.9483185
vn -22.8727608 -3.75126934 -69.4089203
vn -5.01157522 63.6519012 -35.7512627
vn -5.7015295 67.3612518 -28.0140381
vn -32.4463577 31.1170731 -57.7390099
vn -37.4381027 -6.71425247 -62.5151176
vn -16.9651833 -32.6063538 -63.2759132
vn -34.4120293 -29.9874077 -57.1961517
vn -22.3735008 -59.0743484 -36.9388733
vn -7.43776512 -59.9388657 -41.3139801
vn 29.0846539 -59.8058472 30.5315571
vn 45.6033516 -16.3795166 54.8350067
vn 15.3924408 -15.1868505 69.9089661
vn 8.850564 -59.9535408 41.0130768
vn 2.48432565 -72.4612885 9.90062428
vn 8.40574265 -72.2208252 8.26614857
vn 20.4578114 -70.2024231 2.81601858
vn 40.9708672 -58.0962868 17.3505669
vn 60.9273796 -17.1861801 36.7058754
vn 45.0204391 15.3547831 55.6077652
vn 15.6501598 17.0789375 69.4133682
vn 58.7041359 16.7585545 40.3460922
vn 57.895359 25.9101543 36.4914131
vn 48.5042686 25.9068394 48.2804718
vn 15.8428431 30.7168999 64.5004578
vn -16.2803898 16.4069901 69.4304886
vn -18.6303921 -15.4191685 69.0651169
vn -19.516058 29.5505943 64.03685
vn -32.5030365 28.5685577 59.0103531
vn -34.5931358 16.0108433 62.4643936
vn -39.2195129 -16.7683601 59.4599457
vn -14.1352863 -59.2896347 40.4940262
vn -27.9942837 -58.5753365 33.7651062
vn -10.870038 -71.720726 9.63387012
vn -4.24299335 -72.1623154 11.3767309
vn -10.6254921 -27.0911388 67.1416626
vn -14.3209209 -1.96990919 71.7346649
vn -15.7648592 -0.207679942 71.4580917
vn -18.0251522 -23.0006809 67.088707
vn -20.3383732 -47.136795 52.1469574
vn -6.14543676 -51.4171524 51.7043762
vn 19.5458794 -53.5880127 45.8379288
vn 10.3770056 -34.6631737 63.6051407
vn -0.508131325 -6.71685362 72.8660278
vn -15.2501736 22.2421055 68.026123
vn -13.9494591 22.396244 68.2543259
vn -5.80894661 23.053627 69.2070694
vn -6.14075708 47.9633446 54.923954
vn -14.7585201 46.7203674 54.3527794
vn -12.874342 47.2206688 54.3993759
vn -19.8962708 22.3094501 66.7926636
vn -22.7834568 0.0385638736 69.5395203
vn -17.8559151 47.2644882 52.9345512
vn -25.810009 -21.6811161 64.9507904
vn -30.0620441 -44.1969643 49.9773369
vn 24.1651707 -67.1364365 -16.2349682
vn 13.7439375 -69.974205 -16.4179001
vn 13.6234331 -71.8642578 -2.18218756
vn 21.800375 -69.8538971 0.0893338248
vn 30.419241 -66.4991302 2.71445227
vn 31.5087128 -64.0849152 -15.9736204
vn 2.13536048 -71.4987869 -15.4336271
vn 6.71340609 -72.8233414 -2.55399418
vn -6.5404439 -71.7579269 -12.7614756
vn 0.269197404 -73.1580124 -1.63249099
vn 10.2764502 -72.4056473 2.5787251
vn 9.91290379 -72.436821 3.07796407
vn 3.37521219 -72.8963623 5.43698025
vn 12.6205883 -69.560585 18.8912125
vn 16.7703495 -71.0125351 5.55053282
vn 6.38026619 -72.6827621 5.59831715
vn 12.3892155 -71.6396179 8.31288815
vn -1.92430353 -72.1496658 12.0646267
vn -8.739748 -64.4121475 33.6083946
vn 21.3777485 -68.1688385 15.8377457
vn -16.064085 66.84758 -25.0634804
vn -14.3175888 66.9865189 -25.7418957
vn -13.328064 71.8751373 3.34067202
vn -15.0804377 71.4726562 4.36714697
vn -6.33206987 72.7080231 5.31790161
vn -7.34270859 68.5686417 -24.479723
vn -7.56142569 48.685318 -54.105423
vn -16.4727707 47.1431427 -53.4883614
vn -14.7980404 47.4767494 -53.6824799
vn -20.3052006 65.5907974 -25.3057003
vn -20.0592327 70.3419724 2.11336827
vn -19.7996674 47.1993942 -52.297451
vn -18.5743523 64.8689499 28.3168812
vn -12.5728798 65.441452 30.2352657
vn -14.4747124 64.7361374 30.8957558
vn -5.92275381 65.771904 31.5247478
vn 6.42105722 -64.9136505 -33.1635551
vn 26.5616379 -19.7327385 -65.2681503
vn 51.5716743 -30.0597725 -42.3273544
vn 10.8516235 -70.5858841 -15.9595537
vn 4.51980257 -72.9524231 -3.51383829
vn 2.00450301 -72.8963242 -6.07778215
vn -3.69455266 -72.1742477 -11.4917421
vn -4.1980629 -60.9152946 -40.3303337
vn 2.92466664 -23.5470829 -69.2229156
vn 38.876812 18.6109753 -59.1359253
vn 57.572876 27.3233242 -35.9671059
vn 12.3896179 4.96883202 -71.9488678
vn 17.516058 21.449501 -67.7343216
vn 44.706562 32.8429642 -47.7231064
vn 58.2230949 38.5289078 -21.9186401
vn 67.7318726 24.6700554 -12.594264
vn 65.0121918 -32.9678497 -6.43186283
vn 58.7131577 42.5440712 -9.87926769
vn 57.0625648 45.6014862 -4.38190269
vn 69.3612747 23.213789 2.22829032
vn 68.065918 -22.3254719 14.9477787
vn 22.912077 -69.4239426 3.19135475
vn 32.0736427 -64.5019455 12.8690605
vn 6.99512005 -72.7842712 2.88972783
vn 6.10773849 -72.9182663 -0.674445629
vn -3.08647537 -72.9100952 5.42440748
vn -2.91323876 -73.1144714 -0.786852002
vn 0.153438061 -73.1759109 -0.308017045
vn 1.94285953 -73.0935745 2.89604044
vn 5.27370358 -72.7828598 5.4475441
vn -3.17761445 -72.0555649 12.3584604
vn -6.8207283 -72.4201202 -7.97727871
vn 0.703912973 -73.0808487 -3.67784572
vn -9.84954929 -70.9014664 -15.1921425
vn 3.85844612 -72.8267288 -6.01760864
vn 11.0188704 -72.2612152 -3.425457
vn 6.99947214 -72.8410721 -0.130809024
vn 17.253891 -71.1059799 -1.03689241
vn 32.3964615 -65.2050781 -7.32108736
vn 16.9931793 -70.52314 -9.62029171
vn 11.3873062 -72.279007 -0.95207268
vn 11.0972624 -72.2553177 3.29423261
vn 14.6403818 -71.2113419 8.33288574
vn 30.4601803 -65.9481735 8.82316589
vn 17.4508152 -71.0579987 1.03057849
vn 25.1636963 68.5991821 3.97158861
vn 31.8021088 65.8973312 -1.00011408
vn 31.3075943 66.1405029 -0.317226321
vn 28.969202 66.6877441 8.26811504
vn 26.0689659 67.6221848 10.123271
vn 16.7606125 71.2236176 -1.05385947
vn 16.4870892 71.1446609 -4.63079882
vn 26.8088512 68.055809 -2.12715769
vn 27.3371639 67.6617889 -5.42168665
vn 29.554163 66.401535 -8.49821091
vn 25.5012875 68.557045 -2.10900474
vn 26.3042259 67.5391541 10.0688839
vn 20.2943668 70.3033829 -0.636734009
vn 26.1858444 67.4894028 -10.6918259
vn 26.257412 68.0850143 -5.45998573
vn 23.7253456 69.2238159 -0.0623946488
vn 30.2467003 65.4314957 -12.5972128
vn 31.3385372 66.1121826 1.3812592
vn 16.5946579 71.1084518 4.79971218
vn 11.7462444 72.2278214 2.9334542e-06
vn 26.1574211 68.1232758 5.4627533
vn 16.5942154 71.1085739 -4.7995472
vn 31.3086777 66.1231766 -1.52450287
vn 30.1317806 65.5849915 12.0630445
vn 29.5885868 -63.716404 -20.4833469
vn 61.0974617 -20.4633732 -34.6869316
vn 70.6277542 -19.1455574 0.000316606922
vn 34.3209305 -64.6289902 -0.00313645136
vn 7.85292816 -72.7541275 -0.00866041705
vn 8.07433319 -72.5558624 -5.02840567
vn 6.13426304 -71.0724106 -16.3068962
vn 21.8305645 -61.1710663 -33.7099228
vn 45.9596863 -21.4680195 -52.7414818
vn 61.4511642 22.9565639 -32.4281235
vn 68.5694275 25.5551472 -7.73379725e-05
vn 50.8919525 20.2333755 -48.5330009
vn 47.0863304 35.1318893 -43.6286697
vn 54.4350052 35.9627686 -33.1412315
vn 61.8878479 39.0477486 -4.26412043e-05
vn 61.4497108 22.9467621 32.4378204
vn 61.0926895 -20.4621029 34.6960907
vn 54.4350357 35.9627762 33.1411781
vn 47.0862732 35.1317253 43.6288605
vn 50.889576 20.2064514 48.5467033
vn 45.9466782 -21.4796638 52.7480659
vn 29.6050243 -63.7087784 20.4833298
vn 21.8579102 -61.168026 33.697731
vn 6.19024134 -71.070282 16.2950611
vn 8.08977413 -72.5567856 4.99005699
vn 11.2711849 71.2399292 -12.355751
vn 8.9108963 70.8296585 -16.0806618
vn 9.9397049 72.4311905 -3.12376142
vn 18.6186943 70.6935425 -3.25572515
vn 5.13719034 70.9415131 -17.1972218
vn 2.68646717 73.1198196 -1.05224013
vn 0.259066641 71.0079117 -17.681673
vn -2.00421429 73.1255493 1.86273968
vn -5.10584402 72.7554321 5.95055294
vn 7.20477867 72.8170624 0.77386719
vn -11.126853 70.9868698 13.8524666
vn -31.4850731 60.4479027 26.6378307
vn -14.4030609 70.9775772 10.4674568
vn 4.94134855 72.8581161 4.70218945
vn 20.1827354 70.3276062 -1.23150992
vn 22.3999901 69.6074829 2.8056705
vn 26.195179 -67.6563721 -9.55296421
vn 17.4692097 -69.7986374 -13.3345394
vn 15.3148108 -71.2537079 6.57253742
vn 25.5515671 -68.0252151 8.63249683
vn 24.1910019 -68.489624 8.87693787
vn 21.3985405 -68.64814 -13.5781841
vn 13.261735 -56.7187729 -44.2937927
vn 22.0452747 -58.9637146 -37.3110962
vn 17.0913754 -57.4287949 -42.0077477
vn 27.9797001 -65.7456741 -15.7947445
vn 27.4436226 -67.6718979 4.71113396
vn 23.4371471 -52.5527382 -45.2077751
vn 21.2794724 -66.1147003 23.040472
vn 11.0507946 -66.8665619 27.5966511
vn 7.72609329 -58.2521515 43.6099358
vn 4.70719481 -57.175499 45.4272766
vn 23.082962 -64.3640289 26.0629997
vn 18.821682 -55.9755898 43.2123756
vn 23.5997887 -64.0465851 26.3802261
vn 28.3196449 22.8639641 63.48283
vn 25.0870438 -19.8590488 65.8110199
vn 56.0368996 -19.2033482 42.9642792
vn 54.4699821 25.3624191 41.768425
vn 49.3733063 38.613369 37.7639503
vn 22.3283176 34.991436 60.2650604
vn 9.06471443 33.5457726 64.3998795
vn 9.30242634 20.0536633 69.757782
vn 3.58154821 -14.61761 71.6123505
vn 8.47690773 -61.9992981 37.9349632
vn 27.1759281 -64.6711426 20.831358
vn -4.51670408 -55.9756737 46.9164734
vn -5.87329865 -69.0855942 23.3990993
vn 1.53747749 -71.7697525 14.1975775
vn 6.3841958 -72.732811 4.90033722
vn 38.8537636 -61.9876175 -1.65921998
vn 70.0728455 -19.8427315 7.1340785
vn 14.0773497 -71.7767792 -2.18072701
vn 21.1184921 -69.0495071 -11.8746357
vn 44.2775078 -55.8202934 -16.6862164
vn 70.2134323 -13.5408144 -15.5419588
vn 68.6401062 22.9360485 10.8307552
vn 69.3122635 21.0747032 -10.3198595
vn 64.5243759 33.0917397 -9.81707954
vn 63.9895287 35.0692329 5.50648975
vn 12.7239141 -29.8700581 -65.579834
vn 5.59650803 -0.436620206 -72.9610977
vn 3.67500973 -0.246174693 -73.0839691
vn 10.9383392 -27.524334 -66.9148407
vn 2.05521297 -28.0021591 -67.5757904
vn -4.41897011 -0.595539689 -73.040741
vn 1.93864083 22.5251217 -69.5966415
vn -1.15734255 23.9839745 -69.1249771
vn -6.33119106 21.4924698 -69.6621857
vn 0.0305667482 50.3571434 -53.0941582
vn -3.4234221 52.2439575 -51.124176
vn -1.98797309 25.8913422 -68.4143143
vn 3.31218934 -0.0249979049 -73.1017151
vn -4.10994244 54.356575 -48.8190918
vn 12.6241636 -25.8739586 -67.2755585
vn -7.56013393 25.8495731 68.0402527
vn -13.5598431 -16.1970005 70.0615463
vn -5.84319687 -20.1571045 70.1026382
vn 2.69207072 23.7570114 69.1605988
vn 9.42224789 52.3622894 50.2418594
vn 1.21656346 49.299881 54.0636063
vn 3.32295299 44.0434341 58.3435135
vn -0.722667873 24.280098 69.0274277
vn -3.95498729 -10.5320139 72.3067551
vn -12.1982641 -38.1736794 61.2274857
vn -8.14297009 -48.0113487 54.6208267
vn -2.74056363 -30.9678497 66.2443542
vn -0.677924335 -58.0544014 44.542778
vn -8.59337711 -55.9254456 46.4039917
vn -7.74590445 -59.6740952 41.6393547
vn 9.66397476 -53.6435509 48.824276
vn 25.0309162 -19.6265068 65.902092
vn 1.72510409 -67.6119308 27.9371204
vn 33.3643913 22.3542347 61.1713753
vn 32.6471558 45.904686 46.7092743
vn -25.2442493 -34.276516 59.5204086
vn -40.5639534 -27.2808666 54.4532127
vn -42.4231796 -13.4285822 58.0928535
vn -25.8442173 -12.5115719 67.3080139
vn 49.8839378 -13.1694288 51.894043
vn 36.1071815 -46.1813126 43.7994194
vn -20.2254238 -55.419014 43.2954636
vn -31.6699543 -49.2959442 43.837841
vn -43.6431541 -26.3057365 52.517765
vn -45.3701439 -10.9442635 56.3613739
vn -34.1106529 -49.9453812 41.1916771
vn -33.9620781 -54.6518288 34.8509331
vn -46.0524979 -28.1257839 49.4261131
vn -48.1196518 -10.7586508 54.0701599
vn -41.3133583 14.5959883 58.6088409
vn -44.0295906 10.6610022 57.4680023
vn -43.0444756 19.8661118 55.7435493
vn -32.8914986 40.4905014 51.3176422
vn -32.0579224 38.6898308 53.1998138
vn -40.2179642 43.4410667 43.0142021
vn -30.1456814 24.2098427 62.128521
vn -24.3146973 59.2038651 35.475769
vn 42.4733009 42.9456062 41.310112
vn 18.496767 -70.6807785 -4.11455965
vn 13.6484175 -71.3713531 -8.64188957
vn 3.74823022 -73.0162201 3.06824422
vn 7.59460306 -72.5029144 6.36258602
vn 42.0100555 -53.7023621 -26.5714817
vn 35.299427 -52.1970863 -37.2054634
vn 9.25853825 -71.5382004 -12.3043623
vn -0.172045484 -73.1765137 0.0141504304
vn 30.310236 -52.911705 -40.4533424
vn 24.1432838 -56.3441963 -39.9658089
vn 5.41762686 -72.1387787 -11.0217104
vn -1.0635761 -73.1653748 -0.727316022
vn -11.590559 -70.9035873 13.8986826
vn -8.2764864 -70.6274033 17.2656574
vn -10.2987385 -71.8799438 9.05771637
vn -3.26136827 -70.8432083 18.0398521
vn 51.2149696 19.2017708 -48.6122589
vn 42.2589607 17.3816357 -57.1567268
vn 45.283741 -10.7127037 -56.4752388
vn 53.9789658 -9.40654469 -48.5038147
vn 67.7281036 -15.2760315 23.1166496
vn 58.0652084 40.8894043 17.6442661
vn 40.1464729 45.573925 -40.8180008
vn 33.8862686 36.4945259 -53.6162529
vn 41.7443237 19.3298607 -56.908699
vn 42.9365082 -9.89675713 -58.4238205
vn 38.5040054 35.5663414 -51.0618134
vn 40.6993065 38.1187744 -47.3852119
vn 42.554245 20.3950806 -55.9286118
vn 40.6962814 -9.62643242 -60.049778
vn 40.2192726 -28.3198853 -54.1777344
vn 43.8233032 -27.476757 -51.7627182
vn 36.0306664 -29.4851551 -56.4557228
vn 53.6760063 -26.9053459 -41.830864
vn 57.7023201 -41.1467514 18.2268944
vn -4.91598988 73.0090027 -0.592759669
vn -24.3841133 68.2646942 10.0089321
vn -2.50942826 68.4855957 -25.6565323
vn 8.4580698 69.0387268 -22.7364731
vn -18.3051586 62.4726524 33.4203568
vn 7.78652668 72.4809799 -6.38051271
vn -20.1228409 57.4314461 40.6390533
vn 10.8696442 72.269722 3.71092153
vn 31.3300343 52.5889549 -40.0956726
vn 19.6464252 52.0051003 -47.5848732
vn 35.6698952 53.6855545 -34.6461105
vn 23.4654598 60.7594261 -33.3541183
vn -0.388916761 70.9036102 -18.0930729
vn 28.8986397 64.2220612 19.8803158
vn 31.453804 63.9463615 16.6238804
vn 3.4165206 69.93853 -21.2546883
vn -31.1998482 39.9808121 -52.75354
vn -36.8329353 39.2675171 -49.5603561
vn -35.2973557 36.1883049 -52.9087524
vn -0.28257671 70.6953812 -18.8922138
vn 29.3568764 63.5152588 21.4200401
vn 29.7531986 61.8727608 25.3247204
vn 30.5342369 64.3105469 16.930624
vn 33.363308 57.3415642 30.8815117
vn 34.2281876 52.3884773 37.9303436
vn 28.8022919 58.215271 33.7081985
vn 33.4109192 59.6750221 26.0275669
vn 43.6898041 58.5294838 4.50918341
vn 46.8083916 56.242527 0.764892697
vn 48.3758926 54.0934181 9.40782356
vn 25.3174 59.4935799 -34.269165
vn -7.92324018 32.6274223 -65.0192719
vn 9.43360233 24.4211903 -68.3333359
vn -2.72458863 22.2947941 -69.6444626
vn 0.0178802777 -9.30855942 -72.5822525
vn 11.9026413 -9.28811646 -71.6023026
vn 67.7317581 -15.3210669 -23.0760918
vn 58.036335 40.9080696 -17.6959209
vn 4.40342188 55.1619263 -47.8811455
vn -8.46089554 44.8202248 -57.2223091
vn -2.1540041 23.7953472 -69.1662903
vn -2.24729943 -6.62824059 -72.8412552
vn -2.0542016 42.2562675 -59.7077904
vn 3.32302785 44.0435104 -58.3434639
vn -0.725534499 24.2915707 -69.0233765
vn -4.11053181 -7.81429482 -72.6420898
vn -3.39287329 -29.3503208 -66.946846
vn -0.286470205 -30.0016727 -66.7431564
vn -3.72608304 -30.6877174 -66.326561
vn -2.32261014 -64.1045685 -35.214241
vn -3.61265039 -61.6291084 -39.2891006
vn -1.08199608 -56.3366928 -46.6887436
vn 15.9143105 -32.7466011 -63.4762001
vn 15.9301176 -55.8536797 -44.5132637
vn 57.7863655 -42.1566963 -15.4395924
vn -7.75015688 68.6890182 24.0122147
vn -18.2315979 58.4900589 40.0169258
vn -24.0019188 69.1284332 -8.87259284e-06
vn -14.8010721 71.6642227 1.77254333e-05
vn 4.40294266 55.161808 47.8813324
vn -8.4609108 44.8201447 57.2223701
vn -2.57897258 57.1698112 45.6047592
vn -3.28959394 73.1027374 -4.57830538e-06
vn -2.05419183 42.2563248 59.707756
vn 5.93847704 56.5554924 46.0547829
vn 8.0970068 72.7273712 1.31858742e-05
vn -2.57894516 57.1698112 -45.6047554
vn -18.2316437 58.4900856 -40.0168686
vn 5.93837452 56.5555 -46.0547829
vn -7.75036383 68.6890335 -24.0120945
vn 13.0258551 -29.2879429 65.7827988
vn -0.343191981 -29.331274 67.0402222
vn -0.185676292 -7.11895657 72.8293762
vn 10.9965019 -7.75843382 71.9285431
vn 11.918767 -58.5365486 42.2640152
vn 0.763373196 -61.7089539 39.3224449
vn 0.569841266 -29.4403152 66.99086
vn -1.42143154 -6.56733179 72.867569
vn 1.92465746 -61.8386917 39.0781746
vn -2.15401077 23.7953568 69.1662674
vn -2.72452211 22.2948132 69.6444626
vn 9.43340778 24.4211254 68.3333817
vn 11.7993851 -70.1441803 -17.1872272
vn 1.65393496 -71.8075638 -13.9917727
vn 4.23627806 -73.0473099 -0.987798333
vn 10.3697157 -72.4128265 -1.91929519
vn -1.3356663 -72.9739227 -5.27770758
vn -0.116651617 -73.1766357 1.29850114e-05
vn -1.2143321 -73.1369858 -2.08297515
vn -1.26659465 -73.1657486 0.0158140194
vn 0.887951374 -72.9938583 5.09318686
vn 3.42154026 -72.9113235 5.20234489
vn -0.645398796 -72.4647446 10.1625013
vn 9.67449856 -71.7480392 10.6515198
vn 29.0127258 -36.6516762 -56.3005219
vn 33.8397026 -10.9415417 -63.9530334
vn 38.8068123 -14.8355827 -60.2392616
vn 29.8662033 -44.6206589 -49.7175865
vn 20.8561821 -60.238224 -35.9333878
vn 19.4039249 -58.3582802 -39.6564255
vn 36.7370872 22.2550621 -59.2446709
vn 43.2414055 20.9957428 -55.1741905
vn 36.5076485 43.3997879 -46.2437325
vn 40.0276222 47.1755714 -39.0779724
vn 62.0294189 21.5331459 -32.3033485
vn 59.7651062 -15.4608068 -39.2928467
vn 55.4028168 42.4336472 -22.0169258
vn 40.3605385 -50.3277702 -34.539463
vn 21.4826698 -66.1917038 -22.6270714
vn -40.0084457 26.1397133 -55.4154472
vn -48.3678207 16.9994392 -52.2149925
vn -47.1913986 -11.2448254 -54.7846603
vn -45.0207939 -8.89556885 -56.9985008
vn -16.6282978 61.4248314 -36.1292419
vn -40.0165825 51.8775177 -32.5918503
vn -49.1706467 7.46317434 -53.6784973
vn -46.6690063 -12.7493248 -54.9025497
vn -44.7810173 42.1597328 -39.6490784
vn -46.5038681 3.24736619 -56.4063568
vn -47.6169243 -15.0847101 -53.4781532
vn -44.0423737 -26.3873825 -52.142189
vn -44.3276749 -25.7331848 -52.2273064
vn -45.0730896 -28.7050076 -49.9927216
vn -33.6553116 -53.1836357 -37.3316536
vn -34.5192947 -49.8318214 -40.9882965
vn -34.2166023 -48.2439995 -43.0879784
vn -42.715477 -26.4338093 -53.2116013
vn -32.0037193 -50.6345787 -42.0325317
vn 27.4921646 65.3086014 18.2701588
vn 16.8444538 63.5043678 32.2225304
vn 3.86510515 69.0709534 23.8557625
vn 20.47892 69.8246231 7.74387217
vn 40.8736839 50.9629364 32.9689789
vn 30.2920952 50.1734619 43.8160286
vn 22.7027454 58.1694183 38.1541214
vn 10.5228577 65.67202 30.5169983
vn 30.4450531 50.3620224 43.4924965
vn -17.6907139 70.9502335 -2.81696844
vn -17.0810509 71.1301651 1.88933301
vn 9.08250904 72.0737686 -8.81548691
vn 53.6693878 -26.9075356 41.8379402
vn 42.3626366 -26.8036556 53.3085594
vn 44.8187408 -9.43245697 57.0713768
vn 53.9911194 -9.37283897 48.4968147
vn 42.0105515 -53.6962814 26.5829983
vn 31.7360249 -54.4928741 37.1238976
vn 38.7538834 -27.9518337 55.4225922
vn 42.709156 -7.53777504 58.940155
vn 22.1797657 -60.8376656 34.0832596
vn 20.1736908 -63.5371971 30.1807652
vn 37.765995 -29.460371 55.3231277
vn 40.8374023 -8.03819561 60.1874275
vn 40.7859764 23.0067368 56.2318878
vn 42.4489021 20.6541538 55.9135857
vn 40.8939934 23.6092987 55.9027328
vn 51.7698135 20.9712067 47.2750168
vn -7.87925529 -70.2305679 -18.9846439
vn -9.17549133 -70.4683456 -17.4600906
vn 3.72208405 -73.0161133 -3.10256386
vn 6.94430208 -72.5590057 -6.46525621
vn -11.7884197 -70.8667221 -13.9202137
vn -0.179350793 -73.1764984 -0.0170880631
vn -10.9672823 -71.5138474 -10.9690733
vn -1.07046413 -73.1655502 0.699140549
vn 2.38831234 -72.9664612 5.00244665
vn 10.7021341 -72.0734711 6.76110363
vn 0.407723308 -73.1321259 2.5213902
vn 18.3806305 -70.7124634 4.09066439
vn 61.0001526 -32.6328545 -23.8518429
vn 67.7805481 -8.32178307 -26.2940636
vn 69.5562592 -11.6875648 -19.4977074
vn 57.5138855 -41.2438393 -18.599247
vn 42.9282112 -57.3488655 -14.93682
vn 41.2747803 -58.3297615 -15.7754202
vn 38.2312698 -61.2561035 -11.8697958
vn 65.6276703 -25.3724632 -20.1017532
vn 69.9776382 -6.30485487 -20.4502277
vn 66.8449249 22.1619377 -19.8855801
vn 69.1796494 20.4698029 -12.2472906
vn 68.5363312 21.2719269 -14.3215866
vn 63.2773857 35.7573853 -8.49784946
vn 60.41502 39.7749176 -11.0820904
vn 59.928566 41.8550148 -3.39949822
vn 68.2402115 19.9471035 17.3268452
vn 71.3163605 -12.8481722 10.184947
vn 60.2162247 36.3173065 20.2457905
vn 54.7681389 -48.5242538 -0.824913621
vn 32.2741508 -65.4766464 -5.10106134
vn 70.416832 19.5214767 -3.90040708
vn 69.3133011 18.0876923 -14.9443369
vn 71.1048889 -8.12374783 -15.2620926
vn 72.6165848 -8.20107746 -3.79554868
vn 56.5477486 46.2898064 -3.79981184
vn 61.2446976 36.8855553 -15.6004944
vn 68.5073242 20.460165 -15.5871973
vn 70.4654922 -6.61822367 -18.5915241
vn 63.471096 34.0857849 -12.8223066
vn 66.7492065 -23.0396805 -19.1976204
vn 67.7615891 -22.9906826 -15.3175631
vn 42.6690674 -57.6994438 -14.3163376
vn 52.0302315 -49.8468895 -12.7662048
vn 68.4203873 -25.9291496 -1.07738495
vn 53.0824165 -50.3427048 1.64384162
vn -28.9913254 67.0872574 3.69261956
vn -43.2015572 58.9897079 -2.94485545
vn 4.30197763 70.976265 -17.282814
vn 3.2967391 72.7688904 -6.97509098
vn -51.9290581 48.8845139 16.3862381
vn -61.4904022 38.7570877 8.46465015
vn -43.5479012 57.8746223 10.4374952
vn 9.56400585 72.5475998 -0.456315339
vn -61.9703636 36.4220505 13.7091417
vn -59.3136444 38.111805 19.6013832
vn -40.6214027 56.8805618 21.6641579
vn 13.702692 70.7243423 12.850543
vn 54.2238846 48.0306129 -10.3760719
vn 47.2737122 52.1186028 -20.091795
vn 56.338356 46.5941505 -3.13158584
vn 33.4045601 64.7159119 -7.12875891
vn -61.9331741 -25.6575336 29.339489
vn -67.7931137 -22.0913773 16.4589405
vn -70.9225693 -5.75942755 17.077774
vn -67.2780304 -2.44895649 28.679287
vn -51.9560966 0.341366708 51.5294075
vn -40.9467926 -32.3190498 51.3193054
vn -41.7168884 -55.7122536 22.598196
vn -48.2469864 -53.8939972 11.067874
vn -68.7766418 -22.010334 11.8386097
vn -71.5576706 -6.53698587 13.8420086
vn -42.8890266 -59.0338402 5.51080942
vn -35.2540436 -64.0744247 2.53999043
vn -67.9228897 -26.0549164 7.90281487
vn -72.145546 -6.78298807 10.1903667
vn -69.6062927 17.2374496 14.5830917
vn -69.6514816 17.2309265 14.3735504
vn -69.4455261 17.5940533 14.9198093
vn -64.8771515 23.2387943 24.611908
vn -50.2982025 30.2903595 43.6739845
vn 23.3343124 -69.2211838 4.33239746
vn 18.2875996 -70.7948151 -2.91371727
vn 2.12943697 -73.0781403 3.14367175
vn 4.64061832 -72.6882629 7.05075502
vn 7.10326767 -72.7332001 -3.77595329
vn 0.538532317 -73.1718903 -0.646208882
vn 3.15181661 -73.0794296 -2.07254362
vn 0.466731042 -73.1580811 -1.58411109
vn -5.38717461 -72.9756851 -0.599389195
vn -12.2500277 -71.987854 4.74534512
vn -2.25437379 -73.1347427 -1.02918625
vn -12.6179466 -71.0999298 11.849925
vn 54.3662796 48.852684 -3.5432694
vn 13.2430191 70.3824692 15.0253773
vn 13.1946268 69.1527863 19.9656029
vn 53.0927238 50.2705078 2.978513
vn -37.8998833 58.1487312 23.1766224
vn -34.175972 58.6547852 27.32127
vn -55.3092003 44.3412704 18.1542225
vn -49.8161087 47.322567 25.1746407
vn -28.2544117 48.3602371 47.093605
vn 15.3923559 56.6670876 43.6663437
vn -40.2641373 40.1812592 46.0336533
vn 54.5656738 40.6579208 26.913805
vn 33.5481491 56.3592224 -32.4498405
vn 9.74175644 72.3060226 5.63638067
vn 13.2592936 71.3305206 9.53833294
vn 36.473568 57.3878365 -27.039753
vn -20.6326447 58.0153656 39.5391541
vn -15.6220942 58.3450432 41.3114891
vn -32.8009491 46.5005379 46.0068512
vn -24.4794407 50.298893 47.1763878
vn 3.89469838 49.1501007 54.073391
vn 33.263752 60.0750771 25.2851982
vn -4.30770302 44.1347313 58.2099724
vn 53.6257744 48.4981346 -11.271163
vn 34.5970268 24.7816925 59.5293655
vn 32.5658035 -13.3263655 64.1615829
vn 37.2644882 -19.9807587 59.7240334
vn 43.6979065 22.065649 54.3914642
vn 29.8646011 -37.6501846 55.1851616
vn 25.959219 -48.9587097 47.791172
vn 14.7952547 -66.1637268 27.5371304
vn 9.57283783 -69.514122 20.7600746
vn 31.224884 -59.0881462 29.8065357
vn 57.4639664 -24.6985149 37.9829979
vn 6.76852465 -72.1743011 9.99449158
vn 63.4566917 20.6387691 30.0353374
vn 28.5871296 -29.7520199 60.4353027
vn -0.604911268 -26.7562199 68.1070633
vn -4.3246088 -53.4668427 49.7737579
vn 18.2567406 -56.5348892 42.7238655
vn -64.5128098 -18.9587402 28.8703327
vn -66.6736374 -23.5625687 18.8218956
vn -47.5966072 -55.1046143 7.27167034
vn -45.2338524 -55.2039909 16.1632328
vn -3.1262157 -72.1571121 11.7648401
vn -2.34592056 -73.1390991 0.0306186732
vn 61.1689529 -26.2199535 30.4254017
vn 43.1492844 -27.1011391 52.5214233
vn 32.2720413 -56.0593338 34.215477
vn 46.1872902 -53.8996391 17.7875328
vn -2.23307395 -73.108551 -2.23293686
vn -5.43154478 -62.0695724 -38.3757591
vn 52.3255539 -31.7375908 40.1197395
vn 37.5992393 -55.7633972 28.8370075
vn -46.9319992 -47.0839043 -30.5830879
vn -44.8124657 -54.9528351 -18.0792923
vn -44.8870316 -46.4655457 -34.3647995
vn -39.2290955 -49.6515579 -36.7509727
vn -22.3025417 -64.0438232 -27.4921379
vn -28.8767929 -63.5203133 -22.0484104
vn -54.1344872 -49.0206261 -4.61168146
vn -37.8261833 -51.370369 -35.8482552
vn -26.7357979 -56.9062881 -37.4393311
vn -34.7568626 -63.9811859 -7.29389763
vn 65.7946548 -29.7330341 11.9097672
vn 45.9943352 -56.5376358 6.54588699
vn -45.6500053 -49.8733253 -27.9921551
vn -32.4458961 -64.052948 -14.1179132
vn 59.4710846 -29.3494778 30.9294472
vn 42.0817604 -26.618145 53.6230583
vn 28.1038742 -54.3061752 40.1975555
vn 40.7960968 -56.4662018 22.4071217
vn 65.6236267 -26.720232 -18.2866516
vn 46.9640541 -53.442215 -17.1213017
vn 16.0801334 -23.5489178 -67.3922043
vn 42.229969 -26.079092 -53.7712135
vn 27.9989948 -54.0930748 -40.5564766
vn 7.52608347 -54.3971786 -48.3646317
vn -70.1169052 18.7715206 9.2780056
vn -72.3242722 -10.3876982 4.01606226
vn -70.3398132 -16.425375 11.7196665
vn -68.7984695 16.2519817 18.9070168
vn -57.9359665 -44.6115532 2.84003711
vn -50.0189934 -52.822998 7.91606522
vn -25.8414459 -68.4613571 -0.308310479
vn -17.2867565 -71.0701294 2.24440384
vn -42.0229988 -55.9455414 21.4241982
vn -59.1610527 -18.8063602 38.7443352
vn -15.2335844 -71.3629074 5.4868784
vn -54.3244438 15.9006395 46.3773346
vn -0.526149333 -73.0871201 3.58181882
vn -2.16022277 -73.128418 1.54952943
vn -2.08556628 -73.1302795 1.56366169
vn -0.775921524 -73.0934601 3.40248346
vn -9.38431931 -72.3017273 -6.2630372
vn -6.3985734 -72.8448715 -2.74152565
vn -31.8145332 -59.2427902 -28.8610477
vn -25.2970371 -65.1860962 -21.5792732
vn -2.15473533 -73.117897 -1.99077606
vn 0.281317025 -73.1759491 -0.183850646
vn -13.1140909 -70.2419891 -15.7770433
vn 0.78518033 -73.1605606 1.32218218
vn -56.6992226 -46.2604599 0.00259392941
vn -36.4055023 -63.4780617 0.0861745775
vn 66.104187 -31.3857708 0.0448756032
vn 47.7723236 -55.4311981 -0.14256452
vn -2.30998945 -73.1168976 -1.84789848
vn 0.31625843 -73.1356888 -2.42976785
vn 27.5364437 -53.7811279 -41.2815628
vn 61.2512741 -37.2751007 -14.6178217
vn 47.1097641 -53.9762917 -14.9017334
vn 30.4530582 -57.8795624 -32.8237762
vn 3.19100165 -73.0494919 -2.90201283
vn -0.753064692 -30.9141884 -66.3217697
vn -4.39809704 -54.1358109 -49.038784
vn -51.2527428 -51.8822746 6.01818371
vn -44.211277 -56.475132 14.5174189
vn -37.8275909 -57.8898468 23.9305534
vn -31.3518887 -63.5103951 18.3934937
vn -30.0914345 -23.6746635 62.3606262
vn -24.9550667 -53.7250443 42.9615631
vn 59.6112366 -29.0335159 -30.9578381
vn 40.8402367 -56.3176727 -22.6986198
vn 68.0881119 -26.7357254 2.01079941
vn 49.7878113 -53.4842567 -3.92949414
vn -41.5701294 -31.2470284 51.4818344
vn -34.2220039 -53.4924698 36.362648
vn -48.2641716 22.8355618 50.0393829
vn -53.9944534 -14.1004686 47.3350677
vn -47.7244377 -19.3646145 51.9829025
vn -41.0859375 21.5918331 56.5735855
vn -47.4570961 -36.8617554 41.7596397
vn -39.5540161 -46.7189102 40.0955811
vn -34.2755966 -57.4973755 29.5646439
vn -29.6103268 -60.0498848 29.5308647
vn -21.7737255 -51.865757 46.8047066
vn -20.6524658 -19.3085938 67.494339
vn -16.1451015 -66.2917099 26.4495106
vn -12.380393 20.8860111 69.031395
vn -9.56212234 -38.6541901 -61.3942337
vn -12.5988054 -12.9193363 -70.9168091
vn -5.20110416 -18.9524193 -70.488205
vn -6.25615644 -47.9550896 -54.9181442
vn -4.98248577 -61.4546661 -39.4123116
vn -7.55617142 25.8663025 -68.0343323
vn 2.65970063 23.8152657 -69.1418228
vn 1.21659541 49.3001251 -54.063385
vn 9.42225838 52.3626289 -50.2415047
vn 33.3797684 22.4248161 -61.137146
vn 25.0554008 -19.563633 -65.9114838
vn 32.6470108 45.9050865 -46.7089767
vn 9.60511875 -53.7036972 -48.7697372
vn 1.57993698 -67.6740952 -27.7948246
vn -19.3661423 -58.5002213 39.4652824
vn -18.7578144 -58.1416359 40.2806015
vn -9.26109982 -72.4311752 4.77378035
vn -1.91261721 -73.1382217 -1.40505862
vn 1.90988064 -72.5449982 -9.40249348
vn -4.23670387 -49.2240028 -53.9803619
vn 3.7214551 -63.4002533 -36.3509521
vn -11.5878553 -43.4259109 -57.7472382
vn -6.08566189 -62.8581696 -36.9682121
vn -7.72200108 -51.630806 -51.2782898
vn 39.0628395 -30.9166145 -53.6012154
vn 26.2576828 -53.5149612 -42.4442596
vn 2.39862561 -56.4344101 -46.5213623
vn 16.3846359 -24.614748 66.9364624
vn 7.44213963 -54.8799896 47.829216
vn -15.2596073 -44.6555824 -55.9272346
vn -12.1330824 -63.1394119 -34.9433022
vn 52.4158249 -23.5900688 -45.2871132
vn 35.0412712 -53.703949 -35.2537689
vn -7.65376186 -46.4179878 56.0501785
vn -8.36228561 -53.9285278 48.750576
vn -18.5850468 -26.0648327 65.8031387
vn -47.5401917 -22.5223541 50.8675423
vn -36.4982376 -52.7963219 35.146244
vn -13.9461279 -55.693634 45.3713264
vn -47.6882706 -35.9928665 -42.2513161
vn -53.3322105 -18.9048462 -46.4016685
vn -47.7452812 -22.9295769 -50.4921188
vn -41.9514542 -45.472332 -39.0790825
vn -51.5224495 6.87163401 -51.5077705
vn -44.6806221 8.31026077 -57.3534012
vn -18.5816269 4.58515024 -70.6295395
vn -22.4863529 -22.672802 -65.8417892
vn -24.5167007 -53.0560417 -44.032032
vn 6.18434048 58.1622353 -43.9743118
vn 9.58641052 72.5460663 -5.41938898e-05
vn 15.6882715 71.4752426 -4.15473987e-05
vn 12.3818054 59.0175819 -41.4541779
vn 6.18443346 58.1623306 43.9741821
vn 12.3818264 59.0176468 41.4540749
vn 36.070015 49.9685707 39.4579239
vn 41.5910759 60.2080879 1.84459823e-05
vn 36.0701065 49.968502 -39.4579391
vn -26.3453712 -20.8803921 -64.9981766
vn -22.9180202 0.0206364729 -69.4953003
vn -15.8935366 -0.187791795 -71.4296341
vn -18.9827633 -21.3246422 -67.3776398
vn -23.5238419 -46.5089951 -51.3651085
vn -31.6796837 -43.8640137 -49.2664032
vn -20.6781216 21.491169 -66.8234787
vn -14.7119322 21.2705669 -68.4540253
vn -15.9117985 20.869997 -68.3087845
vn -15.8378172 -0.366863817 -71.4413147
vn -15.2930088 -22.9581146 -67.7781754
vn -12.8580513 -51.1789246 -50.6973381
vn -36.1205101 -59.3147278 -23.0630436
vn -25.2044125 -64.5825195 -23.4236908
vn -23.9479733 -69.0422058 3.808038
vn -36.9065819 -63.157444 1.96820593
vn -8.45272923 -69.7279129 -20.5280666
vn -4.60013151 -72.7196579 6.74714041
vn -3.63103724 -66.9215469 29.3794861
vn -22.1127377 -63.5874519 28.6791706
vn -34.6054039 -59.0128555 25.9765511
vn -3.97932529 70.6191788 -18.7597847
vn -3.22278357 70.1240082 -20.6656609
vn -3.146662 72.8959122 5.57822227
vn -4.95533323 72.8862305 4.22793579
vn 0.172368541 69.523201 -22.8325996
vn 0.993807256 72.9356308 5.85126448
vn 0.433720887 66.5152969 30.5017872
vn -6.03188992 67.5558548 27.4710045
vn -0.852977335 49.7835617 53.6255684
vn -10.7089634 52.3920593 49.9522018
vn -11.1967497 68.9937744 21.6638851
vn -22.2990646 55.9874763 41.5088692
vn -12.3416758 -33.4173279 63.9202385
vn -26.221632 -0.753292859 68.3131866
vn -8.77430725 -4.03192043 72.5368042
vn -2.23070765 -37.050396 63.0644455
vn -29.6683502 29.8559093 59.8602257
vn -12.22299 26.9806747 66.9139252
vn -0.474338233 24.5682106 68.9275665
vn 3.85244751 -8.40074253 72.5907593
vn 11.5527287 -40.2262192 60.0268097
vn -14.2931356 -33.8904877 -63.2611618
vn 11.1467457 -28.8061428 -66.3384323
vn 8.57492447 -20.3140869 -69.77565
vn -22.1356812 -23.3181286 -65.7351532
vn -51.5283318 -23.5428886 -46.318409
vn -42.9748383 -35.8955612 -47.1116104
vn -34.7703705 -44.1531372 -46.8652763
vn -10.8341541 -37.2484627 -62.0484047
vn 10.6199179 -28.3882198 -66.6044846
vn 29.8586025 -23.2394867 -62.6356277
vn 31.9219685 -16.2098999 -63.8205261
vn 28.7834282 -21.773407 -63.6574097
vn 47.0908966 -14.240757 -54.1708412
vn 50.6013527 -16.6693268 -50.1644096
vn 54.8699646 -11.2633276 -47.0877609
vn 33.9439583 -1.29222274 -64.8148956
vn 3.27217579 -3.52484441 -73.0184937
vn 58.1966858 -0.510162532 -44.3589592
vn 59.7288971 10.6119299 -40.9228287
vn 34.1853104 15.2468233 -62.8787041
vn 0.0723550841 16.0666008 -71.3911133
vn -30.7832088 -6.50463057 -66.0675201
vn -34.7268448 12.5103664 -63.1851997
vn -60.9338837 5.71409416 -40.1153755
vn -58.472805 -8.92584419 -43.0823822
vn 67.3481598 13.9777575 -24.9735756
vn 71.6425323 13.9115505 -5.35240698
vn 65.5969086 31.3976536 -8.12807274
vn 61.2128716 29.7584286 -26.874754
vn 70.8220825 9.18633842 15.9585972
vn 63.8269577 33.9641571 11.2866564
vn 57.8091316 2.92642879 44.7702293
vn 52.8735161 35.4472923 36.0931206
vn 65.391861 30.6145287 11.8948431
vn 66.8999252 28.6192665 -7.75689745
vn 53.7348404 33.0793419 37.0561295
vn 55.887207 25.3516407 39.8590813
vn 68.3791656 21.6120338 14.5616598
vn 70.5311203 18.765892 -5.29473782
vn 62.3194427 27.6395969 -26.5927029
vn 66.7568283 16.8149776 -24.8115826
vn 33.9678421 -1.83555067 64.7892609
vn 12.3437128 -5.33849049 71.9302826
vn 12.4022665 26.4873428 67.0778351
vn 32.0774651 31.2515736 57.872345
vn -2.47930527 1.23056579 73.1243591
vn 1.8180784 27.9467659 67.6055069
vn 6.0570386e-07 6.67559576 72.871582
vn 1.02528315e-06 30.101511 66.6988068
vn 2.40079641 27.1421776 67.9144363
vn 12.2843447 29.4111786 65.8704071
vn 2.22780795e-06 26.3854256 68.2542496
vn -5.20721233e-06 21.9427433 69.8093719
vn 1.33395886 22.7487602 69.5381012
vn 11.5223379 24.7203178 67.9041443
vn 31.3272552 32.3527641 57.677845
vn 31.9463291 26.4318733 60.2961082
vn -30.6454468 22.0606899 -62.6818581
vn -0.165033057 23.4850674 -69.3055344
vn -0.120460726 15.1839066 -71.5839844
vn -31.2441578 13.8691721 -64.7014694
vn -56.510685 14.3681784 -44.2145805
vn -55.4475174 20.8858414 -42.9439926
vn -54.4545898 26.5633183 -41.0355911
vn -29.8304024 30.8947296 -59.2494316
vn -0.201749891 32.9837303 -65.3212433
vn 29.6460667 25.3800182 -61.901516
vn 30.4085655 18.1588173 -64.0344391
vn 28.8395672 33.0832596 -58.5543289
vn 52.8819351 30.7363033 -40.1698036
vn 53.6127701 26.9452724 -41.8862267
vn 54.7991257 22.0196247 -43.2090759
vn 30.8940792 18.7748432 -63.6230545
vn 0.0268148258 16.4262428 -71.3092575
vn 55.4880447 21.5886745 -42.5421867
vn 53.9931946 30.2241154 -39.0649414
vn 29.3747406 32.5667152 -58.5778618
vn 0.176207468 32.712738 -65.4574585
vn -31.4701614 14.4874763 -64.4559784
vn -29.6681023 30.2964325 -59.6386032
vn -55.3535423 25.8578281 -40.2764206
vn -57.0389709 13.9474411 -43.6675682
vn 66.9710388 -9.83620453 -27.8021889
vn 72.7296753 -4.6141758 -6.62840033
vn 72.9521179 -4.02136517 -4.08037233
vn 68.7334518 -6.58430529 -24.2320538
vn 65.0267487 -5.52409887 -33.1034508
vn 72.4838715 1.48710561 -9.93526363
vn 71.8722382 0.351651877 13.751009
vn 71.5057755 -1.94819689 15.4259701
vn 71.7983246 8.16383457 11.5405836
vn 61.0770226 15.6855955 37.1266937
vn 61.9872932 5.49088192 38.5001068
vn 61.7499008 0.540121019 39.2618217
vn 71.2041016 -3.04353142 16.5995541
vn 73.1238785 -2.28924489 -1.57800138
vn 61.339798 -3.96944976 39.7052193
vn 60.7685699 -7.46928072 40.0777168
vn 71.1145248 -2.76269293 17.0271397
vn 73.1715927 0.82497716 -0.265886158
vn 70.1023178 -1.10871184 -20.9587383
vn 70.7158432 5.15087128 -18.098917
vn 36.739048 8.72556686 62.6812477
vn -0.628460824 6.75776196 72.8613052
vn 0.196392268 0.544261217 73.1744232
vn 37.01371 2.07228065 63.0913963
vn 34.9120216 19.9209747 61.1484871
vn -2.13124681 16.0589809 71.3610535
vn -36.6834602 -0.191302523 63.3176079
vn -35.7757263 -3.83270168 63.7200203
vn -37.3832169 4.38494873 62.7542839
vn -59.3530617 -9.84724808 41.654274
vn -59.5006294 -9.1931324 41.5931931
vn -59.4412308 -9.43208885 41.6246223
vn -34.8906517 -9.4171257 63.6301231
vn 0.813134253 -7.48806953 72.7880402
vn -59.4470024 -10.6806688 41.3135414
vn -59.488842 -11.7194376 40.9702911
vn -34.1820831 -14.8435087 62.9768791
vn 0.857364118 -15.0729742 71.6023865
vn 36.7656212 -5.46136713 63.0340767
vn 35.8507118 -12.3046961 62.5951538
vn 31.9125519 24.1079865 61.2798996
vn 10.5126839 23.8092613 68.3917694
vn 9.71813202 20.3612518 69.6118622
vn 32.1133957 20.9766922 62.318058
vn 57.0318146 18.4073887 41.9925194
vn 56.6434479 21.1848164 41.2014122
vn 0.0915075988 22.7036953 69.5655594
vn -1.11086416 18.7746258 70.718544
vn -1.29372465e-05 22.2488766 69.71241
vn -5.82173561e-06 18.0709743 70.9103088
vn -4.18029737 6.02530813 72.8083267
vn 8.71963501 11.3055391 71.7703705
vn 0 2.33878946 73.1393433
vn -7.35244384e-07 -31.9891663 65.8143311
vn -11.0173426 -6.13200569 72.0822372
vn 5.45315361 8.05542755 72.5272827
vn 32.6399956 14.0274124 63.9741707
vn 32.5381241 14.1691771 63.9948235
vn 58.5756187 16.1366444 40.7840309
vn 57.7808418 13.9909353 42.6668587
vn 68.9908371 8.93538475 -22.6992455
vn 72.0837402 12.141428 -3.3693099
vn 72.3879471 10.3775043 -2.66917157
vn 69.34729 6.86944962 -22.3292828
vn 56.4227333 1.6422931 -46.5683517
vn 56.4169769 5.28636742 -46.3034744
vn 69.5517197 16.0286522 16.1391582
vn 69.8626404 13.8444033 16.80406
vn 70.258873 11.8973446 16.6426105
vn 72.5059738 9.1094017 -3.83860683
vn 70.4425201 14.5706367 13.430563
vn 71.8734512 10.3410749 -9.06093979
vn 68.5914917 4.89073038 -25.0223999
vn 65.8809204 4.5705514 -31.5221443
vn 47.3494072 -0.820604146 -55.7870255
vn 53.1451073 -1.04313135 -50.2925606
vn 4.49091196 -1.15255606 -73.0296936
vn 15.2932358 -0.426898211 -71.5595398
vn 15.6776533 -6.97346592 -71.1365967
vn 5.36617088 -7.47691774 -72.5956726
vn -1.45413173e-06 -7.24550104 -72.817131
vn -1.43691079e-06 -1.26938069 -73.1657028
vn 34.2036514 1.64095604 -64.6703186
vn 33.8947029 -3.9719429 -64.7317963
vn 30.1688366 -6.44689703 -66.3559418
vn 15.2477598 -8.87148762 -71.0185547
vn 25.3740921 -4.72769737 -68.4736252
vn 13.7481813 -7.63346148 -71.4671326
vn 6.09891701 -9.32761478 -72.3231049
vn 3.83317661 -14.0111599 -71.7204742
vn -5.61583329e-06 -36.1595764 -63.6185303
vn 1.6097174e-06 -9.66523361 -72.5356216
vn 30.8291397 26.4633617 60.8612099
vn -0.457272112 17.0292759 71.1661911
vn -4.74285889 27.5078545 67.6435928
vn 29.145052 36.7127838 56.1922607
vn 56.285614 33.5969238 32.5270348
vn 57.6749229 26.6547966 36.3036842
vn -24.2671757 -7.88314342 68.584198
vn -34.8646851 3.0463438 64.2651215
vn -36.0607376 -39.6019745 49.8611946
vn -51.3588676 -26.0463009 45.1518402
vn -37.9113083 8.48693562 62.012394
vn -4.69708872 27.0598297 67.82724
vn -57.7474289 -14.2445631 42.6281586
vn 31.14007 33.6521111 57.032135
vn 58.1440201 29.0077877 33.6549187
vn 62.0531464 8.10766602 -37.9276199
vn 69.8139954 15.6091385 -15.4011011
vn 69.1116867 16.8174477 -17.192461
vn 60.5089302 7.34469128 -40.4914398
vn 42.2260246 -2.43893528 -59.7147141
vn 43.1684761 0.178654879 -59.0870819
vn 69.3104782 21.8456993 8.58222866
vn 68.4929352 24.9959106 6.22531509
vn 70.0724411 19.5108242 8.00079536
vn 70.890419 11.0820656 -14.3724995
vn 62.2161789 1.96166015 -38.4724731
vn 44.177124 -7.8093009 -57.8120079
vn -1.9284215 -26.1390858 -68.3217545
vn 11.3374214 -9.80461025 -71.6251755
vn 9.45242786 -17.3334045 -70.463028
vn -5.46885395 -32.4082909 -65.3806229
vn -25.0176582 -52.7985725 -44.0597305
vn -19.2198486 -50.2914124 -49.5601044
vn 23.5999432 -4.55426979 -69.116806
vn 24.4621696 -8.14462852 -68.4843063
vn 25.9912987 -14.8543291 -66.772995
vn 9.15755653 -23.4428787 -68.7124557
vn -7.70293331 -36.3954544 -63.0148239
vn -29.3192825 -49.5285912 -45.1899452
vn -50.5575714 -49.901535 -17.5670509
vn -61.6091576 -39.1719055 4.97048855
vn -51.5853996 -51.2695084 8.07565594
vn -41.9181328 -58.7005501 -12.3267326
vn -56.8490982 -40.9129677 -21.1929398
vn -66.5359573 -30.3210964 2.90334105
vn -63.4264908 -28.6462841 22.6120033
vn -54.4314651 -42.5030403 24.1979179
vn -66.7855759 -20.7379856 21.5512104
vn -37.7193184 -56.3346138 27.5408077
vn -34.2501411 -63.7882881 10.6214066
vn 2.99072417e-05 -66.5623932 30.4019737
vn 6.95931158e-05 -72.1554947 12.1826048
vn -30.6143131 -65.6019745 -10.6759558
vn 2.3299046e-05 -71.849556 -13.8734751
vn -67.9365692 -17.1258087 21.1225395
vn -68.7859192 -24.8386459 2.52404904
vn -70.7930756 -18.3958282 2.18289733
vn -68.8423996 -14.2411995 20.316103
vn -61.6728554 -32.6358147 -22.0498352
vn -66.8510208 -21.7337627 -20.332653
vn -70.1953735 -10.7488461 -17.6608067
vn -72.2073135 -11.701087 2.00500965
vn -71.3274994 -0.415713519 -16.3415794
vn -73.0293503 -4.44088793 1.35104287
vn -69.6659546 -11.3477888 19.305788
vn -70.4691696 -7.63998699 18.1812649
vn -29.6709919 15.8848515 -64.9779663
vn -57.7120132 15.3090734 -42.3058929
vn 0.0833921209 14.3420095 -71.7574463
vn 0.0594025366 -53.9304657 -49.4604378
vn -30.1289616 -49.8593445 -44.2845726
vn -46.8322334 -46.3945236 -31.7666855
vn -70.1041718 11.3732176 17.6320057
vn -56.0257149 25.6402225 39.4782181
vn -49.5413704 39.9296265 36.1401405
vn -64.2681198 30.2952042 17.5112152
vn -68.8376846 24.8230362 0.148123965
vn -72.9925995 5.18693018 0.0927851871
vn -46.7707901 -56.2758102 0.597886801
vn -47.875412 -51.6814003 19.794178
vn -49.2781143 -41.2336044 35.0184174
vn 69.8034058 13.2335176 17.5268726
vn 72.8182983 7.23321199 0.0914649814
vn 66.6318359 30.249094 0.147984579
vn 62.0531502 34.9697456 16.7736759
vn 47.9779625 42.9643707 34.742054
vn 55.7139931 26.8603039 39.1063499
vn 49.486927 -40.9349365 35.0743103
vn 48.1763 -51.3477402 19.9320564
vn 47.1520996 -55.9565315 0.614918292
vn -28.5019989 31.1466293 59.7691879
vn 0.0579235516 30.4403667 66.5448227
vn 0.0754315406 51.1833153 52.2981339
vn -24.969595 48.2313728 49.0416832
vn -32.7862854 -43.0393181 49.2697639
vn 0.0670591891 -46.4472771 56.5462494
vn 65.2870026 27.0778618 -18.953352
vn 68.0481415 26.8798122 -1.32623601
vn 67.7719803 27.5844135 -0.94390583
vn 65.9929276 25.0747509 -19.26194
vn 65.6424332 26.381424 -18.7062454
vn 69.577179 22.6089077 -1.63916266
vn 66.2095108 26.5537472 16.3104858
vn 64.4861755 30.26688 16.7415924
vn 68.8890915 18.755537 16.0422935
vn 59.2974434 13.8349361 40.5862198
vn 55.6015816 26.3546638 39.6071701
vn 52.2545662 34.0293007 38.2922974
vn 63.3695602 32.3799896 17.0489864
vn 67.711792 27.7451153 -0.392498046
vn 49.7727699 38.9945946 36.8364754
vn 66.4166336 24.3172817 -18.7705307
vn 65.1255188 28.5684566 -17.2436066
vn -68.5369186 19.2940102 16.8897533
vn -70.5752716 19.2798023 -1.50099087
vn -70.8221741 18.3805084 -1.09973252
vn -67.6060638 21.8078709 17.5689621
vn -54.7857437 27.4518833 39.9968529
vn -57.3607368 20.2595291 40.67099
vn -59.9828262 9.21453667 40.8899231
vn -70.0518265 13.3984032 16.3724308
vn -71.1304779 17.0963783 -1.73231864
vn -67.632843 19.7346992 -19.7780838
vn -68.5198441 15.9798689 -20.1123562
vn -67.3479691 21.1523132 -19.2785854
vn -68.82621 15.3607721 -19.5405254
vn -70.7229385 18.7850933 -0.466825545
vn -67.0674286 23.2274513 -17.8123093
vn -66.5769348 24.4486217 18.0169029
vn -52.3308563 33.353756 38.7793884
vn 35.2296982 27.4898491 57.9483337
vn -0.663693309 30.3925533 66.563385
vn 0.508654237 30.4574757 66.5350723
vn 33.2118034 34.5001068 55.3312874
vn 48.0731697 9.2247715 54.394001
vn -48.6514053 -19.5351467 51.0514603
vn 0.34188199 -55.8114662 47.3264694
vn 0.276148975 -26.0327988 68.3889618
vn -39.5293083 -20.3443928 58.1237679
vn -36.7577133 23.8272018 58.6171265
vn -34.1432724 30.7416191 56.9563141
vn -52.8306046 29.6503658 41.044075
vn -61.0420036 6.21857262 39.8752518
vn -49.8935089 4.28813553 53.3580513
vn -39.3988953 37.4243507 49.0099716
vn -48.5503349 5.98101759 54.4235802
vn -54.3847466 -12.0660868 47.4504166
vn -0.131932423 -45.0320892 57.679512
vn 1.0020386 1.47473562 73.1549911
vn -44.7257309 -2.40254283 57.8676796
vn -31.7659187 41.6187515 51.1237564
vn -0.481669217 47.8839798 55.3328514
vn 0.154780298 72.6816864 8.49588013
vn -39.3618851 59.1856194 17.3935795
vn -43.3012047 49.7346039 31.7223415
vn -1.31667769 60.373539 41.3295784
vn 30.0251427 44.5678558 49.6691971
vn 24.5164509 49.5039215 47.9910202
vn 35.082962 -16.1669312 62.1502113
vn 0.514978468 -19.6097279 70.4984055
vn 0.157243505 -18.3970394 70.8262482
vn 34.8232727 -14.6889324 62.6610527
vn 60.7802505 -5.68729973 40.3515549
vn 60.6526222 -8.43595123 40.0615273
vn -34.1210976 -17.6699505 62.2764511
vn -34.501236 -15.6786013 62.59935
vn -60.0216293 -10.9114275 40.41259
vn -60.5548439 -7.40051603 40.4125786
vn -40.6757126 -9.60936642 60.0664482
vn 0.169037044 -16.2452621 71.3505096
vn -60.7391434 -1.16052771 40.7951088
vn 49.2795868 -15.2292156 51.9078674
vn 39.7063179 -18.0217266 58.7661362
vn 40.7823601 -8.17060089 60.2069206
vn 61.0085526 10.7079334 38.9631767
vn 49.9586983 7.44046831 52.949028
vn 60.7008362 1.35356307 40.8461533
vn -71.1091003 -3.04412699 17.0018196
vn -73.1072235 3.18028188 -0.229841813
vn -72.5997009 9.10546875 -1.09840822
vn -71.2677765 1.77367806 16.5103474
vn -70.4468918 9.73911858 -17.2399654
vn -68.9032288 16.7390881 -18.0825958
vn -58.6047287 18.9514275 -39.5115242
vn -55.7737465 26.7510929 -39.0960426
vn -67.8491211 20.1943188 -18.5342255
vn -71.9255371 13.3963356 -1.4447242
vn -54.4486618 29.0093384 -39.3526688
vn -70.9740982 6.88888121 16.4332943
vn 69.9570541 12.1250448 -17.7151279
vn 72.944046 5.78916264 -0.695471227
vn 72.3286362 11.0355825 -1.27112055
vn 68.4209442 18.5239868 -18.1733093
vn 55.1452026 28.1218529 -39.025631
vn 57.8179703 20.7218227 -39.7809143
vn 71.2848358 -0.327276349 16.5286694
vn 71.2418137 3.74033737 16.292511
vn 70.657692 9.93780804 16.2346306
vn 71.2641144 16.5557747 -1.47100878
vn 66.9200668 23.2498188 -18.329834
vn 53.4516792 31.4403553 -38.8491249
vn -32.6982727 27.6680145 -59.3307343
vn -0.514759779 31.0334949 -66.2683182
vn -0.266481966 38.175808 -62.4289131
vn -30.3039646 35.1513824 -56.5763435
vn 31.7461662 28.525074 -59.4418488
vn 29.6818848 35.8379898 -56.4752731
vn 28.7340832 37.3826485 -55.961792
vn -0.185851827 38.8873863 -61.9884605
vn -29.4235992 36.164402 -56.4023094
vn 4.63910294 29.0276413 67.0127411
vn 14.5393915 30.4009571 64.9555206
vn 22.1567612 17.3043861 67.5608521
vn 8.22812843 21.979578 69.3111038
vn -1.30376557e-05 22.7327518 69.5561295
vn -1.01584392e-05 27.7385788 67.7156067
vn 0 28.5676861 67.370018
vn 3.14077306 30.3787498 66.4988632
vn 9.47412491 34.2082405 63.991169
vn 38.7342491 23.4115448 57.5012131
vn 45.1876678 5.21438074 57.3211708
vn 27.1023579 34.2933044 58.687851
vn 46.1942062 30.2020302 -48.0496101
vn 36.7446861 28.1745186 -56.6644325
vn 41.0491524 20.1906338 -57.1151276
vn 53.6951485 20.4304523 -45.3239479
vn 38.4393387 34.6962509 -51.7051201
vn 33.6341896 31.7568188 -56.7016602
vn 22.4169197 29.3457603 -63.1754684
vn 22.0154343 25.1693096 -65.0896301
vn 20.2747307 31.7841301 -62.7179184
vn 1.99654405e-05 32.4129219 -65.6066666
vn 2.21125974e-05 30.9940395 -66.2887802
vn 1.29488208e-05 28.8468418 -67.2509613
vn 17.9325256 18.8893433 -68.3845673
vn 18.7290325 20.1814556 -67.7994385
vn 1.84685359e-05 22.8022919 -69.5333481
vn 8.69097647e-08 20.2749348 -70.3118668
vn -9.4044799e-06 16.1860294 -71.3641586
vn 18.0355778 17.2110901 -68.7991867
vn 45.4969711 18.9257641 -54.0987396
vn 44.4229088 18.1748524 -55.2368698
vn 43.2107964 17.4960632 -56.4052124
vn 49.1647797 -11.4465237 52.9776649
vn 27.0679684 13.7491341 66.5816727
vn 31.6698799 2.76658773 65.9105225
vn 49.6759949 -11.7352581 52.4348412
vn 44.6572762 4.74272776 57.7760086
vn 48.698658 1.49377513 54.5989227
vn 61.3630981 -0.391432077 39.8653793
vn 56.0634727 5.42519903 46.7149544
vn 28.5425491 37.5490227 55.9484253
vn 23.2495651 67.7240829 15.0910177
vn 35.7441673 45.6062927 44.6906433
vn 53.5242119 27.7726765 41.4568367
vn 38.3530998 61.2743225 11.3723278
vn 50.2516479 36.3731422 38.8149261
vn 44.572506 24.1339436 52.7795067
vn 47.7342529 0.204811916 55.4637985
vn 58.1169815 8.22191048 43.6995354
vn 65.4169388 16.2815113 28.4669876
vn 53.2399063 43.0058174 25.9006462
vn 3.35642314 58.3845749 43.9864502
vn 57.0641518 6.21340561 45.3862152
vn 43.4069176 -27.9049053 51.8843651
vn 40.0495949 -32.0117569 52.2121658
vn 31.6694012 -30.1251297 58.6886559
vn 34.1284714 -27.6944275 58.5072441
vn 34.7718315 -34.2989349 54.4916077
vn 46.2222519 -30.9181995 47.5646896
vn 53.1144371 -28.3602333 41.5858994
vn 52.9142914 -28.3953476 41.816433
vn 49.1547012 -32.6412468 43.2804489
vn 47.8029671 -9.98859406 54.4971275
vn 29.9152889 -9.10131454 66.1594543
vn 29.7031422 20.065876 63.7958984
vn 46.7438431 24.5498962 50.6670265
vn 42.2363968 -7.84704542 59.2397118
vn 6.14102268 -5.18287754 72.7341537
vn 8.38102245 19.0795135 70.1467285
vn 4.91742182 15.9719 71.242897
vn -1.79631897e-05 18.7122746 70.7437897
vn -3.51890012e-05 -4.83901644 73.0165482
vn -4.55076624e-05 20.8768654 70.1355057
vn 17.9117012 -28.7750225 64.8536911
vn 17.7228241 -28.6414089 64.9646378
vn 0 -28.0772171 67.5759048
vn 1.99780952e-05 -28.864233 67.2435074
vn 4.50522821e-05 -36.4555702 63.4493828
vn 17.3932838 -36.3889236 61.0585976
vn 15.7872763 70.2078247 -13.2836456
vn 11.5753279 71.7575302 8.46761036
vn 27.4936028 67.5030975 6.50126505
vn 26.8486958 66.8489227 -12.8530684
vn 25.2276402 65.2141342 -21.5758038
vn 13.1139212 67.0939255 -26.1009846
vn -3.11278673e-05 67.338768 -28.6412601
vn -1.18717026e-05 72.0445633 -12.8224058
vn 7.31747514e-06 72.3872147 10.7201624
vn 49.3261833 -37.9532661 38.4877739
vn 57.0634727 -30.60359 34.088295
vn 37.6296921 -42.9188538 45.790947
vn 41.3366699 -49.2489471 34.9378395
vn 50.8559952 -41.6677628 32.1293983
vn 57.3673592 -29.9337959 34.1728897
vn 19.6064625 -45.5076218 53.8467865
vn 3.0050478e-06 -45.68153 57.166687
vn -4.29121283e-05 -56.2299957 46.8296776
vn 23.4527836 -54.5993843 42.7048721
vn 2.65680456 28.5812283 67.3118668
vn -4.79796563e-06 30.5069504 66.5143433
vn 3.09179521 49.6020317 53.7113724
vn -1.79278122e-05 51.195343 52.2864227
vn 60.3971863 -26.204195 31.9429512
vn 57.6246262 -31.8470078 31.9374924
vn 62.1519966 -20.5790157 32.6874084
vn 63.1020889 -27.0324173 25.3418236
vn 32.9687004 -42.8621483 49.302475
vn 6.57208109 -72.8735886 -1.03943205
vn 3.78165793 -72.9952774 3.49576831
vn -1.05567348 -73.1688309 0.200381652
vn 0.163671613 -73.0368576 4.51928568
vn 0.00401465734 -73.1660614 1.24863589
vn -45.7629166 -54.269371 -17.7601566
vn 0.480745345 -73.068512 -3.94899058
vn -6.54139853 -72.8764038 -1.03539276
vn -3.16045308 -73.033371 -3.31228852
vn -3.73653436 -72.999176 3.46290708
vn -6.85123777 -72.8420639 1.38805377
vn 47.0502625 -46.1072464 -31.8626232
vn 46.0577393 -53.9715004 -17.9051476
vn -0.456689596 -73.0664749 -3.98906994
vn 3.2398088 -73.0299301 -3.31128526
vn 0.00355942664 -73.1732559 -0.712162912
vn 1.06948078 -73.1686325 0.200324655
vn 30.3225822 -49.6774254 -44.356823
vn 6.87567043 -72.8395767 1.39765584
vn -0.143618852 -73.033287 4.5771513
vn 28.4897671 31.639143 59.5157967
vn 70.4912109 8.88484955 -17.5180378
vn 57.5154228 16.7261143 -42.0362358
vn -70.6965408 6.98104286 -17.5527039
vn 29.7344627 16.5404224 -64.7850952
vn 18.0183601 10.5266533 -70.1381454
vn 17.7774639 -0.741462767 -70.9805984
vn 47.2593307 3.5324173 -55.7575989
vn 46.6272202 13.6673756 -54.7168846
vn 1.30989133e-06 8.48048496 -72.6836472
vn 1.30894898e-06 -2.18161106 -73.1441956
vn 7.63351917 28.2417336 -67.0743332
vn 38.1576843 21.2201118 -58.7241898
vn 42.394352 16.1362877 -57.4210052
vn 10.6781034 23.708395 -68.4011917
vn 1.30039025e-05 24.7707806 -68.8566742
vn 0 29.2207661 -67.0893326
vn -4.49848594e-05 53.3715324 -50.0630798
vn 5.23286104 52.5894394 -50.6142349
vn 33.3408127 43.9181862 -48.1083641
vn 64.7722092 9.68204117 -32.64431
vn 63.964489 8.83662605 -34.4280472
vn 64.3364029 16.5218067 -30.7032394
vn 71.2300186 -1.67244828 -16.6829014
vn 70.7477188 7.51213455 -17.1219482
vn 69.9690704 9.27320671 -19.3175831
vn 58.4056358 15.9953547 -41.082386
vn 59.5628662 8.61541557 -41.6277885
vn 66.1730042 12.9442739 -28.4325905
vn 65.3419113 17.3876171 -27.9810181
vn 63.9790688 23.0662956 -27.0084591
vn 57.1236229 21.8634338 -40.1710625
vn 69.6089401 18.3290539 -13.1709375
vn 70.4508896 14.2380571 -13.7397985
vn 72.0654297 12.618228 -1.47863913
vn 70.9361496 17.9645653 0.410963416
vn 70.184433 20.6736164 1.25654268
vn 68.2440796 23.1076756 -12.7911234
vn 70.1579285 7.43339396 -19.4278431
vn 71.8151398 4.73268747 -13.2294722
vn 72.4238281 4.62071371 -9.39524174
vn 70.6661758 9.97755718 -16.1731911
vn 71.0620422 1.10721111 -17.4296379
vn 72.0214386 8.81544209 -9.48857594
vn 64.9610367 10.4209929 32.0359192
vn 56.8280754 11.4321089 44.6621628
vn 71.5252686 5.05613852 14.6083775
vn 71.7461319 7.42161322 12.3387594
vn 71.3364792 13.5130329 9.12890339
vn 68.6157913 3.96967649 25.1186714
vn 56.9639397 1.76356411 45.9002342
vn 63.7897644 -9.53597069 34.5653534
vn 67.9493027 2.70593476 27.0259705
vn 70.437767 -1.75123715 19.7556839
vn 67.3263321 -15.0489635 24.4034023
vn 58.1535263 -23.6864624 37.5759354
vn 63.4552498 -9.85270214 35.0882797
vn 50.20755 -40.1064949 35.0071869
vn 43.0511551 -49.0796013 33.0548477
vn 41.803421 -42.3238449 42.6145325
vn 50.871006 -33.5293121 40.5309525
vn 26.9403248 -57.2707901 36.7302055
vn 28.009655 -50.8381958 44.5619698
vn -2.13344374e-05 -61.3690987 39.858078
vn 2.25765198e-05 -56.7874374 46.1521339
vn 63.3240623 27.3940907 -24.381546
vn 27.3840466 59.8387337 -32.0042458
vn 61.3039322 37.8628426 -12.7697439
vn 7.22507 64.3239975 -34.1328812
vn -5.68984433e-05 63.6811676 -36.0491486
vn 6.04090881 64.2673798 34.4679985
vn 26.9752445 59.3471718 33.2427521
vn -1.39751664e-05 64.0261154 35.4328918
vn 60.4934044 27.4511089 30.6890392
vn 58.4998398 43.4084282 6.95046186
vn 70.7876892 9.50778866 15.9228239
vn 71.490036 7.5658226 13.666172
vn 71.0838242 17.3177605 -1.42001605
vn 70.6367416 19.1092911 0.344112426
vn 70.3383331 11.3131113 16.7141781
vn 64.7514114 -8.53095341 33.0046997
vn 65.0649414 -9.08682728 32.2306442
vn 13.0019693 7.96308851 71.5707397
vn 29.3128815 0.751896083 67.0449219
vn 35.26931 -16.727375 61.8959045
vn 19.8450584 -13.7476759 69.0797119
vn 1.75958519e-07 -13.5031509 71.9200745
vn 0 10.1590242 72.4681091
vn 68.270813 22.4150429 -13.83811
vn 68.6892624 20.0118694 -15.3669415
vn 64.156868 20.3959141 -28.6833534
vn 63.8117828 22.9269028 -27.5181046
vn 48.8437004 -8.83777523 53.7681885
vn 65.1704254 -6.85956812 32.5667686
vn 49.9803352 -19.3452358 49.8252983
vn 72.8759613 6.09317827 -2.60758591
vn 73.1766663 -0.0742227957 0.0310771
vn 71.4920731 15.5915461 -0.786750257
vn 57.3802948 44.9764214 -6.28133535
vn 25.2889481 -35.8594437 58.5610962
vn 39.0267754 -31.4090347 53.3405647
vn 2.00374761e-05 -40.6725121 60.8323784
vn 55.9184113 17.642395 -43.7802505
vn 42.0722733 17.4893494 -57.2614899
vn 56.2328911 19.4107285 -42.6135941
vn 64.4015808 17.4479675 -30.047245
vn 50.8784065 -26.1057644 45.6586113
vn 56.6974106 21.3639736 -41.0343323
vn 70.7753601 12.4100943 13.8445387
vn 72.0836182 7.97257328 9.7581892
vn 68.8963089 17.4041176 -17.4708042
vn 71.3840027 15.6567793 -3.74465656
vn 71.8820343 6.51824808 12.0548124
vn 20.1683979 22.2014065 -66.7470245
vn 8.99641691e-06 26.0224514 -68.3934555
vn 72.3871689 9.04374027 5.75677919
vn 69.0860672 23.9434738 2.94229293
vn 69.7262497 19.4765244 10.6652584
vn 72.0187607 -1.45657945 12.8844414
vn 71.181633 16.6128597 -3.46688557
vn 67.1618958 28.4931049 -5.67935514
vn 69.8822708 -13.9258595 16.6544323
vn 68.2859802 17.9914474 19.1876202
vn 65.2912674 -22.9467258 23.7766685
vn 68.8098679 20.9810753 -13.4100294
vn 64.6330948 31.8360615 -12.8007898
vn 65.5177841 19.5843525 -26.0519886
vn 63.2738228 30.077528 -21.1328659
vn 61.106472 11.5665712 -38.562233
vn 48.7769775 3.59337568 -54.4309311
vn 50.2716026 19.861702 -49.3265839
vn 62.0452042 23.0183449 -31.2310867
vn 17.7603912 1.40685558 -70.9748001
vn 17.1253223 24.1275768 -66.9284363
vn 0 1.15249336 -73.1676407
vn -7.2667799e-06 26.1869335 -68.3306427
vn 56.4643707 -27.7303314 37.3849678
vn 46.5473099 -28.5869427 48.6925774
vn 14.3588762 -30.1413975 65.1164474
vn 28.2711754 -30.5492382 60.1856842
vn 29.034359 -4.60515451 67.0121613
vn 11.6126766 -5.5804143 72.0335846
vn -1.42508916e-05 -5.53540468 72.9670563
vn -1.37826401e-05 -29.1971436 67.099617
vn 38.3792191 -29.2037334 55.0364265
vn 41.3725624 -2.46056962 60.3082886
vn 65.2264252 33.1157951 1.92083001
vn 64.7014465 32.6665573 10.0722799
vn 64.1505661 34.6089554 -6.46203852
vn 72.9389801 5.83816576 0.808296442
vn 72.1911697 9.09448051 -7.78186655
vn 72.5717697 3.74010873 8.61286736
vn 59.5337105 37.3749352 20.3392181
vn 56.0682335 24.3588715 40.2222557
vn 62.265934 36.3710709 -12.4471407
vn 61.9750824 34.3902283 -18.1998234
vn 70.754158 11.2393951 -14.9116611
vn 69.5837936 8.82573605 -20.8574638
vn 61.2493591 29.4931393 -27.0832539
vn 48.2506027 31.8338947 -44.8699799
vn 64.5390396 8.66250801 -33.384201
vn 46.2038574 21.5279808 -52.5031548
vn 15.2833719 39.024044 -59.986454
vn -1.39459853e-05 40.7714195 -60.76614
vn 13.6911249 33.5641479 -63.5675392
vn 2.57405591e-05 34.3891144 -64.5927277
vn 8.31764698 16.6498165 70.7702866
vn 26.0368938 17.9271507 65.9964371
vn 8.38007164 63.4906769 35.4053764
vn 24.1483803 62.0099258 30.4377708
vn -2.73301484e-05 63.4795494 36.4030228
vn 0 16.1334 71.376091
vn 39.9579659 19.992094 57.9526482
vn 37.7921371 59.2234688 20.473587
vn 53.8732262 -10.5291014 48.3905563
vn -56.0985222 37.7701035 -27.9500847
vn -23.3947144 54.7465935 -42.5479736
vn -28.217432 38.0857697 -55.7501869
vn -55.7850075 29.450386 -37.0882683
vn 55.9977188 37.8825684 -27.9999733
vn 69.1823044 20.8805771 -11.5170889
vn 69.6843796 16.6598816 -14.8784494
vn 54.8993988 31.4518375 -36.7650757
vn 0.0130913015 58.1286354 -44.4510231
vn -0.146263883 41.6476326 -60.1688156
vn 71.5764236 15.2183533 0.220720485
vn 72.4442902 10.3253365 0.21149306
vn 23.3434944 54.7840691 -42.5278625
vn 27.4321842 39.1818314 -55.3813248
vn 69.5153961 19.2422581 12.3360376
vn 69.8809586 15.2369289 15.469965
vn -58.1001511 32.7568207 30.1030731
vn -69.5744705 19.0992413 12.2247391
vn -70.4420166 12.5222559 15.3605852
vn -56.7675858 24.5144672 39.132019
vn 57.9701843 32.9562378 30.1359615
vn 55.8901863 26.5473156 39.0686417
vn 26.9852161 45.7578506 50.3274231
vn 27.1526203 30.6411667 60.6521797
vn -71.5957108 15.1273518 0.223558739
vn -72.7907791 7.50431061 0.142326176
vn 0.0178015903 47.0174179 56.0731125
vn -0.111255378 31.3079033 66.1410217
vn -69.2347183 20.7688713 -11.4035397
vn -70.2557678 13.9941483 -14.9373322
vn -27.0813808 45.6543465 50.369751
vn -27.8979931 29.6092644 60.8261909
vn 59.1432343 16.6194077 -39.7580833
vn 30.3246346 22.9697914 -62.5111008
vn -71.3616791 3.29286337 15.8587399
vn -58.3194923 10.1387444 43.0217972
vn 57.9602051 13.8635292 42.4646797
vn 70.970932 8.2965641 15.7837381
vn 28.0290966 16.2349663 65.6172791
vn -73.1766968 -0.0328014009 -0.045367863
vn 0.232824907 15.4914999 71.5177765
vn -71.406662 3.80292273 -15.5389709
vn -27.6840019 14.488656 66.1702957
vn -59.5304337 12.7787428 -40.5914268
vn -29.9692211 21.1287727 -63.3265572
vn 71.0317764 8.82750988 -15.2116423
vn 0.280920744 23.9445 -69.1477737
vn 72.9683304 5.51777983 0.094023101
vn -73.1766739 0.042043969 -0.0699331611
vn -71.8037491 1.64457297 -14.0124531
vn -70.9762955 -8.26015568 -15.7787304
vn -72.5747452 -9.36261845 -0.285020173
vn 0.0167720541 7.25538301 72.8161469
vn -31.9375324 6.27364397 65.5398178
vn -31.3654308 -7.49510145 65.6876297
vn 0.0174404178 -6.74284554 72.8653946
vn -62.4454346 5.78811312 -37.7080612
vn -61.1101189 -5.76774597 -39.8386574
vn -61.328083 3.60908031 39.757679
vn -60.119751 -6.76589489 41.1663666
vn -35.1315422 10.8326187 -63.2713318
vn -33.8331108 -5.47839928 -64.6539993
vn 62.4395294 5.80797148 -37.7147865
vn 71.7219238 1.70283592 -14.4186544
vn 70.895256 -8.24341679 -16.1474667
vn 61.1178169 -5.74481058 -39.8301773
vn 0.0206498131 12.8903236 -72.0324326
vn 0.0211798362 -4.66524839 -73.0278549
vn 73.1766052 0.10583514 -0.0786102042
vn 72.5753937 -9.35713959 -0.297830522
vn 35.2077293 10.8350582 -63.2285576
vn 33.9045219 -5.46934986 -64.6173477
vn 71.735054 1.04577005 14.4159956
vn 70.9908218 -8.60998344 15.5243225
vn -71.8159714 1.00199044 14.0105324
vn -71.0687256 -8.62424755 15.1555262
vn 61.3181648 3.63188219 39.7708931
vn 60.1222916 -6.73924017 41.167038
vn 32.0080376 6.28015852 65.5047913
vn 31.4314308 -7.48587751 65.6571274
vn 68.110405 -21.5896721 -15.8016462
vn 59.098053 -22.0984001 -37.0663414
vn 0.0180416796 -25.155983 -68.7168732
vn -33.2722855 -24.72896 -60.3014603
vn 69.6980209 -22.2901134 -0.410117298
vn 33.3425941 -24.7075577 -60.271389
vn 67.9834976 -22.5388222 15.0025864
vn -68.0612793 -22.5316238 14.6567516
vn -58.3188438 -23.188385 37.6303596
vn 58.3289452 -23.1431198 37.6425629
vn 31.1688461 -25.1045189 61.2625313
vn -69.7218399 -22.215601 -0.40436852
vn 0.015000904 -24.9398232 68.7956161
vn -68.1967697 -21.5803604 -15.4376478
vn -31.104784 -25.1240997 61.2870636
vn -59.0870781 -22.1410904 -37.058342
vn 49.8516006 -52.5422287 10.4386177
vn 51.1623993 -52.3124313 -0.806569695
vn 46.052475 -49.418293 -28.1395397
vn 25.9296131 -51.4421272 -45.1242218
vn -49.9553299 -52.4950142 10.1769819
vn -44.8598099 -51.293663 26.671875
vn 44.8815231 -51.2713547 26.6782722
vn 23.8832245 -53.7647705 43.5175095
vn -51.1464081 -52.3282928 -0.791869044
vn 0.0130044203 -54.9485168 48.326931
vn -50.7998428 -51.2231979 -12.2634821
vn -23.8194351 -53.7841187 43.528553
vn -46.0342751 -49.4384956 -28.1338387
vn -25.8624802 -51.4624062 -45.1396255
vn 50.692131 -51.2642021 -12.5348368
vn 0.0150859468 -52.6355095 -50.8363571
vn 0.00329698622 -72.5163498 9.80873013
vn 8.03419495 -72.196785 8.8266201
vn -14.5455227 -71.6098785 -3.9096415
vn -14.0569925 -71.8089218 -0.843874395
vn -8.00198841 -72.2005692 8.82488728
vn -14.5660782 -71.2154617 -8.42730141
vn -13.7174978 -71.6449051 5.80269623
vn -8.77736664 -71.6638794 -11.9196625
vn 14.4777699 -71.6189041 -3.99499965
vn 14.5889635 -71.208931 -8.44288635
vn 0.00384810613 -71.9969864 -13.0868607
vn 14.0464602 -71.8109207 -0.849160016
vn 8.81080341 -71.6595993 -11.9207106
vn 13.8606367 -71.8239288 2.00960231
vn -13.9251738 -71.813652 1.92912924
vn 13.7466774 -71.6378632 5.82041311
vn -2.81263852 -73.0897064 -2.19471574
vn 0.00121071015 -73.1536407 -1.83764637
vn 0.000942638086 -73.1729431 -0.743022263
vn -2.16262484 -73.1410446 -0.737068653
vn 2.8301158 -73.0886383 -2.2075336
vn 2.16118145 -73.1410828 -0.73705399
vn 3.1147995 -73.1058273 0.817664027
vn 0.00141411251 -73.1758575 0.355243295
vn -3.09205699 -73.1069489 0.803707957
vn 39.2576218 30.8258324 -53.511116
vn -8.57735443 47.8116417 -54.7294083
vn -8.46956348 45.581955 -56.6161194
vn 20.2319546 43.0316353 -55.6217499
vn 45.4075279 30.8893013 -48.361557
vn 56.065136 15.4953003 -44.4007645
vn 61.019268 0.823585093 -40.383194
vn 60.9076271 2.04730701 -40.5080376
vn 64.549057 -4.98605108 -34.1085243
vn 63.3772545 -7.70173359 -35.7608643
vn 64.4488373 -19.3808575 -28.7325935
vn 51.5450058 -40.6909561 -32.2829781
vn -28.9212742 47.9206085 -47.1381798
vn -65.8589325 21.9105034 -23.1810913
vn -51.5767441 37.9189301 -35.4517517
vn -29.7288055 42.7979126 -51.3747978
vn 13.4764204 10.1137629 71.2104721
vn -2.13662529 9.80039692 72.4860001
vn -0.204477057 -10.2217207 72.4589996
vn 14.5010948 -9.38454151 71.1089401
vn 33.2506676 -8.48723888 64.6312027
vn 30.6860867 10.3255596 65.6245422
vn 27.0077629 22.6029091 64.1445389
vn 13.7968636 27.4873562 66.3997269
vn -4.4221406 28.5600281 67.2279739
vn -17.2210884 7.39326143 70.7361755
vn -14.4550848 -11.811141 70.7557678
vn -21.3867512 23.9989357 65.7380295
vn -32.2158813 17.4944134 63.3317871
vn -33.050499 5.17538166 65.0823517
vn -32.0730629 -13.6339998 64.3448944
vn -12.4239693 -28.7837448 66.120903
vn 1.27458549 -27.9289303 67.6253128
vn -29.1814442 -29.789938 60.131813
vn -26.6710415 -37.6300735 56.810791
vn -14.22229 -39.8411484 59.7096443
vn 1.69277 -39.7033691 61.4459915
vn 15.2788067 -26.521225 66.4681549
vn 17.8977909 -37.2426682 60.3944054
vn 30.9843788 -33.0774384 57.4515762
vn 32.8129082 -24.958004 60.4586029
vn 21.0100021 62.3193779 -32.0890465
vn -11.4016867 64.0969772 -33.412735
vn -11.7985916 70.9917908 13.2585955
vn 22.6568489 67.6683655 16.2015991
vn 53.5374298 45.102066 21.3161678
vn 54.1432266 42.5967293 -24.675127
vn -38.9191818 54.4226418 -29.6362171
vn -40.7735863 58.6585617 15.8594074
vn -62.4196281 34.7968445 -15.7417564
vn -61.0025673 34.2632256 21.4371414
vn -31.3761673 45.0777435 48.3566513
vn -8.59175587 54.2678032 48.3323822
vn -46.9156342 26.6345329 49.4404373
vn 17.6396923 50.8878479 49.538887
vn 40.4043007 34.1010513 50.5909309
vn -30.0462685 -66.3694382 -6.86673355
vn 5.0964489 -72.0771484 -11.564724
vn 3.46992326 -68.3726807 25.8450584
vn -30.0941086 -62.1978149 24.095829
vn -51.5619621 -47.0160027 22.0384083
vn -55.732193 -47.3915329 1.67233586
vn -56.2098198 -46.4797401 -5.9095273
vn -29.8825169 -62.9311256 -22.3951263
vn 5.56708813 -64.8172913 -33.5046158
vn 42.9942627 -58.5649681 -8.74468327
vn 36.9729767 -57.8905411 25.2292767
vn 64.2784958 -34.0677261 -7.90553331
vn 57.4395523 -39.0637627 23.0120068
vn 26.5511608 -48.5967445 47.835392
vn 2.43127775 -54.6121941 48.6459541
vn 44.3034935 -37.0898438 44.9040756
vn -21.4701271 -52.0277596 46.7651405
vn -39.2550392 -43.340374 43.9941597
vn 69.9963684 -16.3059483 -13.7643232
vn 71.5843201 -3.55470347 -14.7607765
vn 69.1760635 -6.52513075 22.9548836
vn 65.7967834 -23.3097305 21.9606724
vn 69.5400238 14.3158855 -17.7220669
vn 67.3694763 15.5298824 23.9793434
vn 51.8373451 12.7637787 50.0480576
vn 55.1098366 -7.47404671 47.5592003
vn 52.7253342 -24.6766014 44.3388863
vn -72.5896072 9.19495487 -1.01741791
vn -71.7039185 -14.2749176 3.09954286
vn -67.2585754 -15.7657223 24.1362228
vn -68.5305405 6.58573389 24.799696
vn -71.72715 -13.360157 -5.61720514
vn -66.8385925 -29.5132885 4.04970026
vn -61.5765266 -32.6571579 22.2861843
vn -67.7070541 -27.7047234 -1.74230635
vn -48.2717934 -32.2102661 44.5776291
vn -53.000164 -15.2753181 48.088253
vn -53.2055779 5.09305286 49.9805946
vn -0.000119988101 -73.1767197 1.19220012e-05
vn 0 -73.1767197 1.19220012e-05
vn -8.11617138e-05 -73.1767197 1.19220012e-05
vn -6.90963425e-05 -73.1767197 1.19220012e-05
vn -0.000122169484 -73.1767197 1.19220012e-05
vn -0.00011998821 -73.1767197 1.19220012e-05
vn -8.11618011e-05 -73.1767197 1.19220012e-05
vn -0.000131525696 -73.1767197 1.19220012e-05
vn -0.000214924148 -73.1767197 1.19220012e-05
vn -0.000175217356 -73.176712 1.19220003e-05
vn -0.00015879549 -73.1767197 1.19220012e-05
vn -4.79087357e-05 -73.1767197 1.19220012e-05
vn 4.79086884e-05 -73.1767197 1.19220012e-05
vn 5.95143611e-05 -73.1767197 1.19220012e-05
vn 3.96396754e-05 -73.1767197 1.19220012e-05
vn 4.79086921e-05 -73.176712 1.19220003e-05
vn -7.21279097 67.9897385 -26.0806942
vn -2.05024886 72.5400772 -9.41096973
vn 21.9462032 68.0393982 -15.6153107
vn 16.8064919 63.4350815 -32.3784637
vn 43.630249 55.6372299 -18.860857
vn 38.4983902 50.9709435 -35.7025108
vn 60.3878593 36.8285446 -18.7562485
vn 55.2529182 32.1042595 -35.6547966
vn 70.1968536 13.8823938 -15.3138628
vn 65.0554657 9.11041546 -32.2431183
vn 71.8741684 -10.433279 -8.94889832
vn 66.7291641 -15.2414837 -25.8795052
vn 65.2175674 -33.1860962 -0.429115474
vn 60.0735016 -38.0221024 -17.3299255
vn 51.0299454 -51.6314964 9.21765518
vn 45.8880005 -56.4890671 -7.62294292
vn 31.0221882 -63.5449486 18.8280602
vn 25.8768749 -68.4172516 2.07358408
vn 7.6083703 -67.4890823 27.2427616
vn 2.44782758 -72.3648071 10.5912609
vn -16.3876705 -62.9885864 33.447197
vn -21.5769119 -67.8497314 16.9021587
vn -38.0727272 -50.5858765 36.6928902
vn -43.2996712 -55.4092636 20.2431049
vn -54.8301811 -31.7773666 36.5880127
vn -59.2180824 -37.6876717 20.6806755
vn -65.441803 -8.44984913 31.6354733
vn -69.7448044 -13.9483051 17.2029095
vn -67.5236893 14.711482 24.061512
vn -71.4545822 12.3011122 9.88729858
vn -60.5786972 37.2593231 17.2277832
vn -64.7494354 34.0658226 1.36472964
vn -45.472065 56.6825829 8.61440277
vn -50.7115784 52.1666603 -7.86180258
vn 21.0195236 19.1029549 67.4395218
vn -25.4647102 68.5958405 -0.995987594
vn -30.6628857 64.0784378 -17.5662441
vn -32.1367416 61.3145676 -23.7189045
vn -9.14436913 64.9520645 -32.4413643
vn -51.8513527 49.7472153 -13.8377542
vn -50.7959137 52.6673851 0.868088484
vn -47.2201462 24.3477993 50.3217049
vn -45.96455 -2.69226646 56.8756905
vn -45.2513885 -51.1653557 26.2535782
vn -44.5449829 -56.3720856 13.8839636
vn -23.190546 -68.6465378 10.2315073
vn 0.355305374 -73.0862656 3.61993647
vn 23.2388802 -69.1982727 -5.13670254
vn 42.7175217 -57.495945 -14.9753609
vn 56.482563 -39.4166908 -24.7159386
vn 62.9199181 -17.1344261 -33.2013168
vn 61.281189 6.6993866 -39.4279976
vn 51.7598343 29.2585659 -42.657795
vn 35.4707069 47.8586502 -42.4995422
vn 14.3319378 60.2634926 -38.9581642
vn -0.227583885 4.87563038 73.0137558
vn 45.5163155 1.91650164 57.2662582
vn 39.5770912 53.880497 29.7553062
vn -0.25500083 43.0490685 59.1738548
vn 39.5678825 38.3319054 48.1651192
vn 54.9837418 -5.22285461 48.0035553
vn -0.233968288 70.3467636 20.1521606
vn 52.4486656 33.0238075 38.9024162
vn 37.1596794 61.0164146 15.8426104
vn 48.3793335 -31.9091759 -44.6774788
vn -0.248475373 -37.6101227 -62.7714043
vn -4.7181983 -35.5765686 -63.7720833
vn -12.215806 -28.7411537 -66.1781845
vn -17.7548695 -18.7697296 -68.4638214
vn -19.0684853 -13.2657337 -69.3919678
vn 41.947422 -12.6233587 -58.6165276
vn 41.5715141 -3.85325265 -60.0982018
vn -15.0328035 -5.33936834 -71.4166565
vn -5.83934832 18.0890942 -70.6648407
vn 43.6869125 15.8112221 -56.5357475
vn 3.40480351 36.7572632 -63.1834106
vn 7.24833679 41.028492 -60.1577606
vn -2.83367848 -66.9399338 -29.425293
vn -3.9078815 -39.8285065 -61.2637863
vn -1.70301962 -41.2039528 -60.4496994
vn 48.3053169 -31.9892368 -44.7003059
vn 0.227855906 -38.332901 -62.3327293
vn 72.862236 -2.8501265 -6.14844465
vn 72.3676147 -10.003871 -4.20522833
vn 72.8411026 0.340105236 -6.99222326
vn 72.4151611 -9.60482788 -4.31560135
vn 72.4368134 6.01617432 -8.45854568
vn -21.0195408 -19.1029339 -67.4395294
vn -6.23646116 69.516037 -21.9877033
vn 17.7189922 64.8117142 -28.9881134
vn 39.3918762 52.1485596 -32.9186783
vn 56.1545944 33.0542336 -33.3003197
vn 65.97612 9.83875465 -30.0862656
vn 67.6680222 -14.6902466 -23.6657391
vn 61.0259285 -37.5657883 -14.8148546
vn 46.8535309 -56.0212631 -4.60403156
vn 26.8680458 -67.8240509 5.7305274
vn 3.49395585 -71.5505829 14.9378214
vn -20.4377613 -66.7626724 21.9060764
vn -42.0374184 -54.0562172 25.799469
vn -22.1084061 -69.5091019 -5.87667322
vn -2.10223534e-05 66.8292542 29.8107758
vn -1.4804079e-05 22.5916481 69.6020813
vn 0 -14.1984501 -71.7860489
vn -0.000109822504 -59.608799 -42.4455452
vn 0 -14.7147665 -71.6819992
vn 0 14.1311846 71.799324
vn -25.5471344 53.5396347 -42.844883
vn -49.4816017 53.8554802 -2.44742179
vn -29.5751648 65.7047119 -12.7684479
vn 0 -22.3308105 -69.686203
vn 0 -22.1246815 -69.7519226
vn -0.000106447667 -43.5812378 58.7835693
vn 0 30.4850903 -66.5243683
vn -10.5360527 -72.4142303 0.0501312502
vn -12.5800056 -70.6426773 14.359251
vn -10.3370571 -71.8710861 -9.08424664
vn -0.819466591 -72.83078 -7.05955648
vn 1.4384222 -73.1624908 -0.114614837
vn -0.906215608 -72.83078 7.04906511
vn -0.0397010185 -72.3136139 -11.2059021
vn -7.05719042 -72.2219162 -9.43521214
vn 11.4306278 -70.9671631 -13.7053041
vn 10.3032007 -72.2260971 -5.66278601
vn 1.93850732 -73.1358643 -1.4897747
vn 11.6251364 -55.4964104 46.2583694
vn -4.67282009 -73.0168533 -1.23943067
vn -8.36262608 -72.4217377 -6.32377529
vn -14.5794086 -71.6821289 1.98627532
vn -1.95150244 -71.7222595 -14.3854227
vn 4.3528285 -72.7128983 -6.97991276
vn 1.21766686 -73.1600113 0.980503201
vn -5.67042446 -72.7052536 6.05183554
vn 15.4966478 -28.1766319 65.7325211
vn -7.22781408e-07 24.9548264 -68.7901764
vn -3.81889748e-07 54.9288101 -48.3493347
vn 27.4645443 47.5696487 -48.3493538
vn 12.4775114 21.6117954 -68.7900696
vn 0.000106596657 69.8340454 -21.8641033
vn 0.000106830259 72.4625854 10.1983671
vn 36.2310333 62.75457 10.1984215
vn 34.9170227 60.4780121 -21.8642082
vn 1.42019439e-06 67.4894791 28.2843151
vn 2.67138989e-06 61.2835617 39.9894524
vn 30.6420307 53.0730743 39.9893341
vn 33.7446136 58.4475975 28.2844772
vn 1.38170105e-06 34.3738556 64.600853
vn -4.7039307e-06 -5.1581068e-05 73.176712
vn 17.1869831 29.7688694 64.6007233
vn 7.22793516e-07 -9.7299242e-05 -73.1767197
vn 21.6116657 12.4775238 -68.7901077
vn 60.4779663 34.9170074 -21.8643723
vn 47.5696945 27.4643707 -48.3494034
vn 58.4476166 33.744606 28.2844429
vn 62.7543678 36.2313957 10.1984434
vn 29.7687569 17.1869335 64.6007996
vn 53.073288 30.6417885 39.9892464
vn 67.4894943 -3.79977064e-05 28.2842751
vn 72.4625854 -7.44209974e-05 10.1983767
vn 34.3738632 -5.61653978e-05 64.600853
vn 61.2836418 -3.77536744e-05 39.9893532
vn 54.9287033 -2.4680241e-05 -48.3494568
vn 24.9549141 -0.000101509875 -68.7901459
vn 69.8340073 -3.58753714e-05 -21.8642254
vn 47.5695686 -27.4645462 -48.3494263
vn 21.6116085 -12.4776125 -68.790123
vn 62.7544136 -36.2313309 10.1983528
vn 60.47789 -34.9171944 -21.8642788
vn 53.073143 -30.6419201 39.9893341
vn 58.44767 -33.7446747 28.2842522
vn 29.7685108 -17.1868687 64.600914
vn 30.6415939 -53.073349 39.9892998
vn 33.7446365 -58.4476395 28.2843704
vn 17.1867962 -29.7685604 64.6009369
vn 12.4775543 -21.6115665 -68.7901459
vn 34.9169807 -60.4779663 -21.8643894
vn 27.4644012 -47.5696716 -48.349411
vn 36.2312317 -62.7544556 10.1984272
vn 3.16217381e-07 -24.9550323 -68.7901001
vn -1.48567108e-06 -69.833931 -21.8644371
vn -1.90944525e-06 -54.9286194 -48.3495445
vn 1.06514301e-06 -67.4894333 28.2844086
vn -7.88422085e-07 -72.4625626 10.1985254
vn 1.10536394e-06 -34.3739662 64.6007996
vn 0 -61.2837372 39.989193
vn -17.1868019 -29.7685452 64.6009369
vn -30.6416016 -53.073349 39.9892883
vn -27.4643974 -47.5696754 -48.3494072
vn -12.4775543 -21.6115665 -68.7901382
vn -36.2312355 -62.7544556 10.1984301
vn -34.9169922 -60.4779663 -21.8643913
vn -33.7446365 -58.4476395 28.2843704
vn -47.5695724 -27.4645424 -48.3494263
vn -21.6116085 -12.4776115 -68.790123
vn -62.754406 -36.2313309 10.1983604
vn -60.47789 -34.9171982 -21.8642807
vn -53.0731468 -30.641922 39.9893227
vn -58.44767 -33.7446861 28.2842503
vn -29.7685261 -17.1868496 64.6009293
vn -34.3738594 -5.39546709e-05 64.600853
vn -24.9549065 -0.000108331122 -68.7901535
vn -69.8340073 -2.65899525e-05 -21.8642101
vn -54.9287491 -5.0075847e-05 -48.3493996
vn -67.4894943 -4.40335243e-05 28.2842751
vn -72.4625778 -4.72205356e-05 10.1983709
vn -61.2836571 -4.04250786e-05 39.9893265
vn -60.4780197 34.9169579 -21.8642998
vn -47.5698204 27.4642982 -48.3493156
vn -58.4476128 33.7446098 28.2844448
vn -62.7543449 36.2314262 10.1984215
vn -29.7687721 17.1868973 64.6007996
vn -53.073288 30.6417866 39.9892426
vn -21.6116638 12.4775181 -68.7901154
vn -27.4646282 47.5696144 -48.3493347
vn -12.4775066 21.6117954 -68.7900696
vn -36.2309418 62.7546272 10.1984196
vn -34.9169998 60.4780388 -21.8641853
vn -30.6420269 53.0730743 39.9893456
vn -33.7446098 58.4476013 28.2844734
vn -17.1869926 29.768837 64.6007385
vn 69.8851471 -18.7257214 -10.9656277
vn 72.2921829 1.65293909e-06 -11.3433933
vn 72.2921829 5.52110987e-06 -11.3433914
vn 69.8851242 18.725729 -10.9657774
vn -5.50252082e-07 47.2035103 -55.9165459
vn 1.75681253e-05 60.4016647 -41.3094597
vn 22.1283665 59.0874443 -37.0653648
vn 28.9813442 45.4698601 -49.4712639
vn -7.45554644e-05 71.8655319 -13.7905331
vn -6.58381722e-08 73.1767197 -4.74564058e-06
vn 7.78838539 71.682518 -12.4815865
vn -1.01642527e-05 26.6793785 -68.1398849
vn 34.2509041 25.3429661 -59.4932098
vn -2.85167844e-05 67.9831085 -27.0763397
vn 14.9060745 67.3152084 -24.5214729
vn -1.79516755e-05 14.6653566 -71.6921082
vn 35.6397972 13.7082558 -62.4237175
vn 13.8261223 71.2708817 -9.17233467
vn 26.4254341 65.8151398 -18.0248871
vn 56.6368103 22.6298771 -40.4350548
vn 58.6532364 11.908637 -42.104805
vn 38.4675331 56.2331886 -26.7003765
vn 49.0585327 41.8514557 -34.591156
vn 17.4883327 70.893959 -4.79960489
vn 59.5256157 38.8628464 -17.3554668
vn 67.3878708 20.5082264 -19.8272457
vn 33.3684311 64.4384384 -9.43755627
vn 69.4377594 10.613718 -20.5080204
vn 47.7436638 53.7278557 -13.7365208
vn 35.6652069 63.8969955 9.68584754e-06
vn 50.6960297 52.7706795 5.57822113e-06
vn 62.6759415 37.7698097 8.62694651e-06
vn 18.70047 70.7469025 -3.8289636e-07
vn 70.4574966 19.7629318 3.2164633e-05
vn 72.4654541 10.1779146 4.37211129e-05
vn 17.4885864 70.8939133 4.79959154
vn 33.3683014 64.4385071 9.4375639
vn 67.3878632 20.5082455 19.8272343
vn 69.4377518 10.6137877 20.5079937
vn 47.7436295 53.72789 13.736537
vn 59.52565 38.8628082 17.3554573
vn 38.4674454 56.2332344 26.7003841
vn 49.0585747 41.8514328 34.5911217
vn 13.8258953 71.2709198 9.17231655
vn 56.6368446 22.6298542 40.4350166
vn 26.4254303 65.8151398 18.0248718
vn 58.6532288 11.9086294 42.1048203
vn 14.9059973 67.315239 24.5214748
vn 22.1283531 59.0874557 37.065361
vn 28.9814224 45.4698792 49.4712029
vn 7.78853893 71.6825104 12.4815769
vn 34.2509079 25.3429375 59.4932175
vn 35.6397247 13.7081633 62.4237785
vn 1.57739032e-05 47.2035828 55.9164886
vn 0 26.679369 68.1398773
vn -9.10066592e-06 71.8655243 13.7905216
vn 5.29723593e-06 67.9831161 27.0763474
vn 0 14.6652212 71.6921463
vn 2.93997145e-05 60.4016914 41.3094254
vn 9.59791396e-06 5.93681145 -72.9355011
vn 8.54625705e-06 5.93681145 -72.9355011
vn 38.2051926 2.81560993 -62.3479576
vn 35.856369 3.2456975 -63.707283
vn 60.1966934 -1.19730484 -41.5903473
vn 59.2539597 -1.03973329 -42.9269066
vn 70.2904816 -2.99247694 -20.1277237
vn 70.0972214 -2.95692444 -20.7958908
vn 73.0918045 -3.52421856 -1.88835611e-06
vn 73.0918045 -3.5242188 -1.86792795e-06
vn 70.2904739 -2.99253225 20.1277466
vn 70.0972061 -2.9569788 20.7959194
vn 60.1966705 -1.19730067 41.5903816
vn 59.2539368 -1.03972101 42.9269371
vn 38.2052307 2.81569338 62.3479347
vn 35.8564148 3.2457819 63.7072525
vn -7.83407268e-06 5.93691206 72.9354858
vn -7.38301605e-06 5.93691111 72.9354858
vn -22.5379066 64.1305542 -27.0951576
vn -21.746357 63.8060379 -28.4731026
vn -20.507988 70.1116638 4.31391621
vn -21.0899277 69.781456 6.37141657
vn -19.5423145 44.0904617 -55.0359955
vn -18.9941463 43.4224548 -55.7543297
vn -33.1990738 60.9834251 -23.1014233
vn -31.1113644 43.1605148 -50.2402611
vn -31.2021961 65.7030411 8.02276802
vn -16.3189678 61.10952 36.7987862
vn -16.0142746 62.0457573 35.3369446
vn -26.5581799 57.7734604 36.2177162
vn -10.5293016 41.1878281 59.5611382
vn -21.5087414 39.6677666 57.607933
vn -9.69039631 41.8198814 59.2623482
vn -20.2546902 62.0937614 32.9991646
vn -24.5111618 68.9103622 2.32305765
vn -14.0690279 42.5748596 57.8297195
vn -21.9824886 62.7510796 30.5598392
vn -17.1029797 43.8001709 56.070179
vn -25.4579582 68.6021118 0.689221859
vn -25.8897381 62.069828 -28.8425217
vn -26.9661922 61.6178551 -28.8252811
vn -23.9103851 42.2597656 -54.7470398
vn -26.2666435 42.3007851 -53.6240578
vn -7.55676651 -39.6847572 -61.0151443
vn -20.2626381 -41.8111115 -56.5339584
vn -16.9347115 -36.1809959 -61.3105507
vn -6.29449463 -34.0781555 -64.4506912
vn -9.93377209 -39.3662415 -60.8806305
vn -23.2348595 -40.3403931 -56.4590721
vn -6.01679182 -22.4752064 -69.379364
vn -15.3351707 -23.9634991 -67.4197006
vn -72.1271515 -11.778244 -3.71202374
vn -47.5532608 -35.2720909 -43.0046387
vn -46.2434273 -35.5595894 -44.1802406
vn -72.0897141 -12.0264387 -3.64273119
vn -17.5338688 -12.4870987 -69.9390335
vn -7.3199954 -13.4765368 -71.5516052
vn -29.1064014 -27.7011623 -61.1579475
vn -30.7934513 -39.8586693 -53.083725
vn -29.9383678 -11.9286118 -65.6980515
vn -43.3842125 -36.0705185 -46.5999985
vn -39.3177567 -22.7798634 -57.3587265
vn -44.7351494 -43.9726219 -37.6829796
vn -34.2844734 -43.7347832 -47.6096153
vn -46.7684364 -44.4651947 -34.5020409
vn -38.0501595 -40.0147552 -48.0191345
vn -50.5101166 -38.7030106 -36.1336098
vn -1.48868966 -66.9520416 29.496439
vn -0.832578659 -65.9044266 31.7921982
vn -3.04523277 -73.0889206 1.88917029
vn -3.39382792 -73.0923309 0.908063591
vn -1.42424107 -47.8529091 55.343502
vn 0.160362571 -45.617672 57.2174301
vn -12.6422129 -67.9233093 24.1128559
vn -13.4676161 -52.1120338 49.5761223
vn -14.6435127 -71.676445 -1.69924486
vn -7.40421915 -66.7432785 -29.0748081
vn -6.3366065 -66.9551468 -28.8390179
vn -20.0860901 -64.1978149 -28.810112
vn -11.7374697 -45.0733719 -56.4398308
vn -25.8212357 -42.5346107 -53.6554146
vn -9.60618687 -46.1485825 -55.9719734
vn -12.7889051 -66.1309738 -28.6002026
vn -9.92396355 -72.4905167 1.21325958
vn -15.2757635 -46.8424149 -54.1042671
vn -17.8088722 -65.0196152 -28.4627171
vn -19.8614025 -46.9957314 -52.4571953
vn -15.4716091 -71.5224075 -0.0821090266
vn -7.43732738 -65.7598953 31.2274609
vn -13.053772 -65.7672882 29.3103161
vn -5.63202238 -46.1858559 56.4799042
vn -11.0030746 -47.3896904 54.6624413
vn -2.72516155 3.87754679 -73.0230789
vn -2.46904731 20.9876633 -70.0589294
vn -10.8455353 22.1855297 -68.8840256
vn -11.9257393 4.6900034 -72.0459137
vn -21.8138638 -39.641613 -57.5111275
vn -14.5343685 -22.6856937 -68.0363464
vn -29.7492046 6.89820671 -66.4998703
vn -26.740633 24.8331795 -63.4277878
vn -32.8049774 -18.8205795 -62.645443
vn -53.0397911 10.7243385 -49.2605438
vn -54.4104996 -16.1521816 -46.1891441
vn -47.46772 28.0873032 -48.0910759
vn -27.4958 24.6631527 -63.1707458
vn -11.2286863 23.2714958 -68.463028
vn -48.4946251 26.6005363 -47.9115295
vn -31.4879665 12.581624 -64.8463058
vn -53.3603973 14.7287073 -47.859848
vn -13.5612192 11.7184858 -70.9478912
vn -2.57718897 22.7688122 -69.4965515
vn -3.58073974 11.8816566 -72.1168213
vn -36.0562859 -62.5972633 11.6773129
vn -34.7463837 -62.785717 14.3343763
vn -36.4162178 -63.2511406 -5.29003572
vn -37.2851143 -62.6909523 -5.87337255
vn -35.8548737 -51.7912521 37.2414551
vn -34.7848663 -52.175827 37.716423
vn -42.1970863 -58.9705887 9.83404255
vn -38.7468376 -48.5453186 38.6893578
vn -43.6560287 -58.5247498 -4.88234997
vn -41.5398598 -52.999115 -28.6420135
vn -41.1772194 -54.1507988 -26.9621849
vn -47.1031189 -48.2508049 -28.4251461
vn -40.7506256 -27.2629948 -54.322628
vn -44.4293327 -31.2653294 -49.0239334
vn -35.5369949 -57.920208 -27.151495
vn -29.6564808 -66.7775116 -4.01117468
vn -41.0867844 -36.3125076 -48.4573135
vn -27.4282856 -65.3621826 18.1743469
vn -28.1631317 -52.9797401 41.8905411
vn -6.35135221 18.5597458 70.498436
vn -4.34863949 18.6636963 70.6228638
vn -1.48374856 -0.84247458 73.1568298
vn -4.25487947 -1.64800096 73.0343246
vn -18.3204517 17.923975 68.5414047
vn -16.9364166 -4.21038818 71.0651932
vn -2.59640169 -23.0553398 69.4013138
vn -0.104876019 -21.0386543 70.087059
vn -15.2054844 -27.9473763 65.8981857
vn -4.87739754 -22.0121384 69.6168747
vn -5.66085768 -1.47219968 72.9425735
vn -9.99215889 -23.4697762 68.5868683
vn -10.5141973 -2.24695587 72.3825607
vn -8.54274178 18.8473034 70.1899796
vn -12.7382421 19.2459679 69.4417877
vn 4.38984728 21.8494816 69.7005234
vn 4.92844677 21.9503632 69.632782
vn 4.82221174 -0.00515768211 73.0176544
vn 4.52036047 -0.111015297 73.0368805
vn 4.24077177 47.6812859 55.3474731
vn 5.22514391 47.7085724 55.2396774
vn 2.25810814 21.5850964 69.8843079
vn 1.53881764 47.643898 55.5204735
vn 2.67275929 -0.472743511 73.126358
vn 4.72545147 -22.0417519 69.6179733
vn 4.96406412 -21.9606972 69.6269913
vn 2.97336769 -22.4374809 69.5884399
vn 4.8932538 -47.7656555 55.2207489
vn 2.9542098 -48.1008034 55.0673866
vn 5.30201626 -47.7147942 55.2269783
vn 5.17183208 -21.9657326 69.6102753
vn 5.01248312 0.000119661578 73.0048447
vn 5.61134529 -47.7266769 55.1861343
vn 5.33154821 -22.0521183 69.5709
vn 5.78423357 -47.8255463 55.0825882
vn 5.16633654 0.000114189279 72.9941177
vn 5.17179012 21.9657402 69.6102905
vn 5.33136797 22.0523167 69.5708618
vn 5.61117887 47.7267532 55.1860886
vn 5.78360987 47.8253517 55.0828323
vn -2.0383985 -13.7712822 71.8403015
vn -2.12523341 2.05767655 73.1169052
vn -7.23327732 3.37537289 72.7400818
vn -9.317523 -14.8975725 71.0357513
vn -2.34964418 -32.9783707 65.2819901
vn -11.1022968 -34.5513077 63.5435104
vn -23.4018154 -18.1878452 66.9058228
vn -18.259079 5.30523634 70.6632309
vn -27.2290096 -38.3720055 56.0446548
vn -30.4258881 -23.3533096 62.3195038
vn -24.2835827 5.32524872 68.8242798
vn -17.5418453 31.1247311 63.8620911
vn -6.77119446 21.1063881 69.7388306
vn -20.8243904 37.1755562 59.4908066
vn -19.4599724 44.3356285 54.8679733
vn -24.6553173 51.9479256 45.2588196
vn -8.00515652 32.0257225 65.3077545
vn -2.41653585 15.5920696 71.4554443
vn -2.51866007 23.7418156 69.1723557
vn -48.0022202 54.1146545 -11.0555048
vn -30.4843864 64.9292603 -14.4819269
vn -26.4069939 66.0247726 17.2693577
vn -51.1101151 50.7443771 12.9459085
vn -33.1903954 54.6987801 -35.5144043
vn -30.3765163 53.13908 -40.104084
vn -59.445179 41.5190849 -9.86247444
vn -43.9953041 48.2636414 -33.013134
vn -64.2913589 34.3170395 6.61776209
vn -27.7141666 56.1048012 37.9342651
vn -21.4646931 59.740509 36.4029045
vn -52.8001518 42.5528984 27.4995861
vn -16.3299999 52.8781548 47.8755112
vn -23.0777912 47.1050758 51.0231247
vn -32.17136 56.2886581 33.9326096
vn -34.7953453 63.6188393 9.83665943
vn -30.3767643 40.050148 53.1795959
vn -37.2913513 60.5703697 -17.1877155
vn -38.4955673 45.5637932 -42.389431
vn -32.1895599 2.88707018 -65.6530991
vn -32.1499519 26.5504513 -60.1355667
vn -25.6561413 26.2858925 -63.2901802
vn -22.4247513 0.964821517 -69.649353
vn -31.5572014 2.54730082 -65.9733734
vn -29.7103653 25.2532444 -61.9225349
vn -11.9266367 -0.215416744 -72.1979294
vn -18.6521721 25.1999912 -66.1202621
vn -24.6156044 37.8860321 -57.5634766
vn -27.6447411 38.7115288 -55.6059189
vn -11.740983 40.5866241 -59.7470284
vn -47.7223473 29.0106163 -47.2841835
vn -72.6314774 4.03402233 -7.95159149
vn -72.7240295 -6.20770311 -5.24523115
vn -41.1200104 -19.1599751 -57.4184074
vn -43.0621109 -27.6170292 -52.3238602
vn -72.4502258 -9.29705429 -4.40028763
vn -30.5564594 36.439785 -55.6172409
vn -28.568182 35.6513863 -57.1635323
vn -30.3927517 39.73806 -53.4041176
vn -31.0710697 40.3155022 -52.5745277
vn -30.6418457 42.4468803 -51.1289749
vn -34.8186035 -0.085338138 -64.3621826
vn -41.889389 -5.65317249 -59.7340279
vn -37.4518623 13.9414968 -61.3011055
vn -29.5724983 21.486908 -63.3925285
vn -26.1856766 41.0805511 -54.6033897
vn -33.0121498 33.5517769 -56.0295334
vn -38.5149269 24.6870728 -57.1137619
vn -39.6572571 6.6062851 -61.1431961
vn -27.7002678 21.5338459 -64.21698
vn -26.8845444 3.46938896 -67.9707108
vn -41.3770828 -11.9206562 -59.1664314
vn -27.3387909 -16.2777386 -65.8973389
vn -70.6463776 7.83457088 17.3937092
vn -71.9377975 5.12566996 12.390069
vn -71.6475677 13.9983492 -5.05022097
vn -71.2809372 16.3078976 -2.81291819
vn -60.6662865 10.2887096 39.6052551
vn -64.0291824 -2.41611552 35.3448639
vn -68.19561 12.8231487 23.2326946
vn -52.2989197 23.7247772 45.351841
vn -70.276886 20.3951721 -0.171907559
vn -66.3214645 25.5071964 -17.4836693
vn -68.6711731 17.0689907 -18.6481075
vn -62.0423813 34.0439415 -18.6167984
vn -58.2506447 30.337038 -32.2700882
vn -48.7031746 37.4814148 -39.7237549
vn -63.3871994 19.6992855 -30.8031597
vn -19.4774208 33.132019 62.2714348
vn -27.1668587 25.3921337 63.0240822
vn -31.2951546 -2.47308779 66.1009064
vn -25.3527145 1.96451294 68.6164093
vn -30.7683792 -28.2148438 60.1004295
vn -33.4728546 -30.498867 57.4823418
vn -29.3198776 -30.8046074 59.5504227
vn -30.2405128 -5.27029133 66.4271545
vn -29.897541 18.952713 64.0450134
vn -58.991478 -40.8508568 -14.3542843
vn -62.2547493 -38.4241257 1.66257131
vn -58.5402527 -43.9075203 -0.000263496768
vn -56.2832489 -44.0756989 -15.6320591
vn -63.2078743 -33.3498573 -15.7284479
vn -67.0300598 -29.2539654 2.45104194
vn -53.2007599 -45.6302452 -21.0331173
vn -53.0332794 -50.3680763 -2.31527328
vn -50.5025406 -52.0799942 9.59171677
vn -55.8383408 -45.6052361 12.5329428
vn -43.0211487 -53.2135162 25.9294319
vn -46.2080231 -49.3929482 27.9282665
vn -59.9164619 -38.4587059 16.9049721
vn -49.7969818 -40.3719215 35.2874146
vn -64.2406082 -27.9068832 21.1939297
vn -52.3454475 -28.6481419 42.3564644
vn -13.5199118 -18.070509 -69.609642
vn -11.3126297 -20.1276932 -69.4387054
vn -12.4282274 0.131411016 -72.1134796
vn -13.9743586 2.14990592 -71.7978287
vn -15.5674009 20.8243923 -68.4020004
vn -14.8056145 19.4393368 -68.9763489
vn -20.2705536 18.2865562 -67.8935776
vn -17.8256626 -1.85842597 -70.9480438
vn -24.0507526 18.2114601 -66.6688538
vn -22.2578297 -2.73368335 -69.6559219
vn -16.6082687 -22.3538094 -67.6705704
vn -21.1077461 -23.585125 -65.9775467
vn 2.68873787 67.2271271 -28.7769985
vn 5.00035763 67.1233139 -28.7104282
vn 5.18451548 72.9928131 0.0449807234
vn 3.24848557 73.1045609 0.0470793732
vn 2.09994721 47.8286972 -55.3429184
vn 4.66715574 47.788559 -55.2204971
vn -1.75927782 67.1684494 -28.9850979
vn -2.69821286 47.5970688 -55.5163994
vn -0.690799236 73.1734009 -0.0903387368
vn 3.79438734 67.1419754 28.8511791
vn 5.29102707 67.0692368 28.7846375
vn 0.438999087 67.2453537 28.8565788
vn 5.85277987 67.0494385 28.7219563
vn 5.90218687 72.9383011 2.09990885e-05
vn 6.03103781 67.0543594 28.6735363
vn 6.08215523 72.9235153 1.88488284e-05
vn 5.85284805 67.0493851 -28.7220497
vn 6.0312562 67.0542908 -28.673645
vn 5.611269 47.7267456 -55.1860809
vn 5.78401518 47.8253822 -55.0827675
vn 2.04750633 -22.1378307 -69.7176971
vn 4.25713396 -21.9962387 -69.6625748
vn 4.07943058 -0.00518693822 -73.0629196
vn 1.68021142 -0.13210091 -73.1573105
vn 2.80363226 -47.9201851 -55.2324905
vn 4.74477148 -47.7952042 -55.2081299
vn -2.14184332 -22.5820351 -69.5722427
vn -0.980499744 -48.1485977 -55.0961266
vn -2.80505347 -0.631110072 -73.1202164
vn 1.67372823 21.9241085 -69.7951508
vn 4.22107315 21.9857044 -69.6680832
vn -3.04982328 21.5135136 -69.8763123
vn 5.17193651 21.9657745 -69.61026
vn 5.01253653 9.48221714e-05 -73.004837
vn 5.3319664 22.0525475 -69.5707321
vn 5.16659594 0.000152135777 -72.9941025
vn 5.17191935 -21.9657536 -69.6102753
vn 5.33173656 -22.0520439 -69.5709152
vn 5.61143875 -47.7266617 -55.186142
vn 5.78462553 -47.8254738 -55.0826111
vn 4.65081596 -67.1211395 28.7742043
vn 5.39922523 -67.0645065 28.7755508
vn 5.30257607 -72.9843292 0.0449222028
vn 4.17544031 -73.0575027 0.0269730855
vn 2.33178163 -67.3453293 28.5307293
vn 1.42958105 -73.1619797 -0.335912615
vn 3.57837343 -67.2074585 -28.7260475
vn 5.1089406 -67.1189499 -28.7015362
vn 0.363054901 -67.2223663 -28.9111538
vn 5.85279846 -67.049469 -28.7218628
vn 5.90184736 -72.9383392 2.17831839e-05
vn 6.03173876 -67.05439 -28.6733379
vn 6.0821557 -72.9235153 2.6173575e-05
vn 5.85279894 -67.0494766 28.721838
vn 6.0316968 -67.0543823 28.6733227
vn -11.8690538 -66.6016769 27.8957691
vn -7.22610569 -67.3958588 27.5755997
vn -8.96661568 -72.6129684 -1.33768857
vn -13.9408722 -71.8290558 -1.03514481
vn -10.2382288 -48.4536171 53.872612
vn -5.91035223 -48.8290863 54.1813698
vn -15.9568586 -65.3806152 -28.7330208
vn -10.8525562 -66.3119507 -28.9789524
vn -17.9585114 -47.5844803 -52.6121826
vn -12.8783264 -48.1837997 -53.5471916
vn -4.89908743 -66.9729385 -29.0767632
vn -3.38068557 -73.0918121 -0.995314837
vn -6.72179604 -48.3652458 -54.5018578
vn -2.05607414 -67.5731049 28.0085716
vn -1.0663594 -48.6008644 54.6959915
vn -19.3731594 -23.9291 -66.3845673
vn -14.3046513 -23.7534771 -67.7198792
vn -15.1780462 -1.96670806 -71.5583115
vn -20.4483471 -2.47499394 -70.2180252
vn -21.4870567 19.1380138 -67.2820511
vn -15.7334061 19.9431305 -68.6262589
vn -22.3652344 43.9730721 -54.046257
vn -15.9022303 45.5984764 -54.9793587
vn -9.30609894 20.7138271 -69.5641098
vn -8.9252739 -1.38126481 -72.6172485
vn -9.12960911 46.8220749 -55.4903259
vn -8.1255846 -23.260149 -68.9040833
vn -21.9669876 63.4461784 -29.1009693
vn -14.918766 65.3983612 -29.2458096
vn -13.2747955 71.9616699 -0.360845059
vn -20.4161701 70.2706757 -0.209676415
vn -17.8518085 64.7010727 29.1533318
vn -11.1731777 66.3291931 28.817194
vn -14.5542746 45.6117134 55.3405571
vn -8.78025055 46.8865852 55.4922333
vn -4.81753492 67.0808868 28.8405724
vn -6.50639677 72.8864365 -0.258622348
vn -3.07420588 47.434185 55.6361275
vn -7.99836206 66.6236038 -29.1916866
vn -11.5964975 20.014719 69.4245224
vn -6.74800014 20.7207813 69.8566055
vn -5.72699261 -1.70749819 72.9322815
vn -10.0614986 -2.24439907 72.4469604
vn -9.55805588 -23.9882889 68.4692535
vn -5.36331129 -23.7183762 69.018158
vn -0.784919798 -23.1266232 69.4217224
vn -1.11662316 -1.07494068 73.1603088
vn -1.77250814 21.1900253 70.0190964
vn -11.3654165 -39.1024132 -60.8001709
vn -18.9336834 -37.1798782 -60.1165886
vn -22.3224354 -39.6130486 -57.3353958
vn -14.1402864 -40.1581802 -59.5164223
vn -13.031394 -39.5127602 -60.1976433
vn -23.8000813 -39.1260262 -57.0748787
vn -37.3286171 -58.3378983 -23.6240463
vn -46.2495804 -31.8857517 -46.8946342
vn -72.2460403 -10.9445858 -3.94431639
vn -38.6262245 -36.42276 -50.3609886
vn -35.2935333 -38.0704346 -51.5736504
vn -53.4224968 -32.5438461 -37.9706078
vn -51.9970627 -35.4391327 -37.3524475
vn -34.1877174 -33.8917046 -55.1124763
vn -49.6570168 -33.6634178 -41.9021149
vn -62.424305 -34.0435944 -17.2936897
vn -66.7257385 -29.4181767 6.08920002
vn -69.4508667 -22.3914471 5.48010635
vn -65.1707993 -29.0907688 -16.1655941
vn -67.5981903 -17.2221813 -22.1068802
vn -70.0365677 -21.2044868 -0.285470784
vn -66.238884 -26.3680344 -16.4914799
vn -69.6689377 -22.0638943 3.77566075
vn -66.0030212 -19.2186813 25.0813847
vn -65.3934174 -17.034399 28.0777817
vn -53.8023224 -16.6605358 46.7179718
vn -53.6425323 -12.2753248 48.2351189
vn -64.080307 -21.2919464 28.1992798
vn -53.3015327 -13.7929573 48.2030525
vn -65.0128708 -24.0532131 23.4435806
vn -52.1340332 -20.4341564 47.1096649
vn -37.3905792 -9.60711956 62.1649361
vn -18.5852547 -7.61888742 70.3659897
vn -19.305151 -4.56321144 70.4366379
vn -37.4155655 -7.64382887 62.4217873
vn -34.4749908 -17.9724312 61.9943466
vn -15.2598238 -18.7631588 69.0645599
vn -36.1405487 -12.1288223 62.4626694
vn -18.6429253 -7.33097458 70.3813248
vn -32.8616295 -26.7871113 59.6439171
vn -15.7955904 -22.8758659 67.6906586
vn -3.40429401 -5.36072493 72.9006577
vn -3.05259871 -3.12202406 73.0463257
vn -3.62607861 -20.5234184 70.14608
vn -0.926461399 -9.19257641 72.5911102
vn 2.4560442 -20.1014881 70.3187714
vn -31.2926979 -40.917038 51.9749527
vn -13.9803848 -40.0397491 59.6338768
vn -13.0968018 -48.481163 53.2248383
vn -29.3483238 -50.171814 44.4555664
vn -27.3534603 -50.9690781 44.8193436
vn -11.798852 -47.4561539 54.4383507
vn -2.7326498 -45.4863358 57.2569466
vn -3.20328498 -47.1635361 55.8585014
vn -3.52798986 -39.1445427 61.7259331
vn 68.9004669 -16.3699017 18.427803
vn 71.4470139 -15.8159237 0.116912633
vn 73.176712 0.0367937014 0.00450414792
vn 70.8455353 0.169651896 18.3225212
vn 55.5003433 -42.7249413 21.1925354
vn 57.8039436 -44.8654518 0.791992724
vn 51.0027313 -18.7700996 49.0024185
vn 45.1998711 -38.1109772 43.120266
vn 50.78405 0.480182379 52.6837845
vn 67.7585754 19.0034161 20.061882
vn 70.9315872 17.9867783 0.135529071
vn 47.7036514 20.932003 51.3911018
vn 47.4422684 50.2505417 24.0613232
vn 36.1944427 42.9097214 46.9419861
vn 50.0053978 53.417614 0.922800481
vn 67.9543533 18.6734982 -19.7062912
vn 70.8538589 0.166699961 -18.2902946
vn 48.4053574 49.995121 -22.632761
vn 48.1875038 20.3643684 -51.1672745
vn 37.6665421 42.3526955 -46.2851372
vn 50.8675499 0.456912279 -52.6033859
vn 69.0358658 -16.1068783 -18.1507683
vn 51.3158035 -18.2834854 -48.8593369
vn 56.2249603 -42.3924675 -19.9114265
vn 46.2612114 -37.5332222 -42.4969482
vn -11.8554516 -28.4388371 -66.3740463
vn -0.846312523 -30.799202 -66.3741226
vn 4.91196823 -0.718157709 -73.0081406
vn -5.65385151 0.37466982 -72.957016
vn -20.2938557 -54.9114571 -43.9058571
vn -8.71920395 -58.1801682 -43.5186882
vn -14.6410265 -26.6270294 -66.569313
vn -25.7097034 -51.9638863 -44.6497307
vn -6.12674427 0.328435063 -72.9190445
vn -3.50581384 29.7402859 -66.768692
vn 4.7591958 31.7113094 -65.7767105
vn -1.81023455 28.0015087 -67.5830765
vn -4.44188499 57.7936783 -44.6653328
vn -0.506020367 56.3415985 -46.6926079
vn -2.58530688 59.9641762 -41.8622208
vn 20.9197216 32.8573227 -61.9483185
vn 22.872757 -3.75126839 -69.4089203
vn 5.01153755 63.6519012 -35.7512627
vn 32.4462242 31.1171093 -57.7390709
vn 5.70146799 67.3612518 -28.0140476
vn 37.4380569 -6.71425056 -62.5151443
vn 16.9651432 -32.6063461 -63.2759247
vn 34.4120636 -29.9874001 -57.1961441
vn 7.43787098 -59.9388237 -41.314003
vn 22.3734589 -59.0743675 -36.9388657
vn -29.084631 -59.8058701 30.531538
vn -8.85041428 -59.9535866 41.0130539
vn -15.3924379 -15.1868868 69.9089661
vn -45.6034393 -16.3795033 54.8349342
vn -8.40559196 -72.2208328 8.2661581
vn -2.4840169 -72.4612961 9.90065384
vn -40.970932 -58.096241 17.3505516
vn -20.4578114 -70.2024231 2.81602597
vn -60.9274597 -17.1861191 36.7057838
vn -45.020462 15.3547964 55.6077347
vn -15.6501722 17.078949 69.413353
vn -58.7041473 16.7585812 40.3460617
vn -48.504303 25.9068813 48.280426
vn -57.8953209 25.9101868 36.491436
vn -15.8428993 30.7169876 64.5004044
vn 16.2803555 16.4070091 69.4304886
vn 18.6303883 -15.4191675 69.0651169
vn 19.5160866 29.5506516 64.0368118
vn 34.5931206 16.0108566 62.4643974
vn 32.5031204 28.5685577 59.0103111
vn 39.2194481 -16.768364 59.4599838
vn 14.1354332 -59.2895966 40.4940186
vn 27.9943371 -58.5753098 33.76511
vn 4.24332809 -72.1623001 11.3767385
vn 10.8701935 -71.7207031 9.6338644
vn 10.6254835 -27.0911407 67.141655
vn 18.0251484 -23.0006733 67.0886993
vn 15.7648773 -0.207678691 71.4580841
vn 14.3209372 -1.96990848 71.7346573
vn 6.14543486 -51.4171562 51.7043724
vn 20.3383865 -47.1367874 52.1469574
vn -10.3769674 -34.6631927 63.6051292
vn -19.5458508 -53.5880394 45.8379135
vn 0.508158267 -6.71685362 72.8660202
vn 15.2501736 22.2421055 68.026123
vn 13.94944 22.3962402 68.2543335
vn 5.80893421 23.0536404 69.207077
vn 14.7585468 46.7203598 54.352787
vn 6.14072895 47.9633522 54.9239502
vn 12.8743362 47.2206573 54.3993835
vn 19.8962345 22.3094444 66.7926712
vn 22.7834663 0.0385649465 69.539505
vn 17.855875 47.2644997 52.9345551
vn 25.8100147 -21.6810951 64.9507904
vn 30.0620594 -44.1969414 49.9773521
vn -24.1652203 -67.1364288 -16.2349682
vn -21.8002777 -69.8539352 0.089349933
vn -13.6234484 -71.8642578 -2.18218827
vn -13.7438841 -69.974205 -16.4179153
vn -31.5087414 -64.0848999 -15.9736271
vn -30.4192238 -66.4991302 2.71447444
vn -2.13528824 -71.4987717 -15.4336615
vn -6.71359825 -72.8233261 -2.55399919
vn 6.54031324 -71.7579269 -12.7614927
vn -0.26947996 -73.1580124 -1.63249266
vn -10.2764482 -72.4056473 2.57872391
vn -9.91288662 -72.436821 3.07796311
vn -3.37531734 -72.8963547 5.43699598
vn -16.7700901 -71.0125961 5.55053186
vn -12.6205006 -69.5606079 18.8912296
vn -6.38010311 -72.6827698 5.59831524
vn -12.3890495 -71.6396408 8.31291676
vn 1.92447126 -72.1496658 12.0646276
vn -21.3777008 -68.1688461 15.8377714
vn 8.73988628 -64.4121323 33.608387
vn 16.0640659 66.84758 -25.0634995
vn 15.0804291 71.4726562 4.36714411
vn 13.3280582 71.8751373 3.34066391
vn 14.3176336 66.9865036 -25.741909
vn 7.34260607 68.5686569 -24.4797249
vn 6.33197737 72.7080383 5.31790876
vn 16.4727707 47.1431236 -53.4883728
vn 7.56137562 48.6853142 -54.1054382
vn 14.7981024 47.4767265 -53.6824837
vn 20.3051662 65.5907974 -25.3057156
vn 20.0591393 70.3420029 2.11335087
vn 19.7997074 47.1993866 -52.2974396
vn 18.5742874 64.8689728 28.316864
vn 12.5728893 65.441452 30.2352715
vn 14.4747648 64.7361298 30.8957558
vn 5.92272139 65.771904 31.5247536
vn -6.42104721 -64.9136505 -33.1635475
vn -10.8518066 -70.5858536 -15.9595537
vn -51.5717735 -30.0596504 -42.3273087
vn -26.5616341 -19.7327232 -65.2681503
vn -2.00450253 -72.8963242 -6.077775
vn -4.51980352 -72.9524231 -3.51381874
vn 4.19812012 -60.9153023 -40.3303185
vn 3.69462919 -72.1742477 -11.4917469
vn -2.92465973 -23.5471058 -69.2229156
vn -38.8768044 18.6110306 -59.1359138
vn -57.5728531 27.3233776 -35.9670868
vn -12.3896303 4.96883488 -71.9488678
vn -44.7065697 32.8430061 -47.7230721
vn -17.516077 21.4495049 -67.7343063
vn -58.2230797 38.5289726 -21.9185505
vn -67.7318726 24.6700726 -12.594223
vn -65.0122299 -32.967762 -6.4318552
vn -58.7131348 42.5441284 -9.87913704
vn -69.36129 23.2137394 2.22834826
vn -57.0625 45.6015625 -4.38185167
vn -68.0658875 -22.3255348 14.9478436
vn -22.9121208 -69.4239273 3.19138694
vn -32.0734978 -64.5020065 12.8691082
vn -6.10767841 -72.9182663 -0.674434423
vn -6.99504375 -72.7842789 2.88972425
vn 3.08635402 -72.9100876 5.4244256
vn -1.94288218 -73.0935745 2.89604282
vn -0.153398693 -73.1759109 -0.308012992
vn 2.91314578 -73.1144791 -0.786845624
vn 3.17758203 -72.0555573 12.3584852
vn -5.27379036 -72.7828522 5.44756317
vn 6.82055092 -72.4201279 -7.9772768
vn -0.703988314 -73.0808487 -3.67784405
vn 9.84932709 -70.9014893 -15.192153
vn -3.85863113 -72.8267136 -6.01760864
vn -11.0189123 -72.2612 -3.42545652
vn -6.99952555 -72.8410645 -0.1308088
vn -17.2539101 -71.1059723 -1.0369097
vn -16.9930916 -70.5231628 -9.62028599
vn -32.3963509 -65.2051468 -7.32109594
vn -11.3872948 -72.279007 -0.952063203
vn -11.0973063 -72.2553101 3.29423356
vn -14.6403608 -71.2113495 8.3328743
vn -17.4508305 -71.057991 1.03057849
vn -30.4601192 -65.948204 8.8231411
vn -25.1636066 68.599205 3.97157288
vn -28.9691906 66.687767 8.26806927
vn -31.3074818 66.1405563 -0.317242444
vn -31.8020821 65.8973389 -1.00013423
vn -16.7606125 71.2236176 -1.05385029
vn -26.0690384 67.6221619 10.1232281
vn -16.4869976 71.1446915 -4.63080645
vn -26.8089218 68.0557785 -2.12716532
vn -27.3372345 67.6617432 -5.42169666
vn -29.554142 66.4015579 -8.49817753
vn -25.5014133 68.5569992 -2.10903049
vn -20.2944355 70.3033676 -0.63672632
vn -26.3041859 67.5391693 10.0689125
vn -26.1859741 67.489357 -10.6917982
vn -26.2574482 68.0850067 -5.4599824
vn -23.7253914 69.223793 -0.0624402352
vn -30.246767 65.4314651 -12.5971766
vn -16.5946255 71.1084595 4.79969883
vn -31.3385258 66.1121826 1.38129425
vn -11.7462759 72.2278137 -2.30757596e-05
vn -26.1574516 68.1232605 5.46269941
vn -16.5941467 71.1085815 -4.79955959
vn -30.131794 65.5849915 12.0629778
vn -31.3085709 66.12323 -1.52455223
vn -29.5886517 -63.7163506 -20.4834251
vn -34.3209229 -64.6289902 -0.00327220839
vn -70.6277542 -19.1455574 0.000280546228
vn -61.0974579 -20.4633121 -34.6869659
vn -8.07453442 -72.5558395 -5.02839518
vn -7.85292816 -72.7541275 -0.00864383113
vn -21.8306198 -61.1710396 -33.7099533
vn -6.13439941 -71.072403 -16.3068886
vn -45.959671 -21.4680004 -52.7415123
vn -61.4511909 22.9565868 -32.4280624
vn -68.5694275 25.555151 2.76194078e-05
vn -50.8919983 20.2333908 -48.5329475
vn -54.4350204 35.9627953 -33.1411819
vn -47.0863495 35.1319084 -43.628624
vn -61.8878365 39.0477715 1.70042676e-06
vn -61.4497185 22.946722 32.4378204
vn -61.0926819 -20.4621696 34.6960526
vn -54.4350319 35.9627495 33.1412125
vn -50.8896713 20.2063923 48.546627
vn -47.0863304 35.1316566 43.6288528
vn -45.9467087 -21.4797096 52.7480278
vn -29.6049957 -63.7087975 20.4832897
vn -21.857996 -61.1680031 33.6977119
vn -8.0899744 -72.5567627 4.99007988
vn -6.19037533 -71.0702667 16.2950764
vn -11.2711611 71.2399368 -12.3557396
vn -18.6187363 70.6935349 -3.25570893
vn -9.93978119 72.4311829 -3.12375593
vn -8.91093159 70.8296585 -16.080637
vn -5.13721895 70.9415131 -17.1972027
vn -2.68654418 73.1198196 -1.05223477
vn -0.259094685 71.0079193 -17.6816673
vn 2.00417066 73.1255493 1.86274672
vn 5.10583258 72.7554398 5.95055771
vn -7.20488358 72.8170547 0.773872018
vn 11.1267786 70.9868698 13.8524704
vn 14.4031763 70.9775543 10.467454
vn 31.4850731 60.4478836 26.6378689
vn -4.94147778 72.8581009 4.70218992
vn -20.1828785 70.3275757 -1.23151779
vn -22.4000988 69.6074448 2.80565166
vn -26.1951866 -67.6563721 -9.5529604
vn -25.5515194 -68.025238 8.63249874
vn -15.3148031 -71.2537079 6.57252884
vn -17.4692249 -69.7986298 -13.3345594
vn -21.3985786 -68.6481323 -13.5781775
vn -24.1909847 -68.4896164 8.87694454
vn -22.0453281 -58.9636993 -37.3110962
vn -13.2618198 -56.7187462 -44.2937965
vn -17.0913868 -57.4287643 -42.0077858
vn -27.9797115 -65.7456665 -15.7947636
vn -27.4436321 -67.6718903 4.71113825
vn -23.4371643 -52.5526886 -45.2078133
vn -21.2795296 -66.1146851 23.0404549
vn -11.0507717 -66.8665695 27.5966434
vn -7.72610235 -58.2521629 43.6099167
vn -4.70716143 -57.1755142 45.4272499
vn -23.0828953 -64.3640518 26.0630054
vn -18.8216019 -55.9756203 43.2123642
vn -23.599762 -64.0466003 26.3802204
vn -28.3196297 22.8639965 63.4828148
vn -54.4700203 25.3624153 41.7683754
vn -56.0370102 -19.2033081 42.9641571
vn -25.0871582 -19.859108 65.8109512
vn -22.3282433 34.991436 60.2650909
vn -49.3733025 38.613369 37.7639618
vn -9.30239868 20.0536842 69.757782
vn -9.06471348 33.5457764 64.3998795
vn -3.58157063 -14.6175776 71.6123657
vn -8.47691441 -61.9993439 37.9348946
vn -27.1759796 -64.6711426 20.8313084
vn 4.51658201 -55.9756584 46.9164963
vn -1.53755307 -71.7697678 14.1975327
vn 5.87316132 -69.0856094 23.3991127
vn -6.38402796 -72.7328262 4.90033579
vn -38.8537788 -61.9876099 -1.6592443
vn -70.0728531 -19.8427143 7.13404703
vn -14.077425 -71.7767563 -2.18071842
vn -44.2774467 -55.8203392 -16.6862164
vn -21.1185856 -69.0494766 -11.87465
vn -70.2134018 -13.5409412 -15.5420132
vn -68.6401291 22.9360085 10.8307238
vn -69.3122482 21.0747089 -10.3199062
vn -63.9895363 35.0692215 5.50646162
vn -64.5243607 33.0917549 -9.81708241
vn -12.7239304 -29.8700466 -65.579834
vn -10.9383211 -27.5243073 -66.9148483
vn -3.67500997 -0.246173292 -73.0839691
vn -5.59650612 -0.436622977 -72.9610901
vn -2.0552516 -28.0021553 -67.5757828
vn 4.41897774 -0.595545292 -73.040741
vn -1.93865275 22.5251064 -69.5966415
vn 1.15733969 23.9839745 -69.1249771
vn 6.3311758 21.4924698 -69.6621933
vn -0.0305933133 50.3571434 -53.0941582
vn 3.42344809 52.2439613 -51.1241722
vn 1.9879775 25.8913422 -68.4143219
vn -3.31220174 -0.0249993205 -73.1017151
vn 4.10996342 54.3565788 -48.8190765
vn -12.6241703 -25.8739491 -67.2755585
vn 7.56015968 25.8495827 68.0402451
vn -2.69204092 23.7570229 69.1605988
vn 5.84318638 -20.1571178 70.1026382
vn 13.5598593 -16.1970005 70.0615387
vn -1.21654499 49.2998886 54.0636024
vn -9.42221451 52.3622971 50.2418518
vn 0.72266537 24.2801075 69.0274277
vn -3.3229847 44.0434456 58.3435097
vn 3.9549942 -10.5320015 72.3067551
vn 12.1982765 -38.1736908 61.2274704
vn 8.14295578 -48.0113754 54.6208076
vn 2.74056125 -30.967823 66.2443619
vn 8.59335136 -55.925457 46.4039803
vn 0.677911997 -58.0544014 44.542778
vn 7.74592257 -59.674118 41.6393242
vn -9.66405296 -53.6435471 48.8242645
vn -25.0309887 -19.6264973 65.9020615
vn -1.72510386 -67.6119308 27.9371166
vn -33.3644447 22.3542404 61.1713524
vn -32.6471939 45.9046745 46.7092514
vn 25.2441711 -34.2765541 59.5204277
vn 25.8442574 -12.5115757 67.3079987
vn 42.4231453 -13.4286079 58.0928802
vn 40.563942 -27.2808933 54.4532013
vn -36.1073647 -46.1812019 43.7994041
vn -49.8839035 -13.1694279 51.8940735
vn 20.2253418 -55.4190254 43.2954903
vn 31.6698952 -49.2959785 43.8378448
vn 43.6430855 -26.3057766 52.5178108
vn 45.3700676 -10.9442959 56.3614349
vn 34.1104965 -49.9454422 41.1917381
vn 46.0524788 -28.1258087 49.4261169
vn 33.9620361 -54.6518517 34.8509331
vn 48.1195831 -10.758667 54.0702171
vn 41.3133316 14.5959997 58.6088486
vn 44.0295258 10.6610107 57.4680443
vn 43.0444794 19.866106 55.7435379
vn 32.0579376 38.6898575 53.1997757
vn 32.8915215 40.490509 51.3176308
vn 40.2179985 43.4410515 43.0141869
vn 30.1456547 24.2098408 62.12854
vn 24.3147182 59.2038422 35.4757919
vn -42.473259 42.9455757 41.3101997
vn -18.496727 -70.6807861 -4.1145587
vn -7.59470987 -72.5028992 6.36261845
vn -3.74836802 -73.0162201 3.06825542
vn -13.6483402 -71.3713684 -8.64188385
vn -42.0099754 -53.7024269 -26.5714779
vn -35.2994118 -52.1971169 -37.2054405
vn -9.25856781 -71.538208 -12.3043528
vn 0.171978414 -73.1765137 0.0141504304
vn -30.3103428 -52.9116859 -40.4532852
vn -5.41781759 -72.1387634 -11.0217161
vn -24.1433983 -56.3441544 -39.9657898
vn 1.06351709 -73.1653748 -0.727315426
vn 11.5903606 -70.9036102 13.898715
vn 8.27628803 -70.6274261 17.2656746
vn 10.2986736 -71.8799515 9.0577364
vn 3.26137066 -70.8432007 18.0398655
vn -51.215065 19.2017956 -48.6121407
vn -53.9791031 -9.40655518 -48.5036621
vn -45.2837715 -10.7127037 -56.4752235
vn -42.258976 17.3816166 -57.1567192
vn -58.0651703 40.8893852 17.6444473
vn -67.7280502 -15.2760019 23.116827
vn -40.1465378 45.573925 -40.817955
vn -33.8863487 36.4944839 -53.61623
vn -41.7443466 19.3298569 -56.9086914
vn -42.9365311 -9.89674664 -58.4238052
vn -38.5040398 35.5663452 -51.0617867
vn -42.5542755 20.3950577 -55.9285889
vn -40.6993065 38.1187668 -47.3852158
vn -40.6962776 -9.62642574 -60.0497818
vn -40.2193947 -28.3198586 -54.1776505
vn -43.8233948 -27.4767475 -51.7626419
vn -36.0306549 -29.4851475 -56.4557381
vn -53.676075 -26.9053688 -41.8307533
vn -57.702282 -41.1467743 18.2269535
vn 4.91602373 73.0090027 -0.592758238
vn -8.4580698 69.0387192 -22.7365112
vn 2.50953984 68.4855881 -25.6565552
vn 24.3841934 68.2646713 10.0088806
vn 18.305088 62.4726868 33.4203377
vn -7.78657484 72.4809723 -6.38051748
vn 20.1228065 57.4314537 40.6390648
vn -10.8696079 72.2697296 3.710917
vn -31.329977 52.5889816 -40.0956841
vn -19.6463623 52.0050926 -47.5849037
vn -35.6698303 53.6855736 -34.6461372
vn -23.4655056 60.7593918 -33.3541451
vn 0.388843566 70.9036102 -18.0930958
vn -3.4165554 69.93853 -21.2547207
vn -31.4538689 63.9463348 16.6238728
vn -28.8987427 64.222023 19.8802834
vn 36.8328781 39.2675285 -49.5603943
vn 31.1998024 39.9808044 -52.753582
vn 0.282606155 70.6953735 -18.8922386
vn 35.2973251 36.1882629 -52.9087982
vn -29.3569145 63.5152588 21.4199944
vn -29.7533035 61.8727226 25.3246803
vn -30.5343018 64.310524 16.9306164
vn -33.3633423 57.341568 30.8814621
vn -28.8023205 58.2152596 33.7081871
vn -34.2281609 52.388504 37.9303398
vn -33.410965 59.6750107 26.0275326
vn -43.6897507 58.5295181 4.50923061
vn -46.8084068 56.2425041 0.764944315
vn -48.3758621 54.0934525 9.40783119
vn -25.3174191 59.4935646 -34.2691803
vn 7.92321873 32.6273689 -65.0193024
vn -9.43360233 24.4211884 -68.3333435
vn -11.9026918 -9.28811359 -71.6022949
vn -0.017895259 -9.30854511 -72.5822525
vn 2.72460008 22.2948151 -69.6444473
vn -58.0363655 40.9080124 -17.6959591
vn -67.7318039 -15.3211012 -23.0759335
vn -4.40338898 55.1619225 -47.8811455
vn 8.46088696 44.8202591 -57.2222977
vn 2.154006 23.7953758 -69.1662674
vn 2.24730921 -6.62824059 -72.8412552
vn 2.05420518 42.2563057 -59.7077637
vn 0.725511849 24.2915821 -69.0233765
vn -3.32305431 44.0435143 -58.3434601
vn 4.11052942 -7.81428766 -72.6420898
vn 3.39288878 -29.3503265 -66.9468384
vn 0.28648451 -30.0016747 -66.7431564
vn 3.72608638 -30.6877327 -66.326561
vn 3.61265993 -61.6291161 -39.2890968
vn 2.32261014 -64.1045761 -35.214222
vn 1.08203042 -56.3366966 -46.6887283
vn -15.9143429 -32.7466469 -63.4761658
vn -15.9301043 -55.8537216 -44.5132141
vn -57.7864113 -42.1566887 -15.4394751
vn 7.75020266 68.6890106 24.0122452
vn 14.8011065 71.6642151 1.93487904e-05
vn 24.0018082 69.1284714 -8.07597826e-06
vn 18.2315788 58.4900398 40.016964
vn -4.40290403 55.1617661 47.881382
vn 8.46094894 44.8201294 57.222374
vn 2.57898307 57.1697998 45.6047707
vn 3.28958797 73.1027374 -5.39293342e-06
vn 2.05420208 42.2563095 59.7077599
vn -5.93848038 56.5554962 46.0547791
vn -8.09695721 72.7273788 1.63152035e-05
vn 2.57894301 57.1698189 -45.6047325
vn 18.2315636 58.4900932 -40.0168762
vn -5.93836355 56.5555038 -46.0547829
vn 7.75039816 68.6890182 -24.0121136
vn -13.0258274 -29.2879467 65.7827911
vn -10.9964828 -7.75842524 71.9285507
vn 0.185679197 -7.11896086 72.8293762
vn 0.343222558 -29.331274 67.0402222
vn -11.9188261 -58.5365524 42.2639923
vn -0.76335603 -61.7089539 39.3224411
vn -0.569826424 -29.4402885 66.9908752
vn 1.4214294 -6.56733179 72.867569
vn -1.92462087 -61.8386879 39.0781898
vn 2.154006 23.7953663 69.1662598
vn 2.72451901 22.2948265 69.644455
vn -9.4333849 24.4210854 68.3334045
vn -11.799366 -70.1441879 -17.1872177
vn -10.3697252 -72.4128189 -1.91928816
vn -4.23627806 -73.0473099 -0.987801671
vn -1.65393722 -71.8075638 -13.9917707
vn 1.33566713 -72.9739227 -5.27770805
vn 0.116641328 -73.1766357 1.28331512e-05
vn 1.21431839 -73.1369858 -2.08297706
vn 1.26656902 -73.1657562 0.0158140436
vn -0.887938976 -72.9938583 5.09317017
vn -3.4215529 -72.9113235 5.20234108
vn 0.645379424 -72.4647522 10.1624832
vn -9.67456818 -71.7480316 10.6515036
vn -29.0125732 -36.6517029 -56.3005791
vn -29.8661366 -44.6206627 -49.7176247
vn -38.8068085 -14.8355761 -60.2392769
vn -33.8396378 -10.9415455 -63.9530602
vn -19.403862 -58.3582726 -39.6564598
vn -20.8560715 -60.2382431 -35.9334297
vn -36.7370987 22.255043 -59.2446747
vn -43.2414627 20.9957256 -55.17416
vn -36.5076485 43.3997498 -46.2437592
vn -40.0276642 47.1755486 -39.0779457
vn -62.0294456 21.533123 -32.3033218
vn -59.7650757 -15.4608402 -39.2928772
vn -55.4028511 42.4336357 -22.0168839
vn -40.360508 -50.3277893 -34.5394745
vn -21.4827061 -66.1916885 -22.6270962
vn 40.0083733 26.1397648 -55.4154739
vn 45.020813 -8.89556026 -56.9984856
vn 47.1914673 -11.2448101 -54.7845993
vn 48.3678474 16.9994659 -52.214962
vn 16.6281796 61.4248581 -36.1292419
vn 40.0165596 51.8775635 -32.5918121
vn 49.17062 7.46317291 -53.6785164
vn 46.6690598 -12.7493067 -54.9025116
vn 44.7809944 42.1597328 -39.6491013
vn 46.5038147 3.24736428 -56.4064064
vn 47.6169662 -15.0846796 -53.4781113
vn 44.04245 -26.3873711 -52.142128
vn 44.327713 -25.7332058 -52.2272797
vn 45.0731506 -28.704977 -49.9926796
vn 34.5193253 -49.8318329 -40.9882622
vn 33.6553192 -53.1836395 -37.331646
vn 34.2166328 -48.2439957 -43.0879402
vn 42.7155113 -26.4338074 -53.2115746
vn 32.0037613 -50.6345787 -42.0325012
vn -27.4921703 65.3086166 18.2701149
vn -20.4789581 69.8246155 7.74385071
vn -3.86500812 69.070961 23.855772
vn -16.8444042 63.5043755 32.222538
vn -40.8737297 50.962944 32.968914
vn -30.292141 50.173439 43.8160286
vn -22.7026558 58.1694565 38.1541138
vn -10.522728 65.6720505 30.5169907
vn -30.4450455 50.3620415 43.4924889
vn 17.6908054 70.9502106 -2.81696677
vn 17.0810623 71.1301575 1.88934124
vn -9.08251095 72.0737686 -8.81547928
vn -53.6694031 -26.9074879 41.8379555
vn -53.9910355 -9.37284184 48.4969063
vn -44.8186836 -9.43245029 57.0714111
vn -42.362606 -26.8036518 53.3085899
vn -42.0105743 -53.6962776 26.5829525
vn -31.7359581 -54.4929008 37.1239052
vn -38.7538414 -27.9518356 55.4226151
vn -42.7091637 -7.5377655 58.940155
vn -22.1795597 -60.8377228 34.0833015
vn -37.7660103 -29.460392 55.3231049
vn -20.1736355 -63.5372276 30.180748
vn -40.8374863 -8.03821564 60.1873665
vn -40.7860184 23.0067272 56.2318726
vn -42.4489174 20.6541195 55.9135818
vn -40.8940353 23.609314 55.9026947
vn -51.7698364 20.9711647 47.2750206
vn 7.87914705 -70.2305756 -18.9846306
vn -6.94453287 -72.5589828 -6.46524763
vn -3.72223043 -73.016098 -3.1025548
vn 9.17550659 -70.4683456 -17.4600658
vn 11.7884274 -70.8667374 -13.9201975
vn 0.179351106 -73.1764984 -0.0170880854
vn 10.9672832 -71.5138474 -10.9690619
vn 1.07046425 -73.1655502 0.699143887
vn -2.38815999 -72.9664688 5.00245047
vn -10.7021322 -72.0734711 6.76111126
vn -0.407650262 -73.1321259 2.52139068
vn -18.3807068 -70.7124405 4.0906477
vn -61.0001831 -32.6328392 -23.8517971
vn -57.5138817 -41.2438469 -18.5992355
vn -69.5562668 -11.6875544 -19.4976406
vn -67.7805786 -8.32176495 -26.2939758
vn -41.2748375 -58.3297234 -15.775404
vn -42.9281654 -57.3488998 -14.9368162
vn -65.6276932 -25.3724251 -20.1017113
vn -38.2313957 -61.2560349 -11.8697615
vn -69.9776459 -6.30484772 -20.4502163
vn -66.8449707 22.1618805 -19.8854961
vn -69.1796799 20.4697514 -12.2471876
vn -68.5363388 21.2719269 -14.3215685
vn -60.415081 39.7748528 -11.0820417
vn -63.2774239 35.7573357 -8.49781704
vn -59.9286156 41.85495 -3.39942646
vn -68.240181 19.9471245 17.326931
vn -71.3163681 -12.8481493 10.184968
vn -60.216198 36.317318 20.2458687
vn -54.7681465 -48.5242462 -0.824919343
vn -32.2741241 -65.4766617 -5.10105658
vn -70.4168396 19.5214977 -3.90037465
vn -72.6165771 -8.2010746 -3.79556394
vn -71.1048813 -8.12373829 -15.2621374
vn -69.3132858 18.0877266 -14.9443789
vn -56.547699 46.2898636 -3.79977012
vn -61.2446594 36.8856049 -15.600523
vn -68.5073013 20.4601822 -15.5872355
vn -70.4654846 -6.6182251 -18.591589
vn -63.4711113 34.0857544 -12.8222971
vn -66.7492065 -23.0396862 -19.1976166
vn -67.7615814 -22.990696 -15.3175726
vn -42.6691475 -57.6994019 -14.3162889
vn -52.0301704 -49.8469582 -12.7661762
vn -68.4204102 -25.9291267 -1.07739019
vn -53.0823364 -50.3427734 1.64383888
vn 28.9914303 67.087204 3.69265318
vn -3.29670358 72.768898 -6.97507429
vn -4.30178833 70.9762802 -17.2827797
vn 43.2016335 58.9896507 -2.94478822
vn 51.9290352 48.8845215 16.3863125
vn 61.4903831 38.7571144 8.46471024
vn 43.547905 57.8746109 10.4375229
vn -9.56396484 72.5475998 -0.456293255
vn 61.9703636 36.4220505 13.7091398
vn 40.6213417 56.8806076 21.664156
vn 59.3136749 38.1117706 19.6013412
vn -13.7027779 70.7243118 12.8505592
vn -54.2238922 48.0306091 -10.3760586
vn -47.2736359 52.1186676 -20.0918045
vn -56.338398 46.5941048 -3.13155317
vn -33.4045334 64.7159195 -7.12877703
vn 61.9331741 -25.6575432 29.3394718
vn 67.2780228 -2.44897795 28.6792889
vn 70.9225845 -5.75943947 17.0777149
vn 67.7931366 -22.0913715 16.4588795
vn 40.9468193 -32.3190536 51.3192825
vn 51.9560852 0.341361701 51.5294228
vn 41.7169914 -55.7121925 22.5981598
vn 48.2471008 -53.8939056 11.0678177
vn 68.7766571 -22.0103264 11.8385315
vn 71.5576782 -6.53698826 13.8419714
vn 42.8891373 -59.0337753 5.51076555
vn 67.9228745 -26.0549793 7.90278673
vn 35.2540207 -64.0744476 2.53995681
vn 72.145546 -6.78298998 10.1903496
vn 69.6063004 17.237442 14.5830765
vn 69.6514816 17.2309399 14.3735409
vn 69.4455338 17.5940075 14.9197931
vn 64.8771133 23.2388268 24.6119804
vn 50.2981071 30.2903919 43.6740837
vn -23.3341198 -69.2212524 4.33239841
vn -4.64045095 -72.6882706 7.0507555
vn -2.12936449 -73.0781479 3.14367437
vn -18.2875385 -70.7948303 -2.9137125
vn -7.10338593 -72.7331848 -3.77595282
vn -0.53856355 -73.1718903 -0.646208465
vn -3.15189219 -73.0794296 -2.07254457
vn -0.466761231 -73.1580811 -1.58411145
vn 5.38729906 -72.9756851 -0.599389732
vn 12.2502184 -71.9878159 4.74534559
vn 2.2543869 -73.1347427 -1.0291878
vn 12.6181593 -71.099884 11.8499155
vn -54.3662758 48.8526917 -3.54324222
vn -53.092659 50.270565 2.97857928
vn -13.1946011 69.152771 19.9656734
vn -13.2430515 70.3824615 15.0253963
vn 37.899868 58.1487541 23.1766148
vn 34.17593 58.6547852 27.32131
vn 55.3092651 44.3412056 18.1542053
vn 49.8161659 47.3225136 25.174614
vn 28.2543888 48.3602638 47.0935898
vn -15.3923702 56.6671066 43.6663094
vn 40.2641907 40.1812477 46.0336189
vn -54.5656319 40.6579628 26.913826
vn -33.5480614 56.3592644 -32.4498672
vn -36.4735107 57.3878632 -27.0397606
vn -13.2591944 71.3305359 9.53835392
vn -9.74161339 72.3060455 5.63639402
vn 20.6326485 58.0153465 39.5391808
vn 15.6220951 58.3450317 41.3115044
vn 32.8009033 46.5005455 46.0068703
vn 24.4793777 50.2989197 47.1763763
vn -3.89465117 49.150074 54.07341
vn -33.2637062 60.0750809 25.2852306
vn 4.30768347 44.1347504 58.2099648
vn -53.6257744 48.4981346 -11.2711678
vn -34.5971107 24.7816868 59.5293159
vn -43.697979 22.0656376 54.3914261
vn -37.2644501 -19.9807568 59.7240562
vn -32.5658264 -13.3263988 64.1615677
vn -29.8645058 -37.650219 55.1851807
vn -25.9591503 -48.9586792 47.7912254
vn -14.7951994 -66.1637421 27.5371246
vn -9.57285595 -69.5141068 20.7600918
vn -31.2248535 -59.0881271 29.8066216
vn -57.4639053 -24.6985188 37.9830856
vn -6.76856852 -72.1743011 9.99449539
vn -63.4567032 20.6387577 30.0353336
vn -28.5871277 -29.7519073 60.4353638
vn -18.2566719 -56.5348663 42.7239456
vn 4.32446051 -53.4668503 49.7737579
vn 0.604816079 -26.7562027 68.1070709
vn 64.5127563 -18.958725 28.8704529
vn 45.2337875 -55.2040405 16.1632919
vn 47.5965004 -55.104702 7.27165937
vn 66.6736603 -23.5625286 18.8218536
vn 3.12617087 -72.1571121 11.7648401
vn 2.34588957 -73.1390991 0.0306186732
vn -61.1690331 -26.2199459 30.4252625
vn -46.1871719 -53.8997498 17.7874718
vn -32.2720261 -56.0593758 34.215416
vn -43.1493759 -27.1012001 52.5213127
vn 2.23308086 -73.108551 -2.23294044
vn 5.43161774 -62.0695763 -38.3757362
vn -52.3253708 -31.7375717 40.1199875
vn -37.5990639 -55.7634201 28.8372059
vn 44.8124275 -54.9528503 -18.0793324
vn 46.9320107 -47.083889 -30.5830975
vn 44.8871841 -46.4654808 -34.3646851
vn 28.8768406 -63.5203209 -22.0483475
vn 22.3025494 -64.0438232 -27.4921455
vn 39.2288857 -49.651638 -36.7510872
vn 54.1344948 -49.0206261 -4.61157894
vn 34.7568665 -63.9811897 -7.29386282
vn 26.7358284 -56.9063225 -37.4392624
vn 37.82621 -51.37043 -35.8481445
vn -65.7946091 -29.7330761 11.9099321
vn -45.9943047 -56.5376549 6.54597569
vn 45.6501122 -49.8732529 -27.9921131
vn 32.4458618 -64.0529785 -14.1178684
vn -59.4710045 -29.3494129 30.929657
vn -40.7960663 -56.4661713 22.4072495
vn -28.1039066 -54.3061638 40.1975479
vn -42.0817871 -26.6181316 53.6230392
vn -65.6236343 -26.7201881 -18.286644
vn -46.9640732 -53.4421997 -17.1213036
vn -16.0801144 -23.5489655 -67.392189
vn -7.52607203 -54.3971939 -48.3646164
vn -27.9989204 -54.0930862 -40.5565186
vn -42.2298241 -26.0790977 -53.7713165
vn 70.1169205 18.7714767 9.27798843
vn 68.7984924 16.2519398 18.9069824
vn 70.3398132 -16.4253731 11.7196188
vn 72.3242645 -10.3876905 4.01606083
vn 57.9359322 -44.6115837 2.84002423
vn 50.0190773 -52.8229141 7.91602755
vn 25.8414516 -68.4613495 -0.308337092
vn 17.2869663 -71.070076 2.24441171
vn 42.0230331 -55.9455338 21.4241714
vn 59.1610489 -18.8063793 38.7443199
vn 15.2336874 -71.3628845 5.48688364
vn 54.3244591 15.9006166 46.377327
vn 0.526149035 -73.0871201 3.58181787
vn 0.776002824 -73.0934601 3.40248466
vn 2.08567834 -73.1302795 1.56366134
vn 2.16015983 -73.128418 1.54953241
vn 9.38431454 -72.3017349 -6.26303387
vn 6.39863729 -72.8448563 -2.74152565
vn 31.8146095 -59.2427559 -28.8610401
vn 25.297142 -65.1860657 -21.5792427
vn 2.15483165 -73.1178894 -1.99077415
vn -0.281168401 -73.1759491 -0.183848232
vn 13.1141491 -70.2419891 -15.7770414
vn -0.785080731 -73.1605606 1.32218134
vn 56.6992493 -46.2604294 0.00258128764
vn 36.4054718 -63.4780769 0.086151205
vn -66.1041794 -31.3857937 0.044898957
vn -47.7722893 -55.4312248 -0.142558321
vn 2.3098762 -73.1169052 -1.8478992
vn -0.316287845 -73.1356888 -2.42976809
vn -27.5364609 -53.7811508 -41.2815132
vn -30.4531136 -57.8795662 -32.8237038
vn -47.1098099 -53.976284 -14.9016647
vn -61.2512627 -37.2751427 -14.6177673
vn -3.19094825 -73.0494919 -2.90201259
vn 0.753035605 -30.9141884 -66.3217697
vn 4.39811754 -54.1358109 -49.038784
vn 51.252739 -51.8822861 6.01817799
vn 44.2112083 -56.475174 14.5174217
vn 37.8277473 -57.8897552 23.9305325
vn 31.3518925 -63.5103836 18.3935184
vn 24.9550743 -53.7250519 42.9615479
vn 30.0915108 -23.6746597 62.3605919
vn -59.6110954 -29.0335255 -30.9581223
vn -40.8401337 -56.3176689 -22.698801
vn -49.787796 -53.484272 -3.92953682
vn -68.0880966 -26.7357578 2.01066446
vn 34.2219772 -53.4925003 36.3626289
vn 41.5701866 -31.2470226 51.4817963
vn 48.2641335 22.8355808 50.0394096
vn 41.0859146 21.5918789 56.5735817
vn 47.7244492 -19.364603 51.9828987
vn 53.9944115 -14.1004648 47.3351135
vn 47.4570808 -36.8617706 41.7596359
vn 39.553978 -46.7189331 40.0955811
vn 34.2755966 -57.4973984 29.5645962
vn 29.6102448 -60.0499268 29.5308685
vn 21.7737637 -51.8657303 46.8047218
vn 20.6524944 -19.3085537 67.494339
vn 16.1451054 -66.2917023 26.4495392
vn 12.3803854 20.8860493 69.0313873
vn 9.56220913 -38.6541901 -61.3942223
vn 6.25622034 -47.9550629 -54.918148
vn 5.20114279 -18.9524117 -70.488205
vn 12.5988321 -12.9193277 -70.9167938
vn 4.98250914 -61.4546547 -39.4123306
vn 7.55612087 25.8663025 -68.0343399
vn -2.65973234 23.8152618 -69.1418152
vn -1.21661711 49.3001175 -54.063385
vn -9.42226601 52.3626328 -50.241497
vn -33.3798103 22.4248161 -61.1371346
vn -25.0553894 -19.5636444 -65.9114838
vn -32.6470146 45.9050903 -46.7089691
vn -9.60506916 -53.7036858 -48.7697563
vn -1.5799706 -67.6741028 -27.7948303
vn 19.3662777 -58.5002136 39.465229
vn 18.7578487 -58.1416359 40.2805786
vn 9.26109982 -72.4311752 4.77378035
vn 1.91249907 -73.1382294 -1.4050585
vn -1.91012692 -72.5449905 -9.40252113
vn 4.23662806 -49.2240448 -53.9803314
vn -3.72153258 -63.4002686 -36.3509102
vn 11.5876846 -43.4259796 -57.7472191
vn 6.08562136 -62.8581886 -36.9681816
vn 7.72169542 -51.6307487 -51.2783852
vn -2.39870191 -56.4343567 -46.5214157
vn -26.2576065 -53.5149956 -42.4442635
vn -39.0628471 -30.9166298 -53.6012039
vn -7.44212818 -54.8799629 47.8292465
vn -16.3846741 -24.6147709 66.9364548
vn 15.2595463 -44.6556435 -55.9272079
vn 12.1329908 -63.1394501 -34.9432831
vn -35.041275 -53.7039528 -35.2537422
vn -52.4158401 -23.5900974 -45.287075
vn 8.36229229 -53.9284973 48.750618
vn 7.65376711 -46.4180412 56.0501404
vn 18.5849686 -26.0648079 65.8031769
vn 13.9459991 -55.6936302 45.3713608
vn 36.4982948 -52.7962837 35.1462593
vn 47.5401001 -22.5224018 50.8675995
vn 47.6883469 -35.9928169 -42.2512779
vn 41.95158 -45.4722824 -39.0790138
vn 47.7453384 -22.9295311 -50.4920845
vn 53.3322525 -18.9048004 -46.4016304
vn 51.522419 6.87165308 -51.5077972
vn 44.6805954 8.31026936 -57.3534279
vn 18.5816116 4.58512545 -70.6295471
vn 22.4864006 -22.6728115 -65.8417664
vn 24.5167961 -53.0560265 -44.0319939
vn -6.18431425 58.1622353 -43.9743156
vn -12.381772 59.0175781 -41.4541817
vn -15.6882305 71.4752502 -4.4780114e-05
vn -9.58636856 72.5460815 -5.49786055e-05
vn -6.1844182 58.1623306 43.9741859
vn -12.3817902 59.0176468 41.4540825
vn -36.0699959 49.9685707 39.4579506
vn -41.591053 60.2081032 3.1690568e-05
vn -36.0701065 49.9685135 -39.4579239
vn 26.3453674 -20.8803978 -64.9981766
vn 18.9827633 -21.3246593 -67.3776398
vn 15.8935413 -0.187805071 -71.4296265
vn 22.9180241 0.0206311215 -69.4953003
vn 31.6796494 -43.8640213 -49.2664108
vn 23.5238361 -46.5089912 -51.3651199
vn 20.6781368 21.4911747 -66.8234634
vn 14.7119446 21.2705555 -68.4540253
vn 15.9118061 20.869997 -68.3087769
vn 15.837841 -0.366873235 -71.4413071
vn 15.2930136 -22.9581165 -67.7781754
vn 12.8580446 -51.1789131 -50.697361
vn 36.1205177 -59.3147354 -23.0630264
vn 36.9066124 -63.1574249 1.96821547
vn 23.9479561 -69.0422134 3.80805469
vn 25.2043991 -64.5825195 -23.4236908
vn 8.45271397 -69.7279129 -20.5280762
vn 4.60010576 -72.7196503 6.74715233
vn 3.63104391 -66.9215469 29.3794785
vn 22.1127586 -63.5874481 28.6791706
vn 34.605442 -59.0128441 25.9765282
vn 3.97933388 70.6191788 -18.7597713
vn 4.95528173 72.8862305 4.22794104
vn 3.14662957 72.8959122 5.57822037
vn 3.22279859 70.1240158 -20.6656475
vn -0.172418714 69.523201 -22.8325901
vn -0.993878126 72.9356308 5.85126352
vn -0.433755547 66.5153046 30.5017776
vn 6.03187275 67.5558624 27.4709854
vn 0.852978468 49.783577 53.6255493
vn 10.7089539 52.3920631 49.9521942
vn 11.1966476 68.9937897 21.6638851
vn 22.2989693 55.9874954 41.5089035
vn 12.341733 -33.4173393 63.9202194
vn 2.23073173 -37.0504036 63.0644379
vn 8.77431107 -4.03191948 72.5368042
vn 26.2216606 -0.753294647 68.3131714
vn 29.6683064 29.8559093 59.8602448
vn 12.2229853 26.9806709 66.9139328
vn 0.474327743 24.5682259 68.9275742
vn -3.85243368 -8.40073967 72.5907593
vn -11.5526705 -40.2262344 60.0268097
vn 14.2931223 -33.8904915 -63.2611656
vn 22.1356735 -23.3181286 -65.7351456
vn -8.57493973 -20.3140869 -69.77565
vn -11.1467829 -28.8061466 -66.3384323
vn 42.9748344 -35.895565 -47.1116066
vn 51.5283356 -23.5428886 -46.318409
vn 10.8341618 -37.2484589 -62.0484161
vn 34.7703514 -44.1531448 -46.8652802
vn -10.6199255 -28.3882275 -66.6044846
vn -29.8586235 -23.2394886 -62.6356239
vn -31.9219761 -16.2099018 -63.8205223
vn -28.7834702 -21.7733974 -63.6573906
vn -50.6013527 -16.6693268 -50.1644135
vn -47.0909004 -14.2407465 -54.1708412
vn -54.8699646 -11.2633295 -47.0877609
vn -33.9439545 -1.29222512 -64.8148956
vn -3.27217078 -3.52484655 -73.0185013
vn -58.1966858 -0.510163367 -44.358963
vn -34.1853065 15.2468176 -62.8787003
vn -59.7288933 10.6119289 -40.9228477
vn -0.0723582506 16.0665932 -71.3911133
vn 30.7832165 -6.50462961 -66.0675201
vn 34.7268524 12.5103674 -63.1851997
vn 58.472805 -8.92584801 -43.0823822
vn 60.9338875 5.71409512 -40.1153641
vn -67.3481674 13.9777622 -24.9735584
vn -61.2128716 29.7584286 -26.8747635
vn -65.5969162 31.3976479 -8.12806606
vn -71.6425323 13.9115505 -5.35239601
vn -70.8220825 9.18633938 15.9585524
vn -63.8269615 33.9641418 11.2866449
vn -57.8091698 2.92641592 44.7701683
vn -52.8735847 35.4472504 36.0930672
vn -65.391861 30.6145172 11.8948355
vn -66.8999252 28.6192665 -7.75689602
vn -53.7348671 33.079319 37.0561104
vn -68.3791656 21.6120205 14.5616512
vn -55.8872223 25.3516293 39.8590736
vn -70.5311279 18.7658997 -5.29474497
vn -62.3194504 27.6395893 -26.5927029
vn -66.7568283 16.8149738 -24.8115749
vn -33.9678459 -1.83556378 64.7892609
vn -32.0775223 31.2515621 57.8723183
vn -12.4022541 26.4873447 67.0778351
vn -12.3436956 -5.33848429 71.9302902
vn 2.4793129 1.23056865 73.1243515
vn -1.81807697 27.9467659 67.6055069
vn -2.40079069 27.1421776 67.9144363
vn -12.2843399 29.4111748 65.8704071
vn -1.33396685 22.7487621 69.5381012
vn -11.5223331 24.7203217 67.9041443
vn -31.3272839 32.3527489 57.6778412
vn -31.9463196 26.4318733 60.2961121
vn 30.6454411 22.0606899 -62.6818581
vn 31.2441578 13.8691721 -64.7014771
vn 0.120462149 15.1839113 -71.5839844
vn 0.165034488 23.4850693 -69.3055344
vn 55.4475174 20.8858452 -42.9439964
vn 56.510685 14.3681765 -44.2145882
vn 29.8304024 30.8947372 -59.2494202
vn 54.4545898 26.5633259 -41.0355949
vn 0.201753452 32.9837341 -65.3212433
vn -29.6460648 25.380022 -61.901516
vn -30.4085617 18.1588268 -64.0344238
vn -28.8395596 33.0832558 -58.5543327
vn -53.6127739 26.9452705 -41.8862152
vn -52.8819351 30.7362938 -40.1698036
vn -54.7991219 22.0196323 -43.2090759
vn -30.8940792 18.7748489 -63.6230621
vn -0.0268141143 16.4262314 -71.3092499
vn -55.4880409 21.5886822 -42.5421944
vn -29.3747311 32.5667114 -58.5778656
vn -53.9931908 30.2241211 -39.0649567
vn -0.176203936 32.7127266 -65.4574585
vn 31.4701633 14.4874697 -64.4559784
vn 29.6681042 30.2964249 -59.6386032
vn 57.0389786 13.9474354 -43.6675682
vn 55.3535423 25.8578262 -40.2764206
vn -66.9710388 -9.83620548 -27.8021889
vn -68.7334518 -6.58430529 -24.2320499
vn -72.9521179 -4.0213666 -4.08036518
vn -72.7296753 -4.6141758 -6.62839842
vn -65.0267487 -5.52410126 -33.1034584
vn -72.4838715 1.48710382 -9.93526268
vn -71.8722382 0.351650715 13.7510033
vn -71.5057831 -1.94819772 15.4259729
vn -71.7983246 8.16382694 11.5405731
vn -61.9872971 5.49088144 38.500103
vn -61.0770187 15.6855955 37.1266937
vn -61.7499008 0.540120542 39.2618179
vn -71.2041016 -3.04353142 16.5995464
vn -73.1238785 -2.28924441 -1.57800066
vn -61.339798 -3.96944928 39.7052231
vn -71.1145325 -2.76269317 17.027132
vn -60.7685661 -7.46928024 40.0777092
vn -73.1715927 0.824977756 -0.265896618
vn -70.1023178 -1.10871041 -20.9587345
vn -70.7158432 5.15087175 -18.0989246
vn -36.7390518 8.72556782 62.6812477
vn -37.01371 2.07228136 63.0913963
vn -0.19639045 0.544261932 73.1744308
vn 0.628454268 6.75776339 72.8613052
vn -34.9120026 19.9209824 61.1485023
vn 2.13125134 16.0589828 71.3610535
vn 36.6834526 -0.191302434 63.3176079
vn 35.7757301 -3.83270216 63.7200203
vn 37.3831902 4.38494968 62.7542915
vn 59.5006256 -9.19313335 41.5931969
vn 59.3530464 -9.84725475 41.6542969
vn 59.4412193 -9.43208885 41.6246223
vn 34.8906403 -9.41712666 63.630127
vn -0.813132524 -7.48806906 72.7880478
vn 59.446991 -10.6806726 41.3135567
vn 34.1820793 -14.8435087 62.9768906
vn 59.4888382 -11.7194376 40.970295
vn -0.857362449 -15.0729733 71.6023865
vn -36.7656212 -5.46136665 63.0340767
vn -35.850708 -12.3046961 62.5951538
vn -31.9125423 24.1079865 61.279911
vn -32.1133957 20.9766941 62.3180618
vn -9.71813774 20.361248 69.6118546
vn -10.5126839 23.8092651 68.391777
vn -56.6434402 21.1848164 41.2014084
vn -57.0318184 18.4073887 41.9925156
vn -0.0915302932 22.7036991 69.5655594
vn 1.11085188 18.7746258 70.718544
vn 4.18029499 6.02530909 72.8083267
vn -8.71964073 11.3055391 71.7703629
vn 11.0173397 -6.13200712 72.0822372
vn -5.45316029 8.05542755 72.5272751
vn -32.6400032 14.0274124 63.9741707
vn -32.5381279 14.169178 63.9948196
vn -57.7808304 13.9909363 42.666851
vn -58.5756149 16.136652 40.7840462
vn -68.9908371 8.93537998 -22.6992359
vn -69.34729 6.86944866 -22.329277
vn -72.3879471 10.3775024 -2.66917062
vn -72.0837402 12.1414251 -3.36931062
vn -56.4169655 5.28636551 -46.3034821
vn -56.4227333 1.6422919 -46.5683479
vn -69.5517273 16.0286503 16.1391621
vn -69.8626404 13.8444061 16.8040638
vn -70.258873 11.8973484 16.6426182
vn -72.5059738 9.10940266 -3.83860254
vn -70.4425201 14.5706415 13.4305735
vn -71.8734589 10.3410759 -9.06093311
vn -68.5914917 4.89073038 -25.0223942
vn -65.880928 4.57055473 -31.5221424
vn -53.1451149 -1.04313219 -50.2925568
vn -47.3494034 -0.82060504 -55.7870255
vn -4.49091339 -1.1525526 -73.0296936
vn -5.36617374 -7.47691917 -72.5956802
vn -15.6776562 -6.97346592 -71.1365967
vn -15.2932367 -0.426894456 -71.5595322
vn -34.2036514 1.64095712 -64.6703186
vn -33.8947029 -3.97194409 -64.7317963
vn -30.1688423 -6.44689703 -66.3559418
vn -15.2477598 -8.87148857 -71.0185547
vn -25.3740921 -4.72769833 -68.4736252
vn -13.7481775 -7.63345766 -71.4671249
vn -6.09891605 -9.32761669 -72.3231049
vn -3.83317661 -14.0111589 -71.7204742
vn -30.8291359 26.4633636 60.8612137
vn -29.1450386 36.7127876 56.1922569
vn 4.74285889 27.5078602 67.6435928
vn 0.457268298 17.0292797 71.1661911
vn -57.6749039 26.65481 36.3036919
vn -56.2855949 33.5969429 32.52705
vn 24.2671719 -7.8831439 68.584198
vn 34.8647003 3.04634476 64.2651138
vn 36.0607147 -39.6019936 49.8611984
vn 51.3588715 -26.0463047 45.1518326
vn 37.9113083 8.48693657 62.012394
vn 4.69709921 27.0598354 67.82724
vn 57.7474403 -14.2445593 42.6281471
vn -31.1400414 33.6521187 57.0321426
vn -58.1440048 29.0077991 33.6549301
vn -62.0531464 8.10767174 -37.927639
vn -60.5089264 7.34469414 -40.4914513
vn -69.1116791 16.8174496 -17.1924667
vn -69.8139877 15.6091461 -15.4011106
vn -43.1684799 0.178648576 -59.0870781
vn -42.2260208 -2.43893886 -59.7147141
vn -69.3104782 21.8457203 8.5822401
vn -68.4929276 24.9959278 6.22532129
vn -70.0724411 19.5108223 8.00079346
vn -70.890419 11.0820589 -14.3724976
vn -62.2161636 1.96166003 -38.4724884
vn -44.177124 -7.80928564 -57.8120193
vn 1.92842197 -26.139082 -68.3217545
vn 5.46886063 -32.4082756 -65.3806305
vn -9.45242023 -17.3333702 -70.4630356
vn -11.33741 -9.80460167 -71.6251755
vn 19.2198486 -50.2914085 -49.5601044
vn 25.0176792 -52.7985573 -44.0597382
vn -23.5999413 -4.55426598 -69.116806
vn -24.4621525 -8.1446104 -68.4843216
vn -25.9913063 -14.8543234 -66.7730026
vn -9.15752602 -23.442852 -68.712471
vn 7.70292997 -36.3954315 -63.0148392
vn 29.3192787 -49.5285873 -45.1899529
vn 50.5575523 -49.9015503 -17.5670509
vn 41.9181709 -58.7005234 -12.3267298
vn 51.5854301 -51.2694778 8.07565022
vn 61.6091499 -39.171917 4.9704833
vn 56.8490791 -40.9129906 -21.1929455
vn 66.5359573 -30.3210945 2.90333724
vn 63.4265022 -28.6462746 22.6119976
vn 54.431469 -42.5030403 24.1979256
vn 66.7855759 -20.7379875 21.5512142
vn 37.7193451 -56.3346062 27.5408077
vn 34.2502365 -63.7882385 10.621398
vn 30.6143703 -65.6019592 -10.6759577
vn 67.9365692 -17.1258125 21.1225414
vn 68.8423996 -14.2412043 20.3161068
vn 70.7930756 -18.3958302 2.18289876
vn 68.7859192 -24.8386459 2.52404809
vn 61.6728554 -32.6358147 -22.0498333
vn 66.8510284 -21.7337589 -20.332653
vn 70.1953735 -10.748847 -17.6608124
vn 72.2073135 -11.7010908 2.00501156
vn 71.3274994 -0.415714473 -16.3415813
vn 73.0293503 -4.44088984 1.35104072
vn 69.6659622 -11.3477955 19.3057957
vn 70.4691696 -7.63998938 18.1812668
vn 29.6709919 15.8848486 -64.9779663
vn 57.7120094 15.3090715 -42.3058968
vn -0.083388865 14.3420057 -71.7574539
vn 30.1289616 -49.8593521 -44.2845726
vn -0.0594019331 -53.9304543 -49.460434
vn 46.8322334 -46.3945236 -31.7666893
vn 70.1041641 11.3732166 17.6320057
vn 64.2681198 30.2952003 17.5112133
vn 49.5413704 39.9296265 36.1401367
vn 56.0257263 25.6402225 39.4782143
vn 72.9925995 5.18692875 0.0927846208
vn 68.8376923 24.8230343 0.148123622
vn 47.875412 -51.6814003 19.7941761
vn 46.7707901 -56.2758141 0.597886741
vn 49.2781181 -41.2336044 35.0184135
vn -69.8034058 13.2335196 17.5268745
vn -62.0531502 34.9697456 16.7736683
vn -66.6318359 30.249094 0.147984415
vn -72.8182983 7.23321152 0.0914682373
vn -55.7139969 26.8603001 39.1063499
vn -47.9779549 42.9643745 34.7420502
vn -48.1762886 -51.347744 19.9320641
vn -49.4869232 -40.9349403 35.0743141
vn -47.1520996 -55.9565277 0.614922404
vn 28.5020046 31.1466351 59.7691841
vn 24.9695988 48.2313652 49.0416832
vn -0.0754259303 51.1833153 52.2981377
vn -0.0579205565 30.4403725 66.5448074
vn 32.7862816 -43.0393181 49.2697563
vn -0.0670631304 -46.4472733 56.5462494
vn -65.2870026 27.0778561 -18.9533482
vn -65.9929276 25.0747547 -19.26194
vn -67.7719803 27.5844173 -0.943902135
vn -68.0481415 26.8798084 -1.32623124
vn -65.6424332 26.381424 -18.7062454
vn -69.5771713 22.608902 -1.63915861
vn -66.2095032 26.5537415 16.3104877
vn -64.4861755 30.2668839 16.7415924
vn -68.8890915 18.7555332 16.0422993
vn -55.6015892 26.3546638 39.6071663
vn -59.2974434 13.8349352 40.5862122
vn -52.2545662 34.0293007 38.2922974
vn -63.3695602 32.3799896 17.0489826
vn -67.711792 27.7451172 -0.39249596
vn -49.7727699 38.9945946 36.8364716
vn -66.4166336 24.3172894 -18.7705326
vn -65.1255188 28.5684547 -17.2436066
vn 68.5369186 19.2940102 16.8897533
vn 67.6060638 21.8078709 17.5689621
vn 70.8221741 18.3805065 -1.09973288
vn 70.5752716 19.2798042 -1.50099158
vn 57.3607368 20.259531 40.6709938
vn 54.7857399 27.4518852 39.9968643
vn 70.0518265 13.3984051 16.3724289
vn 59.9828262 9.21453571 40.8899231
vn 71.1304779 17.0963783 -1.73231983
vn 67.6328354 19.7347031 -19.7780838
vn 68.5198517 15.9798689 -20.1123562
vn 67.3479614 21.1523075 -19.2785854
vn 68.82621 15.3607674 -19.5405235
vn 70.7229462 18.7850971 -0.466825634
vn 67.0674286 23.2274494 -17.8123055
vn 66.5769348 24.4486198 18.016901
vn 52.3308563 33.353756 38.7793884
vn -35.229702 27.4898529 57.9483299
vn -33.2117958 34.5001068 55.3312836
vn -0.508654237 30.4574757 66.5350723
vn 0.663692594 30.3925476 66.563385
vn -48.0731812 9.22477245 54.3939896
vn 48.6514015 -19.5351505 51.0514603
vn 39.5293007 -20.3443947 58.1237679
vn -0.276151896 -26.0327988 68.3889618
vn -0.341881335 -55.8114738 47.3264732
vn 36.7577057 23.8272038 58.6171303
vn 34.1432724 30.741621 56.9563179
vn 52.8305969 29.6503601 41.0440826
vn 39.3989143 37.4243469 49.0099678
vn 49.8935051 4.28813505 53.3580627
vn 61.041996 6.21857119 39.8752594
vn 48.5503311 5.98101759 54.4235802
vn 54.3847427 -12.0660944 47.4504128
vn 44.7257309 -2.4025476 57.8676872
vn -1.00203347 1.47473109 73.1549911
vn 0.131940886 -45.0320892 57.6795082
vn 31.7659187 41.6187439 51.1237602
vn 0.481675625 47.8839798 55.3328514
vn -0.154780298 72.6816864 8.49587917
vn 1.31667745 60.373539 41.3295822
vn 43.3012009 49.7346039 31.7223434
vn 39.3618851 59.1856155 17.3935795
vn -30.025135 44.5678596 49.6691971
vn -24.5164509 49.5039253 47.9910202
vn -35.0829544 -16.1669312 62.150219
vn -34.8232689 -14.6889334 62.6610527
vn -0.157237098 -18.3970413 70.8262482
vn -0.514978528 -19.6097279 70.4984055
vn -60.6526184 -8.43595219 40.0615387
vn -60.7802467 -5.68729973 40.3515549
vn 34.1210899 -17.6699486 62.2764549
vn 34.5012321 -15.6786003 62.5993538
vn 60.0216293 -10.9114285 40.4125938
vn 60.5548439 -7.40051556 40.4125786
vn 40.6757164 -9.60936546 60.0664444
vn -0.169020653 -16.2452621 71.350502
vn 60.7391434 -1.16052699 40.7951202
vn -39.7063103 -18.0217285 58.7661324
vn -49.2795753 -15.2292156 51.9078674
vn -40.7823601 -8.17060375 60.2069206
vn -49.9587097 7.44046831 52.9490356
vn -61.0085487 10.7079325 38.9631844
vn -60.70084 1.35356259 40.8461456
vn 71.1091003 -3.04412651 17.0018158
vn 71.2677612 1.77367938 16.5103474
vn 72.5997009 9.1054697 -1.09840655
vn 73.1072235 3.18028164 -0.229841113
vn 70.4468994 9.73911667 -17.2399616
vn 68.9032288 16.7390881 -18.0825958
vn 58.6047287 18.9514351 -39.5115318
vn 55.7737427 26.7510986 -39.0960541
vn 67.8491287 20.194315 -18.5342255
vn 71.9255371 13.3963366 -1.44472575
vn 54.4486618 29.0093403 -39.3526726
vn 70.9740982 6.88888311 16.4332943
vn -69.9570618 12.1250477 -17.7151356
vn -68.4209518 18.5239887 -18.1733036
vn -72.3286362 11.0355835 -1.27112269
vn -72.944046 5.78916502 -0.695479989
vn -57.8179665 20.7218227 -39.7809143
vn -55.1452103 28.1218548 -39.0256271
vn -71.2848358 -0.327276975 16.5286674
vn -71.2418137 3.74033737 16.2925034
vn -70.6576843 9.93780613 16.2346249
vn -71.264122 16.5557728 -1.47100687
vn -66.9200745 23.2498245 -18.3298321
vn -53.4516754 31.4403553 -38.8491249
vn 32.6982689 27.6680145 -59.3307343
vn 30.3039722 35.1513824 -56.5763435
vn 0.266501784 38.1758041 -62.4289131
vn 0.514764786 31.033493 -66.2683182
vn -31.7461739 28.5250683 -59.4418449
vn -29.6818848 35.837986 -56.4752769
vn -28.7340775 37.3826485 -55.9618034
vn 0.185860708 38.8873863 -61.9884605
vn 29.4236069 36.1644058 -56.4023056
vn -4.63909912 29.0276413 67.0127411
vn -8.22809124 21.9795818 69.3111038
vn -22.1566677 17.3043957 67.5608826
vn -14.5393524 30.4009609 64.9555283
vn -3.14077306 30.3787498 66.4988708
vn -9.47412395 34.2082291 63.991169
vn -38.7342529 23.4115372 57.5012131
vn -45.1876411 5.21438074 57.3211937
vn -27.1023846 34.2933044 58.6878471
vn -46.1942101 30.2020359 -48.0495987
vn -53.6951256 20.4304714 -45.3239594
vn -41.0492134 20.19063 -57.1150818
vn -36.7446938 28.1745205 -56.6644135
vn -38.4393387 34.6962509 -51.7051201
vn -33.6341896 31.7568283 -56.7016563
vn -22.4169025 29.3457737 -63.1754723
vn -22.0154457 25.1693192 -65.0896149
vn -20.2747059 31.7841434 -62.7179184
vn -17.9325237 18.8893414 -68.3845673
vn -18.7289753 20.1814518 -67.7994614
vn -18.0356159 17.2110996 -68.7991714
vn -44.4229088 18.1748543 -55.2368698
vn -45.4970093 18.9257736 -54.0987015
vn -43.2107315 17.4960709 -56.4052544
vn -49.1647835 -11.4465132 52.9776573
vn -49.6760368 -11.7352457 52.434803
vn -31.6698933 2.76658273 65.9105148
vn -27.0679607 13.749135 66.5816727
vn -48.6987267 1.49376774 54.5988541
vn -44.6573448 4.74273396 57.7759476
vn -56.0634766 5.42519426 46.7149467
vn -61.363102 -0.39143452 39.8653755
vn -28.5425587 37.5490227 55.9484177
vn -23.2495804 67.7240753 15.0910149
vn -38.3531609 61.2742844 11.3723192
vn -53.5242462 27.7726517 41.45681
vn -35.7442093 45.6062813 44.6906242
vn -50.2515984 36.3731804 38.8149605
vn -58.1169815 8.22194004 43.6995316
vn -47.7342415 0.204815626 55.4638023
vn -44.5725098 24.1339569 52.7795029
vn -53.2399292 43.0058022 25.9006405
vn -65.4169388 16.2815075 28.4669876
vn -57.064167 6.2134285 45.3861923
vn -3.35647154 58.3845749 43.986454
vn -43.4069481 -27.9048996 51.8843536
vn -34.1284752 -27.6944351 58.5072441
vn -31.6693821 -30.1251335 58.6886635
vn -40.0496178 -32.0117378 52.2121506
vn -46.2222786 -30.9181995 47.5646782
vn -34.7718582 -34.2989349 54.4915848
vn -52.9143143 -28.3953285 41.8164177
vn -53.1144295 -28.3602314 41.5858994
vn -49.1547394 -32.6412163 43.2804222
vn -47.80299 -9.98858833 54.4971085
vn -46.7439003 24.5498753 50.6669884
vn -29.7032032 20.0658569 63.7958755
vn -29.9153309 -9.10131931 66.1594391
vn -42.236454 -7.84703732 59.2396622
vn -6.14108801 -5.1828804 72.7341461
vn -8.38114738 19.0795021 70.1467133
vn -4.9174509 15.9718962 71.242897
vn -17.9116821 -28.7750282 64.8536987
vn -17.722826 -28.6414051 64.9646378
vn -17.3932381 -36.3889351 61.0586014
vn -15.7872829 70.2078247 -13.2836428
vn -26.8486977 66.8489227 -12.8530674
vn -27.4935551 67.5031128 6.501266
vn -11.5752602 71.7575455 8.46761036
vn -13.1140041 67.0939102 -26.1009808
vn -25.2276688 65.214119 -21.5758018
vn -49.3262138 -37.9532585 38.4877625
vn -57.0634689 -30.6036015 34.0883064
vn -37.6297035 -42.9188576 45.7909317
vn -50.8559952 -41.6677628 32.1293983
vn -41.3366623 -49.248951 34.9378395
vn -57.3673401 -29.9338055 34.1729012
vn -19.6064243 -45.5076218 53.8467865
vn -23.4528027 -54.5993843 42.7048683
vn -2.65680861 28.5812244 67.3118591
vn -3.09181237 49.6020393 53.7113647
vn -60.3972054 -26.204174 31.9429302
vn -57.6246681 -31.8469677 31.9374638
vn -62.1520004 -20.5790081 32.687397
vn -63.1021271 -27.032362 25.341774
vn -3.7816422 -72.9952774 3.49577427
vn -6.57208157 -72.8735886 -1.03943181
vn -32.9687042 -42.8621368 49.302475
vn -0.163671225 -73.0368576 4.51928568
vn 1.05566716 -73.1688309 0.200381726
vn -0.00402006693 -73.1660614 1.2486366
vn -0.480760366 -73.068512 -3.94899035
vn 45.7629128 -54.2693825 -17.7601604
vn 6.54138708 -72.8764038 -1.03539348
vn 3.16045308 -73.033371 -3.31228852
vn 3.73652911 -72.999176 3.46290636
vn 6.85125065 -72.8420639 1.38805437
vn -47.0502625 -46.1072617 -31.8626156
vn -3.23982263 -73.0299301 -3.3112812
vn 0.45667547 -73.0664749 -3.98906875
vn -46.0577507 -53.9714851 -17.9051437
vn -0.00355864386 -73.1732559 -0.712162614
vn -1.0694772 -73.1686325 0.200323805
vn -6.87566137 -72.8395767 1.39765799
vn -30.3225784 -49.6774292 -44.3568153
vn 0.143634409 -73.0332947 4.57715416
vn -28.4897671 31.6391487 59.5158005
vn -70.4912109 8.88484478 -17.5180359
vn -57.5154228 16.7261143 -42.0362358
vn 70.6965332 6.98104191 -17.5527039
vn -29.7344608 16.5404224 -64.7850952
vn -18.018425 10.5266571 -70.1381378
vn -46.6273041 13.6673708 -54.7168159
vn -47.2593498 3.53241539 -55.7575874
vn -17.7774639 -0.741463006 -70.9805984
vn -7.63353062 28.2417374 -67.0743332
vn -10.6781054 23.7083931 -68.4011917
vn -42.3943863 16.1362762 -57.42099
vn -38.1577263 21.2201023 -58.7241745
vn -5.23287916 52.5894356 -50.6142311
vn -33.3408051 43.9181938 -48.1083679
vn -64.7722244 9.68203163 -32.6442833
vn -63.9645042 8.8366127 -34.4280205
vn -64.3364182 16.5217972 -30.7032185
vn -70.7477188 7.51212692 -17.1219349
vn -71.2300186 -1.67244959 -16.6828918
vn -69.9690704 9.27320766 -19.3175983
vn -58.4056892 15.9953299 -41.0823174
vn -59.5628853 8.61540604 -41.6277618
vn -65.3419495 17.3875713 -27.980957
vn -66.173027 12.9442596 -28.4325581
vn -57.1236763 21.863409 -40.1710091
vn -63.979126 23.066227 -27.0083885
vn -69.6089478 18.3290367 -13.1709118
vn -70.9361496 17.9645844 0.410969555
vn -72.0654297 12.6182404 -1.47863674
vn -70.4508972 14.2380581 -13.7397833
vn -68.2441101 23.1076221 -12.7910891
vn -70.1844406 20.6735935 1.25654233
vn -70.1579437 7.43338871 -19.4278336
vn -70.6661758 9.97756004 -16.1731987
vn -72.4238281 4.62071896 -9.39524651
vn -71.8151398 4.73268461 -13.2294693
vn -71.0620499 1.1072098 -17.4296265
vn -72.021431 8.81543827 -9.48857689
vn -64.9610138 10.4210062 32.0359459
vn -71.7461319 7.42161131 12.3387566
vn -71.5252609 5.05615377 14.6083899
vn -56.8280754 11.4321108 44.6621628
vn -68.6157913 3.9696734 25.1186714
vn -71.3364792 13.5130205 9.12889481
vn -56.9639587 1.76356006 45.9002075
vn -63.7897797 -9.53596687 34.5653267
vn -67.3263397 -15.0489483 24.4033794
vn -70.437767 -1.7512455 19.7556801
vn -67.9493027 2.70593762 27.0259552
vn -58.1535187 -23.6864662 37.5759506
vn -63.4552689 -9.85268116 35.0882568
vn -50.2075539 -40.1064949 35.0071831
vn -50.8710136 -33.5293045 40.5309448
vn -41.803421 -42.3238449 42.6145325
vn -43.0511589 -49.0796013 33.0548515
vn -26.9403419 -57.2707787 36.7302055
vn -28.0096359 -50.8382072 44.5619774
vn -63.3240471 27.3941135 -24.3815556
vn -61.3039169 37.8628616 -12.7697544
vn -27.3840237 59.8387489 -32.0042496
vn -7.22514105 64.3239899 -34.1328812
vn -6.04089355 64.2673874 34.4679985
vn -26.9752331 59.3471794 33.2427521
vn -60.4934196 27.4510975 30.6890354
vn -58.499855 43.4084206 6.95045996
vn -70.7876892 9.50779343 15.9228363
vn -70.6367416 19.1092529 0.344142586
vn -71.083847 17.3176937 -1.41997337
vn -71.490036 7.56583357 13.666173
vn -70.3383331 11.3131132 16.714201
vn -64.7514114 -8.53094196 33.0047035
vn -65.0649567 -9.08682156 32.2306213
vn -13.001914 7.96308708 71.5707397
vn -19.8450317 -13.7476864 69.0797195
vn -35.2693214 -16.7273865 61.8959045
vn -29.31283 0.751893461 67.0449448
vn -68.2708435 22.4149704 -13.8380785
vn -68.6892776 20.0118332 -15.3669415
vn -63.8117867 22.9268932 -27.5180931
vn -64.1568222 20.3959675 -28.6834164
vn -48.8437233 -8.83777142 53.7681656
vn -49.9803658 -19.3452263 49.8252716
vn -65.1704407 -6.8595624 32.5667381
vn -72.8759613 6.09317255 -2.60759139
vn -73.1766739 -0.0742141977 0.0310772788
vn -71.4920807 15.5915337 -0.78675878
vn -57.3802986 44.9764175 -6.2813406
vn -25.2889309 -35.8594551 58.5611
vn -39.0267715 -31.4090405 53.3405647
vn -55.918354 17.6424255 -43.7802963
vn -42.0722694 17.489357 -57.2615013
vn -56.2328453 19.4107552 -42.6136513
vn -64.4015198 17.4480247 -30.0473347
vn -50.8784294 -26.105751 45.658596
vn -56.6974106 21.3639755 -41.0343246
vn -70.7753601 12.410099 13.8445482
vn -72.0836258 7.97257662 9.75819206
vn -68.896286 17.4041119 -17.4708252
vn -71.3840103 15.6566982 -3.74463058
vn -71.8820343 6.5182147 12.0547972
vn -20.1683903 22.2014122 -66.7470245
vn -72.3871689 9.04374123 5.75677347
vn -72.0187607 -1.45658731 12.8844528
vn -69.7262573 19.4764977 10.6652498
vn -69.0860748 23.94347 2.94228816
vn -71.181633 16.6128788 -3.4668901
vn -67.1618958 28.4931011 -5.67935419
vn -69.8822784 -13.925849 16.6544342
vn -68.2859955 17.9914074 19.1876087
vn -65.2912979 -22.946682 23.7766361
vn -68.8098679 20.981081 -13.4100256
vn -64.6330948 31.8360538 -12.8007841
vn -65.5177841 19.5843449 -26.0519772
vn -63.2738266 30.0775261 -21.1328602
vn -61.106472 11.5665674 -38.5622253
vn -62.0452118 23.0183392 -31.2310581
vn -50.2716408 19.8616943 -49.3265419
vn -48.7769737 3.59337878 -54.4309311
vn -17.7603951 1.40685701 -70.9747925
vn -17.1253548 24.1275711 -66.9284286
vn -56.4644051 -27.7303009 37.3849411
vn -46.5473404 -28.5869312 48.6925507
vn -14.3588629 -30.1413956 65.1164474
vn -11.6126699 -5.58041573 72.0335846
vn -29.0342922 -4.60516262 67.0121918
vn -28.2710876 -30.5492477 60.1857224
vn -38.379158 -29.2037506 55.0364723
vn -41.3725052 -2.46058583 60.3083267
vn -65.2264404 33.1157837 1.92083061
vn -64.7014694 32.666523 10.0722666
vn -64.1505814 34.6089249 -6.46203232
vn -72.9389801 5.83817482 0.808298707
vn -72.1911697 9.0944891 -7.78187418
vn -72.571785 3.74011278 8.61286354
vn -59.5337677 37.3748589 20.3391819
vn -56.0682487 24.3588715 40.2222443
vn -62.2659454 36.3710518 -12.4471312
vn -61.9750824 34.3902283 -18.1998196
vn -70.7541504 11.2394123 -14.9116859
vn -69.5837784 8.82574844 -20.857502
vn -61.2493706 29.4931355 -27.0832539
vn -48.2506027 31.8338852 -44.8699799
vn -64.5390472 8.66249466 -33.3841934
vn -46.2038994 21.5279617 -52.5031319
vn -15.2833872 39.0240402 -59.986454
vn -13.691102 33.5641441 -63.5675507
vn -8.31764698 16.6498165 70.7702866
vn -26.0368938 17.9271507 65.9964371
vn -8.38018131 63.4906654 35.4053726
vn -24.1484585 62.0098915 30.4377556
vn -39.9579811 19.9920998 57.9526367
vn -37.7921829 59.2234383 20.4735832
vn -53.8732719 -10.5290956 48.3905106
vn 56.0985222 37.7701035 -27.9500847
vn 55.7850037 29.450388 -37.0882645
vn 28.2174358 38.0857773 -55.7501793
vn 23.3947124 54.7465973 -42.5479698
vn -55.9977264 37.8825722 -27.9999657
vn -54.8994026 31.4518356 -36.7650719
vn -69.6843796 16.6598816 -14.8784447
vn -69.1822968 20.880579 -11.5170879
vn 0.146264061 41.6476326 -60.1688156
vn -0.0130928904 58.1286354 -44.4510193
vn -72.4442902 10.3253384 0.211491227
vn -71.5764236 15.2183571 0.220718443
vn -27.4321861 39.1818314 -55.3813324
vn -23.3434944 54.7840729 -42.5278625
vn -69.8809586 15.2369289 15.4699621
vn -69.5153961 19.2422581 12.3360357
vn 58.1001587 32.7568245 30.1030731
vn 56.7675858 24.5144691 39.132019
vn 70.4420166 12.5222549 15.3605824
vn 69.5744705 19.0992393 12.2247353
vn -55.8901863 26.5473175 39.0686455
vn -57.9701843 32.9562378 30.1359577
vn -27.1526203 30.6411667 60.6521797
vn -26.98522 45.7578506 50.3274231
vn 72.7907791 7.50430965 0.142325804
vn 71.5957108 15.1273518 0.223558053
vn 0.111254834 31.3079033 66.1410217
vn -0.0178035256 47.0174255 56.0731163
vn 70.2557678 13.9941492 -14.9373293
vn 69.2347183 20.7688713 -11.4035397
vn 27.8979931 29.6092682 60.8261909
vn 27.0813808 45.6543503 50.3697433
vn -30.3246346 22.9697914 -62.5111008
vn -59.1432381 16.6194019 -39.7580833
vn 58.3194923 10.1387472 43.0217972
vn 71.3616791 3.29286432 15.8587399
vn -70.9709396 8.29656506 15.7837334
vn -57.9602051 13.8635254 42.4646759
vn -28.0290985 16.2349644 65.6172867
vn 73.1766968 -0.0328013487 -0.0453676842
vn -0.232824549 15.4914923 71.5177765
vn 71.4066544 3.80292225 -15.5389709
vn 27.684 14.4886551 66.1702957
vn 59.5304337 12.7787428 -40.5914268
vn 29.9692211 21.1287689 -63.3265572
vn -71.0317764 8.82750797 -15.2116327
vn -0.280919284 23.9444962 -69.1477737
vn -72.9683304 5.5177803 0.0940211192
vn 73.1766739 0.042044539 -0.0699335039
vn 72.5747452 -9.36261845 -0.285019994
vn 70.9762955 -8.26015282 -15.7787323
vn 71.8037491 1.64457166 -14.0124531
vn -0.0167727359 7.25538445 72.8161469
vn -0.0174400527 -6.7428441 72.8653946
vn 31.3654289 -7.49509573 65.6876297
vn 31.9375362 6.27366018 65.5398178
vn 61.1101227 -5.76774216 -39.8386612
vn 62.4454269 5.78811169 -37.7080574
vn 60.1197586 -6.76588917 41.1663666
vn 61.3280869 3.60908961 39.757679
vn 33.8331146 -5.47840071 -64.6539993
vn 35.1315422 10.8326149 -63.2713318
vn -62.4395294 5.80797482 -37.7147865
vn -61.1178131 -5.74481392 -39.8301773
vn -70.895256 -8.24342251 -16.1474686
vn -71.7219238 1.70282888 -14.4186583
vn -0.0211817101 -4.66524363 -73.0278549
vn -0.0206505042 12.8903341 -72.0324326
vn -72.5754013 -9.35713959 -0.29782933
vn -73.1765976 0.105835751 -0.0786108822
vn -33.9045258 -5.46933985 -64.6173553
vn -35.2077332 10.8350859 -63.2285423
vn -70.9908218 -8.60998535 15.5243244
vn -71.735054 1.0457679 14.4159966
vn 71.0687256 -8.6242466 15.1555233
vn 71.8159714 1.0019927 14.0105324
vn -60.1222878 -6.73924112 41.1670418
vn -61.3181648 3.63188362 39.7708931
vn -31.4314327 -7.48587942 65.6571198
vn -32.0080376 6.28015804 65.5047913
vn -59.0980492 -22.0984077 -37.066349
vn -68.110405 -21.5896721 -15.8016453
vn 33.2722855 -24.7289486 -60.3014641
vn -0.0180416796 -25.1559849 -68.7168655
vn -69.6980209 -22.2901134 -0.410114318
vn -33.3425903 -24.7075768 -60.2713852
vn -67.9834976 -22.5388222 15.0025873
vn 58.31884 -23.1883869 37.6303596
vn 68.0612793 -22.5316219 14.6567497
vn -58.3289452 -23.1431255 37.6425591
vn -31.1688519 -25.1045265 61.2625313
vn 69.7218475 -22.2156029 -0.404368073
vn -0.0149993058 -24.9398232 68.7956161
vn 68.1967697 -21.5803623 -15.4376469
vn 31.1047859 -25.1241112 61.2870674
vn 59.0870819 -22.1410904 -37.058342
vn -51.1624031 -52.3124313 -0.806568146
vn -49.851593 -52.5422325 10.4386196
vn -25.9296074 -51.4421387 -45.1242104
vn -46.052475 -49.418293 -28.1395435
vn 44.8598137 -51.2936707 26.6718769
vn 49.9553299 -52.4950142 10.1769819
vn -44.8815231 -51.2713509 26.6782665
vn -23.8832245 -53.7647743 43.5175018
vn 51.1464081 -52.3282928 -0.791869044
vn -0.0130036138 -54.9485245 48.3269272
vn 50.799839 -51.2231979 -12.2634821
vn 23.8194332 -53.7841225 43.528553
vn 46.0342712 -49.4384995 -28.1338348
vn 25.862484 -51.4624023 -45.1396332
vn -50.6921272 -51.2642021 -12.5348377
vn -0.0150841391 -52.6355095 -50.8363571
vn -8.03419399 -72.196785 8.8266201
vn -0.00329701952 -72.5163574 9.80873108
vn 14.0569925 -71.8089218 -0.843874335
vn 14.5455227 -71.6098785 -3.90964127
vn 8.00198841 -72.2005692 8.82488823
vn 14.5660801 -71.2154541 -8.42730045
vn 13.7174978 -71.6448975 5.80269575
vn 8.77736664 -71.6638794 -11.9196634
vn -14.5889626 -71.208931 -8.4428854
vn -14.4777689 -71.6189041 -3.99499965
vn -0.00384730473 -71.9969864 -13.0868597
vn -14.0464592 -71.8109207 -0.849159777
vn -8.81080246 -71.6595993 -11.9207106
vn -13.8606348 -71.8239288 2.00960279
vn 13.9251738 -71.813652 1.92912924
vn -13.7466745 -71.6378632 5.82041407
vn 2.81263852 -73.0897064 -2.19471574
vn 2.16262484 -73.1410446 -0.737068772
vn -0.000942638144 -73.1729431 -0.743022263
vn -0.00121071015 -73.1536407 -1.83764625
vn -2.83011556 -73.0886383 -2.20753336
vn -2.16118145 -73.1410828 -0.73705399
vn -3.11479998 -73.1058273 0.817664206
vn -0.00141421019 -73.1758575 0.355243355
vn 3.09205627 -73.1069489 0.803708136
vn -39.2576103 30.8258305 -53.5111198
vn -20.2319546 43.0316315 -55.6217461
vn 8.46957207 45.581955 -56.6161194
vn 8.57735729 47.8116379 -54.7294083
vn -56.065136 15.4953022 -44.4007568
vn -45.4075394 30.8893013 -48.3615456
vn -60.9076271 2.04730725 -40.5080452
vn -61.0192642 0.823586345 -40.3832016
vn -64.5490494 -4.98605061 -34.1085243
vn -63.3772545 -7.70173597 -35.7608719
vn -51.5450058 -40.6909561 -32.2829742
vn -64.4488373 -19.3808479 -28.7325859
vn 28.9212551 47.9206085 -47.1381798
vn 29.7288055 42.7979088 -51.3747978
vn 51.5767403 37.9189339 -35.4517517
vn 65.8589249 21.9105129 -23.181097
vn -13.4764175 10.11376 71.2104721
vn -14.501092 -9.38454151 71.1089478
vn 0.204484865 -10.2217131 72.458992
vn 2.13662434 9.80039597 72.4860001
vn -30.6860771 10.3255587 65.6245346
vn -33.2506752 -8.48724365 64.6312027
vn -13.7968683 27.4873524 66.3997269
vn -27.0077591 22.6029015 64.1445389
vn 4.42215919 28.5600319 67.2279816
vn 17.2210922 7.39326239 70.7361755
vn 14.4550934 -11.8111382 70.7557678
vn 21.3867607 23.9989338 65.7380295
vn 33.0505066 5.17538071 65.0823441
vn 32.215889 17.4944096 63.3317795
vn 32.0730591 -13.6339979 64.3448944
vn 12.4239664 -28.7837448 66.120903
vn -1.27458286 -27.9289322 67.6253204
vn 29.1814461 -29.7899361 60.131813
vn 14.2222719 -39.8411484 59.7096443
vn 26.6710491 -37.6300697 56.810791
vn -1.692788 -39.703373 61.4459877
vn -15.2787924 -26.5212212 66.4681625
vn -17.8977776 -37.2426796 60.3944054
vn -32.8129158 -24.9580097 60.4586029
vn -30.984375 -33.0774422 57.4515762
vn -21.0099812 62.3193893 -32.0890465
vn -22.6568127 67.6683655 16.2015991
vn 11.7986021 70.9917908 13.2585917
vn 11.4016972 64.0969772 -33.4127312
vn -54.1432266 42.5967445 -24.6751118
vn -53.5374031 45.1020851 21.3161793
vn 38.9191818 54.4226494 -29.6362247
vn 40.773571 58.6585693 15.8594017
vn 62.4196243 34.7968369 -15.7417555
vn 61.0025673 34.2632294 21.4371357
vn 31.3761768 45.0777473 48.356636
vn 8.59177685 54.2678032 48.3323784
vn 46.915638 26.6345387 49.4404373
vn -17.6396713 50.8878555 49.5388832
vn -40.4042854 34.1010628 50.5909386
vn 30.046257 -66.3694382 -6.86673927
vn 30.0940819 -62.1978226 24.0958252
vn -3.46991658 -68.3726883 25.8450546
vn -5.09642601 -72.0771484 -11.564723
vn 55.7321854 -47.3915482 1.67233193
vn 51.5619583 -47.0160065 22.0384178
vn 29.8825092 -62.9311218 -22.3951244
vn 56.2098045 -46.4797516 -5.90953112
vn -5.56705427 -64.8172913 -33.5046158
vn -42.9942513 -58.5649834 -8.74468327
vn -36.9729538 -57.8905563 25.2292805
vn -64.2784958 -34.0677185 -7.90553093
vn -57.4395485 -39.0637665 23.012001
vn -26.5511417 -48.5967484 47.8353958
vn -2.43128371 -54.6122055 48.6459503
vn -44.3034935 -37.0898476 44.9040718
vn 21.4701004 -52.0277634 46.7651443
vn 39.2550392 -43.3403702 43.9941635
vn -69.9963684 -16.3059597 -13.7643375
vn -65.7967834 -23.3097439 21.9606628
vn -69.1760635 -6.52513218 22.9548817
vn -71.5843201 -3.55470538 -14.7607841
vn -69.5400314 14.3158913 -17.7220573
vn -67.3694687 15.5298901 23.9793472
vn -51.8373375 12.7637854 50.0480537
vn -55.1098366 -7.47404861 47.5592003
vn -52.725338 -24.676609 44.3388824
vn 72.5896072 9.19495296 -1.01742125
vn 68.5305481 6.58573055 24.7996883
vn 67.2585754 -15.7657223 24.1362305
vn 71.7039185 -14.2749166 3.09953928
vn 71.7271652 -13.3601608 -5.61720371
vn 66.8385925 -29.5132923 4.04970503
vn 61.576519 -32.6571579 22.2861938
vn 67.7070465 -27.7047253 -1.74230516
vn 48.2717857 -32.2102661 44.5776405
vn 53.0001526 -15.2753181 48.0882607
vn 53.2055779 5.09304905 49.9805908
vn 5.9994054e-05 -73.1767197 1.19220012e-05
vn 4.05808605e-05 -73.1767197 1.19220012e-05
vn 5.01478862e-05 -73.1767197 1.19220012e-05
vn 5.01478607e-05 -73.1767197 1.19220012e-05
vn 3.45481749e-05 -73.1767197 1.19220012e-05
vn 6.10847492e-05 -73.1767197 1.19220012e-05
vn 0.000140242046 -73.1767197 1.19220012e-05
vn 0.000159351664 -73.1767197 1.19220012e-05
vn 6.90964443e-05 -73.1767197 1.19220012e-05
vn 0.000122169571 -73.1767197 1.19220012e-05
vn 7.92794381e-05 -73.176712 1.19220003e-05
vn 0.000119028846 -73.1767197 1.19220012e-05
vn 7.21276569 67.9897385 -26.0806999
vn -16.8064671 63.4350853 -32.3784561
vn -21.9461422 68.0394135 -15.6153145
vn 2.05024481 72.5400696 -9.41097069
vn -38.4984016 50.9709358 -35.7024956
vn -43.6302071 55.6372681 -18.8608761
vn -55.2529373 32.1042328 -35.6547852
vn -60.387867 36.8285255 -18.7562637
vn -65.0554657 9.11040783 -32.2431259
vn -70.196846 13.8823833 -15.3138695
vn -66.7291641 -15.2414789 -25.8795071
vn -71.8741837 -10.4332762 -8.94888687
vn -60.0735168 -38.0220871 -17.3299026
vn -65.2175674 -33.1860847 -0.429098219
vn -45.8880386 -56.4890366 -7.62293005
vn -51.029953 -51.6314926 9.21766376
vn -25.8768711 -68.4172516 2.07359481
vn -31.0221939 -63.5449448 18.8280735
vn -2.44772267 -72.3648148 10.5912638
vn -7.60830927 -67.48909 27.2427769
vn 21.5770206 -67.8497009 16.9021492
vn 16.3877563 -62.988575 33.4471741
vn 43.2997437 -55.4092178 20.2430916
vn 38.0727539 -50.5858765 36.6928749
vn 59.2180939 -37.6876526 20.6806812
vn 54.8301659 -31.7773724 36.5880241
vn 69.7447968 -13.9483156 17.2029247
vn 65.4417801 -8.44986343 31.6355038
vn 71.454567 12.3011036 9.8873024
vn 67.5236893 14.7114878 24.061512
vn 64.7494507 34.0657921 1.36474383
vn 60.578701 37.2593193 17.2277832
vn 50.7115974 52.1666412 -7.8617897
vn 45.4720688 56.682579 8.61440754
vn -21.0195312 19.102951 67.4395218
vn 30.6628456 64.0784607 -17.5662498
vn 25.4646988 68.5958405 -0.995985448
vn 32.1367493 61.3145638 -23.7189102
vn 9.14434338 64.9520645 -32.4413757
vn 51.8513603 49.7472153 -13.837739
vn 50.7959175 52.6673851 0.868106723
vn 47.2201385 24.3477898 50.3217125
vn 45.96455 -2.69226837 56.8756905
vn 45.2513962 -51.1653481 26.2535877
vn 44.5450745 -56.3720169 13.8839521
vn 23.1906319 -68.6465149 10.2315054
vn -0.35527423 -73.0862656 3.61993718
vn -23.2388821 -69.1982727 -5.13669729
vn -42.7175102 -57.4959679 -14.9753571
vn -56.4825706 -39.4166718 -24.7159176
vn -62.9199409 -17.1343956 -33.2012939
vn -61.2811928 6.69938564 -39.4279861
vn -51.7598381 29.2585735 -42.6577911
vn -35.4706802 47.8586655 -42.4995422
vn -14.3319273 60.2635002 -38.9581642
vn 0.227578312 4.87563372 73.0137558
vn -45.5163078 1.91649878 57.2662735
vn -39.5770912 53.880497 29.7553062
vn 0.255011261 43.0490646 59.1738548
vn -39.5678825 38.3319054 48.1651306
vn -54.9837418 -5.22286081 48.0035667
vn 0.233991921 70.3467636 20.1521606
vn -52.4486618 33.0238075 38.9024277
vn -37.1596794 61.0164146 15.8426085
vn 4.71818829 -35.5765686 -63.7720833
vn 0.248489231 -37.6101189 -62.7714043
vn -48.3793259 -31.9091797 -44.6774826
vn 12.2158031 -28.7411537 -66.1781921
vn 17.7548904 -18.7697258 -68.4638138
vn -41.9474144 -12.6233578 -58.6165314
vn 19.0684814 -13.2657356 -69.3919754
vn -41.5715294 -3.85325408 -60.0981979
vn 15.0327902 -5.33936882 -71.4166565
vn -43.6869125 15.8112316 -56.5357513
vn 5.8393445 18.0890942 -70.6648407
vn -3.40482402 36.757267 -63.1834106
vn -7.24836588 41.0285034 -60.157753
vn 3.90789652 -39.8285065 -61.2637863
vn 2.83367825 -66.9399338 -29.4252853
vn 1.70304644 -41.2039566 -60.4496994
vn -48.3053131 -31.989233 -44.7003136
vn -0.227836937 -38.332901 -62.3327293
vn -72.862236 -2.85012698 -6.14844179
vn -72.3676147 -10.0038652 -4.20523167
vn -72.8411026 0.340103835 -6.99219751
vn -72.4151611 -9.60481548 -4.31559753
vn -72.4367981 6.01620531 -8.4585886
vn 21.019558 -19.1029243 -67.4395218
vn 6.23646498 69.5160446 -21.9877014
vn -17.7189617 64.8117294 -28.9881134
vn -39.3917427 52.1486435 -32.9187164
vn -56.1545677 33.0542603 -33.3003349
vn -65.9761353 9.83875847 -30.086237
vn -67.6680603 -14.6901875 -23.6656742
vn -61.0259361 -37.5657845 -14.8148308
vn -46.8534279 -56.021347 -4.60404205
vn -26.8680553 -67.8240433 5.73052788
vn -3.49403834 -71.5505829 14.9378233
vn 20.4377995 -66.7626648 21.9060745
vn 42.0374947 -54.0561752 25.7994499
vn 22.1082859 -69.5091324 -5.87670183
vn 25.5471001 53.5396652 -42.8448677
vn 49.4815712 53.8555145 -2.44741845
vn 29.5752487 65.7046738 -12.7684412
vn 12.5800066 -70.642662 14.3593111
vn 10.5360603 -72.4142303 0.0501234606
vn 10.337081 -71.8710861 -9.08423805
vn 0.819500506 -72.83078 -7.05955362
vn -1.43837106 -73.1624908 -0.114617497
vn 0.90626651 -72.8307724 7.04911041
vn 7.05709314 -72.2219315 -9.43521786
vn 0.0398070626 -72.3136139 -11.2058849
vn -11.4306641 -70.9671555 -13.7052517
vn -10.3030872 -72.2261124 -5.66274786
vn -1.93854153 -73.1358643 -1.48975027
vn -11.6252909 -55.4963913 46.258358
vn 4.67278862 -73.016861 -1.23943388
vn 14.5793476 -71.6821365 1.98629379
vn 8.36264229 -72.4217377 -6.32377338
vn 1.95157623 -71.7222595 -14.3854361
vn -4.3528285 -72.7128983 -6.97992134
vn -1.21751487 -73.1600266 0.980516553
vn 5.67051601 -72.705246 6.05184031
vn -15.4967623 -28.1766224 65.7324982
vn 7.67955214e-07 24.9548283 -68.7901764
vn -12.4775105 21.6117973 -68.7900696
vn -27.4645901 47.5696335 -48.3493423
vn -8.09606427e-05 54.9288139 -48.3493347
vn -0.000173080276 69.8340454 -21.8640995
vn -34.9170341 60.4780121 -21.8642025
vn -36.2310143 62.7545815 10.1984205
vn -0.000106041814 72.4625778 10.1983633
vn -2.13029148e-06 67.4894791 28.2843151
vn -33.7446098 58.4476013 28.2844772
vn -30.6420269 53.0730782 39.9893417
vn -2.28976296e-06 61.2835617 39.9894524
vn -1.47381445e-06 34.3738518 64.6008606
vn -17.1869831 29.7688656 64.6007233
vn 4.34209051e-06 -5.18524503e-05 73.1767197
vn -3.94251032e-07 -9.70802139e-05 -73.1767197
vn -21.6116657 12.4775276 -68.7901154
vn -47.5697021 27.4643688 -48.3493919
vn -60.4779739 34.9170036 -21.864357
vn -62.7543678 36.2313957 10.1984434
vn -58.4476051 33.7446098 28.2844524
vn -53.0732689 30.6417904 39.9892654
vn -29.7687569 17.1869335 64.6007996
vn -72.4625778 -8.19109919e-05 10.1983957
vn -67.4894714 -5.04243908e-05 28.2843304
vn -61.2836304 -4.30964428e-05 39.9893684
vn -34.3738823 -5.52442725e-05 64.6008377
vn -24.9549561 -9.64955761e-05 -68.7901306
vn -54.9287415 -2.65896742e-05 -48.3494072
vn -69.8340073 -3.99609489e-05 -21.8642082
vn -21.611599 -12.4776144 -68.7901154
vn -47.5695534 -27.4645596 -48.3494415
vn -60.4779015 -34.9171753 -21.8642769
vn -62.7544289 -36.2313042 10.1983767
vn -58.4476395 -33.7446938 28.2842903
vn -53.0731316 -30.6419296 39.9893417
vn -29.7685299 -17.1868687 64.600914
vn -33.7446365 -58.4476357 28.2843723
vn -30.6415977 -53.073349 39.9893036
vn -17.1868 -29.7685623 64.6009369
vn -12.4775038 -21.6115742 -68.7901535
vn -27.4643688 -47.5696831 -48.3494186
vn -34.9170189 -60.477951 -21.8643894
vn -36.2312737 -62.7544441 10.1984406
vn -5.42086923e-07 -24.9550323 -68.7901001
vn 1.90944547e-06 -54.9286194 -48.3495483
vn 7.42835539e-07 -69.833931 -21.8644314
vn 1.18263301e-06 -72.4625626 10.1985273
vn -1.7752385e-06 -67.4894333 28.2844048
vn -5.72440399e-07 -61.2837372 39.989193
vn -8.29022952e-07 -34.37397 64.6007996
vn 30.6416016 -53.0733414 39.989296
vn 17.1868038 -29.7685471 64.6009369
vn 12.4775047 -21.6115665 -68.7901535
vn 27.464365 -47.5696793 -48.3494225
vn 34.9170227 -60.4779472 -21.8643894
vn 36.2312775 -62.7544365 10.1984386
vn 33.7446365 -58.4476395 28.2843666
vn 21.6116009 -12.4776115 -68.7901154
vn 47.5695381 -27.4645615 -48.3494453
vn 60.47789 -34.9171906 -21.8642941
vn 62.7544212 -36.2313118 10.1983833
vn 58.4476585 -33.7446938 28.2842617
vn 53.0731659 -30.6419163 39.9893112
vn 29.7685375 -17.1868458 64.600914
vn 34.3738747 -5.41388981e-05 64.6008453
vn 24.9549465 -0.000100832272 -68.7901382
vn 54.9287415 -4.33927889e-05 -48.3494034
vn 69.8340073 -2.58471264e-05 -21.8642406
vn 72.4625778 -5.74700098e-05 10.1983891
vn 67.4894867 -4.15481918e-05 28.2843056
vn 61.2836571 -2.53507897e-05 39.9893265
vn 47.5697784 27.464323 -48.3493462
vn 60.477993 34.9169884 -21.8643284
vn 62.7543449 36.2314339 10.1984205
vn 58.4476051 33.7446213 28.2844543
vn 53.0732689 30.6417904 39.989254
vn 29.768774 17.1868954 64.6007996
vn 21.6116638 12.4775181 -68.7901154
vn 12.4775066 21.6117973 -68.7900696
vn 27.4645672 47.5696373 -48.3493462
vn 34.9169273 60.4780731 -21.8642044
vn 36.2309151 62.7546387 10.1984177
vn 33.744606 58.4476013 28.2844734
vn 30.642025 53.0730743 39.9893417
vn 17.1869926 29.768837 64.6007385
vn -69.8851471 -18.7257156 -10.9656277
vn -72.2921829 9.20570074e-06 -11.3433914
vn -72.2921829 5.15395186e-06 -11.3433933
vn -69.8851242 18.725729 -10.9657774
vn -28.9813347 45.4698563 -49.4712791
vn -22.1283474 59.0874443 -37.0653725
vn -7.78840685 71.6825104 -12.4815855
vn -34.2509079 25.3429718 -59.4932098
vn -14.9060946 67.3152084 -24.5214748
vn -35.6398239 13.7082539 -62.4237099
vn -26.4254017 65.8151474 -18.0248871
vn -13.8260937 71.2708893 -9.17233467
vn -58.6532364 11.9086475 -42.104805
vn -56.636795 22.629879 -40.4350548
vn -38.4675369 56.2331848 -26.7003727
vn -49.0585365 41.8514519 -34.591156
vn -17.4883137 70.8939667 -4.79960489
vn -67.3878708 20.5082226 -19.8272457
vn -59.5256233 38.8628311 -17.3554592
vn -33.3684006 64.4384613 -9.43755913
vn -69.4377594 10.6137171 -20.508028
vn -47.7436562 53.7278709 -13.7365198
vn -50.6960144 52.7707062 5.57822023e-06
vn -35.6651726 63.8970146 8.01117858e-06
vn -62.6759262 37.769825 8.09271205e-06
vn -18.7004547 70.7469101 -7.55801921e-07
vn -70.4574966 19.762928 3.03775378e-05
vn -72.4654541 10.1778955 4.23030106e-05
vn -33.368248 64.43853 9.43756771
vn -17.4885311 70.8939133 4.79959393
vn -69.437767 10.6137724 20.507967
vn -67.3878708 20.5082493 19.8272305
vn -47.7436028 53.7279091 13.7365437
vn -59.5256195 38.8628387 17.3554783
vn -49.058548 41.8514481 34.5911407
vn -38.4674263 56.2332497 26.7003918
vn -13.8257942 71.2709503 9.17231941
vn -56.6368332 22.6298599 40.4350204
vn -26.4253559 65.8151703 18.0248756
vn -58.6532211 11.9086266 42.1048203
vn -22.1283264 59.0874596 37.0653687
vn -14.9059715 67.315239 24.5214748
vn -28.9814053 45.4698792 49.4712067
vn -7.78850651 71.6825027 12.481576
vn -34.2508965 25.3429356 59.4932251
vn -35.6397057 13.7081623 62.4237862
vn -35.8563805 3.24569535 -63.7072792
vn -38.205204 2.81560826 -62.3479462
vn -59.2539787 -1.03973055 -42.9268875
vn -60.1967087 -1.19730198 -41.5903244
vn -70.0972214 -2.95692277 -20.7958908
vn -70.2904816 -2.99247599 -20.1277237
vn -73.0918045 -3.52421427 -1.37295356e-05
vn -73.0918045 -3.52421474 -1.45527656e-05
vn -70.0972061 -2.95697594 20.7959232
vn -70.2904739 -2.9925282 20.1277466
vn -59.2539444 -1.03971815 42.9269295
vn -60.1966705 -1.19729817 41.5903778
vn -35.8564415 3.24578452 63.7072372
vn -38.2052574 2.81569576 62.3479156
vn -40.5045967 -35.2611847 49.707737
vn -40.7224922 -32.7273941 51.2389374
vn -51.5768929 -24.592783 45.7148933
vn -54.0414124 -23.5522842 43.3549042
vn -31.3053055 -37.8218422 54.2615776
vn -19.5535393 -39.7619514 58.2364044
vn -22.0941257 -34.8962517 60.4064064
vn -37.3149452 -30.1405983 55.2627487
vn -10.1963587 -39.9850693 60.4322815
vn -11.3181152 -36.8772049 62.1836319
vn -51.3582077 -12.6047735 50.5795059
vn -31.9819374 -17.9710503 63.3168983
vn -30.0667191 -9.04998875 66.0978165
vn -49.8851891 -8.80269432 52.8092003
vn -64.8201981 -3.71027398 33.7551193
vn -62.0308609 -10.0282316 37.5025177
vn -16.8406315 -21.1668148 67.9940491
vn -16.7736797 -8.51680565 70.7173233
vn -69.9174805 6.5600419 20.5753155
vn -68.6876297 -6.88499403 24.278347
vn -67.9405289 15.4225111 22.3844357
vn -61.7109337 16.1632385 35.8516693
vn -59.6516495 12.6979246 40.4385338
vn -68.0758667 10.620575 24.6518135
vn -45.0462875 18.3258057 54.6793289
vn -24.4166794 19.8299217 66.0714264
vn -24.4428329 15.6079931 67.1846008
vn -44.2229385 14.5525265 56.4569588
vn -11.8593626 19.6991081 69.4703751
vn -11.8722477 15.6271772 70.4959106
vn -15.0578909 11.8184881 70.6287231
vn -29.0695324 9.93233776 66.4164429
vn -13.1169262 16.6716537 70.034523
vn -26.1438351 15.6364164 66.534462
vn -12.0781012 21.8817768 68.7760086
vn -24.4536285 21.8031845 65.4329834
vn -48.924202 4.99346972 54.1878204
vn -63.0364456 -0.964639187 37.152504
vn -46.3330269 12.9047985 55.1502495
vn -62.1464882 8.65723419 37.6523514
vn -45.1483498 20.5942516 53.7804375
vn -61.7344933 17.9007549 34.9749451
vn -68.5950241 -4.72645569 25.0442734
vn -68.3897171 3.43278384 25.8049183
vn -67.97995 14.8031502 22.6809177
vn -59.7519226 -12.2908249 40.416275
vn -66.3347855 -8.75899124 29.6278553
vn -63.2685127 -4.22374201 36.5251617
vn -68.6628647 -1.8589201 25.2346516
vn -65.4134521 4.62578201 32.4732971
vn -69.6170654 7.48422003 21.2669506
vn -12.9410582 -33.2959633 63.8650093
vn -25.7194691 -29.7840633 61.6948128
vn -15.1692686 -25.5621643 66.8677902
vn -29.6396942 -22.1047764 63.1482353
vn -16.9913673 -14.5519743 69.6732788
vn -32.3690872 -11.078618 64.68647
vn -43.880249 -21.1057053 54.6251297
vn -49.6171646 -13.0064945 52.1900444
vn -52.9219666 -3.40423918 50.4233017
vn -13.3458786 -57.7341194 42.9358864
vn -6.68193054 -58.4004173 43.5841103
vn -6.35028172 -59.9879036 41.4241142
vn -11.7323418 -59.7793198 40.5415497
vn -8.31790543 -50.9597206 51.8531723
vn -16.8888149 -49.4162216 51.260479
vn -9.69819832 -59.5419464 41.4189987
vn -9.86433315 -58.5570831 42.7620735
vn -11.8755713 -58.7544136 41.9728699
vn -9.27806664 -58.8349419 42.5111618
vn -25.0985889 -47.1340256 50.0327568
vn -25.2923813 -47.4243965 49.6593895
vn -11.4363489 -59.6264763 40.8500404
vn -11.7606306 -59.4266052 41.0487328
vn -17.9274769 -55.5856438 44.0871162

# Mesh 'Cube.011' with 5243 faces
g Cube.011
usemtl DefaultMaterial
f  1/1/1 2/2/2 3/3/3 4/4/4
f  1/1/1 4/4/4 5/5/5 6/6/6
f  7/7/7 6/6/6 5/5/5 8/8/8
f  7/7/7 8/8/8 9/9/9 10/10/10
f  11/11/11 12/12/12 13/13/13 14/14/14
f  11/15/11 14/16/14 15/17/15 16/18/16
f  17/19/17 16/20/16 15/21/15 18/22/18
f  17/19/17 18/22/18 19/23/19 20/24/20
f  21/25/21 20/24/20 19/23/19 22/26/22
f  21/27/21 22/28/22 23/29/23 24/30/24
f  25/31/25 24/30/24 23/29/23 26/32/26
f  25/31/25 26/32/26 3/33/3 2/34/2
f  15/35/15 27/36/27 28/37/28 18/38/18
f  1/39/1 29/40/29 30/41/30 2/42/2
f  25/43/25 31/44/31 32/45/32 24/46/24
f  16/47/16 33/48/33 34/49/34 11/50/11
f  14/51/14 35/52/35 27/36/27 15/35/15
f  17/53/17 36/54/36 33/48/33 16/47/16
f  13/55/13 37/56/37 35/52/35 14/51/14
f  6/57/6 38/58/38 29/40/29 1/39/1
f  2/42/2 30/41/30 31/44/31 25/43/25
f  26/59/26 39/60/39 40/61/40 3/62/3
f  12/63/12 41/64/41 37/65/37 13/66/13
f  7/67/7 42/68/42 38/58/38 6/57/6
f  23/69/23 43/70/43 39/71/39 26/72/26
f  20/73/20 44/74/44 36/54/36 17/53/17
f  8/75/8 45/76/45 9/77/9
f  22/28/22 46/78/46 43/79/43 23/29/23
f  21/80/21 47/81/47 44/74/44 20/73/20
f  5/82/5 48/83/48 45/76/45 8/75/8
f  10/84/10 42/68/42 7/67/7
f  19/85/19 49/86/49 46/87/46 22/88/22
f  4/89/4 50/90/50 48/83/48 5/82/5
f  11/50/11 34/49/34 41/91/41 12/92/12
f  18/38/18 28/37/28 49/86/49 19/85/19
f  24/46/24 32/45/32 47/81/47 21/80/21
f  3/62/3 40/61/40 50/90/50 4/89/4
f  51/93/51 52/94/52 53/95/53 54/96/54
f  51/93/51 54/96/54 55/97/55 56/98/56
f  51/93/51 56/98/56 57/99/57 58/100/58
f  51/93/51 58/100/58 59/101/59 52/94/52
f  60/102/60 61/103/61 62/104/62 63/105/63
f  60/102/60 63/105/63 64/106/64 65/107/65
f  60/102/60 65/107/65 66/108/66 67/109/67
f  60/102/60 67/109/67 68/110/68 61/103/61
f  69/111/69 70/112/70 71/113/71 72/114/72
f  69/115/69 72/116/72 73/117/73 74/118/74
f  69/115/69 74/118/74 75/119/75 76/120/76
f  69/111/69 76/121/76 77/122/77 70/112/70
f  78/123/78 79/124/79 80/125/80 81/126/81
f  78/123/78 81/126/81 82/127/82 83/128/83
f  78/123/78 83/128/83 84/129/84 85/130/85
f  78/123/78 85/130/85 86/131/86 79/124/79
f  87/132/87 88/133/88 89/134/89 90/135/90
f  87/132/87 90/135/90 91/136/91 92/137/92
f  87/132/87 92/137/92 93/138/93 94/139/94
f  87/132/87 94/139/94 95/140/95 88/133/88
f  96/141/96 97/142/97 98/143/98 99/144/99
f  96/141/96 99/144/99 100/145/100 101/146/101
f  96/141/96 101/146/101 102/147/102 103/148/103
f  96/141/96 103/148/103 104/149/104 97/142/97
f  105/150/105 106/151/106 107/152/107 108/153/108
f  105/150/105 108/153/108 109/154/109 110/155/110
f  105/150/105 110/155/110 111/156/111 112/157/112
f  105/150/105 112/157/112 113/158/113 106/151/106
f  114/159/114 115/160/115 116/161/116 117/162/117
f  114/159/114 117/162/117 118/163/118 119/164/119
f  114/159/114 119/164/119 120/165/120 121/166/121
f  114/159/114 121/166/121 122/167/122 115/160/115
f  123/168/123 124/169/124 125/170/125 126/171/126
f  123/168/123 126/171/126 127/172/127 128/173/128
f  123/174/123 128/175/128 129/176/129 130/177/130
f  123/174/123 130/177/130 131/178/131 124/179/124
f  132/180/132 133/181/133 134/182/134 135/183/135
f  132/180/132 135/183/135 136/184/136 137/185/137
f  132/180/132 137/185/137 138/186/138 139/187/139
f  132/180/132 139/187/139 140/188/140 133/181/133
f  141/189/141 142/190/142 143/191/143 144/192/144
f  141/189/141 144/192/144 145/193/145 146/194/146
f  141/189/141 146/194/146 147/195/147 148/196/148
f  141/189/141 148/196/148 149/197/149 142/190/142
f  150/198/150 151/199/151 152/200/152 153/201/153
f  150/198/150 153/201/153 154/202/154 155/203/155
f  150/198/150 155/203/155 156/204/156 157/205/157
f  150/198/150 157/205/157 158/206/158 151/199/151
f  159/207/159 160/208/160 93/209/93 92/210/92
f  159/211/159 92/137/92 91/136/91 161/212/161
f  159/213/159 161/214/161 149/215/149 148/216/148
f  159/217/159 148/196/148 147/195/147 160/218/160
f  162/219/162 161/212/161 91/136/91 90/135/90
f  162/219/162 90/135/90 89/134/89 163/220/163
f  162/221/162 163/222/163 143/223/143 142/224/142
f  162/221/162 142/224/142 149/225/149 161/226/161
f  164/227/164 165/228/165 64/229/64 63/230/63
f  164/227/164 63/230/63 62/231/62 166/232/166
f  164/233/164 166/234/166 116/161/116 115/160/115
f  164/233/164 115/160/115 122/167/122 165/235/165
f  167/236/167 163/220/163 89/134/89 88/133/88
f  167/237/167 88/238/88 95/239/95 168/240/168
f  167/241/167 168/242/168 145/193/145 144/192/144
f  167/243/167 144/244/144 143/223/143 163/222/163
f  169/245/169 170/246/170 71/113/71 70/112/70
f  169/245/169 70/112/70 77/122/77 171/247/171
f  169/248/169 171/249/171 127/172/127 126/171/126
f  169/248/169 126/171/126 125/170/125 170/250/170
f  172/251/172 173/252/173 73/117/73 72/116/72
f  172/253/172 72/254/72 71/255/71 170/256/170
f  172/253/172 170/256/170 125/257/125 124/258/124
f  172/253/172 124/258/124 131/259/131 173/260/173
f  174/261/174 175/262/175 80/125/80 79/124/79
f  174/261/174 79/124/79 86/131/86 176/263/176
f  174/264/174 176/265/176 136/266/136 135/267/135
f  174/264/174 135/267/135 134/268/134 175/269/175
f  177/270/177 178/271/178 82/272/82 81/273/81
f  177/270/177 81/273/81 80/274/80 175/275/175
f  177/270/177 175/275/175 134/276/134 133/277/133
f  177/270/177 133/277/133 140/278/140 178/271/178
f  179/279/179 180/280/180 57/99/57 56/98/56
f  179/279/179 56/98/56 55/97/55 181/281/181
f  179/282/179 181/283/181 113/284/113 112/285/112
f  179/282/179 112/285/112 111/286/111 180/287/180
f  182/288/182 183/289/183 100/145/100 99/144/99
f  182/288/182 99/144/99 98/143/98 184/290/184
f  182/291/182 184/292/184 152/293/152 151/294/151
f  182/291/182 151/294/151 158/295/158 183/296/183
f  185/297/185 176/298/176 86/299/86 85/300/85
f  185/297/185 85/300/85 84/301/84 186/302/186
f  185/297/185 186/302/186 138/303/138 137/304/137
f  185/297/185 137/304/137 136/305/136 176/298/176
f  187/306/187 184/307/184 98/308/98 97/309/97
f  187/306/187 97/309/97 104/310/104 188/311/188
f  187/312/187 188/313/188 154/202/154 153/201/153
f  187/306/187 153/314/153 152/315/152 184/307/184
f  189/316/189 171/317/171 77/318/77 76/319/76
f  189/316/189 76/319/76 75/320/75 190/321/190
f  189/316/189 190/321/190 129/322/129 128/323/128
f  189/316/189 128/323/128 127/324/127 171/317/171
f  191/325/191 168/326/168 95/327/95 94/328/94
f  191/325/191 94/328/94 93/209/93 160/208/160
f  191/329/191 160/218/160 147/195/147 146/194/146
f  191/329/191 146/194/146 145/193/145 168/242/168
f  192/330/192 193/331/193 66/108/66 65/107/65
f  192/330/192 65/107/65 64/106/64 165/332/165
f  192/333/192 165/334/165 122/335/122 121/336/121
f  192/333/192 121/336/121 120/337/120 193/338/193
f  194/339/194 195/340/195 102/341/102 101/342/101
f  194/343/194 101/146/101 100/145/100 183/289/183
f  194/339/194 183/344/183 158/345/158 157/346/157
f  194/339/194 157/346/157 156/347/156 195/340/195
f  196/348/196 186/349/186 84/350/84 83/351/83
f  196/348/196 83/351/83 82/352/82 178/353/178
f  196/348/196 178/353/178 140/188/140 139/187/139
f  196/348/196 139/187/139 138/186/138 186/349/186
f  197/354/197 198/355/198 59/356/59 58/357/58
f  197/358/197 58/100/58 57/99/57 180/280/180
f  197/359/197 180/360/180 111/156/111 110/155/110
f  197/359/197 110/155/110 109/154/109 198/361/198
f  199/362/199 200/363/200 53/364/53 52/365/52
f  199/362/199 52/365/52 59/356/59 198/355/198
f  199/366/199 198/361/198 109/154/109 108/153/108
f  199/366/199 108/153/108 107/152/107 200/367/200
f  201/368/201 202/369/202 68/110/68 67/109/67
f  201/368/201 67/109/67 66/108/66 193/331/193
f  201/370/201 193/371/193 120/372/120 119/373/119
f  201/370/201 119/373/119 118/374/118 202/375/202
f  203/376/203 181/281/181 55/97/55 54/96/54
f  203/377/203 54/378/54 53/364/53 200/363/200
f  203/379/203 200/367/200 107/152/107 106/151/106
f  203/380/203 106/381/106 113/284/113 181/283/181
f  204/382/204 188/383/188 104/384/104 103/385/103
f  204/382/204 103/385/103 102/386/102 195/387/195
f  204/388/204 195/389/195 156/204/156 155/203/155
f  204/388/204 155/203/155 154/202/154 188/313/188
f  205/390/205 190/391/190 75/119/75 74/118/74
f  205/390/205 74/118/74 73/117/73 173/252/173
f  205/392/205 173/393/173 131/178/131 130/177/130
f  205/392/205 130/177/130 129/176/129 190/394/190
f  206/395/206 166/232/166 62/231/62 61/396/61
f  206/397/206 61/103/61 68/110/68 202/369/202
f  206/398/206 202/399/202 118/400/118 117/401/117
f  206/402/206 117/162/117 116/161/116 166/234/166
f  207/403/207 208/404/208 209/405/209 210/406/210
f  207/403/207 210/406/210 211/407/211 212/408/212
f  207/403/207 212/408/212 213/409/213 214/410/214
f  207/403/207 214/410/214 215/411/215 208/404/208
f  216/412/216 217/413/217 218/414/218 219/415/219
f  216/412/216 219/415/219 220/416/220 221/417/221
f  216/412/216 221/417/221 222/418/222 223/419/223
f  216/412/216 223/419/223 224/420/224 217/413/217
f  225/421/225 226/422/226 222/423/222 221/424/221
f  225/421/225 221/424/221 220/425/220 227/426/227
f  225/427/225 227/428/227 215/411/215 214/410/214
f  225/427/225 214/410/214 213/409/213 226/429/226
f  228/430/228 229/431/229 218/414/218 217/413/217
f  228/432/228 217/433/217 224/434/224 230/435/230
f  228/432/228 230/435/230 211/436/211 210/437/210
f  228/438/228 210/406/210 209/405/209 229/439/229
f  231/440/231 230/441/230 224/442/224 223/443/223
f  231/440/231 223/443/223 222/444/222 226/445/226
f  231/440/231 226/445/226 213/446/213 212/447/212
f  231/440/231 212/447/212 211/448/211 230/441/230
f  232/449/232 227/450/227 220/451/220 219/452/219
f  232/449/232 219/452/219 218/453/218 229/454/229
f  232/449/232 229/454/229 209/455/209 208/456/208
f  232/449/232 208/456/208 215/457/215 227/450/227
f  233/458/233 234/459/234 235/460/235 236/461/236
f  237/462/237 238/463/238 239/464/239 240/465/240
f  236/466/236 235/467/235 238/463/238 237/462/237
f  240/465/240 239/464/239 241/468/241 242/469/242
f  243/470/243 244/471/244 245/472/245 246/473/246
f  247/474/247 248/475/248 244/471/244 243/470/243
f  246/476/246 245/477/245 249/478/249 250/479/250
f  251/480/251 252/481/252 248/475/248 247/474/247
f  253/482/253 254/483/254 255/484/255 256/485/256
f  257/486/257 258/487/258 259/488/259 260/489/260
f  256/485/256 255/484/255 258/490/258 257/491/257
f  260/489/260 259/488/259 261/492/261 262/493/262
f  245/477/245 263/494/263 264/495/264 249/478/249
f  263/494/263 265/496/265 266/497/266 264/495/264
f  265/496/265 267/498/267 268/499/268 266/497/266
f  267/498/267 260/489/260 262/493/262 268/499/268
f  248/475/248 269/500/269 270/501/270 244/471/244
f  269/500/269 271/502/271 272/503/272 270/501/270
f  271/502/271 273/504/273 274/505/274 272/503/272
f  273/504/273 256/485/256 257/491/257 274/505/274
f  244/506/244 270/507/270 263/494/263 245/477/245
f  270/507/270 272/508/272 265/496/265 263/494/263
f  272/508/272 274/509/274 267/498/267 265/496/265
f  274/509/274 257/486/257 260/489/260 267/498/267
f  252/481/252 275/510/275 269/500/269 248/475/248
f  275/510/275 276/511/276 271/502/271 269/500/269
f  276/511/276 277/512/277 273/504/273 271/502/271
f  277/512/277 253/482/253 256/485/256 273/504/273
f  234/459/234 278/513/278 279/514/279 235/460/235
f  278/513/278 280/515/280 281/516/281 279/514/279
f  280/515/280 282/517/282 283/518/283 281/516/281
f  282/517/282 251/480/251 247/474/247 283/518/283
f  239/519/239 284/520/284 285/521/285 241/522/241
f  284/520/284 286/523/286 287/524/287 285/521/285
f  286/523/286 288/525/288 289/526/289 287/524/287
f  288/525/288 246/476/246 250/479/250 289/526/289
f  235/460/235 279/514/279 290/527/290 238/528/238
f  279/514/279 281/516/281 291/529/291 290/527/290
f  281/516/281 283/518/283 292/530/292 291/529/291
f  283/518/283 247/474/247 243/470/243 292/530/292
f  238/531/238 290/532/290 284/520/284 239/519/239
f  290/527/290 291/529/291 286/533/286 284/534/284
f  291/529/291 292/530/292 288/535/288 286/533/286
f  292/530/292 243/470/243 246/473/246 288/535/288
f  293/536/293 294/537/294 295/538/295 296/539/296
f  294/537/294 297/540/297 298/541/298 295/538/295
f  297/540/297 240/465/240 242/469/242 298/541/298
f  299/542/299 300/543/300 301/544/301 302/545/302
f  300/543/300 303/546/303 304/547/304 301/544/301
f  303/546/303 236/466/236 237/462/237 304/547/304
f  302/545/302 301/544/301 294/537/294 293/536/293
f  301/544/301 304/547/304 297/540/297 294/537/294
f  304/547/304 237/462/237 240/465/240 297/540/297
f  305/548/305 306/549/306 300/543/300 299/542/299
f  306/549/306 307/550/307 303/546/303 300/543/300
f  307/550/307 233/551/233 236/466/236 303/546/303
f  308/552/308 309/553/309 310/554/310 311/555/311
f  308/556/308 311/557/311 312/558/312 313/559/313
f  308/560/308 313/561/313 314/562/314 315/563/315
f  308/552/308 315/564/315 316/565/316 309/553/309
f  317/566/317 318/567/318 319/568/319 320/569/320
f  317/566/317 320/569/320 321/570/321 322/571/322
f  317/566/317 322/571/322 323/572/323 324/573/324
f  317/566/317 324/573/324 325/574/325 318/567/318
f  326/575/326 327/576/327 328/577/328 329/578/329
f  326/579/326 329/580/329 330/581/330 331/582/331
f  326/583/326 331/584/331 332/585/332 333/586/333
f  326/587/326 333/588/333 334/589/334 327/590/327
f  335/591/335 336/592/336 337/593/337 338/594/338
f  335/591/335 338/594/338 339/595/339 340/596/340
f  335/597/335 340/598/340 341/599/341 342/600/342
f  335/601/335 342/602/342 343/603/343 336/604/336
f  344/605/344 345/606/345 346/607/346 347/608/347
f  344/605/344 347/608/347 348/609/348 349/610/349
f  344/611/344 349/612/349 350/613/350 351/614/351
f  344/615/344 351/616/351 352/617/352 345/618/345
f  353/619/353 354/620/354 355/621/355 356/622/356
f  353/623/353 356/624/356 357/625/357 358/626/358
f  353/623/353 358/626/358 359/627/359 360/628/360
f  353/619/353 360/629/360 361/630/361 354/620/354
f  362/631/362 363/632/363 364/633/364 365/634/365
f  362/635/362 365/636/365 366/637/366 367/638/367
f  362/635/362 367/638/367 368/639/368 369/640/369
f  362/631/362 369/641/369 370/642/370 363/632/363
f  371/643/371 372/644/372 373/645/373 374/646/374
f  371/643/371 374/646/374 355/621/355 354/620/354
f  371/643/371 354/620/354 361/630/361 375/647/375
f  371/643/371 375/647/375 376/648/376 372/644/372
f  377/649/377 358/650/358 357/651/357 378/652/378
f  377/649/377 378/652/378 379/653/379 380/654/380
f  377/649/377 380/654/380 381/655/381 382/656/382
f  377/649/377 382/656/382 359/657/359 358/650/358
f  383/658/383 384/659/384 385/660/385 386/661/386
f  383/662/383 386/663/386 387/664/387 388/665/388
f  383/662/383 388/665/388 389/666/389 390/667/390
f  383/658/383 390/668/390 391/669/391 384/659/384
f  392/670/392 393/671/393 330/672/330 329/578/329
f  392/670/392 329/578/329 328/577/328 394/673/394
f  392/674/392 394/675/394 395/676/395 396/677/396
f  392/674/392 396/677/396 397/678/397 393/679/393
f  398/680/398 399/681/399 332/682/332 331/582/331
f  398/680/398 331/582/331 330/581/330 393/683/393
f  398/680/398 393/683/393 397/684/397 400/685/400
f  398/680/398 400/685/400 401/686/401 399/681/399
f  402/687/402 403/688/403 337/689/337 336/604/336
f  402/687/402 336/604/336 343/603/343 404/690/404
f  402/687/402 404/690/404 405/691/405 406/692/406
f  402/687/402 406/692/406 387/693/407 403/688/403
f  407/694/408 322/695/322 321/696/321 408/697/409
f  407/694/408 408/697/409 409/698/410 410/699/411
f  407/694/408 410/699/411 411/700/412 412/701/413
f  407/694/408 412/701/413 323/702/323 322/695/322
f  413/703/414 414/704/415 339/595/339 338/594/338
f  413/703/414 338/594/338 337/593/337 403/705/403
f  413/706/414 403/707/403 387/664/407 386/663/416
f  413/708/414 386/661/416 385/660/417 414/709/415
f  415/710/418 416/711/419 310/554/310 309/553/309
f  415/710/418 309/553/309 316/565/316 417/712/420
f  415/710/418 417/712/420 379/653/421 378/652/422
f  415/710/418 378/652/422 357/651/423 416/711/419
f  418/713/424 419/714/425 314/715/314 313/716/313
f  418/713/424 313/716/313 312/717/312 420/718/426
f  418/713/424 420/718/426 355/621/427 374/646/428
f  418/713/424 374/646/428 373/645/429 419/714/425
f  421/719/430 422/720/431 346/721/346 345/722/345
f  421/723/430 345/618/345 352/617/352 423/724/432
f  421/723/430 423/724/432 366/637/433 365/636/434
f  421/719/430 365/634/434 364/633/435 422/720/431
f  424/725/436 420/726/426 312/558/312 311/557/311
f  424/725/436 311/557/311 310/727/310 416/728/419
f  424/729/436 416/730/419 357/625/423 356/624/437
f  424/725/436 356/731/437 355/732/427 420/726/426
f  425/733/438 417/712/420 316/565/316 315/564/315
f  425/734/438 315/563/315 314/562/314 419/735/425
f  425/734/438 419/735/425 373/736/429 426/737/439
f  425/733/438 426/738/439 379/653/421 417/712/420
f  427/739/440 428/740/441 348/609/348 347/608/347
f  427/741/440 347/742/347 346/721/346 422/720/431
f  427/741/440 422/720/431 364/633/435 429/743/442
f  427/744/440 429/745/442 430/746/443 428/747/441
f  431/748/444 432/749/445 433/750/446 434/751/447
f  431/748/444 434/751/447 319/752/319 318/753/318
f  431/748/444 318/753/318 325/754/325 435/755/448
f  431/748/444 435/755/448 436/756/449 432/749/445
f  437/757/450 438/758/451 350/613/350 349/612/349
f  437/759/450 349/760/349 348/761/348 428/747/441
f  437/759/450 428/747/441 430/746/443 439/762/452
f  437/757/450 439/763/452 440/764/453 438/758/451
f  441/765/454 435/766/448 325/767/325 324/768/324
f  441/765/454 324/768/324 323/769/323 412/770/413
f  441/765/454 412/770/413 411/771/412 442/772/455
f  441/773/454 442/774/455 436/775/449 435/776/448
f  443/777/456 444/778/457 445/779/458 446/780/459
f  443/777/456 446/780/459 447/781/460 448/782/461
f  443/777/456 448/782/461 321/570/321 320/569/320
f  443/777/456 320/569/320 319/568/319 444/778/457
f  449/783/462 450/784/463 341/599/341 340/598/340
f  449/785/462 340/786/340 339/787/339 414/709/415
f  449/785/462 414/709/415 385/660/417 451/788/464
f  449/783/462 451/789/464 452/790/465 450/784/463
f  453/791/466 454/792/467 334/793/334 333/794/333
f  453/791/466 333/794/333 332/795/332 399/796/399
f  453/791/466 399/796/399 401/797/401 455/798/468
f  453/791/466 455/798/468 456/799/469 454/792/467
f  457/800/470 394/801/394 328/802/328 327/590/327
f  457/800/470 327/590/327 334/589/334 454/803/467
f  457/800/470 454/803/467 456/804/469 458/805/471
f  457/800/470 458/805/471 395/806/395 394/801/394
f  459/807/472 404/690/404 343/603/343 342/602/342
f  459/808/472 342/600/342 341/599/341 450/784/463
f  459/808/472 450/784/463 452/790/465 460/809/473
f  459/807/472 460/810/473 405/691/405 404/690/404
f  461/811/474 423/724/432 352/617/352 351/616/351
f  461/812/474 351/614/351 350/613/350 438/758/451
f  461/812/474 438/758/451 440/764/453 462/813/475
f  461/811/474 462/814/475 366/637/433 423/724/432
f  463/815/476 464/816/477 465/817/478 466/818/479
f  463/819/476 466/820/479 467/821/480 468/822/481
f  463/819/476 468/822/481 469/823/482 470/824/483
f  463/815/476 470/825/483 471/826/484 464/816/477
f  472/827/485 468/828/481 467/829/480 473/830/486
f  472/827/485 473/830/486 474/831/487 475/832/488
f  472/827/485 475/832/488 476/833/489 477/834/490
f  472/827/485 477/834/490 469/835/482 468/828/481
f  478/836/491 479/837/492 368/639/368 480/838/493
f  478/839/491 480/840/493 481/841/494 482/842/495
f  478/839/491 482/842/495 483/843/496 484/844/497
f  478/836/491 484/845/497 485/846/498 479/837/492
f  486/847/499 487/848/500 488/849/501 489/850/502
f  486/851/499 489/852/502 490/853/503 491/854/504
f  486/851/499 491/854/504 492/855/505 493/856/506
f  486/847/499 493/857/506 494/858/507 487/848/500
f  495/859/508 475/832/488 474/831/487 496/860/509
f  495/861/508 496/862/509 497/863/510 498/864/511
f  495/861/508 498/864/511 499/865/512 500/866/513
f  495/859/508 500/867/513 476/833/489 475/832/488
f  501/868/514 380/654/380 379/653/379 426/738/515
f  501/869/514 426/737/515 373/736/373 372/870/372
f  501/869/514 372/870/372 376/871/376 502/872/516
f  501/868/514 502/873/516 381/655/381 380/654/380
f  503/874/517 504/875/518 430/746/519 429/745/520
f  503/876/517 429/743/520 364/633/364 363/632/363
f  503/876/517 363/632/363 370/642/370 505/877/521
f  503/874/517 505/878/521 506/879/522 504/875/518
f  507/880/523 508/881/524 509/882/525 510/883/526
f  507/880/523 510/883/526 511/884/527 512/885/528
f  507/880/523 512/885/528 433/886/446 513/887/529
f  507/880/523 513/887/529 409/888/410 508/881/524
f  514/889/530 515/890/531 440/764/532 439/763/533
f  514/891/530 439/762/533 430/746/519 504/875/518
f  514/891/530 504/875/518 506/879/522 516/892/534
f  514/889/530 516/893/534 481/841/494 515/890/531
f  517/894/535 448/895/461 447/896/460 518/897/536
f  517/894/535 518/897/536 509/898/525 508/899/524
f  517/894/535 508/899/524 409/698/410 408/697/409
f  517/894/535 408/697/409 321/696/321 448/895/461
f  519/900/537 410/901/411 409/888/410 513/887/529
f  519/900/537 513/887/529 433/886/446 432/902/445
f  519/900/537 432/902/445 436/775/449 442/774/455
f  519/900/537 442/774/455 411/903/412 410/901/411
f  520/904/538 521/905/539 452/790/540 451/789/541
f  520/906/538 451/788/541 385/660/385 384/659/384
f  520/904/538 384/907/384 391/908/391 522/909/542
f  520/904/538 522/909/542 490/853/503 521/905/539
f  523/910/543 524/911/544 456/912/545 455/913/546
f  523/910/543 455/913/546 401/914/547 525/915/548
f  523/910/543 525/915/548 465/817/478 526/916/549
f  523/910/543 526/916/549 497/917/510 524/911/544
f  527/918/550 528/919/551 395/806/552 458/805/553
f  527/918/550 458/805/553 456/804/545 524/920/544
f  527/918/550 524/920/544 497/863/510 496/862/509
f  527/921/550 496/860/509 474/831/487 528/922/551
f  529/923/554 530/924/555 405/691/556 460/810/557
f  529/925/554 460/809/557 452/790/540 521/905/539
f  529/925/554 521/905/539 490/853/503 489/852/502
f  529/923/554 489/850/502 488/849/501 530/924/555
f  531/926/558 367/638/367 366/637/366 462/814/559
f  531/927/558 462/813/559 440/764/532 515/890/531
f  531/927/558 515/890/531 481/841/494 480/840/493
f  531/926/558 480/838/493 368/639/368 367/638/367
f  532/928/560 533/929/561 397/678/562 396/677/563
f  532/928/560 396/677/563 395/676/552 528/922/551
f  532/928/560 528/922/551 474/831/487 473/830/486
f  532/928/560 473/830/486 467/829/480 533/929/561
f  534/930/564 525/931/548 401/686/547 400/685/565
f  534/930/564 400/685/565 397/684/562 533/932/561
f  534/930/564 533/932/561 467/821/480 466/820/479
f  534/933/564 466/818/479 465/817/478 525/915/548
f  535/934/566 388/665/388 387/664/387 406/935/567
f  535/936/566 406/692/567 405/691/556 530/924/555
f  535/936/566 530/924/555 488/849/501 536/937/568
f  535/934/566 536/938/568 389/666/389 388/665/388
f  537/939/569 538/940/570 539/941/571 540/942/572
f  537/939/569 540/942/572 445/943/573 541/944/574
f  537/939/569 541/944/574 511/945/575 542/946/576
f  537/939/569 542/946/576 543/947/577 538/940/570
f  544/948/578 545/949/579 546/950/580 547/951/581
f  544/952/578 547/953/581 548/954/582 549/955/583
f  544/956/578 549/957/583 550/958/584 551/959/585
f  544/956/578 551/959/585 552/960/586 545/961/579
f  553/962/587 512/963/528 511/945/527 541/944/588
f  553/962/587 541/944/588 445/943/458 444/964/457
f  553/962/587 444/964/457 319/752/319 434/751/447
f  553/962/587 434/751/447 433/750/446 512/963/528
f  554/965/589 477/834/490 476/833/489 500/867/513
f  554/966/589 500/866/513 499/865/512 555/967/590
f  554/968/589 555/969/590 471/826/484 470/825/483
f  554/965/589 470/970/483 469/835/482 477/834/490
f  556/971/591 557/972/592 558/973/593 559/974/594
f  556/975/591 559/976/594 494/977/507 493/978/506
f  556/975/591 493/978/506 492/979/505 560/980/595
f  556/981/591 560/982/595 561/983/596 557/984/592
f  562/985/597 563/986/598 564/987/599 565/988/600
f  562/985/597 565/988/600 485/989/498 484/990/497
f  562/985/597 484/990/497 483/991/496 566/992/601
f  562/985/597 566/992/601 567/993/602 563/986/598
f  568/994/603 569/995/604 389/666/389 536/938/568
f  568/996/603 536/937/568 488/849/501 487/848/500
f  568/996/603 487/848/500 494/858/507 559/997/594
f  568/994/603 559/974/594 558/973/593 569/995/604
f  570/998/605 571/999/606 572/1000/607 573/1001/608
f  570/1002/605 573/1003/608 539/941/571 538/940/570
f  570/1004/605 538/1005/570 543/1006/577 574/1007/609
f  570/1004/605 574/1007/609 575/1008/610 571/1009/606
f  576/1010/611 577/1011/612 391/669/391 390/668/390
f  576/1010/611 390/668/390 389/1012/389 569/1013/604
f  576/1010/611 569/1013/604 558/1014/593 557/984/592
f  576/1010/611 557/984/592 561/983/596 577/1011/612
f  578/1015/613 579/1016/614 359/627/359 382/1017/382
f  578/1018/613 382/656/382 381/655/381 580/1019/615
f  578/1020/613 580/1021/615 548/954/582 547/953/581
f  578/1015/613 547/951/581 546/950/580 579/1016/614
f  581/1022/616 582/1023/617 376/648/376 375/647/375
f  581/1022/616 375/647/375 361/630/361 583/1024/618
f  581/1022/616 583/1024/618 552/960/586 551/959/585
f  581/1022/616 551/959/585 550/958/584 582/1023/617
f  584/1025/619 585/1026/620 370/642/370 369/641/369
f  584/1027/619 369/640/369 368/639/368 479/837/492
f  584/1028/619 479/1029/492 485/989/498 565/988/600
f  584/1025/619 565/1030/600 564/1031/599 585/1026/620
f  586/1032/621 583/1033/618 361/1034/361 360/628/360
f  586/1032/621 360/628/360 359/627/359 579/1016/614
f  586/1032/621 579/1016/614 546/950/580 545/949/579
f  586/1032/621 545/949/579 552/1035/586 583/1033/618
f  587/1036/622 580/1019/615 381/655/381 502/873/516
f  587/1037/622 502/872/516 376/871/376 582/1038/617
f  587/1039/622 582/1040/617 550/1041/584 549/955/583
f  587/1039/622 549/955/583 548/954/582 580/1021/615
f  588/1042/623 589/1043/624 506/879/522 505/878/521
f  588/1044/623 505/877/521 370/642/370 585/1026/620
f  588/1044/623 585/1026/620 564/1031/599 563/1045/598
f  588/1042/623 563/1046/598 567/1047/602 589/1043/624
f  590/1048/625 518/897/626 447/896/627 591/1049/628
f  590/1048/625 591/1049/628 572/1050/607 571/1051/606
f  590/1048/625 571/1051/606 575/1052/610 592/1053/629
f  590/1048/625 592/1053/629 509/898/630 518/897/626
f  593/1054/631 482/842/495 481/841/494 516/893/534
f  593/1055/631 516/892/534 506/879/522 589/1043/624
f  593/1055/631 589/1043/624 567/1047/602 566/1056/601
f  593/1054/631 566/1057/601 483/843/496 482/842/495
f  594/1058/632 574/1059/609 543/1060/577 542/1061/576
f  594/1058/632 542/1061/576 511/884/575 510/883/633
f  594/1058/632 510/883/633 509/882/630 592/1062/629
f  594/1058/632 592/1062/629 575/1063/610 574/1059/609
f  595/1064/634 540/1065/572 539/1066/571 573/1001/608
f  595/1064/634 573/1001/608 572/1000/607 591/1067/628
f  595/1064/634 591/1067/628 447/781/627 446/780/635
f  595/1064/634 446/780/635 445/779/573 540/1065/572
f  596/1068/636 491/854/504 490/853/503 522/909/542
f  596/1069/636 522/1070/542 391/669/391 577/1011/612
f  596/1069/636 577/1011/612 561/983/596 560/982/595
f  596/1068/636 560/1071/595 492/855/505 491/854/504
f  597/1072/637 498/1073/511 497/917/510 526/916/549
f  597/1072/637 526/916/549 465/817/478 464/816/477
f  597/1072/637 464/816/477 471/826/484 555/969/590
f  597/1072/637 555/969/590 499/1074/512 498/1073/511
f  598/1075/638 599/1076/639 600/1077/640 601/1078/641
f  598/1075/638 601/1078/641 602/1079/642 603/1080/643
f  598/1075/638 603/1080/643 604/1081/644 605/1082/645
f  598/1075/638 605/1082/645 606/1083/646 599/1076/639
f  607/1084/647 608/1085/648 600/1077/640 599/1076/639
f  607/1084/647 599/1076/639 606/1083/646 609/1086/649
f  607/1087/647 609/1088/649 610/1089/650 611/1090/651
f  607/1087/647 611/1090/651 612/1091/652 608/1092/648
f  613/1093/653 614/1094/654 600/1077/640 608/1085/648
f  613/1095/653 608/1092/648 612/1091/652 615/1096/655
f  613/1095/653 615/1096/655 616/1097/656 617/1098/657
f  613/1093/653 617/1099/657 618/1100/658 614/1094/654
f  619/1101/659 601/1078/641 600/1077/640 614/1094/654
f  619/1101/659 614/1094/654 618/1100/658 620/1102/660
f  619/1101/659 620/1102/660 621/1103/661 622/1104/662
f  619/1101/659 622/1104/662 602/1079/642 601/1078/641
f  623/1105/663 624/1106/664 625/1107/665 626/1108/666
f  623/1105/663 626/1108/666 627/1109/667 628/1110/668
f  629/1111/669 630/1112/670 625/1107/665 624/1106/664
f  631/1113/671 632/1114/672 633/1115/673 634/1116/674
f  629/1111/669 635/1117/675 636/1118/676 630/1112/670
f  637/1119/677 638/1120/678 625/1107/665 630/1112/670
f  637/1119/677 630/1112/670 636/1118/676 639/1121/679
f  637/1119/677 639/1121/679 640/1122/680 641/1123/681
f  637/1119/677 641/1123/681 642/1124/682 638/1120/678
f  643/1125/683 626/1108/666 625/1107/665 638/1120/678
f  643/1125/683 638/1120/678 642/1124/682 644/1126/684
f  643/1125/683 644/1126/684 645/1127/685 646/1128/686
f  643/1125/683 646/1128/686 627/1109/667 626/1108/666
f  647/1129/687 648/1130/688 649/1131/689 650/1132/690
f  647/1129/687 650/1132/690 651/1133/691 652/1134/692
f  647/1129/687 652/1134/692 653/1135/693 654/1136/694
f  647/1129/687 654/1136/694 655/1137/695 648/1130/688
f  656/1138/696 657/1139/697 649/1140/689 648/1141/688
f  656/1138/696 648/1141/688 655/1142/695 658/1143/698
f  656/1138/696 658/1143/698 659/1144/699 660/1145/700
f  656/1138/696 660/1145/700 661/1146/701 657/1139/697
f  662/1147/702 663/1148/703 649/1140/689 657/1139/697
f  662/1147/702 657/1139/697 661/1146/701 664/1149/704
f  662/1147/702 664/1149/704 665/1150/705 666/1151/706
f  662/1147/702 666/1151/706 667/1152/707 663/1148/703
f  668/1153/708 650/1132/690 649/1131/689 663/1154/703
f  668/1153/708 663/1154/703 667/1155/707 669/1156/709
f  668/1153/708 669/1156/709 670/1157/710 671/1158/711
f  668/1153/708 671/1158/711 651/1133/691 650/1132/690
f  672/1159/712 673/1160/713 674/1161/714 675/1162/715
f  672/1159/712 675/1162/715 676/1163/716 677/1164/717
f  672/1159/712 677/1164/717 678/1165/718 679/1166/719
f  672/1159/712 679/1166/719 680/1167/720 673/1160/713
f  681/1168/721 682/1169/722 674/1161/714 673/1160/713
f  681/1168/721 673/1160/713 680/1167/720 683/1170/723
f  681/1168/721 683/1170/723 684/1171/724 685/1172/725
f  681/1168/721 685/1172/725 686/1173/726 682/1169/722
f  687/1174/727 688/1175/728 674/1161/714 682/1169/722
f  687/1176/727 682/1177/722 686/1178/726 689/1179/729
f  687/1180/727 689/1181/729 690/1182/730 691/1183/731
f  687/1174/727 691/1184/731 692/1185/732 688/1175/728
f  693/1186/733 675/1162/715 674/1161/714 688/1175/728
f  693/1186/733 688/1175/728 692/1185/732 694/1187/734
f  693/1186/733 694/1187/734 695/1188/735 696/1189/736
f  693/1186/733 696/1189/736 676/1163/716 675/1162/715
f  697/1190/737 698/1191/738 699/1192/739 700/1193/740
f  697/1190/737 700/1193/740 701/1194/741 702/1195/742
f  697/1190/737 702/1195/742 703/1196/743 704/1197/744
f  697/1190/737 704/1197/744 705/1198/745 698/1191/738
f  706/1199/746 707/1200/747 699/1201/739 698/1202/738
f  706/1199/746 698/1202/738 705/1203/745 708/1204/748
f  706/1205/746 708/1206/748 640/1207/680 709/1208/749
f  706/1205/746 709/1208/749 710/1209/750 707/1210/747
f  711/1211/751 712/1212/752 699/1201/739 707/1200/747
f  711/1213/751 707/1210/747 710/1209/750 713/1214/753
f  711/1211/751 713/1215/753 659/1144/699 658/1143/698
f  711/1211/751 658/1143/698 655/1142/695 712/1212/752
f  714/1216/754 700/1193/740 699/1192/739 712/1217/752
f  714/1216/754 712/1217/752 655/1137/695 654/1136/694
f  714/1216/754 654/1136/694 653/1135/693 715/1218/755
f  714/1216/754 715/1218/755 701/1194/741 700/1193/740
f  716/1219/756 717/1220/757 718/1221/758 719/1222/759
f  716/1219/756 719/1222/759 612/1091/652 611/1090/651
f  716/1219/756 611/1090/651 610/1089/650 720/1223/760
f  716/1219/756 720/1223/760 721/1224/761 717/1220/757
f  722/1225/762 723/1226/763 718/1221/758 717/1220/757
f  722/1225/762 717/1220/757 721/1224/761 724/1227/764
f  722/1225/762 724/1227/764 653/1228/693 652/1229/692
f  722/1225/762 652/1229/692 651/1230/691 723/1226/763
f  725/1231/765 726/1232/766 718/1221/758 723/1226/763
f  725/1231/765 723/1226/763 651/1230/691 671/1233/711
f  725/1231/765 671/1233/711 670/1234/710 727/1235/767
f  725/1231/765 727/1235/767 728/1236/768 726/1232/766
f  729/1237/769 719/1222/759 718/1221/758 726/1232/766
f  729/1237/769 726/1232/766 728/1236/768 730/1238/770
f  729/1237/769 730/1238/770 616/1097/656 615/1096/655
f  729/1237/769 615/1096/655 612/1091/652 719/1222/759
f  731/1239/771 732/1240/772 733/1241/773 734/1242/774
f  731/1239/771 734/1242/774 735/1243/775 736/1244/776
f  731/1239/771 736/1244/776 737/1245/777 738/1246/778
f  731/1239/771 738/1246/778 739/1247/779 732/1240/772
f  740/1248/780 741/1249/781 733/1241/773 732/1240/772
f  740/1248/780 732/1240/772 739/1247/779 742/1250/782
f  740/1248/780 742/1250/782 743/1251/783 744/1252/784
f  740/1248/780 744/1252/784 745/1253/785 741/1249/781
f  746/1254/786 747/1255/787 733/1241/773 741/1249/781
f  746/1254/786 741/1249/781 745/1253/785 748/1256/788
f  746/1254/786 748/1256/788 749/1257/789 750/1258/790
f  746/1254/786 750/1258/790 751/1259/791 747/1255/787
f  752/1260/792 734/1242/774 733/1241/773 747/1255/787
f  752/1260/792 747/1255/787 751/1259/791 753/1261/793
f  752/1260/792 753/1261/793 754/1262/794 755/1263/795
f  752/1260/792 755/1263/795 735/1243/775 734/1242/774
f  756/1264/796 757/1265/797 758/1266/798 759/1267/799
f  756/1264/796 759/1267/799 760/1268/800 761/1269/801
f  756/1264/796 761/1269/801 762/1270/802 763/1271/803
f  756/1264/796 763/1271/803 764/1272/804 757/1265/797
f  765/1273/805 766/1274/806 758/1266/798 757/1265/797
f  765/1273/805 757/1265/797 764/1272/804 767/1275/807
f  765/1273/805 767/1275/807 703/1276/743 768/1277/808
f  765/1273/805 768/1277/808 769/1278/809 766/1274/806
f  770/1279/810 771/1280/811 758/1266/798 766/1274/806
f  770/1279/810 766/1274/806 769/1278/809 772/1281/812
f  770/1279/810 772/1281/812 773/1282/813 774/1283/814
f  770/1279/810 774/1283/814 775/1284/815 771/1280/811
f  776/1285/816 759/1267/799 758/1266/798 771/1280/811
f  776/1285/816 771/1280/811 775/1284/815 777/1286/817
f  776/1285/816 777/1286/817 778/1287/818 779/1288/819
f  776/1285/816 779/1288/819 760/1268/800 759/1267/799
f  780/1289/820 781/1290/821 782/1291/822 783/1292/823
f  780/1289/820 783/1292/823 784/1293/824 785/1294/825
f  780/1289/820 785/1294/825 786/1295/826 787/1296/827
f  780/1297/820 787/1298/827 788/1299/828 781/1300/821
f  789/1301/829 790/1302/830 782/1303/822 781/1304/821
f  789/1305/829 781/1300/821 788/1299/828 791/1306/831
f  789/1301/829 791/1307/831 773/1282/813 792/1308/832
f  789/1301/829 792/1308/832 793/1309/833 790/1302/830
f  794/1310/834 795/1311/835 782/1291/822 790/1312/830
f  794/1313/834 790/1302/830 793/1309/833 796/1314/836
f  794/1313/834 796/1314/836 610/1089/650 609/1088/649
f  794/1310/834 609/1086/649 606/1083/646 795/1311/835
f  797/1315/837 783/1292/823 782/1291/822 795/1311/835
f  797/1315/837 795/1311/835 606/1083/646 605/1082/645
f  797/1315/837 605/1082/645 604/1081/644 798/1316/838
f  797/1315/837 798/1316/838 784/1293/824 783/1292/823
f  799/1317/839 800/1318/840 801/1319/841 802/1320/842
f  799/1317/839 802/1320/842 803/1321/843 804/1322/844
f  799/1317/839 804/1322/844 640/1122/680 639/1121/679
f  799/1317/839 639/1121/679 636/1118/676 800/1318/840
f  805/1323/845 806/1324/846 801/1319/841 800/1318/840
f  805/1323/845 800/1318/840 636/1118/676 635/1117/675
f  807/1325/847 808/1326/848 801/1327/841 806/1328/846
f  809/1329/849 807/1330/850 810/1331/851
f  629/1332/852 624/1333/853 811/1334/854 812/1335/855
f  807/1325/847 809/1336/856 813/1337/857 808/1326/848
f  814/1338/858 802/1339/842 801/1327/841 808/1326/848
f  814/1338/858 808/1326/848 813/1337/857 815/1340/859
f  814/1338/858 815/1340/859 786/1295/826 816/1341/860
f  814/1338/858 816/1341/860 803/1342/843 802/1339/842
f  817/1343/861 818/1344/862 819/1345/863 820/1346/864
f  817/1343/861 820/1346/864 710/1347/750 709/1348/749
f  817/1343/861 709/1348/749 640/1122/680 804/1322/844
f  817/1343/861 804/1322/844 803/1321/843 818/1344/862
f  821/1349/865 822/1350/866 819/1345/863 818/1344/862
f  821/1351/865 818/1352/862 803/1342/843 816/1341/860
f  821/1351/865 816/1341/860 786/1295/826 785/1294/825
f  821/1351/865 785/1294/825 784/1293/824 822/1353/866
f  823/1354/867 824/1355/868 819/1356/863 822/1357/866
f  823/1358/867 822/1353/866 784/1293/824 798/1316/838
f  823/1358/867 798/1316/838 604/1081/644 825/1359/869
f  823/1360/867 825/1361/869 826/1362/870 824/1363/868
f  827/1364/871 820/1365/864 819/1356/863 824/1355/868
f  827/1366/871 824/1363/868 826/1362/870 828/1367/872
f  827/1366/871 828/1367/872 659/1368/699 713/1369/753
f  827/1364/871 713/1214/753 710/1209/750 820/1365/864
f  829/1370/873 830/1371/874 831/1372/875 832/1373/876
f  829/1370/873 832/1373/876 833/1374/877 834/1375/878
f  829/1370/873 834/1375/878 773/1376/879 791/1306/880
f  829/1370/873 791/1306/880 788/1299/881 830/1371/874
f  835/1377/882 836/1378/883 831/1372/875 830/1371/874
f  835/1377/882 830/1371/874 788/1299/881 787/1298/884
f  835/1377/882 787/1298/884 786/1379/885 837/1380/886
f  835/1377/882 837/1380/886 838/1381/887 836/1378/883
f  839/1382/888 840/1383/889 841/1384/890 842/1385/891
f  839/1382/888 842/1385/891 793/1309/833 792/1308/832
f  839/1382/888 792/1308/832 773/1282/813 772/1281/812
f  839/1382/888 772/1281/812 769/1278/809 840/1383/889
f  843/1386/892 844/1387/893 841/1384/890 840/1383/889
f  843/1386/892 840/1383/889 769/1278/809 768/1277/808
f  843/1386/892 768/1277/808 703/1276/743 702/1388/742
f  843/1389/892 702/1195/742 701/1194/741 844/1390/893
f  845/1391/894 846/1392/895 841/1384/890 844/1387/893
f  845/1393/894 844/1390/893 701/1194/741 715/1218/755
f  845/1391/894 715/1394/755 653/1228/693 724/1227/764
f  845/1391/894 724/1227/764 721/1224/761 846/1392/895
f  847/1395/896 842/1385/891 841/1384/890 846/1392/895
f  847/1395/896 846/1392/895 721/1224/761 720/1223/760
f  847/1395/896 720/1223/760 610/1089/650 796/1314/836
f  847/1395/896 796/1314/836 793/1309/833 842/1385/891
f  848/1396/897 849/1397/898 850/1398/899 851/1399/900
f  848/1396/897 851/1399/900 852/1400/901 853/1401/902
f  848/1396/897 853/1401/902 645/1402/685 644/1403/684
f  848/1396/897 644/1403/684 642/1404/682 849/1397/898
f  854/1405/903 855/1406/904 850/1398/899 849/1397/898
f  854/1405/903 849/1397/898 642/1404/682 641/1407/681
f  854/1405/903 641/1407/681 640/1207/680 708/1206/748
f  854/1408/903 708/1204/748 705/1203/745 855/1409/904
f  856/1410/905 857/1411/906 850/1398/899 855/1406/904
f  856/1412/905 855/1413/904 705/1198/745 704/1197/744
f  856/1412/905 704/1197/744 703/1196/743 858/1414/907
f  856/1412/905 858/1414/907 859/1415/908 857/1416/906
f  860/1417/909 851/1399/900 850/1398/899 857/1411/906
f  860/1417/909 857/1411/906 859/1418/908 861/1419/910
f  860/1417/909 861/1419/910 862/1420/911 863/1421/912
f  860/1417/909 863/1421/912 852/1400/901 851/1399/900
f  864/1422/913 865/1423/914 866/1424/915 867/1425/916
f  864/1422/913 867/1425/916 661/1426/701 660/1427/700
f  864/1422/913 660/1427/700 659/1368/699 828/1367/872
f  864/1422/913 828/1367/872 826/1362/870 865/1423/914
f  868/1428/917 869/1429/918 866/1424/915 865/1423/914
f  868/1428/917 865/1423/914 826/1362/870 825/1361/869
f  868/1428/917 825/1361/869 604/1430/644 603/1431/643
f  868/1428/917 603/1431/643 602/1432/642 869/1429/918
f  870/1433/919 871/1434/920 866/1424/915 869/1429/918
f  870/1433/919 869/1429/918 602/1432/642 622/1435/662
f  870/1433/919 622/1435/662 621/1436/661 872/1437/921
f  870/1433/919 872/1437/921 873/1438/922 871/1434/920
f  874/1439/923 867/1425/916 866/1424/915 871/1434/920
f  874/1439/923 871/1434/920 873/1438/922 875/1440/924
f  874/1439/923 875/1440/924 665/1441/705 664/1442/704
f  874/1439/923 664/1442/704 661/1426/701 867/1425/916
f  876/1443/925 877/1444/926 878/1445/927 879/1446/928
f  876/1443/925 879/1446/928 880/1447/929 881/1448/930
f  876/1443/925 881/1448/930 882/1449/931 883/1450/932
f  876/1443/925 883/1450/932 884/1451/933 877/1444/926
f  885/1452/934 886/1453/935 878/1445/927 877/1444/926
f  885/1452/934 877/1444/926 884/1451/933 887/1454/936
f  885/1455/934 887/1456/936 737/1245/777 736/1244/776
f  885/1455/934 736/1244/776 735/1243/775 886/1457/935
f  888/1458/937 889/1459/938 878/1445/927 886/1453/935
f  888/1460/937 886/1457/935 735/1243/775 755/1263/795
f  888/1460/937 755/1263/795 754/1262/794 890/1461/939
f  888/1458/937 890/1462/939 891/1463/940 889/1459/938
f  892/1464/941 879/1446/928 878/1445/927 889/1459/938
f  892/1464/941 889/1459/938 891/1463/940 893/1465/942
f  892/1464/941 893/1465/942 894/1466/943 895/1467/944
f  892/1464/941 895/1467/944 880/1447/929 879/1446/928
f  896/1468/945 897/1469/946 898/1470/947 899/1471/948
f  896/1468/945 899/1471/948 900/1472/949 901/1473/950
f  896/1468/945 901/1473/950 902/1474/951 903/1475/952
f  896/1468/945 903/1475/952 904/1476/953 897/1469/946
f  905/1477/954 906/1478/955 898/1470/947 897/1469/946
f  905/1477/954 897/1469/946 904/1476/953 907/1479/956
f  905/1477/954 907/1479/956 882/1480/931 881/1481/930
f  905/1477/954 881/1481/930 880/1482/929 906/1478/955
f  908/1483/957 909/1484/958 898/1470/947 906/1478/955
f  908/1483/957 906/1478/955 880/1482/929 895/1485/944
f  908/1483/957 895/1485/944 894/1486/943 910/1487/959
f  908/1483/957 910/1487/959 911/1488/960 909/1484/958
f  912/1489/961 899/1471/948 898/1470/947 909/1484/958
f  912/1489/961 909/1484/958 911/1488/960 913/1490/962
f  912/1489/961 913/1490/962 914/1491/963 915/1492/964
f  912/1489/961 915/1492/964 900/1472/949 899/1471/948
f  916/1493/965 917/1494/966 918/1495/967 919/1496/968
f  916/1493/965 919/1496/968 745/1497/785 744/1498/784
f  916/1493/965 744/1498/784 743/1499/783 920/1500/969
f  916/1493/965 920/1500/969 921/1501/970 917/1494/966
f  922/1502/971 923/1503/972 918/1504/967 917/1505/966
f  922/1502/971 917/1505/966 921/1506/970 924/1507/973
f  922/1502/971 924/1507/973 902/1508/951 901/1509/950
f  922/1502/971 901/1509/950 900/1510/949 923/1503/972
f  925/1511/974 926/1512/975 918/1504/967 923/1503/972
f  925/1511/974 923/1503/972 900/1510/949 915/1513/964
f  925/1511/974 915/1513/964 914/1514/963 927/1515/976
f  925/1511/974 927/1515/976 928/1516/977 926/1512/975
f  929/1517/978 919/1496/968 918/1495/967 926/1518/975
f  929/1517/978 926/1518/975 928/1519/977 930/1520/979
f  929/1517/978 930/1520/979 749/1521/789 748/1522/788
f  929/1517/978 748/1522/788 745/1497/785 919/1496/968
f  931/1523/980 932/1524/981 933/1525/982 934/1526/983
f  931/1523/980 934/1526/983 935/1527/984 936/1528/985
f  931/1523/980 936/1528/985 670/1157/710 669/1156/709
f  931/1523/980 669/1156/709 667/1155/707 932/1524/981
f  937/1529/986 938/1530/987 933/1531/982 932/1532/981
f  937/1529/986 932/1532/981 667/1152/707 666/1151/706
f  937/1529/986 666/1151/706 665/1150/705 939/1533/988
f  937/1529/986 939/1533/988 940/1534/989 938/1530/987
f  941/1535/990 942/1536/991 933/1531/982 938/1530/987
f  941/1535/990 938/1530/987 940/1534/989 943/1537/992
f  941/1535/990 943/1537/992 902/1508/951 924/1507/973
f  941/1535/990 924/1507/973 921/1506/970 942/1536/991
f  944/1538/993 934/1526/983 933/1525/982 942/1539/991
f  944/1538/993 942/1539/991 921/1501/970 920/1500/969
f  944/1538/993 920/1500/969 743/1499/783 945/1540/994
f  944/1538/993 945/1540/994 935/1527/984 934/1526/983
f  946/1541/995 947/1542/996 948/1543/997 949/1544/998
f  946/1541/995 949/1544/998 940/1545/989 939/1546/988
f  946/1541/995 939/1546/988 665/1441/705 875/1440/924
f  946/1541/995 875/1440/924 873/1438/922 947/1542/996
f  950/1547/999 951/1548/1000 948/1543/997 947/1542/996
f  950/1547/999 947/1542/996 873/1438/922 872/1437/921
f  950/1547/999 872/1437/921 621/1436/661 952/1549/1001
f  950/1547/999 952/1549/1001 953/1550/1002 951/1548/1000
f  954/1551/1003 955/1552/1004 948/1543/997 951/1548/1000
f  954/1551/1003 951/1548/1000 953/1550/1002 956/1553/1005
f  954/1551/1003 956/1553/1005 882/1480/931 907/1479/956
f  954/1551/1003 907/1479/956 904/1476/953 955/1552/1004
f  957/1554/1006 949/1544/998 948/1543/997 955/1552/1004
f  957/1554/1006 955/1552/1004 904/1476/953 903/1475/952
f  957/1554/1006 903/1475/952 902/1474/951 943/1555/992
f  957/1554/1006 943/1555/992 940/1545/989 949/1544/998
f  958/1556/1007 959/1557/1008 960/1558/1009 961/1559/1010
f  958/1556/1007 961/1559/1010 953/1560/1002 952/1561/1001
f  958/1556/1007 952/1561/1001 621/1103/661 620/1102/660
f  958/1556/1007 620/1102/660 618/1100/658 959/1557/1008
f  962/1562/1011 963/1563/1012 960/1558/1009 959/1557/1008
f  962/1562/1011 959/1557/1008 618/1100/658 617/1099/657
f  962/1564/1011 617/1098/657 616/1097/656 964/1565/1013
f  962/1564/1011 964/1565/1013 965/1566/1014 963/1567/1012
f  966/1568/1015 967/1569/1016 960/1558/1009 963/1563/1012
f  966/1570/1015 963/1567/1012 965/1566/1014 968/1571/1017
f  966/1570/1015 968/1571/1017 737/1245/777 887/1456/936
f  966/1568/1015 887/1454/936 884/1451/933 967/1569/1016
f  969/1572/1018 961/1559/1010 960/1558/1009 967/1569/1016
f  969/1572/1018 967/1569/1016 884/1451/933 883/1450/932
f  969/1572/1018 883/1450/932 882/1449/931 956/1573/1005
f  969/1572/1018 956/1573/1005 953/1560/1002 961/1559/1010
f  970/1574/1019 971/1575/1020 972/1576/1021 973/1577/1022
f  970/1574/1019 973/1577/1022 965/1566/1014 964/1565/1013
f  970/1574/1019 964/1565/1013 616/1097/656 730/1238/770
f  970/1574/1019 730/1238/770 728/1236/768 971/1575/1020
f  974/1578/1023 975/1579/1024 972/1576/1021 971/1575/1020
f  974/1578/1023 971/1575/1020 728/1236/768 727/1235/767
f  974/1578/1023 727/1235/767 670/1234/710 936/1580/985
f  974/1578/1023 936/1580/985 935/1581/984 975/1579/1024
f  976/1582/1025 977/1583/1026 972/1576/1021 975/1579/1024
f  976/1582/1025 975/1579/1024 935/1581/984 945/1584/994
f  976/1582/1025 945/1584/994 743/1251/783 742/1250/782
f  976/1582/1025 742/1250/782 739/1247/779 977/1583/1026
f  978/1585/1027 973/1577/1022 972/1576/1021 977/1583/1026
f  978/1585/1027 977/1583/1026 739/1247/779 738/1246/778
f  978/1585/1027 738/1246/778 737/1245/777 968/1571/1017
f  978/1585/1027 968/1571/1017 965/1566/1014 973/1577/1022
f  632/1586/1028 631/1587/1029 979/1588/1030 980/1589/1031
f  632/1586/1028 980/1589/1031 680/1167/720 679/1166/719
f  981/1590/1032 982/1591/1033 979/1588/1030 631/1587/1029
f  632/1114/672 679/1592/719 983/1593/1034 633/1115/673
f  624/1333/853 623/1594/1035 984/1595/1036 811/1334/854
f  981/1590/1032 628/1110/668 627/1109/667 982/1591/1033
f  985/1596/1037 986/1597/1038 979/1588/1030 982/1591/1033
f  985/1596/1037 982/1591/1033 627/1109/667 646/1128/686
f  985/1598/1037 646/1599/686 645/1402/685 987/1600/1039
f  985/1596/1037 987/1601/1039 988/1602/1040 986/1597/1038
f  989/1603/1041 980/1589/1031 979/1588/1030 986/1597/1038
f  989/1603/1041 986/1597/1038 988/1602/1040 990/1604/1042
f  989/1603/1041 990/1604/1042 684/1171/724 683/1170/723
f  989/1603/1041 683/1170/723 680/1167/720 980/1589/1031
f  991/1605/1043 992/1606/1044 993/1607/1045 994/1608/1046
f  991/1605/1043 994/1608/1046 995/1609/1047 996/1610/1048
f  991/1605/1043 996/1610/1048 684/1611/724 990/1612/1042
f  991/1605/1043 990/1612/1042 988/1613/1040 992/1606/1044
f  997/1614/1049 998/1615/1050 993/1607/1045 992/1606/1044
f  997/1614/1049 992/1606/1044 988/1613/1040 987/1600/1039
f  997/1614/1049 987/1600/1039 645/1402/685 853/1401/902
f  997/1614/1049 853/1401/902 852/1400/901 998/1615/1050
f  999/1616/1051 1000/1617/1052 993/1607/1045 998/1615/1050
f  999/1616/1051 998/1615/1050 852/1400/901 863/1421/912
f  999/1616/1051 863/1421/912 862/1420/911 1001/1618/1053
f  999/1616/1051 1001/1618/1053 1002/1619/1054 1000/1617/1052
f  1003/1620/1055 994/1608/1046 993/1607/1045 1000/1617/1052
f  1003/1620/1055 1000/1617/1052 1002/1619/1054 1004/1621/1056
f  1003/1620/1055 1004/1621/1056 1005/1622/1057 1006/1623/1058
f  1003/1620/1055 1006/1623/1058 995/1609/1047 994/1608/1046
f  1007/1624/1059 1008/1625/1060 1009/1626/1061 1010/1627/1062
f  1007/1624/1059 1010/1627/1062 1011/1628/1063 1012/1629/1064
f  1007/1624/1059 1012/1629/1064 1005/1630/1057 1004/1631/1056
f  1007/1624/1059 1004/1631/1056 1002/1632/1054 1008/1625/1060
f  1013/1633/1065 1014/1634/1066 1009/1626/1061 1008/1625/1060
f  1013/1633/1065 1008/1625/1060 1002/1632/1054 1001/1635/1053
f  1013/1633/1065 1001/1635/1053 862/1636/911 1015/1637/1067
f  1013/1633/1065 1015/1637/1067 1016/1638/1068 1014/1634/1066
f  1017/1639/1069 1018/1640/1070 1009/1626/1061 1014/1634/1066
f  1017/1639/1069 1014/1634/1066 1016/1638/1068 1019/1641/1071
f  1017/1639/1069 1019/1641/1071 1020/1642/1072 1021/1643/1073
f  1017/1639/1069 1021/1643/1073 1022/1644/1074 1018/1640/1070
f  1023/1645/1075 1010/1627/1062 1009/1626/1061 1018/1640/1070
f  1023/1645/1075 1018/1640/1070 1022/1644/1074 1024/1646/1076
f  1023/1645/1075 1024/1646/1076 1025/1647/1077 1026/1648/1078
f  1023/1645/1075 1026/1648/1078 1011/1628/1063 1010/1627/1062
f  1027/1649/1079 1028/1650/1080 1029/1651/1081 1030/1652/1082
f  1027/1653/1079 1030/1654/1082 1016/1638/1068 1015/1637/1067
f  1027/1653/1079 1015/1637/1067 862/1636/911 861/1655/910
f  1027/1649/1079 861/1656/910 859/1415/908 1028/1650/1080
f  1031/1657/1083 1032/1658/1084 1029/1651/1081 1028/1650/1080
f  1031/1657/1083 1028/1650/1080 859/1415/908 858/1414/907
f  1031/1657/1083 858/1414/907 703/1196/743 767/1659/807
f  1031/1657/1083 767/1659/807 764/1660/804 1032/1658/1084
f  1033/1661/1085 1034/1662/1086 1029/1651/1081 1032/1658/1084
f  1033/1661/1085 1032/1658/1084 764/1660/804 763/1663/803
f  1033/1661/1085 763/1663/803 762/1664/802 1035/1665/1087
f  1033/1661/1085 1035/1665/1087 1036/1666/1088 1034/1662/1086
f  1037/1667/1089 1030/1652/1082 1029/1651/1081 1034/1662/1086
f  1037/1667/1089 1034/1662/1086 1036/1666/1088 1038/1668/1090
f  1037/1669/1089 1038/1670/1090 1020/1642/1072 1019/1641/1071
f  1037/1669/1089 1019/1641/1071 1016/1638/1068 1030/1654/1082
f  1039/1671/1091 1040/1672/1092 1041/1673/1093 1042/1674/1094
f  1039/1675/1091 1042/1676/1094 1043/1677/1095 1044/1678/1096
f  1039/1675/1091 1044/1678/1096 1045/1679/1097 1046/1680/1098
f  1039/1671/1091 1046/1681/1098 1047/1682/1099 1040/1672/1092
f  1048/1683/1100 1049/1684/1101 1041/1673/1093 1040/1672/1092
f  1048/1683/1100 1040/1672/1092 1047/1682/1099 1050/1685/1102
f  1048/1683/1100 1050/1685/1102 1051/1686/1103 1052/1687/1104
f  1048/1683/1100 1052/1687/1104 1053/1688/1105 1049/1684/1101
f  1054/1689/1106 1055/1690/1107 1041/1673/1093 1049/1684/1101
f  1054/1689/1106 1049/1684/1101 1053/1688/1105 1056/1691/1108
f  1054/1689/1106 1056/1691/1108 1057/1692/1109 1058/1693/1110
f  1054/1689/1106 1058/1693/1110 1059/1694/1111 1055/1690/1107
f  1060/1695/1112 1042/1674/1094 1041/1673/1093 1055/1690/1107
f  1060/1695/1112 1055/1690/1107 1059/1694/1111 1061/1696/1113
f  1060/1697/1112 1061/1698/1113 1062/1699/1114 1063/1700/1115
f  1060/1697/1112 1063/1700/1115 1043/1677/1095 1042/1676/1094
f  1064/1701/1116 1065/1702/1117 1066/1703/1118 1067/1704/1119
f  1064/1705/1116 1067/1706/1119 1068/1707/1120 1069/1708/1121
f  1064/1705/1116 1069/1708/1121 1070/1709/1122 1071/1710/1123
f  1064/1701/1116 1071/1711/1123 1072/1712/1124 1065/1702/1117
f  1073/1713/1125 1074/1714/1126 1066/1703/1118 1065/1702/1117
f  1073/1713/1125 1065/1702/1117 1072/1712/1124 1075/1715/1127
f  1073/1716/1125 1075/1717/1127 1076/1718/1128 1077/1719/1129
f  1073/1716/1125 1077/1719/1129 1078/1720/1130 1074/1721/1126
f  1079/1722/1131 1080/1723/1132 1066/1703/1118 1074/1714/1126
f  1079/1724/1131 1074/1721/1126 1078/1720/1130 1081/1725/1133
f  1079/1724/1131 1081/1725/1133 1082/1726/1134 1083/1727/1135
f  1079/1722/1131 1083/1728/1135 1084/1729/1136 1080/1723/1132
f  1085/1730/1137 1067/1704/1119 1066/1703/1118 1080/1723/1132
f  1085/1730/1137 1080/1723/1132 1084/1729/1136 1086/1731/1138
f  1085/1732/1137 1086/1733/1138 1087/1734/1139 1088/1735/1140
f  1085/1732/1137 1088/1735/1140 1068/1707/1120 1067/1706/1119
f  1089/1736/1141 1090/1737/1142 1091/1738/1143 1092/1739/1144
f  1089/1740/1141 1092/1741/1144 1093/1742/1145 1094/1743/1146
f  1089/1740/1141 1094/1743/1146 1095/1744/1147 1096/1745/1148
f  1089/1736/1141 1096/1746/1148 1097/1747/1149 1090/1737/1142
f  1098/1748/1150 1099/1749/1151 1091/1750/1143 1090/1751/1142
f  1098/1748/1150 1090/1751/1142 1097/1752/1149 1100/1753/1152
f  1098/1748/1150 1100/1753/1152 1101/1754/1153 1102/1755/1154
f  1098/1748/1150 1102/1755/1154 1103/1756/1155 1099/1749/1151
f  1104/1757/1156 1105/1758/1157 1091/1750/1143 1099/1749/1151
f  1104/1757/1156 1099/1749/1151 1103/1756/1155 1106/1759/1158
f  1104/1757/1156 1106/1759/1158 1107/1760/1159 1108/1761/1160
f  1104/1757/1156 1108/1761/1160 1109/1762/1161 1105/1758/1157
f  1110/1763/1162 1092/1739/1144 1091/1738/1143 1105/1764/1157
f  1110/1765/1162 1105/1766/1157 1109/1767/1161 1111/1768/1163
f  1110/1769/1162 1111/1770/1163 1112/1771/1164 1113/1772/1165
f  1110/1769/1162 1113/1772/1165 1093/1742/1145 1092/1741/1144
f  1114/1773/1166 1115/1774/1167 1116/1775/1168 1117/1776/1169
f  1114/1777/1166 1117/1778/1169 1118/1779/1170 1119/1780/1171
f  1114/1777/1166 1119/1780/1171 1120/1781/1172 1121/1782/1173
f  1114/1773/1166 1121/1783/1173 1122/1784/1174 1115/1774/1167
f  1123/1785/1175 1124/1786/1176 1116/1775/1168 1115/1774/1167
f  1123/1785/1175 1115/1774/1167 1122/1784/1174 1125/1787/1177
f  1123/1785/1175 1125/1787/1177 1126/1788/1178 1127/1789/1179
f  1123/1785/1175 1127/1789/1179 1128/1790/1180 1124/1786/1176
f  1129/1791/1181 1130/1792/1182 1116/1775/1168 1124/1786/1176
f  1129/1791/1181 1124/1786/1176 1128/1790/1180 1131/1793/1183
f  1129/1791/1181 1131/1793/1183 1051/1794/1103 1050/1795/1102
f  1129/1791/1181 1050/1795/1102 1047/1796/1099 1130/1792/1182
f  1132/1797/1184 1117/1776/1169 1116/1775/1168 1130/1792/1182
f  1132/1797/1184 1130/1792/1182 1047/1796/1099 1046/1798/1098
f  1132/1799/1184 1046/1680/1098 1045/1679/1097 1133/1800/1185
f  1132/1801/1184 1133/1802/1185 1118/1779/1170 1117/1778/1169
f  1134/1803/1186 1135/1804/1187 1136/1805/1188 1137/1806/1189
f  1134/1803/1186 1137/1806/1189 1138/1807/1190 1139/1808/1191
f  1134/1803/1186 1139/1808/1191 1070/1809/1122 1069/1810/1121
f  1134/1803/1186 1069/1810/1121 1068/1811/1120 1135/1804/1187
f  1140/1812/1192 1141/1813/1193 1136/1805/1188 1135/1804/1187
f  1140/1812/1192 1135/1804/1187 1068/1811/1120 1088/1814/1140
f  1140/1812/1192 1088/1814/1140 1087/1815/1139 1142/1816/1194
f  1140/1812/1192 1142/1816/1194 1143/1817/1195 1141/1813/1193
f  1144/1818/1196 1145/1819/1197 1136/1805/1188 1141/1813/1193
f  1144/1818/1196 1141/1813/1193 1143/1817/1195 1146/1820/1198
f  1144/1818/1196 1146/1820/1198 1147/1821/1199 1148/1822/1200
f  1144/1818/1196 1148/1822/1200 1149/1823/1201 1145/1819/1197
f  1150/1824/1202 1137/1806/1189 1136/1805/1188 1145/1819/1197
f  1150/1824/1202 1145/1819/1197 1149/1823/1201 1151/1825/1203
f  1150/1824/1202 1151/1825/1203 1152/1826/1204 1153/1827/1205
f  1150/1824/1202 1153/1827/1205 1138/1807/1190 1137/1806/1189
f  1154/1828/1206 1155/1829/1207 1156/1830/1208 1157/1831/1209
f  1154/1828/1206 1157/1831/1209 1158/1832/1210 1159/1833/1211
f  1154/1828/1206 1159/1833/1211 1160/1834/1212 1161/1835/1213
f  1154/1828/1206 1161/1835/1213 1162/1836/1214 1155/1829/1207
f  1163/1837/1215 1164/1838/1216 1156/1830/1208 1155/1829/1207
f  1163/1837/1215 1155/1829/1207 1162/1836/1214 1165/1839/1217
f  1163/1837/1215 1165/1839/1217 1057/1840/1109 1056/1841/1108
f  1163/1837/1215 1056/1841/1108 1053/1842/1105 1164/1838/1216
f  1166/1843/1218 1167/1844/1219 1156/1830/1208 1164/1838/1216
f  1166/1843/1218 1164/1838/1216 1053/1842/1105 1052/1845/1104
f  1166/1846/1218 1052/1847/1104 1051/1794/1103 1131/1793/1183
f  1166/1846/1218 1131/1793/1183 1128/1790/1180 1167/1848/1219
f  1168/1849/1220 1157/1831/1209 1156/1830/1208 1167/1844/1219
f  1168/1850/1220 1167/1848/1219 1128/1790/1180 1127/1789/1179
f  1168/1850/1220 1127/1789/1179 1126/1788/1178 1169/1851/1221
f  1168/1849/1220 1169/1852/1221 1158/1832/1210 1157/1831/1209
f  1170/1853/1222 1171/1854/1223 1172/1855/1224 1173/1856/1225
f  1170/1857/1222 1173/1858/1225 1174/1859/1226 1175/1860/1227
f  1170/1857/1222 1175/1860/1227 1176/1861/1228 1177/1862/1229
f  1170/1863/1222 1177/1864/1229 1178/1865/1230 1171/1866/1223
f  1179/1867/1231 1180/1868/1232 1172/1869/1224 1171/1870/1223
f  1179/1871/1231 1171/1866/1223 1178/1865/1230 1181/1872/1233
f  1179/1871/1231 1181/1872/1233 1182/1873/1234 1183/1874/1235
f  1179/1867/1231 1183/1875/1235 1184/1876/1236 1180/1868/1232
f  1185/1877/1237 1186/1878/1238 1172/1869/1224 1180/1868/1232
f  1185/1877/1237 1180/1868/1232 1184/1876/1236 1187/1879/1239
f  1185/1877/1237 1187/1879/1239 1188/1880/1240 1189/1881/1241
f  1185/1877/1237 1189/1881/1241 1190/1882/1242 1186/1878/1238
f  1191/1883/1243 1173/1856/1225 1172/1855/1224 1186/1884/1238
f  1191/1883/1243 1186/1884/1238 1190/1885/1242 1192/1886/1244
f  1191/1887/1243 1192/1888/1244 1193/1889/1245 1194/1890/1246
f  1191/1887/1243 1194/1890/1246 1174/1859/1226 1173/1858/1225
f  1195/1891/1247 1196/1892/1248 1197/1893/1249 1198/1894/1250
f  1195/1891/1247 1198/1894/1250 1199/1895/1251 1200/1896/1252
f  1195/1891/1247 1200/1896/1252 1147/1821/1199 1146/1820/1198
f  1195/1891/1247 1146/1820/1198 1143/1817/1195 1196/1892/1248
f  1201/1897/1253 1202/1898/1254 1197/1893/1249 1196/1892/1248
f  1201/1897/1253 1196/1892/1248 1143/1817/1195 1142/1816/1194
f  1201/1897/1253 1142/1816/1194 1087/1815/1139 1203/1899/1255
f  1201/1897/1253 1203/1899/1255 1204/1900/1256 1202/1898/1254
f  1205/1901/1257 1206/1902/1258 1197/1893/1249 1202/1898/1254
f  1205/1901/1257 1202/1898/1254 1204/1900/1256 1207/1903/1259
f  1205/1901/1257 1207/1903/1259 1208/1904/1260 1209/1905/1261
f  1205/1901/1257 1209/1905/1261 1210/1906/1262 1206/1902/1258
f  1211/1907/1263 1198/1894/1250 1197/1893/1249 1206/1902/1258
f  1211/1907/1263 1206/1902/1258 1210/1906/1262 1212/1908/1264
f  1211/1907/1263 1212/1908/1264 1213/1909/1265 1214/1910/1266
f  1211/1907/1263 1214/1910/1266 1199/1895/1251 1198/1894/1250
f  1215/1911/1267 1216/1912/1268 1217/1913/1269 1218/1914/1270
f  1215/1911/1267 1218/1914/1270 1219/1915/1271 1220/1916/1272
f  1215/1911/1267 1220/1916/1272 1082/1726/1134 1221/1917/1273
f  1215/1911/1267 1221/1917/1273 1222/1918/1274 1216/1912/1268
f  1223/1919/1275 1224/1920/1276 1217/1913/1269 1216/1912/1268
f  1223/1919/1275 1216/1912/1268 1222/1918/1274 1225/1921/1277
f  1223/1919/1275 1225/1921/1277 1226/1922/1278 1227/1923/1279
f  1223/1919/1275 1227/1923/1279 1228/1924/1280 1224/1920/1276
f  1229/1925/1281 1230/1926/1282 1217/1913/1269 1224/1920/1276
f  1229/1925/1281 1224/1920/1276 1228/1924/1280 1231/1927/1283
f  1229/1925/1281 1231/1927/1283 1232/1928/1284 1233/1929/1285
f  1229/1925/1281 1233/1929/1285 1234/1930/1286 1230/1926/1282
f  1235/1931/1287 1218/1914/1270 1217/1913/1269 1230/1926/1282
f  1235/1931/1287 1230/1926/1282 1234/1930/1286 1236/1932/1288
f  1235/1931/1287 1236/1932/1288 1237/1933/1289 1238/1934/1290
f  1235/1931/1287 1238/1934/1290 1219/1915/1271 1218/1914/1270
f  1239/1935/1291 1240/1936/1292 1241/1937/1293 1242/1938/1294
f  1239/1939/1291 1242/1940/1294 1243/1941/1295 1244/1942/1296
f  1239/1939/1291 1244/1942/1296 1245/1943/1297 1246/1944/1298
f  1239/1935/1291 1246/1945/1298 1247/1946/1299 1240/1936/1292
f  1248/1947/1300 1249/1948/1301 1241/1949/1293 1240/1950/1292
f  1248/1947/1300 1240/1950/1292 1247/1951/1299 1250/1952/1302
f  1248/1947/1300 1250/1952/1302 1251/1953/1303 1252/1954/1304
f  1248/1947/1300 1252/1954/1304 1253/1955/1305 1249/1948/1301
f  1254/1956/1306 1255/1957/1307 1241/1949/1293 1249/1948/1301
f  1254/1956/1306 1249/1948/1301 1253/1955/1305 1256/1958/1308
f  1254/1959/1306 1256/1960/1308 1257/1961/1309 1258/1962/1310
f  1254/1959/1306 1258/1962/1310 1259/1963/1311 1255/1964/1307
f  1260/1965/1312 1242/1938/1294 1241/1937/1293 1255/1966/1307
f  1260/1965/1312 1255/1966/1307 1259/1967/1311 1261/1968/1313
f  1260/1969/1312 1261/1970/1313 1262/1971/1314 1263/1972/1315
f  1260/1969/1312 1263/1972/1315 1243/1941/1295 1242/1940/1294
f  1264/1973/1316 1265/1974/1317 1266/1975/1318 1267/1976/1319
f  1264/1973/1316 1267/1976/1319 1222/1918/1274 1221/1917/1273
f  1264/1973/1316 1221/1917/1273 1082/1726/1134 1081/1725/1133
f  1264/1973/1316 1081/1725/1133 1078/1720/1130 1265/1974/1317
f  1268/1977/1320 1269/1978/1321 1266/1975/1318 1265/1974/1317
f  1268/1977/1320 1265/1974/1317 1078/1720/1130 1077/1719/1129
f  1268/1977/1320 1077/1719/1129 1076/1718/1128 1270/1979/1322
f  1268/1977/1320 1270/1979/1322 1271/1980/1323 1269/1978/1321
f  1272/1981/1324 1273/1982/1325 1266/1975/1318 1269/1978/1321
f  1272/1981/1324 1269/1978/1321 1271/1980/1323 1274/1983/1326
f  1272/1981/1324 1274/1983/1326 1275/1984/1327 1276/1985/1328
f  1272/1981/1324 1276/1985/1328 1277/1986/1329 1273/1982/1325
f  1278/1987/1330 1267/1976/1319 1266/1975/1318 1273/1982/1325
f  1278/1987/1330 1273/1982/1325 1277/1986/1329 1279/1988/1331
f  1278/1987/1330 1279/1988/1331 1226/1922/1278 1225/1921/1277
f  1278/1987/1330 1225/1921/1277 1222/1918/1274 1267/1976/1319
f  1280/1989/1332 1281/1990/1333 1282/1991/1334 1283/1992/1335
f  1280/1989/1332 1283/1992/1335 1284/1993/1336 1285/1994/1337
f  1280/1989/1332 1285/1994/1337 1286/1995/1338 1287/1996/1339
f  1280/1989/1332 1287/1996/1339 1288/1997/1340 1281/1990/1333
f  1289/1998/1341 1290/1999/1342 1282/1991/1334 1281/1990/1333
f  1289/1998/1341 1281/1990/1333 1288/1997/1340 1291/2000/1343
f  1289/1998/1341 1291/2000/1343 1070/1809/1122 1139/1808/1191
f  1289/1998/1341 1139/1808/1191 1138/1807/1190 1290/1999/1342
f  1292/2001/1344 1293/2002/1345 1282/1991/1334 1290/1999/1342
f  1292/2001/1344 1290/1999/1342 1138/1807/1190 1153/1827/1205
f  1292/2001/1344 1153/1827/1205 1152/1826/1204 1294/2003/1346
f  1292/2001/1344 1294/2003/1346 1295/2004/1347 1293/2002/1345
f  1296/2005/1348 1283/1992/1335 1282/1991/1334 1293/2002/1345
f  1296/2005/1348 1293/2002/1345 1295/2004/1347 1297/2006/1349
f  1296/2005/1348 1297/2006/1349 1120/2007/1172 1298/2008/1350
f  1296/2005/1348 1298/2008/1350 1284/1993/1336 1283/1992/1335
f  1299/2009/1351 1300/2010/1352 1301/2011/1353 1302/2012/1354
f  1299/2009/1351 1302/2012/1354 1303/2013/1355 1304/2014/1356
f  1299/2009/1351 1304/2014/1356 1305/2015/1357 1306/2016/1358
f  1299/2009/1351 1306/2016/1358 1307/2017/1359 1300/2010/1352
f  1308/2018/1360 1309/2019/1361 1301/2020/1353 1300/2021/1352
f  1308/2022/1360 1300/2010/1352 1307/2017/1359 1310/2023/1362
f  1308/2024/1360 1310/2025/1362 1311/2026/1363 1312/2027/1364
f  1308/2024/1360 1312/2027/1364 1313/2028/1365 1309/2029/1361
f  1314/2030/1366 1315/2031/1367 1301/2020/1353 1309/2019/1361
f  1314/2032/1366 1309/2029/1361 1313/2028/1365 1316/2033/1368
f  1314/2032/1366 1316/2033/1368 1317/2034/1369 1318/2035/1370
f  1314/2036/1366 1318/2037/1370 1319/2038/1371 1315/2039/1367
f  1320/2040/1372 1302/2041/1354 1301/2042/1353 1315/2039/1367
f  1320/2040/1372 1315/2039/1367 1319/2038/1371 1321/2043/1373
f  1320/2040/1372 1321/2043/1373 1322/2044/1374 1323/2045/1375
f  1320/2040/1372 1323/2045/1375 1303/2046/1355 1302/2041/1354
f  1324/2047/1376 1325/2048/1377 1326/2049/1378 1327/2050/1379
f  1324/2051/1376 1327/2052/1379 1288/2053/1340 1287/2054/1339
f  1324/2051/1376 1287/2054/1339 1286/2055/1338 1328/2056/1380
f  1324/2047/1376 1328/2057/1380 1329/2058/1381 1325/2048/1377
f  1330/2059/1382 1331/2060/1383 1326/2049/1378 1325/2048/1377
f  1330/2059/1382 1325/2048/1377 1329/2058/1381 1332/2061/1384
f  1330/2059/1382 1332/2061/1384 1160/2062/1212 1333/2063/1385
f  1330/2059/1382 1333/2063/1385 1334/2064/1386 1331/2060/1383
f  1335/2065/1387 1336/2066/1388 1326/2049/1378 1331/2060/1383
f  1335/2065/1387 1331/2060/1383 1334/2064/1386 1337/2067/1389
f  1335/2068/1387 1337/2069/1389 1076/1718/1128 1075/1717/1127
f  1335/2065/1387 1075/1715/1127 1072/1712/1124 1336/2066/1388
f  1338/2070/1390 1327/2050/1379 1326/2049/1378 1336/2066/1388
f  1338/2070/1390 1336/2066/1388 1072/1712/1124 1071/1711/1123
f  1338/2071/1390 1071/1710/1123 1070/1709/1122 1291/2072/1343
f  1338/2071/1390 1291/2072/1343 1288/2053/1340 1327/2052/1379
f  1339/2073/1391 1340/2074/1392 1341/2075/1393 1342/2076/1394
f  1339/2073/1391 1342/2076/1394 1343/2077/1395 1344/2078/1396
f  1339/2073/1391 1344/2078/1396 1345/2079/1397 1346/2080/1398
f  1339/2073/1391 1346/2080/1398 1347/2081/1399 1340/2074/1392
f  1348/2082/1400 1349/2083/1401 1341/2075/1393 1340/2074/1392
f  1348/2082/1400 1340/2074/1392 1347/2081/1399 1350/2084/1402
f  1348/2085/1400 1350/2086/1402 1351/2087/1403 1352/2088/1404
f  1348/2089/1400 1352/2090/1404 1353/2091/1405 1349/2092/1401
f  1354/2093/1406 1355/2094/1407 1341/2075/1393 1349/2083/1401
f  1354/2095/1406 1349/2092/1401 1353/2091/1405 1356/2096/1408
f  1354/2095/1406 1356/2096/1408 1262/1971/1314 1261/1970/1313
f  1354/2093/1406 1261/2097/1313 1259/1963/1311 1355/2094/1407
f  1357/2098/1409 1342/2076/1394 1341/2075/1393 1355/2094/1407
f  1357/2098/1409 1355/2094/1407 1259/1963/1311 1258/1962/1310
f  1357/2098/1409 1258/1962/1310 1257/1961/1309 1358/2099/1410
f  1357/2098/1409 1358/2099/1410 1343/2077/1395 1342/2076/1394
f  1359/2100/1411 1360/2101/1412 1361/2102/1413 1362/2103/1414
f  1359/2104/1411 1362/2105/1414 1363/2106/1415 1364/2107/1416
f  1359/2108/1411 1364/2109/1416 1147/1821/1199 1365/2110/1417
f  1359/2111/1411 1365/2112/1417 1366/2113/1418 1360/2114/1412
f  1367/2115/1419 1368/2116/1420 1361/2102/1413 1360/2101/1412
f  1367/2117/1419 1360/2114/1412 1366/2113/1418 1369/2118/1421
f  1367/2117/1419 1369/2118/1421 1370/2119/1422 1371/2120/1423
f  1367/2115/1419 1371/2121/1423 1372/2122/1424 1368/2116/1420
f  1373/2123/1425 1374/2124/1426 1361/2102/1413 1368/2116/1420
f  1373/2123/1425 1368/2116/1420 1372/2122/1424 1375/2125/1427
f  1373/2126/1425 1375/2127/1427 1376/2128/1428 1377/2129/1429
f  1373/2126/1425 1377/2129/1429 1378/2130/1430 1374/2131/1426
f  1379/2132/1431 1362/2103/1414 1361/2102/1413 1374/2124/1426
f  1379/2132/1431 1374/2124/1426 1378/2133/1430 1380/2134/1432
f  1379/2135/1431 1380/2136/1432 1226/2137/1278 1381/2138/1433
f  1379/2135/1431 1381/2138/1433 1363/2106/1415 1362/2105/1414
f  1382/2139/1434 1383/2140/1435 1384/2141/1436 1385/2142/1437
f  1382/2139/1434 1385/2142/1437 1199/1895/1251 1214/1910/1266
f  1382/2139/1434 1214/1910/1266 1213/1909/1265 1386/2143/1438
f  1382/2139/1434 1386/2143/1438 1387/2144/1439 1383/2140/1435
f  1388/2145/1440 1389/2146/1441 1384/2141/1436 1383/2140/1435
f  1388/2145/1440 1383/2140/1435 1387/2144/1439 1390/2147/1442
f  1388/2145/1440 1390/2147/1442 1391/2148/1443 1392/2149/1444
f  1388/2145/1440 1392/2149/1444 1393/2150/1445 1389/2146/1441
f  1394/2151/1446 1395/2152/1447 1384/2141/1436 1389/2146/1441
f  1394/2151/1446 1389/2146/1441 1393/2150/1445 1396/2153/1448
f  1394/2151/1446 1396/2153/1448 1370/2154/1422 1369/2155/1421
f  1394/2151/1446 1369/2155/1421 1366/2156/1418 1395/2152/1447
f  1397/2157/1449 1385/2142/1437 1384/2141/1436 1395/2152/1447
f  1397/2157/1449 1395/2152/1447 1366/2156/1418 1365/2110/1417
f  1397/2157/1449 1365/2110/1417 1147/1821/1199 1200/1896/1252
f  1397/2157/1449 1200/1896/1252 1199/1895/1251 1385/2142/1437
f  1398/2158/1450 1399/2159/1451 1400/2160/1452 1401/2161/1453
f  1398/2158/1450 1401/2161/1453 1402/2162/1454 1403/2163/1455
f  1398/2158/1450 1403/2163/1455 1232/2164/1284 1404/2165/1456
f  1398/2166/1450 1404/2167/1456 1405/2168/1457 1399/2169/1451
f  1406/2170/1458 1407/2171/1459 1400/2172/1452 1399/2173/1451
f  1406/2174/1458 1399/2169/1451 1405/2168/1457 1408/2175/1460
f  1406/2174/1458 1408/2175/1460 1409/2176/1461 1410/2177/1462
f  1406/2178/1458 1410/2179/1462 1411/2180/1463 1407/2181/1459
f  1412/2182/1464 1413/2183/1465 1400/2172/1452 1407/2171/1459
f  1412/2182/1464 1407/2171/1459 1411/2184/1463 1414/2185/1466
f  1412/2186/1464 1414/2187/1466 1391/2188/1443 1390/2189/1442
f  1412/2186/1464 1390/2189/1442 1387/2190/1439 1413/2191/1465
f  1415/2192/1467 1401/2161/1453 1400/2160/1452 1413/2193/1465
f  1415/2194/1467 1413/2195/1465 1387/2196/1439 1386/2197/1438
f  1415/2194/1467 1386/2197/1438 1213/2198/1265 1416/2199/1468
f  1415/2192/1467 1416/2200/1468 1402/2162/1454 1401/2161/1453
f  1417/2201/1469 1418/2202/1470 1419/2203/1471 1420/2204/1472
f  1417/2201/1469 1420/2204/1472 1228/1924/1280 1227/1923/1279
f  1417/2201/1469 1227/1923/1279 1226/1922/1278 1380/2205/1432
f  1417/2201/1469 1380/2205/1432 1378/2206/1430 1418/2202/1470
f  1421/2207/1473 1422/2208/1474 1419/2203/1471 1418/2202/1470
f  1421/2209/1473 1418/2210/1470 1378/2130/1430 1377/2129/1429
f  1421/2209/1473 1377/2129/1429 1376/2128/1428 1423/2211/1475
f  1421/2207/1473 1423/2212/1475 1424/2213/1476 1422/2208/1474
f  1425/2214/1477 1426/2215/1478 1419/2203/1471 1422/2208/1474
f  1425/2214/1477 1422/2208/1474 1424/2213/1476 1427/2216/1479
f  1425/2214/1477 1427/2216/1479 1409/2176/1461 1408/2175/1460
f  1425/2214/1477 1408/2175/1460 1405/2168/1457 1426/2215/1478
f  1428/2217/1480 1420/2204/1472 1419/2203/1471 1426/2215/1478
f  1428/2217/1480 1426/2215/1478 1405/2168/1457 1404/2167/1456
f  1428/2217/1480 1404/2167/1456 1232/1928/1284 1231/1927/1283
f  1428/2217/1480 1231/1927/1283 1228/1924/1280 1420/2204/1472
f  1429/2218/1481 1430/2219/1482 1431/2220/1483 1432/2221/1484
f  1429/2218/1481 1432/2221/1484 1433/2222/1485 1434/2223/1486
f  1429/2218/1481 1434/2223/1486 1435/2224/1487 1436/2225/1488
f  1429/2218/1481 1436/2225/1488 1437/2226/1489 1430/2219/1482
f  1438/2227/1490 1439/2228/1491 1431/2220/1483 1430/2219/1482
f  1438/2227/1490 1430/2219/1482 1437/2226/1489 1440/2229/1492
f  1438/2227/1490 1440/2229/1492 1441/2230/1493 1442/2231/1494
f  1438/2227/1490 1442/2231/1494 1443/2232/1495 1439/2228/1491
f  1444/2233/1496 1445/2234/1497 1431/2220/1483 1439/2228/1491
f  1444/2233/1496 1439/2228/1491 1443/2232/1495 1446/2235/1498
f  1444/2233/1496 1446/2235/1498 1188/2236/1240 1187/2237/1239
f  1444/2238/1496 1187/1879/1239 1184/1876/1236 1445/2239/1497
f  1447/2240/1499 1432/2221/1484 1431/2220/1483 1445/2234/1497
f  1447/2241/1499 1445/2239/1497 1184/1876/1236 1183/1875/1235
f  1447/2240/1499 1183/2242/1235 1182/2243/1234 1448/2244/1500
f  1447/2240/1499 1448/2244/1500 1433/2222/1485 1432/2221/1484
f  1449/2245/1501 1450/2246/1502 1451/2247/1503 1452/2248/1504
f  1449/2245/1501 1452/2248/1504 1453/2249/1505 1454/2250/1506
f  1449/2251/1501 1454/2252/1506 1237/1933/1289 1455/2253/1507
f  1449/2251/1501 1455/2253/1507 1456/2254/1508 1450/2255/1502
f  1457/2256/1509 1458/2257/1510 1451/2247/1503 1450/2246/1502
f  1457/2256/1509 1450/2246/1502 1456/2258/1508 1459/2259/1511
f  1457/2260/1509 1459/2261/1511 1460/2262/1512 1461/2263/1513
f  1457/2256/1509 1461/2264/1513 1462/2265/1514 1458/2257/1510
f  1463/2266/1515 1464/2267/1516 1451/2247/1503 1458/2257/1510
f  1463/2266/1515 1458/2257/1510 1462/2265/1514 1465/2268/1517
f  1463/2269/1515 1465/2270/1517 1466/2271/1518 1467/2272/1519
f  1463/2269/1515 1467/2272/1519 1468/2273/1520 1464/2274/1516
f  1469/2275/1521 1452/2248/1504 1451/2247/1503 1464/2267/1516
f  1469/2276/1521 1464/2274/1516 1468/2273/1520 1470/2277/1522
f  1469/2276/1521 1470/2277/1522 1208/2278/1260 1471/2279/1523
f  1469/2275/1521 1471/2280/1523 1453/2249/1505 1452/2248/1504
f  1472/2281/1524 1473/2282/1525 1474/2283/1526 1475/2284/1527
f  1472/2281/1524 1475/2284/1527 1234/1930/1286 1233/1929/1285
f  1472/2281/1524 1233/1929/1285 1232/1928/1284 1476/2285/1528
f  1472/2286/1524 1476/2287/1528 1477/2288/1529 1473/2289/1525
f  1478/2290/1530 1479/2291/1531 1474/2283/1526 1473/2282/1525
f  1478/2292/1530 1473/2289/1525 1477/2288/1529 1480/2293/1532
f  1478/2292/1530 1480/2293/1532 1345/2079/1397 1481/2294/1533
f  1478/2290/1530 1481/2295/1533 1482/2296/1534 1479/2291/1531
f  1483/2297/1535 1484/2298/1536 1474/2283/1526 1479/2291/1531
f  1483/2297/1535 1479/2291/1531 1482/2296/1534 1485/2299/1537
f  1483/2297/1535 1485/2299/1537 1460/2262/1512 1459/2261/1511
f  1483/2297/1535 1459/2261/1511 1456/2254/1508 1484/2298/1536
f  1486/2300/1538 1475/2284/1527 1474/2283/1526 1484/2298/1536
f  1486/2300/1538 1484/2298/1536 1456/2254/1508 1455/2253/1507
f  1486/2300/1538 1455/2253/1507 1237/1933/1289 1236/1932/1288
f  1486/2300/1538 1236/1932/1288 1234/1930/1286 1475/2284/1527
f  1487/2301/1539 1488/2302/1540 1489/2303/1541 1490/2304/1542
f  1487/2301/1539 1490/2304/1542 1402/2305/1454 1416/2306/1468
f  1487/2307/1539 1416/2308/1468 1213/2309/1265 1491/2310/1543
f  1487/2307/1539 1491/2310/1543 1492/2311/1544 1488/2312/1540
f  1493/2313/1545 1494/2314/1546 1489/2303/1541 1488/2302/1540
f  1493/2315/1545 1488/2312/1540 1492/2311/1544 1495/2316/1547
f  1493/2315/1545 1495/2316/1547 1351/2087/1403 1350/2086/1402
f  1493/2313/1545 1350/2084/1402 1347/2081/1399 1494/2314/1546
f  1496/2317/1548 1497/2318/1549 1489/2303/1541 1494/2314/1546
f  1496/2317/1548 1494/2314/1546 1347/2081/1399 1346/2080/1398
f  1496/2317/1548 1346/2080/1398 1345/2079/1397 1480/2293/1532
f  1496/2317/1548 1480/2293/1532 1477/2288/1529 1497/2318/1549
f  1498/2319/1550 1490/2304/1542 1489/2303/1541 1497/2318/1549
f  1498/2319/1550 1497/2318/1549 1477/2288/1529 1476/2287/1528
f  1498/2319/1550 1476/2287/1528 1232/2320/1284 1403/2321/1455
f  1498/2319/1550 1403/2321/1455 1402/2305/1454 1490/2304/1542
f  1499/2322/1551 1500/2323/1552 1501/2324/1553 1502/2325/1554
f  1499/2322/1551 1502/2325/1554 1210/1906/1262 1209/1905/1261
f  1499/2322/1551 1209/1905/1261 1208/1904/1260 1470/2326/1522
f  1499/2322/1551 1470/2326/1522 1468/2327/1520 1500/2323/1552
f  1503/2328/1555 1504/2329/1556 1501/2324/1553 1500/2323/1552
f  1503/2328/1555 1500/2323/1552 1468/2327/1520 1467/2330/1519
f  1503/2328/1555 1467/2330/1519 1466/2331/1518 1505/2332/1557
f  1503/2328/1555 1505/2332/1557 1506/2333/1558 1504/2329/1556
f  1507/2334/1559 1508/2335/1560 1501/2324/1553 1504/2329/1556
f  1507/2334/1559 1504/2329/1556 1506/2333/1558 1509/2336/1561
f  1507/2334/1559 1509/2336/1561 1351/2337/1403 1495/2338/1547
f  1507/2334/1559 1495/2338/1547 1492/2339/1544 1508/2335/1560
f  1510/2340/1562 1502/2325/1554 1501/2324/1553 1508/2335/1560
f  1510/2340/1562 1508/2335/1560 1492/2339/1544 1491/2341/1543
f  1510/2340/1562 1491/2341/1543 1213/1909/1265 1212/1908/1264
f  1510/2340/1562 1212/1908/1264 1210/1906/1262 1502/2325/1554
f  1511/2342/1563 1512/2343/1564 1513/2344/1565 1514/2345/1566
f  1511/2346/1563 1514/2347/1566 1515/2348/1567 1516/2349/1568
f  1511/2350/1563 1516/2351/1568 1391/2188/1443 1414/2187/1466
f  1511/2342/1563 1414/2185/1466 1411/2184/1463 1512/2343/1564
f  1517/2352/1569 1518/2353/1570 1513/2344/1565 1512/2343/1564
f  1517/2352/1569 1512/2343/1564 1411/2184/1463 1410/2354/1462
f  1517/2355/1569 1410/2177/1462 1409/2176/1461 1519/2356/1571
f  1517/2355/1569 1519/2356/1571 1520/2357/1572 1518/2358/1570
f  1521/2359/1573 1522/2360/1574 1513/2361/1565 1518/2362/1570
f  1521/2363/1573 1518/2358/1570 1520/2357/1572 1523/2364/1575
f  1521/2359/1573 1523/2365/1575 1322/2044/1374 1321/2043/1373
f  1521/2359/1573 1321/2043/1373 1319/2038/1371 1522/2360/1574
f  1524/2366/1576 1514/2345/1566 1513/2344/1565 1522/2367/1574
f  1524/2368/1576 1522/2360/1574 1319/2038/1371 1318/2037/1370
f  1524/2369/1576 1318/2035/1370 1317/2034/1369 1525/2370/1577
f  1524/2369/1576 1525/2370/1577 1515/2348/1567 1514/2347/1566
f  1526/2371/1578 1527/2372/1579 1528/2373/1580 1529/2374/1581
f  1526/2371/1578 1529/2374/1581 1084/1729/1136 1083/1728/1135
f  1526/2375/1578 1083/1727/1135 1082/1726/1134 1530/2376/1582
f  1526/2375/1578 1530/2376/1582 1531/2377/1583 1527/2378/1579
f  1532/2379/1584 1533/2380/1585 1528/2373/1580 1527/2372/1579
f  1532/2379/1584 1527/2372/1579 1531/2381/1583 1534/2382/1586
f  1532/2379/1584 1534/2382/1586 1435/2383/1487 1535/2384/1587
f  1532/2379/1584 1535/2384/1587 1536/2385/1588 1533/2380/1585
f  1537/2386/1589 1538/2387/1590 1528/2373/1580 1533/2380/1585
f  1537/2386/1589 1533/2380/1585 1536/2385/1588 1539/2388/1591
f  1537/2389/1589 1539/2390/1591 1540/2391/1592 1541/2392/1593
f  1537/2389/1589 1541/2392/1593 1542/2393/1594 1538/2394/1590
f  1543/2395/1595 1529/2374/1581 1528/2373/1580 1538/2387/1590
f  1543/2396/1595 1538/2394/1590 1542/2393/1594 1544/2397/1596
f  1543/2396/1595 1544/2397/1596 1087/1734/1139 1086/1733/1138
f  1543/2395/1595 1086/1731/1138 1084/1729/1136 1529/2374/1581
f  1545/2398/1597 1546/2399/1598 1547/2400/1599 1548/2401/1600
f  1545/2398/1597 1548/2401/1600 1219/1915/1271 1238/1934/1290
f  1545/2398/1597 1238/1934/1290 1237/1933/1289 1549/2402/1601
f  1545/2398/1597 1549/2402/1601 1550/2403/1602 1546/2399/1598
f  1551/2404/1603 1552/2405/1604 1547/2406/1599 1546/2407/1598
f  1551/2404/1603 1546/2407/1598 1550/2408/1602 1553/2409/1605
f  1551/2410/1603 1553/2411/1605 1441/2230/1493 1440/2229/1492
f  1551/2404/1603 1440/2412/1492 1437/2413/1489 1552/2405/1604
f  1554/2414/1606 1555/2415/1607 1547/2400/1599 1552/2416/1604
f  1554/2414/1606 1552/2416/1604 1437/2226/1489 1436/2225/1488
f  1554/2414/1606 1436/2225/1488 1435/2224/1487 1534/2417/1586
f  1554/2414/1606 1534/2417/1586 1531/2377/1583 1555/2415/1607
f  1556/2418/1608 1548/2401/1600 1547/2400/1599 1555/2415/1607
f  1556/2418/1608 1555/2415/1607 1531/2377/1583 1530/2376/1582
f  1556/2418/1608 1530/2376/1582 1082/1726/1134 1220/1916/1272
f  1556/2418/1608 1220/1916/1272 1219/1915/1271 1548/2401/1600
f  1557/2419/1609 1558/2420/1610 1559/2421/1611 1560/2422/1612
f  1557/2423/1609 1560/2424/1612 1453/2425/1505 1471/2426/1523
f  1557/2427/1609 1471/2428/1523 1208/2429/1260 1561/2430/1613
f  1557/2431/1609 1561/2432/1613 1562/2433/1614 1558/2434/1610
f  1563/2435/1615 1564/2436/1616 1559/2421/1611 1558/2420/1610
f  1563/2437/1615 1558/2434/1610 1562/2433/1614 1565/2438/1617
f  1563/2437/1615 1565/2438/1617 1566/2439/1618 1567/2440/1619
f  1563/2435/1615 1567/2441/1619 1568/2442/1620 1564/2436/1616
f  1569/2443/1621 1570/2444/1622 1559/2421/1611 1564/2436/1616
f  1569/2443/1621 1564/2436/1616 1568/2442/1620 1571/2445/1623
f  1569/2443/1621 1571/2445/1623 1441/2446/1493 1553/2409/1605
f  1569/2443/1621 1553/2409/1605 1550/2408/1602 1570/2444/1622
f  1572/2447/1624 1560/2422/1612 1559/2421/1611 1570/2444/1622
f  1572/2447/1624 1570/2444/1622 1550/2408/1602 1549/2448/1601
f  1572/2447/1624 1549/2448/1601 1237/2449/1289 1454/2450/1506
f  1572/2447/1624 1454/2450/1506 1453/2451/1505 1560/2422/1612
f  1573/2452/1625 1574/2453/1626 1575/2454/1627 1576/2455/1628
f  1573/2452/1625 1576/2455/1628 1204/1900/1256 1203/1899/1255
f  1573/2452/1625 1203/1899/1255 1087/1815/1139 1544/2456/1596
f  1573/2452/1625 1544/2456/1596 1542/2457/1594 1574/2453/1626
f  1577/2458/1629 1578/2459/1630 1575/2454/1627 1574/2453/1626
f  1577/2458/1629 1574/2453/1626 1542/2457/1594 1541/2460/1593
f  1577/2458/1629 1541/2460/1593 1540/2461/1592 1579/2462/1631
f  1577/2458/1629 1579/2462/1631 1580/2463/1632 1578/2459/1630
f  1581/2464/1633 1582/2465/1634 1575/2454/1627 1578/2459/1630
f  1581/2464/1633 1578/2459/1630 1580/2463/1632 1583/2466/1635
f  1581/2464/1633 1583/2466/1635 1566/2467/1618 1565/2468/1617
f  1581/2464/1633 1565/2468/1617 1562/2469/1614 1582/2465/1634
f  1584/2470/1636 1576/2455/1628 1575/2454/1627 1582/2465/1634
f  1584/2470/1636 1582/2465/1634 1562/2469/1614 1561/2471/1613
f  1584/2470/1636 1561/2471/1613 1208/1904/1260 1207/1903/1259
f  1584/2470/1636 1207/1903/1259 1204/1900/1256 1576/2455/1628
f  1585/2472/1637 1586/2473/1638 1587/2474/1639 1588/2475/1640
f  1585/2476/1637 1588/2477/1640 1589/2478/1641 1590/2479/1642
f  1585/2480/1637 1590/2481/1642 1591/2482/1643 1592/2483/1644
f  1585/2472/1637 1592/2484/1644 1593/2485/1645 1586/2473/1638
f  1594/2486/1646 1595/2487/1647 1587/2474/1639 1586/2473/1638
f  1594/2486/1646 1586/2473/1638 1593/2485/1645 1596/2488/1648
f  1594/2486/1646 1596/2488/1648 1597/2489/1649 1598/2490/1650
f  1594/2486/1646 1598/2490/1650 1599/2491/1651 1595/2487/1647
f  1600/2492/1652 1601/2493/1653 1587/2474/1639 1595/2487/1647
f  1600/2492/1652 1595/2487/1647 1599/2491/1651 1602/2494/1654
f  1600/2495/1652 1602/2496/1654 1101/1754/1153 1100/1753/1152
f  1600/2492/1652 1100/2497/1152 1097/2498/1149 1601/2493/1653
f  1603/2499/1655 1588/2475/1640 1587/2474/1639 1601/2493/1653
f  1603/2499/1655 1601/2493/1653 1097/2498/1149 1096/2500/1148
f  1603/2501/1655 1096/1745/1148 1095/1744/1147 1604/2502/1656
f  1603/2501/1655 1604/2502/1656 1589/2478/1641 1588/2477/1640
f  1605/2503/1657 1606/2504/1658 1607/2505/1659 1608/2506/1660
f  1605/2503/1657 1608/2506/1660 1363/2507/1415 1381/2508/1433
f  1605/2503/1657 1381/2508/1433 1226/2509/1278 1609/2510/1661
f  1605/2503/1657 1609/2510/1661 1610/2511/1662 1606/2504/1658
f  1611/2512/1663 1612/2513/1664 1607/2505/1659 1606/2504/1658
f  1611/2512/1663 1606/2504/1658 1610/2511/1662 1613/2514/1665
f  1611/2512/1663 1613/2514/1665 1597/2489/1649 1596/2488/1648
f  1611/2512/1663 1596/2488/1648 1593/2485/1645 1612/2513/1664
f  1614/2515/1666 1615/2516/1667 1607/2505/1659 1612/2513/1664
f  1614/2515/1666 1612/2513/1664 1593/2485/1645 1592/2484/1644
f  1614/2517/1666 1592/2483/1644 1591/2482/1643 1616/2518/1668
f  1614/2517/1666 1616/2518/1668 1617/2519/1669 1615/2520/1667
f  1618/2521/1670 1608/2506/1660 1607/2505/1659 1615/2516/1667
f  1618/2522/1670 1615/2520/1667 1617/2519/1669 1619/2523/1671
f  1618/2522/1670 1619/2523/1671 1147/2524/1199 1364/2525/1416
f  1618/2521/1670 1364/2526/1416 1363/2507/1415 1608/2506/1660
f  1620/2527/1672 1621/2528/1673 1622/2529/1674 1623/2530/1675
f  1620/2527/1672 1623/2530/1675 1277/1986/1329 1276/1985/1328
f  1620/2527/1672 1276/1985/1328 1275/1984/1327 1624/2531/1676
f  1620/2532/1672 1624/2533/1676 1625/2534/1677 1621/2535/1673
f  1626/2536/1678 1627/2537/1679 1622/2529/1674 1621/2528/1673
f  1626/2538/1678 1621/2535/1673 1625/2534/1677 1628/2539/1680
f  1626/2538/1678 1628/2539/1680 1629/2540/1681 1630/2541/1682
f  1626/2536/1678 1630/2542/1682 1631/2543/1683 1627/2537/1679
f  1632/2544/1684 1633/2545/1685 1622/2529/1674 1627/2537/1679
f  1632/2544/1684 1627/2537/1679 1631/2543/1683 1634/2546/1686
f  1632/2547/1684 1634/2548/1686 1597/2489/1649 1613/2514/1665
f  1632/2547/1684 1613/2514/1665 1610/2511/1662 1633/2549/1685
f  1635/2550/1687 1623/2530/1675 1622/2529/1674 1633/2545/1685
f  1635/2551/1687 1633/2549/1685 1610/2511/1662 1609/2510/1661
f  1635/2550/1687 1609/2552/1661 1226/1922/1278 1279/1988/1331
f  1635/2550/1687 1279/1988/1331 1277/1986/1329 1623/2530/1675
f  1636/2553/1688 1637/2554/1689 1638/2555/1690 1639/2556/1691
f  1636/2553/1688 1639/2556/1691 1640/2557/1692 1641/2558/1693
f  1636/2559/1688 1641/2560/1693 1152/2561/1204 1642/2562/1694
f  1636/2559/1688 1642/2562/1694 1643/2563/1695 1637/2564/1689
f  1644/2565/1696 1645/2566/1697 1638/2555/1690 1637/2554/1689
f  1644/2567/1696 1637/2564/1689 1643/2563/1695 1646/2568/1698
f  1644/2567/1696 1646/2568/1698 1647/2569/1699 1648/2570/1700
f  1644/2565/1696 1648/2571/1700 1649/2572/1701 1645/2566/1697
f  1650/2573/1702 1651/2574/1703 1638/2555/1690 1645/2566/1697
f  1650/2573/1702 1645/2566/1697 1649/2572/1701 1652/2575/1704
f  1650/2573/1702 1652/2575/1704 1629/2540/1681 1628/2539/1680
f  1650/2573/1702 1628/2539/1680 1625/2534/1677 1651/2574/1703
f  1653/2576/1705 1639/2556/1691 1638/2555/1690 1651/2574/1703
f  1653/2576/1705 1651/2574/1703 1625/2534/1677 1624/2533/1676
f  1653/2576/1705 1624/2533/1676 1275/2577/1327 1654/2578/1706
f  1653/2576/1705 1654/2578/1706 1640/2557/1692 1639/2556/1691
f  1655/2579/1707 1656/2580/1708 1657/2581/1709 1658/2582/1710
f  1655/2579/1707 1658/2582/1710 1149/1823/1201 1148/1822/1200
f  1655/2579/1707 1148/1822/1200 1147/1821/1199 1619/2583/1671
f  1655/2579/1707 1619/2583/1671 1617/2584/1669 1656/2580/1708
f  1659/2585/1711 1660/2586/1712 1657/2581/1709 1656/2580/1708
f  1659/2585/1711 1656/2580/1708 1617/2584/1669 1616/2587/1668
f  1659/2585/1711 1616/2587/1668 1591/2588/1643 1661/2589/1713
f  1659/2585/1711 1661/2589/1713 1662/2590/1714 1660/2586/1712
f  1663/2591/1715 1664/2592/1716 1657/2581/1709 1660/2586/1712
f  1663/2591/1715 1660/2586/1712 1662/2590/1714 1665/2593/1717
f  1663/2591/1715 1665/2593/1717 1647/2594/1699 1646/2595/1698
f  1663/2591/1715 1646/2595/1698 1643/2596/1695 1664/2592/1716
f  1666/2597/1718 1658/2582/1710 1657/2581/1709 1664/2592/1716
f  1666/2597/1718 1664/2592/1716 1643/2596/1695 1642/2598/1694
f  1666/2597/1718 1642/2598/1694 1152/1826/1204 1151/1825/1203
f  1666/2597/1718 1151/1825/1203 1149/1823/1201 1658/2582/1710
f  1667/2599/1719 1668/2600/1720 1669/2601/1721 1670/2602/1722
f  1667/2603/1719 1670/2604/1722 1599/2491/1651 1598/2490/1650
f  1667/2603/1719 1598/2490/1650 1597/2489/1649 1634/2548/1686
f  1667/2599/1719 1634/2546/1686 1631/2543/1683 1668/2600/1720
f  1671/2605/1723 1672/2606/1724 1669/2601/1721 1668/2600/1720
f  1671/2605/1723 1668/2600/1720 1631/2543/1683 1630/2542/1682
f  1671/2607/1723 1630/2541/1682 1629/2540/1681 1673/2608/1725
f  1671/2607/1723 1673/2608/1725 1674/2609/1726 1672/2610/1724
f  1675/2611/1727 1676/2612/1728 1669/2601/1721 1672/2606/1724
f  1675/2613/1727 1672/2610/1724 1674/2609/1726 1677/2614/1729
f  1675/2615/1727 1677/2616/1729 1107/1760/1159 1106/1759/1158
f  1675/2615/1727 1106/1759/1158 1103/1756/1155 1676/2617/1728
f  1678/2618/1730 1670/2602/1722 1669/2601/1721 1676/2612/1728
f  1678/2619/1730 1676/2617/1728 1103/1756/1155 1102/1755/1154
f  1678/2620/1730 1102/2621/1154 1101/2622/1153 1602/2494/1654
f  1678/2620/1730 1602/2494/1654 1599/2491/1651 1670/2604/1722
f  1679/2623/1731 1680/2624/1732 1681/2625/1733 1682/2626/1734
f  1679/2623/1731 1682/2626/1734 1520/2357/1572 1519/2356/1571
f  1679/2623/1731 1519/2356/1571 1409/2176/1461 1427/2216/1479
f  1679/2623/1731 1427/2216/1479 1424/2213/1476 1680/2624/1732
f  1683/2627/1735 1684/2628/1736 1681/2625/1733 1680/2624/1732
f  1683/2627/1735 1680/2624/1732 1424/2213/1476 1423/2212/1475
f  1683/2629/1735 1423/2211/1475 1376/2128/1428 1685/2630/1737
f  1683/2629/1735 1685/2630/1737 1686/2631/1738 1684/2632/1736
f  1687/2633/1739 1688/2634/1740 1681/2625/1733 1684/2628/1736
f  1687/2635/1739 1684/2632/1736 1686/2631/1738 1689/2636/1741
f  1687/2635/1739 1689/2636/1741 1305/2015/1357 1304/2014/1356
f  1687/2635/1739 1304/2014/1356 1303/2013/1355 1688/2637/1740
f  1690/2638/1742 1682/2626/1734 1681/2625/1733 1688/2634/1740
f  1690/2639/1742 1688/2640/1740 1303/2046/1355 1323/2045/1375
f  1690/2639/1742 1323/2045/1375 1322/2044/1374 1523/2365/1575
f  1690/2638/1742 1523/2364/1575 1520/2357/1572 1682/2626/1734
f  1691/2641/1743 1692/2642/1744 1693/2643/1745 1694/2644/1746
f  1691/2641/1743 1694/2644/1746 1443/2645/1495 1442/2646/1494
f  1691/2641/1743 1442/2646/1494 1441/2446/1493 1571/2445/1623
f  1691/2641/1743 1571/2445/1623 1568/2442/1620 1692/2642/1744
f  1695/2647/1747 1696/2648/1748 1693/2643/1745 1692/2642/1744
f  1695/2647/1747 1692/2642/1744 1568/2442/1620 1567/2441/1619
f  1695/2649/1747 1567/2650/1619 1566/2467/1618 1697/2651/1749
f  1695/2649/1747 1697/2651/1749 1698/2652/1750 1696/2653/1748
f  1699/2654/1751 1700/2655/1752 1693/2656/1745 1696/2657/1748
f  1699/2658/1751 1696/2653/1748 1698/2652/1750 1701/2659/1753
f  1699/2658/1751 1701/2659/1753 1193/1889/1245 1192/1888/1244
f  1699/2654/1751 1192/1886/1244 1190/1885/1242 1700/2655/1752
f  1702/2660/1754 1694/2644/1746 1693/2643/1745 1700/2661/1752
f  1702/2662/1754 1700/2663/1752 1190/1882/1242 1189/1881/1241
f  1702/2662/1754 1189/1881/1241 1188/1880/1240 1446/2664/1498
f  1702/2660/1754 1446/2665/1498 1443/2645/1495 1694/2644/1746
f  1312/2666/1755 1311/2667/1756 1703/2668/1757 1704/2669/1758
f  1705/2670/1759 1706/2671/1760 1707/2672/1761 1708/2673/1762
f  1709/2674/1763 1352/2090/1404 1351/2337/1403 1509/2336/1561
f  1709/2674/1763 1509/2336/1561 1506/2333/1558 1710/2675/1764
f  1095/2676/1765 1094/2677/1766 1711/2678/1767 1712/2679/1768
f  1713/2680/1769 1710/2675/1764 1506/2333/1558 1505/2332/1557
f  1713/2680/1769 1505/2332/1557 1466/2331/1518 1714/2681/1770
f  1313/2682/1771 1312/2666/1755 1704/2669/1758 1715/2683/1772
f  1706/2671/1760 1716/2684/1773 1717/2685/1774 1707/2672/1761
f  1718/2686/1775 1719/2687/1776 1720/2688/1777 1721/2689/1778
f  1713/2690/1779 1714/2691/1780 1722/2692/1781 1723/2693/1782
f  1316/2694/1783 1313/2695/1771 1715/2696/1772 1724/2697/1784
f  1725/2698/1785 1718/2686/1775 1721/2689/1778 1726/2699/1786
f  1263/2700/1787 1262/2701/1788 1727/2702/1789 1728/2703/1790
f  1317/2704/1791 1316/2694/1783 1724/2697/1784 1729/2705/1792
f  1730/2706/1793 1245/2707/1794 1731/2708/1795 1732/2709/1796
f  1733/2710/1797 1734/2711/1798 1735/2712/1799 1736/2713/1800
f  1733/2710/1797 1736/2713/1800 1674/2609/1726 1673/2608/1725
f  1733/2710/1797 1673/2608/1725 1629/2540/1681 1652/2575/1704
f  1733/2710/1797 1652/2575/1704 1649/2572/1701 1734/2711/1798
f  1737/2714/1801 1738/2715/1802 1735/2712/1799 1734/2711/1798
f  1737/2714/1801 1734/2711/1798 1649/2572/1701 1648/2571/1700
f  1737/2716/1801 1648/2570/1700 1647/2569/1699 1716/2717/1803
f  1737/2718/1801 1716/2719/1803 1706/2720/1804 1738/2721/1802
f  1739/2722/1805 1740/2723/1806 1735/2712/1799 1738/2715/1802
f  1739/2724/1805 1738/2721/1802 1706/2720/1804 1705/2725/1807
f  1739/2724/1805 1705/2725/1807 1112/1771/1164 1111/1770/1163
f  1739/2722/1805 1111/1768/1163 1109/1767/1161 1740/2723/1806
f  1741/2726/1808 1736/2713/1800 1735/2712/1799 1740/2723/1806
f  1741/2726/1808 1740/2723/1806 1109/1767/1161 1108/2727/1160
f  1741/2728/1808 1108/1761/1160 1107/1760/1159 1677/2616/1729
f  1741/2726/1808 1677/2614/1729 1674/2609/1726 1736/2713/1800
f  1742/2729/1809 1743/2730/1810 1744/2731/1811 1745/2732/1812
f  1742/2729/1809 1745/2732/1812 1698/2652/1750 1697/2651/1749
f  1742/2729/1809 1697/2651/1749 1566/2467/1618 1583/2466/1635
f  1742/2729/1809 1583/2466/1635 1580/2463/1632 1743/2730/1810
f  1746/2733/1813 1747/2734/1814 1744/2731/1811 1743/2730/1810
f  1746/2733/1813 1743/2730/1810 1580/2463/1632 1579/2462/1631
f  1746/2733/1813 1579/2462/1631 1540/2461/1592 1748/2735/1815
f  1746/2733/1813 1748/2735/1815 1749/2736/1816 1747/2734/1814
f  1750/2737/1817 1751/2738/1818 1744/2731/1811 1747/2734/1814
f  1750/2737/1817 1747/2734/1814 1749/2736/1816 1752/2739/1819
f  1750/2737/1817 1752/2739/1819 1176/1861/1228 1175/1860/1227
f  1750/2737/1817 1175/1860/1227 1174/1859/1226 1751/2738/1818
f  1753/2740/1820 1745/2732/1812 1744/2731/1811 1751/2738/1818
f  1753/2740/1820 1751/2738/1818 1174/1859/1226 1194/1890/1246
f  1753/2740/1820 1194/1890/1246 1193/1889/1245 1701/2659/1753
f  1753/2740/1820 1701/2659/1753 1698/2652/1750 1745/2732/1812
f  1710/2741/1821 1713/2690/1779 1723/2693/1782 1754/2742/1822
f  1243/2743/1823 1263/2700/1787 1728/2703/1790 1755/2744/1824
f  1756/2745/1825 1716/2746/1803 1647/2594/1699 1665/2593/1717
f  1756/2745/1825 1665/2593/1717 1662/2590/1714 1757/2747/1826
f  1590/2748/1827 1589/2749/1828 1758/2750/1829 1759/2751/1830
f  1760/2752/1831 1757/2747/1826 1662/2590/1714 1661/2589/1713
f  1760/2752/1831 1661/2589/1713 1591/2588/1643 1590/2753/1642
f  1761/2754/1832 1730/2706/1793 1732/2709/1796 1762/2755/1833
f  1763/2756/1834 1725/2757/1785 1726/2758/1786 1764/2759/1835
f  1709/2760/1836 1710/2741/1821 1754/2742/1822 1765/2761/1837
f  1311/2667/1756 1766/2762/1838 1767/2763/1839 1703/2668/1757
f  1244/2764/1840 1243/2743/1823 1755/2744/1824 1768/2765/1841
f  1589/2749/1828 1604/2766/1842 1769/2767/1843 1758/2750/1829
f  1714/2768/1780 1761/2754/1832 1762/2755/1833 1722/2769/1781
f  1766/2770/1838 1770/2771/1844 1771/2772/1845 1767/2773/1839
f  1245/2774/1794 1244/2764/1840 1768/2765/1841 1731/2775/1795
f  1772/2776/1846 1773/2777/1847 1774/2778/1848 1775/2779/1849
f  1772/2776/1846 1775/2779/1849 1686/2780/1738 1685/2781/1737
f  1772/2782/1846 1685/2630/1737 1376/2128/1428 1375/2127/1427
f  1772/2776/1846 1375/2125/1427 1372/2122/1424 1773/2777/1847
f  1776/2783/1850 1777/2784/1851 1774/2778/1848 1773/2777/1847
f  1776/2783/1850 1773/2777/1847 1372/2122/1424 1371/2121/1423
f  1776/2785/1850 1371/2120/1423 1370/2119/1422 1763/2786/1852
f  1776/2787/1850 1763/2788/1852 1770/2789/1853 1777/2790/1851
f  1778/2791/1854 1779/2792/1855 1774/2778/1848 1777/2784/1851
f  1778/2793/1854 1777/2790/1851 1770/2789/1853 1766/2794/1856
f  1778/2793/1854 1766/2794/1856 1311/2026/1363 1310/2025/1362
f  1778/2795/1854 1310/2023/1362 1307/2017/1359 1779/2796/1855
f  1780/2797/1857 1775/2798/1849 1774/2799/1848 1779/2796/1855
f  1780/2797/1857 1779/2796/1855 1307/2017/1359 1306/2016/1358
f  1780/2797/1857 1306/2016/1358 1305/2015/1357 1689/2636/1741
f  1780/2797/1857 1689/2636/1741 1686/2631/1738 1775/2798/1849
f  1781/2800/1858 1782/2801/1859 1783/2802/1860 1784/2803/1861
f  1781/2804/1858 1784/2805/1861 1761/2754/1862 1714/2768/1770
f  1781/2804/1858 1714/2768/1770 1466/2271/1518 1465/2270/1517
f  1781/2800/1858 1465/2268/1517 1462/2265/1514 1782/2801/1859
f  1785/2806/1863 1786/2807/1864 1783/2802/1860 1782/2801/1859
f  1785/2806/1863 1782/2801/1859 1462/2265/1514 1461/2264/1513
f  1785/2808/1863 1461/2263/1513 1460/2262/1512 1787/2809/1865
f  1785/2808/1863 1787/2809/1865 1788/2810/1866 1786/2811/1864
f  1789/2812/1867 1790/2813/1868 1783/2802/1860 1786/2807/1864
f  1789/2814/1867 1786/2811/1864 1788/2810/1866 1791/2815/1869
f  1789/2814/1867 1791/2815/1869 1251/2816/1303 1250/2817/1302
f  1789/2818/1867 1250/1952/1302 1247/1951/1299 1790/2819/1868
f  1792/2820/1870 1784/2803/1861 1783/2802/1860 1790/2813/1868
f  1792/2820/1870 1790/2813/1868 1247/2821/1299 1246/2822/1298
f  1792/2823/1870 1246/1944/1298 1245/1943/1297 1730/2824/1871
f  1792/2823/1870 1730/2824/1871 1761/2825/1862 1784/2826/1861
f  1604/2766/1842 1095/2827/1765 1712/2828/1768 1769/2767/1843
f  1352/2090/1872 1709/2674/1836 1765/2829/1837 1793/2830/1873
f  1725/2757/1874 1763/2756/1852 1370/2154/1422 1396/2153/1448
f  1725/2757/1874 1396/2153/1448 1393/2150/1445 1718/2831/1875
f  1770/2771/1844 1763/2832/1834 1764/2833/1835 1771/2772/1845
f  1719/2834/1876 1718/2831/1875 1393/2150/1445 1392/2149/1444
f  1719/2834/1876 1392/2149/1444 1391/2148/1443 1516/2835/1568
f  1760/2836/1877 1590/2837/1827 1759/2838/1830 1794/2839/1878
f  1757/2840/1879 1760/2836/1877 1794/2839/1878 1795/2841/1880
f  1516/2842/1881 1515/2843/1882 1796/2844/1883 1797/2845/1884
f  1262/2846/1788 1356/2847/1885 1798/2848/1886 1727/2849/1789
f  1756/2850/1887 1757/2840/1879 1795/2841/1880 1799/2851/1888
f  1515/2852/1882 1525/2853/1889 1800/2854/1890 1796/2855/1883
f  1356/2847/1885 1353/2856/1891 1801/2857/1892 1798/2848/1886
f  1113/2858/1893 1112/2859/1894 1802/2860/1895 1803/2861/1896
f  1525/2853/1889 1317/2704/1791 1729/2705/1792 1800/2854/1890
f  1804/2862/1897 1805/2863/1898 1806/2864/1899 1807/2865/1900
f  1804/2866/1897 1807/2867/1900 1749/2868/1816 1748/2869/1815
f  1804/2866/1897 1748/2869/1815 1540/2391/1592 1539/2390/1591
f  1804/2862/1897 1539/2388/1591 1536/2385/1588 1805/2863/1898
f  1808/2870/1901 1809/2871/1902 1806/2864/1899 1805/2863/1898
f  1808/2870/1901 1805/2863/1898 1536/2385/1588 1535/2384/1587
f  1808/2870/1901 1535/2384/1587 1435/2383/1487 1434/2872/1486
f  1808/2870/1901 1434/2872/1486 1433/2873/1485 1809/2871/1902
f  1810/2874/1903 1811/2875/1904 1806/2864/1899 1809/2871/1902
f  1810/2874/1903 1809/2871/1902 1433/2873/1485 1448/2876/1500
f  1810/2874/1903 1448/2876/1500 1182/1873/1234 1181/1872/1233
f  1810/2874/1903 1181/1872/1233 1178/1865/1230 1811/2875/1904
f  1812/2877/1905 1807/2865/1900 1806/2864/1899 1811/2875/1904
f  1812/2877/1905 1811/2875/1904 1178/1865/1230 1177/1864/1229
f  1812/2878/1905 1177/1862/1229 1176/1861/1228 1752/2739/1819
f  1812/2878/1905 1752/2739/1819 1749/2736/1816 1807/2879/1900
f  1813/2880/1906 1814/2881/1907 1815/2882/1908 1816/2883/1909
f  1813/2880/1906 1816/2883/1909 1788/2810/1866 1787/2809/1865
f  1813/2880/1906 1787/2809/1865 1460/2262/1512 1485/2299/1537
f  1813/2880/1906 1485/2299/1537 1482/2296/1534 1814/2881/1907
f  1817/2884/1910 1818/2885/1911 1815/2882/1908 1814/2881/1907
f  1817/2884/1910 1814/2881/1907 1482/2296/1534 1481/2295/1533
f  1817/2886/1910 1481/2294/1533 1345/2079/1397 1344/2078/1396
f  1817/2886/1910 1344/2078/1396 1343/2077/1395 1818/2887/1911
f  1819/2888/1912 1820/2889/1913 1815/2882/1908 1818/2885/1911
f  1819/2890/1912 1818/2887/1911 1343/2077/1395 1358/2099/1410
f  1819/2890/1912 1358/2099/1410 1257/1961/1309 1256/1960/1308
f  1819/2891/1912 1256/1958/1308 1253/1955/1305 1820/2892/1913
f  1821/2893/1914 1816/2883/1909 1815/2882/1908 1820/2889/1913
f  1821/2894/1914 1820/2892/1913 1253/1955/1305 1252/1954/1304
f  1821/2894/1914 1252/1954/1304 1251/1953/1303 1791/2895/1869
f  1821/2893/1914 1791/2815/1869 1788/2810/1866 1816/2883/1909
f  1822/2896/1915 1823/2897/1916 1824/2898/1917 1825/2899/1918
f  1822/2900/1915 1825/2901/1918 1826/2902/1919 1827/2903/1920
f  1822/2900/1915 1827/2903/1920 1062/2904/1114 1061/2905/1113
f  1822/2896/1915 1061/2906/1113 1059/2907/1111 1823/2897/1916
f  1828/2908/1921 1829/2909/1922 1824/2898/1917 1823/2897/1916
f  1828/2908/1921 1823/2897/1916 1059/2907/1111 1058/2910/1110
f  1828/2908/1921 1058/2910/1110 1057/2911/1109 1165/2912/1217
f  1828/2908/1921 1165/2912/1217 1162/2913/1214 1829/2909/1922
f  1830/2914/1923 1831/2915/1924 1824/2898/1917 1829/2909/1922
f  1830/2914/1923 1829/2909/1922 1162/2913/1214 1161/2916/1213
f  1830/2914/1923 1161/2916/1213 1160/2062/1212 1332/2061/1384
f  1830/2914/1923 1332/2061/1384 1329/2058/1381 1831/2915/1924
f  1832/2917/1925 1825/2899/1918 1824/2898/1917 1831/2915/1924
f  1832/2917/1925 1831/2915/1924 1329/2058/1381 1328/2057/1380
f  1832/2918/1925 1328/2056/1380 1286/2055/1338 1833/2919/1926
f  1832/2918/1925 1833/2919/1926 1826/2902/1919 1825/2901/1918
f  1834/2920/1927 1835/2921/1928 1836/2922/1929 1837/2923/1930
f  1834/2920/1927 1837/2923/1930 1043/2924/1095 1063/2925/1115
f  1834/2926/1927 1063/2927/1115 1062/2904/1114 1827/2903/1920
f  1834/2926/1927 1827/2903/1920 1826/2902/1919 1835/2928/1928
f  1838/2929/1931 1839/2930/1932 1836/2922/1929 1835/2921/1928
f  1838/2929/1931 1835/2921/1928 1826/2931/1919 1833/2932/1926
f  1838/2929/1931 1833/2932/1926 1286/1995/1338 1285/1994/1337
f  1838/2929/1931 1285/1994/1337 1284/1993/1336 1839/2930/1932
f  1840/2933/1933 1841/2934/1934 1836/2922/1929 1839/2930/1932
f  1840/2933/1933 1839/2930/1932 1284/1993/1336 1298/2008/1350
f  1840/2933/1933 1298/2008/1350 1120/2007/1172 1119/2935/1171
f  1840/2933/1933 1119/2935/1171 1118/2936/1170 1841/2934/1934
f  1842/2937/1935 1837/2923/1930 1836/2922/1929 1841/2934/1934
f  1842/2937/1935 1841/2934/1934 1118/2936/1170 1133/2938/1185
f  1842/2937/1935 1133/2938/1185 1045/2939/1097 1044/2940/1096
f  1842/2937/1935 1044/2940/1096 1043/2924/1095 1837/2923/1930
f  1843/2941/1936 1844/2942/1937 1845/2943/1938 1846/2944/1939
f  1843/2941/1936 1846/2944/1939 1271/1980/1323 1270/1979/1322
f  1843/2941/1936 1270/1979/1322 1076/1718/1128 1337/2069/1389
f  1843/2941/1936 1337/2069/1389 1334/2945/1386 1844/2942/1937
f  1847/2946/1940 1848/2947/1941 1845/2943/1938 1844/2942/1937
f  1847/2946/1940 1844/2942/1937 1334/2945/1386 1333/2948/1385
f  1847/2946/1940 1333/2948/1385 1160/1834/1212 1159/1833/1211
f  1847/2946/1940 1159/1833/1211 1158/1832/1210 1848/2947/1941
f  1849/2949/1942 1850/2950/1943 1845/2943/1938 1848/2947/1941
f  1849/2949/1942 1848/2947/1941 1158/1832/1210 1169/1852/1221
f  1849/2951/1942 1169/1851/1221 1126/1788/1178 1851/2952/1944
f  1849/2951/1942 1851/2952/1944 1852/2953/1945 1850/2954/1943
f  1853/2955/1946 1846/2944/1939 1845/2943/1938 1850/2950/1943
f  1853/2955/1946 1850/2950/1943 1852/2956/1945 1854/2957/1947
f  1853/2955/1946 1854/2957/1947 1275/1984/1327 1274/1983/1326
f  1853/2955/1946 1274/1983/1326 1271/1980/1323 1846/2944/1939
f  1855/2958/1948 1856/2959/1949 1857/2960/1950 1858/2961/1951
f  1855/2962/1948 1858/2963/1951 1295/2004/1347 1294/2003/1346
f  1855/2962/1948 1294/2003/1346 1152/1826/1204 1641/2964/1693
f  1855/2958/1948 1641/2965/1693 1640/2966/1692 1856/2959/1949
f  1859/2967/1952 1860/2968/1953 1857/2960/1950 1856/2959/1949
f  1859/2969/1952 1856/2970/1949 1640/2557/1692 1654/2578/1706
f  1859/2967/1952 1654/2971/1706 1275/2972/1327 1854/2973/1947
f  1859/2967/1952 1854/2973/1947 1852/2953/1945 1860/2968/1953
f  1861/2974/1954 1862/2975/1955 1857/2960/1950 1860/2968/1953
f  1861/2974/1954 1860/2968/1953 1852/2953/1945 1851/2952/1944
f  1861/2974/1954 1851/2952/1944 1126/1788/1178 1125/1787/1177
f  1861/2974/1954 1125/1787/1177 1122/1784/1174 1862/2975/1955
f  1863/2976/1956 1858/2961/1951 1857/2960/1950 1862/2975/1955
f  1863/2976/1956 1862/2975/1955 1122/1784/1174 1121/1783/1173
f  1863/2977/1956 1121/2978/1173 1120/2007/1172 1297/2006/1349
f  1863/2977/1956 1297/2006/1349 1295/2004/1347 1858/2963/1951
f  1864/2979/1957 1865/2980/1958 1866/2981/1959 1867/2982/1960
f  1864/2979/1957 1867/2982/1960 1868/2983/1961 1869/2984/1962
f  1864/2979/1957 1869/2984/1962 1870/2985/1963 1871/2986/1964
f  1864/2979/1957 1871/2986/1964 1872/2987/1965 1865/2980/1958
f  1873/2988/1966 1874/2989/1967 1866/2981/1959 1865/2980/1958
f  1873/2988/1966 1865/2980/1958 1872/2987/1965 1875/2990/1968
f  1873/2988/1966 1875/2990/1968 1876/2991/1969 1877/2992/1970
f  1873/2988/1966 1877/2992/1970 1878/2993/1971 1874/2989/1967
f  1879/2994/1972 1880/2995/1973 1866/2981/1959 1874/2989/1967
f  1879/2996/1972 1874/2997/1967 1878/2998/1971 1881/2999/1974
f  1879/2996/1972 1881/2999/1974 1882/3000/1975 1883/3001/1976
f  1879/2994/1972 1883/3002/1976 1884/3003/1977 1880/2995/1973
f  1885/3004/1978 1867/2982/1960 1866/2981/1959 1880/2995/1973
f  1885/3004/1978 1880/2995/1973 1884/3003/1977 1886/3005/1979
f  1885/3004/1978 1886/3005/1979 1887/3006/1980 1888/3007/1981
f  1885/3004/1978 1888/3007/1981 1868/2983/1961 1867/2982/1960
f  1889/3008/1982 1890/3009/1983 1891/3010/1984 1892/3011/1985
f  1889/3008/1982 1892/3011/1985 686/3012/726 685/3013/725
f  1889/3008/1982 685/3013/725 684/1611/724 996/1610/1048
f  1889/3008/1982 996/1610/1048 995/1609/1047 1890/3009/1983
f  1893/3014/1986 1894/3015/1987 1891/3010/1984 1890/3009/1983
f  1893/3014/1986 1890/3009/1983 995/1609/1047 1006/1623/1058
f  1893/3014/1986 1006/1623/1058 1005/1622/1057 1895/3016/1988
f  1893/3014/1986 1895/3016/1988 1896/3017/1989 1894/3015/1987
f  1897/3018/1990 1898/3019/1991 1891/3010/1984 1894/3015/1987
f  1897/3018/1990 1894/3015/1987 1896/3017/1989 1899/3020/1992
f  1897/3018/1990 1899/3020/1992 1900/3021/1993 1901/3022/1994
f  1897/3018/1990 1901/3022/1994 1902/3023/1995 1898/3019/1991
f  1903/3024/1996 1892/3011/1985 1891/3010/1984 1898/3019/1991
f  1903/3024/1996 1898/3019/1991 1902/3023/1995 1904/3025/1997
f  1903/3024/1996 1904/3025/1997 690/1182/730 689/1181/729
f  1903/3024/1996 689/1181/729 686/3012/726 1892/3011/1985
f  1905/3026/1998 1906/3027/1999 1907/3028/2000 1908/3029/2001
f  1905/3026/1998 1908/3029/2001 1896/3030/1989 1895/3031/1988
f  1905/3026/1998 1895/3031/1988 1005/1630/1057 1012/1629/1064
f  1905/3026/1998 1012/1629/1064 1011/1628/1063 1906/3027/1999
f  1909/3032/2002 1910/3033/2003 1907/3028/2000 1906/3027/1999
f  1909/3032/2002 1906/3027/1999 1011/1628/1063 1026/1648/1078
f  1909/3032/2002 1026/1648/1078 1025/1647/1077 1911/3034/2004
f  1909/3032/2002 1911/3034/2004 1912/3035/2005 1910/3033/2003
f  1913/3036/2006 1914/3037/2007 1907/3028/2000 1910/3033/2003
f  1913/3036/2006 1910/3033/2003 1912/3035/2005 1915/3038/2008
f  1913/3036/2006 1915/3038/2008 1916/3039/2009 1917/3040/2010
f  1913/3036/2006 1917/3040/2010 1918/3041/2011 1914/3037/2007
f  1919/3042/2012 1908/3029/2001 1907/3028/2000 1914/3037/2007
f  1919/3042/2012 1914/3037/2007 1918/3041/2011 1920/3043/2013
f  1919/3042/2012 1920/3043/2013 1900/3044/1993 1899/3045/1992
f  1919/3042/2012 1899/3045/1992 1896/3030/1989 1908/3029/2001
f  1921/3046/2014 1922/3047/2015 1923/3048/2016 1924/3049/2017
f  1921/3046/2014 1924/3049/2017 1925/3050/2018 1926/3051/2019
f  1921/3046/2014 1926/3051/2019 1927/3052/2020 1928/3053/2021
f  1921/3046/2014 1928/3053/2021 1929/3054/2022 1922/3047/2015
f  1930/3055/2023 1931/3056/2024 1923/3048/2016 1922/3047/2015
f  1930/3055/2023 1922/3047/2015 1929/3054/2022 1932/3057/2025
f  1930/3058/2023 1932/3059/2025 1933/3060/2026 1934/3061/2027
f  1930/3058/2023 1934/3061/2027 1935/3062/2028 1931/3063/2024
f  1936/3064/2029 1937/3065/2030 1923/3048/2016 1931/3056/2024
f  1936/3066/2029 1931/3063/2024 1935/3062/2028 1938/3067/2031
f  1936/3066/2029 1938/3067/2031 1939/3068/2032 1940/3069/2033
f  1936/3064/2029 1940/3070/2033 1941/3071/2034 1937/3065/2030
f  1942/3072/2035 1924/3049/2017 1923/3048/2016 1937/3065/2030
f  1942/3072/2035 1937/3065/2030 1941/3071/2034 1943/3073/2036
f  1942/3072/2035 1943/3073/2036 1944/3074/2037 1945/3075/2038
f  1942/3072/2035 1945/3075/2038 1925/3050/2018 1924/3049/2017
f  1946/3076/2039 1947/3077/2040 1948/3078/2041 1949/3079/2042
f  1946/3076/2039 1949/3079/2042 1878/2998/1971 1877/3080/1970
f  1946/3076/2039 1877/3080/1970 1876/3081/1969 1950/3082/2043
f  1946/3076/2039 1950/3082/2043 1951/3083/2044 1947/3077/2040
f  1952/3084/2045 1953/3085/2046 1948/3078/2041 1947/3077/2040
f  1952/3084/2045 1947/3077/2040 1951/3083/2044 1954/3086/2047
f  1952/3084/2045 1954/3086/2047 1955/3087/2048 1956/3088/2049
f  1952/3084/2045 1956/3088/2049 1957/3089/2050 1953/3085/2046
f  1958/3090/2051 1959/3091/2052 1948/3078/2041 1953/3085/2046
f  1958/3090/2051 1953/3085/2046 1957/3089/2050 1960/3092/2053
f  1958/3090/2051 1960/3092/2053 1961/3093/2054 1962/3094/2055
f  1958/3090/2051 1962/3094/2055 1963/3095/2056 1959/3091/2052
f  1964/3096/2057 1949/3079/2042 1948/3078/2041 1959/3091/2052
f  1964/3096/2057 1959/3091/2052 1963/3095/2056 1965/3097/2058
f  1964/3096/2057 1965/3097/2058 1882/3000/1975 1881/2999/1974
f  1964/3096/2057 1881/2999/1974 1878/2998/1971 1949/3079/2042
f  1966/3098/2059 1967/3099/2060 1968/3100/2061 1969/3101/2062
f  1966/3098/2059 1969/3101/2062 1957/3102/2050 1956/3103/2049
f  1966/3098/2059 1956/3103/2049 1955/3104/2048 1970/3105/2063
f  1966/3098/2059 1970/3105/2063 1971/3106/2064 1967/3099/2060
f  1972/3107/2065 1973/3108/2066 1968/3100/2061 1967/3099/2060
f  1972/3107/2065 1967/3099/2060 1971/3106/2064 1974/3109/2067
f  1972/3110/2065 1974/3111/2067 1975/3112/2068 1976/3113/2069
f  1972/3110/2065 1976/3113/2069 1977/3114/2070 1973/3115/2066
f  1978/3116/2071 1979/3117/2072 1968/3100/2061 1973/3108/2066
f  1978/3118/2071 1973/3115/2066 1977/3114/2070 1980/3119/2073
f  1978/3118/2071 1980/3119/2073 1981/3120/2074 1982/3121/2075
f  1978/3116/2071 1982/3122/2075 1983/3123/2076 1979/3117/2072
f  1984/3124/2077 1969/3101/2062 1968/3100/2061 1979/3117/2072
f  1984/3124/2077 1979/3117/2072 1983/3123/2076 1985/3125/2078
f  1984/3124/2077 1985/3125/2078 1961/3126/2054 1960/3127/2053
f  1984/3124/2077 1960/3127/2053 1957/3102/2050 1969/3101/2062
f  1986/3128/2079 1987/3129/2080 1988/3130/2081 1989/3131/2082
f  1986/3128/2079 1989/3131/2082 1990/3132/2083 1991/3133/2084
f  1986/3128/2079 1991/3133/2084 1900/3044/1993 1920/3043/2013
f  1986/3128/2079 1920/3043/2013 1918/3041/2011 1987/3129/2080
f  1992/3134/2085 1993/3135/2086 1988/3130/2081 1987/3129/2080
f  1992/3134/2085 1987/3129/2080 1918/3041/2011 1917/3040/2010
f  1992/3134/2085 1917/3040/2010 1916/3039/2009 1994/3136/2087
f  1992/3134/2085 1994/3136/2087 1995/3137/2088 1993/3135/2086
f  1996/3138/2089 1997/3139/2090 1988/3130/2081 1993/3135/2086
f  1996/3138/2089 1993/3135/2086 1995/3137/2088 1998/3140/2091
f  1996/3138/2089 1998/3140/2091 1999/3141/2092 2000/3142/2093
f  1996/3138/2089 2000/3142/2093 2001/3143/2094 1997/3139/2090
f  2002/3144/2095 1989/3131/2082 1988/3130/2081 1997/3139/2090
f  2002/3144/2095 1997/3139/2090 2001/3143/2094 2003/3145/2096
f  2002/3144/2095 2003/3145/2096 2004/3146/2097 2005/3147/2098
f  2002/3144/2095 2005/3147/2098 1990/3132/2083 1989/3131/2082
f  2006/3148/2099 2007/3149/2100 2008/3150/2101 2009/3151/2102
f  2006/3148/2099 2009/3151/2102 2010/3152/2103 2011/3153/2104
f  2006/3148/2099 2011/3153/2104 690/1182/730 1904/3025/1997
f  2006/3148/2099 1904/3025/1997 1902/3023/1995 2007/3149/2100
f  2012/3154/2105 2013/3155/2106 2008/3150/2101 2007/3149/2100
f  2012/3154/2105 2007/3149/2100 1902/3023/1995 1901/3022/1994
f  2012/3154/2105 1901/3022/1994 1900/3021/1993 1991/3156/2084
f  2012/3154/2105 1991/3156/2084 1990/3157/2083 2013/3155/2106
f  2014/3158/2107 2015/3159/2108 2008/3150/2101 2013/3155/2106
f  2014/3158/2107 2013/3155/2106 1990/3157/2083 2005/3160/2098
f  2014/3158/2107 2005/3160/2098 2004/3161/2097 2016/3162/2109
f  2014/3158/2107 2016/3162/2109 2017/3163/2110 2015/3159/2108
f  2018/3164/2111 2009/3151/2102 2008/3150/2101 2015/3159/2108
f  2018/3164/2111 2015/3159/2108 2017/3163/2110 2019/3165/2112
f  2018/3164/2111 2019/3165/2112 2020/3166/2113 2021/3167/2114
f  2018/3164/2111 2021/3167/2114 2010/3152/2103 2009/3151/2102
f  2022/3168/2115 2023/3169/2116 2024/3170/2117 2025/3171/2118
f  2022/3168/2115 2025/3171/2118 2026/3172/2119 2027/3173/2120
f  2022/3168/2115 2027/3173/2120 695/1188/735 694/1187/734
f  2022/3168/2115 694/1187/734 692/1185/732 2023/3169/2116
f  2028/3174/2121 2029/3175/2122 2024/3170/2117 2023/3169/2116
f  2028/3174/2121 2023/3169/2116 692/1185/732 691/1184/731
f  2028/3176/2121 691/1183/731 690/1182/730 2011/3153/2104
f  2028/3176/2121 2011/3153/2104 2010/3152/2103 2029/3177/2122
f  2030/3178/2123 2031/3179/2124 2024/3170/2117 2029/3175/2122
f  2030/3178/2123 2029/3175/2122 2010/3180/2103 2021/3181/2114
f  2030/3178/2123 2021/3181/2114 2020/3182/2113 2032/3183/2125
f  2030/3178/2123 2032/3183/2125 2033/3184/2126 2031/3179/2124
f  2034/3185/2127 2025/3171/2118 2024/3170/2117 2031/3179/2124
f  2034/3185/2127 2031/3179/2124 2033/3184/2126 2035/3186/2128
f  2034/3185/2127 2035/3186/2128 2036/3187/2129 2037/3188/2130
f  2034/3185/2127 2037/3188/2130 2026/3172/2119 2025/3171/2118
f  2038/3189/2131 2039/3190/2132 2040/3191/2133 2041/3192/2134
f  2038/3189/2131 2041/3192/2134 2042/3193/2135 2043/3194/2136
f  2038/3189/2131 2043/3194/2136 2004/3146/2097 2003/3145/2096
f  2038/3189/2131 2003/3145/2096 2001/3143/2094 2039/3190/2132
f  2044/3195/2137 2045/3196/2138 2040/3191/2133 2039/3190/2132
f  2044/3195/2137 2039/3190/2132 2001/3143/2094 2000/3142/2093
f  2044/3195/2137 2000/3142/2093 1999/3141/2092 2046/3197/2139
f  2044/3198/2137 2046/3199/2139 2047/3200/2140 2045/3201/2138
f  2048/3202/2141 2049/3203/2142 2040/3191/2133 2045/3196/2138
f  2048/3204/2141 2045/3201/2138 2047/3200/2140 2050/3205/2143
f  2048/3204/2141 2050/3205/2143 1975/3112/2068 1974/3111/2067
f  2048/3202/2141 1974/3109/2067 1971/3106/2064 2049/3203/2142
f  2051/3206/2144 2041/3192/2134 2040/3191/2133 2049/3203/2142
f  2051/3206/2144 2049/3203/2142 1971/3106/2064 1970/3105/2063
f  2051/3206/2144 1970/3105/2063 1955/3104/2048 2052/3207/2145
f  2051/3206/2144 2052/3207/2145 2042/3193/2135 2041/3192/2134
f  2053/3208/2146 2054/3209/2147 2055/3210/2148 2056/3211/2149
f  2053/3208/2146 2056/3211/2149 2057/3212/2150 2058/3213/2151
f  2053/3208/2146 2058/3213/2151 2020/3166/2113 2019/3165/2112
f  2053/3208/2146 2019/3165/2112 2017/3163/2110 2054/3209/2147
f  2059/3214/2152 2060/3215/2153 2055/3210/2148 2054/3209/2147
f  2059/3214/2152 2054/3209/2147 2017/3163/2110 2016/3162/2109
f  2059/3214/2152 2016/3162/2109 2004/3161/2097 2043/3216/2136
f  2059/3214/2152 2043/3216/2136 2042/3217/2135 2060/3215/2153
f  2061/3218/2154 2062/3219/2155 2055/3210/2148 2060/3215/2153
f  2061/3218/2154 2060/3215/2153 2042/3217/2135 2052/3220/2145
f  2061/3218/2154 2052/3220/2145 1955/3087/2048 1954/3086/2047
f  2061/3218/2154 1954/3086/2047 1951/3083/2044 2062/3219/2155
f  2063/3221/2156 2056/3211/2149 2055/3210/2148 2062/3219/2155
f  2063/3221/2156 2062/3219/2155 1951/3083/2044 1950/3082/2043
f  2063/3221/2156 1950/3082/2043 1876/3081/1969 2064/3222/2157
f  2063/3221/2156 2064/3222/2157 2057/3212/2150 2056/3211/2149
f  2065/3223/2158 2066/3224/2159 2067/3225/2160 2068/3226/2161
f  2065/3223/2158 2068/3226/2161 2069/3227/2162 2070/3228/2163
f  2065/3223/2158 2070/3228/2163 2036/3187/2129 2035/3186/2128
f  2065/3223/2158 2035/3186/2128 2033/3184/2126 2066/3224/2159
f  2071/3229/2164 2072/3230/2165 2067/3225/2160 2066/3224/2159
f  2071/3229/2164 2066/3224/2159 2033/3184/2126 2032/3183/2125
f  2071/3229/2164 2032/3183/2125 2020/3182/2113 2058/3231/2151
f  2071/3229/2164 2058/3231/2151 2057/3232/2150 2072/3230/2165
f  2073/3233/2166 2074/3234/2167 2067/3225/2160 2072/3230/2165
f  2073/3233/2166 2072/3230/2165 2057/3232/2150 2064/3235/2157
f  2073/3233/2166 2064/3235/2157 1876/2991/1969 1875/2990/1968
f  2073/3233/2166 1875/2990/1968 1872/2987/1965 2074/3234/2167
f  2075/3236/2168 2068/3226/2161 2067/3225/2160 2074/3234/2167
f  2075/3236/2168 2074/3234/2167 1872/2987/1965 1871/2986/1964
f  2075/3236/2168 1871/2986/1964 1870/2985/1963 2076/3237/2169
f  2075/3236/2168 2076/3237/2169 2069/3227/2162 2068/3226/2161
f  2077/3238/2170 2078/3239/2171 2079/3240/2172 2080/3241/2173
f  2077/3242/2170 2080/3243/2173 2069/3244/2162 2076/3245/2169
f  2077/3246/2170 2076/3237/2169 1870/2985/1963 2081/3247/2174
f  2077/3238/2170 2081/3248/2174 2082/3249/2175 2078/3239/2171
f  2083/3250/2176 2084/3251/2177 2079/3240/2172 2078/3239/2171
f  2083/3250/2176 2078/3239/2171 2082/3249/2175 2085/3252/2178
f  2083/3253/2176 2085/3254/2178 1975/3112/2068 2050/3205/2143
f  2083/3253/2176 2050/3205/2143 2047/3200/2140 2084/3255/2177
f  2086/3256/2179 2087/3257/2180 2079/3258/2172 2084/3259/2177
f  2086/3260/2179 2084/3255/2177 2047/3200/2140 2046/3199/2139
f  2086/3261/2179 2046/3262/2139 1999/3263/2092 2088/3264/2181
f  2086/3256/2179 2088/3265/2181 2089/3266/2182 2087/3257/2180
f  2090/3267/2183 2080/3243/2173 2079/3258/2172 2087/3257/2180
f  2090/3267/2183 2087/3257/2180 2089/3266/2182 2091/3268/2184
f  2090/3267/2183 2091/3268/2184 2036/3269/2129 2070/3270/2163
f  2090/3267/2183 2070/3270/2163 2069/3244/2162 2080/3243/2173
f  2092/3271/2185 2093/3272/2186 2094/3273/2187 2095/3274/2188
f  2092/3275/2185 2095/3276/2188 1977/3114/2070 1976/3113/2069
f  2092/3275/2185 1976/3113/2069 1975/3112/2068 2085/3254/2178
f  2092/3271/2185 2085/3252/2178 2082/3249/2175 2093/3272/2186
f  2096/3277/2189 2097/3278/2190 2094/3273/2187 2093/3272/2186
f  2096/3277/2189 2093/3272/2186 2082/3249/2175 2081/3248/2174
f  2096/3279/2189 2081/3247/2174 1870/2985/1963 1869/2984/1962
f  2096/3279/2189 1869/2984/1962 1868/2983/1961 2097/3280/2190
f  2098/3281/2191 2099/3282/2192 2094/3273/2187 2097/3278/2190
f  2098/3281/2191 2097/3278/2190 1868/3283/1961 1888/3284/1981
f  2098/3281/2191 1888/3284/1981 1887/3285/1980 2100/3286/2193
f  2098/3281/2191 2100/3286/2193 2101/3287/2194 2099/3282/2192
f  2102/3288/2195 2095/3274/2188 2094/3273/2187 2099/3282/2192
f  2102/3288/2195 2099/3282/2192 2101/3287/2194 2103/3289/2196
f  2102/3290/2195 2103/3291/2196 1981/3120/2074 1980/3119/2073
f  2102/3290/2195 1980/3119/2073 1977/3114/2070 2095/3276/2188
f  2104/3292/2197 2105/3293/2198 1944/3074/2037 1943/3073/2036
f  2104/3294/2197 1943/3295/2036 1941/3296/2034 2106/3297/2199
f  2104/3292/2197 2106/3298/2199 2107/3299/2200 2108/3300/2201
f  2104/3292/2197 2108/3300/2201 2109/3301/2202 2105/3293/2198
f  2110/3302/2203 2111/3303/2204 2112/3304/2205 2113/3305/2206
f  2110/3306/2203 2113/3307/2206 2114/3308/2207 2115/3309/2208
f  2110/3306/2203 2115/3309/2208 2116/3310/2209 2117/3311/2210
f  2110/3302/2203 2117/3312/2210 2118/3313/2211 2111/3303/2204
f  2119/3314/2212 2120/3315/2213 2121/3316/2214 2122/3317/2215
f  2119/3314/2212 2122/3317/2215 2123/3318/2216 2124/3319/2217
f  2119/3314/2212 2124/3319/2217 2125/3320/2218 2126/3321/2219
f  2119/3314/2212 2126/3321/2219 2127/3322/2220 2120/3315/2213
f  2128/3323/2221 2129/3324/2222 2130/3325/2223 2131/3326/2224
f  2128/3327/2221 2131/3328/2224 2112/3304/2205 2111/3303/2204
f  2128/3327/2221 2111/3303/2204 2118/3313/2211 2132/3329/2225
f  2128/3323/2221 2132/3330/2225 2133/3331/2226 2129/3324/2222
f  2134/3332/2227 2135/3333/2228 2136/3334/2229 2137/3335/2230
f  2134/3332/2227 2137/3335/2230 1935/3062/2028 1934/3061/2027
f  2134/3332/2227 1934/3061/2027 1933/3060/2026 2138/3336/2231
f  2134/3332/2227 2138/3336/2231 2139/3337/2232 2135/3333/2228
f  2140/3338/2233 2141/3339/2234 2136/3334/2229 2135/3333/2228
f  2140/3338/2233 2135/3333/2228 2139/3337/2232 2142/3340/2235
f  2140/3338/2233 2142/3340/2235 2143/3341/2236 2144/3342/2237
f  2140/3338/2233 2144/3342/2237 2145/3343/2238 2141/3339/2234
f  2146/3344/2239 2147/3345/2240 2136/3334/2229 2141/3339/2234
f  2146/3344/2239 2141/3339/2234 2145/3343/2238 2148/3346/2241
f  2146/3344/2239 2148/3346/2241 2123/3318/2216 2122/3317/2215
f  2146/3344/2239 2122/3317/2215 2121/3316/2214 2147/3345/2240
f  2149/3347/2242 2137/3335/2230 2136/3334/2229 2147/3345/2240
f  2149/3347/2242 2147/3345/2240 2121/3316/2214 2150/3348/2243
f  2149/3347/2242 2150/3348/2243 1939/3068/2032 1938/3067/2031
f  2149/3347/2242 1938/3067/2031 1935/3062/2028 2137/3335/2230
f  2151/3349/2244 2152/3350/2245 2153/3351/2246 2154/3352/2247
f  2151/3353/2244 2154/3354/2247 2155/3355/2248 2156/3356/2249
f  2151/3353/2244 2156/3356/2249 2157/3357/2250 2158/3358/2251
f  2151/3349/2244 2158/3359/2251 2159/3360/2252 2152/3350/2245
f  2160/3361/2253 2161/3362/2254 2153/3351/2246 2152/3350/2245
f  2160/3361/2253 2152/3350/2245 2159/3360/2252 2162/3363/2255
f  2160/3361/2253 2162/3363/2255 1927/3364/2020 1926/3365/2019
f  2160/3361/2253 1926/3365/2019 1925/3366/2018 2161/3362/2254
f  2163/3367/2256 2164/3368/2257 2153/3351/2246 2161/3362/2254
f  2163/3367/2256 2161/3362/2254 1925/3366/2018 1945/3369/2038
f  2163/3367/2256 1945/3369/2038 1944/3370/2037 2165/3371/2258
f  2163/3367/2256 2165/3371/2258 2114/3308/2207 2164/3368/2257
f  2166/3372/2259 2154/3352/2247 2153/3351/2246 2164/3368/2257
f  2166/3372/2259 2164/3368/2257 2114/3308/2207 2113/3307/2206
f  2166/3373/2259 2113/3305/2206 2112/3304/2205 2167/3374/2260
f  2166/3373/2259 2167/3374/2260 2155/3355/2248 2154/3354/2247
f  2168/3375/2261 2169/3376/2262 2170/3377/2263 2171/3378/2264
f  2168/3375/2261 2171/3378/2264 2145/3379/2238 2144/3380/2237
f  2168/3375/2261 2144/3380/2237 2143/3381/2236 2172/3382/2265
f  2173/3383/2266 2169/3384/2267 2174/3385/2268 2175/3386/2269
f  2173/3387/2270 2176/3388/2271 2170/3377/2263 2169/3376/2262
f  2177/3389/2272 2178/3390/2273 2179/3391/2274 2180/3392/2275
f  2173/3393/2270 2178/3390/2276 2157/3357/2250 2156/3356/2249
f  2173/3393/2270 2156/3356/2249 2155/3355/2248 2176/3394/2271
f  2181/3395/2277 2182/3396/2278 2183/3397/2279 2184/3398/2280
f  2181/3399/2281 2176/3394/2271 2155/3355/2248 2167/3374/2260
f  2181/3399/2281 2167/3374/2260 2112/3304/2205 2131/3328/2224
f  2181/3400/2281 2131/3326/2224 2130/3325/2223 2182/3401/2282
f  2170/3402/2283 2176/3403/2284 2185/3404/2285 2186/3405/2286
f  2187/3406/2287 2182/3401/2282 2130/3325/2223 2188/3407/2288
f  2187/3406/2287 2188/3407/2288 2123/3408/2216 2148/3409/2241
f  2187/3406/2287 2148/3409/2241 2145/3379/2238 2171/3378/2264
f  2189/3410/2289 2190/3411/2290 2191/3412/2291 2192/3413/2292
f  2189/3410/2289 2192/3413/2292 2193/3414/2293 2194/3415/2294
f  2189/3410/2289 2194/3415/2294 1961/3126/2054 1985/3125/2078
f  2189/3410/2289 1985/3125/2078 1983/3123/2076 2190/3411/2290
f  2195/3416/2295 2196/3417/2296 2191/3412/2291 2190/3411/2290
f  2195/3416/2295 2190/3411/2290 1983/3123/2076 1982/3122/2075
f  2195/3418/2295 1982/3121/2075 1981/3120/2074 2197/3419/2297
f  2195/3418/2295 2197/3419/2297 2198/3420/2298 2196/3421/2296
f  2177/3422/2299 2199/3423/2300 2191/3412/2291 2196/3417/2296
f  2177/3389/2299 2196/3421/2296 2198/3420/2298 2200/3424/2301
f  2177/3389/2299 2200/3424/2301 2157/3357/2250 2178/3390/2276
f  2169/3384/2267 2168/3425/2302 2201/3426/2303 2174/3385/2268
f  2202/3427/2304 2192/3413/2292 2191/3412/2291 2199/3423/2300
f  2168/3428/2302 2172/3429/2305 2203/3430/2306 2201/3431/2303
f  2202/3427/2304 2172/3382/2265 2143/3381/2236 2204/3432/2307
f  2202/3427/2304 2204/3432/2307 2193/3414/2293 2192/3413/2292
f  2205/3433/2308 2206/3434/2309 2207/3435/2310 2208/3436/2311
f  2205/3437/2308 2208/3438/2311 2198/3420/2298 2197/3419/2297
f  2205/3437/2308 2197/3419/2297 1981/3120/2074 2103/3291/2196
f  2205/3433/2308 2103/3289/2196 2101/3287/2194 2206/3434/2309
f  2209/3439/2312 2210/3440/2313 2207/3435/2310 2206/3434/2309
f  2209/3439/2312 2206/3434/2309 2101/3287/2194 2100/3286/2193
f  2209/3439/2312 2100/3286/2193 1887/3285/1980 2211/3441/2314
f  2209/3439/2312 2211/3441/2314 2212/3442/2315 2210/3440/2313
f  2213/3443/2316 2214/3444/2317 2207/3435/2310 2210/3440/2313
f  2213/3443/2316 2210/3440/2313 2212/3442/2315 2215/3445/2318
f  2213/3443/2316 2215/3445/2318 1927/3364/2020 2162/3363/2255
f  2213/3443/2316 2162/3363/2255 2159/3360/2252 2214/3444/2317
f  2216/3446/2319 2208/3436/2311 2207/3435/2310 2214/3444/2317
f  2216/3446/2319 2214/3444/2317 2159/3360/2252 2158/3359/2251
f  2216/3447/2319 2158/3358/2251 2157/3357/2250 2200/3424/2301
f  2216/3447/2319 2200/3424/2301 2198/3420/2298 2208/3438/2311
f  2217/3448/2320 2218/3449/2321 2219/3450/2322 2220/3451/2323
f  2217/3448/2320 2220/3451/2323 2221/3452/2324 2222/3453/2325
f  2217/3448/2320 2222/3453/2325 1882/3000/1975 1965/3097/2058
f  2217/3448/2320 1965/3097/2058 1963/3095/2056 2218/3449/2321
f  2223/3454/2326 2224/3455/2327 2219/3450/2322 2218/3449/2321
f  2223/3454/2326 2218/3449/2321 1963/3095/2056 1962/3094/2055
f  2223/3454/2326 1962/3094/2055 1961/3093/2054 2194/3456/2294
f  2223/3454/2326 2194/3456/2294 2193/3457/2293 2224/3455/2327
f  2225/3458/2328 2226/3459/2329 2219/3450/2322 2224/3455/2327
f  2225/3458/2328 2224/3455/2327 2193/3457/2293 2204/3460/2307
f  2225/3458/2328 2204/3460/2307 2143/3341/2236 2142/3340/2235
f  2225/3458/2328 2142/3340/2235 2139/3337/2232 2226/3459/2329
f  2227/3461/2330 2220/3451/2323 2219/3450/2322 2226/3459/2329
f  2227/3461/2330 2226/3459/2329 2139/3337/2232 2138/3336/2231
f  2227/3461/2330 2138/3336/2231 1933/3060/2026 2228/3462/2331
f  2227/3461/2330 2228/3462/2331 2221/3452/2324 2220/3451/2323
f  2229/3463/2332 2230/3464/2333 2231/3465/2334 2232/3466/2335
f  2229/3463/2332 2232/3466/2335 2212/3467/2315 2211/3468/2314
f  2229/3463/2332 2211/3468/2314 1887/3006/1980 1886/3005/1979
f  2229/3463/2332 1886/3005/1979 1884/3003/1977 2230/3464/2333
f  2233/3469/2336 2234/3470/2337 2231/3471/2334 2230/3472/2333
f  2233/3473/2336 2230/3464/2333 1884/3003/1977 1883/3002/1976
f  2233/3474/2336 1883/3001/1976 1882/3000/1975 2222/3453/2325
f  2233/3474/2336 2222/3453/2325 2221/3452/2324 2234/3475/2337
f  2235/3476/2338 2236/3477/2339 2231/3471/2334 2234/3470/2337
f  2235/3476/2338 2234/3470/2337 2221/3478/2324 2228/3479/2331
f  2235/3476/2338 2228/3479/2331 1933/3480/2026 1932/3481/2025
f  2235/3476/2338 1932/3481/2025 1929/3482/2022 2236/3477/2339
f  2237/3483/2340 2232/3466/2335 2231/3465/2334 2236/3484/2339
f  2237/3483/2340 2236/3484/2339 1929/3054/2022 1928/3053/2021
f  2237/3483/2340 1928/3053/2021 1927/3052/2020 2215/3485/2318
f  2237/3483/2340 2215/3485/2318 2212/3467/2315 2232/3466/2335
f  2238/3486/2341 2239/3487/2342 2240/3488/2343 2241/3489/2344
f  2238/3486/2341 2241/3489/2344 2242/3490/2345 2243/3491/2346
f  2238/3486/2341 2243/3491/2346 778/1287/2347 777/1286/2348
f  2238/3486/2341 777/1286/2348 775/1284/2349 2239/3487/2342
f  2244/3492/2350 2245/3493/2351 2240/3488/2343 2239/3487/2342
f  2244/3492/2350 2239/3487/2342 775/1284/2349 774/1283/2352
f  2244/3492/2350 774/1283/2352 773/1282/879 834/3494/878
f  2244/3492/2350 834/3494/878 833/3495/877 2245/3493/2351
f  2246/3496/2353 2247/3497/2354 2248/3498/2355 2249/3499/2356
f  2246/3496/2353 2249/3499/2356 838/1381/887 837/1380/886
f  2246/3500/2353 837/3501/886 786/1295/885 815/1340/2357
f  2246/3500/2353 815/1340/2357 813/1337/2358 2247/3502/2354
f  2250/3503/2359 2251/3504/2360 2248/3505/2355 2247/3506/2354
f  2250/3507/2359 2247/3502/2354 813/1337/2358 809/1336/2361
f  2250/3503/2359 809/3508/2361 2252/3509/2362 2253/3510/2363
f  2250/3503/2359 2253/3510/2363 2254/3511/2364 2251/3504/2360
f  2255/3512/2365 2256/3513/2366 2257/3514/2367 2258/3515/2368
f  2255/3512/2365 2258/3515/2368 2259/3516/2369 2260/3517/2370
f  2255/3512/2365 2260/3517/2370 2261/3518/2371 2262/3519/2372
f  2255/3512/2365 2262/3519/2372 2263/3520/2373 2256/3513/2366
f  2264/3521/2374 2265/3522/2375 2266/3523/2376 2267/3524/2377
f  2264/3521/2374 2267/3524/2377 2268/3525/2378 2269/3526/2379
f  2264/3527/2374 2269/3528/2379 2270/3529/2380 2271/3530/2381
f  2264/3521/2374 2271/3531/2381 2272/3532/2382 2265/3522/2375
f  2273/3533/2383 2274/3534/2384 2275/3535/2385 2276/3536/2386
f  2273/3537/2387 2276/3538/2388 2277/3539/2389 2278/3540/2390
f  2273/3541/2387 2278/3542/2390 2279/3543/2391 2280/3544/2392
f  2273/3533/2383 2280/3545/2393 2281/3546/2394 2274/3534/2384
f  2282/3547/2395 2283/3548/2396 2284/3549/2397 2285/3550/2398
f  2282/3547/2395 2285/3550/2398 2286/3551/2399 2287/3552/2400
f  2282/3547/2395 2287/3552/2400 2288/3553/2401 2289/3554/2402
f  2282/3547/2395 2289/3554/2402 2290/3555/2403 2283/3548/2396
f  2291/3556/2404 2292/3557/2405 2293/3558/2406 2294/3559/2407
f  2291/3556/2404 2294/3559/2407 2275/3560/2385 2295/3561/2408
f  2291/3556/2404 2295/3561/2408 2268/3525/2378 2267/3524/2377
f  2291/3556/2404 2267/3524/2377 2266/3523/2376 2292/3557/2405
f  2296/3562/2409 2297/3563/2410 2293/3558/2406 2292/3557/2405
f  2296/3562/2409 2292/3557/2405 2266/3523/2376 2298/3564/2411
f  2296/3562/2409 2298/3564/2411 2299/3565/2412 2300/3566/2413
f  2296/3562/2409 2300/3566/2413 2301/3567/2414 2297/3563/2410
f  2302/3568/2415 2285/3550/2398 2284/3549/2397 2303/3569/2416
f  2302/3568/2415 2303/3569/2416 2304/3570/2417 2305/3571/2418
f  2302/3568/2415 2305/3571/2418 2306/3572/2419 2307/3573/2420
f  2302/3568/2415 2307/3573/2420 2286/3551/2399 2285/3550/2398
f  2308/3574/2421 2309/3575/2422 2310/3576/2423 2311/3577/2424
f  2308/3574/2421 2311/3577/2424 2312/3578/2425 2313/3579/2426
f  2308/3574/2421 2313/3579/2426 2314/3580/2427 2315/3581/2428
f  2308/3574/2421 2315/3581/2428 2316/3582/2429 2309/3575/2422
f  2317/3583/2430 2318/3584/2431 2288/3585/2401 2287/3586/2400
f  2317/3587/2430 2287/3552/2400 2286/3551/2399 2319/3588/2432
f  2317/3589/2430 2319/3590/2432 2320/3591/2433 2321/3592/2434
f  2317/3583/2430 2321/3593/2434 2322/3594/2435 2318/3584/2431
f  2323/3595/2436 2319/3588/2432 2286/3551/2399 2307/3573/2420
f  2323/3595/2436 2307/3573/2420 2306/3572/2419 2324/3596/2437
f  2323/3597/2436 2324/3598/2437 2325/3599/2438 2326/3600/2439
f  2323/3597/2436 2326/3600/2439 2320/3591/2433 2319/3590/2432
f  2327/3601/2440 2328/3602/2441 2299/3565/2412 2298/3564/2411
f  2327/3601/2440 2298/3564/2411 2266/3523/2376 2265/3522/2375
f  2327/3601/2440 2265/3522/2375 2272/3532/2382 2329/3603/2442
f  2327/3601/2440 2329/3603/2442 2330/3604/2443 2328/3602/2441
f  2331/3605/2444 2332/3606/2445 2290/3607/2403 2289/3608/2402
f  2331/3605/2444 2289/3608/2402 2288/3585/2401 2318/3584/2431
f  2331/3605/2444 2318/3584/2431 2322/3594/2435 2333/3609/2446
f  2331/3605/2444 2333/3609/2446 2334/3610/2447 2332/3606/2445
f  2125/3611/2218 2335/3612/2448 2336/3613/2449 2337/3614/2450
f  2117/3615/2210 2116/3616/2209 2338/3617/2451 2339/3618/2452
f  2335/3612/2448 2133/3619/2226 2340/3620/2453 2336/3613/2449
f  2116/3616/2209 2341/3621/2454 2342/3622/2455 2338/3617/2451
f  2133/3619/2226 2132/3623/2225 2343/3624/2456 2340/3620/2453
f  2341/3621/2454 2109/3625/2202 2344/3626/2457 2342/3622/2455
f  2132/3623/2225 2118/3627/2211 2345/3628/2458 2343/3624/2456
f  2109/3625/2202 2108/3629/2201 2346/3630/2459 2344/3626/2457
f  2347/3631/2460 2348/3632/2461 2349/3633/2462 2350/3634/2463
f  2108/3629/2201 2107/3635/2200 2351/3636/2464 2346/3630/2459
f  2348/3632/2461 2127/3637/2220 2352/3638/2465 2349/3633/2462
f  2107/3635/2200 2353/3639/2466 2354/3640/2467 2351/3636/2464
f  2127/3637/2220 2126/3641/2219 2355/3642/2468 2352/3638/2465
f  2353/3639/2466 2347/3631/2460 2350/3634/2463 2354/3640/2467
f  2118/3627/2211 2117/3615/2210 2339/3618/2452 2345/3628/2458
f  2126/3641/2219 2125/3611/2218 2337/3614/2450 2355/3642/2468
f  2356/3643/2469 2124/3644/2217 2123/3408/2216 2188/3407/2288
f  2356/3643/2469 2188/3407/2288 2130/3325/2223 2129/3324/2222
f  2356/3643/2469 2129/3324/2222 2133/3331/2226 2335/3645/2448
f  2356/3643/2469 2335/3645/2448 2125/3646/2218 2124/3644/2217
f  2357/3647/2470 2358/3648/2471 1939/3068/2032 2150/3348/2243
f  2357/3647/2470 2150/3348/2243 2121/3316/2214 2120/3315/2213
f  2357/3647/2470 2120/3315/2213 2127/3322/2220 2348/3649/2461
f  2357/3647/2470 2348/3649/2461 2347/3650/2460 2358/3648/2471
f  2359/3651/2472 2115/3309/2208 2114/3308/2207 2165/3371/2258
f  2359/3651/2472 2165/3371/2258 1944/3370/2037 2105/3652/2198
f  2359/3651/2472 2105/3652/2198 2109/3653/2202 2341/3654/2454
f  2359/3651/2472 2341/3654/2454 2116/3310/2209 2115/3309/2208
f  2360/3655/2473 2106/3297/2199 1941/3296/2034 1940/3656/2033
f  2360/3655/2473 1940/3656/2033 1939/3657/2032 2358/3658/2471
f  2360/3659/2473 2358/3648/2471 2347/3650/2460 2353/3660/2466
f  2360/3661/2473 2353/3662/2466 2107/3299/2200 2106/3298/2199
f  2361/3663/2474 2362/3664/2475 2363/3665/2476 2364/3666/2477
f  2361/3663/2474 2364/3666/2477 2261/3518/2371 2260/3517/2370
f  2361/3663/2474 2260/3517/2370 2259/3516/2369 2365/3667/2478
f  2361/3663/2474 2365/3667/2478 2366/3668/2479 2362/3664/2475
f  2367/3669/2480 2368/3670/2481 2369/3671/2482 2370/3672/2483
f  2367/3669/2480 2370/3672/2483 2371/3673/2484 2372/3674/2485
f  2367/3675/2480 2372/3676/2485 2373/3677/2486 2374/3678/2487
f  2367/3675/2480 2374/3678/2487 2375/3679/2488 2368/3680/2481
f  2376/3681/2489 2377/3682/2490 2369/3683/2482 2368/3684/2481
f  2376/3681/2489 2368/3684/2481 2375/3685/2488 2378/3686/2491
f  2376/3681/2489 2378/3686/2491 2379/3687/2492 2380/3688/2493
f  2376/3681/2489 2380/3688/2493 2381/3689/2494 2377/3682/2490
f  2382/3690/2495 2364/3691/2477 2363/3692/2476 2383/3693/2496
f  2382/3690/2495 2383/3693/2496 2384/3694/2497 2385/3695/2498
f  2382/3690/2495 2385/3695/2498 2386/3696/2499 2387/3697/2500
f  2382/3690/2495 2387/3697/2500 2261/3698/2371 2364/3691/2477
f  2388/3699/2501 2389/3700/2502 2390/3701/2503 2391/3702/2504
f  2388/3699/2501 2391/3702/2504 2392/3703/2505 2393/3704/2506
f  2388/3699/2501 2393/3704/2506 2386/3696/2499 2385/3695/2498
f  2388/3699/2501 2385/3695/2498 2384/3694/2497 2389/3700/2502
f  2394/3705/2507 2395/3706/2508 2396/3707/2509 2397/3708/2510
f  2394/3705/2507 2397/3708/2510 2381/3689/2494 2380/3688/2493
f  2394/3705/2507 2380/3688/2493 2379/3687/2492 2398/3709/2511
f  2394/3705/2507 2398/3709/2511 2399/3710/2512 2395/3706/2508
f  2400/3711/2513 2401/3712/2514 2402/3713/2515 2403/3714/2516
f  2400/3711/2513 2403/3714/2516 2404/3715/2517 2405/3716/2518
f  2400/3711/2513 2405/3716/2518 2270/3529/2380 2406/3717/2519
f  2400/3718/2513 2406/3719/2519 2281/3720/2394 2401/3721/2514
f  2407/3722/2520 2408/3723/2521 2409/3724/2522 2410/3725/2523
f  2407/3722/2520 2410/3725/2523 2334/3610/2447 2333/3609/2446
f  2407/3722/2520 2333/3609/2446 2322/3594/2435 2411/3726/2524
f  2407/3722/2520 2411/3726/2524 2412/3727/2525 2408/3723/2521
f  2413/3728/2526 2414/3729/2527 2415/3730/2528 2416/3731/2529
f  2413/3732/2526 2416/3733/2529 2412/3727/2525 2411/3726/2524
f  2413/3732/2526 2411/3726/2524 2322/3594/2435 2321/3593/2434
f  2413/3728/2526 2321/3592/2434 2320/3591/2433 2414/3729/2527
f  2417/3734/2530 2418/3735/2531 2415/3730/2528 2414/3729/2527
f  2417/3734/2530 2414/3729/2527 2320/3591/2433 2326/3600/2439
f  2417/3734/2530 2326/3600/2439 2325/3599/2438 2419/3736/2532
f  2417/3734/2530 2419/3736/2532 2420/3737/2533 2418/3735/2531
f  2421/3738/2534 2422/3739/2535 2312/3578/2425 2423/3740/2536
f  2421/3741/2534 2423/3742/2536 2399/3710/2512 2398/3709/2511
f  2421/3741/2534 2398/3709/2511 2379/3687/2492 2378/3686/2491
f  2421/3738/2534 2378/3743/2491 2375/3679/2488 2422/3739/2535
f  2424/3744/2537 2313/3579/2426 2312/3578/2425 2422/3739/2535
f  2424/3744/2537 2422/3739/2535 2375/3679/2488 2374/3678/2487
f  2424/3744/2537 2374/3678/2487 2373/3677/2486 2425/3745/2538
f  2424/3744/2537 2425/3745/2538 2314/3580/2427 2313/3579/2426
f  2426/3746/2539 2427/3747/2540 2310/3576/2423 2309/3575/2422
f  2426/3746/2539 2309/3575/2422 2316/3582/2429 2428/3748/2541
f  2426/3749/2539 2428/3750/2541 2330/3604/2443 2329/3603/2442
f  2426/3749/2539 2329/3603/2442 2272/3532/2382 2427/3751/2540
f  2429/3752/2542 2430/3753/2543 2310/3576/2423 2427/3747/2540
f  2429/3754/2542 2427/3751/2540 2272/3532/2382 2271/3531/2381
f  2429/3755/2542 2271/3530/2381 2270/3529/2380 2405/3716/2518
f  2429/3755/2542 2405/3716/2518 2404/3715/2517 2430/3756/2543
f  2431/3757/2544 2432/3758/2545 2433/3759/2546 2434/3760/2547
f  2431/3757/2544 2434/3760/2547 2392/3703/2505 2435/3761/2548
f  2431/3757/2544 2435/3761/2548 2412/3727/2525 2436/3762/2549
f  2431/3757/2544 2436/3762/2549 2437/3763/2550 2432/3758/2545
f  2438/3764/2551 2439/3765/2552 2440/3766/2553 2441/3767/2554
f  2438/3764/2551 2441/3767/2554 2442/3768/2555 2443/3769/2556
f  2438/3764/2551 2443/3769/2556 2242/3490/2345 2241/3489/2344
f  2438/3764/2551 2241/3489/2344 2240/3488/2343 2439/3765/2552
f  2444/3770/2557 2393/3704/2506 2392/3703/2505 2434/3760/2547
f  2444/3770/2557 2434/3760/2547 2433/3759/2546 2445/3771/2558
f  2444/3770/2557 2445/3771/2558 2446/3772/2559 2447/3773/2560
f  2444/3770/2557 2447/3773/2560 2386/3696/2499 2393/3704/2506
f  2448/3774/2561 2449/3775/2562 2437/3763/2550 2450/3776/2563
f  2448/3777/2561 2450/3778/2563 2440/3766/2553 2439/3765/2552
f  2448/3777/2561 2439/3765/2552 2240/3488/2343 2245/3493/2351
f  2448/3777/2561 2245/3493/2351 833/3495/877 2449/3779/2562
f  2451/3780/2564 2403/3714/2516 2402/3713/2515 2452/3781/2565
f  2451/3780/2564 2452/3781/2565 2396/3707/2509 2395/3706/2508
f  2451/3780/2564 2395/3706/2508 2399/3710/2512 2453/3782/2566
f  2451/3780/2564 2453/3782/2566 2404/3715/2517 2403/3714/2516
f  2454/3783/2567 2311/3577/2424 2310/3576/2423 2430/3753/2543
f  2454/3784/2567 2430/3756/2543 2404/3715/2517 2453/3782/2566
f  2454/3784/2567 2453/3782/2566 2399/3710/2512 2423/3742/2536
f  2454/3783/2567 2423/3740/2536 2312/3578/2425 2311/3577/2424
f  2455/3785/2568 2456/3786/2569 2415/3787/2528 2418/3788/2531
f  2455/3789/2568 2418/3735/2531 2420/3737/2533 2457/3790/2570
f  2455/3785/2568 2457/3791/2570 2442/3768/2555 2441/3767/2554
f  2455/3785/2568 2441/3767/2554 2440/3766/2553 2456/3786/2569
f  2458/3792/2571 2249/3499/2356 2248/3498/2355 2459/3793/2572
f  2458/3792/2571 2459/3793/2572 2263/3794/2373 2460/3795/2573
f  2458/3792/2571 2460/3795/2573 2446/3772/2559 2461/3796/2574
f  2458/3792/2571 2461/3796/2574 838/1381/887 2249/3499/2356
f  2462/3797/2575 2436/3762/2549 2412/3727/2525 2416/3733/2529
f  2462/3798/2575 2416/3799/2529 2415/3787/2528 2456/3786/2569
f  2462/3798/2575 2456/3786/2569 2440/3766/2553 2450/3778/2563
f  2462/3797/2575 2450/3776/2563 2437/3763/2550 2436/3762/2549
f  2463/3800/2576 2460/3795/2573 2263/3794/2373 2262/3801/2372
f  2463/3800/2576 2262/3801/2372 2261/3698/2371 2387/3697/2500
f  2463/3800/2576 2387/3697/2500 2386/3696/2499 2447/3773/2560
f  2463/3800/2576 2447/3773/2560 2446/3772/2559 2460/3795/2573
f  2464/3802/2577 2465/3803/2578 2409/3724/2522 2408/3723/2521
f  2464/3802/2577 2408/3723/2521 2412/3727/2525 2435/3761/2548
f  2464/3802/2577 2435/3761/2548 2392/3703/2505 2391/3702/2504
f  2464/3802/2577 2391/3702/2504 2390/3701/2503 2465/3803/2578
f  2466/3804/2579 2445/3771/2558 2433/3759/2546 2467/3805/2580
f  2466/3804/2579 2467/3805/2580 831/1372/875 836/1378/883
f  2466/3804/2579 836/1378/883 838/1381/887 2461/3796/2574
f  2466/3804/2579 2461/3796/2574 2446/3772/2559 2445/3771/2558
f  2468/3806/2581 832/1373/876 831/1372/875 2467/3805/2580
f  2468/3806/2581 2467/3805/2580 2433/3759/2546 2432/3758/2545
f  2468/3806/2581 2432/3758/2545 2437/3763/2550 2449/3775/2562
f  2468/3806/2581 2449/3775/2562 833/1374/877 832/1373/876
f  2469/3807/2582 2251/3504/2360 2254/3511/2364 2470/3808/2583
f  2469/3807/2582 2470/3808/2583 2257/3514/2367 2256/3513/2366
f  2469/3807/2582 2256/3513/2366 2263/3520/2373 2459/3809/2572
f  2469/3807/2582 2459/3809/2572 2248/3505/2355 2251/3504/2360
f  2471/3810/2584 2472/3811/2585 2473/3812/2586 2474/3813/2587
f  2471/3810/2584 2474/3813/2587 2409/3724/2522 2465/3803/2578
f  2471/3810/2584 2465/3803/2578 2390/3701/2503 2475/3814/2588
f  2471/3810/2584 2475/3814/2588 2476/3815/2589 2472/3811/2585
f  2477/3816/2590 2474/3813/2587 2473/3812/2586 2478/3817/2591
f  2477/3816/2590 2478/3817/2591 2279/3543/2391 2479/3818/2592
f  2477/3816/2590 2479/3818/2592 2334/3610/2447 2410/3725/2523
f  2477/3816/2590 2410/3725/2523 2409/3724/2522 2474/3813/2587
f  2480/3819/2593 2481/3820/2594 2476/3815/2589 2475/3814/2588
f  2480/3819/2593 2475/3814/2588 2390/3701/2503 2389/3700/2502
f  2480/3819/2593 2389/3700/2502 2384/3694/2497 2482/3821/2595
f  2480/3819/2593 2482/3821/2595 2483/3822/2596 2481/3820/2594
f  2484/3823/2597 2485/3824/2598 2486/3825/2599 2487/3826/2600
f  2484/3823/2597 2487/3826/2600 2483/3822/2596 2482/3821/2595
f  2484/3823/2597 2482/3821/2595 2384/3694/2497 2383/3693/2496
f  2484/3823/2597 2383/3693/2496 2363/3692/2476 2485/3824/2598
f  2488/3827/2601 2489/3828/2602 2486/3829/2599 2485/3830/2598
f  2488/3827/2601 2485/3830/2598 2363/3665/2476 2362/3664/2475
f  2488/3827/2601 2362/3664/2475 2366/3668/2479 2490/3831/2603
f  2488/3827/2601 2490/3831/2603 2491/3832/2604 2489/3828/2602
f  2492/3833/2605 2278/3540/2390 2277/3539/2389 2493/3834/2606
f  2492/3835/2605 2493/3836/2606 2290/3607/2403 2332/3606/2445
f  2492/3835/2605 2332/3606/2445 2334/3610/2447 2479/3818/2592
f  2492/3835/2605 2479/3818/2592 2279/3543/2391 2278/3542/2390
f  2494/3837/2607 2495/3838/2608 2496/3839/2609 2497/3840/2610
f  2494/3837/2607 2497/3840/2610 2498/3841/2611 2499/3842/2612
f  2494/3837/2607 2499/3842/2612 2304/3570/2417 2303/3569/2416
f  2494/3837/2607 2303/3569/2416 2284/3549/2397 2495/3838/2608
f  2500/3843/2613 2501/3844/2614 2496/3839/2609 2495/3838/2608
f  2500/3843/2613 2495/3838/2608 2284/3549/2397 2283/3548/2396
f  2500/3843/2613 2283/3548/2396 2290/3555/2403 2493/3834/2606
f  2500/3843/2613 2493/3834/2606 2277/3539/2389 2501/3844/2614
f  2502/3845/2615 2503/3846/2616 2473/3812/2586 2472/3811/2585
f  2502/3845/2615 2472/3811/2585 2476/3815/2589 2504/3847/2617
f  2502/3845/2618 2504/3847/2619 2396/3707/2509 2452/3781/2565
f  2502/3845/2618 2452/3781/2565 2402/3713/2515 2503/3846/2620
f  2505/3848/2621 2478/3817/2591 2473/3812/2586 2503/3846/2616
f  2505/3848/2622 2503/3846/2620 2402/3713/2515 2401/3712/2514
f  2505/3849/2622 2401/3721/2514 2281/3720/2394 2280/3850/2393
f  2505/3848/2621 2280/3544/2392 2279/3543/2391 2478/3817/2591
f  2506/3851/2623 2504/3847/2617 2476/3815/2589 2481/3820/2594
f  2506/3851/2623 2481/3820/2594 2483/3822/2596 2507/3852/2624
f  2506/3851/2625 2507/3852/2626 2381/3689/2494 2397/3708/2510
f  2506/3851/2625 2397/3708/2510 2396/3707/2509 2504/3847/2619
f  2508/3853/2627 2487/3826/2600 2486/3825/2599 2509/3854/2628
f  2508/3853/2629 2509/3854/2630 2369/3683/2482 2377/3682/2490
f  2508/3853/2629 2377/3682/2490 2381/3689/2494 2507/3852/2626
f  2508/3853/2627 2507/3852/2624 2483/3822/2596 2487/3826/2600
f  2510/3855/2631 2509/3856/2628 2486/3857/2599 2489/3858/2602
f  2510/3855/2631 2489/3858/2602 2491/3859/2604 2511/3860/2632
f  2510/3861/2633 2511/3862/2634 2371/3673/2484 2370/3672/2483
f  2510/3855/2633 2370/3863/2483 2369/3864/2482 2509/3856/2630
f  2512/3865/2635 2497/3840/2610 2496/3839/2609 2513/3866/2636
f  2512/3867/2637 2513/3868/2638 2293/3869/2406 2297/3870/2410
f  2512/3867/2637 2297/3870/2410 2301/3871/2414 2514/3872/2639
f  2512/3865/2635 2514/3873/2640 2498/3841/2611 2497/3840/2610
f  2515/3874/2641 2513/3866/2636 2496/3839/2609 2501/3844/2614
f  2515/3874/2641 2501/3844/2614 2277/3539/2389 2276/3538/2388
f  2515/3875/2642 2276/3536/2386 2275/3535/2385 2294/3876/2407
f  2515/3875/2642 2294/3876/2407 2293/3869/2406 2513/3868/2638
f  2516/3877/2643 2269/3526/2379 2268/3525/2378 2295/3561/2408
f  2516/3877/2643 2295/3561/2408 2275/3560/2385 2274/3878/2384
f  2516/3879/2643 2274/3880/2384 2281/3881/2394 2406/3882/2519
f  2516/3877/2643 2406/3883/2519 2270/3884/2380 2269/3526/2379
f  2344/3885/2644 2346/3886/2645 2517/3887/2646 2518/3888/2647
f  2350/3889/2648 2349/3890/2649 2519/3891/2650 2520/3892/2651
f  2346/3886/2645 2351/3893/2652 2521/3894/2653 2517/3887/2646
f  2349/3890/2649 2352/3895/2654 2522/3896/2655 2519/3891/2650
f  2351/3897/2652 2354/3898/2656 2523/3899/2657 2521/3900/2653
f  2352/3895/2654 2355/3901/2658 2524/3902/2659 2522/3896/2655
f  2354/3898/2656 2350/3903/2648 2520/3904/2651 2523/3899/2657
f  2345/3905/2660 2339/3906/2661 2525/3907/2662 2526/3908/2663
f  2355/3901/2658 2337/3909/2664 2527/3910/2665 2524/3902/2659
f  2337/3911/2664 2336/3912/2666 2528/3913/2667 2527/3914/2665
f  2339/3906/2661 2338/3915/2668 2529/3916/2669 2525/3907/2662
f  2336/3912/2666 2340/3917/2670 2530/3918/2671 2528/3913/2667
f  2338/3915/2668 2342/3919/2672 2531/3920/2673 2529/3916/2669
f  2340/3917/2670 2343/3921/2674 2532/3922/2675 2530/3918/2671
f  2342/3919/2672 2344/3923/2644 2518/3924/2647 2531/3920/2673
f  2343/3925/2674 2345/3905/2660 2526/3908/2663 2532/3926/2675
f  2523/3927/2657 2520/3892/2651 2533/3928/2676 2534/3929/2677
f  2526/3908/2663 2525/3907/2662 2535/3930/2678 2536/3931/2679
f  2524/3902/2659 2527/3910/2665 2537/3932/2680 2538/3933/2681
f  2527/3914/2665 2528/3913/2667 2539/3934/2682 2537/3935/2680
f  2525/3907/2662 2529/3916/2669 2540/3936/2683 2535/3930/2678
f  2528/3913/2667 2530/3918/2671 2541/3937/2684 2539/3934/2682
f  2529/3916/2669 2531/3920/2673 2542/3938/2685 2540/3936/2683
f  2530/3918/2671 2532/3922/2675 2543/3939/2686 2541/3937/2684
f  2531/3920/2673 2518/3924/2647 2544/3940/2687 2542/3938/2685
f  2532/3926/2675 2526/3908/2663 2536/3931/2679 2543/3941/2686
f  2518/3942/2647 2517/3943/2646 2545/3944/2688 2544/3945/2687
f  2520/3892/2651 2519/3891/2650 2546/3946/2689 2533/3928/2676
f  2517/3943/2646 2521/3947/2653 2547/3948/2690 2545/3944/2688
f  2519/3891/2650 2522/3896/2655 2548/3949/2691 2546/3946/2689
f  2521/3950/2653 2523/3951/2657 2534/3952/2677 2547/3953/2690
f  2522/3896/2655 2524/3902/2659 2538/3933/2681 2548/3949/2691
f  2540/3936/2692 2542/3938/2693 2549/3954/2694 2550/3955/2695
f  2541/3937/2696 2543/3939/2697 2551/3956/2698 2552/3957/2699
f  2542/3938/2693 2544/3940/2700 2553/3958/2701 2549/3954/2694
f  2543/3941/2697 2536/3931/2702 2554/3959/2703 2551/3960/2698
f  2544/3945/2700 2545/3944/2704 2555/3961/2705 2553/3962/2701
f  2533/3928/2706 2546/3946/2707 2556/3963/2708 2557/3964/2709
f  2545/3944/2704 2547/3948/2710 2558/3965/2711 2555/3961/2705
f  2546/3946/2707 2548/3949/2712 2559/3966/2713 2556/3963/2708
f  2547/3953/2710 2534/3952/2714 2560/3967/2715 2558/3968/2711
f  2548/3949/2712 2538/3933/2716 2561/3969/2717 2559/3966/2713
f  2534/3929/2714 2533/3928/2706 2557/3964/2709 2560/3970/2715
f  2536/3931/2702 2535/3930/2718 2562/3971/2719 2554/3959/2703
f  2538/3933/2716 2537/3932/2720 2563/3972/2721 2561/3969/2717
f  2537/3935/2720 2539/3934/2722 2564/3973/2723 2563/3974/2721
f  2535/3930/2718 2540/3936/2692 2550/3955/2695 2562/3971/2719
f  2539/3934/2722 2541/3937/2696 2552/3957/2699 2564/3973/2723
f  2557/3964/2709 2556/3963/2708 2565/3975/2724 2566/3976/2725
f  2555/3961/2705 2558/3965/2711 2567/3977/2726 2568/3978/2727
f  2556/3963/2708 2559/3966/2713 2569/3979/2728 2565/3975/2724
f  2558/3968/2711 2560/3967/2715 2570/3980/2729 2567/3981/2726
f  2559/3966/2713 2561/3969/2717 2571/3982/2730 2569/3979/2728
f  2560/3970/2715 2557/3964/2709 2566/3976/2725 2570/3983/2729
f  2554/3959/2703 2562/3971/2719 2572/3984/2731 2573/3985/2732
f  2561/3969/2717 2563/3972/2721 2574/3986/2733 2571/3982/2730
f  2563/3974/2721 2564/3973/2723 2575/3987/2734 2574/3988/2733
f  2562/3971/2719 2550/3955/2695 2576/3989/2735 2572/3984/2731
f  2564/3973/2723 2552/3957/2699 2577/3990/2736 2575/3987/2734
f  2550/3955/2695 2549/3954/2694 2578/3991/2737 2576/3989/2735
f  2552/3957/2699 2551/3956/2698 2579/3992/2738 2577/3990/2736
f  2549/3954/2694 2553/3958/2701 2580/3993/2739 2578/3991/2737
f  2551/3960/2698 2554/3959/2703 2573/3985/2732 2579/3994/2738
f  2553/3962/2701 2555/3961/2705 2568/3978/2727 2580/3995/2739
f  2569/3979/2728 2571/3982/2730 2581/3996/2740 2582/3997/2741
f  2570/3983/2729 2566/3976/2725 2583/3998/2742 2584/3999/2743
f  2573/3985/2732 2572/3984/2731 2585/4000/2744 2586/4001/2745
f  2571/3982/2730 2574/3986/2733 2587/4002/2746 2581/3996/2740
f  2574/3988/2733 2575/3987/2734 2588/4003/2747 2587/4004/2746
f  2572/3984/2731 2576/3989/2735 2589/4005/2748 2585/4000/2744
f  2575/3987/2734 2577/3990/2736 2590/4006/2749 2588/4003/2747
f  2576/3989/2735 2578/3991/2737 2591/4007/2750 2589/4005/2748
f  2577/3990/2736 2579/3992/2738 2592/4008/2751 2590/4006/2749
f  2578/3991/2737 2580/3993/2739 2593/4009/2752 2591/4007/2750
f  2579/3994/2738 2573/3985/2732 2586/4001/2745 2592/4010/2751
f  2580/3995/2739 2568/3978/2727 2594/4011/2753 2593/4012/2752
f  2566/3976/2725 2565/3975/2724 2595/4013/2754 2583/3998/2742
f  2568/3978/2727 2567/3977/2726 2596/4014/2755 2594/4011/2753
f  2565/3975/2724 2569/3979/2728 2582/3997/2741 2595/4013/2754
f  2567/3981/2726 2570/3980/2729 2584/4015/2743 2596/4016/2755
f  2588/4017/2747 2590/4018/2749 2597/4019/2756 2598/4020/2757
f  2589/4021/2748 2591/4022/2750 2599/4023/2758 2600/4024/2759
f  2590/4018/2749 2592/4025/2751 2601/4026/2760 2597/4019/2756
f  2591/4022/2750 2593/4027/2752 2602/4028/2761 2599/4023/2758
f  2592/4025/2751 2586/4029/2745 2603/4030/2762 2601/4026/2760
f  2593/4027/2752 2594/4031/2753 2604/4032/2763 2602/4028/2761
f  2583/4033/2742 2595/4034/2754 2605/4035/2764 2606/4036/2765
f  2594/4031/2753 2596/4037/2755 2607/4038/2766 2604/4032/2763
f  2595/4034/2754 2582/4039/2741 2608/4040/2767 2605/4035/2764
f  2596/4037/2755 2584/4041/2743 2609/4042/2768 2607/4038/2766
f  2582/4039/2741 2581/4043/2740 2610/4044/2769 2608/4040/2767
f  2584/4041/2743 2583/4033/2742 2606/4036/2765 2609/4042/2768
f  2586/4029/2745 2585/4045/2744 2611/4046/2770 2603/4030/2762
f  2581/4043/2740 2587/4047/2746 2612/4048/2771 2610/4044/2769
f  2587/4047/2746 2588/4017/2747 2598/4020/2757 2612/4048/2771
f  2585/4045/2744 2589/4021/2748 2600/4024/2759 2611/4046/2770
f  2613/4049/2772 2614/4050/2773 2615/4051/2774 2616/4052/2775
f  2613/4049/2772 2616/4052/2775 2600/4024/2759 2599/4023/2758
f  2613/4049/2772 2599/4023/2758 2602/4028/2761 2604/4032/2763
f  2613/4049/2772 2604/4032/2763 2607/4038/2766 2614/4050/2773
f  2617/4053/2776 2618/4054/2777 2615/4051/2774 2614/4050/2773
f  2617/4053/2776 2614/4050/2773 2607/4038/2766 2609/4042/2768
f  2617/4053/2776 2609/4042/2768 2606/4036/2765 2605/4035/2764
f  2617/4053/2776 2605/4035/2764 2608/4040/2767 2618/4054/2777
f  2619/4055/2778 2620/4056/2779 2615/4051/2774 2618/4054/2777
f  2619/4055/2778 2618/4054/2777 2608/4040/2767 2610/4044/2769
f  2619/4055/2778 2610/4044/2769 2612/4048/2771 2598/4020/2757
f  2619/4055/2778 2598/4020/2757 2597/4019/2756 2620/4056/2779
f  2621/4057/2780 2616/4052/2775 2615/4051/2774 2620/4056/2779
f  2621/4057/2780 2620/4056/2779 2597/4019/2756 2601/4026/2760
f  2621/4057/2780 2601/4026/2760 2603/4030/2762 2611/4046/2770
f  2621/4057/2780 2611/4046/2770 2600/4024/2759 2616/4052/2775
f  2622/4058/2781 2623/4059/2782 2624/4060/2783 2625/4061/2784
f  2622/4062/2781 2625/4063/2784 2626/4064/2785 2627/4065/2786
f  2622/4062/2781 2627/4065/2786 2628/4066/2787 2629/4067/2788
f  2630/4068/2789 2629/4067/2788 2628/4066/2787 2631/4069/2790
f  2630/4068/2789 2631/4069/2790 2632/4070/2791 2633/4071/2792
f  2634/4072/2793 2635/4073/2794 2636/4074/2795 2637/4075/2796
f  2634/4072/2793 2637/4075/2796 2624/4060/2783 2623/4059/2782
f  2638/4076/2797 2639/4077/2798 2640/4078/2799 2641/4079/2800
f  2638/4076/2797 2641/4079/2800 2642/4080/2801 2643/4081/2802
f  2638/4076/2797 2643/4081/2802 2644/4082/2803 2645/4083/2804
f  2638/4076/2797 2645/4083/2804 2646/4084/2805 2639/4077/2798
f  2647/4085/2806 2648/4086/2807 2640/4078/2799 2639/4077/2798
f  2647/4085/2806 2639/4077/2798 2646/4084/2805 2649/4087/2808
f  2647/4085/2806 2649/4087/2808 2650/4088/2809 2651/4089/2810
f  2647/4085/2806 2651/4089/2810 2652/4090/2811 2648/4086/2807
f  2653/4091/2812 2654/4092/2813 2640/4078/2799 2648/4086/2807
f  2653/4091/2812 2648/4086/2807 2652/4090/2811 2655/4093/2814
f  2653/4091/2812 2655/4093/2814 2656/4094/2815 2657/4095/2816
f  2653/4091/2812 2657/4095/2816 2658/4096/2817 2654/4092/2813
f  2659/4097/2818 2641/4079/2800 2640/4078/2799 2654/4092/2813
f  2659/4097/2818 2654/4092/2813 2658/4096/2817 2660/4098/2819
f  2659/4097/2818 2660/4098/2819 2661/4099/2820 2662/4100/2821
f  2659/4097/2818 2662/4100/2821 2642/4080/2801 2641/4079/2800
f  2663/4101/2822 2664/4102/2823 2665/4103/2824 2666/4104/2825
f  2663/4101/2822 2666/4104/2825 2667/4105/2826 2668/4106/2827
f  2663/4101/2822 2668/4106/2827 2626/4107/2785 2625/4061/2784
f  2663/4101/2822 2625/4061/2784 2624/4060/2783 2664/4102/2823
f  2669/4108/2828 2670/4109/2829 2665/4103/2824 2664/4102/2823
f  2669/4108/2828 2664/4102/2823 2624/4060/2783 2637/4075/2796
f  2669/4110/2828 2637/4111/2796 2636/4112/2795 2671/4113/2830
f  2669/4114/2828 2671/4115/2830 2672/4116/2831 2670/4117/2829
f  2673/4118/2832 2674/4119/2833 2665/4103/2824 2670/4109/2829
f  2673/4120/2832 2670/4117/2829 2672/4116/2831 2675/4121/2834
f  2673/4122/2832 2675/4123/2834 2650/4088/2809 2649/4087/2808
f  2673/4122/2832 2649/4087/2808 2646/4084/2805 2674/4124/2833
f  2676/4125/2835 2666/4104/2825 2665/4103/2824 2674/4119/2833
f  2676/4126/2835 2674/4124/2833 2646/4084/2805 2645/4083/2804
f  2676/4126/2835 2645/4083/2804 2644/4082/2803 2677/4127/2836
f  2676/4126/2835 2677/4127/2836 2667/4128/2826 2666/4129/2825
f  2678/4130/2837 2679/4131/2838 2680/4132/2839 2681/4133/2840
f  2678/4130/2837 2681/4133/2840 2682/4134/2841 2683/4135/2842
f  2678/4130/2837 2683/4135/2842 2684/4136/2843 2685/4137/2844
f  2678/4130/2837 2685/4137/2844 2686/4138/2845 2679/4131/2838
f  2687/4139/2846 2688/4140/2847 2680/4132/2839 2679/4131/2838
f  2687/4139/2846 2679/4131/2838 2686/4138/2845 2633/4141/2792
f  2687/4142/2846 2633/4071/2792 2632/4070/2791 2689/4143/2848
f  2687/4142/2846 2689/4143/2848 2690/4144/2849 2688/4145/2847
f  2691/4146/2850 2692/4147/2851 2680/4132/2839 2688/4140/2847
f  2691/4146/2850 2688/4140/2847 2690/4148/2849 2693/4149/2852
f  2691/4150/2850 2693/4151/2852 2661/4099/2820 2660/4098/2819
f  2691/4146/2850 2660/4152/2819 2658/4153/2817 2692/4147/2851
f  2694/4154/2853 2681/4133/2840 2680/4132/2839 2692/4147/2851
f  2694/4154/2853 2692/4147/2851 2658/4153/2817 2657/4155/2816
f  2694/4154/2853 2657/4155/2816 2656/4156/2815 2695/4157/2854
f  2694/4154/2853 2695/4157/2854 2682/4134/2841 2681/4133/2840
f  2696/4158/2855 2697/4159/2856 2698/4160/2857 2699/4161/2858
f  2696/4158/2855 2699/4161/2858 2690/4144/2849 2689/4143/2848
f  2696/4158/2855 2689/4143/2848 2632/4070/2791 2631/4069/2790
f  2696/4158/2855 2631/4069/2790 2628/4066/2787 2697/4159/2856
f  2700/4162/2859 2701/4163/2860 2698/4160/2857 2697/4159/2856
f  2700/4162/2859 2697/4159/2856 2628/4066/2787 2627/4065/2786
f  2700/4162/2859 2627/4065/2786 2626/4064/2785 2668/4164/2827
f  2700/4162/2859 2668/4164/2827 2667/4165/2826 2701/4163/2860
f  2702/4166/2861 2703/4167/2862 2698/4160/2857 2701/4163/2860
f  2702/4168/2861 2701/4169/2860 2667/4128/2826 2677/4127/2836
f  2702/4168/2861 2677/4127/2836 2644/4082/2803 2643/4081/2802
f  2702/4168/2861 2643/4081/2802 2642/4080/2801 2703/4170/2862
f  2704/4171/2863 2699/4161/2858 2698/4160/2857 2703/4167/2862
f  2704/4172/2863 2703/4170/2862 2642/4080/2801 2662/4100/2821
f  2704/4172/2863 2662/4100/2821 2661/4099/2820 2693/4151/2852
f  2704/4171/2863 2693/4173/2852 2690/4144/2849 2699/4161/2858
f  2705/4174/2864 2706/4175/2865 2707/4176/2866 2708/4177/2867
f  2705/4174/2864 2708/4177/2867 2672/4116/2831 2671/4115/2830
f  2705/4174/2864 2671/4115/2830 2636/4178/2795 2635/4179/2794
f  2705/4174/2864 2635/4179/2794 2709/4180/2868 2706/4175/2865
f  2710/4181/2869 2711/4182/2870 2707/4176/2866 2706/4175/2865
f  2710/4181/2869 2706/4175/2865 2709/4180/2868 2712/4183/2871
f  2710/4181/2869 2712/4183/2871 2684/4184/2843 2683/4185/2842
f  2710/4181/2869 2683/4185/2842 2682/4186/2841 2711/4182/2870
f  2713/4187/2872 2714/4188/2873 2707/4176/2866 2711/4182/2870
f  2713/4187/2872 2711/4182/2870 2682/4186/2841 2695/4189/2854
f  2713/4187/2872 2695/4189/2854 2656/4190/2815 2655/4191/2814
f  2713/4187/2872 2655/4191/2814 2652/4192/2811 2714/4188/2873
f  2715/4193/2874 2708/4177/2867 2707/4176/2866 2714/4188/2873
f  2715/4193/2874 2714/4188/2873 2652/4192/2811 2651/4194/2810
f  2715/4193/2874 2651/4194/2810 2650/4195/2809 2675/4121/2834
f  2715/4193/2874 2675/4121/2834 2672/4116/2831 2708/4177/2867
f  2716/4196/2875 2717/4197/2876 2718/4198/2876 2719/4199/2877
f  2720/4200/2878 2716/4196/2875 2719/4199/2877 2721/4201/2879
f  2717/4197/2876 2722/4202/2880 2723/4203/2881 2718/4198/2876
f  2724/4204/2882 2725/4205/2883 2726/4206/2884 2727/4207/2885
f  2725/4205/2883 2728/4208/2886 2729/4209/2886 2726/4206/2884
f  2722/4202/2880 2724/4204/2882 2727/4207/2885 2723/4203/2881
f  2730/4210/2887 2731/4211/2888 2732/4212/2889 2733/4213/2890
f  2731/4211/2888 2720/4200/2878 2721/4201/2879 2732/4212/2889
f  2734/4214/2891 2735/4215/2892 2736/4216/2893 2737/4217/2894
f  2737/4217/2894 2736/4216/2893 2738/4218/2895 2739/4219/2896
f  2739/4219/2896 2738/4218/2895 2740/4220/2897 2741/4221/2898
f  2741/4222/2898 2740/4223/2897 2742/4224/2899 2743/4225/2900
f  2743/4225/2900 2742/4224/2899 2744/4226/2901 2745/4227/2902
f  2745/4227/2902 2744/4226/2901 2746/4228/2903 2747/4229/2904
f  2747/4229/2904 2746/4228/2903 2748/4230/2905 2749/4231/2906
f  2749/4232/2906 2748/4233/2905 2750/4234/2907 2751/4235/2908
f  2751/4235/2908 2750/4234/2907 2752/4236/2909 2753/4237/2910
f  2753/4237/2910 2752/4236/2909 2754/4238/2911 2755/4239/2912
f  2755/4239/2912 2754/4238/2911 2756/4240/2913 2757/4241/2914
f  2757/4242/2914 2756/4243/2913 2758/4244/2915 2759/4245/2916
f  2759/4245/2916 2758/4244/2915 2760/4246/2917 2761/4247/2918
f  2761/4247/2918 2760/4246/2917 2762/4248/2919 2763/4249/2920
f  2763/4250/2920 2762/4251/2919 2764/4252/2921 2765/4253/2922
f  2765/4253/2922 2764/4252/2921 2766/4254/2923 2767/4255/2924
f  2736/4256/2925 2735/4257/2925 2768/4258/2925 2766/4259/2925 2764/4260/2925 2762/4261/2925 2760/4262/2925 2758/4263/2925 2756/4264/2925 2754/4265/2925 2752/4266/2925 2750/4267/2925 2748/4268/2925 2746/4269/2925 2744/4270/2925 2742/4271/2925 2740/4272/2925 2738/4273/2925
f  2767/4274/2924 2766/4275/2923 2768/4276/2926 2769/4277/2927
f  2769/4277/2927 2768/4276/2926 2735/4215/2892 2734/4214/2891
f  2770/4278/2928 2769/4277/2927 2734/4214/2891 2771/4279/2929
f  2772/4280/2930 2767/4274/2924 2769/4277/2927 2770/4278/2928
f  2773/4281/2931 2765/4253/2922 2767/4255/2924 2772/4282/2930
f  2774/4283/2932 2763/4250/2920 2765/4253/2922 2773/4281/2931
f  2775/4284/2933 2761/4247/2918 2763/4249/2920 2774/4285/2932
f  2776/4286/2934 2759/4245/2916 2761/4247/2918 2775/4284/2933
f  2777/4287/2935 2757/4242/2914 2759/4245/2916 2776/4286/2934
f  2778/4288/2936 2755/4239/2912 2757/4241/2914 2777/4289/2935
f  2779/4290/2937 2753/4237/2910 2755/4239/2912 2778/4288/2936
f  2780/4291/2938 2751/4235/2908 2753/4237/2910 2779/4290/2937
f  2781/4292/2939 2749/4232/2906 2751/4235/2908 2780/4291/2938
f  2782/4293/2940 2747/4294/2904 2749/4232/2906 2781/4292/2939
f  2783/4295/2941 2745/4227/2902 2747/4229/2904 2782/4296/2940
f  2784/4297/2942 2743/4225/2900 2745/4227/2902 2783/4295/2941
f  2785/4298/2943 2741/4222/2898 2743/4225/2900 2784/4297/2942
f  2786/4299/2944 2739/4219/2896 2741/4221/2898 2785/4300/2943
f  2787/4301/2945 2737/4217/2894 2739/4219/2896 2786/4299/2944
f  2771/4279/2929 2734/4214/2891 2737/4217/2894 2787/4301/2945
f  2201/4302/2303 2203/4303/2306 2788/4304/2946 2174/4305/2268
f  2175/4306/2269 2174/4305/2268 2788/4304/2946 2179/4307/2274
f  2184/4308/2280 2183/4309/2279 2186/4310/2286 2185/4311/2285
f  2789/4312/2947 2790/4313/2948 2186/4310/2286 2183/4309/2279
f  2180/4314/2275 2179/4307/2274 2788/4304/2946 2791/4315/2949
f  2792/4316/2950 2791/4315/2949 2788/4304/2946 2203/4303/2306
f  2182/3396/2278 2187/4317/2951 2789/4318/2947 2183/3397/2279
f  2199/4319/2952 2177/4320/2272 2180/4321/2275 2791/4322/2949
f  2178/3390/2273 2173/3393/2266 2175/4323/2269 2179/3391/2274
f  2202/4324/2953 2199/4319/2952 2791/4322/2949 2792/4325/2950
f  2172/3429/2305 2202/4326/2953 2792/4327/2950 2203/3430/2306
f  2171/4328/2954 2170/3402/2283 2186/3405/2286 2790/4329/2948
f  2187/4330/2951 2171/4331/2954 2790/4332/2948 2789/4333/2947
f  2176/3394/2284 2181/3399/2277 2184/4334/2280 2185/4335/2285
f  984/4336/1036 2793/4337/2955 2794/4338/2956 2795/4339/2957
f  984/4336/1036 2795/4339/2957 2796/4340/2958 811/4341/854
f  812/4342/855 811/4341/854 2796/4340/2958 2797/4343/2959
f  812/4342/855 2797/4343/2959 2798/4344/2960 2799/4345/2961
f  2800/4346/2962 2799/4345/2961 2798/4344/2960 2801/4347/2963
f  2800/4346/2962 2801/4347/2963 2802/4348/2964 2803/4349/2965
f  810/4350/851 2803/4349/2965 2802/4348/2964 2804/4351/2966
f  810/4352/851 2804/4353/2966 2252/4354/2967 809/4355/849
f  633/4356/673 983/4357/1034 2805/4358/2968 2806/4359/2969
f  633/4356/673 2806/4359/2969 2807/4360/2970 634/4361/674
f  2808/4362/2971 634/4361/674 2807/4360/2970 2809/4363/2972
f  2808/4362/2971 2809/4363/2972 2794/4338/2956 2793/4337/2955
f  635/4364/2973 629/1332/852 812/1335/855 2799/4365/2961
f  679/4366/719 678/4367/718 2805/4368/2968 983/4369/1034
f  981/4370/2974 631/1113/671 634/1116/674 2808/4371/2971
f  805/4372/2975 635/4364/2973 2799/4365/2961 2800/4373/2962
f  623/1594/1035 628/4374/2976 2793/4375/2955 984/1595/1036
f  628/4374/2976 981/4370/2974 2808/4371/2971 2793/4375/2955
f  806/4376/2977 805/4372/2975 2800/4373/2962 2803/4377/2965
f  807/1330/850 806/4376/2977 2803/4377/2965 810/1331/851
f  2810/4378/2978 2811/4379/2978 2812/4380/2978 2813/4381/2978 2814/4382/2978 2815/4383/2978 2816/4384/2978 2817/4385/2978 2818/4386/2978 2819/4387/2978 2820/4388/2978 2821/4389/2978 2822/4390/2978 2823/4391/2978 2824/4392/2978 2825/4393/2978 2826/4394/2978 2827/4395/2978
f  2810/4396/2979 2771/4279/2929 2787/4301/2945 2811/4397/2980
f  2811/4397/2980 2787/4301/2945 2786/4299/2944 2812/4398/2981
f  2812/4398/2981 2786/4299/2944 2785/4300/2943 2813/4399/2982
f  2813/4400/2982 2785/4298/2943 2784/4297/2942 2814/4401/2983
f  2814/4401/2983 2784/4297/2942 2783/4295/2941 2815/4402/2984
f  2815/4402/2984 2783/4295/2941 2782/4296/2940 2816/4403/2985
f  2816/4403/2985 2782/4296/2940 2781/4404/2939 2817/4405/2986
f  2817/4406/2986 2781/4292/2939 2780/4291/2938 2818/4407/2987
f  2818/4407/2987 2780/4291/2938 2779/4290/2937 2819/4408/2988
f  2819/4408/2988 2779/4290/2937 2778/4288/2936 2820/4409/2989
f  2820/4409/2989 2778/4288/2936 2777/4289/2935 2821/4410/2990
f  2821/4411/2990 2777/4287/2935 2776/4286/2934 2822/4412/2991
f  2774/4413/2932 2773/4414/2931 2828/4415/2992 2829/4416/2993
f  2823/4391/2994 2822/4390/2991 2830/4417/2995 2831/4418/2996
f  2775/4419/2933 2774/4420/2932 2829/4421/2993 2832/4422/2997
f  2825/4423/2998 2773/4281/2931 2772/4282/2930 2826/4424/2999
f  2826/4425/2999 2772/4280/2930 2770/4278/2928 2827/4426/3000
f  2827/4426/3000 2770/4278/2928 2771/4279/2929 2810/4396/2979
f  2824/4392/3001 2823/4391/2994 2831/4418/2996 2833/4427/3002
f  2776/4428/2934 2775/4419/2933 2832/4422/2997 2834/4429/3003
f  2822/4430/2991 2776/4431/2934 2834/4432/3003 2830/4433/2995
f  2773/4434/2931 2825/4435/2998 2835/4436/3004 2828/4437/2992
f  2825/4393/2998 2824/4392/3001 2833/4427/3002 2835/4438/3004
f  1765/2829/1837 1754/4439/1822 2836/4440/3005 2837/4441/3006
f  1765/2829/1837 2837/4441/3006 1801/4442/1892 1793/2830/1873
f  1723/4443/1782 2838/4444/3007 2836/4440/3005 1754/4439/1822
f  1723/4443/1782 1722/4445/1781 1762/4446/1833 2838/4444/3007
f  2839/4447/3008 2840/4448/3009 2836/4440/3005 2838/4444/3007
f  2839/4447/3008 2838/4444/3007 1762/4446/1833 1732/4449/1796
f  2839/4447/3008 1732/4449/1796 1731/4450/1795 1768/4451/1841
f  2839/4447/3008 1768/4451/1841 1755/4452/1824 2840/4448/3009
f  2841/4453/3010 2837/4441/3006 2836/4440/3005 2840/4448/3009
f  2841/4453/3010 2840/4448/3009 1755/4452/1824 1728/4454/1790
f  2841/4453/3010 1728/4454/1790 1727/4455/1789 1798/4456/1886
f  2841/4453/3010 1798/4456/1886 1801/4442/1892 2837/4441/3006
f  1799/4457/1888 1795/4458/1880 2842/4459/3011 2843/4460/3012
f  1799/4457/1888 2843/4460/3012 1707/4461/1761 1717/4462/1774
f  1794/4463/1878 2844/4464/3013 2842/4459/3011 1795/4458/1880
f  1794/4463/1878 1759/4465/1830 1758/4466/1829 2844/4464/3013
f  2845/4467/3014 2846/4468/3015 2842/4459/3011 2844/4464/3013
f  2845/4467/3014 2844/4464/3013 1758/4466/1829 1769/4469/1843
f  2845/4467/3014 1769/4469/1843 1712/4470/1768 1711/4471/1767
f  2845/4467/3014 1711/4471/1767 2847/4472/3016 2846/4468/3015
f  2848/4473/3017 2843/4460/3012 2842/4459/3011 2846/4468/3015
f  2848/4473/3017 2846/4468/3015 2847/4472/3016 1803/4474/1896
f  2848/4473/3017 1803/4474/1896 1802/4475/1895 1708/4476/1762
f  2848/4473/3017 1708/4476/1762 1707/4461/1761 2843/4460/3012
f  1726/2758/1786 1721/4477/1778 2849/4478/3018 2850/4479/3019
f  1726/2758/1786 2850/4479/3019 1771/4480/1845 1764/2759/1835
f  1720/4481/1777 2851/4482/3020 2849/4478/3018 1721/4477/1778
f  1720/4481/1777 1797/4483/1884 1796/4484/1883 2851/4482/3020
f  2852/4485/3021 2853/4486/3022 2849/4478/3018 2851/4482/3020
f  2852/4485/3021 2851/4482/3020 1796/4484/1883 1800/4487/1890
f  2852/4485/3021 1800/4487/1890 1729/4488/1792 1724/4489/1784
f  2852/4485/3021 1724/4489/1784 1715/4490/1772 2853/4486/3022
f  2854/4491/3023 2850/4479/3019 2849/4478/3018 2853/4486/3022
f  2854/4491/3023 2853/4486/3022 1715/4490/1772 1704/4492/1758
f  2854/4491/3023 1704/4492/1758 1703/4493/1757 1767/4494/1839
f  2854/4491/3023 1767/4494/1839 1771/4480/1845 2850/4479/3019
f  1094/2677/1766 1093/4495/3024 2847/4496/3016 1711/2678/1767
f  1719/2687/1776 1516/2842/1881 1797/2845/1884 1720/2688/1777
f  1112/2859/1894 1705/2670/1759 1708/2673/1762 1802/2860/1895
f  1716/4497/1773 1756/2850/1887 1799/2851/1888 1717/4498/1774
f  1093/4495/3024 1113/4499/1893 1803/4500/1896 2847/4496/3016
f  1353/2091/1891 1352/2090/1872 1793/2830/1873 1801/4442/1892
f  2855/4501/3025 2856/4502/3026 2857/4503/3027 2858/4504/3028
f  2859/4505/3029 2860/4506/3030 2861/4507/3031 2862/4508/3032
f  2863/4509/3033 2864/4510/3034 2865/4511/3035 2866/4512/3036
f  2867/4513/3037 2868/4514/3038 2869/4515/3039
f  2870/4516/3040 2855/4517/3025 2858/4518/3028
f  2856/4502/3026 2859/4505/3029 2862/4508/3032 2857/4503/3027
f  2860/4506/3030 2863/4509/3033 2866/4512/3036 2861/4507/3031
f  2864/4519/3034 2867/4513/3037 2869/4515/3039 2865/4520/3035
f  2870/4516/3040 2858/4518/3028 2871/4521/3041
f  2857/4503/3027 2862/4508/3032 2872/4522/3042 2873/4523/3043
f  2861/4524/3031 2866/4525/3036 2874/4526/3044 2875/4527/3045
f  2865/4520/3035 2869/4515/3039 2876/4528/3046 2877/4529/3047
f  2858/4530/3028 2857/4531/3027 2873/4532/3043 2871/4533/3041
f  2862/4508/3032 2861/4507/3031 2875/4534/3045 2872/4522/3042
f  2866/4512/3036 2865/4511/3035 2877/4535/3047 2874/4536/3044
f  2869/4515/3039 2868/4514/3038 2876/4528/3046
f  2875/4537/3045 2874/4538/3044 2878/4539/3048 2879/4540/3049
f  2877/4529/3047 2876/4528/3046 2880/4541/3050 2881/4542/3051
f  2871/4533/3041 2873/4532/3043 2882/4543/3052 2883/4544/3053
f  2872/4545/3042 2875/4537/3045 2879/4540/3049 2884/4546/3054
f  2874/4538/3044 2877/4547/3047 2881/4548/3051 2878/4539/3048
f  2876/4528/3046 2868/4514/3038 2880/4541/3050
f  2870/4516/3040 2871/4521/3041 2883/4549/3053
f  2873/4550/3043 2872/4545/3042 2884/4546/3054 2882/4551/3052
f  2883/4544/3053 2882/4543/3052 2885/4552/3055 2886/4553/3056
f  2884/4546/3054 2879/4540/3049 2887/4554/3057 2888/4555/3058
f  2878/4539/3048 2881/4548/3051 2889/4556/3059 2890/4557/3060
f  2880/4541/3050 2868/4514/3038 2891/4558/3061
f  2870/4516/3040 2883/4549/3053 2886/4559/3056
f  2882/4551/3052 2884/4546/3054 2888/4555/3058 2885/4560/3055
f  2879/4540/3049 2878/4539/3048 2890/4557/3060 2887/4554/3057
f  2881/4542/3051 2880/4541/3050 2891/4558/3061 2889/4561/3059
f  2890/4562/3060 2889/4563/3059 2892/4564/3062 2893/4565/3063
f  2891/4558/3061 2868/4514/3038 2894/4566/3064
f  2870/4516/3040 2886/4559/3056 2895/4567/3065
f  2885/4560/3055 2888/4555/3058 2896/4568/3066 2897/4569/3067
f  2887/4570/3057 2890/4562/3060 2893/4565/3063 2898/4571/3068
f  2889/4561/3059 2891/4558/3061 2894/4566/3064 2892/4572/3062
f  2886/4553/3056 2885/4552/3055 2897/4573/3067 2895/4574/3065
f  2888/4575/3058 2887/4570/3057 2898/4571/3068 2896/4576/3066
f  2870/4516/3040 2895/4567/3065 2899/4577/3069
f  2897/4578/3067 2896/4576/3066 2900/4579/3070 2901/4580/3071
f  2898/4571/3068 2893/4565/3063 2902/4581/3072 2903/4582/3073
f  2892/4583/3062 2894/4584/3064 2904/4585/3074 2905/4586/3075
f  2895/4574/3065 2897/4573/3067 2901/4587/3071 2899/4588/3069
f  2896/4576/3066 2898/4571/3068 2903/4582/3073 2900/4579/3070
f  2893/4565/3063 2892/4564/3062 2905/4589/3075 2902/4581/3072
f  2894/4566/3064 2868/4514/3038 2904/4590/3074
f  2905/4586/3075 2904/4585/3074 2906/4591/3076 2907/4592/3077
f  2899/4593/3069 2901/4594/3071 2908/4595/3078 2909/4596/3079
f  2900/4579/3070 2903/4582/3073 2910/4597/3080 2911/4598/3081
f  2902/4581/3072 2905/4589/3075 2907/4599/3077 2912/4600/3082
f  2904/4590/3074 2868/4514/3038 2906/4601/3076
f  2870/4516/3040 2899/4577/3069 2909/4602/3079
f  2901/4580/3071 2900/4579/3070 2911/4598/3081 2908/4603/3078
f  2903/4582/3073 2902/4581/3072 2912/4600/3082 2910/4597/3080
f  2909/4596/3079 2908/4595/3078 2913/4604/3083 2914/4605/3084
f  2911/4606/3081 2910/4607/3080 2915/4608/3085 2916/4609/3086
f  2912/4610/3082 2907/4611/3077 2917/4612/3087 2918/4613/3088
f  2906/4601/3076 2868/4514/3038 2919/4614/3089
f  2870/4516/3040 2909/4602/3079 2914/4615/3084
f  2908/4595/3078 2911/4616/3081 2916/4617/3086 2913/4604/3083
f  2910/4607/3080 2912/4610/3082 2918/4613/3088 2915/4608/3085
f  2907/4618/3077 2906/4619/3076 2919/4620/3089 2917/4621/3087
f  2919/4614/3089 2868/4514/3038 2920/4622/3090
f  2870/4516/3040 2914/4615/3084 2921/4623/3091
f  2913/4624/3083 2916/4609/3086 2922/4625/3092 2923/4626/3093
f  2915/4608/3085 2918/4613/3088 2924/4627/3094 2925/4628/3095
f  2917/4621/3087 2919/4620/3089 2920/4629/3090 2926/4630/3096
f  2914/4605/3084 2913/4604/3083 2923/4631/3093 2921/4632/3091
f  2916/4609/3086 2915/4608/3085 2925/4628/3095 2922/4625/3092
f  2918/4613/3088 2917/4612/3087 2926/4633/3096 2924/4627/3094
f  2923/4626/3093 2922/4625/3092 2927/4634/3097 2928/4635/3098
f  2925/4628/3095 2924/4627/3094 2929/4636/3099 2930/4637/3100
f  2926/4630/3096 2920/4629/3090 2931/4638/3101 2932/4639/3102
f  2921/4632/3091 2923/4631/3093 2928/4640/3098 2933/4641/3103
f  2922/4625/3092 2925/4628/3095 2930/4637/3100 2927/4634/3097
f  2924/4627/3094 2926/4633/3096 2932/4642/3102 2929/4636/3099
f  2920/4622/3090 2868/4514/3038 2931/4643/3101
f  2870/4516/3040 2921/4623/3091 2933/4644/3103
f  2933/4641/3103 2928/4640/3098 2934/4645/3104 2935/4646/3105
f  2927/4634/3097 2930/4637/3100 2936/4647/3106 2937/4648/3107
f  2929/4636/3099 2932/4642/3102 2938/4649/3108 2939/4650/3109
f  2931/4643/3101 2868/4514/3038 2940/4651/3110
f  2870/4516/3040 2933/4644/3103 2935/4652/3105
f  2928/4653/3098 2927/4654/3097 2937/4655/3107 2934/4656/3104
f  2930/4637/3100 2929/4636/3099 2939/4650/3109 2936/4647/3106
f  2932/4657/3102 2931/4643/3101 2940/4651/3110 2938/4658/3108
f  2937/4655/3107 2936/4659/3106 2860/4506/3030 2859/4505/3029
f  2939/4660/3109 2938/4661/3108 2864/4510/3034 2863/4509/3033
f  2940/4651/3110 2868/4514/3038 2867/4513/3037
f  2870/4516/3040 2935/4652/3105 2855/4517/3025
f  2934/4656/3104 2937/4655/3107 2859/4505/3029 2856/4502/3026
f  2936/4659/3106 2939/4660/3109 2863/4509/3033 2860/4506/3030
f  2938/4658/3108 2940/4651/3110 2867/4513/3037 2864/4519/3034
f  2935/4646/3105 2934/4645/3104 2856/4662/3026 2855/4663/3025
f  2941/4664/3111 2942/4665/3112 2943/4666/3113 2944/4667/3111
f  2942/4665/3112 2945/4668/3114 2946/4669/3114 2943/4666/3113
f  2947/4670/3115 2948/4671/3116 2949/4672/3117 2950/4673/3118
f  2951/4674/3119 2952/4675/3120 2953/4676/3121
f  2954/4677/3122 2947/4670/3115 2950/4673/3118 2955/4678/3123
f  2956/4679/3124 2951/4680/3119 2953/4681/3121 2957/4682/3125
f  2958/4683/3126 2954/4684/3122 2955/4685/3123 2959/4686/3127
f  2948/4671/3116 2956/4679/3124 2957/4682/3125 2949/4672/3117
f  2957/4682/3125 2953/4681/3121 2960/4687/3128 2961/4688/3129
f  2959/4689/3127 2955/4690/3123 2962/4691/3130 2963/4692/3131
f  2949/4672/3117 2957/4682/3125 2961/4688/3129 2964/4693/3132
f  2950/4673/3118 2949/4672/3117 2964/4693/3132 2965/4694/3133
f  2953/4676/3121 2952/4675/3120 2960/4695/3128
f  2955/4690/3123 2950/4696/3118 2965/4697/3133 2962/4691/3130
f  2960/4695/3128 2952/4675/3120 2966/4698/3134
f  2962/4691/3130 2965/4697/3133 2967/4699/3135 2968/4700/3136
f  2961/4688/3129 2960/4687/3128 2966/4701/3134 2969/4702/3137
f  2963/4692/3131 2962/4691/3130 2968/4700/3136 2970/4703/3138
f  2964/4693/3132 2961/4688/3129 2969/4702/3137 2971/4704/3139
f  2965/4694/3133 2964/4693/3132 2971/4704/3139 2967/4705/3135
f  2971/4704/3139 2969/4702/3137 2972/4706/3140 2973/4707/3141
f  2967/4699/3135 2971/4708/3139 2973/4709/3141 2974/4710/3142
f  2966/4698/3134 2952/4675/3120 2975/4711/3143
f  2968/4700/3136 2967/4699/3135 2974/4710/3142 2976/4712/3144
f  2969/4702/3137 2966/4701/3134 2975/4713/3143 2972/4706/3140
f  2970/4703/3138 2968/4700/3136 2976/4712/3144 2977/4714/3145
f  2972/4706/3140 2975/4713/3143 2978/4715/3146 2979/4716/3147
f  2977/4714/3145 2976/4712/3144 2980/4717/3148 2981/4718/3149
f  2973/4707/3141 2972/4706/3140 2979/4716/3147 2982/4719/3150
f  2974/4710/3142 2973/4709/3141 2982/4720/3150 2983/4721/3151
f  2975/4711/3143 2952/4675/3120 2978/4722/3146
f  2976/4712/3144 2974/4710/3142 2983/4721/3151 2980/4717/3148
f  2983/4723/3151 2982/4719/3150 2984/4724/3152 2985/4725/3153
f  2978/4722/3146 2952/4675/3120 2986/4726/3154
f  2980/4717/3148 2983/4721/3151 2985/4727/3153 2987/4728/3155
f  2979/4716/3147 2978/4715/3146 2986/4729/3154 2988/4730/3156
f  2981/4718/3149 2980/4717/3148 2987/4728/3155 2989/4731/3157
f  2982/4719/3150 2979/4716/3147 2988/4730/3156 2984/4724/3152
f  2984/4724/3152 2988/4730/3156 2990/4732/3158 2991/4733/3159
f  2985/4734/3153 2984/4735/3152 2991/4736/3159 2992/4737/3160
f  2986/4726/3154 2952/4675/3120 2993/4738/3161
f  2987/4739/3155 2985/4734/3153 2992/4737/3160 2994/4740/3162
f  2988/4730/3156 2986/4729/3154 2993/4741/3161 2990/4732/3158
f  2989/4742/3157 2987/4739/3155 2994/4740/3162 2995/4743/3163
f  2994/4740/3162 2992/4737/3160 2996/4744/3164 2997/4745/3165
f  2990/4732/3158 2993/4741/3161 2998/4746/3166 2999/4747/3167
f  2995/4743/3163 2994/4740/3162 2997/4745/3165 3000/4748/3168
f  2991/4733/3159 2990/4732/3158 2999/4747/3167 3001/4749/3169
f  2992/4737/3160 2991/4736/3159 3001/4750/3169 2996/4744/3164
f  2993/4738/3161 2952/4675/3120 2998/4751/3166
f  2730/4752/3170 2958/4753/3171 2959/4754/3172 2731/4755/3173
f  2731/4756/3173 2959/4757/3172 2963/4758/3174 2720/4759/3175
f  2720/4759/3175 2963/4758/3174 2970/4760/3176 2716/4761/3177
f  2716/4761/3177 2970/4760/3176 2977/4762/3178 2717/4763/3179
f  2717/4763/3179 2977/4762/3178 2981/4764/3180 2722/4765/3181
f  2722/4765/3181 2981/4764/3180 2989/4766/3182 2724/4767/3183
f  2724/4768/3183 2989/4769/3182 2995/4770/3184 2725/4771/3185
f  2725/4771/3185 2995/4770/3184 3000/4772/3186 2728/4773/3187
f  3002/1075/3188 3003/1078/3189 3004/1077/3190 3005/1076/3191
f  3002/1075/3188 3006/1080/3192 3007/1079/3193 3003/1078/3189
f  3002/1075/3188 3008/1082/3194 3009/1081/3195 3006/1080/3192
f  3002/1075/3188 3005/1076/3191 3010/1083/3196 3008/1082/3194
f  3011/1084/3197 3005/1076/3191 3004/1077/3190 3012/1085/3198
f  3011/1084/3197 3013/1086/3199 3010/1083/3196 3005/1076/3191
f  3011/1087/3197 3014/1090/3200 3015/1089/3201 3013/1088/3199
f  3011/1087/3197 3012/1092/3198 3016/1091/3202 3014/1090/3200
f  3017/1093/3203 3012/1085/3198 3004/1077/3190 3018/1094/3204
f  3017/1095/3203 3019/1096/3205 3016/1091/3202 3012/1092/3198
f  3017/1095/3203 3020/1098/3206 3021/1097/3207 3019/1096/3205
f  3017/1093/3203 3018/1094/3204 3022/1100/3208 3020/1099/3206
f  3023/1101/3209 3018/1094/3204 3004/1077/3190 3003/1078/3189
f  3023/1101/3209 3024/1102/3210 3022/1100/3208 3018/1094/3204
f  3023/1101/3209 3025/1104/3211 3026/1103/3212 3024/1102/3210
f  3023/1101/3209 3003/1078/3189 3007/1079/3193 3025/1104/3211
f  3027/1105/3213 3028/1108/3214 3029/1107/3215 3030/1106/3216
f  3027/1105/3213 3031/1110/3217 3032/1109/3218 3028/1108/3214
f  3033/1111/3219 3030/1106/3216 3029/1107/3215 3034/1112/3220
f  3035/1113/3221 3036/1116/3222 3037/1115/3223 3038/1114/3224
f  3033/1111/3219 3034/1112/3220 3039/1118/3225 3040/1117/3226
f  3041/1119/3227 3034/1112/3220 3029/1107/3215 3042/1120/3228
f  3041/1119/3227 3043/1121/3229 3039/1118/3225 3034/1112/3220
f  3041/1119/3227 3044/1123/3230 3045/1122/3231 3043/1121/3229
f  3041/1119/3227 3042/1120/3228 3046/1124/3232 3044/1123/3230
f  3047/1125/3233 3042/1120/3228 3029/1107/3215 3028/1108/3214
f  3047/1125/3233 3048/1126/3234 3046/1124/3232 3042/1120/3228
f  3047/1125/3233 3049/1128/3235 3050/1127/3236 3048/1126/3234
f  3047/1125/3233 3028/1108/3214 3032/1109/3218 3049/1128/3235
f  3051/1129/3237 3052/1132/3238 3053/1131/3239 3054/1130/3240
f  3051/1129/3237 3055/1134/3241 3056/1133/3242 3052/1132/3238
f  3051/1129/3237 3057/1136/3243 3058/1135/3244 3055/1134/3241
f  3051/1129/3237 3054/1130/3240 3059/1137/3245 3057/1136/3243
f  3060/1138/3246 3054/1141/3240 3053/1140/3239 3061/1139/3247
f  3060/1138/3246 3062/1143/3248 3059/1142/3245 3054/1141/3240
f  3060/1138/3246 3063/1145/3249 3064/1144/3250 3062/1143/3248
f  3060/1138/3246 3061/1139/3247 3065/1146/3251 3063/1145/3249
f  3066/1147/3252 3061/1139/3247 3053/1140/3239 3067/1148/3253
f  3066/1147/3252 3068/1149/3254 3065/1146/3251 3061/1139/3247
f  3066/1147/3252 3069/1151/3255 3070/1150/3256 3068/1149/3254
f  3066/1147/3252 3067/1148/3253 3071/1152/3257 3069/1151/3255
f  3072/1153/3258 3067/1154/3253 3053/1131/3239 3052/1132/3238
f  3072/1153/3258 3073/1156/3259 3071/1155/3257 3067/1154/3253
f  3072/1153/3258 3074/1158/3260 3075/1157/3261 3073/1156/3259
f  3072/1153/3258 3052/1132/3238 3056/1133/3242 3074/1158/3260
f  3076/1159/3262 3077/1162/3263 3078/1161/3264 3079/1160/3265
f  3076/1159/3262 677/1164/717 676/1163/716 3077/1162/3263
f  3076/1159/3262 3080/1166/3266 678/1165/718 677/1164/717
f  3076/1159/3262 3079/1160/3265 3081/1167/3267 3080/1166/3266
f  3082/1168/3268 3079/1160/3265 3078/1161/3264 3083/1169/3269
f  3082/1168/3268 3084/1170/3270 3081/1167/3267 3079/1160/3265
f  3082/1168/3268 3085/1172/3271 3086/1171/3272 3084/1170/3270
f  3082/1168/3268 3083/1169/3269 3087/1173/3273 3085/1172/3271
f  3088/1174/3274 3083/1169/3269 3078/1161/3264 3089/1175/3275
f  3088/1176/3274 3090/1179/3276 3087/1178/3273 3083/1177/3269
f  3088/1180/3274 3091/1183/3277 3092/1182/3278 3090/1181/3276
f  3088/1174/3274 3089/1175/3275 3093/1185/3279 3091/1184/3277
f  3094/1186/3280 3089/1175/3275 3078/1161/3264 3077/1162/3263
f  3094/1186/3280 3095/1187/3281 3093/1185/3279 3089/1175/3275
f  3094/1186/3280 696/1189/736 695/1188/735 3095/1187/3281
f  3094/1186/3280 3077/1162/3263 676/1163/716 696/1189/736
f  3096/1190/3282 3097/1193/3283 3098/1192/3284 3099/1191/3285
f  3096/1190/3282 3100/1195/3286 3101/1194/3287 3097/1193/3283
f  3096/1190/3282 3102/1197/3288 3103/1196/3289 3100/1195/3286
f  3096/1190/3282 3099/1191/3285 3104/1198/3290 3102/1197/3288
f  3105/1199/3291 3099/1202/3285 3098/1201/3284 3106/1200/3292
f  3105/1199/3291 3107/1204/3293 3104/1203/3290 3099/1202/3285
f  3105/1205/3291 3108/1208/3294 3045/1207/3231 3107/1206/3293
f  3105/1205/3291 3106/1210/3292 3109/1209/3295 3108/1208/3294
f  3110/1211/3296 3106/1200/3292 3098/1201/3284 3111/1212/3297
f  3110/1213/3296 3112/1214/3298 3109/1209/3295 3106/1210/3292
f  3110/1211/3296 3062/1143/3248 3064/1144/3250 3112/1215/3298
f  3110/1211/3296 3111/1212/3297 3059/1142/3245 3062/1143/3248
f  3113/1216/3299 3111/1217/3297 3098/1192/3284 3097/1193/3283
f  3113/1216/3299 3057/1136/3243 3059/1137/3245 3111/1217/3297
f  3113/1216/3299 3114/1218/3300 3058/1135/3244 3057/1136/3243
f  3113/1216/3299 3097/1193/3283 3101/1194/3287 3114/1218/3300
f  3115/1219/3301 3116/1222/3302 3117/1221/3303 3118/1220/3304
f  3115/1219/3301 3014/1090/3200 3016/1091/3202 3116/1222/3302
f  3115/1219/3301 3119/1223/3305 3015/1089/3201 3014/1090/3200
f  3115/1219/3301 3118/1220/3304 3120/1224/3306 3119/1223/3305
f  3121/1225/3307 3118/1220/3304 3117/1221/3303 3122/1226/3308
f  3121/1225/3307 3123/1227/3309 3120/1224/3306 3118/1220/3304
f  3121/1225/3307 3055/1229/3241 3058/1228/3244 3123/1227/3309
f  3121/1225/3307 3122/1226/3308 3056/1230/3242 3055/1229/3241
f  3124/1231/3310 3122/1226/3308 3117/1221/3303 3125/1232/3311
f  3124/1231/3310 3074/1233/3260 3056/1230/3242 3122/1226/3308
f  3124/1231/3310 3126/1235/3312 3075/1234/3261 3074/1233/3260
f  3124/1231/3310 3125/1232/3311 3127/1236/3313 3126/1235/3312
f  3128/1237/3314 3125/1232/3311 3117/1221/3303 3116/1222/3302
f  3128/1237/3314 3129/1238/3315 3127/1236/3313 3125/1232/3311
f  3128/1237/3314 3019/1096/3205 3021/1097/3207 3129/1238/3315
f  3128/1237/3314 3116/1222/3302 3016/1091/3202 3019/1096/3205
f  3130/1239/3316 3131/1242/3317 3132/1241/3318 3133/1240/3319
f  3130/1239/3316 3134/1244/3320 3135/1243/3321 3131/1242/3317
f  3130/1239/3316 3136/1246/3322 3137/1245/3323 3134/1244/3320
f  3130/1239/3316 3133/1240/3319 3138/1247/3324 3136/1246/3322
f  3139/1248/3325 3133/1240/3319 3132/1241/3318 3140/1249/3326
f  3139/1248/3325 3141/1250/3327 3138/1247/3324 3133/1240/3319
f  3139/1248/3325 3142/1252/3328 3143/1251/3329 3141/1250/3327
f  3139/1248/3325 3140/1249/3326 3144/1253/3330 3142/1252/3328
f  3145/1254/3331 3140/1249/3326 3132/1241/3318 3146/1255/3332
f  3145/1254/3331 3147/1256/3333 3144/1253/3330 3140/1249/3326
f  3145/1254/3331 3148/1258/3334 3149/1257/3335 3147/1256/3333
f  3145/1254/3331 3146/1255/3332 3150/1259/3336 3148/1258/3334
f  3151/1260/3337 3146/1255/3332 3132/1241/3318 3131/1242/3317
f  3151/1260/3337 3152/1261/3338 3150/1259/3336 3146/1255/3332
f  3151/1260/3337 3153/1263/3339 3154/1262/3340 3152/1261/3338
f  3151/1260/3337 3131/1242/3317 3135/1243/3321 3153/1263/3339
f  3155/1264/3341 3156/1267/3342 3157/1266/3343 3158/1265/3344
f  3155/1264/3341 761/1269/801 760/1268/800 3156/1267/3342
f  3155/1264/3341 3159/1271/3345 762/1270/802 761/1269/801
f  3155/1264/3341 3158/1265/3344 3160/1272/3346 3159/1271/3345
f  3161/1273/3347 3158/1265/3344 3157/1266/3343 3162/1274/3348
f  3161/1273/3347 3163/1275/3349 3160/1272/3346 3158/1265/3344
f  3161/1273/3347 3164/1277/3350 3103/1276/3289 3163/1275/3349
f  3161/1273/3347 3162/1274/3348 3165/1278/3351 3164/1277/3350
f  3166/1279/3352 3162/1274/3348 3157/1266/3343 3167/1280/3353
f  3166/1279/3352 3168/1281/3354 3165/1278/3351 3162/1274/3348
f  3166/1279/3352 3169/1283/3355 3170/1282/3356 3168/1281/3354
f  3166/1279/3352 3167/1280/3353 3171/1284/3357 3169/1283/3355
f  3172/1285/3358 3167/1280/3353 3157/1266/3343 3156/1267/3342
f  3172/1285/3358 3173/1286/3359 3171/1284/3357 3167/1280/3353
f  3172/1285/3358 779/1288/819 778/1287/818 3173/1286/3359
f  3172/1285/3358 3156/1267/3342 760/1268/800 779/1288/819
f  3174/1289/3360 3175/1292/3361 3176/1291/3362 3177/1290/3363
f  3174/1289/3360 3178/1294/3364 3179/1293/3365 3175/1292/3361
f  3174/1289/3360 3180/1296/3366 3181/1295/3367 3178/1294/3364
f  3174/1297/3360 3177/1300/3363 3182/1299/3368 3180/1298/3366
f  3183/1301/3369 3177/1304/3363 3176/1303/3362 3184/1302/3370
f  3183/1305/3369 3185/1306/3371 3182/1299/3368 3177/1300/3363
f  3183/1301/3369 3186/1308/3372 3170/1282/3356 3185/1307/3371
f  3183/1301/3369 3184/1302/3370 3187/1309/3373 3186/1308/3372
f  3188/1310/3374 3184/1312/3370 3176/1291/3362 3189/1311/3375
f  3188/1313/3374 3190/1314/3376 3187/1309/3373 3184/1302/3370
f  3188/1313/3374 3013/1088/3199 3015/1089/3201 3190/1314/3376
f  3188/1310/3374 3189/1311/3375 3010/1083/3196 3013/1086/3199
f  3191/1315/3377 3189/1311/3375 3176/1291/3362 3175/1292/3361
f  3191/1315/3377 3008/1082/3194 3010/1083/3196 3189/1311/3375
f  3191/1315/3377 3192/1316/3378 3009/1081/3195 3008/1082/3194
f  3191/1315/3377 3175/1292/3361 3179/1293/3365 3192/1316/3378
f  3193/1317/3379 3194/1320/3380 3195/1319/3381 3196/1318/3382
f  3193/1317/3379 3197/1322/3383 3198/1321/3384 3194/1320/3380
f  3193/1317/3379 3043/1121/3229 3045/1122/3231 3197/1322/3383
f  3193/1317/3379 3196/1318/3382 3039/1118/3225 3043/1121/3229
f  3199/1323/3385 3196/1318/3382 3195/1319/3381 3200/1324/3386
f  3199/1323/3385 3040/1117/3226 3039/1118/3225 3196/1318/3382
f  3201/1325/3387 3200/1328/3386 3195/1327/3381 3202/1326/3388
f  3203/1329/3389 3204/1331/3390 3201/1330/3391
f  3033/1332/3392 3205/1335/3393 3206/1334/3394 3030/1333/3395
f  3201/1325/3387 3202/1326/3388 3207/1337/3396 3203/1336/3397
f  3208/1338/3398 3202/1326/3388 3195/1327/3381 3194/1339/3380
f  3208/1338/3398 3209/1340/3399 3207/1337/3396 3202/1326/3388
f  3208/1338/3398 3210/1341/3400 3181/1295/3367 3209/1340/3399
f  3208/1338/3398 3194/1339/3380 3198/1342/3384 3210/1341/3400
f  3211/1343/3401 3212/1346/3402 3213/1345/3403 3214/1344/3404
f  3211/1343/3401 3108/1348/3294 3109/1347/3295 3212/1346/3402
f  3211/1343/3401 3197/1322/3383 3045/1122/3231 3108/1348/3294
f  3211/1343/3401 3214/1344/3404 3198/1321/3384 3197/1322/3383
f  3215/1349/3405 3214/1344/3404 3213/1345/3403 3216/1350/3406
f  3215/1351/3405 3210/1341/3400 3198/1342/3384 3214/1352/3404
f  3215/1351/3405 3178/1294/3364 3181/1295/3367 3210/1341/3400
f  3215/1351/3405 3216/1353/3406 3179/1293/3365 3178/1294/3364
f  3217/1354/3407 3216/1357/3406 3213/1356/3403 3218/1355/3408
f  3217/1358/3407 3192/1316/3378 3179/1293/3365 3216/1353/3406
f  3217/1358/3407 3219/1359/3409 3009/1081/3195 3192/1316/3378
f  3217/1360/3407 3218/1363/3408 3220/1362/3410 3219/1361/3409
f  3221/1364/3411 3218/1355/3408 3213/1356/3403 3212/1365/3402
f  3221/1366/3411 3222/1367/3412 3220/1362/3410 3218/1363/3408
f  3221/1366/3411 3112/1369/3298 3064/1368/3250 3222/1367/3412
f  3221/1364/3411 3212/1365/3402 3109/1209/3295 3112/1214/3298
f  3223/1370/3413 3224/1373/3414 3225/1372/3415 3226/1371/3416
f  3223/1370/3413 3227/1375/3417 3228/1374/3418 3224/1373/3414
f  3223/1370/3413 3185/1306/3419 3170/1376/3420 3227/1375/3417
f  3223/1370/3413 3226/1371/3416 3182/1299/3421 3185/1306/3419
f  3229/1377/3422 3226/1371/3416 3225/1372/3415 3230/1378/3423
f  3229/1377/3422 3180/1298/3424 3182/1299/3421 3226/1371/3416
f  3229/1377/3422 3231/1380/3425 3181/1379/3426 3180/1298/3424
f  3229/1377/3422 3230/1378/3423 3232/1381/3427 3231/1380/3425
f  3233/1382/3428 3234/1385/3429 3235/1384/3430 3236/1383/3431
f  3233/1382/3428 3186/1308/3372 3187/1309/3373 3234/1385/3429
f  3233/1382/3428 3168/1281/3354 3170/1282/3356 3186/1308/3372
f  3233/1382/3428 3236/1383/3431 3165/1278/3351 3168/1281/3354
f  3237/1386/3432 3236/1383/3431 3235/1384/3430 3238/1387/3433
f  3237/1386/3432 3164/1277/3350 3165/1278/3351 3236/1383/3431
f  3237/1386/3432 3100/1388/3286 3103/1276/3289 3164/1277/3350
f  3237/1389/3432 3238/1390/3433 3101/1194/3287 3100/1195/3286
f  3239/1391/3434 3238/1387/3433 3235/1384/3430 3240/1392/3435
f  3239/1393/3434 3114/1218/3300 3101/1194/3287 3238/1390/3433
f  3239/1391/3434 3123/1227/3309 3058/1228/3244 3114/1394/3300
f  3239/1391/3434 3240/1392/3435 3120/1224/3306 3123/1227/3309
f  3241/1395/3436 3240/1392/3435 3235/1384/3430 3234/1385/3429
f  3241/1395/3436 3119/1223/3305 3120/1224/3306 3240/1392/3435
f  3241/1395/3436 3190/1314/3376 3015/1089/3201 3119/1223/3305
f  3241/1395/3436 3234/1385/3429 3187/1309/3373 3190/1314/3376
f  3242/1396/3437 3243/1399/3438 3244/1398/3439 3245/1397/3440
f  3242/1396/3437 3246/1401/3441 3247/1400/3442 3243/1399/3438
f  3242/1396/3437 3048/1403/3234 3050/1402/3236 3246/1401/3441
f  3242/1396/3437 3245/1397/3440 3046/1404/3232 3048/1403/3234
f  3248/1405/3443 3245/1397/3440 3244/1398/3439 3249/1406/3444
f  3248/1405/3443 3044/1407/3230 3046/1404/3232 3245/1397/3440
f  3248/1405/3443 3107/1206/3293 3045/1207/3231 3044/1407/3230
f  3248/1408/3443 3249/1409/3444 3104/1203/3290 3107/1204/3293
f  3250/1410/3445 3249/1406/3444 3244/1398/3439 3251/1411/3446
f  3250/1412/3445 3102/1197/3288 3104/1198/3290 3249/1413/3444
f  3250/1412/3445 3252/1414/3447 3103/1196/3289 3102/1197/3288
f  3250/1412/3445 3251/1416/3446 3253/1415/3448 3252/1414/3447
f  3254/1417/3449 3251/1411/3446 3244/1398/3439 3243/1399/3438
f  3254/1417/3449 3255/1419/3450 3253/1418/3448 3251/1411/3446
f  3254/1417/3449 3256/1421/3451 3257/1420/3452 3255/1419/3450
f  3254/1417/3449 3243/1399/3438 3247/1400/3442 3256/1421/3451
f  3258/1422/3453 3259/1425/3454 3260/1424/3455 3261/1423/3456
f  3258/1422/3453 3063/1427/3249 3065/1426/3251 3259/1425/3454
f  3258/1422/3453 3222/1367/3412 3064/1368/3250 3063/1427/3249
f  3258/1422/3453 3261/1423/3456 3220/1362/3410 3222/1367/3412
f  3262/1428/3457 3261/1423/3456 3260/1424/3455 3263/1429/3458
f  3262/1428/3457 3219/1361/3409 3220/1362/3410 3261/1423/3456
f  3262/1428/3457 3006/1431/3192 3009/1430/3195 3219/1361/3409
f  3262/1428/3457 3263/1429/3458 3007/1432/3193 3006/1431/3192
f  3264/1433/3459 3263/1429/3458 3260/1424/3455 3265/1434/3460
f  3264/1433/3459 3025/1435/3211 3007/1432/3193 3263/1429/3458
f  3264/1433/3459 3266/1437/3461 3026/1436/3212 3025/1435/3211
f  3264/1433/3459 3265/1434/3460 3267/1438/3462 3266/1437/3461
f  3268/1439/3463 3265/1434/3460 3260/1424/3455 3259/1425/3454
f  3268/1439/3463 3269/1440/3464 3267/1438/3462 3265/1434/3460
f  3268/1439/3463 3068/1442/3254 3070/1441/3256 3269/1440/3464
f  3268/1439/3463 3259/1425/3454 3065/1426/3251 3068/1442/3254
f  3270/1443/3465 3271/1446/3466 3272/1445/3467 3273/1444/3468
f  3270/1443/3465 3274/1448/3469 3275/1447/3470 3271/1446/3466
f  3270/1443/3465 3276/1450/3471 3277/1449/3472 3274/1448/3469
f  3270/1443/3465 3273/1444/3468 3278/1451/3473 3276/1450/3471
f  3279/1452/3474 3273/1444/3468 3272/1445/3467 3280/1453/3475
f  3279/1452/3474 3281/1454/3476 3278/1451/3473 3273/1444/3468
f  3279/1455/3474 3134/1244/3320 3137/1245/3323 3281/1456/3476
f  3279/1455/3474 3280/1457/3475 3135/1243/3321 3134/1244/3320
f  3282/1458/3477 3280/1453/3475 3272/1445/3467 3283/1459/3478
f  3282/1460/3477 3153/1263/3339 3135/1243/3321 3280/1457/3475
f  3282/1460/3477 3284/1461/3479 3154/1262/3340 3153/1263/3339
f  3282/1458/3477 3283/1459/3478 3285/1463/3480 3284/1462/3479
f  3286/1464/3481 3283/1459/3478 3272/1445/3467 3271/1446/3466
f  3286/1464/3481 3287/1465/3482 3285/1463/3480 3283/1459/3478
f  3286/1464/3481 3288/1467/3483 3289/1466/3484 3287/1465/3482
f  3286/1464/3481 3271/1446/3466 3275/1447/3470 3288/1467/3483
f  3290/1468/3485 3291/1471/3486 3292/1470/3487 3293/1469/3488
f  3290/1468/3485 3294/1473/3489 3295/1472/3490 3291/1471/3486
f  3290/1468/3485 3296/1475/3491 3297/1474/3492 3294/1473/3489
f  3290/1468/3485 3293/1469/3488 3298/1476/3493 3296/1475/3491
f  3299/1477/3494 3293/1469/3488 3292/1470/3487 3300/1478/3495
f  3299/1477/3494 3301/1479/3496 3298/1476/3493 3293/1469/3488
f  3299/1477/3494 3274/1481/3469 3277/1480/3472 3301/1479/3496
f  3299/1477/3494 3300/1478/3495 3275/1482/3470 3274/1481/3469
f  3302/1483/3497 3300/1478/3495 3292/1470/3487 3303/1484/3498
f  3302/1483/3497 3288/1485/3483 3275/1482/3470 3300/1478/3495
f  3302/1483/3497 3304/1487/3499 3289/1486/3484 3288/1485/3483
f  3302/1483/3497 3303/1484/3498 3305/1488/3500 3304/1487/3499
f  3306/1489/3501 3303/1484/3498 3292/1470/3487 3291/1471/3486
f  3306/1489/3501 3307/1490/3502 3305/1488/3500 3303/1484/3498
f  3306/1489/3501 3308/1492/3503 3309/1491/3504 3307/1490/3502
f  3306/1489/3501 3291/1471/3486 3295/1472/3490 3308/1492/3503
f  3310/1493/3505 3311/1496/3506 3312/1495/3507 3313/1494/3508
f  3310/1493/3505 3142/1498/3328 3144/1497/3330 3311/1496/3506
f  3310/1493/3505 3314/1500/3509 3143/1499/3329 3142/1498/3328
f  3310/1493/3505 3313/1494/3508 3315/1501/3510 3314/1500/3509
f  3316/1502/3511 3313/1505/3508 3312/1504/3507 3317/1503/3512
f  3316/1502/3511 3318/1507/3513 3315/1506/3510 3313/1505/3508
f  3316/1502/3511 3294/1509/3489 3297/1508/3492 3318/1507/3513
f  3316/1502/3511 3317/1503/3512 3295/1510/3490 3294/1509/3489
f  3319/1511/3514 3317/1503/3512 3312/1504/3507 3320/1512/3515
f  3319/1511/3514 3308/1513/3503 3295/1510/3490 3317/1503/3512
f  3319/1511/3514 3321/1515/3516 3309/1514/3504 3308/1513/3503
f  3319/1511/3514 3320/1512/3515 3322/1516/3517 3321/1515/3516
f  3323/1517/3518 3320/1518/3515 3312/1495/3507 3311/1496/3506
f  3323/1517/3518 3324/1520/3519 3322/1519/3517 3320/1518/3515
f  3323/1517/3518 3147/1522/3333 3149/1521/3335 3324/1520/3519
f  3323/1517/3518 3311/1496/3506 3144/1497/3330 3147/1522/3333
f  3325/1523/3520 3326/1526/3521 3327/1525/3522 3328/1524/3523
f  3325/1523/3520 3329/1528/3524 3330/1527/3525 3326/1526/3521
f  3325/1523/3520 3073/1156/3259 3075/1157/3261 3329/1528/3524
f  3325/1523/3520 3328/1524/3523 3071/1155/3257 3073/1156/3259
f  3331/1529/3526 3328/1532/3523 3327/1531/3522 3332/1530/3527
f  3331/1529/3526 3069/1151/3255 3071/1152/3257 3328/1532/3523
f  3331/1529/3526 3333/1533/3528 3070/1150/3256 3069/1151/3255
f  3331/1529/3526 3332/1530/3527 3334/1534/3529 3333/1533/3528
f  3335/1535/3530 3332/1530/3527 3327/1531/3522 3336/1536/3531
f  3335/1535/3530 3337/1537/3532 3334/1534/3529 3332/1530/3527
f  3335/1535/3530 3318/1507/3513 3297/1508/3492 3337/1537/3532
f  3335/1535/3530 3336/1536/3531 3315/1506/3510 3318/1507/3513
f  3338/1538/3533 3336/1539/3531 3327/1525/3522 3326/1526/3521
f  3338/1538/3533 3314/1500/3509 3315/1501/3510 3336/1539/3531
f  3338/1538/3533 3339/1540/3534 3143/1499/3329 3314/1500/3509
f  3338/1538/3533 3326/1526/3521 3330/1527/3525 3339/1540/3534
f  3340/1541/3535 3341/1544/3536 3342/1543/3537 3343/1542/3538
f  3340/1541/3535 3333/1546/3528 3334/1545/3529 3341/1544/3536
f  3340/1541/3535 3269/1440/3464 3070/1441/3256 3333/1546/3528
f  3340/1541/3535 3343/1542/3538 3267/1438/3462 3269/1440/3464
f  3344/1547/3539 3343/1542/3538 3342/1543/3537 3345/1548/3540
f  3344/1547/3539 3266/1437/3461 3267/1438/3462 3343/1542/3538
f  3344/1547/3539 3346/1549/3541 3026/1436/3212 3266/1437/3461
f  3344/1547/3539 3345/1548/3540 3347/1550/3542 3346/1549/3541
f  3348/1551/3543 3345/1548/3540 3342/1543/3537 3349/1552/3544
f  3348/1551/3543 3350/1553/3545 3347/1550/3542 3345/1548/3540
f  3348/1551/3543 3301/1479/3496 3277/1480/3472 3350/1553/3545
f  3348/1551/3543 3349/1552/3544 3298/1476/3493 3301/1479/3496
f  3351/1554/3546 3349/1552/3544 3342/1543/3537 3341/1544/3536
f  3351/1554/3546 3296/1475/3491 3298/1476/3493 3349/1552/3544
f  3351/1554/3546 3337/1555/3532 3297/1474/3492 3296/1475/3491
f  3351/1554/3546 3341/1544/3536 3334/1545/3529 3337/1555/3532
f  3352/1556/3547 3353/1559/3548 3354/1558/3549 3355/1557/3550
f  3352/1556/3547 3346/1561/3541 3347/1560/3542 3353/1559/3548
f  3352/1556/3547 3024/1102/3210 3026/1103/3212 3346/1561/3541
f  3352/1556/3547 3355/1557/3550 3022/1100/3208 3024/1102/3210
f  3356/1562/3551 3355/1557/3550 3354/1558/3549 3357/1563/3552
f  3356/1562/3551 3020/1099/3206 3022/1100/3208 3355/1557/3550
f  3356/1564/3551 3358/1565/3553 3021/1097/3207 3020/1098/3206
f  3356/1564/3551 3357/1567/3552 3359/1566/3554 3358/1565/3553
f  3360/1568/3555 3357/1563/3552 3354/1558/3549 3361/1569/3556
f  3360/1570/3555 3362/1571/3557 3359/1566/3554 3357/1567/3552
f  3360/1570/3555 3281/1456/3476 3137/1245/3323 3362/1571/3557
f  3360/1568/3555 3361/1569/3556 3278/1451/3473 3281/1454/3476
f  3363/1572/3558 3361/1569/3556 3354/1558/3549 3353/1559/3548
f  3363/1572/3558 3276/1450/3471 3278/1451/3473 3361/1569/3556
f  3363/1572/3558 3350/1573/3545 3277/1449/3472 3276/1450/3471
f  3363/1572/3558 3353/1559/3548 3347/1560/3542 3350/1573/3545
f  3364/1574/3559 3365/1577/3560 3366/1576/3561 3367/1575/3562
f  3364/1574/3559 3358/1565/3553 3359/1566/3554 3365/1577/3560
f  3364/1574/3559 3129/1238/3315 3021/1097/3207 3358/1565/3553
f  3364/1574/3559 3367/1575/3562 3127/1236/3313 3129/1238/3315
f  3368/1578/3563 3367/1575/3562 3366/1576/3561 3369/1579/3564
f  3368/1578/3563 3126/1235/3312 3127/1236/3313 3367/1575/3562
f  3368/1578/3563 3329/1580/3524 3075/1234/3261 3126/1235/3312
f  3368/1578/3563 3369/1579/3564 3330/1581/3525 3329/1580/3524
f  3370/1582/3565 3369/1579/3564 3366/1576/3561 3371/1583/3566
f  3370/1582/3565 3339/1584/3534 3330/1581/3525 3369/1579/3564
f  3370/1582/3565 3141/1250/3327 3143/1251/3329 3339/1584/3534
f  3370/1582/3565 3371/1583/3566 3138/1247/3324 3141/1250/3327
f  3372/1585/3567 3371/1583/3566 3366/1576/3561 3365/1577/3560
f  3372/1585/3567 3136/1246/3322 3138/1247/3324 3371/1583/3566
f  3372/1585/3567 3362/1571/3557 3137/1245/3323 3136/1246/3322
f  3372/1585/3567 3365/1577/3560 3359/1566/3554 3362/1571/3557
f  3038/1586/3568 3373/1589/3569 3374/1588/3570 3035/1587/3571
f  3038/1586/3568 3080/1166/3266 3081/1167/3267 3373/1589/3569
f  3375/1590/3572 3035/1587/3571 3374/1588/3570 3376/1591/3573
f  3038/1114/3224 3037/1115/3223 3377/1593/3574 3080/1592/3266
f  3030/1333/3395 3206/1334/3394 3378/1595/3575 3027/1594/3576
f  3375/1590/3572 3376/1591/3573 3032/1109/3218 3031/1110/3217
f  3379/1596/3577 3376/1591/3573 3374/1588/3570 3380/1597/3578
f  3379/1596/3577 3049/1128/3235 3032/1109/3218 3376/1591/3573
f  3379/1598/3577 3381/1600/3579 3050/1402/3236 3049/1599/3235
f  3379/1596/3577 3380/1597/3578 3382/1602/3580 3381/1601/3579
f  3383/1603/3581 3380/1597/3578 3374/1588/3570 3373/1589/3569
f  3383/1603/3581 3384/1604/3582 3382/1602/3580 3380/1597/3578
f  3383/1603/3581 3084/1170/3270 3086/1171/3272 3384/1604/3582
f  3383/1603/3581 3373/1589/3569 3081/1167/3267 3084/1170/3270
f  3385/1605/3583 3386/1608/3584 3387/1607/3585 3388/1606/3586
f  3385/1605/3583 3389/1610/3587 3390/1609/3588 3386/1608/3584
f  3385/1605/3583 3384/1612/3582 3086/1611/3272 3389/1610/3587
f  3385/1605/3583 3388/1606/3586 3382/1613/3580 3384/1612/3582
f  3391/1614/3589 3388/1606/3586 3387/1607/3585 3392/1615/3590
f  3391/1614/3589 3381/1600/3579 3382/1613/3580 3388/1606/3586
f  3391/1614/3589 3246/1401/3441 3050/1402/3236 3381/1600/3579
f  3391/1614/3589 3392/1615/3590 3247/1400/3442 3246/1401/3441
f  3393/1616/3591 3392/1615/3590 3387/1607/3585 3394/1617/3592
f  3393/1616/3591 3256/1421/3451 3247/1400/3442 3392/1615/3590
f  3393/1616/3591 3395/1618/3593 3257/1420/3452 3256/1421/3451
f  3393/1616/3591 3394/1617/3592 3396/1619/3594 3395/1618/3593
f  3397/1620/3595 3394/1617/3592 3387/1607/3585 3386/1608/3584
f  3397/1620/3595 3398/1621/3596 3396/1619/3594 3394/1617/3592
f  3397/1620/3595 3399/1623/3597 3400/1622/3598 3398/1621/3596
f  3397/1620/3595 3386/1608/3584 3390/1609/3588 3399/1623/3597
f  3401/1624/3599 3402/1627/3600 3403/1626/3601 3404/1625/3602
f  3401/1624/3599 3405/1629/3603 3406/1628/3604 3402/1627/3600
f  3401/1624/3599 3398/1631/3596 3400/1630/3598 3405/1629/3603
f  3401/1624/3599 3404/1625/3602 3396/1632/3594 3398/1631/3596
f  3407/1633/3605 3404/1625/3602 3403/1626/3601 3408/1634/3606
f  3407/1633/3605 3395/1635/3593 3396/1632/3594 3404/1625/3602
f  3407/1633/3605 3409/1637/3607 3257/1636/3452 3395/1635/3593
f  3407/1633/3605 3408/1634/3606 3410/1638/3608 3409/1637/3607
f  3411/1639/3609 3408/1634/3606 3403/1626/3601 3412/1640/3610
f  3411/1639/3609 3413/1641/3611 3410/1638/3608 3408/1634/3606
f  3411/1639/3609 1021/1643/1073 1020/1642/1072 3413/1641/3611
f  3411/1639/3609 3412/1640/3610 1022/1644/1074 1021/1643/1073
f  3414/1645/3612 3412/1640/3610 3403/1626/3601 3402/1627/3600
f  3414/1645/3612 1024/1646/1076 1022/1644/1074 3412/1640/3610
f  3414/1645/3612 3415/1648/3613 1025/1647/1077 1024/1646/1076
f  3414/1645/3612 3402/1627/3600 3406/1628/3604 3415/1648/3613
f  3416/1649/3614 3417/1652/3615 3418/1651/3616 3419/1650/3617
f  3416/1653/3614 3409/1637/3607 3410/1638/3608 3417/1654/3615
f  3416/1653/3614 3255/1655/3450 3257/1636/3452 3409/1637/3607
f  3416/1649/3614 3419/1650/3617 3253/1415/3448 3255/1656/3450
f  3420/1657/3618 3419/1650/3617 3418/1651/3616 3421/1658/3619
f  3420/1657/3618 3252/1414/3447 3253/1415/3448 3419/1650/3617
f  3420/1657/3618 3163/1659/3349 3103/1196/3289 3252/1414/3447
f  3420/1657/3618 3421/1658/3619 3160/1660/3346 3163/1659/3349
f  3422/1661/3620 3421/1658/3619 3418/1651/3616 3423/1662/3621
f  3422/1661/3620 3159/1663/3345 3160/1660/3346 3421/1658/3619
f  3422/1661/3620 1035/1665/1087 762/1664/802 3159/1663/3345
f  3422/1661/3620 3423/1662/3621 1036/1666/1088 1035/1665/1087
f  3424/1667/3622 3423/1662/3621 3418/1651/3616 3417/1652/3615
f  3424/1667/3622 1038/1668/1090 1036/1666/1088 3423/1662/3621
f  3424/1669/3622 3413/1641/3611 1020/1642/1072 1038/1670/1090
f  3424/1669/3622 3417/1654/3615 3410/1638/3608 3413/1641/3611
f  3425/1671/3623 3426/1674/3624 3427/1673/3625 3428/1672/3626
f  3425/1675/3623 3429/1678/3627 3430/1677/3628 3426/1676/3624
f  3425/1675/3623 3431/1680/3629 3432/1679/3630 3429/1678/3627
f  3425/1671/3623 3428/1672/3626 3433/1682/3631 3431/1681/3629
f  3434/1683/3632 3428/1672/3626 3427/1673/3625 3435/1684/3633
f  3434/1683/3632 3436/1685/3634 3433/1682/3631 3428/1672/3626
f  3434/1683/3632 3437/1687/3635 3438/1686/3636 3436/1685/3634
f  3434/1683/3632 3435/1684/3633 3439/1688/3637 3437/1687/3635
f  3440/1689/3638 3435/1684/3633 3427/1673/3625 3441/1690/3639
f  3440/1689/3638 3442/1691/3640 3439/1688/3637 3435/1684/3633
f  3440/1689/3638 3443/1693/3641 3444/1692/3642 3442/1691/3640
f  3440/1689/3638 3441/1690/3639 3445/1694/3643 3443/1693/3641
f  3446/1695/3644 3441/1690/3639 3427/1673/3625 3426/1674/3624
f  3446/1695/3644 3447/1696/3645 3445/1694/3643 3441/1690/3639
f  3446/1697/3644 3448/1700/3646 3449/1699/3647 3447/1698/3645
f  3446/1697/3644 3426/1676/3624 3430/1677/3628 3448/1700/3646
f  3450/1701/3648 3451/1704/3649 3452/1703/3650 3453/1702/3651
f  3450/1705/3648 3454/1708/3652 3455/1707/3653 3451/1706/3649
f  3450/1705/3648 3456/1710/3654 3457/1709/3655 3454/1708/3652
f  3450/1701/3648 3453/1702/3651 3458/1712/3656 3456/1711/3654
f  3459/1713/3657 3453/1702/3651 3452/1703/3650 3460/1714/3658
f  3459/1713/3657 3461/1715/3659 3458/1712/3656 3453/1702/3651
f  3459/1716/3657 3462/1719/3660 3463/1718/3661 3461/1717/3659
f  3459/1716/3657 3460/1721/3658 3464/1720/3662 3462/1719/3660
f  3465/1722/3663 3460/1714/3658 3452/1703/3650 3466/1723/3664
f  3465/1724/3663 3467/1725/3665 3464/1720/3662 3460/1721/3658
f  3465/1724/3663 3468/1727/3666 3469/1726/3667 3467/1725/3665
f  3465/1722/3663 3466/1723/3664 3470/1729/3668 3468/1728/3666
f  3471/1730/3669 3466/1723/3664 3452/1703/3650 3451/1704/3649
f  3471/1730/3669 3472/1731/3670 3470/1729/3668 3466/1723/3664
f  3471/1732/3669 3473/1735/3671 3474/1734/3672 3472/1733/3670
f  3471/1732/3669 3451/1706/3649 3455/1707/3653 3473/1735/3671
f  3475/1736/3673 3476/1739/3674 3477/1738/3675 3478/1737/3676
f  3475/1740/3673 3479/1743/3677 3480/1742/3678 3476/1741/3674
f  3475/1740/3673 3481/1745/3679 3482/1744/3680 3479/1743/3677
f  3475/1736/3673 3478/1737/3676 3483/1747/3681 3481/1746/3679
f  3484/1748/3682 3478/1751/3676 3477/1750/3675 3485/1749/3683
f  3484/1748/3682 3486/1753/3684 3483/1752/3681 3478/1751/3676
f  3484/1748/3682 3487/1755/3685 3488/1754/3686 3486/1753/3684
f  3484/1748/3682 3485/1749/3683 3489/1756/3687 3487/1755/3685
f  3490/1757/3688 3485/1749/3683 3477/1750/3675 3491/1758/3689
f  3490/1757/3688 3492/1759/3690 3489/1756/3687 3485/1749/3683
f  3490/1757/3688 3493/1761/3691 3494/1760/3692 3492/1759/3690
f  3490/1757/3688 3491/1758/3689 3495/1762/3693 3493/1761/3691
f  3496/1763/3694 3491/1764/3689 3477/1738/3675 3476/1739/3674
f  3496/1765/3694 3497/1768/3695 3495/1767/3693 3491/1766/3689
f  3496/1769/3694 3498/1772/3696 3499/1771/3697 3497/1770/3695
f  3496/1769/3694 3476/1741/3674 3480/1742/3678 3498/1772/3696
f  3500/1773/3698 3501/1776/3699 3502/1775/3700 3503/1774/3701
f  3500/1777/3698 3504/1780/3702 3505/1779/3703 3501/1778/3699
f  3500/1777/3698 3506/1782/3704 3507/1781/3705 3504/1780/3702
f  3500/1773/3698 3503/1774/3701 3508/1784/3706 3506/1783/3704
f  3509/1785/3707 3503/1774/3701 3502/1775/3700 3510/1786/3708
f  3509/1785/3707 3511/1787/3709 3508/1784/3706 3503/1774/3701
f  3509/1785/3707 3512/1789/3710 3513/1788/3711 3511/1787/3709
f  3509/1785/3707 3510/1786/3708 3514/1790/3712 3512/1789/3710
f  3515/1791/3713 3510/1786/3708 3502/1775/3700 3516/1792/3714
f  3515/1791/3713 3517/1793/3715 3514/1790/3712 3510/1786/3708
f  3515/1791/3713 3436/1795/3634 3438/1794/3636 3517/1793/3715
f  3515/1791/3713 3516/1792/3714 3433/1796/3631 3436/1795/3634
f  3518/1797/3716 3516/1792/3714 3502/1775/3700 3501/1776/3699
f  3518/1797/3716 3431/1798/3629 3433/1796/3631 3516/1792/3714
f  3518/1799/3716 3519/1800/3717 3432/1679/3630 3431/1680/3629
f  3518/1801/3716 3501/1778/3699 3505/1779/3703 3519/1802/3717
f  3520/1803/3718 3521/1806/3719 3522/1805/3720 3523/1804/3721
f  3520/1803/3718 3524/1808/3722 3525/1807/3723 3521/1806/3719
f  3520/1803/3718 3454/1810/3652 3457/1809/3655 3524/1808/3722
f  3520/1803/3718 3523/1804/3721 3455/1811/3653 3454/1810/3652
f  3526/1812/3724 3523/1804/3721 3522/1805/3720 3527/1813/3725
f  3526/1812/3724 3473/1814/3671 3455/1811/3653 3523/1804/3721
f  3526/1812/3724 3528/1816/3726 3474/1815/3672 3473/1814/3671
f  3526/1812/3724 3527/1813/3725 3529/1817/3727 3528/1816/3726
f  3530/1818/3728 3527/1813/3725 3522/1805/3720 3531/1819/3729
f  3530/1818/3728 3532/1820/3730 3529/1817/3727 3527/1813/3725
f  3530/1818/3728 3533/1822/3731 3534/1821/3732 3532/1820/3730
f  3530/1818/3728 3531/1819/3729 3535/1823/3733 3533/1822/3731
f  3536/1824/3734 3531/1819/3729 3522/1805/3720 3521/1806/3719
f  3536/1824/3734 3537/1825/3735 3535/1823/3733 3531/1819/3729
f  3536/1824/3734 3538/1827/3736 3539/1826/3737 3537/1825/3735
f  3536/1824/3734 3521/1806/3719 3525/1807/3723 3538/1827/3736
f  3540/1828/3738 3541/1831/3739 3542/1830/3740 3543/1829/3741
f  3540/1828/3738 3544/1833/3742 3545/1832/3743 3541/1831/3739
f  3540/1828/3738 3546/1835/3744 3547/1834/3745 3544/1833/3742
f  3540/1828/3738 3543/1829/3741 3548/1836/3746 3546/1835/3744
f  3549/1837/3747 3543/1829/3741 3542/1830/3740 3550/1838/3748
f  3549/1837/3747 3551/1839/3749 3548/1836/3746 3543/1829/3741
f  3549/1837/3747 3442/1841/3640 3444/1840/3642 3551/1839/3749
f  3549/1837/3747 3550/1838/3748 3439/1842/3637 3442/1841/3640
f  3552/1843/3750 3550/1838/3748 3542/1830/3740 3553/1844/3751
f  3552/1843/3750 3437/1845/3635 3439/1842/3637 3550/1838/3748
f  3552/1846/3750 3517/1793/3715 3438/1794/3636 3437/1847/3635
f  3552/1846/3750 3553/1848/3751 3514/1790/3712 3517/1793/3715
f  3554/1849/3752 3553/1844/3751 3542/1830/3740 3541/1831/3739
f  3554/1850/3752 3512/1789/3710 3514/1790/3712 3553/1848/3751
f  3554/1850/3752 3555/1851/3753 3513/1788/3711 3512/1789/3710
f  3554/1849/3752 3541/1831/3739 3545/1832/3743 3555/1852/3753
f  3556/1853/3754 3557/1856/3755 3558/1855/3756 3559/1854/3757
f  3556/1857/3754 3560/1860/3758 3561/1859/3759 3557/1858/3755
f  3556/1857/3754 3562/1862/3760 3563/1861/3761 3560/1860/3758
f  3556/1863/3754 3559/1866/3757 3564/1865/3762 3562/1864/3760
f  3565/1867/3763 3559/1870/3757 3558/1869/3756 3566/1868/3764
f  3565/1871/3763 3567/1872/3765 3564/1865/3762 3559/1866/3757
f  3565/1871/3763 3568/1874/3766 3569/1873/3767 3567/1872/3765
f  3565/1867/3763 3566/1868/3764 3570/1876/3768 3568/1875/3766
f  3571/1877/3769 3566/1868/3764 3558/1869/3756 3572/1878/3770
f  3571/1877/3769 3573/1879/3771 3570/1876/3768 3566/1868/3764
f  3571/1877/3769 3574/1881/3772 3575/1880/3773 3573/1879/3771
f  3571/1877/3769 3572/1878/3770 3576/1882/3774 3574/1881/3772
f  3577/1883/3775 3572/1884/3770 3558/1855/3756 3557/1856/3755
f  3577/1883/3775 3578/1886/3776 3576/1885/3774 3572/1884/3770
f  3577/1887/3775 3579/1890/3777 3580/1889/3778 3578/1888/3776
f  3577/1887/3775 3557/1858/3755 3561/1859/3759 3579/1890/3777
f  3581/1891/3779 3582/1894/3780 3583/1893/3781 3584/1892/3782
f  3581/1891/3779 3585/1896/3783 3586/1895/3784 3582/1894/3780
f  3581/1891/3779 3532/1820/3730 3534/1821/3732 3585/1896/3783
f  3581/1891/3779 3584/1892/3782 3529/1817/3727 3532/1820/3730
f  3587/1897/3785 3584/1892/3782 3583/1893/3781 3588/1898/3786
f  3587/1897/3785 3528/1816/3726 3529/1817/3727 3584/1892/3782
f  3587/1897/3785 3589/1899/3787 3474/1815/3672 3528/1816/3726
f  3587/1897/3785 3588/1898/3786 3590/1900/3788 3589/1899/3787
f  3591/1901/3789 3588/1898/3786 3583/1893/3781 3592/1902/3790
f  3591/1901/3789 3593/1903/3791 3590/1900/3788 3588/1898/3786
f  3591/1901/3789 3594/1905/3792 3595/1904/3793 3593/1903/3791
f  3591/1901/3789 3592/1902/3790 3596/1906/3794 3594/1905/3792
f  3597/1907/3795 3592/1902/3790 3583/1893/3781 3582/1894/3780
f  3597/1907/3795 3598/1908/3796 3596/1906/3794 3592/1902/3790
f  3597/1907/3795 3599/1910/3797 3600/1909/3798 3598/1908/3796
f  3597/1907/3795 3582/1894/3780 3586/1895/3784 3599/1910/3797
f  3601/1911/3799 3602/1914/3800 3603/1913/3801 3604/1912/3802
f  3601/1911/3799 3605/1916/3803 3606/1915/3804 3602/1914/3800
f  3601/1911/3799 3607/1917/3805 3469/1726/3667 3605/1916/3803
f  3601/1911/3799 3604/1912/3802 3608/1918/3806 3607/1917/3805
f  3609/1919/3807 3604/1912/3802 3603/1913/3801 3610/1920/3808
f  3609/1919/3807 3611/1921/3809 3608/1918/3806 3604/1912/3802
f  3609/1919/3807 3612/1923/3810 3613/1922/3811 3611/1921/3809
f  3609/1919/3807 3610/1920/3808 3614/1924/3812 3612/1923/3810
f  3615/1925/3813 3610/1920/3808 3603/1913/3801 3616/1926/3814
f  3615/1925/3813 3617/1927/3815 3614/1924/3812 3610/1920/3808
f  3615/1925/3813 3618/1929/3816 3619/1928/3817 3617/1927/3815
f  3615/1925/3813 3616/1926/3814 3620/1930/3818 3618/1929/3816
f  3621/1931/3819 3616/1926/3814 3603/1913/3801 3602/1914/3800
f  3621/1931/3819 3622/1932/3820 3620/1930/3818 3616/1926/3814
f  3621/1931/3819 3623/1934/3821 3624/1933/3822 3622/1932/3820
f  3621/1931/3819 3602/1914/3800 3606/1915/3804 3623/1934/3821
f  3625/1935/3823 3626/1938/3824 3627/1937/3825 3628/1936/3826
f  3625/1939/3823 3629/1942/3827 3630/1941/3828 3626/1940/3824
f  3625/1939/3823 3631/1944/3829 3632/1943/3830 3629/1942/3827
f  3625/1935/3823 3628/1936/3826 3633/1946/3831 3631/1945/3829
f  3634/1947/3832 3628/1950/3826 3627/1949/3825 3635/1948/3833
f  3634/1947/3832 3636/1952/3834 3633/1951/3831 3628/1950/3826
f  3634/1947/3832 3637/1954/3835 3638/1953/3836 3636/1952/3834
f  3634/1947/3832 3635/1948/3833 3639/1955/3837 3637/1954/3835
f  3640/1956/3838 3635/1948/3833 3627/1949/3825 3641/1957/3839
f  3640/1956/3838 3642/1958/3840 3639/1955/3837 3635/1948/3833
f  3640/1959/3838 3643/1962/3841 3644/1961/3842 3642/1960/3840
f  3640/1959/3838 3641/1964/3839 3645/1963/3843 3643/1962/3841
f  3646/1965/3844 3641/1966/3839 3627/1937/3825 3626/1938/3824
f  3646/1965/3844 3647/1968/3845 3645/1967/3843 3641/1966/3839
f  3646/1969/3844 3648/1972/3846 3649/1971/3847 3647/1970/3845
f  3646/1969/3844 3626/1940/3824 3630/1941/3828 3648/1972/3846
f  3650/1973/3848 3651/1976/3849 3652/1975/3850 3653/1974/3851
f  3650/1973/3848 3607/1917/3805 3608/1918/3806 3651/1976/3849
f  3650/1973/3848 3467/1725/3665 3469/1726/3667 3607/1917/3805
f  3650/1973/3848 3653/1974/3851 3464/1720/3662 3467/1725/3665
f  3654/1977/3852 3653/1974/3851 3652/1975/3850 3655/1978/3853
f  3654/1977/3852 3462/1719/3660 3464/1720/3662 3653/1974/3851
f  3654/1977/3852 3656/1979/3854 3463/1718/3661 3462/1719/3660
f  3654/1977/3852 3655/1978/3853 3657/1980/3855 3656/1979/3854
f  3658/1981/3856 3655/1978/3853 3652/1975/3850 3659/1982/3857
f  3658/1981/3856 3660/1983/3858 3657/1980/3855 3655/1978/3853
f  3658/1981/3856 3661/1985/3859 3662/1984/3860 3660/1983/3858
f  3658/1981/3856 3659/1982/3857 3663/1986/3861 3661/1985/3859
f  3664/1987/3862 3659/1982/3857 3652/1975/3850 3651/1976/3849
f  3664/1987/3862 3665/1988/3863 3663/1986/3861 3659/1982/3857
f  3664/1987/3862 3611/1921/3809 3613/1922/3811 3665/1988/3863
f  3664/1987/3862 3651/1976/3849 3608/1918/3806 3611/1921/3809
f  3666/1989/3864 3667/1992/3865 3668/1991/3866 3669/1990/3867
f  3666/1989/3864 3670/1994/3868 3671/1993/3869 3667/1992/3865
f  3666/1989/3864 3672/1996/3870 3673/1995/3871 3670/1994/3868
f  3666/1989/3864 3669/1990/3867 3674/1997/3872 3672/1996/3870
f  3675/1998/3873 3669/1990/3867 3668/1991/3866 3676/1999/3874
f  3675/1998/3873 3677/2000/3875 3674/1997/3872 3669/1990/3867
f  3675/1998/3873 3524/1808/3722 3457/1809/3655 3677/2000/3875
f  3675/1998/3873 3676/1999/3874 3525/1807/3723 3524/1808/3722
f  3678/2001/3876 3676/1999/3874 3668/1991/3866 3679/2002/3877
f  3678/2001/3876 3538/1827/3736 3525/1807/3723 3676/1999/3874
f  3678/2001/3876 3680/2003/3878 3539/1826/3737 3538/1827/3736
f  3678/2001/3876 3679/2002/3877 3681/2004/3879 3680/2003/3878
f  3682/2005/3880 3679/2002/3877 3668/1991/3866 3667/1992/3865
f  3682/2005/3880 3683/2006/3881 3681/2004/3879 3679/2002/3877
f  3682/2005/3880 3684/2008/3882 3507/2007/3705 3683/2006/3881
f  3682/2005/3880 3667/1992/3865 3671/1993/3869 3684/2008/3882
f  3685/2009/3883 3686/2012/3884 3687/2011/3885 3688/2010/3886
f  3685/2009/3883 3689/2014/3887 3690/2013/3888 3686/2012/3884
f  3685/2009/3883 3691/2016/3889 3692/2015/3890 3689/2014/3887
f  3685/2009/3883 3688/2010/3886 3693/2017/3891 3691/2016/3889
f  3694/2018/3892 3688/2021/3886 3687/2020/3885 3695/2019/3893
f  3694/2022/3892 3696/2023/3894 3693/2017/3891 3688/2010/3886
f  3694/2024/3892 3697/2027/3895 3698/2026/3896 3696/2025/3894
f  3694/2024/3892 3695/2029/3893 3699/2028/3897 3697/2027/3895
f  3700/2030/3898 3695/2019/3893 3687/2020/3885 3701/2031/3899
f  3700/2032/3898 3702/2033/3900 3699/2028/3897 3695/2029/3893
f  3700/2032/3898 3703/2035/3901 3704/2034/3902 3702/2033/3900
f  3700/2036/3898 3701/2039/3899 3705/2038/3903 3703/2037/3901
f  3706/2040/3904 3701/2039/3899 3687/2042/3885 3686/2041/3884
f  3706/2040/3904 3707/2043/3905 3705/2038/3903 3701/2039/3899
f  3706/2040/3904 3708/2045/3906 3709/2044/3907 3707/2043/3905
f  3706/2040/3904 3686/2041/3884 3690/2046/3888 3708/2045/3906
f  3710/2047/3908 3711/2050/3909 3712/2049/3910 3713/2048/3911
f  3710/2051/3908 3672/2054/3870 3674/2053/3872 3711/2052/3909
f  3710/2051/3908 3714/2056/3912 3673/2055/3871 3672/2054/3870
f  3710/2047/3908 3713/2048/3911 3715/2058/3913 3714/2057/3912
f  3716/2059/3914 3713/2048/3911 3712/2049/3910 3717/2060/3915
f  3716/2059/3914 3718/2061/3916 3715/2058/3913 3713/2048/3911
f  3716/2059/3914 3719/2063/3917 3547/2062/3745 3718/2061/3916
f  3716/2059/3914 3717/2060/3915 3720/2064/3918 3719/2063/3917
f  3721/2065/3919 3717/2060/3915 3712/2049/3910 3722/2066/3920
f  3721/2065/3919 3723/2067/3921 3720/2064/3918 3717/2060/3915
f  3721/2068/3919 3461/1717/3659 3463/1718/3661 3723/2069/3921
f  3721/2065/3919 3722/2066/3920 3458/1712/3656 3461/1715/3659
f  3724/2070/3922 3722/2066/3920 3712/2049/3910 3711/2050/3909
f  3724/2070/3922 3456/1711/3654 3458/1712/3656 3722/2066/3920
f  3724/2071/3922 3677/2072/3875 3457/1709/3655 3456/1710/3654
f  3724/2071/3922 3711/2052/3909 3674/2053/3872 3677/2072/3875
f  3725/2073/3923 3726/2076/3924 3727/2075/3925 3728/2074/3926
f  3725/2073/3923 3729/2078/3927 3730/2077/3928 3726/2076/3924
f  3725/2073/3923 3731/2080/3929 3732/2079/3930 3729/2078/3927
f  3725/2073/3923 3728/2074/3926 3733/2081/3931 3731/2080/3929
f  3734/2082/3932 3728/2074/3926 3727/2075/3925 3735/2083/3933
f  3734/2082/3932 3736/2084/3934 3733/2081/3931 3728/2074/3926
f  3734/2085/3932 3737/2088/3935 3738/2087/3936 3736/2086/3934
f  3734/2089/3932 3735/2092/3933 3739/2091/3937 3737/2090/3935
f  3740/2093/3938 3735/2083/3933 3727/2075/3925 3741/2094/3939
f  3740/2095/3938 3742/2096/3940 3739/2091/3937 3735/2092/3933
f  3740/2095/3938 3647/1970/3845 3649/1971/3847 3742/2096/3940
f  3740/2093/3938 3741/2094/3939 3645/1963/3843 3647/2097/3845
f  3743/2098/3941 3741/2094/3939 3727/2075/3925 3726/2076/3924
f  3743/2098/3941 3643/1962/3841 3645/1963/3843 3741/2094/3939
f  3743/2098/3941 3744/2099/3942 3644/1961/3842 3643/1962/3841
f  3743/2098/3941 3726/2076/3924 3730/2077/3928 3744/2099/3942
f  3745/2100/3943 3746/2103/3944 3747/2102/3945 3748/2101/3946
f  3745/2104/3943 3749/2107/3947 3750/2106/3948 3746/2105/3944
f  3745/2108/3943 3751/2110/3949 3534/1821/3732 3749/2109/3947
f  3745/2111/3943 3748/2114/3946 3752/2113/3950 3751/2112/3949
f  3753/2115/3951 3748/2101/3946 3747/2102/3945 3754/2116/3952
f  3753/2117/3951 3755/2118/3953 3752/2113/3950 3748/2114/3946
f  3753/2117/3951 3756/2120/3954 3757/2119/3955 3755/2118/3953
f  3753/2115/3951 3754/2116/3952 3758/2122/3956 3756/2121/3954
f  3759/2123/3957 3754/2116/3952 3747/2102/3945 3760/2124/3958
f  3759/2123/3957 3761/2125/3959 3758/2122/3956 3754/2116/3952
f  3759/2126/3957 3762/2129/3960 3763/2128/3961 3761/2127/3959
f  3759/2126/3957 3760/2131/3958 3764/2130/3962 3762/2129/3960
f  3765/2132/3963 3760/2124/3958 3747/2102/3945 3746/2103/3944
f  3765/2132/3963 3766/2134/3964 3764/2133/3962 3760/2124/3958
f  3765/2135/3963 3767/2138/3965 3613/2137/3811 3766/2136/3964
f  3765/2135/3963 3746/2105/3944 3750/2106/3948 3767/2138/3965
f  3768/2139/3966 3769/2142/3967 3770/2141/3968 3771/2140/3969
f  3768/2139/3966 3599/1910/3797 3586/1895/3784 3769/2142/3967
f  3768/2139/3966 3772/2143/3970 3600/1909/3798 3599/1910/3797
f  3768/2139/3966 3771/2140/3969 3773/2144/3971 3772/2143/3970
f  3774/2145/3972 3771/2140/3969 3770/2141/3968 3775/2146/3973
f  3774/2145/3972 3776/2147/3974 3773/2144/3971 3771/2140/3969
f  3774/2145/3972 3777/2149/3975 3778/2148/3976 3776/2147/3974
f  3774/2145/3972 3775/2146/3973 3779/2150/3977 3777/2149/3975
f  3780/2151/3978 3775/2146/3973 3770/2141/3968 3781/2152/3979
f  3780/2151/3978 3782/2153/3980 3779/2150/3977 3775/2146/3973
f  3780/2151/3978 3755/2155/3953 3757/2154/3955 3782/2153/3980
f  3780/2151/3978 3781/2152/3979 3752/2156/3950 3755/2155/3953
f  3783/2157/3981 3781/2152/3979 3770/2141/3968 3769/2142/3967
f  3783/2157/3981 3751/2110/3949 3752/2156/3950 3781/2152/3979
f  3783/2157/3981 3585/1896/3783 3534/1821/3732 3751/2110/3949
f  3783/2157/3981 3769/2142/3967 3586/1895/3784 3585/1896/3783
f  3784/2158/3982 3785/2161/3983 3786/2160/3984 3787/2159/3985
f  3784/2158/3982 3788/2163/3986 3789/2162/3987 3785/2161/3983
f  3784/2158/3982 3790/2165/3988 3619/2164/3817 3788/2163/3986
f  3784/2166/3982 3787/2169/3985 3791/2168/3989 3790/2167/3988
f  3792/2170/3990 3787/2173/3985 3786/2172/3984 3793/2171/3991
f  3792/2174/3990 3794/2175/3992 3791/2168/3989 3787/2169/3985
f  3792/2174/3990 3795/2177/3993 3796/2176/3994 3794/2175/3992
f  3792/2178/3990 3793/2181/3991 3797/2180/3995 3795/2179/3993
f  3798/2182/3996 3793/2171/3991 3786/2172/3984 3799/2183/3997
f  3798/2182/3996 3800/2185/3998 3797/2184/3995 3793/2171/3991
f  3798/2186/3996 3776/2189/3974 3778/2188/3976 3800/2187/3998
f  3798/2186/3996 3799/2191/3997 3773/2190/3971 3776/2189/3974
f  3801/2192/3999 3799/2193/3997 3786/2160/3984 3785/2161/3983
f  3801/2194/3999 3772/2197/3970 3773/2196/3971 3799/2195/3997
f  3801/2194/3999 3802/2199/4000 3600/2198/3798 3772/2197/3970
f  3801/2192/3999 3785/2161/3983 3789/2162/3987 3802/2200/4000
f  3803/2201/4001 3804/2204/4002 3805/2203/4003 3806/2202/4004
f  3803/2201/4001 3612/1923/3810 3614/1924/3812 3804/2204/4002
f  3803/2201/4001 3766/2205/3964 3613/1922/3811 3612/1923/3810
f  3803/2201/4001 3806/2202/4004 3764/2206/3962 3766/2205/3964
f  3807/2207/4005 3806/2202/4004 3805/2203/4003 3808/2208/4006
f  3807/2209/4005 3762/2129/3960 3764/2130/3962 3806/2210/4004
f  3807/2209/4005 3809/2211/4007 3763/2128/3961 3762/2129/3960
f  3807/2207/4005 3808/2208/4006 3810/2213/4008 3809/2212/4007
f  3811/2214/4009 3808/2208/4006 3805/2203/4003 3812/2215/4010
f  3811/2214/4009 3813/2216/4011 3810/2213/4008 3808/2208/4006
f  3811/2214/4009 3794/2175/3992 3796/2176/3994 3813/2216/4011
f  3811/2214/4009 3812/2215/4010 3791/2168/3989 3794/2175/3992
f  3814/2217/4012 3812/2215/4010 3805/2203/4003 3804/2204/4002
f  3814/2217/4012 3790/2167/3988 3791/2168/3989 3812/2215/4010
f  3814/2217/4012 3617/1927/3815 3619/1928/3817 3790/2167/3988
f  3814/2217/4012 3804/2204/4002 3614/1924/3812 3617/1927/3815
f  3815/2218/4013 3816/2221/4014 3817/2220/4015 3818/2219/4016
f  3815/2218/4013 3819/2223/4017 3820/2222/4018 3816/2221/4014
f  3815/2218/4013 3821/2225/4019 3822/2224/4020 3819/2223/4017
f  3815/2218/4013 3818/2219/4016 3823/2226/4021 3821/2225/4019
f  3824/2227/4022 3818/2219/4016 3817/2220/4015 3825/2228/4023
f  3824/2227/4022 3826/2229/4024 3823/2226/4021 3818/2219/4016
f  3824/2227/4022 3827/2231/4025 3828/2230/4026 3826/2229/4024
f  3824/2227/4022 3825/2228/4023 3829/2232/4027 3827/2231/4025
f  3830/2233/4028 3825/2228/4023 3817/2220/4015 3831/2234/4029
f  3830/2233/4028 3832/2235/4030 3829/2232/4027 3825/2228/4023
f  3830/2233/4028 3573/2237/3771 3575/2236/3773 3832/2235/4030
f  3830/2238/4028 3831/2239/4029 3570/1876/3768 3573/1879/3771
f  3833/2240/4031 3831/2234/4029 3817/2220/4015 3816/2221/4014
f  3833/2241/4031 3568/1875/3766 3570/1876/3768 3831/2239/4029
f  3833/2240/4031 3834/2244/4032 3569/2243/3767 3568/2242/3766
f  3833/2240/4031 3816/2221/4014 3820/2222/4018 3834/2244/4032
f  3835/2245/4033 3836/2248/4034 3837/2247/4035 3838/2246/4036
f  3835/2245/4033 3839/2250/4037 3840/2249/4038 3836/2248/4034
f  3835/2251/4033 3841/2253/4039 3624/1933/3822 3839/2252/4037
f  3835/2251/4033 3838/2255/4036 3842/2254/4040 3841/2253/4039
f  3843/2256/4041 3838/2246/4036 3837/2247/4035 3844/2257/4042
f  3843/2256/4041 3845/2259/4043 3842/2258/4040 3838/2246/4036
f  3843/2260/4041 3846/2263/4044 3847/2262/4045 3845/2261/4043
f  3843/2256/4041 3844/2257/4042 3848/2265/4046 3846/2264/4044
f  3849/2266/4047 3844/2257/4042 3837/2247/4035 3850/2267/4048
f  3849/2266/4047 3851/2268/4049 3848/2265/4046 3844/2257/4042
f  3849/2269/4047 3852/2272/4050 3853/2271/4051 3851/2270/4049
f  3849/2269/4047 3850/2274/4048 3854/2273/4052 3852/2272/4050
f  3855/2275/4053 3850/2267/4048 3837/2247/4035 3836/2248/4034
f  3855/2276/4053 3856/2277/4054 3854/2273/4052 3850/2274/4048
f  3855/2276/4053 3857/2279/4055 3595/2278/3793 3856/2277/4054
f  3855/2275/4053 3836/2248/4034 3840/2249/4038 3857/2280/4055
f  3858/2281/4056 3859/2284/4057 3860/2283/4058 3861/2282/4059
f  3858/2281/4056 3618/1929/3816 3620/1930/3818 3859/2284/4057
f  3858/2281/4056 3862/2285/4060 3619/1928/3817 3618/1929/3816
f  3858/2286/4056 3861/2289/4059 3863/2288/4061 3862/2287/4060
f  3864/2290/4062 3861/2282/4059 3860/2283/4058 3865/2291/4063
f  3864/2292/4062 3866/2293/4064 3863/2288/4061 3861/2289/4059
f  3864/2292/4062 3867/2294/4065 3732/2079/3930 3866/2293/4064
f  3864/2290/4062 3865/2291/4063 3868/2296/4066 3867/2295/4065
f  3869/2297/4067 3865/2291/4063 3860/2283/4058 3870/2298/4068
f  3869/2297/4067 3871/2299/4069 3868/2296/4066 3865/2291/4063
f  3869/2297/4067 3845/2261/4043 3847/2262/4045 3871/2299/4069
f  3869/2297/4067 3870/2298/4068 3842/2254/4040 3845/2261/4043
f  3872/2300/4070 3870/2298/4068 3860/2283/4058 3859/2284/4057
f  3872/2300/4070 3841/2253/4039 3842/2254/4040 3870/2298/4068
f  3872/2300/4070 3622/1932/3820 3624/1933/3822 3841/2253/4039
f  3872/2300/4070 3859/2284/4057 3620/1930/3818 3622/1932/3820
f  3873/2301/4071 3874/2304/4072 3875/2303/4073 3876/2302/4074
f  3873/2301/4071 3802/2306/4000 3789/2305/3987 3874/2304/4072
f  3873/2307/4071 3877/2310/4075 3600/2309/3798 3802/2308/4000
f  3873/2307/4071 3876/2312/4074 3878/2311/4076 3877/2310/4075
f  3879/2313/4077 3876/2302/4074 3875/2303/4073 3880/2314/4078
f  3879/2315/4077 3881/2316/4079 3878/2311/4076 3876/2312/4074
f  3879/2315/4077 3736/2086/3934 3738/2087/3936 3881/2316/4079
f  3879/2313/4077 3880/2314/4078 3733/2081/3931 3736/2084/3934
f  3882/2317/4080 3880/2314/4078 3875/2303/4073 3883/2318/4081
f  3882/2317/4080 3731/2080/3929 3733/2081/3931 3880/2314/4078
f  3882/2317/4080 3866/2293/4064 3732/2079/3930 3731/2080/3929
f  3882/2317/4080 3883/2318/4081 3863/2288/4061 3866/2293/4064
f  3884/2319/4082 3883/2318/4081 3875/2303/4073 3874/2304/4072
f  3884/2319/4082 3862/2287/4060 3863/2288/4061 3883/2318/4081
f  3884/2319/4082 3788/2321/3986 3619/2320/3817 3862/2287/4060
f  3884/2319/4082 3874/2304/4072 3789/2305/3987 3788/2321/3986
f  3885/2322/4083 3886/2325/4084 3887/2324/4085 3888/2323/4086
f  3885/2322/4083 3594/1905/3792 3596/1906/3794 3886/2325/4084
f  3885/2322/4083 3856/2326/4054 3595/1904/3793 3594/1905/3792
f  3885/2322/4083 3888/2323/4086 3854/2327/4052 3856/2326/4054
f  3889/2328/4087 3888/2323/4086 3887/2324/4085 3890/2329/4088
f  3889/2328/4087 3852/2330/4050 3854/2327/4052 3888/2323/4086
f  3889/2328/4087 3891/2332/4089 3853/2331/4051 3852/2330/4050
f  3889/2328/4087 3890/2329/4088 3892/2333/4090 3891/2332/4089
f  3893/2334/4091 3890/2329/4088 3887/2324/4085 3894/2335/4092
f  3893/2334/4091 3895/2336/4093 3892/2333/4090 3890/2329/4088
f  3893/2334/4091 3881/2338/4079 3738/2337/3936 3895/2336/4093
f  3893/2334/4091 3894/2335/4092 3878/2339/4076 3881/2338/4079
f  3896/2340/4094 3894/2335/4092 3887/2324/4085 3886/2325/4084
f  3896/2340/4094 3877/2341/4075 3878/2339/4076 3894/2335/4092
f  3896/2340/4094 3598/1908/3796 3600/1909/3798 3877/2341/4075
f  3896/2340/4094 3886/2325/4084 3596/1906/3794 3598/1908/3796
f  3897/2342/4095 3898/2345/4096 3899/2344/4097 3900/2343/4098
f  3897/2346/4095 3901/2349/4099 3902/2348/4100 3898/2347/4096
f  3897/2350/4095 3800/2187/3998 3778/2188/3976 3901/2351/4099
f  3897/2342/4095 3900/2343/4098 3797/2184/3995 3800/2185/3998
f  3903/2352/4101 3900/2343/4098 3899/2344/4097 3904/2353/4102
f  3903/2352/4101 3795/2354/3993 3797/2184/3995 3900/2343/4098
f  3903/2355/4101 3905/2356/4103 3796/2176/3994 3795/2177/3993
f  3903/2355/4101 3904/2358/4102 3906/2357/4104 3905/2356/4103
f  3907/2359/4105 3904/2362/4102 3899/2361/4097 3908/2360/4106
f  3907/2363/4105 3909/2364/4107 3906/2357/4104 3904/2358/4102
f  3907/2359/4105 3707/2043/3905 3709/2044/3907 3909/2365/4107
f  3907/2359/4105 3908/2360/4106 3705/2038/3903 3707/2043/3905
f  3910/2366/4108 3908/2367/4106 3899/2344/4097 3898/2345/4096
f  3910/2368/4108 3703/2037/3901 3705/2038/3903 3908/2360/4106
f  3910/2369/4108 3911/2370/4109 3704/2034/3902 3703/2035/3901
f  3910/2369/4108 3898/2347/4096 3902/2348/4100 3911/2370/4109
f  3912/2371/4110 3913/2374/4111 3914/2373/4112 3915/2372/4113
f  3912/2371/4110 3468/1728/3666 3470/1729/3668 3913/2374/4111
f  3912/2375/4110 3916/2376/4114 3469/1726/3667 3468/1727/3666
f  3912/2375/4110 3915/2378/4113 3917/2377/4115 3916/2376/4114
f  3918/2379/4116 3915/2372/4113 3914/2373/4112 3919/2380/4117
f  3918/2379/4116 3920/2382/4118 3917/2381/4115 3915/2372/4113
f  3918/2379/4116 3921/2384/4119 3822/2383/4020 3920/2382/4118
f  3918/2379/4116 3919/2380/4117 3922/2385/4120 3921/2384/4119
f  3923/2386/4121 3919/2380/4117 3914/2373/4112 3924/2387/4122
f  3923/2386/4121 3925/2388/4123 3922/2385/4120 3919/2380/4117
f  3923/2389/4121 3926/2392/4124 3927/2391/4125 3925/2390/4123
f  3923/2389/4121 3924/2394/4122 3928/2393/4126 3926/2392/4124
f  3929/2395/4127 3924/2387/4122 3914/2373/4112 3913/2374/4111
f  3929/2396/4127 3930/2397/4128 3928/2393/4126 3924/2394/4122
f  3929/2396/4127 3472/1733/3670 3474/1734/3672 3930/2397/4128
f  3929/2395/4127 3913/2374/4111 3470/1729/3668 3472/1731/3670
f  3931/2398/4129 3932/2401/4130 3933/2400/4131 3934/2399/4132
f  3931/2398/4129 3623/1934/3821 3606/1915/3804 3932/2401/4130
f  3931/2398/4129 3935/2402/4133 3624/1933/3822 3623/1934/3821
f  3931/2398/4129 3934/2399/4132 3936/2403/4134 3935/2402/4133
f  3937/2404/4135 3934/2407/4132 3933/2406/4131 3938/2405/4136
f  3937/2404/4135 3939/2409/4137 3936/2408/4134 3934/2407/4132
f  3937/2410/4135 3826/2229/4024 3828/2230/4026 3939/2411/4137
f  3937/2404/4135 3938/2405/4136 3823/2413/4021 3826/2412/4024
f  3940/2414/4138 3938/2416/4136 3933/2400/4131 3941/2415/4139
f  3940/2414/4138 3821/2225/4019 3823/2226/4021 3938/2416/4136
f  3940/2414/4138 3920/2417/4118 3822/2224/4020 3821/2225/4019
f  3940/2414/4138 3941/2415/4139 3917/2377/4115 3920/2417/4118
f  3942/2418/4140 3941/2415/4139 3933/2400/4131 3932/2401/4130
f  3942/2418/4140 3916/2376/4114 3917/2377/4115 3941/2415/4139
f  3942/2418/4140 3605/1916/3803 3469/1726/3667 3916/2376/4114
f  3942/2418/4140 3932/2401/4130 3606/1915/3804 3605/1916/3803
f  3943/2419/4141 3944/2422/4142 3945/2421/4143 3946/2420/4144
f  3943/2423/4141 3857/2426/4055 3840/2425/4038 3944/2424/4142
f  3943/2427/4141 3947/2430/4145 3595/2429/3793 3857/2428/4055
f  3943/2431/4141 3946/2434/4144 3948/2433/4146 3947/2432/4145
f  3949/2435/4147 3946/2420/4144 3945/2421/4143 3950/2436/4148
f  3949/2437/4147 3951/2438/4149 3948/2433/4146 3946/2434/4144
f  3949/2437/4147 3952/2440/4150 3953/2439/4151 3951/2438/4149
f  3949/2435/4147 3950/2436/4148 3954/2442/4152 3952/2441/4150
f  3955/2443/4153 3950/2436/4148 3945/2421/4143 3956/2444/4154
f  3955/2443/4153 3957/2445/4155 3954/2442/4152 3950/2436/4148
f  3955/2443/4153 3939/2409/4137 3828/2446/4026 3957/2445/4155
f  3955/2443/4153 3956/2444/4154 3936/2408/4134 3939/2409/4137
f  3958/2447/4156 3956/2444/4154 3945/2421/4143 3944/2422/4142
f  3958/2447/4156 3935/2448/4133 3936/2408/4134 3956/2444/4154
f  3958/2447/4156 3839/2450/4037 3624/2449/3822 3935/2448/4133
f  3958/2447/4156 3944/2422/4142 3840/2451/4038 3839/2450/4037
f  3959/2452/4157 3960/2455/4158 3961/2454/4159 3962/2453/4160
f  3959/2452/4157 3589/1899/3787 3590/1900/3788 3960/2455/4158
f  3959/2452/4157 3930/2456/4128 3474/1815/3672 3589/1899/3787
f  3959/2452/4157 3962/2453/4160 3928/2457/4126 3930/2456/4128
f  3963/2458/4161 3962/2453/4160 3961/2454/4159 3964/2459/4162
f  3963/2458/4161 3926/2460/4124 3928/2457/4126 3962/2453/4160
f  3963/2458/4161 3965/2462/4163 3927/2461/4125 3926/2460/4124
f  3963/2458/4161 3964/2459/4162 3966/2463/4164 3965/2462/4163
f  3967/2464/4165 3964/2459/4162 3961/2454/4159 3968/2465/4166
f  3967/2464/4165 3969/2466/4167 3966/2463/4164 3964/2459/4162
f  3967/2464/4165 3951/2468/4149 3953/2467/4151 3969/2466/4167
f  3967/2464/4165 3968/2465/4166 3948/2469/4146 3951/2468/4149
f  3970/2470/4168 3968/2465/4166 3961/2454/4159 3960/2455/4158
f  3970/2470/4168 3947/2471/4145 3948/2469/4146 3968/2465/4166
f  3970/2470/4168 3593/1903/3791 3595/1904/3793 3947/2471/4145
f  3970/2470/4168 3960/2455/4158 3590/1900/3788 3593/1903/3791
f  3971/2472/4169 3972/2475/4170 3973/2474/4171 3974/2473/4172
f  3971/2476/4169 3975/2479/4173 3976/2478/4174 3972/2477/4170
f  3971/2480/4169 3977/2483/4175 3978/2482/4176 3975/2481/4173
f  3971/2472/4169 3974/2473/4172 3979/2485/4177 3977/2484/4175
f  3980/2486/4178 3974/2473/4172 3973/2474/4171 3981/2487/4179
f  3980/2486/4178 3982/2488/4180 3979/2485/4177 3974/2473/4172
f  3980/2486/4178 3983/2490/4181 3984/2489/4182 3982/2488/4180
f  3980/2486/4178 3981/2487/4179 3985/2491/4183 3983/2490/4181
f  3986/2492/4184 3981/2487/4179 3973/2474/4171 3987/2493/4185
f  3986/2492/4184 3988/2494/4186 3985/2491/4183 3981/2487/4179
f  3986/2495/4184 3486/1753/3684 3488/1754/3686 3988/2496/4186
f  3986/2492/4184 3987/2493/4185 3483/2498/3681 3486/2497/3684
f  3989/2499/4187 3987/2493/4185 3973/2474/4171 3972/2475/4170
f  3989/2499/4187 3481/2500/3679 3483/2498/3681 3987/2493/4185
f  3989/2501/4187 3990/2502/4188 3482/1744/3680 3481/1745/3679
f  3989/2501/4187 3972/2477/4170 3976/2478/4174 3990/2502/4188
f  3991/2503/4189 3992/2506/4190 3993/2505/4191 3994/2504/4192
f  3991/2503/4189 3767/2508/3965 3750/2507/3948 3992/2506/4190
f  3991/2503/4189 3995/2510/4193 3613/2509/3811 3767/2508/3965
f  3991/2503/4189 3994/2504/4192 3996/2511/4194 3995/2510/4193
f  3997/2512/4195 3994/2504/4192 3993/2505/4191 3998/2513/4196
f  3997/2512/4195 3999/2514/4197 3996/2511/4194 3994/2504/4192
f  3997/2512/4195 3982/2488/4180 3984/2489/4182 3999/2514/4197
f  3997/2512/4195 3998/2513/4196 3979/2485/4177 3982/2488/4180
f  4000/2515/4198 3998/2513/4196 3993/2505/4191 4001/2516/4199
f  4000/2515/4198 3977/2484/4175 3979/2485/4177 3998/2513/4196
f  4000/2517/4198 4002/2518/4200 3978/2482/4176 3977/2483/4175
f  4000/2517/4198 4001/2520/4199 4003/2519/4201 4002/2518/4200
f  4004/2521/4202 4001/2516/4199 3993/2505/4191 3992/2506/4190
f  4004/2522/4202 4005/2523/4203 4003/2519/4201 4001/2520/4199
f  4004/2522/4202 3749/2525/3947 3534/2524/3732 4005/2523/4203
f  4004/2521/4202 3992/2506/4190 3750/2507/3948 3749/2526/3947
f  4006/2527/4204 4007/2530/4205 4008/2529/4206 4009/2528/4207
f  4006/2527/4204 3661/1985/3859 3663/1986/3861 4007/2530/4205
f  4006/2527/4204 4010/2531/4208 3662/1984/3860 3661/1985/3859
f  4006/2532/4204 4009/2535/4207 4011/2534/4209 4010/2533/4208
f  4012/2536/4210 4009/2528/4207 4008/2529/4206 4013/2537/4211
f  4012/2538/4210 4014/2539/4212 4011/2534/4209 4009/2535/4207
f  4012/2538/4210 4015/2541/4213 4016/2540/4214 4014/2539/4212
f  4012/2536/4210 4013/2537/4211 4017/2543/4215 4015/2542/4213
f  4018/2544/4216 4013/2537/4211 4008/2529/4206 4019/2545/4217
f  4018/2544/4216 4020/2546/4218 4017/2543/4215 4013/2537/4211
f  4018/2547/4216 3999/2514/4197 3984/2489/4182 4020/2548/4218
f  4018/2547/4216 4019/2549/4217 3996/2511/4194 3999/2514/4197
f  4021/2550/4219 4019/2545/4217 4008/2529/4206 4007/2530/4205
f  4021/2551/4219 3995/2510/4193 3996/2511/4194 4019/2549/4217
f  4021/2550/4219 3665/1988/3863 3613/1922/3811 3995/2552/4193
f  4021/2550/4219 4007/2530/4205 3663/1986/3861 3665/1988/3863
f  4022/2553/4220 4023/2556/4221 4024/2555/4222 4025/2554/4223
f  4022/2553/4220 4026/2558/4224 4027/2557/4225 4023/2556/4221
f  4022/2559/4220 4028/2562/4226 3539/2561/3737 4026/2560/4224
f  4022/2559/4220 4025/2564/4223 4029/2563/4227 4028/2562/4226
f  4030/2565/4228 4025/2554/4223 4024/2555/4222 4031/2566/4229
f  4030/2567/4228 4032/2568/4230 4029/2563/4227 4025/2564/4223
f  4030/2567/4228 4033/2570/4231 4034/2569/4232 4032/2568/4230
f  4030/2565/4228 4031/2566/4229 4035/2572/4233 4033/2571/4231
f  4036/2573/4234 4031/2566/4229 4024/2555/4222 4037/2574/4235
f  4036/2573/4234 4038/2575/4236 4035/2572/4233 4031/2566/4229
f  4036/2573/4234 4014/2539/4212 4016/2540/4214 4038/2575/4236
f  4036/2573/4234 4037/2574/4235 4011/2534/4209 4014/2539/4212
f  4039/2576/4237 4037/2574/4235 4024/2555/4222 4023/2556/4221
f  4039/2576/4237 4010/2533/4208 4011/2534/4209 4037/2574/4235
f  4039/2576/4237 4040/2578/4238 3662/2577/3860 4010/2533/4208
f  4039/2576/4237 4023/2556/4221 4027/2557/4225 4040/2578/4238
f  4041/2579/4239 4042/2582/4240 4043/2581/4241 4044/2580/4242
f  4041/2579/4239 3533/1822/3731 3535/1823/3733 4042/2582/4240
f  4041/2579/4239 4005/2583/4203 3534/1821/3732 3533/1822/3731
f  4041/2579/4239 4044/2580/4242 4003/2584/4201 4005/2583/4203
f  4045/2585/4243 4044/2580/4242 4043/2581/4241 4046/2586/4244
f  4045/2585/4243 4002/2587/4200 4003/2584/4201 4044/2580/4242
f  4045/2585/4243 4047/2589/4245 3978/2588/4176 4002/2587/4200
f  4045/2585/4243 4046/2586/4244 4048/2590/4246 4047/2589/4245
f  4049/2591/4247 4046/2586/4244 4043/2581/4241 4050/2592/4248
f  4049/2591/4247 4051/2593/4249 4048/2590/4246 4046/2586/4244
f  4049/2591/4247 4032/2595/4230 4034/2594/4232 4051/2593/4249
f  4049/2591/4247 4050/2592/4248 4029/2596/4227 4032/2595/4230
f  4052/2597/4250 4050/2592/4248 4043/2581/4241 4042/2582/4240
f  4052/2597/4250 4028/2598/4226 4029/2596/4227 4050/2592/4248
f  4052/2597/4250 3537/1825/3735 3539/1826/3737 4028/2598/4226
f  4052/2597/4250 4042/2582/4240 3535/1823/3733 3537/1825/3735
f  4053/2599/4251 4054/2602/4252 4055/2601/4253 4056/2600/4254
f  4053/2603/4251 3983/2490/4181 3985/2491/4183 4054/2604/4252
f  4053/2603/4251 4020/2548/4218 3984/2489/4182 3983/2490/4181
f  4053/2599/4251 4056/2600/4254 4017/2543/4215 4020/2546/4218
f  4057/2605/4255 4056/2600/4254 4055/2601/4253 4058/2606/4256
f  4057/2605/4255 4015/2542/4213 4017/2543/4215 4056/2600/4254
f  4057/2607/4255 4059/2608/4257 4016/2540/4214 4015/2541/4213
f  4057/2607/4255 4058/2610/4256 4060/2609/4258 4059/2608/4257
f  4061/2611/4259 4058/2606/4256 4055/2601/4253 4062/2612/4260
f  4061/2613/4259 4063/2614/4261 4060/2609/4258 4058/2610/4256
f  4061/2615/4259 3492/1759/3690 3494/1760/3692 4063/2616/4261
f  4061/2615/4259 4062/2617/4260 3489/1756/3687 3492/1759/3690
f  4064/2618/4262 4062/2612/4260 4055/2601/4253 4054/2602/4252
f  4064/2619/4262 3487/1755/3685 3489/1756/3687 4062/2617/4260
f  4064/2620/4262 3988/2494/4186 3488/2622/3686 3487/2621/3685
f  4064/2620/4262 4054/2604/4252 3985/2491/4183 3988/2494/4186
f  4065/2623/4263 4066/2626/4264 4067/2625/4265 4068/2624/4266
f  4065/2623/4263 3905/2356/4103 3906/2357/4104 4066/2626/4264
f  4065/2623/4263 3813/2216/4011 3796/2176/3994 3905/2356/4103
f  4065/2623/4263 4068/2624/4266 3810/2213/4008 3813/2216/4011
f  4069/2627/4267 4068/2624/4266 4067/2625/4265 4070/2628/4268
f  4069/2627/4267 3809/2212/4007 3810/2213/4008 4068/2624/4266
f  4069/2629/4267 4071/2630/4269 3763/2128/3961 3809/2211/4007
f  4069/2629/4267 4070/2632/4268 4072/2631/4270 4071/2630/4269
f  4073/2633/4271 4070/2628/4268 4067/2625/4265 4074/2634/4272
f  4073/2635/4271 4075/2636/4273 4072/2631/4270 4070/2632/4268
f  4073/2635/4271 3689/2014/3887 3692/2015/3890 4075/2636/4273
f  4073/2635/4271 4074/2637/4272 3690/2013/3888 3689/2014/3887
f  4076/2638/4274 4074/2634/4272 4067/2625/4265 4066/2626/4264
f  4076/2639/4274 3708/2045/3906 3690/2046/3888 4074/2640/4272
f  4076/2639/4274 3909/2365/4107 3709/2044/3907 3708/2045/3906
f  4076/2638/4274 4066/2626/4264 3906/2357/4104 3909/2364/4107
f  4077/2641/4275 4078/2644/4276 4079/2643/4277 4080/2642/4278
f  4077/2641/4275 3827/2646/4025 3829/2645/4027 4078/2644/4276
f  4077/2641/4275 3957/2445/4155 3828/2446/4026 3827/2646/4025
f  4077/2641/4275 4080/2642/4278 3954/2442/4152 3957/2445/4155
f  4081/2647/4279 4080/2642/4278 4079/2643/4277 4082/2648/4280
f  4081/2647/4279 3952/2441/4150 3954/2442/4152 4080/2642/4278
f  4081/2649/4279 4083/2651/4281 3953/2467/4151 3952/2650/4150
f  4081/2649/4279 4082/2653/4280 4084/2652/4282 4083/2651/4281
f  4085/2654/4283 4082/2657/4280 4079/2656/4277 4086/2655/4284
f  4085/2658/4283 4087/2659/4285 4084/2652/4282 4082/2653/4280
f  4085/2658/4283 3578/1888/3776 3580/1889/3778 4087/2659/4285
f  4085/2654/4283 4086/2655/4284 3576/1885/3774 3578/1886/3776
f  4088/2660/4286 4086/2661/4284 4079/2643/4277 4078/2644/4276
f  4088/2662/4286 3574/1881/3772 3576/1882/3774 4086/2663/4284
f  4088/2662/4286 3832/2664/4030 3575/1880/3773 3574/1881/3772
f  4088/2660/4286 4078/2644/4276 3829/2645/4027 3832/2665/4030
f  3697/2666/4287 4089/2669/4288 4090/2668/4289 3698/2667/4290
f  4091/2670/4291 4092/2673/4292 4093/2672/4293 4094/2671/4294
f  4095/2674/4295 3895/2336/4093 3738/2337/3936 3737/2090/3935
f  4095/2674/4295 4096/2675/4296 3892/2333/4090 3895/2336/4093
f  3482/2676/4297 4097/2679/4298 4098/2678/4299 3479/2677/4300
f  4099/2680/4301 3891/2332/4089 3892/2333/4090 4096/2675/4296
f  4099/2680/4301 4100/2681/4302 3853/2331/4051 3891/2332/4089
f  3699/2682/4303 4101/2683/4304 4089/2669/4288 3697/2666/4287
f  4094/2671/4294 4093/2672/4293 4102/2685/4305 4103/2684/4306
f  4104/2686/4307 4105/2689/4308 4106/2688/4309 4107/2687/4310
f  4099/2690/4311 4108/2693/4312 4109/2692/4313 4100/2691/4314
f  3702/2694/4315 4110/2697/4316 4101/2696/4304 3699/2695/4303
f  4111/2698/4317 4112/2699/4318 4105/2689/4308 4104/2686/4307
f  3648/2700/4319 4113/2703/4320 4114/2702/4321 3649/2701/4322
f  3704/2704/4323 4115/2705/4324 4110/2697/4316 3702/2694/4315
f  4116/2706/4325 4117/2709/4326 4118/2708/4327 3632/2707/4328
f  4119/2710/4329 4120/2713/4330 4121/2712/4331 4122/2711/4332
f  4119/2710/4329 4059/2608/4257 4060/2609/4258 4120/2713/4330
f  4119/2710/4329 4038/2575/4236 4016/2540/4214 4059/2608/4257
f  4119/2710/4329 4122/2711/4332 4035/2572/4233 4038/2575/4236
f  4123/2714/4333 4122/2711/4332 4121/2712/4331 4124/2715/4334
f  4123/2714/4333 4033/2571/4231 4035/2572/4233 4122/2711/4332
f  4123/2716/4333 4103/2717/4335 4034/2569/4232 4033/2570/4231
f  4123/2718/4333 4124/2721/4334 4094/2720/4336 4103/2719/4335
f  4125/2722/4337 4124/2715/4334 4121/2712/4331 4126/2723/4338
f  4125/2724/4337 4091/2725/4339 4094/2720/4336 4124/2721/4334
f  4125/2724/4337 3497/1770/3695 3499/1771/3697 4091/2725/4339
f  4125/2722/4337 4126/2723/4338 3495/1767/3693 3497/1768/3695
f  4127/2726/4340 4126/2723/4338 4121/2712/4331 4120/2713/4330
f  4127/2726/4340 3493/2727/3691 3495/1767/3693 4126/2723/4338
f  4127/2728/4340 4063/2616/4261 3494/1760/3692 3493/1761/3691
f  4127/2726/4340 4120/2713/4330 4060/2609/4258 4063/2614/4261
f  4128/2729/4341 4129/2732/4342 4130/2731/4343 4131/2730/4344
f  4128/2729/4341 4083/2651/4281 4084/2652/4282 4129/2732/4342
f  4128/2729/4341 3969/2466/4167 3953/2467/4151 4083/2651/4281
f  4128/2729/4341 4131/2730/4344 3966/2463/4164 3969/2466/4167
f  4132/2733/4345 4131/2730/4344 4130/2731/4343 4133/2734/4346
f  4132/2733/4345 3965/2462/4163 3966/2463/4164 4131/2730/4344
f  4132/2733/4345 4134/2735/4347 3927/2461/4125 3965/2462/4163
f  4132/2733/4345 4133/2734/4346 4135/2736/4348 4134/2735/4347
f  4136/2737/4349 4133/2734/4346 4130/2731/4343 4137/2738/4350
f  4136/2737/4349 4138/2739/4351 4135/2736/4348 4133/2734/4346
f  4136/2737/4349 3560/1860/3758 3563/1861/3761 4138/2739/4351
f  4136/2737/4349 4137/2738/4350 3561/1859/3759 3560/1860/3758
f  4139/2740/4352 4137/2738/4350 4130/2731/4343 4129/2732/4342
f  4139/2740/4352 3579/1890/3777 3561/1859/3759 4137/2738/4350
f  4139/2740/4352 4087/2659/4285 3580/1889/3778 3579/1890/3777
f  4139/2740/4352 4129/2732/4342 4084/2652/4282 4087/2659/4285
f  4096/2741/4353 4140/2742/4354 4108/2693/4312 4099/2690/4311
f  3630/2743/4355 4141/2744/4356 4113/2703/4320 3648/2700/4319
f  4142/2745/4357 4051/2593/4249 4034/2594/4232 4103/2746/4335
f  4142/2745/4357 4143/2747/4358 4048/2590/4246 4051/2593/4249
f  3975/2748/4359 4144/2751/4360 4145/2750/4361 3976/2749/4362
f  4146/2752/4363 4047/2589/4245 4048/2590/4246 4143/2747/4358
f  4146/2752/4363 3975/2753/4173 3978/2588/4176 4047/2589/4245
f  4147/2754/4364 4148/2755/4365 4117/2709/4326 4116/2706/4325
f  4149/2756/4366 4150/2759/4367 4112/2758/4318 4111/2757/4317
f  4095/2760/4368 4151/2761/4369 4140/2742/4354 4096/2741/4353
f  3698/2667/4290 4090/2668/4289 4152/2763/4370 4153/2762/4371
f  3629/2764/4372 4154/2765/4373 4141/2744/4356 3630/2743/4355
f  3976/2749/4362 4145/2750/4361 4155/2767/4374 3990/2766/4375
f  4100/2768/4314 4109/2769/4313 4148/2755/4365 4147/2754/4364
f  4153/2770/4371 4152/2773/4370 4156/2772/4376 4157/2771/4377
f  3632/2774/4328 4118/2775/4327 4154/2765/4373 3629/2764/4372
f  4158/2776/4378 4159/2779/4379 4160/2778/4380 4161/2777/4381
f  4158/2776/4378 4071/2781/4269 4072/2780/4270 4159/2779/4379
f  4158/2782/4378 3761/2127/3959 3763/2128/3961 4071/2630/4269
f  4158/2776/4378 4161/2777/4381 3758/2122/3956 3761/2125/3959
f  4162/2783/4382 4161/2777/4381 4160/2778/4380 4163/2784/4383
f  4162/2783/4382 3756/2121/3954 3758/2122/3956 4161/2777/4381
f  4162/2785/4382 4149/2786/4384 3757/2119/3955 3756/2120/3954
f  4162/2787/4382 4163/2790/4383 4157/2789/4385 4149/2788/4384
f  4164/2791/4386 4163/2784/4383 4160/2778/4380 4165/2792/4387
f  4164/2793/4386 4153/2794/4388 4157/2789/4385 4163/2790/4383
f  4164/2793/4386 3696/2025/3894 3698/2026/3896 4153/2794/4388
f  4164/2795/4386 4165/2796/4387 3693/2017/3891 3696/2023/3894
f  4166/2797/4389 4165/2796/4387 4160/2799/4380 4159/2798/4379
f  4166/2797/4389 3691/2016/3889 3693/2017/3891 4165/2796/4387
f  4166/2797/4389 4075/2636/4273 3692/2015/3890 3691/2016/3889
f  4166/2797/4389 4159/2798/4379 4072/2631/4270 4075/2636/4273
f  4167/2800/4390 4168/2803/4391 4169/2802/4392 4170/2801/4393
f  4167/2804/4390 4100/2768/4302 4147/2754/4394 4168/2805/4391
f  4167/2804/4390 3851/2270/4049 3853/2271/4051 4100/2768/4302
f  4167/2800/4390 4170/2801/4393 3848/2265/4046 3851/2268/4049
f  4171/2806/4395 4170/2801/4393 4169/2802/4392 4172/2807/4396
f  4171/2806/4395 3846/2264/4044 3848/2265/4046 4170/2801/4393
f  4171/2808/4395 4173/2809/4397 3847/2262/4045 3846/2263/4044
f  4171/2808/4395 4172/2811/4396 4174/2810/4398 4173/2809/4397
f  4175/2812/4399 4172/2807/4396 4169/2802/4392 4176/2813/4400
f  4175/2814/4399 4177/2815/4401 4174/2810/4398 4172/2811/4396
f  4175/2814/4399 3636/2817/3834 3638/2816/3836 4177/2815/4401
f  4175/2818/4399 4176/2819/4400 3633/1951/3831 3636/1952/3834
f  4178/2820/4402 4176/2813/4400 4169/2802/4392 4168/2803/4391
f  4178/2820/4402 3631/2822/3829 3633/2821/3831 4176/2813/4400
f  4178/2823/4402 4116/2824/4403 3632/1943/3830 3631/1944/3829
f  4178/2823/4402 4168/2826/4391 4147/2825/4394 4116/2824/4403
f  3990/2766/4375 4155/2767/4374 4097/2828/4298 3482/2827/4297
f  3737/2090/4404 4179/2830/4405 4151/2829/4369 4095/2674/4368
f  4111/2757/4406 3782/2153/3980 3757/2154/3955 4149/2756/4384
f  4111/2757/4406 4104/2831/4407 3779/2150/3977 3782/2153/3980
f  4157/2771/4377 4156/2772/4376 4150/2833/4367 4149/2832/4366
f  4107/2834/4408 3777/2149/3975 3779/2150/3977 4104/2831/4407
f  4107/2834/4408 3901/2835/4099 3778/2148/3976 3777/2149/3975
f  4146/2836/4409 4180/2839/4410 4144/2838/4360 3975/2837/4359
f  4143/2840/4411 4181/2841/4412 4180/2839/4410 4146/2836/4409
f  3901/2842/4413 4182/2845/4414 4183/2844/4415 3902/2843/4416
f  3649/2846/4322 4114/2849/4321 4184/2848/4417 3742/2847/4418
f  4142/2850/4419 4185/2851/4420 4181/2841/4412 4143/2840/4411
f  3902/2852/4416 4183/2855/4415 4186/2854/4421 3911/2853/4422
f  3742/2847/4418 4184/2848/4417 4187/2857/4423 3739/2856/4424
f  3498/2858/4425 4188/2861/4426 4189/2860/4427 3499/2859/4428
f  3911/2853/4422 4186/2854/4421 4115/2705/4324 3704/2704/4323
f  4190/2862/4429 4191/2865/4430 4192/2864/4431 4193/2863/4432
f  4190/2866/4429 4134/2869/4347 4135/2868/4348 4191/2867/4430
f  4190/2866/4429 3925/2390/4123 3927/2391/4125 4134/2869/4347
f  4190/2862/4429 4193/2863/4432 3922/2385/4120 3925/2388/4123
f  4194/2870/4433 4193/2863/4432 4192/2864/4431 4195/2871/4434
f  4194/2870/4433 3921/2384/4119 3922/2385/4120 4193/2863/4432
f  4194/2870/4433 3819/2872/4017 3822/2383/4020 3921/2384/4119
f  4194/2870/4433 4195/2871/4434 3820/2873/4018 3819/2872/4017
f  4196/2874/4435 4195/2871/4434 4192/2864/4431 4197/2875/4436
f  4196/2874/4435 3834/2876/4032 3820/2873/4018 4195/2871/4434
f  4196/2874/4435 3567/1872/3765 3569/1873/3767 3834/2876/4032
f  4196/2874/4435 4197/2875/4436 3564/1865/3762 3567/1872/3765
f  4198/2877/4437 4197/2875/4436 4192/2864/4431 4191/2865/4430
f  4198/2877/4437 3562/1864/3760 3564/1865/3762 4197/2875/4436
f  4198/2878/4437 4138/2739/4351 3563/1861/3761 3562/1862/3760
f  4198/2878/4437 4191/2879/4430 4135/2736/4348 4138/2739/4351
f  4199/2880/4438 4200/2883/4439 4201/2882/4440 4202/2881/4441
f  4199/2880/4438 4173/2809/4397 4174/2810/4398 4200/2883/4439
f  4199/2880/4438 3871/2299/4069 3847/2262/4045 4173/2809/4397
f  4199/2880/4438 4202/2881/4441 3868/2296/4066 3871/2299/4069
f  4203/2884/4442 4202/2881/4441 4201/2882/4440 4204/2885/4443
f  4203/2884/4442 3867/2295/4065 3868/2296/4066 4202/2881/4441
f  4203/2886/4442 3729/2078/3927 3732/2079/3930 3867/2294/4065
f  4203/2886/4442 4204/2887/4443 3730/2077/3928 3729/2078/3927
f  4205/2888/4444 4204/2885/4443 4201/2882/4440 4206/2889/4445
f  4205/2890/4444 3744/2099/3942 3730/2077/3928 4204/2887/4443
f  4205/2890/4444 3642/1960/3840 3644/1961/3842 3744/2099/3942
f  4205/2891/4444 4206/2892/4445 3639/1955/3837 3642/1958/3840
f  4207/2893/4446 4206/2889/4445 4201/2882/4440 4200/2883/4439
f  4207/2894/4446 3637/1954/3835 3639/1955/3837 4206/2892/4445
f  4207/2894/4446 4177/2895/4401 3638/1953/3836 3637/1954/3835
f  4207/2893/4446 4200/2883/4439 4174/2810/4398 4177/2815/4401
f  4208/2896/4447 4209/2899/4448 4210/2898/4449 4211/2897/4450
f  4208/2900/4447 4212/2903/4451 4213/2902/4452 4209/2901/4448
f  4208/2900/4447 3447/2905/3645 3449/2904/3647 4212/2903/4451
f  4208/2896/4447 4211/2897/4450 3445/2907/3643 3447/2906/3645
f  4214/2908/4453 4211/2897/4450 4210/2898/4449 4215/2909/4454
f  4214/2908/4453 3443/2910/3641 3445/2907/3643 4211/2897/4450
f  4214/2908/4453 3551/2912/3749 3444/2911/3642 3443/2910/3641
f  4214/2908/4453 4215/2909/4454 3548/2913/3746 3551/2912/3749
f  4216/2914/4455 4215/2909/4454 4210/2898/4449 4217/2915/4456
f  4216/2914/4455 3546/2916/3744 3548/2913/3746 4215/2909/4454
f  4216/2914/4455 3718/2061/3916 3547/2062/3745 3546/2916/3744
f  4216/2914/4455 4217/2915/4456 3715/2058/3913 3718/2061/3916
f  4218/2917/4457 4217/2915/4456 4210/2898/4449 4209/2899/4448
f  4218/2917/4457 3714/2057/3912 3715/2058/3913 4217/2915/4456
f  4218/2918/4457 4219/2919/4458 3673/2055/3871 3714/2056/3912
f  4218/2918/4457 4209/2901/4448 4213/2902/4452 4219/2919/4458
f  4220/2920/4459 4221/2923/4460 4222/2922/4461 4223/2921/4462
f  4220/2920/4459 3448/2925/3646 3430/2924/3628 4221/2923/4460
f  4220/2926/4459 4212/2903/4451 3449/2904/3647 3448/2927/3646
f  4220/2926/4459 4223/2928/4462 4213/2902/4452 4212/2903/4451
f  4224/2929/4463 4223/2921/4462 4222/2922/4461 4225/2930/4464
f  4224/2929/4463 4219/2932/4458 4213/2931/4452 4223/2921/4462
f  4224/2929/4463 3670/1994/3868 3673/1995/3871 4219/2932/4458
f  4224/2929/4463 4225/2930/4464 3671/1993/3869 3670/1994/3868
f  4226/2933/4465 4225/2930/4464 4222/2922/4461 4227/2934/4466
f  4226/2933/4465 3684/2008/3882 3671/1993/3869 4225/2930/4464
f  4226/2933/4465 3504/2935/3702 3507/2007/3705 3684/2008/3882
f  4226/2933/4465 4227/2934/4466 3505/2936/3703 3504/2935/3702
f  4228/2937/4467 4227/2934/4466 4222/2922/4461 4221/2923/4460
f  4228/2937/4467 3519/2938/3717 3505/2936/3703 4227/2934/4466
f  4228/2937/4467 3429/2940/3627 3432/2939/3630 3519/2938/3717
f  4228/2937/4467 4221/2923/4460 3430/2924/3628 3429/2940/3627
f  4229/2941/4468 4230/2944/4469 4231/2943/4470 4232/2942/4471
f  4229/2941/4468 3656/1979/3854 3657/1980/3855 4230/2944/4469
f  4229/2941/4468 3723/2069/3921 3463/1718/3661 3656/1979/3854
f  4229/2941/4468 4232/2942/4471 3720/2945/3918 3723/2069/3921
f  4233/2946/4472 4232/2942/4471 4231/2943/4470 4234/2947/4473
f  4233/2946/4472 3719/2948/3917 3720/2945/3918 4232/2942/4471
f  4233/2946/4472 3544/1833/3742 3547/1834/3745 3719/2948/3917
f  4233/2946/4472 4234/2947/4473 3545/1832/3743 3544/1833/3742
f  4235/2949/4474 4234/2947/4473 4231/2943/4470 4236/2950/4475
f  4235/2949/4474 3555/1852/3753 3545/1832/3743 4234/2947/4473
f  4235/2951/4474 4237/2952/4476 3513/1788/3711 3555/1851/3753
f  4235/2951/4474 4236/2954/4475 4238/2953/4477 4237/2952/4476
f  4239/2955/4478 4236/2950/4475 4231/2943/4470 4230/2944/4469
f  4239/2955/4478 4240/2957/4479 4238/2956/4477 4236/2950/4475
f  4239/2955/4478 3660/1983/3858 3662/1984/3860 4240/2957/4479
f  4239/2955/4478 4230/2944/4469 3657/1980/3855 3660/1983/3858
f  4241/2958/4480 4242/2961/4481 4243/2960/4482 4244/2959/4483
f  4241/2962/4480 3680/2003/3878 3681/2004/3879 4242/2963/4481
f  4241/2962/4480 4026/2964/4224 3539/1826/3737 3680/2003/3878
f  4241/2958/4480 4244/2959/4483 4027/2966/4225 4026/2965/4224
f  4245/2967/4484 4244/2959/4483 4243/2960/4482 4246/2968/4485
f  4245/2969/4484 4040/2578/4238 4027/2557/4225 4244/2970/4483
f  4245/2967/4484 4240/2973/4479 3662/2972/3860 4040/2971/4238
f  4245/2967/4484 4246/2968/4485 4238/2953/4477 4240/2973/4479
f  4247/2974/4486 4246/2968/4485 4243/2960/4482 4248/2975/4487
f  4247/2974/4486 4237/2952/4476 4238/2953/4477 4246/2968/4485
f  4247/2974/4486 3511/1787/3709 3513/1788/3711 4237/2952/4476
f  4247/2974/4486 4248/2975/4487 3508/1784/3706 3511/1787/3709
f  4249/2976/4488 4248/2975/4487 4243/2960/4482 4242/2961/4481
f  4249/2976/4488 3506/1783/3704 3508/1784/3706 4248/2975/4487
f  4249/2977/4488 3683/2006/3881 3507/2007/3705 3506/2978/3704
f  4249/2977/4488 4242/2963/4481 3681/2004/3879 3683/2006/3881
f  4250/2979/4489 4251/2982/4490 4252/2981/4491 4253/2980/4492
f  4250/2979/4489 4254/2984/4493 4255/2983/4494 4251/2982/4490
f  4250/2979/4489 4256/2986/4495 4257/2985/4496 4254/2984/4493
f  4250/2979/4489 4253/2980/4492 4258/2987/4497 4256/2986/4495
f  4259/2988/4498 4253/2980/4492 4252/2981/4491 4260/2989/4499
f  4259/2988/4498 4261/2990/4500 4258/2987/4497 4253/2980/4492
f  4259/2988/4498 4262/2992/4501 4263/2991/4502 4261/2990/4500
f  4259/2988/4498 4260/2989/4499 4264/2993/4503 4262/2992/4501
f  4265/2994/4504 4260/2989/4499 4252/2981/4491 4266/2995/4505
f  4265/2996/4504 4267/2999/4506 4264/2998/4503 4260/2997/4499
f  4265/2996/4504 4268/3001/4507 4269/3000/4508 4267/2999/4506
f  4265/2994/4504 4266/2995/4505 4270/3003/4509 4268/3002/4507
f  4271/3004/4510 4266/2995/4505 4252/2981/4491 4251/2982/4490
f  4271/3004/4510 4272/3005/4511 4270/3003/4509 4266/2995/4505
f  4271/3004/4510 4273/3007/4512 4274/3006/4513 4272/3005/4511
f  4271/3004/4510 4251/2982/4490 4255/2983/4494 4273/3007/4512
f  4275/3008/4514 4276/3011/4515 4277/3010/4516 4278/3009/4517
f  4275/3008/4514 3085/3013/3271 3087/3012/3273 4276/3011/4515
f  4275/3008/4514 3389/1610/3587 3086/1611/3272 3085/3013/3271
f  4275/3008/4514 4278/3009/4517 3390/1609/3588 3389/1610/3587
f  4279/3014/4518 4278/3009/4517 4277/3010/4516 4280/3015/4519
f  4279/3014/4518 3399/1623/3597 3390/1609/3588 4278/3009/4517
f  4279/3014/4518 4281/3016/4520 3400/1622/3598 3399/1623/3597
f  4279/3014/4518 4280/3015/4519 4282/3017/4521 4281/3016/4520
f  4283/3018/4522 4280/3015/4519 4277/3010/4516 4284/3019/4523
f  4283/3018/4522 4285/3020/4524 4282/3017/4521 4280/3015/4519
f  4283/3018/4522 4286/3022/4525 4287/3021/4526 4285/3020/4524
f  4283/3018/4522 4284/3019/4523 4288/3023/4527 4286/3022/4525
f  4289/3024/4528 4284/3019/4523 4277/3010/4516 4276/3011/4515
f  4289/3024/4528 4290/3025/4529 4288/3023/4527 4284/3019/4523
f  4289/3024/4528 3090/1181/3276 3092/1182/3278 4290/3025/4529
f  4289/3024/4528 4276/3011/4515 3087/3012/3273 3090/1181/3276
f  4291/3026/4530 4292/3029/4531 4293/3028/4532 4294/3027/4533
f  4291/3026/4530 4281/3031/4520 4282/3030/4521 4292/3029/4531
f  4291/3026/4530 3405/1629/3603 3400/1630/3598 4281/3031/4520
f  4291/3026/4530 4294/3027/4533 3406/1628/3604 3405/1629/3603
f  4295/3032/4534 4294/3027/4533 4293/3028/4532 4296/3033/4535
f  4295/3032/4534 3415/1648/3613 3406/1628/3604 4294/3027/4533
f  4295/3032/4534 1911/3034/2004 1025/1647/1077 3415/1648/3613
f  4295/3032/4534 4296/3033/4535 1912/3035/2005 1911/3034/2004
f  4297/3036/4536 4296/3033/4535 4293/3028/4532 4298/3037/4537
f  4297/3036/4536 1915/3038/2008 1912/3035/2005 4296/3033/4535
f  4297/3036/4536 4299/3040/4538 1916/3039/2009 1915/3038/2008
f  4297/3036/4536 4298/3037/4537 4300/3041/4539 4299/3040/4538
f  4301/3042/4540 4298/3037/4537 4293/3028/4532 4292/3029/4531
f  4301/3042/4540 4302/3043/4541 4300/3041/4539 4298/3037/4537
f  4301/3042/4540 4285/3045/4524 4287/3044/4526 4302/3043/4541
f  4301/3042/4540 4292/3029/4531 4282/3030/4521 4285/3045/4524
f  4303/3046/4542 4304/3049/4543 4305/3048/4544 4306/3047/4545
f  4303/3046/4542 4307/3051/4546 4308/3050/4547 4304/3049/4543
f  4303/3046/4542 4309/3053/4548 4310/3052/4549 4307/3051/4546
f  4303/3046/4542 4306/3047/4545 4311/3054/4550 4309/3053/4548
f  4312/3055/4551 4306/3047/4545 4305/3048/4544 4313/3056/4552
f  4312/3055/4551 4314/3057/4553 4311/3054/4550 4306/3047/4545
f  4312/3058/4551 4315/3061/4554 4316/3060/4555 4314/3059/4553
f  4312/3058/4551 4313/3063/4552 4317/3062/4556 4315/3061/4554
f  4318/3064/4557 4313/3056/4552 4305/3048/4544 4319/3065/4558
f  4318/3066/4557 4320/3067/4559 4317/3062/4556 4313/3063/4552
f  4318/3066/4557 4321/3069/4560 4322/3068/4561 4320/3067/4559
f  4318/3064/4557 4319/3065/4558 4323/3071/4562 4321/3070/4560
f  4324/3072/4563 4319/3065/4558 4305/3048/4544 4304/3049/4543
f  4324/3072/4563 4325/3073/4564 4323/3071/4562 4319/3065/4558
f  4324/3072/4563 4326/3075/4565 4327/3074/4566 4325/3073/4564
f  4324/3072/4563 4304/3049/4543 4308/3050/4547 4326/3075/4565
f  4328/3076/4567 4329/3079/4568 4330/3078/4569 4331/3077/4570
f  4328/3076/4567 4262/3080/4501 4264/2998/4503 4329/3079/4568
f  4328/3076/4567 4332/3082/4571 4263/3081/4502 4262/3080/4501
f  4328/3076/4567 4331/3077/4570 4333/3083/4572 4332/3082/4571
f  4334/3084/4573 4331/3077/4570 4330/3078/4569 4335/3085/4574
f  4334/3084/4573 4336/3086/4575 4333/3083/4572 4331/3077/4570
f  4334/3084/4573 4337/3088/4576 4338/3087/4577 4336/3086/4575
f  4334/3084/4573 4335/3085/4574 4339/3089/4578 4337/3088/4576
f  4340/3090/4579 4335/3085/4574 4330/3078/4569 4341/3091/4580
f  4340/3090/4579 4342/3092/4581 4339/3089/4578 4335/3085/4574
f  4340/3090/4579 4343/3094/4582 4344/3093/4583 4342/3092/4581
f  4340/3090/4579 4341/3091/4580 4345/3095/4584 4343/3094/4582
f  4346/3096/4585 4341/3091/4580 4330/3078/4569 4329/3079/4568
f  4346/3096/4585 4347/3097/4586 4345/3095/4584 4341/3091/4580
f  4346/3096/4585 4267/2999/4506 4269/3000/4508 4347/3097/4586
f  4346/3096/4585 4329/3079/4568 4264/2998/4503 4267/2999/4506
f  4348/3098/4587 4349/3101/4588 4350/3100/4589 4351/3099/4590
f  4348/3098/4587 4337/3103/4576 4339/3102/4578 4349/3101/4588
f  4348/3098/4587 4352/3105/4591 4338/3104/4577 4337/3103/4576
f  4348/3098/4587 4351/3099/4590 4353/3106/4592 4352/3105/4591
f  4354/3107/4593 4351/3099/4590 4350/3100/4589 4355/3108/4594
f  4354/3107/4593 4356/3109/4595 4353/3106/4592 4351/3099/4590
f  4354/3110/4593 4357/3113/4596 4358/3112/4597 4356/3111/4595
f  4354/3110/4593 4355/3115/4594 4359/3114/4598 4357/3113/4596
f  4360/3116/4599 4355/3108/4594 4350/3100/4589 4361/3117/4600
f  4360/3118/4599 4362/3119/4601 4359/3114/4598 4355/3115/4594
f  4360/3118/4599 4363/3121/4602 4364/3120/4603 4362/3119/4601
f  4360/3116/4599 4361/3117/4600 4365/3123/4604 4363/3122/4602
f  4366/3124/4605 4361/3117/4600 4350/3100/4589 4349/3101/4588
f  4366/3124/4605 4367/3125/4606 4365/3123/4604 4361/3117/4600
f  4366/3124/4605 4342/3127/4581 4344/3126/4583 4367/3125/4606
f  4366/3124/4605 4349/3101/4588 4339/3102/4578 4342/3127/4581
f  4368/3128/4607 4369/3131/4608 4370/3130/4609 4371/3129/4610
f  4368/3128/4607 4372/3133/4611 4373/3132/4612 4369/3131/4608
f  4368/3128/4607 4302/3043/4541 4287/3044/4526 4372/3133/4611
f  4368/3128/4607 4371/3129/4610 4300/3041/4539 4302/3043/4541
f  4374/3134/4613 4371/3129/4610 4370/3130/4609 4375/3135/4614
f  4374/3134/4613 4299/3040/4538 4300/3041/4539 4371/3129/4610
f  4374/3134/4613 1994/3136/2087 1916/3039/2009 4299/3040/4538
f  4374/3134/4613 4375/3135/4614 1995/3137/2088 1994/3136/2087
f  4376/3138/4615 4375/3135/4614 4370/3130/4609 4377/3139/4616
f  4376/3138/4615 1998/3140/2091 1995/3137/2088 4375/3135/4614
f  4376/3138/4615 4378/3142/4617 1999/3141/2092 1998/3140/2091
f  4376/3138/4615 4377/3139/4616 4379/3143/4618 4378/3142/4617
f  4380/3144/4619 4377/3139/4616 4370/3130/4609 4369/3131/4608
f  4380/3144/4619 4381/3145/4620 4379/3143/4618 4377/3139/4616
f  4380/3144/4619 4382/3147/4621 4383/3146/4622 4381/3145/4620
f  4380/3144/4619 4369/3131/4608 4373/3132/4612 4382/3147/4621
f  4384/3148/4623 4385/3151/4624 4386/3150/4625 4387/3149/4626
f  4384/3148/4623 4388/3153/4627 4389/3152/4628 4385/3151/4624
f  4384/3148/4623 4290/3025/4529 3092/1182/3278 4388/3153/4627
f  4384/3148/4623 4387/3149/4626 4288/3023/4527 4290/3025/4529
f  4390/3154/4629 4387/3149/4626 4386/3150/4625 4391/3155/4630
f  4390/3154/4629 4286/3022/4525 4288/3023/4527 4387/3149/4626
f  4390/3154/4629 4372/3156/4611 4287/3021/4526 4286/3022/4525
f  4390/3154/4629 4391/3155/4630 4373/3157/4612 4372/3156/4611
f  4392/3158/4631 4391/3155/4630 4386/3150/4625 4393/3159/4632
f  4392/3158/4631 4382/3160/4621 4373/3157/4612 4391/3155/4630
f  4392/3158/4631 4394/3162/4633 4383/3161/4622 4382/3160/4621
f  4392/3158/4631 4393/3159/4632 4395/3163/4634 4394/3162/4633
f  4396/3164/4635 4393/3159/4632 4386/3150/4625 4385/3151/4624
f  4396/3164/4635 4397/3165/4636 4395/3163/4634 4393/3159/4632
f  4396/3164/4635 4398/3167/4637 4399/3166/4638 4397/3165/4636
f  4396/3164/4635 4385/3151/4624 4389/3152/4628 4398/3167/4637
f  4400/3168/4639 4401/3171/4640 4402/3170/4641 4403/3169/4642
f  4400/3168/4639 2027/3173/2120 2026/3172/2119 4401/3171/4640
f  4400/3168/4639 3095/1187/3281 695/1188/735 2027/3173/2120
f  4400/3168/4639 4403/3169/4642 3093/1185/3279 3095/1187/3281
f  4404/3174/4643 4403/3169/4642 4402/3170/4641 4405/3175/4644
f  4404/3174/4643 3091/1184/3277 3093/1185/3279 4403/3169/4642
f  4404/3176/4643 4388/3153/4627 3092/1182/3278 3091/1183/3277
f  4404/3176/4643 4405/3177/4644 4389/3152/4628 4388/3153/4627
f  4406/3178/4645 4405/3175/4644 4402/3170/4641 4407/3179/4646
f  4406/3178/4645 4398/3181/4637 4389/3180/4628 4405/3175/4644
f  4406/3178/4645 4408/3183/4647 4399/3182/4638 4398/3181/4637
f  4406/3178/4645 4407/3179/4646 4409/3184/4648 4408/3183/4647
f  4410/3185/4649 4407/3179/4646 4402/3170/4641 4401/3171/4640
f  4410/3185/4649 4411/3186/4650 4409/3184/4648 4407/3179/4646
f  4410/3185/4649 2037/3188/2130 2036/3187/2129 4411/3186/4650
f  4410/3185/4649 4401/3171/4640 2026/3172/2119 2037/3188/2130
f  4412/3189/4651 4413/3192/4652 4414/3191/4653 4415/3190/4654
f  4412/3189/4651 4416/3194/4655 4417/3193/4656 4413/3192/4652
f  4412/3189/4651 4381/3145/4620 4383/3146/4622 4416/3194/4655
f  4412/3189/4651 4415/3190/4654 4379/3143/4618 4381/3145/4620
f  4418/3195/4657 4415/3190/4654 4414/3191/4653 4419/3196/4658
f  4418/3195/4657 4378/3142/4617 4379/3143/4618 4415/3190/4654
f  4418/3195/4657 4420/3197/4659 1999/3141/2092 4378/3142/4617
f  4418/3198/4657 4419/3201/4658 4421/3200/4660 4420/3199/4659
f  4422/3202/4661 4419/3196/4658 4414/3191/4653 4423/3203/4662
f  4422/3204/4661 4424/3205/4663 4421/3200/4660 4419/3201/4658
f  4422/3204/4661 4356/3111/4595 4358/3112/4597 4424/3205/4663
f  4422/3202/4661 4423/3203/4662 4353/3106/4592 4356/3109/4595
f  4425/3206/4664 4423/3203/4662 4414/3191/4653 4413/3192/4652
f  4425/3206/4664 4352/3105/4591 4353/3106/4592 4423/3203/4662
f  4425/3206/4664 4426/3207/4665 4338/3104/4577 4352/3105/4591
f  4425/3206/4664 4413/3192/4652 4417/3193/4656 4426/3207/4665
f  4427/3208/4666 4428/3211/4667 4429/3210/4668 4430/3209/4669
f  4427/3208/4666 4431/3213/4670 4432/3212/4671 4428/3211/4667
f  4427/3208/4666 4397/3165/4636 4399/3166/4638 4431/3213/4670
f  4427/3208/4666 4430/3209/4669 4395/3163/4634 4397/3165/4636
f  4433/3214/4672 4430/3209/4669 4429/3210/4668 4434/3215/4673
f  4433/3214/4672 4394/3162/4633 4395/3163/4634 4430/3209/4669
f  4433/3214/4672 4416/3216/4655 4383/3161/4622 4394/3162/4633
f  4433/3214/4672 4434/3215/4673 4417/3217/4656 4416/3216/4655
f  4435/3218/4674 4434/3215/4673 4429/3210/4668 4436/3219/4675
f  4435/3218/4674 4426/3220/4665 4417/3217/4656 4434/3215/4673
f  4435/3218/4674 4336/3086/4575 4338/3087/4577 4426/3220/4665
f  4435/3218/4674 4436/3219/4675 4333/3083/4572 4336/3086/4575
f  4437/3221/4676 4436/3219/4675 4429/3210/4668 4428/3211/4667
f  4437/3221/4676 4332/3082/4571 4333/3083/4572 4436/3219/4675
f  4437/3221/4676 4438/3222/4677 4263/3081/4502 4332/3082/4571
f  4437/3221/4676 4428/3211/4667 4432/3212/4671 4438/3222/4677
f  4439/3223/4678 4440/3226/4679 4441/3225/4680 4442/3224/4681
f  4439/3223/4678 4443/3228/4682 4444/3227/4683 4440/3226/4679
f  4439/3223/4678 4411/3186/4650 2036/3187/2129 4443/3228/4682
f  4439/3223/4678 4442/3224/4681 4409/3184/4648 4411/3186/4650
f  4445/3229/4684 4442/3224/4681 4441/3225/4680 4446/3230/4685
f  4445/3229/4684 4408/3183/4647 4409/3184/4648 4442/3224/4681
f  4445/3229/4684 4431/3231/4670 4399/3182/4638 4408/3183/4647
f  4445/3229/4684 4446/3230/4685 4432/3232/4671 4431/3231/4670
f  4447/3233/4686 4446/3230/4685 4441/3225/4680 4448/3234/4687
f  4447/3233/4686 4438/3235/4677 4432/3232/4671 4446/3230/4685
f  4447/3233/4686 4261/2990/4500 4263/2991/4502 4438/3235/4677
f  4447/3233/4686 4448/3234/4687 4258/2987/4497 4261/2990/4500
f  4449/3236/4688 4448/3234/4687 4441/3225/4680 4440/3226/4679
f  4449/3236/4688 4256/2986/4495 4258/2987/4497 4448/3234/4687
f  4449/3236/4688 4450/3237/4689 4257/2985/4496 4256/2986/4495
f  4449/3236/4688 4440/3226/4679 4444/3227/4683 4450/3237/4689
f  4451/3238/4690 4452/3241/4691 4453/3240/4692 4454/3239/4693
f  4451/3242/4690 4450/3245/4689 4444/3244/4683 4452/3243/4691
f  4451/3246/4690 4455/3247/4694 4257/2985/4496 4450/3237/4689
f  4451/3238/4690 4454/3239/4693 4456/3249/4695 4455/3248/4694
f  4457/3250/4696 4454/3239/4693 4453/3240/4692 4458/3251/4697
f  4457/3250/4696 4459/3252/4698 4456/3249/4695 4454/3239/4693
f  4457/3253/4696 4424/3205/4663 4358/3112/4597 4459/3254/4698
f  4457/3253/4696 4458/3255/4697 4421/3200/4660 4424/3205/4663
f  4460/3256/4699 4458/3259/4697 4453/3258/4692 4461/3257/4700
f  4460/3260/4699 4420/3199/4659 4421/3200/4660 4458/3255/4697
f  4460/3261/4699 2088/3264/2181 1999/3263/2092 4420/3262/4659
f  4460/3256/4699 4461/3257/4700 2089/3266/2182 2088/3265/2181
f  4462/3267/4701 4461/3257/4700 4453/3258/4692 4452/3243/4691
f  4462/3267/4701 2091/3268/2184 2089/3266/2182 4461/3257/4700
f  4462/3267/4701 4443/3270/4682 2036/3269/2129 2091/3268/2184
f  4462/3267/4701 4452/3243/4691 4444/3244/4683 4443/3270/4682
f  4463/3271/4702 4464/3274/4703 4465/3273/4704 4466/3272/4705
f  4463/3275/4702 4357/3113/4596 4359/3114/4598 4464/3276/4703
f  4463/3275/4702 4459/3254/4698 4358/3112/4597 4357/3113/4596
f  4463/3271/4702 4466/3272/4705 4456/3249/4695 4459/3252/4698
f  4467/3277/4706 4466/3272/4705 4465/3273/4704 4468/3278/4707
f  4467/3277/4706 4455/3248/4694 4456/3249/4695 4466/3272/4705
f  4467/3279/4706 4254/2984/4493 4257/2985/4496 4455/3247/4694
f  4467/3279/4706 4468/3280/4707 4255/2983/4494 4254/2984/4493
f  4469/3281/4708 4468/3278/4707 4465/3273/4704 4470/3282/4709
f  4469/3281/4708 4273/3284/4512 4255/3283/4494 4468/3278/4707
f  4469/3281/4708 4471/3286/4710 4274/3285/4513 4273/3284/4512
f  4469/3281/4708 4470/3282/4709 4472/3287/4711 4471/3286/4710
f  4473/3288/4712 4470/3282/4709 4465/3273/4704 4464/3274/4703
f  4473/3288/4712 4474/3289/4713 4472/3287/4711 4470/3282/4709
f  4473/3290/4712 4362/3119/4601 4364/3120/4603 4474/3291/4713
f  4473/3290/4712 4464/3276/4703 4359/3114/4598 4362/3119/4601
f  4475/3292/4714 4325/3073/4564 4327/3074/4566 4476/3293/4715
f  4475/3294/4714 4477/3297/4716 4323/3296/4562 4325/3295/4564
f  4475/3292/4714 4478/3300/4717 4479/3299/4718 4477/3298/4716
f  4475/3292/4714 4476/3293/4715 4480/3301/4719 4478/3300/4717
f  4481/3302/4720 4482/3305/4721 4483/3304/4722 4484/3303/4723
f  4481/3306/4720 4485/3309/4724 4486/3308/4725 4482/3307/4721
f  4481/3306/4720 4487/3311/4726 4488/3310/4727 4485/3309/4724
f  4481/3302/4720 4484/3303/4723 4489/3313/4728 4487/3312/4726
f  4490/3314/4729 4491/3317/4730 4492/3316/4731 4493/3315/4732
f  4490/3314/4729 4494/3319/4733 4495/3318/4734 4491/3317/4730
f  4490/3314/4729 4496/3321/4735 4497/3320/4736 4494/3319/4733
f  4490/3314/4729 4493/3315/4732 4498/3322/4737 4496/3321/4735
f  4499/3323/4738 4500/3326/4739 4501/3325/4740 4502/3324/4741
f  4499/3327/4738 4484/3303/4723 4483/3304/4722 4500/3328/4739
f  4499/3327/4738 4503/3329/4742 4489/3313/4728 4484/3303/4723
f  4499/3323/4738 4502/3324/4741 4504/3331/4743 4503/3330/4742
f  4505/3332/4744 4506/3335/4745 4507/3334/4746 4508/3333/4747
f  4505/3332/4744 4315/3061/4554 4317/3062/4556 4506/3335/4745
f  4505/3332/4744 4509/3336/4748 4316/3060/4555 4315/3061/4554
f  4505/3332/4744 4508/3333/4747 4510/3337/4749 4509/3336/4748
f  4511/3338/4750 4508/3333/4747 4507/3334/4746 4512/3339/4751
f  4511/3338/4750 4513/3340/4752 4510/3337/4749 4508/3333/4747
f  4511/3338/4750 4514/3342/4753 4515/3341/4754 4513/3340/4752
f  4511/3338/4750 4512/3339/4751 4516/3343/4755 4514/3342/4753
f  4517/3344/4756 4512/3339/4751 4507/3334/4746 4518/3345/4757
f  4517/3344/4756 4519/3346/4758 4516/3343/4755 4512/3339/4751
f  4517/3344/4756 4491/3317/4730 4495/3318/4734 4519/3346/4758
f  4517/3344/4756 4518/3345/4757 4492/3316/4731 4491/3317/4730
f  4520/3347/4759 4518/3345/4757 4507/3334/4746 4506/3335/4745
f  4520/3347/4759 4521/3348/4760 4492/3316/4731 4518/3345/4757
f  4520/3347/4759 4320/3067/4559 4322/3068/4561 4521/3348/4760
f  4520/3347/4759 4506/3335/4745 4317/3062/4556 4320/3067/4559
f  4522/3349/4761 4523/3352/4762 4524/3351/4763 4525/3350/4764
f  4522/3353/4761 4526/3356/4765 4527/3355/4766 4523/3354/4762
f  4522/3353/4761 4528/3358/4767 4529/3357/4768 4526/3356/4765
f  4522/3349/4761 4525/3350/4764 4530/3360/4769 4528/3359/4767
f  4531/3361/4770 4525/3350/4764 4524/3351/4763 4532/3362/4771
f  4531/3361/4770 4533/3363/4772 4530/3360/4769 4525/3350/4764
f  4531/3361/4770 4307/3365/4546 4310/3364/4549 4533/3363/4772
f  4531/3361/4770 4532/3362/4771 4308/3366/4547 4307/3365/4546
f  4534/3367/4773 4532/3362/4771 4524/3351/4763 4535/3368/4774
f  4534/3367/4773 4326/3369/4565 4308/3366/4547 4532/3362/4771
f  4534/3367/4773 4536/3371/4775 4327/3370/4566 4326/3369/4565
f  4534/3367/4773 4535/3368/4774 4486/3308/4725 4536/3371/4775
f  4537/3372/4776 4535/3368/4774 4524/3351/4763 4523/3352/4762
f  4537/3372/4776 4482/3307/4721 4486/3308/4725 4535/3368/4774
f  4537/3373/4776 4538/3374/4777 4483/3304/4722 4482/3305/4721
f  4537/3373/4776 4523/3354/4762 4527/3355/4766 4538/3374/4777
f  4539/3375/4778 4540/3378/4779 4541/3377/4780 4542/3376/4781
f  4539/3375/4778 4514/3380/4753 4516/3379/4755 4540/3378/4779
f  4539/3375/4778 4543/3382/4782 4515/3381/4754 4514/3380/4753
f  4544/3383/4783 4545/3386/4784 4546/3385/4785 4542/3384/4786
f  4544/3387/4787 4542/3376/4781 4541/3377/4780 4547/3388/4788
f  4548/3389/4789 4549/3392/4790 4550/3391/4791 4551/3390/4792
f  4544/3393/4787 4526/3356/4765 4529/3357/4768 4551/3390/4793
f  4544/3393/4787 4547/3394/4788 4527/3355/4766 4526/3356/4765
f  4552/3395/4794 4553/3398/4795 4554/3397/4796 4555/3396/4797
f  4552/3399/4798 4538/3374/4777 4527/3355/4766 4547/3394/4788
f  4552/3399/4798 4500/3328/4739 4483/3304/4722 4538/3374/4777
f  4552/3400/4798 4555/3401/4799 4501/3325/4740 4500/3326/4739
f  4541/3402/4800 4556/3405/4801 4557/3404/4802 4547/3403/4803
f  4558/3406/4804 4559/3407/4805 4501/3325/4740 4555/3401/4799
f  4558/3406/4804 4519/3409/4758 4495/3408/4734 4559/3407/4805
f  4558/3406/4804 4540/3378/4779 4516/3379/4755 4519/3409/4758
f  4560/3410/4806 4561/3413/4807 4562/3412/4808 4563/3411/4809
f  4560/3410/4806 4564/3415/4810 4565/3414/4811 4561/3413/4807
f  4560/3410/4806 4367/3125/4606 4344/3126/4583 4564/3415/4810
f  4560/3410/4806 4563/3411/4809 4365/3123/4604 4367/3125/4606
f  4566/3416/4812 4563/3411/4809 4562/3412/4808 4567/3417/4813
f  4566/3416/4812 4363/3122/4602 4365/3123/4604 4563/3411/4809
f  4566/3418/4812 4568/3419/4814 4364/3120/4603 4363/3121/4602
f  4566/3418/4812 4567/3421/4813 4569/3420/4815 4568/3419/4814
f  4548/3422/4816 4567/3417/4813 4562/3412/4808 4570/3423/4817
f  4548/3389/4816 4571/3424/4818 4569/3420/4815 4567/3421/4813
f  4548/3389/4816 4551/3390/4793 4529/3357/4768 4571/3424/4818
f  4542/3384/4786 4546/3385/4785 4572/3426/4819 4539/3425/4820
f  4573/3427/4821 4570/3423/4817 4562/3412/4808 4561/3413/4807
f  4539/3428/4820 4572/3431/4819 4574/3430/4822 4543/3429/4823
f  4573/3427/4821 4575/3432/4824 4515/3381/4754 4543/3382/4782
f  4573/3427/4821 4561/3413/4807 4565/3414/4811 4575/3432/4824
f  4576/3433/4825 4577/3436/4826 4578/3435/4827 4579/3434/4828
f  4576/3437/4825 4568/3419/4814 4569/3420/4815 4577/3438/4826
f  4576/3437/4825 4474/3291/4713 4364/3120/4603 4568/3419/4814
f  4576/3433/4825 4579/3434/4828 4472/3287/4711 4474/3289/4713
f  4580/3439/4829 4579/3434/4828 4578/3435/4827 4581/3440/4830
f  4580/3439/4829 4471/3286/4710 4472/3287/4711 4579/3434/4828
f  4580/3439/4829 4582/3441/4831 4274/3285/4513 4471/3286/4710
f  4580/3439/4829 4581/3440/4830 4583/3442/4832 4582/3441/4831
f  4584/3443/4833 4581/3440/4830 4578/3435/4827 4585/3444/4834
f  4584/3443/4833 4586/3445/4835 4583/3442/4832 4581/3440/4830
f  4584/3443/4833 4533/3363/4772 4310/3364/4549 4586/3445/4835
f  4584/3443/4833 4585/3444/4834 4530/3360/4769 4533/3363/4772
f  4587/3446/4836 4585/3444/4834 4578/3435/4827 4577/3436/4826
f  4587/3446/4836 4528/3359/4767 4530/3360/4769 4585/3444/4834
f  4587/3447/4836 4571/3424/4818 4529/3357/4768 4528/3358/4767
f  4587/3447/4836 4577/3438/4826 4569/3420/4815 4571/3424/4818
f  4588/3448/4837 4589/3451/4838 4590/3450/4839 4591/3449/4840
f  4588/3448/4837 4592/3453/4841 4593/3452/4842 4589/3451/4838
f  4588/3448/4837 4347/3097/4586 4269/3000/4508 4592/3453/4841
f  4588/3448/4837 4591/3449/4840 4345/3095/4584 4347/3097/4586
f  4594/3454/4843 4591/3449/4840 4590/3450/4839 4595/3455/4844
f  4594/3454/4843 4343/3094/4582 4345/3095/4584 4591/3449/4840
f  4594/3454/4843 4564/3456/4810 4344/3093/4583 4343/3094/4582
f  4594/3454/4843 4595/3455/4844 4565/3457/4811 4564/3456/4810
f  4596/3458/4845 4595/3455/4844 4590/3450/4839 4597/3459/4846
f  4596/3458/4845 4575/3460/4824 4565/3457/4811 4595/3455/4844
f  4596/3458/4845 4513/3340/4752 4515/3341/4754 4575/3460/4824
f  4596/3458/4845 4597/3459/4846 4510/3337/4749 4513/3340/4752
f  4598/3461/4847 4597/3459/4846 4590/3450/4839 4589/3451/4838
f  4598/3461/4847 4509/3336/4748 4510/3337/4749 4597/3459/4846
f  4598/3461/4847 4599/3462/4848 4316/3060/4555 4509/3336/4748
f  4598/3461/4847 4589/3451/4838 4593/3452/4842 4599/3462/4848
f  4600/3463/4849 4601/3466/4850 4602/3465/4851 4603/3464/4852
f  4600/3463/4849 4582/3468/4831 4583/3467/4832 4601/3466/4850
f  4600/3463/4849 4272/3005/4511 4274/3006/4513 4582/3468/4831
f  4600/3463/4849 4603/3464/4852 4270/3003/4509 4272/3005/4511
f  4604/3469/4853 4603/3472/4852 4602/3471/4851 4605/3470/4854
f  4604/3473/4853 4268/3002/4507 4270/3003/4509 4603/3464/4852
f  4604/3474/4853 4592/3453/4841 4269/3000/4508 4268/3001/4507
f  4604/3474/4853 4605/3475/4854 4593/3452/4842 4592/3453/4841
f  4606/3476/4855 4605/3470/4854 4602/3471/4851 4607/3477/4856
f  4606/3476/4855 4599/3479/4848 4593/3478/4842 4605/3470/4854
f  4606/3476/4855 4314/3481/4553 4316/3480/4555 4599/3479/4848
f  4606/3476/4855 4607/3477/4856 4311/3482/4550 4314/3481/4553
f  4608/3483/4857 4607/3484/4856 4602/3465/4851 4601/3466/4850
f  4608/3483/4857 4309/3053/4548 4311/3054/4550 4607/3484/4856
f  4608/3483/4857 4586/3485/4835 4310/3052/4549 4309/3053/4548
f  4608/3483/4857 4601/3466/4850 4583/3467/4832 4586/3485/4835
f  4609/3486/4858 4610/3489/4859 4611/3488/4860 4612/3487/4861
f  4609/3486/4858 2243/3491/2346 2242/3490/2345 4610/3489/4859
f  4609/3486/4858 3173/1286/4862 778/1287/2347 2243/3491/2346
f  4609/3486/4858 4612/3487/4861 3171/1284/4863 3173/1286/4862
f  4613/3492/4864 4612/3487/4861 4611/3488/4860 4614/3493/4865
f  4613/3492/4864 3169/1283/4866 3171/1284/4863 4612/3487/4861
f  4613/3492/4864 3227/3494/3417 3170/1282/3420 3169/1283/4866
f  4613/3492/4864 4614/3493/4865 3228/3495/3418 3227/3494/3417
f  4615/3496/4867 4616/3499/4868 4617/3498/4869 4618/3497/4870
f  4615/3496/4867 3231/1380/3425 3232/1381/3427 4616/3499/4868
f  4615/3500/4867 3209/1340/4871 3181/1295/3426 3231/3501/3425
f  4615/3500/4867 4618/3502/4870 3207/1337/4872 3209/1340/4871
f  4619/3503/4873 4618/3506/4870 4617/3505/4869 4620/3504/4874
f  4619/3507/4873 3203/1336/4875 3207/1337/4872 4618/3502/4870
f  4619/3503/4873 2253/3510/2363 2252/3509/2362 3203/3508/4875
f  4619/3503/4873 4620/3504/4874 2254/3511/2364 2253/3510/2363
f  4621/3512/4876 2258/3515/2368 2257/3514/2367 4622/3513/4877
f  4621/3512/4876 4623/3517/4878 2259/3516/2369 2258/3515/2368
f  4621/3512/4876 4624/3519/4879 4625/3518/4880 4623/3517/4878
f  4621/3512/4876 4622/3513/4877 4626/3520/4881 4624/3519/4879
f  4627/3521/4882 4628/3524/4883 4629/3523/4884 4630/3522/4885
f  4627/3521/4882 4631/3526/4886 4632/3525/4887 4628/3524/4883
f  4627/3527/4882 4633/3530/4888 4634/3529/4889 4631/3528/4886
f  4627/3521/4882 4630/3522/4885 4635/3532/4890 4633/3531/4888
f  4636/3533/4891 4637/3536/4892 4638/3535/4893 4639/3534/4894
f  4636/3537/4895 4640/3540/4896 4641/3539/4897 4637/3538/4898
f  4636/3541/4895 4642/3544/4899 4643/3543/4900 4640/3542/4896
f  4636/3533/4891 4639/3534/4894 4644/3546/4901 4642/3545/4902
f  4645/3547/4903 4646/3550/4904 4647/3549/4905 4648/3548/4906
f  4645/3547/4903 4649/3552/4907 4650/3551/4908 4646/3550/4904
f  4645/3547/4903 4651/3554/4909 4652/3553/4910 4649/3552/4907
f  4645/3547/4903 4648/3548/4906 4653/3555/4911 4651/3554/4909
f  4654/3556/4912 4655/3559/4913 4656/3558/4914 4657/3557/4915
f  4654/3556/4912 4658/3561/4916 4638/3560/4893 4655/3559/4913
f  4654/3556/4912 4628/3524/4883 4632/3525/4887 4658/3561/4916
f  4654/3556/4912 4657/3557/4915 4629/3523/4884 4628/3524/4883
f  4659/3562/4917 4657/3557/4915 4656/3558/4914 4660/3563/4918
f  4659/3562/4917 4661/3564/4919 4629/3523/4884 4657/3557/4915
f  4659/3562/4917 2300/3566/2413 2299/3565/2412 4661/3564/4919
f  4659/3562/4917 4660/3563/4918 2301/3567/2414 2300/3566/2413
f  4662/3568/4920 4663/3569/4921 4647/3549/4905 4646/3550/4904
f  4662/3568/4920 2305/3571/2418 2304/3570/2417 4663/3569/4921
f  4662/3568/4920 4664/3573/4922 2306/3572/2419 2305/3571/2418
f  4662/3568/4920 4646/3550/4904 4650/3551/4908 4664/3573/4922
f  4665/3574/4923 4666/3577/4924 4667/3576/4925 4668/3575/4926
f  4665/3574/4923 4669/3579/4927 4670/3578/4928 4666/3577/4924
f  4665/3574/4923 2315/3581/2428 2314/3580/2427 4669/3579/4927
f  4665/3574/4923 4668/3575/4926 2316/3582/2429 2315/3581/2428
f  4671/3583/4929 4649/3586/4907 4652/3585/4910 4672/3584/4930
f  4671/3587/4929 4673/3588/4931 4650/3551/4908 4649/3552/4907
f  4671/3589/4929 4674/3592/4932 4675/3591/4933 4673/3590/4931
f  4671/3583/4929 4672/3584/4930 4676/3594/4934 4674/3593/4932
f  4677/3595/4935 4664/3573/4922 4650/3551/4908 4673/3588/4931
f  4677/3595/4935 2324/3596/2437 2306/3572/2419 4664/3573/4922
f  4677/3597/4935 4678/3600/4936 2325/3599/2438 2324/3598/2437
f  4677/3597/4935 4673/3590/4931 4675/3591/4933 4678/3600/4936
f  4679/3601/4937 4661/3564/4919 2299/3565/2412 2328/3602/2441
f  4679/3601/4937 4630/3522/4885 4629/3523/4884 4661/3564/4919
f  4679/3601/4937 4680/3603/4938 4635/3532/4890 4630/3522/4885
f  4679/3601/4937 2328/3602/2441 2330/3604/2443 4680/3603/4938
f  4681/3605/4939 4651/3608/4909 4653/3607/4911 4682/3606/4940
f  4681/3605/4939 4672/3584/4930 4652/3585/4910 4651/3608/4909
f  4681/3605/4939 4683/3609/4941 4676/3594/4934 4672/3584/4930
f  4681/3605/4939 4682/3606/4940 4684/3610/4942 4683/3609/4941
f  4497/3611/4736 4685/3614/4943 4686/3613/4944 4687/3612/4945
f  4487/3615/4726 4688/3618/4946 4689/3617/4947 4488/3616/4727
f  4687/3612/4945 4686/3613/4944 4690/3620/4948 4504/3619/4743
f  4488/3616/4727 4689/3617/4947 4691/3622/4949 4692/3621/4950
f  4504/3619/4743 4690/3620/4948 4693/3624/4951 4503/3623/4742
f  4692/3621/4950 4691/3622/4949 4694/3626/4952 4480/3625/4719
f  4503/3623/4742 4693/3624/4951 4695/3628/4953 4489/3627/4728
f  4480/3625/4719 4694/3626/4952 4696/3630/4954 4478/3629/4717
f  4697/3631/4955 4698/3634/4956 4699/3633/4957 4700/3632/4958
f  4478/3629/4717 4696/3630/4954 4701/3636/4959 4479/3635/4718
f  4700/3632/4958 4699/3633/4957 4702/3638/4960 4498/3637/4737
f  4479/3635/4718 4701/3636/4959 4703/3640/4961 4704/3639/4962
f  4498/3637/4737 4702/3638/4960 4705/3642/4963 4496/3641/4735
f  4704/3639/4962 4703/3640/4961 4698/3634/4956 4697/3631/4955
f  4489/3627/4728 4695/3628/4953 4688/3618/4946 4487/3615/4726
f  4496/3641/4735 4705/3642/4963 4685/3614/4943 4497/3611/4736
f  4706/3643/4964 4559/3407/4805 4495/3408/4734 4494/3644/4733
f  4706/3643/4964 4502/3324/4741 4501/3325/4740 4559/3407/4805
f  4706/3643/4964 4687/3645/4945 4504/3331/4743 4502/3324/4741
f  4706/3643/4964 4494/3644/4733 4497/3646/4736 4687/3645/4945
f  4707/3647/4965 4521/3348/4760 4322/3068/4561 4708/3648/4966
f  4707/3647/4965 4493/3315/4732 4492/3316/4731 4521/3348/4760
f  4707/3647/4965 4700/3649/4958 4498/3322/4737 4493/3315/4732
f  4707/3647/4965 4708/3648/4966 4697/3650/4955 4700/3649/4958
f  4709/3651/4967 4536/3371/4775 4486/3308/4725 4485/3309/4724
f  4709/3651/4967 4476/3652/4715 4327/3370/4566 4536/3371/4775
f  4709/3651/4967 4692/3654/4950 4480/3653/4719 4476/3652/4715
f  4709/3651/4967 4485/3309/4724 4488/3310/4727 4692/3654/4950
f  4710/3655/4968 4321/3656/4560 4323/3296/4562 4477/3297/4716
f  4710/3655/4968 4708/3658/4966 4322/3657/4561 4321/3656/4560
f  4710/3659/4968 4704/3660/4962 4697/3650/4955 4708/3648/4966
f  4710/3661/4968 4477/3298/4716 4479/3299/4718 4704/3662/4962
f  4711/3663/4969 4712/3666/4970 4713/3665/4971 4714/3664/4972
f  4711/3663/4969 4623/3517/4878 4625/3518/4880 4712/3666/4970
f  4711/3663/4969 2365/3667/2478 2259/3516/2369 4623/3517/4878
f  4711/3663/4969 4714/3664/4972 2366/3668/2479 2365/3667/2478
f  4715/3669/4973 4716/3672/4974 4717/3671/4975 4718/3670/4976
f  4715/3669/4973 2372/3674/2485 2371/3673/2484 4716/3672/4974
f  4715/3675/4973 4719/3678/4977 2373/3677/2486 2372/3676/2485
f  4715/3675/4973 4718/3680/4976 4720/3679/4978 4719/3678/4977
f  4721/3681/4979 4718/3684/4976 4717/3683/4975 4722/3682/4980
f  4721/3681/4979 4723/3686/4981 4720/3685/4978 4718/3684/4976
f  4721/3681/4979 4724/3688/4982 4725/3687/4983 4723/3686/4981
f  4721/3681/4979 4722/3682/4980 4726/3689/4984 4724/3688/4982
f  4727/3690/4985 4728/3693/4986 4713/3692/4971 4712/3691/4970
f  4727/3690/4985 4729/3695/4987 4730/3694/4988 4728/3693/4986
f  4727/3690/4985 4731/3697/4989 4732/3696/4990 4729/3695/4987
f  4727/3690/4985 4712/3691/4970 4625/3698/4880 4731/3697/4989
f  4733/3699/4991 4734/3702/4992 4735/3701/4993 4736/3700/4994
f  4733/3699/4991 4737/3704/4995 4738/3703/4996 4734/3702/4992
f  4733/3699/4991 4729/3695/4987 4732/3696/4990 4737/3704/4995
f  4733/3699/4991 4736/3700/4994 4730/3694/4988 4729/3695/4987
f  4739/3705/4997 4740/3708/4998 4741/3707/4999 4742/3706/5000
f  4739/3705/4997 4724/3688/4982 4726/3689/4984 4740/3708/4998
f  4739/3705/4997 4743/3709/5001 4725/3687/4983 4724/3688/4982
f  4739/3705/4997 4742/3706/5000 4744/3710/5002 4743/3709/5001
f  4745/3711/5003 4746/3714/5004 4747/3713/5005 4748/3712/5006
f  4745/3711/5003 4749/3716/5007 4750/3715/5008 4746/3714/5004
f  4745/3711/5003 4751/3717/5009 4634/3529/4889 4749/3716/5007
f  4745/3718/5003 4748/3721/5006 4644/3720/4901 4751/3719/5009
f  4752/3722/5010 4753/3725/5011 4754/3724/5012 4755/3723/5013
f  4752/3722/5010 4683/3609/4941 4684/3610/4942 4753/3725/5011
f  4752/3722/5010 4756/3726/5014 4676/3594/4934 4683/3609/4941
f  4752/3722/5010 4755/3723/5013 4757/3727/5015 4756/3726/5014
f  4758/3728/5016 4759/3731/5017 4760/3730/5018 4761/3729/5019
f  4758/3732/5016 4756/3726/5014 4757/3727/5015 4759/3733/5017
f  4758/3732/5016 4674/3593/4932 4676/3594/4934 4756/3726/5014
f  4758/3728/5016 4761/3729/5019 4675/3591/4933 4674/3592/4932
f  4762/3734/5020 4761/3729/5019 4760/3730/5018 4763/3735/5021
f  4762/3734/5020 4678/3600/4936 4675/3591/4933 4761/3729/5019
f  4762/3734/5020 2419/3736/2532 2325/3599/2438 4678/3600/4936
f  4762/3734/5020 4763/3735/5021 2420/3737/2533 2419/3736/2532
f  4764/3738/5022 4765/3740/5023 4670/3578/4928 4766/3739/5024
f  4764/3741/5022 4743/3709/5001 4744/3710/5002 4765/3742/5023
f  4764/3741/5022 4723/3686/4981 4725/3687/4983 4743/3709/5001
f  4764/3738/5022 4766/3739/5024 4720/3679/4978 4723/3743/4981
f  4767/3744/5025 4766/3739/5024 4670/3578/4928 4669/3579/4927
f  4767/3744/5025 4719/3678/4977 4720/3679/4978 4766/3739/5024
f  4767/3744/5025 2425/3745/2538 2373/3677/2486 4719/3678/4977
f  4767/3744/5025 4669/3579/4927 2314/3580/2427 2425/3745/2538
f  4768/3746/5026 4668/3575/4926 4667/3576/4925 4769/3747/5027
f  4768/3746/5026 2428/3748/2541 2316/3582/2429 4668/3575/4926
f  4768/3749/5026 4680/3603/4938 2330/3604/2443 2428/3750/2541
f  4768/3749/5026 4769/3751/5027 4635/3532/4890 4680/3603/4938
f  4770/3752/5028 4769/3747/5027 4667/3576/4925 4771/3753/5029
f  4770/3754/5028 4633/3531/4888 4635/3532/4890 4769/3751/5027
f  4770/3755/5028 4749/3716/5007 4634/3529/4889 4633/3530/4888
f  4770/3755/5028 4771/3756/5029 4750/3715/5008 4749/3716/5007
f  4772/3757/5030 4773/3760/5031 4774/3759/5032 4775/3758/5033
f  4772/3757/5030 4776/3761/5034 4738/3703/4996 4773/3760/5031
f  4772/3757/5030 4777/3762/5035 4757/3727/5015 4776/3761/5034
f  4772/3757/5030 4775/3758/5033 4778/3763/5036 4777/3762/5035
f  4779/3764/5037 4780/3767/5038 4781/3766/5039 4782/3765/5040
f  4779/3764/5037 2443/3769/2556 2442/3768/2555 4780/3767/5038
f  4779/3764/5037 4610/3489/4859 2242/3490/2345 2443/3769/2556
f  4779/3764/5037 4782/3765/5040 4611/3488/4860 4610/3489/4859
f  4783/3770/5041 4773/3760/5031 4738/3703/4996 4737/3704/4995
f  4783/3770/5041 4784/3771/5042 4774/3759/5032 4773/3760/5031
f  4783/3770/5041 4785/3773/5043 4786/3772/5044 4784/3771/5042
f  4783/3770/5041 4737/3704/4995 4732/3696/4990 4785/3773/5043
f  4787/3774/5045 4788/3776/5046 4778/3763/5036 4789/3775/5047
f  4787/3777/5045 4782/3765/5040 4781/3766/5039 4788/3778/5046
f  4787/3777/5045 4614/3493/4865 4611/3488/4860 4782/3765/5040
f  4787/3777/5045 4789/3779/5047 3228/3495/3418 4614/3493/4865
f  4790/3780/5048 4791/3781/5049 4747/3713/5005 4746/3714/5004
f  4790/3780/5048 4742/3706/5000 4741/3707/4999 4791/3781/5049
f  4790/3780/5048 4792/3782/5050 4744/3710/5002 4742/3706/5000
f  4790/3780/5048 4746/3714/5004 4750/3715/5008 4792/3782/5050
f  4793/3783/5051 4771/3753/5029 4667/3576/4925 4666/3577/4924
f  4793/3784/5051 4792/3782/5050 4750/3715/5008 4771/3756/5029
f  4793/3784/5051 4765/3742/5023 4744/3710/5002 4792/3782/5050
f  4793/3783/5051 4666/3577/4924 4670/3578/4928 4765/3740/5023
f  4794/3785/5052 4763/3788/5021 4760/3787/5018 4795/3786/5053
f  4794/3789/5052 2457/3790/2570 2420/3737/2533 4763/3735/5021
f  4794/3785/5052 4780/3767/5038 2442/3768/2555 2457/3791/2570
f  4794/3785/5052 4795/3786/5053 4781/3766/5039 4780/3767/5038
f  4796/3792/5054 4797/3793/5055 4617/3498/4869 4616/3499/4868
f  4796/3792/5054 4798/3795/5056 4626/3794/4881 4797/3793/5055
f  4796/3792/5054 4799/3796/5057 4786/3772/5044 4798/3795/5056
f  4796/3792/5054 4616/3499/4868 3232/1381/3427 4799/3796/5057
f  4800/3797/5058 4759/3733/5017 4757/3727/5015 4777/3762/5035
f  4800/3798/5058 4795/3786/5053 4760/3787/5018 4759/3799/5017
f  4800/3798/5058 4788/3778/5046 4781/3766/5039 4795/3786/5053
f  4800/3797/5058 4777/3762/5035 4778/3763/5036 4788/3776/5046
f  4801/3800/5059 4624/3801/4879 4626/3794/4881 4798/3795/5056
f  4801/3800/5059 4731/3697/4989 4625/3698/4880 4624/3801/4879
f  4801/3800/5059 4785/3773/5043 4732/3696/4990 4731/3697/4989
f  4801/3800/5059 4798/3795/5056 4786/3772/5044 4785/3773/5043
f  4802/3802/5060 4755/3723/5013 4754/3724/5012 4803/3803/5061
f  4802/3802/5060 4776/3761/5034 4757/3727/5015 4755/3723/5013
f  4802/3802/5060 4734/3702/4992 4738/3703/4996 4776/3761/5034
f  4802/3802/5060 4803/3803/5061 4735/3701/4993 4734/3702/4992
f  4804/3804/5062 4805/3805/5063 4774/3759/5032 4784/3771/5042
f  4804/3804/5062 3230/1378/3423 3225/1372/3415 4805/3805/5063
f  4804/3804/5062 4799/3796/5057 3232/1381/3427 3230/1378/3423
f  4804/3804/5062 4784/3771/5042 4786/3772/5044 4799/3796/5057
f  4806/3806/5064 4805/3805/5063 3225/1372/3415 3224/1373/3414
f  4806/3806/5064 4775/3758/5033 4774/3759/5032 4805/3805/5063
f  4806/3806/5064 4789/3775/5047 4778/3763/5036 4775/3758/5033
f  4806/3806/5064 3224/1373/3414 3228/1374/3418 4789/3775/5047
f  4807/3807/5065 2470/3808/2583 2254/3511/2364 4620/3504/4874
f  4807/3807/5065 4622/3513/4877 2257/3514/2367 2470/3808/2583
f  4807/3807/5065 4797/3809/5055 4626/3520/4881 4622/3513/4877
f  4807/3807/5065 4620/3504/4874 4617/3505/4869 4797/3809/5055
f  4808/3810/5066 4809/3813/5067 4810/3812/5068 4811/3811/5069
f  4808/3810/5066 4803/3803/5061 4754/3724/5012 4809/3813/5067
f  4808/3810/5066 4812/3814/5070 4735/3701/4993 4803/3803/5061
f  4808/3810/5066 4811/3811/5069 4813/3815/5071 4812/3814/5070
f  4814/3816/5072 4815/3817/5073 4810/3812/5068 4809/3813/5067
f  4814/3816/5072 4816/3818/5074 4643/3543/4900 4815/3817/5073
f  4814/3816/5072 4753/3725/5011 4684/3610/4942 4816/3818/5074
f  4814/3816/5072 4809/3813/5067 4754/3724/5012 4753/3725/5011
f  4817/3819/5075 4812/3814/5070 4813/3815/5071 4818/3820/5076
f  4817/3819/5075 4736/3700/4994 4735/3701/4993 4812/3814/5070
f  4817/3819/5075 4819/3821/5077 4730/3694/4988 4736/3700/4994
f  4817/3819/5075 4818/3820/5076 4820/3822/5078 4819/3821/5077
f  4821/3823/5079 4822/3826/5080 4823/3825/5081 4824/3824/5082
f  4821/3823/5079 4819/3821/5077 4820/3822/5078 4822/3826/5080
f  4821/3823/5079 4728/3693/4986 4730/3694/4988 4819/3821/5077
f  4821/3823/5079 4824/3824/5082 4713/3692/4971 4728/3693/4986
f  4825/3827/5083 4824/3830/5082 4823/3829/5081 4826/3828/5084
f  4825/3827/5083 4714/3664/4972 4713/3665/4971 4824/3830/5082
f  4825/3827/5083 2490/3831/2603 2366/3668/2479 4714/3664/4972
f  4825/3827/5083 4826/3828/5084 2491/3832/2604 2490/3831/2603
f  4827/3833/5085 4828/3834/5086 4641/3539/4897 4640/3540/4896
f  4827/3835/5085 4682/3606/4940 4653/3607/4911 4828/3836/5086
f  4827/3835/5085 4816/3818/5074 4684/3610/4942 4682/3606/4940
f  4827/3835/5085 4640/3542/4896 4643/3543/4900 4816/3818/5074
f  4829/3837/5087 4830/3840/5088 4831/3839/5089 4832/3838/5090
f  4829/3837/5087 2499/3842/2612 2498/3841/2611 4830/3840/5088
f  4829/3837/5087 4663/3569/4921 2304/3570/2417 2499/3842/2612
f  4829/3837/5087 4832/3838/5090 4647/3549/4905 4663/3569/4921
f  4833/3843/5091 4832/3838/5090 4831/3839/5089 4834/3844/5092
f  4833/3843/5091 4648/3548/4906 4647/3549/4905 4832/3838/5090
f  4833/3843/5091 4828/3834/5086 4653/3555/4911 4648/3548/4906
f  4833/3843/5091 4834/3844/5092 4641/3539/4897 4828/3834/5086
f  4835/3845/5093 4811/3811/5069 4810/3812/5068 4836/3846/5094
f  4835/3845/5093 4837/3847/5095 4813/3815/5071 4811/3811/5069
f  4835/3845/5096 4791/3781/5049 4741/3707/4999 4837/3847/5097
f  4835/3845/5096 4836/3846/5098 4747/3713/5005 4791/3781/5049
f  4838/3848/5099 4836/3846/5094 4810/3812/5068 4815/3817/5073
f  4838/3848/5100 4748/3712/5006 4747/3713/5005 4836/3846/5098
f  4838/3849/5100 4642/3850/4902 4644/3720/4901 4748/3721/5006
f  4838/3848/5099 4815/3817/5073 4643/3543/4900 4642/3544/4899
f  4839/3851/5101 4818/3820/5076 4813/3815/5071 4837/3847/5095
f  4839/3851/5101 4840/3852/5102 4820/3822/5078 4818/3820/5076
f  4839/3851/5103 4740/3708/4998 4726/3689/4984 4840/3852/5104
f  4839/3851/5103 4837/3847/5097 4741/3707/4999 4740/3708/4998
f  4841/3853/5105 4842/3854/5106 4823/3825/5081 4822/3826/5080
f  4841/3853/5107 4722/3682/4980 4717/3683/4975 4842/3854/5108
f  4841/3853/5107 4840/3852/5104 4726/3689/4984 4722/3682/4980
f  4841/3853/5105 4822/3826/5080 4820/3822/5078 4840/3852/5102
f  4843/3855/5109 4826/3858/5084 4823/3857/5081 4842/3856/5106
f  4843/3855/5109 2511/3860/2632 2491/3859/2604 4826/3858/5084
f  4843/3861/5110 4716/3672/4974 2371/3673/2484 2511/3862/2634
f  4843/3855/5110 4842/3856/5108 4717/3864/4975 4716/3863/4974
f  4844/3865/5111 4845/3866/5112 4831/3839/5089 4830/3840/5088
f  4844/3867/5113 4660/3870/4918 4656/3869/4914 4845/3868/5114
f  4844/3867/5113 2514/3872/2639 2301/3871/2414 4660/3870/4918
f  4844/3865/5111 4830/3840/5088 2498/3841/2611 2514/3873/2640
f  4846/3874/5115 4834/3844/5092 4831/3839/5089 4845/3866/5112
f  4846/3874/5115 4637/3538/4898 4641/3539/4897 4834/3844/5092
f  4846/3875/5116 4655/3876/4913 4638/3535/4893 4637/3536/4892
f  4846/3875/5116 4845/3868/5114 4656/3869/4914 4655/3876/4913
f  4847/3877/5117 4658/3561/4916 4632/3525/4887 4631/3526/4886
f  4847/3877/5117 4639/3878/4894 4638/3560/4893 4658/3561/4916
f  4847/3879/5117 4751/3882/5009 4644/3881/4901 4639/3880/4894
f  4847/3877/5117 4631/3526/4886 4634/3884/4889 4751/3883/5009
f  4694/3885/5118 4848/3888/5119 4849/3887/5120 4696/3886/5121
f  4698/3889/5122 4850/3892/5123 4851/3891/5124 4699/3890/5125
f  4696/3886/5121 4849/3887/5120 4852/3894/5126 4701/3893/5127
f  4699/3890/5125 4851/3891/5124 4853/3896/5128 4702/3895/5129
f  4701/3897/5127 4852/3900/5126 4854/3899/5130 4703/3898/5131
f  4702/3895/5129 4853/3896/5128 4855/3902/5132 4705/3901/5133
f  4703/3898/5131 4854/3899/5130 4850/3904/5123 4698/3903/5122
f  4695/3905/5134 4856/3908/5135 4857/3907/5136 4688/3906/5137
f  4705/3901/5133 4855/3902/5132 4858/3910/5138 4685/3909/5139
f  4685/3911/5139 4858/3914/5138 4859/3913/5140 4686/3912/5141
f  4688/3906/5137 4857/3907/5136 4860/3916/5142 4689/3915/5143
f  4686/3912/5141 4859/3913/5140 4861/3918/5144 4690/3917/5145
f  4689/3915/5143 4860/3916/5142 4862/3920/5146 4691/3919/5147
f  4690/3917/5145 4861/3918/5144 4863/3922/5148 4693/3921/5149
f  4691/3919/5147 4862/3920/5146 4848/3924/5119 4694/3923/5118
f  4693/3925/5149 4863/3926/5148 4856/3908/5135 4695/3905/5134
f  4854/3927/5130 4864/3929/5150 4865/3928/5151 4850/3892/5123
f  4856/3908/5135 4866/3931/5152 4867/3930/5153 4857/3907/5136
f  4855/3902/5132 4868/3933/5154 4869/3932/5155 4858/3910/5138
f  4858/3914/5138 4869/3935/5155 4870/3934/5156 4859/3913/5140
f  4857/3907/5136 4867/3930/5153 4871/3936/5157 4860/3916/5142
f  4859/3913/5140 4870/3934/5156 4872/3937/5158 4861/3918/5144
f  4860/3916/5142 4871/3936/5157 4873/3938/5159 4862/3920/5146
f  4861/3918/5144 4872/3937/5158 4874/3939/5160 4863/3922/5148
f  4862/3920/5146 4873/3938/5159 4875/3940/5161 4848/3924/5119
f  4863/3926/5148 4874/3941/5160 4866/3931/5152 4856/3908/5135
f  4848/3942/5119 4875/3945/5161 4876/3944/5162 4849/3943/5120
f  4850/3892/5123 4865/3928/5151 4877/3946/5163 4851/3891/5124
f  4849/3943/5120 4876/3944/5162 4878/3948/5164 4852/3947/5126
f  4851/3891/5124 4877/3946/5163 4879/3949/5165 4853/3896/5128
f  4852/3950/5126 4878/3953/5164 4864/3952/5150 4854/3951/5130
f  4853/3896/5128 4879/3949/5165 4868/3933/5154 4855/3902/5132
f  4871/3936/5166 4880/3955/5167 4881/3954/5168 4873/3938/5169
f  4872/3937/5170 4882/3957/5171 4883/3956/5172 4874/3939/5173
f  4873/3938/5169 4881/3954/5168 4884/3958/5174 4875/3940/5175
f  4874/3941/5173 4883/3960/5172 4885/3959/5176 4866/3931/5177
f  4875/3945/5175 4884/3962/5174 4886/3961/5178 4876/3944/5179
f  4865/3928/5180 4887/3964/5181 4888/3963/5182 4877/3946/5183
f  4876/3944/5179 4886/3961/5178 4889/3965/5184 4878/3948/5185
f  4877/3946/5183 4888/3963/5182 4890/3966/5186 4879/3949/5187
f  4878/3953/5185 4889/3968/5184 4891/3967/5188 4864/3952/5189
f  4879/3949/5187 4890/3966/5186 4892/3969/5190 4868/3933/5191
f  4864/3929/5189 4891/3970/5188 4887/3964/5181 4865/3928/5180
f  4866/3931/5177 4885/3959/5176 4893/3971/5192 4867/3930/5193
f  4868/3933/5191 4892/3969/5190 4894/3972/5194 4869/3932/5195
f  4869/3935/5195 4894/3974/5194 4895/3973/5196 4870/3934/5197
f  4867/3930/5193 4893/3971/5192 4880/3955/5167 4871/3936/5166
f  4870/3934/5197 4895/3973/5196 4882/3957/5171 4872/3937/5170
f  4887/3964/5181 4896/3976/5198 4897/3975/5199 4888/3963/5182
f  4886/3961/5178 4898/3978/5200 4899/3977/5201 4889/3965/5184
f  4888/3963/5182 4897/3975/5199 4900/3979/5202 4890/3966/5186
f  4889/3968/5184 4899/3981/5201 4901/3980/5203 4891/3967/5188
f  4890/3966/5186 4900/3979/5202 4902/3982/5204 4892/3969/5190
f  4891/3970/5188 4901/3983/5203 4896/3976/5198 4887/3964/5181
f  4885/3959/5176 4903/3985/5205 4904/3984/5206 4893/3971/5192
f  4892/3969/5190 4902/3982/5204 4905/3986/5207 4894/3972/5194
f  4894/3974/5194 4905/3988/5207 4906/3987/5208 4895/3973/5196
f  4893/3971/5192 4904/3984/5206 4907/3989/5209 4880/3955/5167
f  4895/3973/5196 4906/3987/5208 4908/3990/5210 4882/3957/5171
f  4880/3955/5167 4907/3989/5209 4909/3991/5211 4881/3954/5168
f  4882/3957/5171 4908/3990/5210 4910/3992/5212 4883/3956/5172
f  4881/3954/5168 4909/3991/5211 4911/3993/5213 4884/3958/5174
f  4883/3960/5172 4910/3994/5212 4903/3985/5205 4885/3959/5176
f  4884/3962/5174 4911/3995/5213 4898/3978/5200 4886/3961/5178
f  4900/3979/5202 4912/3997/5214 4913/3996/5215 4902/3982/5204
f  4901/3983/5203 4914/3999/5216 4915/3998/5217 4896/3976/5198
f  4903/3985/5205 4916/4001/5218 4917/4000/5219 4904/3984/5206
f  4902/3982/5204 4913/3996/5215 4918/4002/5220 4905/3986/5207
f  4905/3988/5207 4918/4004/5220 4919/4003/5221 4906/3987/5208
f  4904/3984/5206 4917/4000/5219 4920/4005/5222 4907/3989/5209
f  4906/3987/5208 4919/4003/5221 4921/4006/5223 4908/3990/5210
f  4907/3989/5209 4920/4005/5222 4922/4007/5224 4909/3991/5211
f  4908/3990/5210 4921/4006/5223 4923/4008/5225 4910/3992/5212
f  4909/3991/5211 4922/4007/5224 4924/4009/5226 4911/3993/5213
f  4910/3994/5212 4923/4010/5225 4916/4001/5218 4903/3985/5205
f  4911/3995/5213 4924/4012/5226 4925/4011/5227 4898/3978/5200
f  4896/3976/5198 4915/3998/5217 4926/4013/5228 4897/3975/5199
f  4898/3978/5200 4925/4011/5227 4927/4014/5229 4899/3977/5201
f  4897/3975/5199 4926/4013/5228 4912/3997/5214 4900/3979/5202
f  4899/3981/5201 4927/4016/5229 4914/4015/5216 4901/3980/5203
f  4919/4017/5221 4928/4020/5230 4929/4019/5231 4921/4018/5223
f  4920/4021/5222 4930/4024/5232 4931/4023/5233 4922/4022/5224
f  4921/4018/5223 4929/4019/5231 4932/4026/5234 4923/4025/5225
f  4922/4022/5224 4931/4023/5233 4933/4028/5235 4924/4027/5226
f  4923/4025/5225 4932/4026/5234 4934/4030/5236 4916/4029/5218
f  4924/4027/5226 4933/4028/5235 4935/4032/5237 4925/4031/5227
f  4915/4033/5217 4936/4036/5238 4937/4035/5239 4926/4034/5228
f  4925/4031/5227 4935/4032/5237 4938/4038/5240 4927/4037/5229
f  4926/4034/5228 4937/4035/5239 4939/4040/5241 4912/4039/5214
f  4927/4037/5229 4938/4038/5240 4940/4042/5242 4914/4041/5216
f  4912/4039/5214 4939/4040/5241 4941/4044/5243 4913/4043/5215
f  4914/4041/5216 4940/4042/5242 4936/4036/5238 4915/4033/5217
f  4916/4029/5218 4934/4030/5236 4942/4046/5244 4917/4045/5219
f  4913/4043/5215 4941/4044/5243 4943/4048/5245 4918/4047/5220
f  4918/4047/5220 4943/4048/5245 4928/4020/5230 4919/4017/5221
f  4917/4045/5219 4942/4046/5244 4930/4024/5232 4920/4021/5222
f  4944/4049/5246 4945/4052/5247 4946/4051/5248 4947/4050/5249
f  4944/4049/5246 4931/4023/5233 4930/4024/5232 4945/4052/5247
f  4944/4049/5246 4935/4032/5237 4933/4028/5235 4931/4023/5233
f  4944/4049/5246 4947/4050/5249 4938/4038/5240 4935/4032/5237
f  4948/4053/5250 4947/4050/5249 4946/4051/5248 4949/4054/5251
f  4948/4053/5250 4940/4042/5242 4938/4038/5240 4947/4050/5249
f  4948/4053/5250 4937/4035/5239 4936/4036/5238 4940/4042/5242
f  4948/4053/5250 4949/4054/5251 4939/4040/5241 4937/4035/5239
f  4950/4055/5252 4949/4054/5251 4946/4051/5248 4951/4056/5253
f  4950/4055/5252 4941/4044/5243 4939/4040/5241 4949/4054/5251
f  4950/4055/5252 4928/4020/5230 4943/4048/5245 4941/4044/5243
f  4950/4055/5252 4951/4056/5253 4929/4019/5231 4928/4020/5230
f  4952/4057/5254 4951/4056/5253 4946/4051/5248 4945/4052/5247
f  4952/4057/5254 4932/4026/5234 4929/4019/5231 4951/4056/5253
f  4952/4057/5254 4942/4046/5244 4934/4030/5236 4932/4026/5234
f  4952/4057/5254 4945/4052/5247 4930/4024/5232 4942/4046/5244
f  4953/4058/5255 4954/4061/5256 4955/4060/5257 4956/4059/5258
f  4953/4062/5255 4957/4065/5259 4958/4064/5260 4954/4063/5256
f  4953/4062/5255 4959/4067/5261 4960/4066/5262 4957/4065/5259
f  4961/4068/5263 4962/4069/5264 4960/4066/5262 4959/4067/5261
f  4961/4068/5263 4963/4071/5265 4964/4070/5266 4962/4069/5264
f  4965/4072/5267 4966/4075/5268 4967/4074/5269 4968/4073/5270
f  4965/4072/5267 4956/4059/5258 4955/4060/5257 4966/4075/5268
f  4969/4076/5271 4970/4079/5272 4971/4078/5273 4972/4077/5274
f  4969/4076/5271 4973/4081/5275 4974/4080/5276 4970/4079/5272
f  4969/4076/5271 4975/4083/5277 4976/4082/5278 4973/4081/5275
f  4969/4076/5271 4972/4077/5274 4977/4084/5279 4975/4083/5277
f  4978/4085/5280 4972/4077/5274 4971/4078/5273 4979/4086/5281
f  4978/4085/5280 4980/4087/5282 4977/4084/5279 4972/4077/5274
f  4978/4085/5280 4981/4089/5283 4982/4088/5284 4980/4087/5282
f  4978/4085/5280 4979/4086/5281 4983/4090/5285 4981/4089/5283
f  4984/4091/5286 4979/4086/5281 4971/4078/5273 4985/4092/5287
f  4984/4091/5286 4986/4093/5288 4983/4090/5285 4979/4086/5281
f  4984/4091/5286 4987/4095/5289 4988/4094/5290 4986/4093/5288
f  4984/4091/5286 4985/4092/5287 4989/4096/5291 4987/4095/5289
f  4990/4097/5292 4985/4092/5287 4971/4078/5273 4970/4079/5272
f  4990/4097/5292 4991/4098/5293 4989/4096/5291 4985/4092/5287
f  4990/4097/5292 4992/4100/5294 4993/4099/5295 4991/4098/5293
f  4990/4097/5292 4970/4079/5272 4974/4080/5276 4992/4100/5294
f  4994/4101/5296 4995/4104/5297 4996/4103/5298 4997/4102/5299
f  4994/4101/5296 4998/4106/5300 4999/4105/5301 4995/4104/5297
f  4994/4101/5296 4954/4061/5256 4958/4107/5260 4998/4106/5300
f  4994/4101/5296 4997/4102/5299 4955/4060/5257 4954/4061/5256
f  5000/4108/5302 4997/4102/5299 4996/4103/5298 5001/4109/5303
f  5000/4108/5302 4966/4075/5268 4955/4060/5257 4997/4102/5299
f  5000/4110/5302 5002/4113/5304 4967/4112/5269 4966/4111/5268
f  5000/4114/5302 5001/4117/5303 5003/4116/5305 5002/4115/5304
f  5004/4118/5306 5001/4109/5303 4996/4103/5298 5005/4119/5307
f  5004/4120/5306 5006/4121/5308 5003/4116/5305 5001/4117/5303
f  5004/4122/5306 4980/4087/5282 4982/4088/5284 5006/4123/5308
f  5004/4122/5306 5005/4124/5307 4977/4084/5279 4980/4087/5282
f  5007/4125/5309 5005/4119/5307 4996/4103/5298 4995/4104/5297
f  5007/4126/5309 4975/4083/5277 4977/4084/5279 5005/4124/5307
f  5007/4126/5309 5008/4127/5310 4976/4082/5278 4975/4083/5277
f  5007/4126/5309 4995/4129/5297 4999/4128/5301 5008/4127/5310
f  5009/4130/5311 5010/4133/5312 5011/4132/5313 5012/4131/5314
f  5009/4130/5311 5013/4135/5315 5014/4134/5316 5010/4133/5312
f  5009/4130/5311 5015/4137/5317 5016/4136/5318 5013/4135/5315
f  5009/4130/5311 5012/4131/5314 5017/4138/5319 5015/4137/5317
f  5018/4139/5320 5012/4131/5314 5011/4132/5313 5019/4140/5321
f  5018/4139/5320 4963/4141/5265 5017/4138/5319 5012/4131/5314
f  5018/4142/5320 5020/4143/5322 4964/4070/5266 4963/4071/5265
f  5018/4142/5320 5019/4145/5321 5021/4144/5323 5020/4143/5322
f  5022/4146/5324 5019/4140/5321 5011/4132/5313 5023/4147/5325
f  5022/4146/5324 5024/4149/5326 5021/4148/5323 5019/4140/5321
f  5022/4150/5324 4991/4098/5293 4993/4099/5295 5024/4151/5326
f  5022/4146/5324 5023/4147/5325 4989/4153/5291 4991/4152/5293
f  5025/4154/5327 5023/4147/5325 5011/4132/5313 5010/4133/5312
f  5025/4154/5327 4987/4155/5289 4989/4153/5291 5023/4147/5325
f  5025/4154/5327 5026/4157/5328 4988/4156/5290 4987/4155/5289
f  5025/4154/5327 5010/4133/5312 5014/4134/5316 5026/4157/5328
f  5027/4158/5329 5028/4161/5330 5029/4160/5331 5030/4159/5332
f  5027/4158/5329 5020/4143/5322 5021/4144/5323 5028/4161/5330
f  5027/4158/5329 4962/4069/5264 4964/4070/5266 5020/4143/5322
f  5027/4158/5329 5030/4159/5332 4960/4066/5262 4962/4069/5264
f  5031/4162/5333 5030/4159/5332 5029/4160/5331 5032/4163/5334
f  5031/4162/5333 4957/4065/5259 4960/4066/5262 5030/4159/5332
f  5031/4162/5333 4998/4164/5300 4958/4064/5260 4957/4065/5259
f  5031/4162/5333 5032/4163/5334 4999/4165/5301 4998/4164/5300
f  5033/4166/5335 5032/4163/5334 5029/4160/5331 5034/4167/5336
f  5033/4168/5335 5008/4127/5310 4999/4128/5301 5032/4169/5334
f  5033/4168/5335 4973/4081/5275 4976/4082/5278 5008/4127/5310
f  5033/4168/5335 5034/4170/5336 4974/4080/5276 4973/4081/5275
f  5035/4171/5337 5034/4167/5336 5029/4160/5331 5028/4161/5330
f  5035/4172/5337 4992/4100/5294 4974/4080/5276 5034/4170/5336
f  5035/4172/5337 5024/4151/5326 4993/4099/5295 4992/4100/5294
f  5035/4171/5337 5028/4161/5330 5021/4144/5323 5024/4173/5326
f  5036/4174/5338 5037/4177/5339 5038/4176/5340 5039/4175/5341
f  5036/4174/5338 5002/4115/5304 5003/4116/5305 5037/4177/5339
f  5036/4174/5338 4968/4179/5270 4967/4178/5269 5002/4115/5304
f  5036/4174/5338 5039/4175/5341 5040/4180/5342 4968/4179/5270
f  5041/4181/5343 5039/4175/5341 5038/4176/5340 5042/4182/5344
f  5041/4181/5343 5043/4183/5345 5040/4180/5342 5039/4175/5341
f  5041/4181/5343 5013/4185/5315 5016/4184/5318 5043/4183/5345
f  5041/4181/5343 5042/4182/5344 5014/4186/5316 5013/4185/5315
f  5044/4187/5346 5042/4182/5344 5038/4176/5340 5045/4188/5347
f  5044/4187/5346 5026/4189/5328 5014/4186/5316 5042/4182/5344
f  5044/4187/5346 4986/4191/5288 4988/4190/5290 5026/4189/5328
f  5044/4187/5346 5045/4188/5347 4983/4192/5285 4986/4191/5288
f  5046/4193/5348 5045/4188/5347 5038/4176/5340 5037/4177/5339
f  5046/4193/5348 4981/4194/5283 4983/4192/5285 5045/4188/5347
f  5046/4193/5348 5006/4121/5308 4982/4195/5284 4981/4194/5283
f  5046/4193/5348 5037/4177/5339 5003/4116/5305 5006/4121/5308
f  5047/4196/5349 5048/4199/5350 5049/4198/5351 5050/4197/5352
f  5051/4200/5353 5052/4201/5354 5048/4199/5350 5047/4196/5349
f  5050/4197/5352 5049/4198/5351 5053/4203/5355 5054/4202/5356
f  5055/4204/5357 5056/4207/5358 5057/4206/5359 5058/4205/5360
f  5058/4205/5360 5057/4206/5359 2729/4209/2886 2728/4208/2886
f  5054/4202/5356 5053/4203/5355 5056/4207/5358 5055/4204/5357
f  2730/4210/2887 2733/4213/2890 5059/4212/2876 5060/4211/2876
f  5060/4211/2876 5059/4212/2876 5052/4201/5354 5051/4200/5353
f  5061/4214/5361 5062/4217/5362 5063/4216/5363 5064/4215/5364
f  5062/4217/5362 5065/4219/5365 5066/4218/5366 5063/4216/5363
f  5065/4219/5365 5067/4221/5367 5068/4220/5368 5066/4218/5366
f  5067/4222/5367 5069/4225/5369 5070/4224/5370 5068/4223/5368
f  5069/4225/5369 5071/4227/5371 5072/4226/5372 5070/4224/5370
f  5071/4227/5371 5073/4229/5373 5074/4228/5374 5072/4226/5372
f  5073/4229/5373 5075/4231/5375 5076/4230/5376 5074/4228/5374
f  5075/4232/5375 5077/4235/5377 5078/4234/5378 5076/4233/5376
f  5077/4235/5377 5079/4237/5379 5080/4236/5380 5078/4234/5378
f  5079/4237/5379 5081/4239/5381 5082/4238/5382 5080/4236/5380
f  5081/4239/5381 5083/4241/5383 5084/4240/5384 5082/4238/5382
f  5083/4242/5383 5085/4245/5385 5086/4244/5386 5084/4243/5384
f  5085/4245/5385 5087/4247/5387 5088/4246/5388 5086/4244/5386
f  5087/4247/5387 5089/4249/5389 5090/4248/5390 5088/4246/5388
f  5089/4250/5389 5091/4253/5391 5092/4252/5392 5090/4251/5390
f  5091/4253/5391 5093/4255/5393 5094/4254/5394 5092/4252/5392
f  5063/4256/5395 5066/4273/5395 5068/4272/5395 5070/4271/5395 5072/4270/5395 5074/4269/5395 5076/4268/5395 5078/4267/5395 5080/4266/5395 5082/4265/5395 5084/4264/5395 5086/4263/5395 5088/4262/5395 5090/4261/5395 5092/4260/5395 5094/4259/5395 5095/4258/5395 5064/4257/5395
f  5093/4274/5393 5096/4277/5396 5095/4276/5397 5094/4275/5394
f  5096/4277/5396 5061/4214/5361 5064/4215/5364 5095/4276/5397
f  5097/4278/5398 5098/4279/5399 5061/4214/5361 5096/4277/5396
f  5099/4280/5400 5097/4278/5398 5096/4277/5396 5093/4274/5393
f  5100/4281/5401 5099/4282/5400 5093/4255/5393 5091/4253/5391
f  5101/4283/5402 5100/4281/5401 5091/4253/5391 5089/4250/5389
f  5102/4284/5403 5101/4285/5402 5089/4249/5389 5087/4247/5387
f  5103/4286/5404 5102/4284/5403 5087/4247/5387 5085/4245/5385
f  5104/4287/5405 5103/4286/5404 5085/4245/5385 5083/4242/5383
f  5105/4288/5406 5104/4289/5405 5083/4241/5383 5081/4239/5381
f  5106/4290/5407 5105/4288/5406 5081/4239/5381 5079/4237/5379
f  5107/4291/5408 5106/4290/5407 5079/4237/5379 5077/4235/5377
f  5108/4292/5409 5107/4291/5408 5077/4235/5377 5075/4232/5375
f  5109/4293/5410 5108/4292/5409 5075/4232/5375 5073/4294/5373
f  5110/4295/5411 5109/4296/5410 5073/4229/5373 5071/4227/5371
f  5111/4297/5412 5110/4295/5411 5071/4227/5371 5069/4225/5369
f  5112/4298/5413 5111/4297/5412 5069/4225/5369 5067/4222/5367
f  5113/4299/5414 5112/4300/5413 5067/4221/5367 5065/4219/5365
f  5114/4301/5415 5113/4299/5414 5065/4219/5365 5062/4217/5362
f  5098/4279/5399 5114/4301/5415 5062/4217/5362 5061/4214/5361
f  4572/4302/4819 4546/4305/4785 5115/4304/5416 4574/4303/4822
f  4545/4306/4784 4550/4307/4791 5115/4304/5416 4546/4305/4785
f  4553/4308/4795 4557/4311/4802 4556/4310/4801 4554/4309/4796
f  5116/4312/5417 4554/4309/4796 4556/4310/4801 5117/4313/5418
f  4549/4314/4790 5118/4315/5419 5115/4304/5416 4550/4307/4791
f  5119/4316/5420 4574/4303/4822 5115/4304/5416 5118/4315/5419
f  4555/3396/4797 4554/3397/4796 5116/4318/5417 4558/4317/5421
f  4570/4319/5422 5118/4322/5419 4549/4321/4790 4548/4320/4789
f  4551/3390/4792 4550/3391/4791 4545/4323/4784 4544/3393/4783
f  4573/4324/5423 5119/4325/5420 5118/4322/5419 4570/4319/5422
f  4543/3429/4823 4574/3430/4822 5119/4327/5420 4573/4326/5423
f  4540/4328/5424 5117/4329/5418 4556/3405/4801 4541/3402/4800
f  4558/4330/5421 5116/4333/5417 5117/4332/5418 4540/4331/5424
f  4547/3394/4803 4557/4335/4802 4553/4334/4795 4552/3399/4794
f  3378/4336/3575 5120/4339/5425 5121/4338/5426 5122/4337/5427
f  3378/4336/3575 3206/4341/3394 5123/4340/5428 5120/4339/5425
f  3205/4342/3393 5124/4343/5429 5123/4340/5428 3206/4341/3394
f  3205/4342/3393 5125/4345/5430 5126/4344/5431 5124/4343/5429
f  5127/4346/5432 5128/4347/5433 5126/4344/5431 5125/4345/5430
f  5127/4346/5432 5129/4349/5434 5130/4348/5435 5128/4347/5433
f  3204/4350/3390 5131/4351/5436 5130/4348/5435 5129/4349/5434
f  3204/4352/3390 3203/4355/3389 2252/4354/5437 5131/4353/5436
f  3037/4356/3223 5132/4359/5438 5133/4358/5439 3377/4357/3574
f  3037/4356/3223 3036/4361/3222 5134/4360/5440 5132/4359/5438
f  5135/4362/5441 5136/4363/5442 5134/4360/5440 3036/4361/3222
f  5135/4362/5441 5122/4337/5427 5121/4338/5426 5136/4363/5442
f  3040/4364/5443 5125/4365/5430 3205/1335/3393 3033/1332/3392
f  3080/4366/3266 3377/4369/3574 5133/4368/5439 678/4367/718
f  3375/4370/5444 5135/4371/5441 3036/1116/3222 3035/1113/3221
f  3199/4372/5445 5127/4373/5432 5125/4365/5430 3040/4364/5443
f  3027/1594/3576 3378/1595/3575 5122/4375/5427 3031/4374/5446
f  3031/4374/5446 5122/4375/5427 5135/4371/5441 3375/4370/5444
f  3200/4376/5447 5129/4377/5434 5127/4373/5432 3199/4372/5445
f  3201/1330/3391 3204/1331/3390 5129/4377/5434 3200/4376/5447
f  5137/4378/5448 5138/4395/5448 5139/4394/5448 5140/4393/5448 5141/4392/5448 5142/4391/5448 5143/4390/5448 5144/4389/5448 5145/4388/5448 5146/4387/5448 5147/4386/5448 5148/4385/5448 5149/4384/5448 5150/4383/5448 5151/4382/5448 5152/4381/5448 5153/4380/5448 5154/4379/5448
f  5137/4396/5449 5154/4397/5450 5114/4301/5415 5098/4279/5399
f  5154/4397/5450 5153/4398/5451 5113/4299/5414 5114/4301/5415
f  5153/4398/5451 5152/4399/5452 5112/4300/5413 5113/4299/5414
f  5152/4400/5452 5151/4401/5453 5111/4297/5412 5112/4298/5413
f  5151/4401/5453 5150/4402/5454 5110/4295/5411 5111/4297/5412
f  5150/4402/5454 5149/4403/5455 5109/4296/5410 5110/4295/5411
f  5149/4403/5455 5148/4405/5456 5108/4404/5409 5109/4296/5410
f  5148/4406/5456 5147/4407/5457 5107/4291/5408 5108/4292/5409
f  5147/4407/5457 5146/4408/5458 5106/4290/5407 5107/4291/5408
f  5146/4408/5458 5145/4409/5459 5105/4288/5406 5106/4290/5407
f  5145/4409/5459 5144/4410/5460 5104/4289/5405 5105/4288/5406
f  5144/4411/5460 5143/4412/5461 5103/4286/5404 5104/4287/5405
f  5101/4413/5402 2829/4416/2993 2828/4415/2992 5100/4414/5401
f  5142/4391/2994 2831/4418/2996 2830/4417/2995 5143/4390/5461
f  5102/4419/5403 2832/4422/2997 2829/4421/2993 5101/4420/5402
f  5140/4423/5462 5139/4424/5463 5099/4282/5400 5100/4281/5401
f  5139/4425/5463 5138/4426/5464 5097/4278/5398 5099/4280/5400
f  5138/4426/5464 5137/4396/5449 5098/4279/5399 5097/4278/5398
f  5141/4392/3001 2833/4427/3002 2831/4418/2996 5142/4391/2994
f  5103/4428/5404 2834/4429/3003 2832/4422/2997 5102/4419/5403
f  5143/4430/5461 2830/4433/2995 2834/4432/3003 5103/4431/5404
f  5100/4434/5401 2828/4437/2992 2835/4436/3004 5140/4435/5462
f  5140/4393/5462 2835/4438/3004 2833/4427/3002 5141/4392/3001
f  4151/2829/4369 5155/4441/5465 5156/4440/5466 4140/4439/4354
f  4151/2829/4369 4179/2830/4405 4187/4442/4423 5155/4441/5465
f  4108/4443/4312 4140/4439/4354 5156/4440/5466 5157/4444/5467
f  4108/4443/4312 5157/4444/5467 4148/4446/4365 4109/4445/4313
f  5158/4447/5468 5157/4444/5467 5156/4440/5466 5159/4448/5469
f  5158/4447/5468 4117/4449/4326 4148/4446/4365 5157/4444/5467
f  5158/4447/5468 4154/4451/4373 4118/4450/4327 4117/4449/4326
f  5158/4447/5468 5159/4448/5469 4141/4452/4356 4154/4451/4373
f  5160/4453/5470 5159/4448/5469 5156/4440/5466 5155/4441/5465
f  5160/4453/5470 4113/4454/4320 4141/4452/4356 5159/4448/5469
f  5160/4453/5470 4184/4456/4417 4114/4455/4321 4113/4454/4320
f  5160/4453/5470 5155/4441/5465 4187/4442/4423 4184/4456/4417
f  4185/4457/4420 5161/4460/5471 5162/4459/5472 4181/4458/4412
f  4185/4457/4420 4102/4462/4305 4093/4461/4293 5161/4460/5471
f  4180/4463/4410 4181/4458/4412 5162/4459/5472 5163/4464/5473
f  4180/4463/4410 5163/4464/5473 4145/4466/4361 4144/4465/4360
f  5164/4467/5474 5163/4464/5473 5162/4459/5472 5165/4468/5475
f  5164/4467/5474 4155/4469/4374 4145/4466/4361 5163/4464/5473
f  5164/4467/5474 4098/4471/4299 4097/4470/4298 4155/4469/4374
f  5164/4467/5474 5165/4468/5475 5166/4472/5476 4098/4471/4299
f  5167/4473/5477 5165/4468/5475 5162/4459/5472 5161/4460/5471
f  5167/4473/5477 4188/4474/4426 5166/4472/5476 5165/4468/5475
f  5167/4473/5477 4092/4476/4292 4189/4475/4427 4188/4474/4426
f  5167/4473/5477 5161/4460/5471 4093/4461/4293 4092/4476/4292
f  4112/2758/4318 5168/4479/5478 5169/4478/5479 4105/4477/4308
f  4112/2758/4318 4150/2759/4367 4156/4480/4376 5168/4479/5478
f  4106/4481/4309 4105/4477/4308 5169/4478/5479 5170/4482/5480
f  4106/4481/4309 5170/4482/5480 4183/4484/4415 4182/4483/4414
f  5171/4485/5481 5170/4482/5480 5169/4478/5479 5172/4486/5482
f  5171/4485/5481 4186/4487/4421 4183/4484/4415 5170/4482/5480
f  5171/4485/5481 4110/4489/4316 4115/4488/4324 4186/4487/4421
f  5171/4485/5481 5172/4486/5482 4101/4490/4304 4110/4489/4316
f  5173/4491/5483 5172/4486/5482 5169/4478/5479 5168/4479/5478
f  5173/4491/5483 4089/4492/4288 4101/4490/4304 5172/4486/5482
f  5173/4491/5483 4152/4494/4370 4090/4493/4289 4089/4492/4288
f  5173/4491/5483 5168/4479/5478 4156/4480/4376 4152/4494/4370
f  3479/2677/4300 4098/2678/4299 5166/4496/5476 3480/4495/5484
f  4107/2687/4310 4106/2688/4309 4182/2845/4414 3901/2842/4413
f  3499/2859/4428 4189/2860/4427 4092/2673/4292 4091/2670/4291
f  4103/4497/4306 4102/4498/4305 4185/2851/4420 4142/2850/4419
f  3480/4495/5484 5166/4496/5476 4188/4500/4426 3498/4499/4425
f  3739/2091/4424 4187/4442/4423 4179/2830/4405 3737/2090/4404
f  5174/4501/5485 5175/4504/5486 5176/4503/5487 5177/4502/5488
f  5178/4505/5489 5179/4508/5490 5180/4507/5491 5181/4506/5492
f  5182/4509/5493 5183/4512/5494 5184/4511/5495 5185/4510/5496
f  5186/4513/5497 5187/4515/5498 5188/4514/5499
f  5189/4516/5500 5175/4518/5486 5174/4517/5485
f  5177/4502/5488 5176/4503/5487 5179/4508/5490 5178/4505/5489
f  5181/4506/5492 5180/4507/5491 5183/4512/5494 5182/4509/5493
f  5185/4519/5496 5184/4520/5495 5187/4515/5498 5186/4513/5497
f  5189/4516/5500 5190/4521/5501 5175/4518/5486
f  5176/4503/5487 5191/4523/5502 5192/4522/5503 5179/4508/5490
f  5180/4524/5491 5193/4527/5504 5194/4526/5505 5183/4525/5494
f  5184/4520/5495 5195/4529/5506 5196/4528/5507 5187/4515/5498
f  5175/4530/5486 5190/4533/5501 5191/4532/5502 5176/4531/5487
f  5179/4508/5490 5192/4522/5503 5193/4534/5504 5180/4507/5491
f  5183/4512/5494 5194/4536/5505 5195/4535/5506 5184/4511/5495
f  5187/4515/5498 5196/4528/5507 5188/4514/5499
f  5193/4537/5504 5197/4540/5508 5198/4539/5509 5194/4538/5505
f  5195/4529/5506 5199/4542/5510 5200/4541/5511 5196/4528/5507
f  5190/4533/5501 5201/4544/5512 5202/4543/5513 5191/4532/5502
f  5192/4545/5503 5203/4546/5514 5197/4540/5508 5193/4537/5504
f  5194/4538/5505 5198/4539/5509 5199/4548/5510 5195/4547/5506
f  5196/4528/5507 5200/4541/5511 5188/4514/5499
f  5189/4516/5500 5201/4549/5512 5190/4521/5501
f  5191/4550/5502 5202/4551/5513 5203/4546/5514 5192/4545/5503
f  5201/4544/5512 5204/4553/5515 5205/4552/5516 5202/4543/5513
f  5203/4546/5514 5206/4555/5517 5207/4554/5518 5197/4540/5508
f  5198/4539/5509 5208/4557/5519 5209/4556/5520 5199/4548/5510
f  5200/4541/5511 5210/4558/5521 5188/4514/5499
f  5189/4516/5500 5204/4559/5515 5201/4549/5512
f  5202/4551/5513 5205/4560/5516 5206/4555/5517 5203/4546/5514
f  5197/4540/5508 5207/4554/5518 5208/4557/5519 5198/4539/5509
f  5199/4542/5510 5209/4561/5520 5210/4558/5521 5200/4541/5511
f  5208/4562/5519 5211/4565/5522 5212/4564/5523 5209/4563/5520
f  5210/4558/5521 5213/4566/5524 5188/4514/5499
f  5189/4516/5500 5214/4567/5525 5204/4559/5515
f  5205/4560/5516 5215/4569/5526 5216/4568/5527 5206/4555/5517
f  5207/4570/5518 5217/4571/5528 5211/4565/5522 5208/4562/5519
f  5209/4561/5520 5212/4572/5523 5213/4566/5524 5210/4558/5521
f  5204/4553/5515 5214/4574/5525 5215/4573/5526 5205/4552/5516
f  5206/4575/5517 5216/4576/5527 5217/4571/5528 5207/4570/5518
f  5189/4516/5500 5218/4577/5529 5214/4567/5525
f  5215/4578/5526 5219/4580/5530 5220/4579/5531 5216/4576/5527
f  5217/4571/5528 5221/4582/5532 5222/4581/5533 5211/4565/5522
f  5212/4583/5523 5223/4586/5534 5224/4585/5535 5213/4584/5524
f  5214/4574/5525 5218/4588/5529 5219/4587/5530 5215/4573/5526
f  5216/4576/5527 5220/4579/5531 5221/4582/5532 5217/4571/5528
f  5211/4565/5522 5222/4581/5533 5223/4589/5534 5212/4564/5523
f  5213/4566/5524 5224/4590/5535 5188/4514/5499
f  5223/4586/5534 5225/4592/5536 5226/4591/5537 5224/4585/5535
f  5218/4593/5529 5227/4596/5538 5228/4595/5539 5219/4594/5530
f  5220/4579/5531 5229/4598/5540 5230/4597/5541 5221/4582/5532
f  5222/4581/5533 5231/4600/5542 5225/4599/5536 5223/4589/5534
f  5224/4590/5535 5226/4601/5537 5188/4514/5499
f  5189/4516/5500 5227/4602/5538 5218/4577/5529
f  5219/4580/5530 5228/4603/5539 5229/4598/5540 5220/4579/5531
f  5221/4582/5532 5230/4597/5541 5231/4600/5542 5222/4581/5533
f  5227/4596/5538 5232/4605/5543 5233/4604/5544 5228/4595/5539
f  5229/4606/5540 5234/4609/5545 5235/4608/5546 5230/4607/5541
f  5231/4610/5542 5236/4613/5547 5237/4612/5548 5225/4611/5536
f  5226/4601/5537 5238/4614/5549 5188/4514/5499
f  5189/4516/5500 5232/4615/5543 5227/4602/5538
f  5228/4595/5539 5233/4604/5544 5234/4617/5545 5229/4616/5540
f  5230/4607/5541 5235/4608/5546 5236/4613/5547 5231/4610/5542
f  5225/4618/5536 5237/4621/5548 5238/4620/5549 5226/4619/5537
f  5238/4614/5549 5239/4622/5550 5188/4514/5499
f  5189/4516/5500 5240/4623/5551 5232/4615/5543
f  5233/4624/5544 5241/4626/5552 5242/4625/5553 5234/4609/5545
f  5235/4608/5546 5243/4628/5554 5244/4627/5555 5236/4613/5547
f  5237/4621/5548 5245/4630/5556 5239/4629/5550 5238/4620/5549
f  5232/4605/5543 5240/4632/5551 5241/4631/5552 5233/4604/5544
f  5234/4609/5545 5242/4625/5553 5243/4628/5554 5235/4608/5546
f  5236/4613/5547 5244/4627/5555 5245/4633/5556 5237/4612/5548
f  5241/4626/5552 5246/4635/5557 5247/4634/5558 5242/4625/5553
f  5243/4628/5554 5248/4637/5559 5249/4636/5560 5244/4627/5555
f  5245/4630/5556 5250/4639/5561 5251/4638/5562 5239/4629/5550
f  5240/4632/5551 5252/4641/5563 5246/4640/5557 5241/4631/5552
f  5242/4625/5553 5247/4634/5558 5248/4637/5559 5243/4628/5554
f  5244/4627/5555 5249/4636/5560 5250/4642/5561 5245/4633/5556
f  5239/4622/5550 5251/4643/5562 5188/4514/5499
f  5189/4516/5500 5252/4644/5563 5240/4623/5551
f  5252/4641/5563 5253/4646/5564 5254/4645/5565 5246/4640/5557
f  5247/4634/5558 5255/4648/5566 5256/4647/5567 5248/4637/5559
f  5249/4636/5560 5257/4650/5568 5258/4649/5569 5250/4642/5561
f  5251/4643/5562 5259/4651/5570 5188/4514/5499
f  5189/4516/5500 5253/4652/5564 5252/4644/5563
f  5246/4653/5557 5254/4656/5565 5255/4655/5566 5247/4654/5558
f  5248/4637/5559 5256/4647/5567 5257/4650/5568 5249/4636/5560
f  5250/4657/5561 5258/4658/5569 5259/4651/5570 5251/4643/5562
f  5255/4655/5566 5178/4505/5489 5181/4506/5492 5256/4659/5567
f  5257/4660/5568 5182/4509/5493 5185/4510/5496 5258/4661/5569
f  5259/4651/5570 5186/4513/5497 5188/4514/5499
f  5189/4516/5500 5174/4517/5485 5253/4652/5564
f  5254/4656/5565 5177/4502/5488 5178/4505/5489 5255/4655/5566
f  5256/4659/5567 5181/4506/5492 5182/4509/5493 5257/4660/5568
f  5258/4658/5569 5185/4519/5496 5186/4513/5497 5259/4651/5570
f  5253/4646/5564 5174/4663/5485 5177/4662/5488 5254/4645/5565
f  5260/4664/5571 5261/4667/5571 5262/4666/5572 5263/4665/5573
f  5263/4665/5573 5262/4666/5572 5264/4669/5574 5265/4668/5574
f  2947/4670/3115 5266/4673/5575 5267/4672/5576 2948/4671/3116
f  2951/4674/3119 5268/4676/5577 2952/4675/3120
f  2954/4677/3122 5269/4678/5578 5266/4673/5575 2947/4670/3115
f  2956/4679/3124 5270/4682/5579 5268/4681/5577 2951/4680/3119
f  2958/4683/3126 5271/4686/5580 5269/4685/5578 2954/4684/3122
f  2948/4671/3116 5267/4672/5576 5270/4682/5579 2956/4679/3124
f  5270/4682/5579 5272/4688/5581 5273/4687/5582 5268/4681/5577
f  5271/4689/5580 5274/4692/5583 5275/4691/5584 5269/4690/5578
f  5267/4672/5576 5276/4693/5585 5272/4688/5581 5270/4682/5579
f  5266/4673/5575 5277/4694/5586 5276/4693/5585 5267/4672/5576
f  5268/4676/5577 5273/4695/5582 2952/4675/3120
f  5269/4690/5578 5275/4691/5584 5277/4697/5586 5266/4696/5575
f  5273/4695/5582 5278/4698/5587 2952/4675/3120
f  5275/4691/5584 5279/4700/5588 5280/4699/5589 5277/4697/5586
f  5272/4688/5581 5281/4702/5590 5278/4701/5587 5273/4687/5582
f  5274/4692/5583 5282/4703/5591 5279/4700/5588 5275/4691/5584
f  5276/4693/5585 5283/4704/5592 5281/4702/5590 5272/4688/5581
f  5277/4694/5586 5280/4705/5589 5283/4704/5592 5276/4693/5585
f  5283/4704/5592 5284/4707/5593 5285/4706/5594 5281/4702/5590
f  5280/4699/5589 5286/4710/5595 5284/4709/5593 5283/4708/5592
f  5278/4698/5587 5287/4711/5596 2952/4675/3120
f  5279/4700/5588 5288/4712/5597 5286/4710/5595 5280/4699/5589
f  5281/4702/5590 5285/4706/5594 5287/4713/5596 5278/4701/5587
f  5282/4703/5591 5289/4714/5598 5288/4712/5597 5279/4700/5588
f  5285/4706/5594 5290/4716/5599 5291/4715/5600 5287/4713/5596
f  5289/4714/5598 5292/4718/5601 5293/4717/5602 5288/4712/5597
f  5284/4707/5593 5294/4719/5603 5290/4716/5599 5285/4706/5594
f  5286/4710/5595 5295/4721/5604 5294/4720/5603 5284/4709/5593
f  5287/4711/5596 5291/4722/5600 2952/4675/3120
f  5288/4712/5597 5293/4717/5602 5295/4721/5604 5286/4710/5595
f  5295/4723/5604 5296/4725/5605 5297/4724/5606 5294/4719/5603
f  5291/4722/5600 5298/4726/5607 2952/4675/3120
f  5293/4717/5602 5299/4728/5608 5296/4727/5605 5295/4721/5604
f  5290/4716/5599 5300/4730/5609 5298/4729/5607 5291/4715/5600
f  5292/4718/5601 5301/4731/5610 5299/4728/5608 5293/4717/5602
f  5294/4719/5603 5297/4724/5606 5300/4730/5609 5290/4716/5599
f  5297/4724/5606 5302/4733/5611 5303/4732/5612 5300/4730/5609
f  5296/4734/5605 5304/4737/5613 5302/4736/5611 5297/4735/5606
f  5298/4726/5607 5305/4738/5614 2952/4675/3120
f  5299/4739/5608 5306/4740/5615 5304/4737/5613 5296/4734/5605
f  5300/4730/5609 5303/4732/5612 5305/4741/5614 5298/4729/5607
f  5301/4742/5610 5307/4743/5616 5306/4740/5615 5299/4739/5608
f  5306/4740/5615 2997/4745/3165 2996/4744/3164 5304/4737/5613
f  5303/4732/5612 2999/4747/3167 2998/4746/3166 5305/4741/5614
f  5307/4743/5616 3000/4748/3168 2997/4745/3165 5306/4740/5615
f  5302/4733/5611 3001/4749/3169 2999/4747/3167 5303/4732/5612
f  5304/4737/5613 2996/4744/3164 3001/4750/3169 5302/4736/5611
f  5305/4738/5614 2998/4751/3166 2952/4675/3120
f  2730/4752/3170 5060/4755/5617 5271/4754/5618 2958/4753/3171
f  5060/4756/5617 5051/4759/5619 5274/4758/5620 5271/4757/5618
f  5051/4759/5619 5047/4761/5621 5282/4760/5622 5274/4758/5620
f  5047/4761/5621 5050/4763/5623 5289/4762/5624 5282/4760/5622
f  5050/4763/5623 5054/4765/5625 5292/4764/5626 5289/4762/5624
f  5054/4765/5625 5055/4767/5627 5301/4766/5628 5292/4764/5626
f  5055/4768/5627 5058/4771/5629 5307/4770/5630 5301/4769/5628
f  5058/4771/5629 2728/4773/3187 3000/4772/3186 5307/4770/5630
f  233/458/5631 236/461/5632 235/460/5633 234/459/5634
f  237/462/5635 240/465/5636 239/464/5637 238/463/5638
f  236/466/5632 237/462/5635 238/463/5638 235/467/5633
f  240/465/5636 242/469/5639 241/468/5640 239/464/5637
f  243/470/5641 246/473/5642 245/472/5643 244/471/5644
f  247/474/5645 243/470/5641 244/471/5644 248/475/5646
f  246/476/5642 250/479/5647 249/478/5648 245/477/5643
f  251/480/5649 247/474/5645 248/475/5646 252/481/5650
f  253/482/5651 256/485/5652 255/484/5653 254/483/5654
f  257/486/5655 260/489/5656 259/488/5657 258/487/5658
f  256/485/5652 257/491/5655 258/490/5658 255/484/5653
f  260/489/5656 262/493/5659 261/492/5660 259/488/5657
f  245/477/5643 249/478/5648 264/495/5661 263/494/5662
f  263/494/5662 264/495/5661 266/497/5663 265/496/5664
f  265/496/5664 266/497/5663 268/499/5665 267/498/5666
f  267/498/5666 268/499/5665 262/493/5659 260/489/5656
f  248/475/5646 244/471/5644 270/501/5667 269/500/5668
f  269/500/5668 270/501/5667 272/503/5669 271/502/5670
f  271/502/5670 272/503/5669 274/505/5671 273/504/5672
f  273/504/5672 274/505/5671 257/491/5655 256/485/5652
f  244/506/5644 245/477/5643 263/494/5662 270/507/5667
f  270/507/5667 263/494/5662 265/496/5664 272/508/5669
f  272/508/5669 265/496/5664 267/498/5666 274/509/5671
f  274/509/5671 267/498/5666 260/489/5656 257/486/5655
f  252/481/5650 248/475/5646 269/500/5668 275/510/5673
f  275/510/5673 269/500/5668 271/502/5670 276/511/5674
f  276/511/5674 271/502/5670 273/504/5672 277/512/5675
f  277/512/5675 273/504/5672 256/485/5652 253/482/5651
f  234/459/5634 235/460/5633 279/514/5676 278/513/5677
f  278/513/5677 279/514/5676 281/516/5678 280/515/5679
f  280/515/5679 281/516/5678 283/518/5680 282/517/5681
f  282/517/5681 283/518/5680 247/474/5645 251/480/5649
f  239/519/5637 241/522/5640 285/521/5682 284/520/5683
f  284/520/5683 285/521/5682 287/524/5684 286/523/5685
f  286/523/5685 287/524/5684 289/526/5686 288/525/5687
f  288/525/5687 289/526/5686 250/479/5647 246/476/5642
f  235/460/5633 238/528/5638 290/527/5688 279/514/5676
f  279/514/5676 290/527/5688 291/529/5689 281/516/5678
f  281/516/5678 291/529/5689 292/530/5690 283/518/5680
f  283/518/5680 292/530/5690 243/470/5641 247/474/5645
f  238/531/5638 239/519/5637 284/520/5683 290/532/5688
f  290/527/5688 284/534/5683 286/533/5685 291/529/5689
f  291/529/5689 286/533/5685 288/535/5687 292/530/5690
f  292/530/5690 288/535/5687 246/473/5642 243/470/5641
f  293/536/5691 296/539/5692 295/538/5693 294/537/5694
f  294/537/5694 295/538/5693 298/541/5695 297/540/5696
f  297/540/5696 298/541/5695 242/469/5639 240/465/5636
f  299/542/5697 302/545/5698 301/544/5699 300/543/5700
f  300/543/5700 301/544/5699 304/547/5701 303/546/5702
f  303/546/5702 304/547/5701 237/462/5635 236/466/5632
f  302/545/5698 293/536/5691 294/537/5694 301/544/5699
f  301/544/5699 294/537/5694 297/540/5696 304/547/5701
f  304/547/5701 297/540/5696 240/465/5636 237/462/5635
f  305/548/5703 299/542/5697 300/543/5700 306/549/5704
f  306/549/5704 300/543/5700 303/546/5702 307/550/5705
f  307/550/5705 303/546/5702 236/466/5632 233/551/5631

