# Blender v2.79 (sub 0) OBJ File: 'WomanBody13.blend'
# www.blender.org
mtllib WomanBody13.mtl
o Sphere_Sphere.001
v 0.172603 8.987547 -0.253168
v 0.178096 9.290079 -0.282393
v 0.183378 9.281387 -0.310494
v 0.188246 9.267273 -0.336392
v 0.192513 9.248279 -0.359092
v 0.196014 9.225134 -0.377722
v 0.198616 9.198729 -0.391564
v 0.200218 9.170077 -0.400089
v 0.200759 9.140280 -0.402967
v 0.200218 9.110483 -0.400089
v 0.198616 9.081831 -0.391564
v 0.196014 9.055426 -0.377722
v 0.192513 9.032281 -0.359092
v 0.188246 9.013287 -0.336392
v 0.183378 8.999172 -0.310494
v 0.178096 8.990481 -0.282393
v 0.183378 9.290079 -0.280697
v 0.193739 9.281387 -0.307168
v 0.203288 9.267273 -0.331563
v 0.211657 9.248279 -0.352946
v 0.218525 9.225134 -0.370495
v 0.223629 9.198729 -0.383535
v 0.226772 9.170077 -0.391564
v 0.227833 9.140280 -0.394276
v 0.226772 9.110483 -0.391564
v 0.223629 9.081831 -0.383535
v 0.218525 9.055426 -0.370495
v 0.211657 9.032281 -0.352946
v 0.203288 9.013287 -0.331563
v 0.193739 8.999172 -0.307168
v 0.183378 8.990481 -0.280697
v 0.188246 9.290079 -0.277944
v 0.203288 9.281387 -0.301767
v 0.217150 9.267273 -0.323722
v 0.229300 9.248279 -0.342966
v 0.239272 9.225134 -0.358759
v 0.246682 9.198729 -0.370495
v 0.251244 9.170077 -0.377722
v 0.252785 9.140280 -0.380162
v 0.251244 9.110483 -0.377722
v 0.246682 9.081831 -0.370495
v 0.239272 9.055426 -0.358759
v 0.229300 9.032281 -0.342966
v 0.217150 9.013287 -0.323722
v 0.203288 8.999172 -0.301767
v 0.188246 8.990481 -0.277944
v 0.192513 9.290079 -0.274238
v 0.211657 9.281387 -0.294498
v 0.229300 9.267273 -0.313169
v 0.244765 9.248279 -0.329535
v 0.257456 9.225134 -0.342966
v 0.266887 9.198729 -0.352946
v 0.272694 9.170077 -0.359092
v 0.274655 9.140280 -0.361167
v 0.272694 9.110483 -0.359092
v 0.266887 9.081831 -0.352946
v 0.257456 9.055426 -0.342966
v 0.244765 9.032281 -0.329535
v 0.229300 9.013287 -0.313169
v 0.211657 8.999172 -0.294498
v 0.192513 8.990481 -0.274238
v 0.196014 9.290079 -0.269723
v 0.218526 9.281387 -0.285641
v 0.239272 9.267273 -0.300311
v 0.257456 9.248279 -0.313169
v 0.272380 9.225134 -0.323722
v 0.283469 9.198729 -0.331563
v 0.290298 9.170077 -0.336392
v 0.292604 9.140280 -0.338023
v 0.290298 9.110483 -0.336392
v 0.283469 9.081831 -0.331563
v 0.272380 9.055426 -0.323722
v 0.257456 9.032281 -0.313169
v 0.239272 9.013287 -0.300311
v 0.218525 8.999172 -0.285641
v 0.196014 8.990481 -0.269723
v 0.198616 9.290079 -0.264571
v 0.223629 9.281387 -0.275536
v 0.246682 9.267273 -0.285641
v 0.266887 9.248279 -0.294498
v 0.283469 9.225134 -0.301767
v 0.295791 9.198729 -0.307168
v 0.303379 9.170077 -0.310494
v 0.305941 9.140280 -0.311617
v 0.303379 9.110483 -0.310494
v 0.295791 9.081831 -0.307168
v 0.283469 9.055426 -0.301767
v 0.266887 9.032281 -0.294498
v 0.246682 9.013287 -0.285641
v 0.223629 8.999172 -0.275536
v 0.198616 8.990481 -0.264571
v 0.200218 9.290079 -0.258981
v 0.226772 9.281387 -0.264571
v 0.251244 9.267273 -0.269723
v 0.272694 9.248279 -0.274238
v 0.290298 9.225134 -0.277944
v 0.303379 9.198729 -0.280697
v 0.311434 9.170077 -0.282393
v 0.314153 9.140280 -0.282965
v 0.311434 9.110483 -0.282393
v 0.303379 9.081831 -0.280697
v 0.290298 9.055426 -0.277944
v 0.272694 9.032281 -0.274238
v 0.251244 9.013287 -0.269723
v 0.226772 8.999172 -0.264571
v 0.200218 8.990481 -0.258981
v 0.200759 9.290079 -0.253168
v 0.227833 9.281387 -0.253168
v 0.252785 9.267273 -0.253168
v 0.274655 9.248279 -0.253168
v 0.292604 9.225134 -0.253168
v 0.305941 9.198729 -0.253168
v 0.314153 9.170077 -0.253168
v 0.316926 9.140280 -0.253168
v 0.314153 9.110483 -0.253168
v 0.305941 9.081831 -0.253168
v 0.292604 9.055426 -0.253168
v 0.274655 9.032281 -0.253168
v 0.252785 9.013287 -0.253168
v 0.227833 8.999172 -0.253168
v 0.200759 8.990481 -0.253168
v 0.200218 9.290079 -0.247355
v 0.226772 9.281387 -0.241766
v 0.251244 9.267273 -0.236614
v 0.272694 9.248279 -0.232099
v 0.290298 9.225134 -0.228393
v 0.303379 9.198729 -0.225640
v 0.311433 9.170077 -0.223944
v 0.314153 9.140280 -0.223371
v 0.311433 9.110483 -0.223944
v 0.303379 9.081831 -0.225640
v 0.290298 9.055426 -0.228393
v 0.272694 9.032281 -0.232099
v 0.251244 9.013287 -0.236614
v 0.226772 8.999172 -0.241766
v 0.200218 8.990481 -0.247355
v 0.198616 9.290079 -0.241766
v 0.223629 9.281387 -0.230801
v 0.246682 9.267273 -0.220696
v 0.266887 9.248279 -0.211839
v 0.283469 9.225134 -0.204570
v 0.295791 9.198729 -0.199169
v 0.303379 9.170077 -0.195843
v 0.305941 9.140280 -0.194720
v 0.303379 9.110483 -0.195843
v 0.295791 9.081831 -0.199169
v 0.283469 9.055426 -0.204570
v 0.266887 9.032281 -0.211839
v 0.246682 9.013287 -0.220696
v 0.223629 8.999172 -0.230801
v 0.198616 8.990481 -0.241766
v 0.196014 9.290079 -0.236614
v 0.218526 9.281387 -0.220696
v 0.239272 9.267273 -0.206026
v 0.257456 9.248279 -0.193167
v 0.272380 9.225134 -0.182615
v 0.283469 9.198729 -0.174773
v 0.290298 9.170077 -0.169945
v 0.292604 9.140280 -0.168314
v 0.290298 9.110483 -0.169945
v 0.283469 9.081831 -0.174773
v 0.272380 9.055426 -0.182615
v 0.257456 9.032281 -0.193167
v 0.239272 9.013287 -0.206026
v 0.218525 8.999172 -0.220696
v 0.196014 8.990481 -0.236614
v 0.192513 9.290079 -0.232099
v 0.211657 9.281387 -0.211839
v 0.229300 9.267273 -0.193167
v 0.244765 9.248279 -0.176802
v 0.257456 9.225134 -0.163370
v 0.266887 9.198729 -0.153390
v 0.272694 9.170077 -0.147245
v 0.274655 9.140280 -0.145169
v 0.272694 9.110483 -0.147245
v 0.266887 9.081831 -0.153390
v 0.257456 9.055426 -0.163370
v 0.244765 9.032281 -0.176802
v 0.229300 9.013287 -0.193167
v 0.211657 8.999172 -0.211839
v 0.192513 8.990481 -0.232099
v 0.188246 9.290079 -0.228393
v 0.203288 9.281387 -0.204570
v 0.217150 9.267273 -0.182615
v 0.229300 9.248279 -0.163370
v 0.239272 9.225134 -0.147577
v 0.246682 9.198729 -0.135842
v 0.251244 9.170077 -0.128615
v 0.252785 9.140280 -0.126175
v 0.251244 9.110483 -0.128615
v 0.246682 9.081831 -0.135842
v 0.239272 9.055426 -0.147577
v 0.229300 9.032281 -0.163370
v 0.217150 9.013287 -0.182615
v 0.203288 8.999172 -0.204570
v 0.188246 8.990481 -0.228393
v 0.183378 9.290079 -0.225640
v 0.193739 9.281387 -0.199169
v 0.203288 9.267273 -0.174773
v 0.211657 9.248279 -0.153390
v 0.218525 9.225134 -0.135842
v 0.223629 9.198729 -0.122802
v 0.226772 9.170077 -0.114772
v 0.227833 9.140280 -0.112061
v 0.226772 9.110483 -0.114772
v 0.223629 9.081831 -0.122802
v 0.218525 9.055426 -0.135842
v 0.211657 9.032281 -0.153390
v 0.203288 9.013287 -0.174773
v 0.193739 8.999172 -0.199169
v 0.183378 8.990481 -0.225640
v 0.178096 9.290079 -0.223944
v 0.183378 9.281387 -0.195843
v 0.188246 9.267273 -0.169945
v 0.192513 9.248279 -0.147245
v 0.196014 9.225134 -0.128615
v 0.198616 9.198729 -0.114772
v 0.200218 9.170077 -0.106248
v 0.200759 9.140280 -0.103369
v 0.200218 9.110483 -0.106248
v 0.198616 9.081831 -0.114772
v 0.196014 9.055426 -0.128615
v 0.192513 9.032281 -0.147245
v 0.188246 9.013287 -0.169945
v 0.183378 8.999172 -0.195843
v 0.178096 8.990481 -0.223944
v 0.172603 9.290079 -0.223371
v 0.172603 9.281387 -0.194720
v 0.172603 9.267273 -0.168314
v 0.172603 9.248279 -0.145169
v 0.172603 9.225134 -0.126175
v 0.172603 9.198729 -0.112061
v 0.172603 9.170077 -0.103370
v 0.172603 9.140280 -0.100435
v 0.172603 9.110483 -0.103370
v 0.172603 9.081831 -0.112061
v 0.172603 9.055426 -0.126175
v 0.172603 9.032281 -0.145169
v 0.172603 9.013287 -0.168314
v 0.172603 8.999172 -0.194720
v 0.172603 8.990481 -0.223372
v 0.167110 9.290079 -0.223944
v 0.161829 9.281387 -0.195843
v 0.156961 9.267273 -0.169945
v 0.152694 9.248279 -0.147245
v 0.149192 9.225134 -0.128615
v 0.146591 9.198729 -0.114772
v 0.144988 9.170077 -0.106248
v 0.144447 9.140280 -0.103370
v 0.144988 9.110483 -0.106248
v 0.146591 9.081831 -0.114772
v 0.149192 9.055426 -0.128615
v 0.152694 9.032281 -0.147245
v 0.156961 9.013287 -0.169945
v 0.161829 8.999172 -0.195843
v 0.167110 8.990481 -0.223944
v 0.172603 9.293014 -0.253168
v 0.161829 9.290079 -0.225640
v 0.151468 9.281387 -0.199169
v 0.141919 9.267273 -0.174773
v 0.133550 9.248279 -0.153390
v 0.126681 9.225134 -0.135842
v 0.121577 9.198729 -0.122802
v 0.118435 9.170077 -0.114772
v 0.117373 9.140280 -0.112061
v 0.118435 9.110483 -0.114772
v 0.121577 9.081831 -0.122802
v 0.126681 9.055426 -0.135842
v 0.133550 9.032281 -0.153390
v 0.141919 9.013287 -0.174773
v 0.151468 8.999172 -0.199169
v 0.161829 8.990481 -0.225640
v 0.156961 9.290079 -0.228393
v 0.141919 9.281387 -0.204570
v 0.128057 9.267273 -0.182615
v 0.115906 9.248279 -0.163370
v 0.105935 9.225134 -0.147577
v 0.098525 9.198729 -0.135842
v 0.093962 9.170077 -0.128615
v 0.092422 9.140280 -0.126175
v 0.093962 9.110483 -0.128615
v 0.098525 9.081831 -0.135842
v 0.105935 9.055426 -0.147577
v 0.115906 9.032281 -0.163370
v 0.128057 9.013287 -0.182615
v 0.141919 8.999172 -0.204570
v 0.156961 8.990481 -0.228393
v 0.152694 9.290079 -0.232099
v 0.133550 9.281387 -0.211839
v 0.115906 9.267273 -0.193167
v 0.100442 9.248279 -0.176802
v 0.087750 9.225134 -0.163371
v 0.078320 9.198729 -0.153390
v 0.072512 9.170077 -0.147245
v 0.070552 9.140280 -0.145169
v 0.072512 9.110483 -0.147245
v 0.078320 9.081831 -0.153390
v 0.087750 9.055426 -0.163371
v 0.100442 9.032281 -0.176802
v 0.115906 9.013287 -0.193167
v 0.133550 8.999172 -0.211839
v 0.152694 8.990481 -0.232099
v 0.149192 9.290079 -0.236614
v 0.126681 9.281387 -0.220696
v 0.105935 9.267273 -0.206026
v 0.087750 9.248279 -0.193167
v 0.072827 9.225134 -0.182615
v 0.061738 9.198729 -0.174773
v 0.054909 9.170077 -0.169945
v 0.052603 9.140280 -0.168314
v 0.054909 9.110483 -0.169945
v 0.061738 9.081831 -0.174773
v 0.072827 9.055426 -0.182615
v 0.087750 9.032281 -0.193167
v 0.105935 9.013287 -0.206026
v 0.126681 8.999172 -0.220696
v 0.149192 8.990481 -0.236614
v 0.146591 9.290079 -0.241766
v 0.121577 9.281387 -0.230801
v 0.098525 9.267273 -0.220696
v 0.078320 9.248279 -0.211839
v 0.061738 9.225134 -0.204570
v 0.049416 9.198729 -0.199169
v 0.041828 9.170077 -0.195843
v 0.039266 9.140280 -0.194720
v 0.041828 9.110483 -0.195843
v 0.049416 9.081831 -0.199169
v 0.061738 9.055426 -0.204570
v 0.078320 9.032281 -0.211839
v 0.098525 9.013287 -0.220696
v 0.121577 8.999172 -0.230801
v 0.146591 8.990481 -0.241766
v 0.144988 9.290079 -0.247355
v 0.118435 9.281387 -0.241766
v 0.093962 9.267273 -0.236614
v 0.072512 9.248279 -0.232099
v 0.054909 9.225134 -0.228393
v 0.041828 9.198729 -0.225640
v 0.033773 9.170077 -0.223944
v 0.031053 9.140280 -0.223372
v 0.033773 9.110483 -0.223944
v 0.041828 9.081831 -0.225640
v 0.054909 9.055426 -0.228393
v 0.072512 9.032281 -0.232099
v 0.093962 9.013287 -0.236614
v 0.118435 8.999172 -0.241766
v 0.144988 8.990481 -0.247355
v 0.144447 9.290079 -0.253168
v 0.117373 9.281387 -0.253168
v 0.092422 9.267273 -0.253168
v 0.070552 9.248279 -0.253168
v 0.052603 9.225134 -0.253168
v 0.039266 9.198729 -0.253168
v 0.031053 9.170077 -0.253168
v 0.028280 9.140280 -0.253168
v 0.031053 9.110483 -0.253168
v 0.039266 9.081831 -0.253168
v 0.052603 9.055426 -0.253168
v 0.070552 9.032281 -0.253168
v 0.092422 9.013287 -0.253168
v 0.117373 8.999172 -0.253168
v 0.144447 8.990481 -0.253168
v 0.144988 9.290079 -0.258981
v 0.118435 9.281387 -0.264571
v 0.093962 9.267273 -0.269723
v 0.072512 9.248279 -0.274238
v 0.054909 9.225134 -0.277944
v 0.041828 9.198729 -0.280697
v 0.033773 9.170077 -0.282393
v 0.031053 9.140280 -0.282965
v 0.033773 9.110483 -0.282393
v 0.041828 9.081831 -0.280697
v 0.054909 9.055426 -0.277944
v 0.072512 9.032281 -0.274238
v 0.093962 9.013287 -0.269723
v 0.118435 8.999172 -0.264571
v 0.144988 8.990481 -0.258981
v 0.146591 9.290079 -0.264571
v 0.121577 9.281387 -0.275536
v 0.098525 9.267273 -0.285641
v 0.078320 9.248279 -0.294498
v 0.061738 9.225134 -0.301767
v 0.049416 9.198729 -0.307168
v 0.041828 9.170077 -0.310494
v 0.039266 9.140280 -0.311617
v 0.041828 9.110483 -0.310494
v 0.049416 9.081831 -0.307168
v 0.061738 9.055426 -0.301767
v 0.078320 9.032281 -0.294498
v 0.098525 9.013287 -0.285641
v 0.121577 8.999172 -0.275536
v 0.146591 8.990481 -0.264571
v 0.149192 9.290079 -0.269723
v 0.126681 9.281387 -0.285641
v 0.105935 9.267273 -0.300311
v 0.087750 9.248279 -0.313169
v 0.072827 9.225134 -0.323722
v 0.061738 9.198729 -0.331563
v 0.054909 9.170077 -0.336392
v 0.052603 9.140280 -0.338023
v 0.054909 9.110483 -0.336392
v 0.061738 9.081831 -0.331563
v 0.072827 9.055426 -0.323722
v 0.087750 9.032281 -0.313169
v 0.105935 9.013287 -0.300311
v 0.126681 8.999172 -0.285641
v 0.149192 8.990481 -0.269723
v 0.152694 9.290079 -0.274238
v 0.133550 9.281387 -0.294498
v 0.115906 9.267273 -0.313169
v 0.100442 9.248279 -0.329535
v 0.087750 9.225134 -0.342966
v 0.078320 9.198729 -0.352946
v 0.072513 9.170077 -0.359092
v 0.070552 9.140280 -0.361167
v 0.072513 9.110483 -0.359092
v 0.078320 9.081831 -0.352946
v 0.087750 9.055426 -0.342966
v 0.100442 9.032281 -0.329535
v 0.115906 9.013287 -0.313169
v 0.133550 8.999172 -0.294498
v 0.152694 8.990481 -0.274238
v 0.156961 9.290079 -0.277944
v 0.141919 9.281387 -0.301767
v 0.128057 9.267273 -0.323722
v 0.115906 9.248279 -0.342966
v 0.105935 9.225134 -0.358759
v 0.098525 9.198729 -0.370495
v 0.093963 9.170077 -0.377721
v 0.092422 9.140280 -0.380162
v 0.093963 9.110483 -0.377721
v 0.098525 9.081831 -0.370495
v 0.105935 9.055426 -0.358759
v 0.115906 9.032281 -0.342966
v 0.128057 9.013287 -0.323722
v 0.141919 8.999172 -0.301767
v 0.156961 8.990481 -0.277944
v 0.161829 9.290079 -0.280697
v 0.151468 9.281387 -0.307168
v 0.141919 9.267273 -0.331563
v 0.133550 9.248279 -0.352946
v 0.126681 9.225134 -0.370495
v 0.121577 9.198729 -0.383535
v 0.118435 9.170077 -0.391564
v 0.117373 9.140280 -0.394276
v 0.118435 9.110483 -0.391564
v 0.121577 9.081831 -0.383535
v 0.126681 9.055426 -0.370495
v 0.133550 9.032281 -0.352946
v 0.141919 9.013287 -0.331563
v 0.151468 8.999172 -0.307168
v 0.161829 8.990481 -0.280697
v 0.167110 9.290079 -0.282393
v 0.161829 9.281387 -0.310494
v 0.156961 9.267273 -0.336392
v 0.152694 9.248279 -0.359092
v 0.149193 9.225134 -0.377721
v 0.146591 9.198729 -0.391564
v 0.144988 9.170077 -0.400089
v 0.144447 9.140280 -0.402967
v 0.144988 9.110483 -0.400089
v 0.146591 9.081831 -0.391564
v 0.149193 9.055426 -0.377721
v 0.152694 9.032281 -0.359092
v 0.156961 9.013287 -0.336392
v 0.161829 8.999172 -0.310494
v 0.167110 8.990481 -0.282393
v 0.172603 9.290079 -0.282965
v 0.172603 9.281387 -0.311617
v 0.172603 9.267273 -0.338023
v 0.172603 9.248279 -0.361167
v 0.172603 9.225134 -0.380162
v 0.172603 9.198729 -0.394276
v 0.172603 9.170077 -0.402967
v 0.172603 9.140280 -0.405902
v 0.172603 9.110483 -0.402967
v 0.172603 9.081831 -0.394276
v 0.172603 9.055426 -0.380162
v 0.172603 9.032281 -0.361167
v 0.172603 9.013287 -0.338023
v 0.172603 8.999172 -0.311617
v 0.172603 8.990481 -0.282965
v -0.014454 8.937284 -0.523019
v -0.037477 9.153682 -0.502141
v -0.029861 8.994041 -0.577821
v -0.032383 8.957198 -0.577351
v -0.019225 8.933102 -0.561435
v -0.021568 9.041786 -0.533477
v -0.015632 9.151813 -0.524769
v -0.011278 8.933875 -0.528624
v -0.017772 8.991397 -0.597685
v -0.018685 8.954950 -0.597265
v -0.014214 8.927618 -0.570908
v -0.012523 9.046541 -0.553130
v -0.066310 8.987137 -0.462794
v -0.052531 8.923046 -0.483534
v -0.068607 8.930640 -0.521212
v -0.081620 8.964944 -0.519720
v -0.083918 8.969038 -0.477666
v -0.068629 8.920931 -0.490805
v -0.048667 8.943609 -0.549375
v -0.047296 8.978026 -0.550955
v -0.025902 8.944631 -0.569611
v -0.016444 8.940848 -0.584210
v -0.065419 8.940098 -0.458397
v -0.080690 8.943547 -0.523696
v -0.086157 8.938449 -0.480322
v -0.054216 8.956379 -0.552898
v -0.014915 8.923248 -0.513778
v -0.011352 8.919681 -0.519595
v -0.037832 8.847997 -0.539413
v -0.019321 8.841442 -0.535120
v -0.073273 8.838257 -0.506088
v -0.022428 8.943168 -0.522247
v -0.025831 8.940223 -0.548824
v -0.048703 8.933611 -0.494831
v -0.060045 8.938404 -0.520997
v -0.060046 8.931613 -0.499880
v -0.046193 8.947428 -0.540638
v -0.022708 8.933874 -0.515583
v -0.040215 8.959304 -0.520636
v -0.063791 8.997269 -0.496209
v -0.050458 9.003239 -0.486702
v -0.058531 8.995928 -0.518234
v -0.039465 9.008649 -0.528364
v -0.288937 9.108906 -0.341030
v -0.105188 9.115101 -0.399895
v -0.312291 9.160947 -0.313512
v -0.152124 9.181879 -0.405357
v -0.199782 9.080928 -0.398708
v -0.241972 9.188628 -0.380691
v -0.284308 9.178427 -0.344254
v -0.256065 9.084381 -0.368624
v -0.148842 9.092505 -0.401839
v -0.195776 9.190884 -0.400505
v -0.311044 9.136497 -0.314491
v -0.118486 9.157246 -0.404248
v -0.118535 8.821255 -0.412434
v -0.128331 8.795745 -0.392318
v -0.124513 8.814659 -0.406039
v -0.128191 8.807140 -0.399900
v -0.070589 8.755222 -0.424542
v -0.076939 8.817378 -0.453436
v -0.080231 8.797977 -0.459265
v -0.077912 8.777052 -0.452669
v -0.040793 8.822303 -0.473112
v -0.035008 8.741450 -0.437918
v -0.043519 8.796994 -0.481386
v -0.042527 8.767095 -0.471319
v -0.099404 8.777983 -0.408372
v -0.104200 8.804155 -0.430411
v -0.103666 8.791369 -0.425243
v -0.100141 8.818662 -0.430789
v -0.131202 8.822989 -0.407258
v -0.153666 8.848675 -0.396781
v -0.144095 8.832014 -0.401121
v -0.041141 8.826918 -0.519267
v -0.039875 8.823528 -0.484288
v -0.100758 8.822583 -0.461175
v -0.100649 8.836332 -0.466112
v -0.093411 8.818908 -0.446658
v -0.021311 8.819177 -0.492811
v -0.021677 8.825052 -0.523686
v -0.067902 8.820565 -0.467508
v -0.073442 8.823480 -0.493125
v -0.125415 8.829117 -0.425840
v -0.128759 8.848047 -0.425856
v -0.116162 8.820924 -0.423982
v -0.022138 9.095009 -0.512227
v -0.012135 9.099633 -0.529969
v -0.043131 9.040210 -0.477134
v -0.095790 9.012197 -0.434706
v -0.123844 8.942630 -0.418326
v -0.295779 9.102757 -0.334862
v -0.088110 9.105080 -0.415137
v -0.331590 9.162672 -0.298324
v -0.140668 9.189380 -0.416074
v -0.198171 9.074532 -0.400743
v -0.246015 9.197095 -0.386712
v -0.296134 9.184773 -0.339053
v -0.260463 9.078011 -0.365710
v -0.142694 9.081937 -0.404380
v -0.192202 9.199911 -0.409296
v -0.325980 9.135259 -0.303730
v -0.105258 9.159964 -0.415329
v -0.309233 9.079651 -0.314614
v -0.047198 9.087595 -0.463367
v -0.372414 9.153346 -0.263661
v -0.107258 9.206936 -0.456761
v -0.193635 9.056658 -0.400949
v -0.255437 9.219019 -0.396594
v -0.318898 9.200242 -0.331387
v -0.268347 9.060237 -0.356843
v -0.127213 9.063337 -0.415688
v -0.185543 9.221966 -0.432135
v -0.361282 9.121273 -0.281624
v -0.073036 9.159842 -0.453529
v -0.189903 9.001403 -0.400591
v -0.180363 8.923769 -0.387421
v -0.049960 9.202160 -0.516880
v -0.020623 9.199801 -0.545035
v -0.131497 8.823337 -0.401199
v -0.143586 8.823060 -0.390964
v -0.156821 8.821183 -0.381232
v -0.136386 8.823987 -0.399252
v -0.151265 8.829801 -0.389072
v -0.166100 8.839084 -0.380886
v -0.239699 8.883451 -0.349174
v -0.274261 8.982764 -0.357521
v -0.151569 8.807374 -0.380169
v -0.151807 8.756497 -0.375808
v -0.078713 8.724174 -0.414223
v -0.043541 8.712897 -0.425735
v -0.108568 8.738231 -0.396311
v -0.191695 8.781002 -0.357439
v -0.224055 8.818142 -0.347237
v -0.298380 8.761838 -0.269149
v -0.266547 8.779034 -0.312239
v -0.305397 8.870199 -0.297892
v -0.331242 8.981957 -0.304631
v -0.369665 8.983959 -0.259028
v -0.343904 8.861039 -0.256404
v -0.257870 8.714845 -0.280077
v -0.215517 8.677203 -0.296268
v -0.166473 8.644436 -0.311750
v -0.115516 8.612728 -0.326457
v -0.063972 8.586126 -0.338909
v -0.051654 8.627028 -0.400945
v -0.094656 8.648222 -0.382244
v -0.142039 8.674533 -0.363629
v -0.189071 8.704983 -0.345072
v -0.231064 8.738540 -0.326541
v -0.021612 9.271516 -0.573390
v -0.308443 8.768289 -0.208608
v -0.394220 8.995722 -0.212718
v -0.362074 8.863904 -0.202359
v -0.256136 8.710373 -0.220048
v -0.209894 8.675597 -0.232454
v -0.157774 8.641393 -0.242600
v -0.108640 8.611870 -0.255666
v -0.059613 8.584261 -0.268215
v -0.401930 9.175200 -0.213203
v -0.108274 9.278416 -0.525020
v -0.276258 9.276774 -0.423026
v -0.344792 9.247650 -0.331811
v -0.195486 9.284480 -0.479520
v -0.052934 9.274173 -0.559192
v -0.314043 8.819128 -0.115358
v -0.403344 9.031391 -0.148295
v -0.366597 8.909623 -0.123304
v -0.256327 8.749057 -0.119115
v -0.207383 8.698640 -0.129298
v -0.156570 8.664298 -0.140938
v -0.105062 8.636358 -0.154193
v -0.051961 8.611959 -0.169138
v -0.027052 9.760930 0.240606
v -0.035543 9.102881 0.417219
v -0.034805 9.760293 -0.320188
v -0.025522 9.578458 -0.551202
v -0.031961 9.489987 0.450321
v -0.030058 9.648710 0.366659
v -0.023824 9.826911 0.068821
v -0.024075 9.803352 -0.147009
v -0.034327 9.693128 -0.457101
v -0.024764 9.420116 -0.603049
v -0.030545 9.307659 0.476971
v -0.050406 8.668074 -0.044042
v -0.425058 9.230403 -0.153781
v -0.141578 9.406659 -0.551145
v -0.308964 9.367579 -0.412651
v -0.375125 9.322479 -0.295582
v -0.229736 9.392565 -0.492304
v -0.068509 9.415904 -0.588610
v -0.327549 8.886364 -0.018760
v -0.413253 9.096230 -0.081635
v -0.371882 8.971957 -0.042538
v -0.272285 8.815547 -0.006654
v -0.216298 8.762681 -0.009104
v -0.162570 8.722099 -0.017262
v -0.108731 8.691166 -0.029489
v -0.063414 5.911011 -0.541684
v -0.051003 6.210757 -0.579068
v -0.436517 9.290897 -0.078953
v -0.166497 9.551639 -0.509837
v -0.332243 9.474855 -0.347758
v -0.395904 9.421997 -0.199832
v -0.259066 9.518373 -0.447269
v -0.076043 9.571310 -0.538460
v -0.333928 8.949309 0.056739
v -0.423871 9.162457 -0.017056
v -0.373597 9.026880 0.030205
v -0.282034 8.880251 0.078494
v -0.225554 8.827596 0.087498
v -0.201431 8.780188 0.078264
v -0.188645 8.745120 0.076056
v -0.034637 6.509752 -0.507505
v -0.023647 8.011073 -0.353952
v -0.046965 7.029768 -0.549613
v -0.031423 6.783803 -0.488242
v -0.434561 9.302381 0.065842
v -0.425464 9.208616 0.063683
v -0.158886 8.930796 0.297158
v -0.177850 8.973905 0.278961
v -0.218762 9.018235 0.264836
v -0.279906 9.071374 0.237917
v -0.336794 9.130436 0.202511
v -0.383130 9.195145 0.162353
v -0.377069 9.115794 0.119746
v -0.335549 9.050378 0.150615
v -0.280918 8.985356 0.175844
v -0.228224 8.923059 0.193237
v -0.210639 8.875260 0.196532
v -0.202721 8.834111 0.202730
v -0.176079 9.669171 -0.432587
v -0.094515 9.690477 -0.454511
v -0.167635 9.746059 -0.311983
v -0.093884 9.760815 -0.322032
v -0.142569 9.790398 -0.146957
v -0.071775 9.801460 -0.147793
v -0.149200 9.799932 0.062428
v -0.074637 9.819446 0.069025
v -0.170633 9.726980 0.219993
v -0.085547 9.747395 0.235792
v -0.173444 9.612185 0.334780
v -0.090385 9.632372 0.354262
v -0.166283 9.467243 0.398825
v -0.089700 9.481769 0.428417
v -0.156005 9.301121 0.419365
v -0.084476 9.304358 0.456548
v -0.153890 9.131346 0.371994
v -0.089475 9.112812 0.407384
v -0.267760 9.583673 0.298545
v -0.344625 9.530515 0.239434
v -0.259281 9.704101 -0.273176
v -0.329632 9.630059 -0.193939
v -0.335636 9.671930 -0.081493
v -0.241571 9.757133 -0.124548
v -0.271099 9.628250 -0.379386
v -0.334895 9.569798 -0.289374
v -0.270938 9.697442 0.196367
v -0.354805 9.627903 0.156656
v -0.257204 9.769374 0.055965
v -0.351949 9.675648 0.043850
v -0.296900 9.300354 0.322840
v -0.231311 9.300614 0.373700
v -0.250896 9.448305 0.357236
v -0.321814 9.416939 0.300369
v -0.284425 9.183060 0.295421
v -0.220739 9.154522 0.335787
v -0.427066 9.450323 0.081511
v -0.339383 9.223271 0.250897
v -0.383695 9.287701 0.203754
v -0.401821 9.452780 0.167918
v -0.384929 9.552300 -0.122619
v -0.395192 9.567802 -0.054576
v -0.374862 9.518480 -0.204210
v -0.406839 9.527860 0.112524
v -0.409339 9.547842 0.029664
v -0.339699 9.298436 0.279635
v -0.369256 9.367013 0.243417
v -0.041614 8.386477 -0.099428
v -0.018305 5.213383 0.313287
v -0.441014 9.314935 -0.006379
v -0.425934 9.189869 0.028226
v -0.204557 8.789984 0.144632
v -0.207612 8.826891 0.142452
v -0.225089 8.872065 0.138178
v -0.282825 8.928473 0.126834
v -0.335699 8.995694 0.104678
v -0.374340 9.065869 0.077480
v -0.420834 9.479300 -0.044078
v -0.017585 8.947713 -0.590824
v -0.029223 8.950695 -0.573532
v -0.066043 8.964272 -0.460129
v -0.081454 8.954076 -0.521728
v -0.085328 8.953638 -0.478730
v -0.051018 8.966874 -0.551888
v -0.110340 8.979383 -0.425419
v -0.185896 8.966486 -0.396193
v -0.258376 8.933458 -0.355883
v -0.318662 8.926484 -0.301599
v -0.356765 8.922054 -0.257546
v -0.378290 8.929017 -0.207058
v -0.385130 8.969258 -0.134794
v -0.392617 9.031805 -0.060225
v -0.398849 9.090174 0.008811
v -0.417889 9.255014 0.117592
v -0.406353 9.168465 0.089366
v -0.417215 9.362753 0.144915
v -0.401173 9.123876 0.052908
v -0.026373 8.885622 -0.522468
v -0.015337 8.880562 -0.523230
v -0.062895 8.880655 -0.490692
v -0.085200 8.885167 -0.459033
v -0.127049 8.888458 -0.421646
v -0.165240 8.879953 -0.391180
v -0.192047 8.857056 -0.368871
v -0.137027 8.780258 -0.384438
v -0.167546 8.799802 -0.370921
v -0.103441 8.759027 -0.399968
v -0.039275 8.727174 -0.429573
v -0.074647 8.739691 -0.417119
v -0.187035 8.824689 -0.365225
v -0.217431 9.139775 -0.287923
v -0.340930 6.784547 0.048806
v -0.257723 6.782099 -0.447969
v -0.337081 8.329172 -0.021777
v -0.141793 5.450231 -0.309610
v -0.468936 8.252748 0.640038
v -0.107438 5.200839 0.356667
v -0.440688 7.087868 -0.461676
v -0.468057 7.108236 0.210907
v -0.551332 7.848015 0.491888
v -0.328196 6.512203 0.071538
v -0.280661 6.507982 -0.460945
v -0.386118 6.277898 -0.454980
v -0.482023 6.275408 0.314948
v -0.512764 5.967288 -0.399397
v -0.633047 5.724671 0.606731
v -0.444858 5.693946 -0.402170
v -0.655888 5.381564 0.562433
v -0.467763 7.271248 -0.390351
v -0.509101 7.398505 0.344330
v -0.400371 6.781545 -0.201900
v -0.559903 8.453353 0.255893
v -0.056218 5.120826 0.095277
v -0.580479 7.100125 -0.135373
v -0.667752 7.855039 0.111414
v -0.431253 6.491350 -0.208886
v -0.629515 6.294350 -0.081983
v -0.843394 5.746478 0.075093
v -0.867455 5.531439 0.085495
v -0.618118 7.330040 -0.087377
v -0.073221 5.220133 0.359165
v -0.167283 8.376571 -0.064185
v -0.166347 6.775985 0.100618
v -0.125712 6.782911 -0.491352
v -0.155141 8.309067 0.704265
v -0.084822 5.470707 -0.330353
v -0.227658 7.114254 0.279830
v -0.199506 7.050658 -0.549532
v -0.260061 7.845349 0.590229
v -0.154078 6.502245 0.099439
v -0.138548 6.510078 -0.509001
v -0.204011 6.246770 -0.543392
v -0.128513 6.219841 0.397348
v -0.096835 5.768904 0.657190
v -0.253657 5.957092 -0.514032
v -0.182539 5.730978 -0.445369
v -0.106228 5.433448 0.615917
v -0.312563 7.234321 -0.492338
v -0.248339 7.440858 0.482002
v -0.208476 8.558647 0.302241
v -0.027349 5.120858 0.098939
v -0.356769 6.781699 -0.325023
v -0.416226 8.367035 0.039409
v -0.530106 7.097667 -0.306613
v -0.630401 7.853656 -0.037014
v -0.372744 6.493399 -0.333275
v -0.517490 6.292356 -0.298088
v -0.733651 5.872785 -0.207701
v -0.737227 5.619616 -0.197086
v -0.564676 7.377350 -0.220257
v -0.058231 5.297406 -0.119287
v -0.028341 5.297790 -0.127669
v -0.167317 8.474870 0.054872
v -0.057392 5.136283 0.221055
v -0.392801 6.781412 -0.070274
v -0.538561 8.485854 0.386720
v -0.549145 7.104177 0.037785
v -0.657339 7.797703 0.296932
v -0.435324 6.508420 -0.080166
v -0.603705 6.294067 0.160471
v -0.789090 5.725747 0.370101
v -0.829844 5.415103 0.329490
v -0.612765 7.358965 0.160225
v -0.165241 8.578367 0.412954
v -0.037280 5.162696 0.212878
v -1.092702 0.892320 0.365171
v -0.962508 0.897068 0.369607
v -0.906593 0.898284 0.565880
v -0.940584 0.891071 0.634134
v -1.073125 0.875681 0.652553
v -1.137276 0.880887 0.414797
v -0.916103 0.901231 0.427315
v -0.896899 0.898519 0.494756
v -1.137015 0.862658 0.587956
v -1.148679 0.866662 0.513748
v -0.399715 4.177507 0.390008
v -0.804424 4.237646 0.426315
v -0.976118 4.277794 0.283704
v -0.275520 4.148799 0.250104
v -0.362544 4.312546 -0.334128
v -0.698808 4.414556 -0.385087
v -0.938609 4.385895 -0.179146
v -1.052174 4.322664 0.038994
v -0.255179 4.225065 -0.155776
v -0.247036 4.168288 0.045678
v -0.741534 4.796773 0.494693
v -0.145030 4.654161 0.308667
v -0.615919 5.030528 -0.388532
v -1.053215 4.865160 0.066731
v -0.120283 4.631340 0.076198
v -0.263245 4.697474 0.467410
v -0.936587 4.831763 0.308822
v -0.227457 4.886958 -0.352387
v -0.919869 4.956983 -0.170045
v -0.122760 4.764248 -0.152891
v -0.262514 5.598207 -0.379066
v -0.331804 5.351983 0.672791
v -0.123564 5.594934 -0.395416
v -1.034460 0.897694 0.354413
v -0.997470 0.879675 0.651850
v -0.586636 4.208061 0.467814
v -0.488272 4.370972 -0.374519
v -0.372810 4.974557 -0.399930
v -0.482477 4.752673 0.549368
v -0.559236 6.038256 0.518062
v -0.473432 6.107759 -0.421960
v -0.794722 6.026129 0.028714
v -0.126105 6.030538 0.576596
v -0.234586 6.096154 -0.534044
v -0.649602 6.072854 -0.261949
v -0.736446 6.025679 0.311237
v -0.367858 6.040920 0.602754
v -0.660473 5.545799 0.619459
v -0.359937 5.768333 0.704341
v -0.330664 6.271126 0.357300
v -0.119089 6.319755 0.258529
v -0.256539 6.361787 0.243037
v -0.487152 5.840055 -0.387444
v -0.855444 5.638865 0.080332
v -0.231949 5.842388 -0.488675
v -0.120892 5.614431 0.661969
v -0.736720 5.749150 -0.206353
v -0.819103 5.578190 0.353859
v -0.345870 5.527345 0.718592
v -0.663439 5.176109 0.506704
v -0.081233 5.065577 0.255033
v -0.508001 5.441276 -0.380917
v -0.952806 5.319242 0.079094
v -0.059555 5.068241 0.107538
v -0.165099 5.091765 0.383611
v -0.866272 5.216059 0.322436
v -0.155007 5.269506 -0.335321
v -0.791623 5.402714 -0.187857
v -0.072811 5.148370 -0.118291
v -0.383214 5.147397 0.545274
v -0.298466 5.371209 -0.366661
v -0.313216 6.651727 0.054583
v -0.240826 6.644929 -0.454506
v -0.387574 6.636447 -0.205393
v -0.147318 6.645939 0.092836
v -0.116148 6.645990 -0.495875
v -0.336518 6.637548 -0.329149
v -0.385824 6.644917 -0.075220
v -0.545281 3.525177 0.296005
v -0.944403 3.584470 0.218964
v -0.520268 3.615066 -0.216748
v -0.919950 3.657351 -0.105480
v -0.442479 3.558957 -0.089805
v -0.823474 3.561743 0.321196
v -0.456646 3.508381 0.193889
v -0.752575 3.679081 -0.249967
v -0.996577 3.614865 0.046332
v -0.436772 3.520935 0.051004
v -0.674467 3.543771 0.346907
v -0.609192 3.651839 -0.242933
v -0.683951 3.111905 0.422806
v -1.040762 3.116576 0.339063
v -0.662376 2.967438 -0.031640
v -1.020549 3.039814 0.048012
v -0.589098 2.979969 0.093411
v -0.799176 3.143358 0.454269
v -0.743895 2.983500 -0.063847
v -0.930440 3.146357 0.430662
v -0.601851 3.057678 0.341567
v -0.869477 2.999685 -0.078748
v -1.086874 3.068877 0.186353
v -0.583920 3.008412 0.221709
v -0.804159 2.602138 0.743440
v -1.290008 2.461412 0.663669
v -0.750399 2.237574 0.161236
v -1.254158 2.253983 0.294416
v -0.642037 2.333357 0.320253
v -0.966654 2.616204 0.778505
v -0.870386 2.218238 0.130014
v -1.140696 2.577766 0.769121
v -0.674047 2.527287 0.628104
v -1.074700 2.196492 0.138276
v -1.343243 2.329989 0.473556
v -0.639313 2.421550 0.482022
v -0.907401 1.688251 0.688459
v -1.229574 1.618486 0.613773
v -0.878105 1.604449 0.266247
v -1.211257 1.579207 0.357439
v -0.798922 1.628732 0.379964
v -1.013493 1.688150 0.707278
v -0.960838 1.595976 0.249714
v -1.125122 1.667227 0.702055
v -0.817669 1.675063 0.597124
v -1.094886 1.582227 0.263310
v -1.265364 1.586883 0.475454
v -0.796143 1.644812 0.490645
v -1.050892 2.874113 0.642305
v -0.624439 2.801094 0.518597
v -0.962562 2.587845 0.022315
v -1.242981 2.696761 0.353886
v -0.596000 2.717211 0.376498
v -0.738527 2.870267 0.624011
v -1.189966 2.794172 0.537159
v -0.697637 2.593904 0.069443
v -1.159750 2.639678 0.184003
v -0.600139 2.653648 0.221382
v -0.887433 2.894026 0.659483
v -0.805786 2.591252 0.035738
v -1.147661 2.132847 0.793476
v -0.723644 2.109488 0.658757
v -1.097865 1.878661 0.204911
v -1.335425 1.953117 0.507457
v -0.692827 2.035000 0.520415
v -0.844064 2.157712 0.771961
v -1.286661 2.042416 0.687357
v -0.798570 1.912118 0.221788
v -1.256991 1.907279 0.344689
v -0.695842 1.977885 0.371179
v -0.991184 2.165362 0.801476
v -0.909611 1.896885 0.195630
v -0.907059 3.255216 0.393856
v -0.536028 3.175791 0.299564
v -0.837406 3.177732 -0.167336
v -1.083258 3.211962 0.131838
v -0.515823 3.142727 0.161741
v -0.627866 3.220210 0.380282
v -1.030990 3.239195 0.304735
v -0.603238 3.137159 -0.119749
v -1.007624 3.201650 -0.023478
v -0.521648 3.131702 0.017695
v -0.758133 3.248293 0.420304
v -0.694689 3.158649 -0.153281
v -0.873087 3.383967 0.367472
v -0.484489 3.317568 0.249568
v -0.799064 3.403897 -0.214335
v -1.057050 3.388903 0.091927
v -0.463380 3.307312 0.109214
v -0.579536 3.348178 0.348090
v -1.002044 3.387321 0.264691
v -0.553392 3.351598 -0.173932
v -0.976860 3.404991 -0.070163
v -0.469454 3.320811 -0.041738
v -0.716178 3.371519 0.393551
v -0.648388 3.380732 -0.203790
v -1.042324 0.330180 0.794896
v -1.422878 -0.086780 -0.031099
v -1.384148 0.046150 -0.045989
v -0.798988 0.323457 0.720440
v -1.035351 -0.086780 -0.206933
v -1.075147 0.046150 -0.194445
v -1.390610 -0.083206 0.153222
v -1.324541 0.079705 0.101387
v -0.924705 -0.083206 -0.009222
v -0.998626 0.075774 -0.024078
v -1.261710 -0.020942 0.397224
v -0.998731 0.399693 0.172324
v -1.236626 0.381208 0.244662
v -0.896220 -0.020942 0.269790
v -1.150878 0.244345 0.531873
v -0.898927 0.244765 0.446090
v -1.056232 0.440935 0.836114
v -1.428492 -0.051922 -0.027474
v -1.036099 -0.051922 -0.228151
v -0.760990 0.440935 0.745192
v -0.921222 -0.042617 -0.021908
v -1.401169 -0.042617 0.145432
v -1.294722 0.084285 0.368746
v -0.888070 0.084285 0.226960
v -1.192536 0.362803 0.513937
v -0.875382 0.362803 0.403356
v -1.181144 -0.086780 -0.231556
v -1.181124 0.046150 -0.232950
v -0.850871 0.325117 0.791752
v -1.123048 0.106708 0.000316
v -1.109326 -0.083206 0.055148
v -1.073163 0.429566 0.159849
v -1.019554 -0.020942 0.312793
v -0.964774 0.244765 0.465070
v -0.840936 0.440935 0.821143
v -1.187370 -0.051922 -0.250864
v -1.318581 -0.086780 -0.147966
v -1.249968 -0.083206 0.104185
v -1.140632 -0.020942 0.355008
v -1.066028 0.244765 0.500374
v -0.948584 0.440935 0.828628
v -1.299206 0.046150 -0.156109
v -0.951846 0.325848 0.808851
v -1.244387 0.107817 0.042623
v -1.171259 0.429566 0.194051
v -1.328099 -0.051922 -0.166127
v -1.127160 0.278623 0.620977
v -1.089535 0.298333 0.688025
v -0.811783 0.297128 0.638837
v -0.844201 0.270773 0.530038
v -1.106712 0.414891 0.748727
v -1.159516 0.388847 0.621813
v -0.827691 0.388847 0.510842
v -0.782570 0.414891 0.645159
v -0.922698 0.271550 0.573965
v -0.877925 0.298333 0.702380
v -1.031320 0.271550 0.600026
v -0.986777 0.298333 0.716710
v -1.058416 0.644736 0.764110
v -1.406319 -0.002886 -0.036732
v -1.055623 -0.002886 -0.211298
v -0.802566 0.644736 0.686923
v -0.948794 0.018545 -0.028139
v -1.383448 0.018545 0.123410
v -1.282038 0.256926 0.298500
v -0.941932 0.256926 0.179917
v -1.191510 0.586947 0.459851
v -0.910497 0.586947 0.361872
v -0.868717 0.648751 0.758810
v -1.184247 -0.002886 -0.241907
v -1.313653 -0.002886 -0.161118
v -0.961158 0.644736 0.760247
v -1.110151 0.625473 0.671599
v -1.161595 0.606211 0.551694
v -0.869619 0.606211 0.454617
v -0.827018 0.625473 0.582330
v -0.498284 8.085953 0.615561
v -0.427001 8.143631 -0.127813
v -0.673213 8.080289 0.089889
v -0.220243 8.140023 0.666263
v -0.249291 8.187361 -0.172169
v -0.582805 8.054643 -0.057582
v -1.779120 8.074329 0.869687
v -1.795222 8.150520 0.856385
v -1.813875 8.255106 0.706271
v -1.826692 8.233995 0.585157
v -1.773013 7.924363 0.662173
v -1.802491 7.975285 0.538730
v -1.825772 8.084831 0.526252
v -1.764880 7.948947 0.807885
v -3.408452 8.043022 0.847099
v -3.415637 8.082498 0.845657
v -3.417682 8.147079 0.705004
v -3.421880 8.128593 0.634032
v -3.406578 7.991055 0.687887
v -3.398976 8.010955 0.578644
v -3.409927 8.044119 0.567130
v -3.404994 8.006295 0.787390
v -2.004873 7.945938 0.545890
v -1.971558 8.144934 0.899585
v -1.970407 8.059146 0.907220
v -1.986583 7.928144 0.851436
v -2.005116 8.084061 0.535861
v -2.004862 7.879318 0.683236
v -1.976984 8.263315 0.731092
v -1.995875 8.241453 0.597029
v -0.966456 8.287759 0.364011
v -0.978830 8.067671 0.275309
v -0.964796 7.930064 0.452757
v -0.942371 7.964575 0.609332
v -0.958231 8.335965 0.503821
v -0.917071 8.203989 0.683468
v -0.922115 8.087389 0.687853
v -0.980501 7.970215 0.326283
v -0.745935 8.416008 0.302294
v -0.798382 7.918823 0.386903
v -0.706157 8.223503 0.648008
v -0.814425 8.087397 0.206638
v -0.757476 7.955343 0.541266
v -0.737826 8.447418 0.423549
v -0.724316 8.086772 0.637721
v -0.817051 7.967024 0.254531
v -0.148196 8.450697 0.608345
v -0.475436 8.383700 0.583115
v -1.804256 8.225435 0.809265
v -3.413996 8.119532 0.814481
v -1.971416 8.224125 0.847288
v -0.905153 8.315756 0.608405
v -0.701383 8.343994 0.595247
v -0.371729 8.239152 -0.073704
v -0.654017 8.230281 0.125700
v -0.198704 8.281672 -0.128301
v -0.535143 8.257299 0.024570
v -1.826075 8.159461 0.539377
v -3.415835 8.074527 0.569560
v -2.000864 8.166556 0.551340
v -0.936915 8.201400 0.283488
v -0.792430 8.211852 0.209197
v -1.228793 8.065741 0.373570
v -1.577085 8.073869 0.456322
v -1.167501 7.968201 0.688956
v -1.496712 7.966868 0.769233
v -1.196972 8.295120 0.593711
v -1.546135 8.270714 0.679812
v -1.155098 8.092539 0.750564
v -1.486928 8.094587 0.829393
v -1.219345 7.966413 0.397061
v -1.557250 7.973815 0.478527
v -1.569070 8.235428 0.531108
v -1.212229 8.250669 0.443057
v -1.515905 7.927338 0.599560
v -1.189425 7.929757 0.521843
v -1.508960 8.163506 0.822585
v -1.166131 8.181530 0.745573
v -1.525827 8.237490 0.777497
v -1.179130 8.261608 0.692573
v -1.573982 8.159574 0.475224
v -1.221970 8.167919 0.392197
v -2.803558 7.956842 0.695943
v -2.796129 8.190452 0.711007
v -2.811068 8.174269 0.638078
v -2.812306 8.001381 0.589105
v -2.767415 8.113779 0.840488
v -2.762185 8.053703 0.847512
v -2.787197 7.972348 0.789640
v -2.818524 8.061039 0.576422
v -2.775047 8.166204 0.807845
v -2.818258 8.111760 0.583578
v -2.299492 7.965024 0.561839
v -2.265865 8.137627 0.878231
v -2.260408 8.055066 0.890108
v -2.278788 7.931969 0.828063
v -2.307097 8.075085 0.553264
v -2.269602 8.212065 0.831957
v -2.304717 8.147263 0.565774
v -2.296238 7.902785 0.685907
v -2.278600 8.243685 0.724523
v -2.298963 8.216618 0.613455
v -0.218497 8.507856 0.155000
v -0.652417 8.341437 0.172362
v -0.858310 8.359414 0.342280
v -0.775545 8.314273 0.223480
v -0.846363 8.393385 0.455845
v -0.497121 8.418521 0.136262
v -0.576926 8.348356 0.117928
v -0.852681 8.302585 0.261636
v -0.500914 8.456689 0.500141
v -0.137217 8.523116 0.543814
v -0.702858 8.415369 0.518100
v -0.818323 8.382740 0.532185
v -0.667418 8.431594 0.274916
v -0.705585 7.888183 0.350080
v -0.587546 8.238126 0.644023
v -0.729867 8.086211 0.146953
v -0.645845 7.935695 0.526021
v -0.638193 8.466731 0.404897
v -0.611300 8.086362 0.626641
v -0.728648 7.952365 0.173302
v -0.588409 8.363873 0.589146
v -0.723070 8.220921 0.167833
v -0.714013 8.327855 0.197941
v -0.601886 8.436108 0.508945
v -0.036611 5.215632 0.328580
v -0.083227 8.385236 -0.094350
v -0.062845 6.783256 -0.489191
v -0.093929 7.042293 -0.558089
v -0.047294 8.004007 -0.364946
v -0.069274 6.509861 -0.508004
v -0.102005 6.222762 -0.567176
v -0.126829 5.926371 -0.532467
v -0.091270 5.705999 -0.451024
v -0.176798 7.269893 -0.546899
v -0.083174 6.778641 0.107045
v -0.077570 8.310905 0.716445
v -0.042411 5.472280 -0.334227
v -0.113829 7.117109 0.300708
v -0.130031 7.845836 0.606618
v -0.077039 6.505039 0.104519
v -0.064256 6.206073 0.394126
v -0.048417 5.775642 0.595055
v -0.053114 5.446055 0.538241
v -0.130283 7.448337 0.496683
v -0.013675 5.120908 0.097074
v -0.082064 8.466656 0.010853
v -0.014171 5.297790 -0.125051
v -0.018640 5.163967 0.205748
v -0.061782 5.586409 -0.396969
v -0.063052 6.025384 0.531809
v -0.117293 6.070594 -0.553015
v -0.059545 6.314862 0.269518
v -0.060446 5.617473 0.591936
v -0.115974 5.815150 -0.496403
v -0.073659 6.645252 0.102186
v -0.058074 6.645915 -0.496206
v -0.110122 8.149057 0.675147
v -0.087485 8.122402 -0.301091
v -0.074096 8.454128 0.614990
v -0.087396 8.298068 -0.194162
v -0.074429 8.570108 0.458960
v -0.064337 8.518051 0.546997
v -0.061573 7.492838 -0.524317
v -0.040073 7.665829 -0.483946
v -0.631340 7.542674 0.044760
v -0.248725 7.582745 0.511682
v -0.620133 7.617398 -0.073349
v -0.618942 7.530840 0.198269
v -0.128426 7.592778 0.529490
v -0.109312 7.359790 -0.550879
v -0.516517 7.562851 0.392830
v -0.440279 8.092827 -0.161441
v -0.077251 7.964208 -0.393702
v -0.178600 7.424641 -0.521486
v -0.111930 7.517589 -0.522700
v -0.060992 7.662533 -0.495544
v -0.625743 7.822482 -0.093741
v -0.637188 7.636830 -0.144814
v -0.485942 7.352883 -0.394253
v -0.360202 7.329797 -0.472239
v -0.294569 8.130335 -0.221380
v -0.586335 7.447578 -0.277281
v -0.256291 7.358561 -0.512176
v -0.140056 8.085772 -0.312787
v -0.563585 7.974042 -0.091592
v -0.707982 7.653760 -0.424666
v -0.638944 7.805742 -0.417181
v -0.660656 7.474483 -0.476081
v -0.687743 7.638016 -0.265295
v -0.597499 7.899932 -0.251802
v -0.633853 7.459869 -0.364011
v -0.611377 7.538303 -0.559034
v -0.589222 7.745859 -0.541980
v -0.627433 7.653378 -0.541480
v -0.572466 7.593539 -0.607260
v -0.583140 7.651299 -0.596110
v -0.560866 7.703685 -0.600698
v -0.556007 7.652737 -0.630853
v -0.550728 7.630010 -0.636321
v -0.546496 7.674024 -0.633579
v -0.547858 7.653600 -0.645344
v -0.544810 7.642168 -0.649001
v -0.543263 7.665244 -0.646478
v -0.456254 7.889387 -0.500933
v -0.256997 7.648676 -0.641043
v -0.285792 7.806502 -0.601317
v -0.539541 7.409573 -0.528851
v -0.324479 7.480769 -0.644245
v -0.516812 7.382247 -0.448449
v -0.375051 8.019339 -0.346621
v -0.129311 7.642787 -0.559305
v -0.169984 7.900845 -0.477601
v -0.244625 7.441455 -0.577135
v -0.544231 7.493196 -0.595281
v -0.414131 7.536085 -0.662904
v -0.497331 7.798981 -0.579031
v -0.414320 7.745932 -0.633494
v -0.389608 7.656776 -0.663281
v -0.539077 7.563576 -0.624103
v -0.517996 7.730325 -0.618310
v -0.476056 7.591218 -0.659183
v -0.461024 7.656769 -0.659204
v -0.478150 7.703699 -0.643170
v -0.536323 7.617860 -0.643045
v -0.505545 7.655526 -0.656857
v -0.512777 7.629006 -0.656922
v -0.530060 7.682749 -0.641361
v -0.514021 7.674325 -0.650308
v -0.537379 7.636397 -0.652197
v -0.536628 7.654510 -0.656101
v -0.522427 7.655216 -0.658390
v -0.527041 7.641777 -0.658835
v -0.535082 7.670211 -0.651097
v -0.526658 7.665295 -0.655169
v -0.657235 7.782466 -0.245271
v -0.546298 7.660019 -0.645323
v -0.576723 7.678053 -0.597286
v -0.614411 7.695613 -0.543369
v -0.681374 7.729116 -0.419520
v -0.552803 7.664576 -0.631397
v -0.495473 7.716358 -0.632356
v -0.530308 7.668079 -0.653372
v -0.521344 7.679149 -0.646124
v -0.379606 7.862930 -0.551002
v -0.265664 7.969812 -0.419410
v -0.453321 7.773172 -0.609960
v -0.400426 7.708042 -0.651417
v -0.467708 7.681823 -0.652109
v -0.272125 7.748767 -0.620587
v -0.524061 7.660536 -0.656899
v -0.508933 7.665750 -0.653861
v -0.067340 7.807897 -0.442749
v -0.148810 7.775485 -0.519321
v -0.285132 7.562778 -0.652875
v -0.396431 7.605010 -0.670179
v -0.184911 7.535656 -0.570789
v -0.465345 7.628120 -0.661272
v -0.523998 7.649116 -0.658874
v -0.507822 7.643362 -0.657571
v -0.439341 7.408403 -0.579075
v -0.398547 7.369519 -0.510769
v -0.481239 7.487829 -0.620589
v -0.508028 7.559465 -0.638532
v -0.532879 7.636642 -0.654887
v -0.525469 7.617254 -0.648726
v -0.518530 7.621918 -0.653463
v -0.312913 7.391609 -0.550724
v -0.445288 7.501255 -0.648112
v -0.529727 7.638655 -0.657248
v -0.378891 7.429824 -0.616780
v -0.490747 7.572180 -0.650527
v -0.534157 7.865186 -0.468733
v -0.545139 7.777247 -0.562737
v -0.543259 7.719203 -0.609442
v -0.538935 7.679426 -0.637313
v -0.488426 7.980714 -0.300252
v -0.539633 7.668172 -0.648520
v -0.035768 7.809933 -0.431817
v -0.149179 8.757273 0.314086
v -0.149230 8.636574 0.064419
v -0.071369 8.774549 0.359653
v -0.188310 8.722987 0.248143
v -0.197630 8.676417 0.153540
v -0.083721 8.608508 0.002841
v -0.155804 8.672050 0.344533
v -0.208081 8.592694 0.148696
v -0.157980 8.556023 0.058661
v -0.071341 8.682932 0.386756
v -0.197189 8.642501 0.263500
v -0.082931 8.537605 0.009385
v -3.408345 8.018084 0.815899
v -1.871421 8.236029 0.588187
v -3.857465 7.989330 0.907914
v -3.863031 8.108517 0.912009
v -3.421289 8.101978 0.594663
v -3.918390 8.003524 0.521419
v -3.920408 8.106576 0.517550
v -3.929671 8.010542 0.725228
v -3.920094 8.136104 0.717893
v -3.622249 7.990580 0.869395
v -3.632816 8.134962 0.865519
v -3.686692 7.964771 0.511490
v -3.672807 8.111350 0.499079
v -3.645020 8.165844 0.718263
v -3.642621 8.020735 0.723564
v -3.516316 7.988360 0.853173
v -3.599708 8.102833 0.445741
v -3.534137 8.156629 0.709736
v -3.530259 7.992441 0.712233
v -3.525806 8.128812 0.845830
v -3.607604 7.973455 0.457936
v -3.744868 8.126024 0.888150
v -3.796313 7.985615 0.546137
v -3.736210 7.992284 0.884145
v -3.804650 8.116284 0.532417
v -3.799170 8.161043 0.724578
v -3.795880 8.021894 0.729029
v -3.886580 8.002339 0.839352
v -3.416672 8.130558 0.777512
v -3.881183 8.128617 0.840045
v -2.786490 8.182371 0.762897
v -3.629223 7.999051 0.822663
v -3.634500 8.147505 0.821602
v -3.518493 7.989002 0.806817
v -3.522384 8.144228 0.805612
v -3.763308 8.141169 0.832776
v -3.757266 8.005903 0.833596
v -3.924152 8.121535 0.609091
v -3.402908 7.999595 0.622028
v -3.926809 8.008315 0.602259
v -3.676365 8.152003 0.594175
v -3.678558 7.997440 0.610817
v -3.563131 8.134751 0.558588
v -3.560148 7.987205 0.572097
v -3.797380 8.012036 0.622840
v -3.804232 8.148495 0.614439
v -3.864166 7.947832 0.228508
v -3.882286 7.943098 0.254168
v -3.884803 8.000730 0.255692
v -3.868679 8.003220 0.231773
v -4.332419 8.027563 0.445270
v -4.333403 8.025092 0.420926
v -4.293262 7.984585 0.437643
v -4.296272 7.986582 0.450023
v -4.384120 7.982730 0.643427
v -4.382967 7.986028 0.664556
v -4.433769 8.043889 0.659342
v -4.438632 8.041671 0.637525
v -4.350606 8.036713 0.808814
v -4.355855 8.036733 0.788659
v -4.309382 7.992450 0.793851
v -4.308568 7.992792 0.807275
v -4.194862 8.036474 1.007198
v -4.152978 8.004713 0.997773
v -4.162650 8.004728 0.981479
v -4.202570 8.033813 0.991282
v -3.759233 7.957717 0.342732
v -3.752058 8.049718 0.334554
v -3.801847 8.038067 0.376973
v -3.799145 7.949932 0.370991
v -3.818731 7.954961 0.290488
v -3.862891 8.017635 0.323835
v -3.815365 8.024305 0.291745
v -3.855114 7.948253 0.313061
v -3.700264 8.075792 0.388970
v -3.743030 7.952426 0.417814
v -3.701291 7.963188 0.392729
v -3.740874 8.061655 0.423563
v -2.302526 8.184659 0.587202
v -2.816202 8.147312 0.604615
v -3.837275 8.078867 0.945637
v -3.835886 8.035013 0.945549
v -3.915549 8.071815 0.495558
v -3.915329 8.037783 0.495692
v -1.973996 8.242610 0.792583
v -1.999051 8.198532 0.570565
v -3.965724 8.090090 0.722181
v -3.963931 8.047033 0.722745
v -3.717151 8.048212 0.491749
v -3.716898 7.999595 0.492401
v -3.624666 8.103613 0.917260
v -3.622242 8.043557 0.917303
v -3.510426 8.087713 0.895094
v -3.509485 8.039645 0.895149
v -3.590028 8.055741 0.410860
v -3.587006 8.012483 0.415675
v -3.801998 8.063626 0.510617
v -3.801336 8.023014 0.511443
v -3.728354 8.093951 0.931537
v -3.726229 8.044000 0.931597
v -3.913165 8.085589 0.848147
v -3.912439 8.041980 0.848319
v -3.960355 8.081017 0.597251
v -3.959895 8.042498 0.597121
v -3.897816 7.977164 0.251133
v -3.897821 7.961461 0.251155
v -3.866791 7.981418 0.216963
v -3.866794 7.966359 0.216974
v -4.318196 8.007063 0.407793
v -4.311876 7.994993 0.414949
v -4.328103 8.012716 0.464248
v -4.318874 7.996258 0.462527
v -4.427458 8.015912 0.684254
v -4.415073 7.995464 0.679285
v -4.425928 8.009976 0.618435
v -4.415349 7.994412 0.621287
v -4.346755 8.016802 0.773510
v -4.335128 7.998282 0.776340
v -4.339909 8.017043 0.828020
v -4.328254 7.997716 0.820336
v -4.178498 8.024102 1.021617
v -4.169395 8.009314 1.013119
v -4.194752 8.023136 0.980297
v -4.184114 8.009343 0.977865
v -3.814207 8.007883 0.389527
v -3.814195 7.974797 0.389675
v -3.741421 7.988331 0.322962
v -3.741433 8.018279 0.322952
v -3.873274 7.992369 0.332590
v -3.873283 7.967940 0.332678
v -3.805667 7.977436 0.278472
v -3.805660 7.999958 0.278446
v -3.686026 7.999861 0.370873
v -3.685799 8.037178 0.370876
v -3.760518 8.024883 0.436304
v -3.760622 7.983506 0.436486
v -3.878873 8.106042 0.916822
v -3.876760 7.989589 0.913626
v -3.886592 8.114454 0.879510
v -3.886856 8.000310 0.875395
v -3.915754 8.082960 0.860784
v -3.914398 8.040594 0.861277
v -3.853358 8.033979 0.948935
v -3.854255 8.077289 0.949190
v -3.915598 8.018167 0.806804
v -3.947377 8.018218 0.761533
v -3.946283 8.122598 0.751821
v -3.923691 8.120041 0.801127
v -3.926211 8.042781 0.838750
v -3.927728 8.084170 0.839225
v -3.976696 8.087645 0.729325
v -3.975447 8.045736 0.730404
v -3.947390 8.019332 0.691150
v -3.951763 8.017040 0.643283
v -3.959678 8.114625 0.634434
v -3.950858 8.120688 0.686871
v -3.975161 8.078769 0.606223
v -3.974078 8.041999 0.607394
v -3.953042 8.050495 0.715386
v -3.978229 8.087349 0.713715
v -3.944499 8.102597 0.510904
v -3.951258 8.104594 0.567613
v -3.938756 8.016718 0.564680
v -3.948470 8.011416 0.535899
v -3.967890 8.041303 0.582458
v -3.969067 8.078052 0.582694
v -3.939164 8.069215 0.490236
v -3.938943 8.036293 0.490686
v -4.064958 8.081588 0.472214
v -4.087908 8.010269 0.510958
v -4.108240 8.031503 0.533736
v -4.110181 8.061636 0.535501
v -4.059940 8.056528 0.458433
v -4.059879 8.031431 0.461469
v -4.098608 8.084967 0.515539
v -4.068445 8.013218 0.497012
v -4.131237 8.013222 0.673732
v -4.137792 8.090425 0.632408
v -4.142546 8.056619 0.605289
v -4.141702 8.031517 0.607391
v -4.136333 8.024427 0.701148
v -4.149976 8.062373 0.702358
v -4.132185 8.009974 0.643038
v -4.134342 8.093425 0.672869
v -4.072988 8.013774 0.806083
v -4.081386 8.092671 0.804395
v -4.082211 8.033676 0.832422
v -4.083941 8.066326 0.834924
v -4.095958 8.068148 0.741648
v -4.094477 8.036073 0.745085
v -4.080855 8.014114 0.775960
v -4.080604 8.094154 0.765506
v -3.990137 8.089977 0.950792
v -3.996455 8.091454 0.923764
v -3.991629 8.012950 0.923771
v -4.012319 8.071655 0.909476
v -4.010279 8.040230 0.910801
v -3.974100 8.038692 0.970770
v -3.975220 8.071050 0.972192
v -3.987360 8.008182 0.947788
v -4.091276 8.069520 0.982405
v -4.097480 8.069363 0.962353
v -4.095714 8.014665 0.963231
v -4.108457 8.056129 0.946551
v -4.106941 8.032561 0.948761
v -4.083599 8.032490 0.994492
v -4.083884 8.056834 0.996825
v -4.090643 8.013160 0.979435
v -4.194313 8.007155 0.805831
v -4.199956 8.069504 0.804279
v -4.199575 8.023921 0.826824
v -4.200604 8.051216 0.830705
v -4.210283 8.051149 0.756792
v -4.209343 8.024784 0.760625
v -4.201847 8.008033 0.785185
v -4.201767 8.068585 0.779278
v -4.280505 8.002125 0.667248
v -4.288573 8.063639 0.635661
v -4.288760 8.036412 0.612411
v -4.288547 8.019923 0.615113
v -4.285553 8.021684 0.690076
v -4.293262 8.044191 0.693030
v -4.285298 7.998524 0.644988
v -4.282650 8.069159 0.665784
v -4.200861 8.055223 0.441353
v -4.211921 8.000529 0.475939
v -4.224509 8.020597 0.493399
v -4.226316 8.046783 0.496057
v -4.196431 8.041248 0.429226
v -4.196959 8.020234 0.433364
v -4.221570 8.060984 0.477808
v -4.203875 8.002004 0.462715
v -4.025147 8.091332 0.539350
v -4.009850 8.015038 0.516652
v -4.006135 8.089001 0.493345
v -4.013678 8.015625 0.535221
v -4.037600 8.037058 0.554696
v -4.038659 8.068330 0.555566
v -4.001341 8.061919 0.477680
v -4.001181 8.035153 0.479238
v -4.043534 8.015738 0.644777
v -4.043805 8.102858 0.677156
v -4.041124 8.018061 0.678947
v -4.049801 8.098951 0.634899
v -4.059111 8.066680 0.609224
v -4.058631 8.038107 0.610310
v -4.045149 8.038100 0.703651
v -4.063603 8.073237 0.703208
v -4.015908 8.018349 0.770256
v -4.015142 8.105587 0.760468
v -3.997001 8.018506 0.803269
v -4.005597 8.103853 0.800491
v -4.007149 8.039267 0.832433
v -4.008395 8.074593 0.833489
v -4.036114 8.076797 0.738339
v -4.034965 8.041780 0.740167
v -3.933680 8.000042 0.930204
v -3.935372 8.096293 0.933111
v -3.942238 8.100784 0.902637
v -3.939778 8.007595 0.900967
v -3.963765 8.076132 0.886539
v -3.962464 8.040440 0.887330
v -3.915795 8.036952 0.958073
v -3.916766 8.073520 0.958745
v -4.039135 8.013517 0.962942
v -4.040593 8.076960 0.965644
v -4.046606 8.077563 0.944045
v -4.043580 8.016223 0.944412
v -4.058682 8.062297 0.930272
v -4.057063 8.037000 0.931809
v -4.029949 8.036363 0.980293
v -4.030531 8.062386 0.982004
v -4.142338 8.050896 0.993890
v -4.148490 8.049580 0.977446
v -4.129824 8.011303 0.973472
v -4.150207 8.038690 0.965134
v -4.144703 8.021614 0.965087
v -4.127268 8.021647 1.002164
v -4.131547 8.039577 1.007069
v -4.123310 8.010602 0.988218
v -4.140874 8.013063 0.781341
v -4.140647 8.077759 0.773862
v -4.133797 8.012583 0.804777
v -4.139984 8.077591 0.803258
v -4.140337 8.029557 0.826561
v -4.141531 8.057147 0.829437
v -4.151649 8.057790 0.752630
v -4.150590 8.030875 0.755977
v -4.252477 8.001343 0.805914
v -4.274615 8.050822 0.805930
v -4.264154 8.011518 0.821821
v -4.270020 8.033237 0.827232
v -4.277735 8.032991 0.767242
v -4.271878 8.012037 0.770384
v -4.256450 8.001596 0.790100
v -4.277825 8.050344 0.784955
v -4.208543 8.005066 0.644605
v -4.208308 8.078068 0.668904
v -4.205893 8.008257 0.670011
v -4.212646 8.074024 0.635261
v -4.215152 8.045283 0.611296
v -4.214663 8.025300 0.613580
v -4.210642 8.022859 0.693817
v -4.220691 8.051771 0.695776
v -4.333375 7.996193 0.664715
v -4.362531 8.049838 0.637931
v -4.356795 8.022779 0.618515
v -4.351879 8.008230 0.621043
v -4.350354 8.009518 0.681963
v -4.359615 8.029143 0.685598
v -4.336151 7.993016 0.644941
v -4.357463 8.053448 0.661703
v -4.158904 8.070709 0.495773
v -4.136460 8.009270 0.479857
v -4.133452 8.066636 0.458243
v -4.149477 8.007111 0.492813
v -4.164927 8.026429 0.511777
v -4.166680 8.052955 0.513842
v -4.128974 8.048306 0.445956
v -4.129227 8.026562 0.449410
v -4.266110 8.039572 0.431497
v -4.254933 7.995493 0.461944
v -4.270967 8.009049 0.475651
v -4.275983 8.028481 0.477673
v -4.257865 8.023343 0.421456
v -4.255201 8.008277 0.426560
v -4.276304 8.042749 0.463168
v -4.249915 7.995252 0.450335
v -4.103888 8.083714 0.513794
v -4.074278 8.012891 0.495528
v -4.070637 8.080342 0.471064
v -4.093297 8.010000 0.509368
v -4.113357 8.031049 0.531750
v -4.115329 8.060845 0.533523
v -4.065650 8.055850 0.457405
v -4.065667 8.031031 0.460478
v -4.059206 8.082313 0.474272
v -4.080373 8.010824 0.513421
v -4.100842 8.032092 0.535917
v -4.102659 8.062336 0.537604
v -4.054225 8.057055 0.460306
v -4.054123 8.031797 0.463209
v -4.091139 8.085616 0.517950
v -4.062550 8.013412 0.498976
v -4.194631 8.056278 0.442915
v -4.206131 8.001152 0.477504
v -4.218972 8.021145 0.495103
v -4.220754 8.047361 0.497710
v -4.190230 8.041901 0.430766
v -4.190730 8.020821 0.434842
v -4.215761 8.061886 0.479471
v -4.197603 8.002692 0.464304
v -4.226294 8.059419 0.476545
v -4.207867 8.001418 0.461647
v -4.206469 8.053877 0.440501
v -4.215637 8.000091 0.474731
v -4.228518 8.019607 0.491873
v -4.230620 8.045213 0.494469
v -4.201693 8.039726 0.428557
v -4.201941 8.019216 0.432775
v -4.122399 8.013723 0.674226
v -4.129218 8.091248 0.632659
v -4.134130 8.057638 0.605694
v -4.133310 8.032193 0.607701
v -4.127181 8.025785 0.701381
v -4.141144 8.063472 0.702415
v -4.123541 8.010552 0.643207
v -4.125524 8.094320 0.673265
v -4.140396 8.009474 0.643198
v -4.142207 8.091786 0.672443
v -4.139290 8.012695 0.673324
v -4.145746 8.088673 0.632713
v -4.150489 8.055386 0.605958
v -4.149698 8.030836 0.608090
v -4.144495 8.024246 0.700331
v -4.157721 8.061207 0.701632
v -4.274271 8.002646 0.667480
v -4.282247 8.064488 0.635630
v -4.282744 8.037138 0.612327
v -4.282517 8.020359 0.614990
v -4.279382 8.021767 0.690382
v -4.287433 8.044806 0.693246
v -4.278969 7.999061 0.644960
v -4.276321 8.069889 0.666052
v -4.289176 7.998098 0.644989
v -4.288401 8.067981 0.665475
v -4.284586 8.001662 0.667050
v -4.294149 8.062617 0.635823
v -4.293821 8.035397 0.612841
v -4.293264 8.019063 0.615533
v -4.290402 8.020782 0.689488
v -4.298134 8.043095 0.692509
v -4.063029 8.014338 0.805726
v -4.071611 8.094155 0.803905
v -4.072166 8.034427 0.832436
v -4.073796 8.067446 0.834742
v -4.087827 8.069332 0.741157
v -4.086378 8.036844 0.744372
v -4.072301 8.014629 0.775212
v -4.072124 8.095674 0.764831
v -4.093388 8.013947 0.777090
v -4.093011 8.090726 0.767256
v -4.085612 8.013556 0.805806
v -4.093431 8.089554 0.804156
v -4.094315 8.032825 0.831192
v -4.095927 8.064413 0.833781
v -4.107680 8.065940 0.744020
v -4.106338 8.034998 0.747479
v -4.184101 8.008105 0.805650
v -4.189891 8.070840 0.804107
v -4.189708 8.024879 0.826761
v -4.190869 8.052192 0.830473
v -4.200057 8.052309 0.756106
v -4.199182 8.025864 0.759846
v -4.191518 8.008910 0.784531
v -4.191248 8.070139 0.778355
v -4.211542 8.006883 0.786054
v -4.215225 8.065381 0.780287
v -4.204586 8.006111 0.805846
v -4.212975 8.066278 0.804563
v -4.210807 8.021764 0.825985
v -4.212585 8.048138 0.830143
v -4.222399 8.047938 0.758617
v -4.220512 8.022514 0.762328
v -3.981540 8.090992 0.948019
v -3.987940 8.092931 0.920442
v -3.983263 8.012027 0.920088
v -4.004522 8.072404 0.905793
v -4.002423 8.040275 0.906940
v -3.965015 8.038437 0.968794
v -3.966144 8.071457 0.970091
v -3.978825 8.006849 0.944992
v -3.997042 8.009335 0.950627
v -3.999318 8.087597 0.953490
v -4.005597 8.088901 0.927479
v -4.001427 8.013676 0.927706
v -4.020902 8.069902 0.913404
v -4.019125 8.039650 0.914864
v -3.984414 8.038297 0.972455
v -3.985280 8.069480 0.973941
v -4.084207 8.070562 0.980072
v -4.090335 8.070521 0.959807
v -4.088353 8.014951 0.960588
v -4.101572 8.056993 0.944350
v -4.099956 8.033234 0.946435
v -4.075998 8.033099 0.992446
v -4.076441 8.057628 0.994713
v -4.083424 8.013280 0.977121
v -4.096419 8.012698 0.980986
v -4.100038 8.066355 0.984403
v -4.106238 8.066004 0.964966
v -4.101726 8.014067 0.965064
v -4.115602 8.053221 0.949670
v -4.113445 8.030710 0.951527
v -4.091189 8.030638 0.995865
v -4.092105 8.053922 0.998601
v -3.889715 7.991992 0.917420
v -3.890552 8.104022 0.920190
v -3.898272 8.111391 0.884845
v -3.898797 8.001979 0.882837
v -3.926212 8.081400 0.866729
v -3.925328 8.040503 0.867802
v -3.866179 8.034585 0.950809
v -3.866932 8.076541 0.951152
v -3.958009 8.018760 0.764563
v -3.955995 8.119936 0.753988
v -3.930255 8.019471 0.803838
v -3.936408 8.117408 0.799563
v -3.939230 8.042292 0.837232
v -3.939286 8.082792 0.838013
v -3.983955 8.086322 0.730506
v -3.983365 8.045169 0.731802
v -3.966259 8.017422 0.645700
v -3.961813 8.118466 0.685342
v -3.961680 8.019592 0.687626
v -3.970869 8.112677 0.634947
v -3.985732 8.077260 0.606736
v -3.985774 8.041402 0.608013
v -3.964500 8.049052 0.713625
v -3.988178 8.085731 0.712473
v -3.962430 8.102381 0.562826
v -3.957516 8.011957 0.533383
v -3.953254 8.100695 0.508393
v -3.950416 8.016828 0.558915
v -3.978944 8.040528 0.577853
v -3.979592 8.076578 0.578387
v -3.947689 8.068214 0.488508
v -3.947393 8.036136 0.489119
v -3.750634 7.958517 0.350154
v -3.792503 8.041601 0.384005
v -3.744209 8.053778 0.343136
v -3.790838 7.950282 0.377912
v -3.733071 8.021150 0.330243
v -3.733186 7.990054 0.330125
v -3.806234 7.976074 0.396640
v -3.806151 8.010429 0.396552
v -3.760655 8.046318 0.328607
v -3.806597 7.949708 0.363279
v -3.767154 7.957347 0.335773
v -3.810157 8.035329 0.369837
v -3.750076 8.015807 0.316942
v -3.749994 7.986876 0.317010
v -3.822071 7.973881 0.382086
v -3.822117 8.005810 0.381922
v -3.612732 8.099522 0.437406
v -3.691097 7.962677 0.499007
v -3.632462 7.969679 0.437917
v -3.678075 8.104635 0.488324
v -3.720026 7.997544 0.486271
v -3.719912 8.045285 0.485207
v -3.604321 8.053301 0.402984
v -3.606363 8.009536 0.403271
v -4.335052 7.993888 0.428195
v -4.346931 8.014510 0.418722
v -4.348972 8.016003 0.441633
v -4.337299 7.994294 0.443477
v -4.433492 7.995681 0.645933
v -4.444602 8.012671 0.645062
v -4.445047 8.014400 0.664222
v -4.433403 7.996021 0.664701
v -4.365644 8.017642 0.790806
v -4.353601 7.998833 0.792892
v -4.351471 7.998657 0.806527
v -4.363546 8.017716 0.807505
v -4.209463 8.021803 0.993497
v -4.198535 8.007803 0.991286
v -4.192021 8.007789 1.006892
v -4.203119 8.022179 1.009624
v -1.842345 7.941678 0.823102
v -1.854114 7.908607 0.669541
v -1.978756 7.987398 0.889150
v -2.774985 8.007981 0.824119
v -2.274118 8.230436 0.774889
v -2.270900 7.983111 0.854402
v -2.298199 7.933448 0.616448
v -2.004868 7.917546 0.604407
v -2.809272 7.972236 0.632603
v -1.846164 7.996640 0.866076
v -1.881633 7.926501 0.603236
v -1.856530 8.257270 0.712790
v -1.897189 8.191122 0.561826
v -1.862310 8.242115 0.768969
v -3.349921 7.992718 0.689461
v -3.359284 8.145783 0.705469
v -3.364491 8.128660 0.638166
v -3.343855 8.013539 0.586348
v -3.354733 8.084189 0.837513
v -3.347731 8.045378 0.839373
v -3.346948 8.007026 0.783060
v -3.354361 8.046955 0.575353
v -3.353963 8.120255 0.807895
v -3.359689 8.077244 0.578071
v -3.348836 8.020174 0.810557
v -3.347132 8.001326 0.627393
v -3.364437 8.103685 0.601454
v -3.357462 8.131042 0.772218
v -3.286185 8.012220 0.586647
v -3.291013 8.087399 0.837836
v -3.284203 8.046282 0.840256
v -3.286219 8.003263 0.783774
v -3.296227 8.048484 0.575469
v -3.291154 8.125240 0.807890
v -3.300947 8.080989 0.578669
v -3.286577 8.018851 0.812028
v -3.295515 8.136611 0.771207
v -3.290644 7.988826 0.690164
v -3.298185 8.150629 0.706070
v -3.304448 8.133608 0.638157
v -3.288778 7.998170 0.627958
v -3.304958 8.108418 0.601797
v -2.097661 8.194023 0.575971
v -2.100605 7.952140 0.551072
v -2.067188 8.142559 0.892646
v -2.064638 8.057820 0.901660
v -2.081530 7.929387 0.843841
v -2.103240 8.081144 0.541516
v -2.068306 8.220206 0.842306
v -2.099596 8.160287 0.556030
v -2.099540 7.886943 0.684104
v -2.074989 8.256937 0.728957
v -2.094358 8.233383 0.602366
v -2.100181 7.922713 0.608320
v -2.073684 7.986005 0.877860
v -2.071516 8.238654 0.786833
v -1.779385 8.082787 0.513208
v -1.714860 7.952290 0.800676
v -1.763934 8.258018 0.701336
v -1.724619 8.078109 0.862171
v -1.756747 7.975010 0.527501
v -1.778639 8.234262 0.575075
v -1.725056 7.924918 0.650494
v -1.741827 8.152943 0.850080
v -1.752322 8.227684 0.803339
v -1.779053 8.159482 0.527411
v -0.045635 5.693510 -0.453852
v -0.088399 7.213332 -0.552439
v -0.041032 8.468898 0.003738
v -0.032169 8.512638 0.545703
v -0.030891 5.582147 -0.397745
v -0.058647 6.057814 -0.562500
v -0.057987 5.801531 -0.500267
v -0.029037 6.645878 -0.496372
v -0.043743 8.125821 -0.292993
v -0.037048 8.455853 0.618238
v -0.043698 8.298159 -0.200242
v -0.037215 8.567199 0.458564
v -0.041587 6.779969 0.110259
v -0.038785 8.311826 0.722533
v -0.021205 5.473066 -0.336164
v -0.056915 7.118494 0.311019
v -0.065015 7.846079 0.614813
v -0.038519 6.506437 0.107059
v -0.032128 6.199188 0.392515
v -0.024209 5.779011 0.563987
v -0.026557 5.452359 0.499403
v -0.065141 7.447395 0.501617
v -0.006837 5.120933 0.096141
v -0.007085 5.297790 -0.123742
v -0.009320 5.164603 0.202183
v -0.031526 6.022808 0.509416
v -0.029772 6.312416 0.275013
v -0.030223 5.618994 0.556919
v -0.036829 6.644909 0.106861
v -0.055061 8.153574 0.679589
v -0.030787 7.489546 -0.519266
v -0.020037 7.663122 -0.476625
v -0.054656 7.335855 -0.544868
v -0.064213 7.594968 0.539988
v -0.017884 7.802602 -0.429455
v -0.041860 8.607770 -0.003727
v -0.035684 8.772757 0.362719
v -0.035670 8.679484 0.387497
v -0.041466 8.538442 0.003186
v -0.081972 8.908264 0.365029
v -0.035613 8.923054 0.368529
v -0.154033 8.844034 0.305622
v -0.195516 8.778549 0.225437
v -0.201093 8.733201 0.149086
v -0.096226 8.649837 -0.005160
v -0.168938 8.690847 0.070237
v -0.046133 8.637922 -0.014084
v -0.172603 8.987547 -0.253168
v -0.178096 9.290079 -0.282393
v -0.183378 9.281387 -0.310494
v -0.188246 9.267273 -0.336392
v -0.192513 9.248279 -0.359092
v -0.196014 9.225134 -0.377722
v -0.198616 9.198729 -0.391564
v -0.200218 9.170077 -0.400089
v -0.200759 9.140280 -0.402967
v -0.200218 9.110483 -0.400089
v -0.198616 9.081831 -0.391564
v -0.196014 9.055426 -0.377722
v -0.192513 9.032281 -0.359092
v -0.188246 9.013287 -0.336392
v -0.183378 8.999172 -0.310494
v -0.178096 8.990481 -0.282393
v -0.183378 9.290079 -0.280697
v -0.193739 9.281387 -0.307168
v -0.203288 9.267273 -0.331563
v -0.211657 9.248279 -0.352946
v -0.218525 9.225134 -0.370495
v -0.223629 9.198729 -0.383535
v -0.226772 9.170077 -0.391564
v -0.227833 9.140280 -0.394276
v -0.226772 9.110483 -0.391564
v -0.223629 9.081831 -0.383535
v -0.218525 9.055426 -0.370495
v -0.211657 9.032281 -0.352946
v -0.203288 9.013287 -0.331563
v -0.193739 8.999172 -0.307168
v -0.183378 8.990481 -0.280697
v -0.188246 9.290079 -0.277944
v -0.203288 9.281387 -0.301767
v -0.217150 9.267273 -0.323722
v -0.229300 9.248279 -0.342966
v -0.239272 9.225134 -0.358759
v -0.246682 9.198729 -0.370495
v -0.251244 9.170077 -0.377722
v -0.252785 9.140280 -0.380162
v -0.251244 9.110483 -0.377722
v -0.246682 9.081831 -0.370495
v -0.239272 9.055426 -0.358759
v -0.229300 9.032281 -0.342966
v -0.217150 9.013287 -0.323722
v -0.203288 8.999172 -0.301767
v -0.188246 8.990481 -0.277944
v -0.192513 9.290079 -0.274238
v -0.211657 9.281387 -0.294498
v -0.229300 9.267273 -0.313169
v -0.244765 9.248279 -0.329535
v -0.257456 9.225134 -0.342966
v -0.266887 9.198729 -0.352946
v -0.272694 9.170077 -0.359092
v -0.274655 9.140280 -0.361167
v -0.272694 9.110483 -0.359092
v -0.266887 9.081831 -0.352946
v -0.257456 9.055426 -0.342966
v -0.244765 9.032281 -0.329535
v -0.229300 9.013287 -0.313169
v -0.211657 8.999172 -0.294498
v -0.192513 8.990481 -0.274238
v -0.196014 9.290079 -0.269723
v -0.218526 9.281387 -0.285641
v -0.239272 9.267273 -0.300311
v -0.257456 9.248279 -0.313169
v -0.272380 9.225134 -0.323722
v -0.283469 9.198729 -0.331563
v -0.290298 9.170077 -0.336392
v -0.292604 9.140280 -0.338023
v -0.290298 9.110483 -0.336392
v -0.283469 9.081831 -0.331563
v -0.272380 9.055426 -0.323722
v -0.257456 9.032281 -0.313169
v -0.239272 9.013287 -0.300311
v -0.218525 8.999172 -0.285641
v -0.196014 8.990481 -0.269723
v -0.198616 9.290079 -0.264571
v -0.223629 9.281387 -0.275536
v -0.246682 9.267273 -0.285641
v -0.266887 9.248279 -0.294498
v -0.283469 9.225134 -0.301767
v -0.295791 9.198729 -0.307168
v -0.303379 9.170077 -0.310494
v -0.305941 9.140280 -0.311617
v -0.303379 9.110483 -0.310494
v -0.295791 9.081831 -0.307168
v -0.283469 9.055426 -0.301767
v -0.266887 9.032281 -0.294498
v -0.246682 9.013287 -0.285641
v -0.223629 8.999172 -0.275536
v -0.198616 8.990481 -0.264571
v -0.200218 9.290079 -0.258981
v -0.226772 9.281387 -0.264571
v -0.251244 9.267273 -0.269723
v -0.272694 9.248279 -0.274238
v -0.290298 9.225134 -0.277944
v -0.303379 9.198729 -0.280697
v -0.311434 9.170077 -0.282393
v -0.314153 9.140280 -0.282965
v -0.311434 9.110483 -0.282393
v -0.303379 9.081831 -0.280697
v -0.290298 9.055426 -0.277944
v -0.272694 9.032281 -0.274238
v -0.251244 9.013287 -0.269723
v -0.226772 8.999172 -0.264571
v -0.200218 8.990481 -0.258981
v -0.200759 9.290079 -0.253168
v -0.227833 9.281387 -0.253168
v -0.252785 9.267273 -0.253168
v -0.274655 9.248279 -0.253168
v -0.292604 9.225134 -0.253168
v -0.305941 9.198729 -0.253168
v -0.314153 9.170077 -0.253168
v -0.316926 9.140280 -0.253168
v -0.314153 9.110483 -0.253168
v -0.305941 9.081831 -0.253168
v -0.292604 9.055426 -0.253168
v -0.274655 9.032281 -0.253168
v -0.252785 9.013287 -0.253168
v -0.227833 8.999172 -0.253168
v -0.200759 8.990481 -0.253168
v -0.200218 9.290079 -0.247355
v -0.226772 9.281387 -0.241766
v -0.251244 9.267273 -0.236614
v -0.272694 9.248279 -0.232099
v -0.290298 9.225134 -0.228393
v -0.303379 9.198729 -0.225640
v -0.311433 9.170077 -0.223944
v -0.314153 9.140280 -0.223371
v -0.311433 9.110483 -0.223944
v -0.303379 9.081831 -0.225640
v -0.290298 9.055426 -0.228393
v -0.272694 9.032281 -0.232099
v -0.251244 9.013287 -0.236614
v -0.226772 8.999172 -0.241766
v -0.200218 8.990481 -0.247355
v -0.198616 9.290079 -0.241766
v -0.223629 9.281387 -0.230801
v -0.246682 9.267273 -0.220696
v -0.266887 9.248279 -0.211839
v -0.283469 9.225134 -0.204570
v -0.295791 9.198729 -0.199169
v -0.303379 9.170077 -0.195843
v -0.305941 9.140280 -0.194720
v -0.303379 9.110483 -0.195843
v -0.295791 9.081831 -0.199169
v -0.283469 9.055426 -0.204570
v -0.266887 9.032281 -0.211839
v -0.246682 9.013287 -0.220696
v -0.223629 8.999172 -0.230801
v -0.198616 8.990481 -0.241766
v -0.196014 9.290079 -0.236614
v -0.218526 9.281387 -0.220696
v -0.239272 9.267273 -0.206026
v -0.257456 9.248279 -0.193167
v -0.272380 9.225134 -0.182615
v -0.283469 9.198729 -0.174773
v -0.290298 9.170077 -0.169945
v -0.292604 9.140280 -0.168314
v -0.290298 9.110483 -0.169945
v -0.283469 9.081831 -0.174773
v -0.272380 9.055426 -0.182615
v -0.257456 9.032281 -0.193167
v -0.239272 9.013287 -0.206026
v -0.218525 8.999172 -0.220696
v -0.196014 8.990481 -0.236614
v -0.192513 9.290079 -0.232099
v -0.211657 9.281387 -0.211839
v -0.229300 9.267273 -0.193167
v -0.244765 9.248279 -0.176802
v -0.257456 9.225134 -0.163370
v -0.266887 9.198729 -0.153390
v -0.272694 9.170077 -0.147245
v -0.274655 9.140280 -0.145169
v -0.272694 9.110483 -0.147245
v -0.266887 9.081831 -0.153390
v -0.257456 9.055426 -0.163370
v -0.244765 9.032281 -0.176802
v -0.229300 9.013287 -0.193167
v -0.211657 8.999172 -0.211839
v -0.192513 8.990481 -0.232099
v -0.188246 9.290079 -0.228393
v -0.203288 9.281387 -0.204570
v -0.217150 9.267273 -0.182615
v -0.229300 9.248279 -0.163370
v -0.239272 9.225134 -0.147577
v -0.246682 9.198729 -0.135842
v -0.251244 9.170077 -0.128615
v -0.252785 9.140280 -0.126175
v -0.251244 9.110483 -0.128615
v -0.246682 9.081831 -0.135842
v -0.239272 9.055426 -0.147577
v -0.229300 9.032281 -0.163370
v -0.217150 9.013287 -0.182615
v -0.203288 8.999172 -0.204570
v -0.188246 8.990481 -0.228393
v -0.183378 9.290079 -0.225640
v -0.193739 9.281387 -0.199169
v -0.203288 9.267273 -0.174773
v -0.211657 9.248279 -0.153390
v -0.218525 9.225134 -0.135842
v -0.223629 9.198729 -0.122802
v -0.226772 9.170077 -0.114772
v -0.227833 9.140280 -0.112061
v -0.226772 9.110483 -0.114772
v -0.223629 9.081831 -0.122802
v -0.218525 9.055426 -0.135842
v -0.211657 9.032281 -0.153390
v -0.203288 9.013287 -0.174773
v -0.193739 8.999172 -0.199169
v -0.183378 8.990481 -0.225640
v -0.178096 9.290079 -0.223944
v -0.183378 9.281387 -0.195843
v -0.188246 9.267273 -0.169945
v -0.192513 9.248279 -0.147245
v -0.196014 9.225134 -0.128615
v -0.198616 9.198729 -0.114772
v -0.200218 9.170077 -0.106248
v -0.200759 9.140280 -0.103369
v -0.200218 9.110483 -0.106248
v -0.198616 9.081831 -0.114772
v -0.196014 9.055426 -0.128615
v -0.192513 9.032281 -0.147245
v -0.188246 9.013287 -0.169945
v -0.183378 8.999172 -0.195843
v -0.178096 8.990481 -0.223944
v -0.172603 9.290079 -0.223371
v -0.172603 9.281387 -0.194720
v -0.172603 9.267273 -0.168314
v -0.172603 9.248279 -0.145169
v -0.172603 9.225134 -0.126175
v -0.172603 9.198729 -0.112061
v -0.172603 9.170077 -0.103370
v -0.172603 9.140280 -0.100435
v -0.172603 9.110483 -0.103370
v -0.172603 9.081831 -0.112061
v -0.172603 9.055426 -0.126175
v -0.172603 9.032281 -0.145169
v -0.172603 9.013287 -0.168314
v -0.172603 8.999172 -0.194720
v -0.172603 8.990481 -0.223372
v -0.167110 9.290079 -0.223944
v -0.161829 9.281387 -0.195843
v -0.156961 9.267273 -0.169945
v -0.152694 9.248279 -0.147245
v -0.149192 9.225134 -0.128615
v -0.146591 9.198729 -0.114772
v -0.144988 9.170077 -0.106248
v -0.144447 9.140280 -0.103370
v -0.144988 9.110483 -0.106248
v -0.146591 9.081831 -0.114772
v -0.149192 9.055426 -0.128615
v -0.152694 9.032281 -0.147245
v -0.156961 9.013287 -0.169945
v -0.161829 8.999172 -0.195843
v -0.167110 8.990481 -0.223944
v -0.172603 9.293014 -0.253168
v -0.161829 9.290079 -0.225640
v -0.151468 9.281387 -0.199169
v -0.141919 9.267273 -0.174773
v -0.133550 9.248279 -0.153390
v -0.126681 9.225134 -0.135842
v -0.121577 9.198729 -0.122802
v -0.118435 9.170077 -0.114772
v -0.117373 9.140280 -0.112061
v -0.118435 9.110483 -0.114772
v -0.121577 9.081831 -0.122802
v -0.126681 9.055426 -0.135842
v -0.133550 9.032281 -0.153390
v -0.141919 9.013287 -0.174773
v -0.151468 8.999172 -0.199169
v -0.161829 8.990481 -0.225640
v -0.156961 9.290079 -0.228393
v -0.141919 9.281387 -0.204570
v -0.128057 9.267273 -0.182615
v -0.115906 9.248279 -0.163370
v -0.105935 9.225134 -0.147577
v -0.098525 9.198729 -0.135842
v -0.093962 9.170077 -0.128615
v -0.092422 9.140280 -0.126175
v -0.093962 9.110483 -0.128615
v -0.098525 9.081831 -0.135842
v -0.105935 9.055426 -0.147577
v -0.115906 9.032281 -0.163370
v -0.128057 9.013287 -0.182615
v -0.141919 8.999172 -0.204570
v -0.156961 8.990481 -0.228393
v -0.152694 9.290079 -0.232099
v -0.133550 9.281387 -0.211839
v -0.115906 9.267273 -0.193167
v -0.100442 9.248279 -0.176802
v -0.087750 9.225134 -0.163371
v -0.078320 9.198729 -0.153390
v -0.072512 9.170077 -0.147245
v -0.070552 9.140280 -0.145169
v -0.072512 9.110483 -0.147245
v -0.078320 9.081831 -0.153390
v -0.087750 9.055426 -0.163371
v -0.100442 9.032281 -0.176802
v -0.115906 9.013287 -0.193167
v -0.133550 8.999172 -0.211839
v -0.152694 8.990481 -0.232099
v -0.149192 9.290079 -0.236614
v -0.126681 9.281387 -0.220696
v -0.105935 9.267273 -0.206026
v -0.087750 9.248279 -0.193167
v -0.072827 9.225134 -0.182615
v -0.061738 9.198729 -0.174773
v -0.054909 9.170077 -0.169945
v -0.052603 9.140280 -0.168314
v -0.054909 9.110483 -0.169945
v -0.061738 9.081831 -0.174773
v -0.072827 9.055426 -0.182615
v -0.087750 9.032281 -0.193167
v -0.105935 9.013287 -0.206026
v -0.126681 8.999172 -0.220696
v -0.149192 8.990481 -0.236614
v -0.146591 9.290079 -0.241766
v -0.121577 9.281387 -0.230801
v -0.098525 9.267273 -0.220696
v -0.078320 9.248279 -0.211839
v -0.061738 9.225134 -0.204570
v -0.049416 9.198729 -0.199169
v -0.041828 9.170077 -0.195843
v -0.039266 9.140280 -0.194720
v -0.041828 9.110483 -0.195843
v -0.049416 9.081831 -0.199169
v -0.061738 9.055426 -0.204570
v -0.078320 9.032281 -0.211839
v -0.098525 9.013287 -0.220696
v -0.121577 8.999172 -0.230801
v -0.146591 8.990481 -0.241766
v -0.144988 9.290079 -0.247355
v -0.118435 9.281387 -0.241766
v -0.093962 9.267273 -0.236614
v -0.072512 9.248279 -0.232099
v -0.054909 9.225134 -0.228393
v -0.041828 9.198729 -0.225640
v -0.033773 9.170077 -0.223944
v -0.031053 9.140280 -0.223372
v -0.033773 9.110483 -0.223944
v -0.041828 9.081831 -0.225640
v -0.054909 9.055426 -0.228393
v -0.072512 9.032281 -0.232099
v -0.093962 9.013287 -0.236614
v -0.118435 8.999172 -0.241766
v -0.144988 8.990481 -0.247355
v -0.144447 9.290079 -0.253168
v -0.117373 9.281387 -0.253168
v -0.092422 9.267273 -0.253168
v -0.070552 9.248279 -0.253168
v -0.052603 9.225134 -0.253168
v -0.039266 9.198729 -0.253168
v -0.031053 9.170077 -0.253168
v -0.028280 9.140280 -0.253168
v -0.031053 9.110483 -0.253168
v -0.039266 9.081831 -0.253168
v -0.052603 9.055426 -0.253168
v -0.070552 9.032281 -0.253168
v -0.092422 9.013287 -0.253168
v -0.117373 8.999172 -0.253168
v -0.144447 8.990481 -0.253168
v -0.144988 9.290079 -0.258981
v -0.118435 9.281387 -0.264571
v -0.093962 9.267273 -0.269723
v -0.072512 9.248279 -0.274238
v -0.054909 9.225134 -0.277944
v -0.041828 9.198729 -0.280697
v -0.033773 9.170077 -0.282393
v -0.031053 9.140280 -0.282965
v -0.033773 9.110483 -0.282393
v -0.041828 9.081831 -0.280697
v -0.054909 9.055426 -0.277944
v -0.072512 9.032281 -0.274238
v -0.093962 9.013287 -0.269723
v -0.118435 8.999172 -0.264571
v -0.144988 8.990481 -0.258981
v -0.146591 9.290079 -0.264571
v -0.121577 9.281387 -0.275536
v -0.098525 9.267273 -0.285641
v -0.078320 9.248279 -0.294498
v -0.061738 9.225134 -0.301767
v -0.049416 9.198729 -0.307168
v -0.041828 9.170077 -0.310494
v -0.039266 9.140280 -0.311617
v -0.041828 9.110483 -0.310494
v -0.049416 9.081831 -0.307168
v -0.061738 9.055426 -0.301767
v -0.078320 9.032281 -0.294498
v -0.098525 9.013287 -0.285641
v -0.121577 8.999172 -0.275536
v -0.146591 8.990481 -0.264571
v -0.149192 9.290079 -0.269723
v -0.126681 9.281387 -0.285641
v -0.105935 9.267273 -0.300311
v -0.087750 9.248279 -0.313169
v -0.072827 9.225134 -0.323722
v -0.061738 9.198729 -0.331563
v -0.054909 9.170077 -0.336392
v -0.052603 9.140280 -0.338023
v -0.054909 9.110483 -0.336392
v -0.061738 9.081831 -0.331563
v -0.072827 9.055426 -0.323722
v -0.087750 9.032281 -0.313169
v -0.105935 9.013287 -0.300311
v -0.126681 8.999172 -0.285641
v -0.149192 8.990481 -0.269723
v -0.152694 9.290079 -0.274238
v -0.133550 9.281387 -0.294498
v -0.115906 9.267273 -0.313169
v -0.100442 9.248279 -0.329535
v -0.087750 9.225134 -0.342966
v -0.078320 9.198729 -0.352946
v -0.072513 9.170077 -0.359092
v -0.070552 9.140280 -0.361167
v -0.072513 9.110483 -0.359092
v -0.078320 9.081831 -0.352946
v -0.087750 9.055426 -0.342966
v -0.100442 9.032281 -0.329535
v -0.115906 9.013287 -0.313169
v -0.133550 8.999172 -0.294498
v -0.152694 8.990481 -0.274238
v -0.156961 9.290079 -0.277944
v -0.141919 9.281387 -0.301767
v -0.128057 9.267273 -0.323722
v -0.115906 9.248279 -0.342966
v -0.105935 9.225134 -0.358759
v -0.098525 9.198729 -0.370495
v -0.093963 9.170077 -0.377721
v -0.092422 9.140280 -0.380162
v -0.093963 9.110483 -0.377721
v -0.098525 9.081831 -0.370495
v -0.105935 9.055426 -0.358759
v -0.115906 9.032281 -0.342966
v -0.128057 9.013287 -0.323722
v -0.141919 8.999172 -0.301767
v -0.156961 8.990481 -0.277944
v -0.161829 9.290079 -0.280697
v -0.151468 9.281387 -0.307168
v -0.141919 9.267273 -0.331563
v -0.133550 9.248279 -0.352946
v -0.126681 9.225134 -0.370495
v -0.121577 9.198729 -0.383535
v -0.118435 9.170077 -0.391564
v -0.117373 9.140280 -0.394276
v -0.118435 9.110483 -0.391564
v -0.121577 9.081831 -0.383535
v -0.126681 9.055426 -0.370495
v -0.133550 9.032281 -0.352946
v -0.141919 9.013287 -0.331563
v -0.151468 8.999172 -0.307168
v -0.161829 8.990481 -0.280697
v -0.167110 9.290079 -0.282393
v -0.161829 9.281387 -0.310494
v -0.156961 9.267273 -0.336392
v -0.152694 9.248279 -0.359092
v -0.149193 9.225134 -0.377721
v -0.146591 9.198729 -0.391564
v -0.144988 9.170077 -0.400089
v -0.144447 9.140280 -0.402967
v -0.144988 9.110483 -0.400089
v -0.146591 9.081831 -0.391564
v -0.149193 9.055426 -0.377721
v -0.152694 9.032281 -0.359092
v -0.156961 9.013287 -0.336392
v -0.161829 8.999172 -0.310494
v -0.167110 8.990481 -0.282393
v -0.172603 9.290079 -0.282965
v -0.172603 9.281387 -0.311617
v -0.172603 9.267273 -0.338023
v -0.172603 9.248279 -0.361167
v -0.172603 9.225134 -0.380162
v -0.172603 9.198729 -0.394276
v -0.172603 9.170077 -0.402967
v -0.172603 9.140280 -0.405902
v -0.172603 9.110483 -0.402967
v -0.172603 9.081831 -0.394276
v -0.172603 9.055426 -0.380162
v -0.172603 9.032281 -0.361167
v -0.172603 9.013287 -0.338023
v -0.172603 8.999172 -0.311617
v -0.172603 8.990481 -0.282965
v 0.014454 8.937284 -0.523019
v 0.037477 9.153682 -0.502141
v -0.000000 8.933789 -0.523472
v -0.000000 9.152813 -0.536860
v 0.029861 8.994041 -0.577821
v -0.000000 8.993581 -0.604847
v 0.032383 8.957198 -0.577351
v -0.000000 8.957070 -0.605678
v 0.019225 8.933102 -0.561435
v -0.000000 8.926073 -0.568622
v -0.000000 9.050506 -0.565239
v 0.021568 9.041786 -0.533477
v 0.015632 9.151813 -0.524769
v 0.011278 8.933875 -0.528624
v 0.017772 8.991397 -0.597685
v 0.018685 8.954950 -0.597265
v 0.014214 8.927618 -0.570908
v 0.012523 9.046541 -0.553130
v 0.066310 8.987137 -0.462794
v 0.052531 8.923046 -0.483534
v 0.068607 8.930640 -0.521212
v 0.081620 8.964944 -0.519720
v 0.083918 8.969038 -0.477666
v 0.068629 8.920931 -0.490805
v 0.048667 8.943609 -0.549375
v 0.047296 8.978026 -0.550955
v -0.000000 8.940652 -0.587354
v 0.025902 8.944631 -0.569611
v 0.016444 8.940848 -0.584210
v 0.065419 8.940098 -0.458397
v 0.080690 8.943547 -0.523696
v 0.086157 8.938449 -0.480322
v 0.054216 8.956379 -0.552898
v 0.014915 8.923248 -0.513778
v -0.000000 8.919062 -0.514065
v 0.011352 8.919681 -0.519595
v 0.037832 8.847997 -0.539413
v -0.000000 8.833208 -0.524814
v 0.019321 8.841442 -0.535120
v 0.073273 8.838257 -0.506088
v 0.022428 8.943168 -0.522247
v 0.025831 8.940223 -0.548824
v 0.048703 8.933611 -0.494831
v 0.060045 8.938404 -0.520997
v 0.060046 8.931613 -0.499880
v 0.046193 8.947428 -0.540638
v 0.022708 8.933874 -0.515583
v 0.040215 8.959304 -0.520636
v 0.063791 8.997269 -0.496209
v 0.050458 9.003239 -0.486702
v 0.058531 8.995928 -0.518234
v 0.039465 9.008649 -0.528364
v 0.288937 9.108906 -0.341030
v 0.105188 9.115101 -0.399895
v 0.312291 9.160947 -0.313512
v 0.152124 9.181879 -0.405357
v 0.199782 9.080928 -0.398708
v 0.241972 9.188628 -0.380691
v 0.284308 9.178427 -0.344254
v 0.256065 9.084381 -0.368624
v 0.148842 9.092505 -0.401839
v 0.195776 9.190884 -0.400505
v 0.311044 9.136497 -0.314491
v 0.118486 9.157246 -0.404248
v 0.118535 8.821255 -0.412434
v 0.128331 8.795745 -0.392318
v -0.000000 8.819895 -0.481598
v -0.000000 8.736544 -0.446889
v 0.124513 8.814659 -0.406039
v -0.000000 8.799863 -0.493668
v -0.000000 8.761194 -0.479841
v 0.128191 8.807140 -0.399900
v 0.070589 8.755222 -0.424542
v 0.076939 8.817378 -0.453436
v 0.080231 8.797977 -0.459265
v 0.077912 8.777052 -0.452669
v 0.040793 8.822303 -0.473112
v 0.035008 8.741450 -0.437918
v 0.043519 8.796994 -0.481386
v 0.042527 8.767095 -0.471319
v 0.099404 8.777983 -0.408372
v 0.104200 8.804155 -0.430411
v 0.103666 8.791369 -0.425243
v 0.100141 8.818662 -0.430789
v 0.131202 8.822989 -0.407258
v -0.000000 8.825747 -0.523182
v 0.153666 8.848675 -0.396781
v 0.144095 8.832014 -0.401121
v -0.000000 8.817760 -0.496966
v 0.041141 8.826918 -0.519267
v 0.039875 8.823528 -0.484288
v 0.100758 8.822583 -0.461175
v 0.100649 8.836332 -0.466112
v 0.093411 8.818908 -0.446658
v 0.021311 8.819177 -0.492811
v 0.021677 8.825052 -0.523686
v 0.067902 8.820565 -0.467508
v 0.073442 8.823480 -0.493125
v 0.125415 8.829117 -0.425840
v 0.128759 8.848047 -0.425856
v 0.116162 8.820924 -0.423982
v -0.000000 9.103069 -0.541556
v 0.022138 9.095009 -0.512227
v 0.012135 9.099633 -0.529969
v 0.043131 9.040210 -0.477134
v 0.095790 9.012197 -0.434706
v 0.123844 8.942630 -0.418326
v 0.295779 9.102757 -0.334862
v 0.088110 9.105080 -0.415137
v 0.331590 9.162672 -0.298324
v 0.140668 9.189380 -0.416074
v 0.198171 9.074532 -0.400743
v 0.246015 9.197095 -0.386712
v 0.296134 9.184773 -0.339053
v 0.260463 9.078011 -0.365710
v 0.142694 9.081937 -0.404380
v 0.192202 9.199911 -0.409296
v 0.325980 9.135259 -0.303730
v 0.105258 9.159964 -0.415329
v 0.309233 9.079651 -0.314614
v 0.047198 9.087595 -0.463367
v 0.372414 9.153346 -0.263661
v 0.107258 9.206936 -0.456761
v 0.193635 9.056658 -0.400949
v 0.255437 9.219019 -0.396594
v 0.318898 9.200242 -0.331387
v 0.268347 9.060237 -0.356843
v 0.127213 9.063337 -0.415688
v 0.185543 9.221966 -0.432135
v 0.361282 9.121273 -0.281624
v 0.073036 9.159842 -0.453529
v -0.000000 9.201896 -0.556041
v 0.189903 9.001403 -0.400591
v 0.180363 8.923769 -0.387421
v 0.049960 9.202160 -0.516880
v 0.020623 9.199801 -0.545035
v 0.131497 8.823337 -0.401199
v 0.143586 8.823060 -0.390964
v 0.156821 8.821183 -0.381232
v 0.136386 8.823987 -0.399252
v 0.151265 8.829801 -0.389072
v 0.166100 8.839084 -0.380886
v 0.239699 8.883451 -0.349174
v 0.274261 8.982764 -0.357521
v 0.151569 8.807374 -0.380169
v 0.151807 8.756497 -0.375808
v -0.000000 8.705621 -0.437090
v 0.078713 8.724174 -0.414223
v 0.043541 8.712897 -0.425735
v 0.108568 8.738231 -0.396311
v 0.191695 8.781002 -0.357439
v 0.224055 8.818142 -0.347237
v -0.000000 8.617934 -0.419756
v -0.000000 8.574639 -0.351467
v 0.298380 8.761838 -0.269149
v 0.266547 8.779034 -0.312239
v 0.305397 8.870199 -0.297892
v 0.331242 8.981957 -0.304631
v 0.369665 8.983959 -0.259028
v 0.343904 8.861039 -0.256404
v 0.257870 8.714845 -0.280077
v 0.215517 8.677203 -0.296268
v 0.166473 8.644436 -0.311750
v 0.115516 8.612728 -0.326457
v 0.063972 8.586126 -0.338909
v 0.051654 8.627028 -0.400945
v 0.094656 8.648222 -0.382244
v 0.142039 8.674533 -0.363629
v 0.189071 8.704983 -0.345072
v 0.231064 8.738540 -0.326541
v -0.000000 9.282427 -0.582224
v 0.021612 9.271516 -0.573390
v -0.000000 8.574113 -0.274355
v 0.308443 8.768289 -0.208608
v 0.394220 8.995722 -0.212718
v 0.362074 8.863904 -0.202359
v 0.256136 8.710373 -0.220048
v 0.209894 8.675597 -0.232454
v 0.157774 8.641393 -0.242600
v 0.108640 8.611870 -0.255666
v 0.059613 8.584261 -0.268215
v 0.401930 9.175200 -0.213203
v 0.108274 9.278416 -0.525020
v 0.276258 9.276774 -0.423026
v 0.344792 9.247650 -0.331811
v 0.195486 9.284480 -0.479520
v 0.052934 9.274173 -0.559192
v -0.000000 8.601397 -0.176468
v 0.314043 8.819128 -0.115358
v 0.403344 9.031391 -0.148295
v 0.366597 8.909623 -0.123304
v 0.256327 8.749057 -0.119115
v 0.207383 8.698640 -0.129298
v 0.156570 8.664298 -0.140938
v 0.105062 8.636358 -0.154193
v 0.051961 8.611959 -0.169138
v -0.000000 9.763689 0.239223
v 0.027052 9.760930 0.240606
v -0.000000 9.096664 0.419773
v 0.035543 9.102881 0.417219
v 0.034805 9.760293 -0.320188
v -0.000000 9.757797 -0.322307
v -0.000000 9.568327 -0.546200
v 0.025522 9.578458 -0.551202
v 0.031961 9.489987 0.450321
v -0.000000 9.490339 0.449197
v -0.000000 9.650443 0.365902
v 0.030058 9.648710 0.366659
v 0.023824 9.826911 0.068821
v -0.000000 9.827880 0.066882
v -0.000000 9.800536 -0.143120
v 0.024075 9.803352 -0.147009
v 0.034327 9.693128 -0.457101
v -0.000000 9.686448 -0.457652
v -0.000000 9.422903 -0.595446
v 0.024764 9.420116 -0.603049
v 0.030545 9.307659 0.476971
v -0.000000 9.304255 0.471172
v 0.050406 8.668074 -0.044042
v -0.000000 8.654770 -0.051746
v 0.425058 9.230403 -0.153781
v 0.141578 9.406659 -0.551145
v 0.308964 9.367579 -0.412651
v 0.375125 9.322479 -0.295582
v 0.229736 9.392565 -0.492304
v 0.068509 9.415904 -0.588610
v 0.327549 8.886364 -0.018760
v 0.413253 9.096230 -0.081635
v 0.371882 8.971957 -0.042538
v 0.272285 8.815547 -0.006654
v 0.216298 8.762681 -0.009104
v 0.162570 8.722099 -0.017262
v 0.108731 8.691166 -0.029489
v 0.063414 5.911011 -0.541684
v 0.051003 6.210757 -0.579068
v 0.436517 9.290897 -0.078953
v 0.166497 9.551639 -0.509837
v 0.332243 9.474855 -0.347758
v 0.395904 9.421997 -0.199832
v 0.259066 9.518373 -0.447269
v 0.076043 9.571310 -0.538460
v 0.333928 8.949309 0.056739
v 0.423871 9.162457 -0.017056
v 0.373597 9.026880 0.030205
v 0.282034 8.880251 0.078494
v 0.225554 8.827596 0.087498
v 0.201431 8.780188 0.078264
v 0.188645 8.745120 0.076056
v 0.034637 6.509752 -0.507505
v 0.023647 8.011073 -0.353952
v 0.046965 7.029768 -0.549613
v 0.031423 6.783803 -0.488242
v 0.434561 9.302381 0.065842
v 0.425464 9.208616 0.063683
v 0.158886 8.930796 0.297158
v 0.177850 8.973905 0.278961
v 0.218762 9.018235 0.264836
v 0.279906 9.071374 0.237917
v 0.336794 9.130436 0.202511
v 0.383130 9.195145 0.162353
v 0.377069 9.115794 0.119746
v 0.335549 9.050378 0.150615
v 0.280918 8.985356 0.175844
v 0.228224 8.923059 0.193237
v 0.210639 8.875260 0.196532
v 0.202721 8.834111 0.202730
v 0.176079 9.669171 -0.432587
v 0.094515 9.690477 -0.454511
v 0.167635 9.746059 -0.311983
v 0.093884 9.760815 -0.322032
v 0.142569 9.790398 -0.146957
v 0.071775 9.801460 -0.147793
v 0.149200 9.799932 0.062428
v 0.074637 9.819446 0.069025
v 0.170633 9.726980 0.219993
v 0.085547 9.747395 0.235792
v 0.173444 9.612185 0.334780
v 0.090385 9.632372 0.354262
v 0.166283 9.467243 0.398825
v 0.089700 9.481769 0.428417
v 0.156005 9.301121 0.419365
v 0.084476 9.304358 0.456548
v 0.153890 9.131346 0.371994
v 0.089475 9.112812 0.407384
v 0.267760 9.583673 0.298545
v 0.344625 9.530515 0.239434
v 0.259281 9.704101 -0.273176
v 0.329632 9.630059 -0.193939
v 0.335636 9.671930 -0.081493
v 0.241571 9.757133 -0.124548
v 0.271099 9.628250 -0.379386
v 0.334895 9.569798 -0.289374
v 0.270938 9.697442 0.196367
v 0.354805 9.627903 0.156656
v 0.257204 9.769374 0.055965
v 0.351949 9.675648 0.043850
v 0.296900 9.300354 0.322840
v 0.231311 9.300614 0.373700
v 0.250896 9.448305 0.357236
v 0.321814 9.416939 0.300369
v 0.284425 9.183060 0.295421
v 0.220739 9.154522 0.335787
v 0.427066 9.450323 0.081511
v 0.339383 9.223271 0.250897
v 0.383695 9.287701 0.203754
v 0.401821 9.452780 0.167918
v 0.384929 9.552300 -0.122619
v 0.395192 9.567802 -0.054576
v 0.374862 9.518480 -0.204210
v 0.406839 9.527860 0.112524
v 0.409339 9.547842 0.029664
v 0.339699 9.298436 0.279635
v 0.369256 9.367013 0.243417
v 0.041614 8.386477 -0.099428
v 0.018305 5.213383 0.313287
v 0.441014 9.314935 -0.006379
v 0.425934 9.189869 0.028226
v 0.204557 8.789984 0.144632
v 0.207612 8.826891 0.142452
v 0.225089 8.872065 0.138178
v 0.282825 8.928473 0.126834
v 0.335699 8.995694 0.104678
v 0.374340 9.065869 0.077480
v 0.420834 9.479300 -0.044078
v -0.000000 8.948510 -0.596776
v 0.017585 8.947713 -0.590824
v 0.029223 8.950695 -0.573532
v 0.066043 8.964272 -0.460129
v 0.081454 8.954076 -0.521728
v 0.085328 8.953638 -0.478730
v 0.051018 8.966874 -0.551888
v 0.110340 8.979383 -0.425419
v 0.185896 8.966486 -0.396193
v 0.258376 8.933458 -0.355883
v 0.318662 8.926484 -0.301599
v 0.356765 8.922054 -0.257546
v 0.378290 8.929017 -0.207058
v 0.385130 8.969258 -0.134794
v 0.392617 9.031805 -0.060225
v 0.398849 9.090174 0.008811
v 0.417889 9.255014 0.117592
v 0.406353 9.168465 0.089366
v 0.417215 9.362753 0.144915
v 0.401173 9.123876 0.052908
v 0.026373 8.885622 -0.522468
v 0.015337 8.880562 -0.523230
v -0.000000 8.876135 -0.515312
v 0.062895 8.880655 -0.490692
v 0.085200 8.885167 -0.459033
v 0.127049 8.888458 -0.421646
v 0.165240 8.879953 -0.391180
v 0.192047 8.857056 -0.368871
v 0.137027 8.780258 -0.384438
v 0.167546 8.799802 -0.370921
v 0.103441 8.759027 -0.399968
v 0.039275 8.727174 -0.429573
v 0.074647 8.739691 -0.417119
v -0.000000 8.721083 -0.439736
v 0.187035 8.824689 -0.365225
v 0.217431 9.139775 -0.287923
v -0.000000 5.473853 -0.338101
v -0.000000 5.211132 0.297994
v -0.000000 8.387720 -0.104507
v -0.000000 8.312746 0.728622
v 0.340930 6.784547 0.048806
v 0.257723 6.782099 -0.447969
v -0.000000 6.784350 -0.487294
v -0.000000 6.781297 0.113473
v 0.337081 8.329172 -0.021777
v 0.141793 5.450231 -0.309610
v 0.468936 8.252748 0.640038
v 0.107438 5.200839 0.356667
v -0.000000 7.119879 0.321330
v 0.440688 7.087868 -0.461676
v -0.000000 7.017244 -0.541137
v 0.468057 7.108236 0.210907
v 0.551332 7.848015 0.491888
v -0.000000 7.846323 0.623007
v -0.000000 8.018139 -0.342957
v -0.000000 6.507834 0.109598
v -0.000000 6.509644 -0.507007
v 0.328196 6.512203 0.071538
v 0.280661 6.507982 -0.460945
v -0.000000 6.192304 0.390905
v -0.000000 6.198753 -0.590960
v 0.386118 6.277898 -0.454980
v 0.482023 6.275408 0.314948
v -0.000000 5.782380 0.532920
v -0.000000 5.895650 -0.550902
v 0.512764 5.967288 -0.399397
v 0.633047 5.724671 0.606731
v -0.000000 5.458663 0.460565
v -0.000000 5.681021 -0.456679
v 0.444858 5.693946 -0.402170
v 0.655888 5.381564 0.562433
v -0.000000 7.446454 0.506551
v 0.467763 7.271248 -0.390351
v -0.000000 7.156771 -0.557978
v 0.509101 7.398505 0.344330
v 0.400371 6.781545 -0.201900
v -0.000000 5.120957 0.095209
v 0.559903 8.453353 0.255893
v 0.056218 5.120826 0.095277
v 0.580479 7.100125 -0.135373
v 0.667752 7.855039 0.111414
v 0.431253 6.491350 -0.208886
v 0.629515 6.294350 -0.081983
v 0.843394 5.746478 0.075093
v 0.867455 5.531439 0.085495
v 0.618118 7.330040 -0.087377
v 0.073221 5.220133 0.359165
v 0.167283 8.376571 -0.064185
v 0.166347 6.775985 0.100618
v 0.125712 6.782911 -0.491352
v 0.155141 8.309067 0.704265
v 0.084822 5.470707 -0.330353
v 0.227658 7.114254 0.279830
v 0.199506 7.050658 -0.549532
v 0.260061 7.845349 0.590229
v 0.154078 6.502245 0.099439
v 0.138548 6.510078 -0.509001
v 0.204011 6.246770 -0.543392
v 0.128513 6.219841 0.397348
v 0.096835 5.768904 0.657190
v 0.253657 5.957092 -0.514032
v 0.182539 5.730978 -0.445369
v 0.106228 5.433448 0.615917
v 0.312563 7.234321 -0.492338
v 0.248339 7.440858 0.482002
v 0.208476 8.558647 0.302241
v 0.027349 5.120858 0.098939
v 0.356769 6.781699 -0.325023
v 0.416226 8.367035 0.039409
v 0.530106 7.097667 -0.306613
v 0.630401 7.853656 -0.037014
v 0.372744 6.493399 -0.333275
v 0.517490 6.292356 -0.298088
v 0.733651 5.872785 -0.207701
v 0.737227 5.619616 -0.197086
v 0.564676 7.377350 -0.220257
v -0.000000 8.471140 -0.003377
v -0.000000 5.297790 -0.122433
v 0.058231 5.297406 -0.119287
v 0.028341 5.297790 -0.127669
v 0.167317 8.474870 0.054872
v -0.000000 8.564290 0.458168
v -0.000000 5.165238 0.198618
v 0.057392 5.136283 0.221055
v 0.392801 6.781412 -0.070274
v 0.538561 8.485854 0.386720
v 0.549145 7.104177 0.037785
v 0.657339 7.797703 0.296932
v 0.435324 6.508420 -0.080166
v 0.603705 6.294067 0.160471
v 0.789090 5.725747 0.370101
v 0.829844 5.415103 0.329490
v 0.612765 7.358965 0.160225
v 0.165241 8.578367 0.412954
v 0.037280 5.162696 0.212878
v 1.092702 0.892320 0.365171
v 0.962508 0.897068 0.369607
v 0.906593 0.898284 0.565880
v 0.940584 0.891071 0.634134
v 1.073125 0.875681 0.652553
v 1.137276 0.880887 0.414797
v 0.916103 0.901231 0.427315
v 0.896899 0.898519 0.494756
v 1.137015 0.862658 0.587956
v 1.148679 0.866662 0.513748
v 0.399715 4.177507 0.390008
v 0.804424 4.237646 0.426315
v 0.976118 4.277794 0.283704
v 0.275520 4.148799 0.250104
v 0.362544 4.312546 -0.334128
v 0.698808 4.414556 -0.385087
v 0.938609 4.385895 -0.179146
v 1.052174 4.322664 0.038994
v 0.255179 4.225065 -0.155776
v 0.247036 4.168288 0.045678
v 0.741534 4.796773 0.494693
v 0.145030 4.654161 0.308667
v 0.615919 5.030528 -0.388532
v 1.053215 4.865160 0.066731
v 0.120283 4.631340 0.076198
v 0.263245 4.697474 0.467410
v 0.936587 4.831763 0.308822
v 0.227457 4.886958 -0.352387
v 0.919869 4.956983 -0.170045
v 0.122760 4.764248 -0.152891
v -0.000000 5.787912 -0.504131
v -0.000000 5.577884 -0.398521
v 0.262514 5.598207 -0.379066
v 0.331804 5.351983 0.672791
v -0.000000 5.620514 0.521902
v 0.123564 5.594934 -0.395416
v 1.034460 0.897694 0.354413
v 0.997470 0.879675 0.651850
v 0.586636 4.208061 0.467814
v 0.488272 4.370972 -0.374519
v 0.372810 4.974557 -0.399930
v 0.482477 4.752673 0.549368
v 0.559236 6.038256 0.518062
v -0.000000 6.020231 0.487022
v -0.000000 6.045034 -0.571986
v 0.473432 6.107759 -0.421960
v 0.794722 6.026129 0.028714
v 0.126105 6.030538 0.576596
v 0.234586 6.096154 -0.534044
v 0.649602 6.072854 -0.261949
v 0.736446 6.025679 0.311237
v 0.367858 6.040920 0.602754
v -0.000000 6.309969 0.280508
v 0.660473 5.545799 0.619459
v 0.359937 5.768333 0.704341
v 0.330664 6.271126 0.357300
v 0.119089 6.319755 0.258529
v 0.256539 6.361787 0.243037
v 0.487152 5.840055 -0.387444
v 0.855444 5.638865 0.080332
v 0.231949 5.842388 -0.488675
v 0.120892 5.614431 0.661969
v 0.736720 5.749150 -0.206353
v 0.819103 5.578190 0.353859
v 0.345870 5.527345 0.718592
v 0.663439 5.176109 0.506704
v 0.081233 5.065577 0.255033
v 0.508001 5.441276 -0.380917
v 0.952806 5.319242 0.079094
v 0.059555 5.068241 0.107538
v 0.165099 5.091765 0.383611
v 0.866272 5.216059 0.322436
v 0.155007 5.269506 -0.335321
v 0.791623 5.402714 -0.187857
v 0.072811 5.148370 -0.118291
v 0.383214 5.147397 0.545274
v 0.298466 5.371209 -0.366661
v 0.313216 6.651727 0.054583
v -0.000000 6.644566 0.111536
v -0.000000 6.645840 -0.496537
v 0.240826 6.644929 -0.454506
v 0.387574 6.636447 -0.205393
v 0.147318 6.645939 0.092836
v 0.116148 6.645990 -0.495875
v 0.336518 6.637548 -0.329149
v 0.385824 6.644917 -0.075220
v 0.545281 3.525177 0.296005
v 0.944403 3.584470 0.218964
v 0.520268 3.615066 -0.216748
v 0.919950 3.657351 -0.105480
v 0.442479 3.558957 -0.089805
v 0.823474 3.561743 0.321196
v 0.456646 3.508381 0.193889
v 0.752575 3.679081 -0.249967
v 0.996577 3.614865 0.046332
v 0.436772 3.520935 0.051004
v 0.674467 3.543771 0.346907
v 0.609192 3.651839 -0.242933
v 0.683951 3.111905 0.422806
v 1.040762 3.116576 0.339063
v 0.662376 2.967438 -0.031640
v 1.020549 3.039814 0.048012
v 0.589098 2.979969 0.093411
v 0.799176 3.143358 0.454269
v 0.743895 2.983500 -0.063847
v 0.930440 3.146357 0.430662
v 0.601851 3.057678 0.341567
v 0.869477 2.999685 -0.078748
v 1.086874 3.068877 0.186353
v 0.583920 3.008412 0.221709
v 0.804159 2.602138 0.743440
v 1.290008 2.461412 0.663669
v 0.750399 2.237574 0.161236
v 1.254158 2.253983 0.294416
v 0.642037 2.333357 0.320253
v 0.966654 2.616204 0.778505
v 0.870386 2.218238 0.130014
v 1.140696 2.577766 0.769121
v 0.674047 2.527287 0.628104
v 1.074700 2.196492 0.138276
v 1.343243 2.329989 0.473556
v 0.639313 2.421550 0.482022
v 0.907401 1.688251 0.688459
v 1.229574 1.618486 0.613773
v 0.878105 1.604449 0.266247
v 1.211257 1.579207 0.357439
v 0.798922 1.628732 0.379964
v 1.013493 1.688150 0.707278
v 0.960838 1.595976 0.249714
v 1.125122 1.667227 0.702055
v 0.817669 1.675063 0.597124
v 1.094886 1.582227 0.263310
v 1.265364 1.586883 0.475454
v 0.796143 1.644812 0.490645
v 1.050892 2.874113 0.642305
v 0.624439 2.801094 0.518597
v 0.962562 2.587845 0.022315
v 1.242981 2.696761 0.353886
v 0.596000 2.717211 0.376498
v 0.738527 2.870267 0.624011
v 1.189966 2.794172 0.537159
v 0.697637 2.593904 0.069443
v 1.159750 2.639678 0.184003
v 0.600139 2.653648 0.221382
v 0.887433 2.894026 0.659483
v 0.805786 2.591252 0.035738
v 1.147661 2.132847 0.793476
v 0.723644 2.109488 0.658757
v 1.097865 1.878661 0.204911
v 1.335425 1.953117 0.507457
v 0.692827 2.035000 0.520415
v 0.844064 2.157712 0.771961
v 1.286661 2.042416 0.687357
v 0.798570 1.912118 0.221788
v 1.256991 1.907279 0.344689
v 0.695842 1.977885 0.371179
v 0.991184 2.165362 0.801476
v 0.909611 1.896885 0.195630
v 0.907059 3.255216 0.393856
v 0.536028 3.175791 0.299564
v 0.837406 3.177732 -0.167336
v 1.083258 3.211962 0.131838
v 0.515823 3.142727 0.161741
v 0.627866 3.220210 0.380282
v 1.030990 3.239195 0.304735
v 0.603238 3.137159 -0.119749
v 1.007624 3.201650 -0.023478
v 0.521648 3.131702 0.017695
v 0.758133 3.248293 0.420304
v 0.694689 3.158649 -0.153281
v 0.873087 3.383967 0.367472
v 0.484489 3.317568 0.249568
v 0.799064 3.403897 -0.214335
v 1.057050 3.388903 0.091927
v 0.463380 3.307312 0.109214
v 0.579536 3.348178 0.348090
v 1.002044 3.387321 0.264691
v 0.553392 3.351598 -0.173932
v 0.976860 3.404991 -0.070163
v 0.469454 3.320811 -0.041738
v 0.716178 3.371519 0.393551
v 0.648388 3.380732 -0.203790
v 1.042324 0.330180 0.794896
v 1.422878 -0.086780 -0.031099
v 1.384148 0.046150 -0.045989
v 0.798988 0.323457 0.720440
v 1.035351 -0.086780 -0.206933
v 1.075147 0.046150 -0.194445
v 1.390610 -0.083206 0.153222
v 1.324541 0.079705 0.101387
v 0.924705 -0.083206 -0.009222
v 0.998626 0.075774 -0.024078
v 1.261710 -0.020942 0.397224
v 0.998731 0.399693 0.172324
v 1.236626 0.381208 0.244662
v 0.896220 -0.020942 0.269790
v 1.150878 0.244345 0.531873
v 0.898927 0.244765 0.446090
v 1.056232 0.440935 0.836114
v 1.428492 -0.051922 -0.027474
v 1.036099 -0.051922 -0.228151
v 0.760990 0.440935 0.745192
v 0.921222 -0.042617 -0.021908
v 1.401169 -0.042617 0.145432
v 1.294722 0.084285 0.368746
v 0.888070 0.084285 0.226960
v 1.192536 0.362803 0.513937
v 0.875382 0.362803 0.403356
v 1.181144 -0.086780 -0.231556
v 1.181124 0.046150 -0.232950
v 0.850871 0.325117 0.791752
v 1.123048 0.106708 0.000316
v 1.109326 -0.083206 0.055148
v 1.073163 0.429566 0.159849
v 1.019554 -0.020942 0.312793
v 0.964774 0.244765 0.465070
v 0.840936 0.440935 0.821143
v 1.187370 -0.051922 -0.250864
v 1.318581 -0.086780 -0.147966
v 1.249968 -0.083206 0.104185
v 1.140632 -0.020942 0.355008
v 1.066028 0.244765 0.500374
v 0.948584 0.440935 0.828628
v 1.299206 0.046150 -0.156109
v 0.951846 0.325848 0.808851
v 1.244387 0.107817 0.042623
v 1.171259 0.429566 0.194051
v 1.328099 -0.051922 -0.166127
v 1.127160 0.278623 0.620977
v 1.089535 0.298333 0.688025
v 0.811783 0.297128 0.638837
v 0.844201 0.270773 0.530038
v 1.106712 0.414891 0.748727
v 1.159516 0.388847 0.621813
v 0.827691 0.388847 0.510842
v 0.782570 0.414891 0.645159
v 0.922698 0.271550 0.573965
v 0.877925 0.298333 0.702380
v 1.031320 0.271550 0.600026
v 0.986777 0.298333 0.716710
v 1.058416 0.644736 0.764110
v 1.406319 -0.002886 -0.036732
v 1.055623 -0.002886 -0.211298
v 0.802566 0.644736 0.686923
v 0.948794 0.018545 -0.028139
v 1.383448 0.018545 0.123410
v 1.282038 0.256926 0.298500
v 0.941932 0.256926 0.179917
v 1.191510 0.586947 0.459851
v 0.910497 0.586947 0.361872
v 0.868717 0.648751 0.758810
v 1.184247 -0.002886 -0.241907
v 1.313653 -0.002886 -0.161118
v 0.961158 0.644736 0.760247
v 1.110151 0.625473 0.671599
v 1.161595 0.606211 0.551694
v 0.869619 0.606211 0.454617
v 0.827018 0.625473 0.582330
v 0.498284 8.085953 0.615561
v -0.000000 8.158091 0.684031
v 0.427001 8.143631 -0.127813
v -0.000000 8.129240 -0.284895
v 0.673213 8.080289 0.089889
v 0.220243 8.140023 0.666263
v 0.249291 8.187361 -0.172169
v 0.582805 8.054643 -0.057582
v 1.779120 8.074329 0.869687
v 1.795222 8.150520 0.856385
v 1.813875 8.255106 0.706271
v 1.826692 8.233995 0.585157
v 1.773013 7.924363 0.662173
v 1.802491 7.975285 0.538730
v 1.825772 8.084831 0.526252
v 1.764880 7.948947 0.807885
v 3.408452 8.043022 0.847099
v 3.415637 8.082498 0.845657
v 3.417682 8.147079 0.705004
v 3.421880 8.128593 0.634032
v 3.406578 7.991055 0.687887
v 3.398976 8.010955 0.578644
v 3.409927 8.044119 0.567130
v 3.404994 8.006295 0.787390
v 2.004873 7.945938 0.545890
v 1.971558 8.144934 0.899585
v 1.970407 8.059146 0.907220
v 1.986583 7.928144 0.851436
v 2.005116 8.084061 0.535861
v 2.004862 7.879318 0.683236
v 1.976984 8.263315 0.731092
v 1.995875 8.241453 0.597029
v 0.966456 8.287759 0.364011
v 0.978830 8.067671 0.275309
v 0.964796 7.930064 0.452757
v 0.942371 7.964575 0.609332
v 0.958231 8.335965 0.503821
v 0.917071 8.203989 0.683468
v 0.922115 8.087389 0.687853
v 0.980501 7.970215 0.326283
v 0.745935 8.416008 0.302294
v 0.798382 7.918823 0.386903
v 0.706157 8.223503 0.648008
v 0.814425 8.087397 0.206638
v 0.757476 7.955343 0.541266
v 0.737826 8.447418 0.423549
v 0.724316 8.086772 0.637721
v 0.817051 7.967024 0.254531
v -0.000000 8.457576 0.621487
v 0.148196 8.450697 0.608345
v 0.475436 8.383700 0.583115
v 1.804256 8.225435 0.809265
v 3.413996 8.119532 0.814481
v 1.971416 8.224125 0.847288
v 0.905153 8.315756 0.608405
v 0.701383 8.343994 0.595247
v 0.371729 8.239152 -0.073704
v -0.000000 8.298250 -0.206322
v 0.654017 8.230281 0.125700
v 0.198704 8.281672 -0.128301
v 0.535143 8.257299 0.024570
v 1.826075 8.159461 0.539377
v 3.415835 8.074527 0.569560
v 2.000864 8.166556 0.551340
v 0.936915 8.201400 0.283488
v 0.792430 8.211852 0.209197
v 1.228793 8.065741 0.373570
v 1.577085 8.073869 0.456322
v 1.167501 7.968201 0.688956
v 1.496712 7.966868 0.769233
v 1.196972 8.295120 0.593711
v 1.546135 8.270714 0.679812
v 1.155098 8.092539 0.750564
v 1.486928 8.094587 0.829393
v 1.219345 7.966413 0.397061
v 1.557250 7.973815 0.478527
v 1.569070 8.235428 0.531108
v 1.212229 8.250669 0.443057
v 1.515905 7.927338 0.599560
v 1.189425 7.929757 0.521843
v 1.508960 8.163506 0.822585
v 1.166131 8.181530 0.745573
v 1.525827 8.237490 0.777497
v 1.179130 8.261608 0.692573
v 1.573982 8.159574 0.475224
v 1.221970 8.167919 0.392197
v 2.803558 7.956842 0.695943
v 2.796129 8.190452 0.711007
v 2.811068 8.174269 0.638078
v 2.812306 8.001381 0.589105
v 2.767415 8.113779 0.840488
v 2.762185 8.053703 0.847512
v 2.787197 7.972348 0.789640
v 2.818524 8.061039 0.576422
v 2.775047 8.166204 0.807845
v 2.818258 8.111760 0.583578
v 2.299492 7.965024 0.561839
v 2.265865 8.137627 0.878231
v 2.260408 8.055066 0.890108
v 2.278788 7.931969 0.828063
v 2.307097 8.075085 0.553264
v 2.269602 8.212065 0.831957
v 2.304717 8.147263 0.565774
v 2.296238 7.902785 0.685907
v 2.278600 8.243685 0.724523
v 2.298963 8.216618 0.613455
v 0.218497 8.507856 0.155000
v 0.652417 8.341437 0.172362
v 0.858310 8.359414 0.342280
v 0.775545 8.314273 0.223480
v 0.846363 8.393385 0.455845
v 0.497121 8.418521 0.136262
v 0.576926 8.348356 0.117928
v 0.852681 8.302585 0.261636
v 0.500914 8.456689 0.500141
v 0.137217 8.523116 0.543814
v -0.000000 8.507225 0.544409
v 0.702858 8.415369 0.518100
v 0.818323 8.382740 0.532185
v 0.667418 8.431594 0.274916
v 0.705585 7.888183 0.350080
v 0.587546 8.238126 0.644023
v 0.729867 8.086211 0.146953
v 0.645845 7.935695 0.526021
v 0.638193 8.466731 0.404897
v 0.611300 8.086362 0.626641
v 0.728648 7.952365 0.173302
v 0.588409 8.363873 0.589146
v 0.723070 8.220921 0.167833
v 0.714013 8.327855 0.197941
v 0.601886 8.436108 0.508945
v 0.036611 5.215632 0.328580
v 0.083227 8.385236 -0.094350
v 0.062845 6.783256 -0.489191
v 0.093929 7.042293 -0.558089
v 0.047294 8.004007 -0.364946
v 0.069274 6.509861 -0.508004
v 0.102005 6.222762 -0.567176
v 0.126829 5.926371 -0.532467
v 0.091270 5.705999 -0.451024
v 0.176798 7.269893 -0.546899
v 0.083174 6.778641 0.107045
v 0.077570 8.310905 0.716445
v 0.042411 5.472280 -0.334227
v 0.113829 7.117109 0.300708
v 0.130031 7.845836 0.606618
v 0.077039 6.505039 0.104519
v 0.064256 6.206073 0.394126
v 0.048417 5.775642 0.595055
v 0.053114 5.446055 0.538241
v 0.130283 7.448337 0.496683
v 0.013675 5.120908 0.097074
v 0.082064 8.466656 0.010853
v 0.014171 5.297790 -0.125051
v 0.018640 5.163967 0.205748
v 0.061782 5.586409 -0.396969
v 0.063052 6.025384 0.531809
v 0.117293 6.070594 -0.553015
v 0.059545 6.314862 0.269518
v 0.060446 5.617473 0.591936
v 0.115974 5.815150 -0.496403
v 0.073659 6.645252 0.102186
v 0.058074 6.645915 -0.496206
v 0.110122 8.149057 0.675147
v 0.087485 8.122402 -0.301091
v 0.074096 8.454128 0.614990
v 0.087396 8.298068 -0.194162
v 0.074429 8.570108 0.458960
v 0.064337 8.518051 0.546997
v -0.000000 7.486254 -0.514215
v 0.061573 7.492838 -0.524317
v -0.000000 7.660414 -0.469304
v 0.040073 7.665829 -0.483946
v -0.000000 7.597157 0.550485
v -0.000000 7.311920 -0.538857
v 0.631340 7.542674 0.044760
v 0.248725 7.582745 0.511682
v 0.620133 7.617398 -0.073349
v 0.618942 7.530840 0.198269
v 0.128426 7.592778 0.529490
v 0.109312 7.359790 -0.550879
v 0.516517 7.562851 0.392830
v 0.440279 8.092827 -0.161441
v 0.077251 7.964208 -0.393702
v 0.178600 7.424641 -0.521486
v 0.111930 7.517589 -0.522700
v 0.060992 7.662533 -0.495544
v 0.625743 7.822482 -0.093741
v 0.637188 7.636830 -0.144814
v 0.485942 7.352883 -0.394253
v 0.360202 7.329797 -0.472239
v 0.294569 8.130335 -0.221380
v 0.586335 7.447578 -0.277281
v 0.256291 7.358561 -0.512176
v 0.140056 8.085772 -0.312787
v 0.563585 7.974042 -0.091592
v 0.707982 7.653760 -0.424666
v 0.638944 7.805742 -0.417181
v 0.660656 7.474483 -0.476081
v 0.687743 7.638016 -0.265295
v 0.597499 7.899932 -0.251802
v 0.633853 7.459869 -0.364011
v 0.611377 7.538303 -0.559034
v 0.589222 7.745859 -0.541980
v 0.627433 7.653378 -0.541480
v 0.572466 7.593539 -0.607260
v 0.583140 7.651299 -0.596110
v 0.560866 7.703685 -0.600698
v 0.556007 7.652737 -0.630853
v 0.550728 7.630010 -0.636321
v 0.546496 7.674024 -0.633579
v 0.547858 7.653600 -0.645344
v 0.544810 7.642168 -0.649001
v 0.543263 7.665244 -0.646478
v 0.456254 7.889387 -0.500933
v 0.256997 7.648676 -0.641043
v 0.285792 7.806502 -0.601317
v 0.539541 7.409573 -0.528851
v 0.324479 7.480769 -0.644245
v 0.516812 7.382247 -0.448449
v 0.375051 8.019339 -0.346621
v 0.129311 7.642787 -0.559305
v 0.169984 7.900845 -0.477601
v 0.244625 7.441455 -0.577135
v 0.544231 7.493196 -0.595281
v 0.414131 7.536085 -0.662904
v 0.497331 7.798981 -0.579031
v 0.414320 7.745932 -0.633494
v 0.389608 7.656776 -0.663281
v 0.539077 7.563576 -0.624103
v 0.517996 7.730325 -0.618310
v 0.476056 7.591218 -0.659183
v 0.461024 7.656769 -0.659204
v 0.478150 7.703699 -0.643170
v 0.536323 7.617860 -0.643045
v 0.505545 7.655526 -0.656857
v 0.512777 7.629006 -0.656922
v 0.530060 7.682749 -0.641361
v 0.514021 7.674325 -0.650308
v 0.537379 7.636397 -0.652197
v 0.536628 7.654510 -0.656101
v 0.522427 7.655216 -0.658390
v 0.527041 7.641777 -0.658835
v 0.535082 7.670211 -0.651097
v 0.526658 7.665295 -0.655169
v 0.657235 7.782466 -0.245271
v 0.546298 7.660019 -0.645323
v 0.576723 7.678053 -0.597286
v 0.614411 7.695613 -0.543369
v 0.681374 7.729116 -0.419520
v 0.552803 7.664576 -0.631397
v 0.495473 7.716358 -0.632356
v 0.530308 7.668079 -0.653372
v 0.521344 7.679149 -0.646124
v 0.379606 7.862930 -0.551002
v 0.265664 7.969812 -0.419410
v 0.453321 7.773172 -0.609960
v 0.400426 7.708042 -0.651417
v 0.467708 7.681823 -0.652109
v 0.272125 7.748767 -0.620587
v 0.524061 7.660536 -0.656899
v 0.508933 7.665750 -0.653861
v 0.067340 7.807897 -0.442749
v 0.148810 7.775485 -0.519321
v 0.285132 7.562778 -0.652875
v 0.396431 7.605010 -0.670179
v 0.184911 7.535656 -0.570789
v 0.465345 7.628120 -0.661272
v 0.523998 7.649116 -0.658874
v 0.507822 7.643362 -0.657571
v 0.439341 7.408403 -0.579075
v 0.398547 7.369519 -0.510769
v 0.481239 7.487829 -0.620589
v 0.508028 7.559465 -0.638532
v 0.532879 7.636642 -0.654887
v 0.525469 7.617254 -0.648726
v 0.518530 7.621918 -0.653463
v 0.312913 7.391609 -0.550724
v 0.445288 7.501255 -0.648112
v 0.529727 7.638655 -0.657248
v 0.378891 7.429824 -0.616780
v 0.490747 7.572180 -0.650527
v 0.534157 7.865186 -0.468733
v 0.545139 7.777247 -0.562737
v 0.543259 7.719203 -0.609442
v 0.538935 7.679426 -0.637313
v 0.488426 7.980714 -0.300252
v 0.539633 7.668172 -0.648520
v -0.000000 7.795271 -0.427094
v 0.035768 7.809933 -0.431817
v 0.149179 8.757273 0.314086
v 0.149230 8.636574 0.064419
v -0.000000 8.770963 0.365785
v 0.071369 8.774549 0.359653
v -0.000000 8.607032 -0.010295
v 0.188310 8.722987 0.248143
v 0.197630 8.676417 0.153540
v 0.083721 8.608508 0.002841
v 0.155804 8.672050 0.344533
v -0.000000 8.539277 -0.003013
v 0.208081 8.592694 0.148696
v 0.157980 8.556023 0.058661
v -0.000000 8.676036 0.388238
v 0.071341 8.682932 0.386756
v 0.197189 8.642501 0.263500
v 0.082931 8.537605 0.009385
v 3.408345 8.018084 0.815899
v 1.871421 8.236029 0.588187
v 3.857465 7.989330 0.907914
v 3.863031 8.108517 0.912009
v 3.421289 8.101978 0.594663
v 3.918390 8.003524 0.521419
v 3.920408 8.106576 0.517550
v 3.929671 8.010542 0.725228
v 3.920094 8.136104 0.717893
v 3.622249 7.990580 0.869395
v 3.632816 8.134962 0.865519
v 3.686692 7.964771 0.511490
v 3.672807 8.111350 0.499079
v 3.645020 8.165844 0.718263
v 3.642621 8.020735 0.723564
v 3.516316 7.988360 0.853173
v 3.599708 8.102833 0.445741
v 3.534137 8.156629 0.709736
v 3.530259 7.992441 0.712233
v 3.525806 8.128812 0.845830
v 3.607604 7.973455 0.457936
v 3.744868 8.126024 0.888150
v 3.796313 7.985615 0.546137
v 3.736210 7.992284 0.884145
v 3.804650 8.116284 0.532417
v 3.799170 8.161043 0.724578
v 3.795880 8.021894 0.729029
v 3.886580 8.002339 0.839352
v 3.416672 8.130558 0.777512
v 3.881183 8.128617 0.840045
v 2.786490 8.182371 0.762897
v 3.629223 7.999051 0.822663
v 3.634500 8.147505 0.821602
v 3.518493 7.989002 0.806817
v 3.522384 8.144228 0.805612
v 3.763308 8.141169 0.832776
v 3.757266 8.005903 0.833596
v 3.924152 8.121535 0.609091
v 3.402908 7.999595 0.622028
v 3.926809 8.008315 0.602259
v 3.676365 8.152003 0.594175
v 3.678558 7.997440 0.610817
v 3.563131 8.134751 0.558588
v 3.560148 7.987205 0.572097
v 3.797380 8.012036 0.622840
v 3.804232 8.148495 0.614439
v 3.864166 7.947832 0.228508
v 3.882286 7.943098 0.254168
v 3.884803 8.000730 0.255692
v 3.868679 8.003220 0.231773
v 4.332419 8.027563 0.445270
v 4.333403 8.025092 0.420926
v 4.293262 7.984585 0.437643
v 4.296272 7.986582 0.450023
v 4.384120 7.982730 0.643427
v 4.382967 7.986028 0.664556
v 4.433769 8.043889 0.659342
v 4.438632 8.041671 0.637525
v 4.350606 8.036713 0.808814
v 4.355855 8.036733 0.788659
v 4.309382 7.992450 0.793851
v 4.308568 7.992792 0.807275
v 4.194862 8.036474 1.007198
v 4.152978 8.004713 0.997773
v 4.162650 8.004728 0.981479
v 4.202570 8.033813 0.991282
v 3.759233 7.957717 0.342732
v 3.752058 8.049718 0.334554
v 3.801847 8.038067 0.376973
v 3.799145 7.949932 0.370991
v 3.818731 7.954961 0.290488
v 3.862891 8.017635 0.323835
v 3.815365 8.024305 0.291745
v 3.855114 7.948253 0.313061
v 3.700264 8.075792 0.388970
v 3.743030 7.952426 0.417814
v 3.701291 7.963188 0.392729
v 3.740874 8.061655 0.423563
v 2.302526 8.184659 0.587202
v 2.816202 8.147312 0.604615
v 3.837275 8.078867 0.945637
v 3.835886 8.035013 0.945549
v 3.915549 8.071815 0.495558
v 3.915329 8.037783 0.495692
v 1.973996 8.242610 0.792583
v 1.999051 8.198532 0.570565
v 3.965724 8.090090 0.722181
v 3.963931 8.047033 0.722745
v 3.717151 8.048212 0.491749
v 3.716898 7.999595 0.492401
v 3.624666 8.103613 0.917260
v 3.622242 8.043557 0.917303
v 3.510426 8.087713 0.895094
v 3.509485 8.039645 0.895149
v 3.590028 8.055741 0.410860
v 3.587006 8.012483 0.415675
v 3.801998 8.063626 0.510617
v 3.801336 8.023014 0.511443
v 3.728354 8.093951 0.931537
v 3.726229 8.044000 0.931597
v 3.913165 8.085589 0.848147
v 3.912439 8.041980 0.848319
v 3.960355 8.081017 0.597251
v 3.959895 8.042498 0.597121
v 3.897816 7.977164 0.251133
v 3.897821 7.961461 0.251155
v 3.866791 7.981418 0.216963
v 3.866794 7.966359 0.216974
v 4.318196 8.007063 0.407793
v 4.311876 7.994993 0.414949
v 4.328103 8.012716 0.464248
v 4.318874 7.996258 0.462527
v 4.427458 8.015912 0.684254
v 4.415073 7.995464 0.679285
v 4.425928 8.009976 0.618435
v 4.415349 7.994412 0.621287
v 4.346755 8.016802 0.773510
v 4.335128 7.998282 0.776340
v 4.339909 8.017043 0.828020
v 4.328254 7.997716 0.820336
v 4.178498 8.024102 1.021617
v 4.169395 8.009314 1.013119
v 4.194752 8.023136 0.980297
v 4.184114 8.009343 0.977865
v 3.814207 8.007883 0.389527
v 3.814195 7.974797 0.389675
v 3.741421 7.988331 0.322962
v 3.741433 8.018279 0.322952
v 3.873274 7.992369 0.332590
v 3.873283 7.967940 0.332678
v 3.805667 7.977436 0.278472
v 3.805660 7.999958 0.278446
v 3.686026 7.999861 0.370873
v 3.685799 8.037178 0.370876
v 3.760518 8.024883 0.436304
v 3.760622 7.983506 0.436486
v 3.878873 8.106042 0.916822
v 3.876760 7.989589 0.913626
v 3.886592 8.114454 0.879510
v 3.886856 8.000310 0.875395
v 3.915754 8.082960 0.860784
v 3.914398 8.040594 0.861277
v 3.853358 8.033979 0.948935
v 3.854255 8.077289 0.949190
v 3.915598 8.018167 0.806804
v 3.947377 8.018218 0.761533
v 3.946283 8.122598 0.751821
v 3.923691 8.120041 0.801127
v 3.926211 8.042781 0.838750
v 3.927728 8.084170 0.839225
v 3.976696 8.087645 0.729325
v 3.975447 8.045736 0.730404
v 3.947390 8.019332 0.691150
v 3.951763 8.017040 0.643283
v 3.959678 8.114625 0.634434
v 3.950858 8.120688 0.686871
v 3.975161 8.078769 0.606223
v 3.974078 8.041999 0.607394
v 3.953042 8.050495 0.715386
v 3.978229 8.087349 0.713715
v 3.944499 8.102597 0.510904
v 3.951258 8.104594 0.567613
v 3.938756 8.016718 0.564680
v 3.948470 8.011416 0.535899
v 3.967890 8.041303 0.582458
v 3.969067 8.078052 0.582694
v 3.939164 8.069215 0.490236
v 3.938943 8.036293 0.490686
v 4.064958 8.081588 0.472214
v 4.087908 8.010269 0.510958
v 4.108240 8.031503 0.533736
v 4.110181 8.061636 0.535501
v 4.059940 8.056528 0.458433
v 4.059879 8.031431 0.461469
v 4.098608 8.084967 0.515539
v 4.068445 8.013218 0.497012
v 4.131237 8.013222 0.673732
v 4.137792 8.090425 0.632408
v 4.142546 8.056619 0.605289
v 4.141702 8.031517 0.607391
v 4.136333 8.024427 0.701148
v 4.149976 8.062373 0.702358
v 4.132185 8.009974 0.643038
v 4.134342 8.093425 0.672869
v 4.072988 8.013774 0.806083
v 4.081386 8.092671 0.804395
v 4.082211 8.033676 0.832422
v 4.083941 8.066326 0.834924
v 4.095958 8.068148 0.741648
v 4.094477 8.036073 0.745085
v 4.080855 8.014114 0.775960
v 4.080604 8.094154 0.765506
v 3.990137 8.089977 0.950792
v 3.996455 8.091454 0.923764
v 3.991629 8.012950 0.923771
v 4.012319 8.071655 0.909476
v 4.010279 8.040230 0.910801
v 3.974100 8.038692 0.970770
v 3.975220 8.071050 0.972192
v 3.987360 8.008182 0.947788
v 4.091276 8.069520 0.982405
v 4.097480 8.069363 0.962353
v 4.095714 8.014665 0.963231
v 4.108457 8.056129 0.946551
v 4.106941 8.032561 0.948761
v 4.083599 8.032490 0.994492
v 4.083884 8.056834 0.996825
v 4.090643 8.013160 0.979435
v 4.194313 8.007155 0.805831
v 4.199956 8.069504 0.804279
v 4.199575 8.023921 0.826824
v 4.200604 8.051216 0.830705
v 4.210283 8.051149 0.756792
v 4.209343 8.024784 0.760625
v 4.201847 8.008033 0.785185
v 4.201767 8.068585 0.779278
v 4.280505 8.002125 0.667248
v 4.288573 8.063639 0.635661
v 4.288760 8.036412 0.612411
v 4.288547 8.019923 0.615113
v 4.285553 8.021684 0.690076
v 4.293262 8.044191 0.693030
v 4.285298 7.998524 0.644988
v 4.282650 8.069159 0.665784
v 4.200861 8.055223 0.441353
v 4.211921 8.000529 0.475939
v 4.224509 8.020597 0.493399
v 4.226316 8.046783 0.496057
v 4.196431 8.041248 0.429226
v 4.196959 8.020234 0.433364
v 4.221570 8.060984 0.477808
v 4.203875 8.002004 0.462715
v 4.025147 8.091332 0.539350
v 4.009850 8.015038 0.516652
v 4.006135 8.089001 0.493345
v 4.013678 8.015625 0.535221
v 4.037600 8.037058 0.554696
v 4.038659 8.068330 0.555566
v 4.001341 8.061919 0.477680
v 4.001181 8.035153 0.479238
v 4.043534 8.015738 0.644777
v 4.043805 8.102858 0.677156
v 4.041124 8.018061 0.678947
v 4.049801 8.098951 0.634899
v 4.059111 8.066680 0.609224
v 4.058631 8.038107 0.610310
v 4.045149 8.038100 0.703651
v 4.063603 8.073237 0.703208
v 4.015908 8.018349 0.770256
v 4.015142 8.105587 0.760468
v 3.997001 8.018506 0.803269
v 4.005597 8.103853 0.800491
v 4.007149 8.039267 0.832433
v 4.008395 8.074593 0.833489
v 4.036114 8.076797 0.738339
v 4.034965 8.041780 0.740167
v 3.933680 8.000042 0.930204
v 3.935372 8.096293 0.933111
v 3.942238 8.100784 0.902637
v 3.939778 8.007595 0.900967
v 3.963765 8.076132 0.886539
v 3.962464 8.040440 0.887330
v 3.915795 8.036952 0.958073
v 3.916766 8.073520 0.958745
v 4.039135 8.013517 0.962942
v 4.040593 8.076960 0.965644
v 4.046606 8.077563 0.944045
v 4.043580 8.016223 0.944412
v 4.058682 8.062297 0.930272
v 4.057063 8.037000 0.931809
v 4.029949 8.036363 0.980293
v 4.030531 8.062386 0.982004
v 4.142338 8.050896 0.993890
v 4.148490 8.049580 0.977446
v 4.129824 8.011303 0.973472
v 4.150207 8.038690 0.965134
v 4.144703 8.021614 0.965087
v 4.127268 8.021647 1.002164
v 4.131547 8.039577 1.007069
v 4.123310 8.010602 0.988218
v 4.140874 8.013063 0.781341
v 4.140647 8.077759 0.773862
v 4.133797 8.012583 0.804777
v 4.139984 8.077591 0.803258
v 4.140337 8.029557 0.826561
v 4.141531 8.057147 0.829437
v 4.151649 8.057790 0.752630
v 4.150590 8.030875 0.755977
v 4.252477 8.001343 0.805914
v 4.274615 8.050822 0.805930
v 4.264154 8.011518 0.821821
v 4.270020 8.033237 0.827232
v 4.277735 8.032991 0.767242
v 4.271878 8.012037 0.770384
v 4.256450 8.001596 0.790100
v 4.277825 8.050344 0.784955
v 4.208543 8.005066 0.644605
v 4.208308 8.078068 0.668904
v 4.205893 8.008257 0.670011
v 4.212646 8.074024 0.635261
v 4.215152 8.045283 0.611296
v 4.214663 8.025300 0.613580
v 4.210642 8.022859 0.693817
v 4.220691 8.051771 0.695776
v 4.333375 7.996193 0.664715
v 4.362531 8.049838 0.637931
v 4.356795 8.022779 0.618515
v 4.351879 8.008230 0.621043
v 4.350354 8.009518 0.681963
v 4.359615 8.029143 0.685598
v 4.336151 7.993016 0.644941
v 4.357463 8.053448 0.661703
v 4.158904 8.070709 0.495773
v 4.136460 8.009270 0.479857
v 4.133452 8.066636 0.458243
v 4.149477 8.007111 0.492813
v 4.164927 8.026429 0.511777
v 4.166680 8.052955 0.513842
v 4.128974 8.048306 0.445956
v 4.129227 8.026562 0.449410
v 4.266110 8.039572 0.431497
v 4.254933 7.995493 0.461944
v 4.270967 8.009049 0.475651
v 4.275983 8.028481 0.477673
v 4.257865 8.023343 0.421456
v 4.255201 8.008277 0.426560
v 4.276304 8.042749 0.463168
v 4.249915 7.995252 0.450335
v 4.103888 8.083714 0.513794
v 4.074278 8.012891 0.495528
v 4.070637 8.080342 0.471064
v 4.093297 8.010000 0.509368
v 4.113357 8.031049 0.531750
v 4.115329 8.060845 0.533523
v 4.065650 8.055850 0.457405
v 4.065667 8.031031 0.460478
v 4.059206 8.082313 0.474272
v 4.080373 8.010824 0.513421
v 4.100842 8.032092 0.535917
v 4.102659 8.062336 0.537604
v 4.054225 8.057055 0.460306
v 4.054123 8.031797 0.463209
v 4.091139 8.085616 0.517950
v 4.062550 8.013412 0.498976
v 4.194631 8.056278 0.442915
v 4.206131 8.001152 0.477504
v 4.218972 8.021145 0.495103
v 4.220754 8.047361 0.497710
v 4.190230 8.041901 0.430766
v 4.190730 8.020821 0.434842
v 4.215761 8.061886 0.479471
v 4.197603 8.002692 0.464304
v 4.226294 8.059419 0.476545
v 4.207867 8.001418 0.461647
v 4.206469 8.053877 0.440501
v 4.215637 8.000091 0.474731
v 4.228518 8.019607 0.491873
v 4.230620 8.045213 0.494469
v 4.201693 8.039726 0.428557
v 4.201941 8.019216 0.432775
v 4.122399 8.013723 0.674226
v 4.129218 8.091248 0.632659
v 4.134130 8.057638 0.605694
v 4.133310 8.032193 0.607701
v 4.127181 8.025785 0.701381
v 4.141144 8.063472 0.702415
v 4.123541 8.010552 0.643207
v 4.125524 8.094320 0.673265
v 4.140396 8.009474 0.643198
v 4.142207 8.091786 0.672443
v 4.139290 8.012695 0.673324
v 4.145746 8.088673 0.632713
v 4.150489 8.055386 0.605958
v 4.149698 8.030836 0.608090
v 4.144495 8.024246 0.700331
v 4.157721 8.061207 0.701632
v 4.274271 8.002646 0.667480
v 4.282247 8.064488 0.635630
v 4.282744 8.037138 0.612327
v 4.282517 8.020359 0.614990
v 4.279382 8.021767 0.690382
v 4.287433 8.044806 0.693246
v 4.278969 7.999061 0.644960
v 4.276321 8.069889 0.666052
v 4.289176 7.998098 0.644989
v 4.288401 8.067981 0.665475
v 4.284586 8.001662 0.667050
v 4.294149 8.062617 0.635823
v 4.293821 8.035397 0.612841
v 4.293264 8.019063 0.615533
v 4.290402 8.020782 0.689488
v 4.298134 8.043095 0.692509
v 4.063029 8.014338 0.805726
v 4.071611 8.094155 0.803905
v 4.072166 8.034427 0.832436
v 4.073796 8.067446 0.834742
v 4.087827 8.069332 0.741157
v 4.086378 8.036844 0.744372
v 4.072301 8.014629 0.775212
v 4.072124 8.095674 0.764831
v 4.093388 8.013947 0.777090
v 4.093011 8.090726 0.767256
v 4.085612 8.013556 0.805806
v 4.093431 8.089554 0.804156
v 4.094315 8.032825 0.831192
v 4.095927 8.064413 0.833781
v 4.107680 8.065940 0.744020
v 4.106338 8.034998 0.747479
v 4.184101 8.008105 0.805650
v 4.189891 8.070840 0.804107
v 4.189708 8.024879 0.826761
v 4.190869 8.052192 0.830473
v 4.200057 8.052309 0.756106
v 4.199182 8.025864 0.759846
v 4.191518 8.008910 0.784531
v 4.191248 8.070139 0.778355
v 4.211542 8.006883 0.786054
v 4.215225 8.065381 0.780287
v 4.204586 8.006111 0.805846
v 4.212975 8.066278 0.804563
v 4.210807 8.021764 0.825985
v 4.212585 8.048138 0.830143
v 4.222399 8.047938 0.758617
v 4.220512 8.022514 0.762328
v 3.981540 8.090992 0.948019
v 3.987940 8.092931 0.920442
v 3.983263 8.012027 0.920088
v 4.004522 8.072404 0.905793
v 4.002423 8.040275 0.906940
v 3.965015 8.038437 0.968794
v 3.966144 8.071457 0.970091
v 3.978825 8.006849 0.944992
v 3.997042 8.009335 0.950627
v 3.999318 8.087597 0.953490
v 4.005597 8.088901 0.927479
v 4.001427 8.013676 0.927706
v 4.020902 8.069902 0.913404
v 4.019125 8.039650 0.914864
v 3.984414 8.038297 0.972455
v 3.985280 8.069480 0.973941
v 4.084207 8.070562 0.980072
v 4.090335 8.070521 0.959807
v 4.088353 8.014951 0.960588
v 4.101572 8.056993 0.944350
v 4.099956 8.033234 0.946435
v 4.075998 8.033099 0.992446
v 4.076441 8.057628 0.994713
v 4.083424 8.013280 0.977121
v 4.096419 8.012698 0.980986
v 4.100038 8.066355 0.984403
v 4.106238 8.066004 0.964966
v 4.101726 8.014067 0.965064
v 4.115602 8.053221 0.949670
v 4.113445 8.030710 0.951527
v 4.091189 8.030638 0.995865
v 4.092105 8.053922 0.998601
v 3.889715 7.991992 0.917420
v 3.890552 8.104022 0.920190
v 3.898272 8.111391 0.884845
v 3.898797 8.001979 0.882837
v 3.926212 8.081400 0.866729
v 3.925328 8.040503 0.867802
v 3.866179 8.034585 0.950809
v 3.866932 8.076541 0.951152
v 3.958009 8.018760 0.764563
v 3.955995 8.119936 0.753988
v 3.930255 8.019471 0.803838
v 3.936408 8.117408 0.799563
v 3.939230 8.042292 0.837232
v 3.939286 8.082792 0.838013
v 3.983955 8.086322 0.730506
v 3.983365 8.045169 0.731802
v 3.966259 8.017422 0.645700
v 3.961813 8.118466 0.685342
v 3.961680 8.019592 0.687626
v 3.970869 8.112677 0.634947
v 3.985732 8.077260 0.606736
v 3.985774 8.041402 0.608013
v 3.964500 8.049052 0.713625
v 3.988178 8.085731 0.712473
v 3.962430 8.102381 0.562826
v 3.957516 8.011957 0.533383
v 3.953254 8.100695 0.508393
v 3.950416 8.016828 0.558915
v 3.978944 8.040528 0.577853
v 3.979592 8.076578 0.578387
v 3.947689 8.068214 0.488508
v 3.947393 8.036136 0.489119
v 3.750634 7.958517 0.350154
v 3.792503 8.041601 0.384005
v 3.744209 8.053778 0.343136
v 3.790838 7.950282 0.377912
v 3.733071 8.021150 0.330243
v 3.733186 7.990054 0.330125
v 3.806234 7.976074 0.396640
v 3.806151 8.010429 0.396552
v 3.760655 8.046318 0.328607
v 3.806597 7.949708 0.363279
v 3.767154 7.957347 0.335773
v 3.810157 8.035329 0.369837
v 3.750076 8.015807 0.316942
v 3.749994 7.986876 0.317010
v 3.822071 7.973881 0.382086
v 3.822117 8.005810 0.381922
v 3.612732 8.099522 0.437406
v 3.691097 7.962677 0.499007
v 3.632462 7.969679 0.437917
v 3.678075 8.104635 0.488324
v 3.720026 7.997544 0.486271
v 3.719912 8.045285 0.485207
v 3.604321 8.053301 0.402984
v 3.606363 8.009536 0.403271
v 4.335052 7.993888 0.428195
v 4.346931 8.014510 0.418722
v 4.348972 8.016003 0.441633
v 4.337299 7.994294 0.443477
v 4.433492 7.995681 0.645933
v 4.444602 8.012671 0.645062
v 4.445047 8.014400 0.664222
v 4.433403 7.996021 0.664701
v 4.365644 8.017642 0.790806
v 4.353601 7.998833 0.792892
v 4.351471 7.998657 0.806527
v 4.363546 8.017716 0.807505
v 4.209463 8.021803 0.993497
v 4.198535 8.007803 0.991286
v 4.192021 8.007789 1.006892
v 4.203119 8.022179 1.009624
v 1.842345 7.941678 0.823102
v 1.854114 7.908607 0.669541
v 1.978756 7.987398 0.889150
v 2.774985 8.007981 0.824119
v 2.274118 8.230436 0.774889
v 2.270900 7.983111 0.854402
v 2.298199 7.933448 0.616448
v 2.004868 7.917546 0.604407
v 2.809272 7.972236 0.632603
v 1.846164 7.996640 0.866076
v 1.881633 7.926501 0.603236
v 1.856530 8.257270 0.712790
v 1.897189 8.191122 0.561826
v 1.862310 8.242115 0.768969
v 3.349921 7.992718 0.689461
v 3.359284 8.145783 0.705469
v 3.364491 8.128660 0.638166
v 3.343855 8.013539 0.586348
v 3.354733 8.084189 0.837513
v 3.347731 8.045378 0.839373
v 3.346948 8.007026 0.783060
v 3.354361 8.046955 0.575353
v 3.353963 8.120255 0.807895
v 3.359689 8.077244 0.578071
v 3.348836 8.020174 0.810557
v 3.347132 8.001326 0.627393
v 3.364437 8.103685 0.601454
v 3.357462 8.131042 0.772218
v 3.286185 8.012220 0.586647
v 3.291013 8.087399 0.837836
v 3.284203 8.046282 0.840256
v 3.286219 8.003263 0.783774
v 3.296227 8.048484 0.575469
v 3.291154 8.125240 0.807890
v 3.300947 8.080989 0.578669
v 3.286577 8.018851 0.812028
v 3.295515 8.136611 0.771207
v 3.290644 7.988826 0.690164
v 3.298185 8.150629 0.706070
v 3.304448 8.133608 0.638157
v 3.288778 7.998170 0.627958
v 3.304958 8.108418 0.601797
v 2.097661 8.194023 0.575971
v 2.100605 7.952140 0.551072
v 2.067188 8.142559 0.892646
v 2.064638 8.057820 0.901660
v 2.081530 7.929387 0.843841
v 2.103240 8.081144 0.541516
v 2.068306 8.220206 0.842306
v 2.099596 8.160287 0.556030
v 2.099540 7.886943 0.684104
v 2.074989 8.256937 0.728957
v 2.094358 8.233383 0.602366
v 2.100181 7.922713 0.608320
v 2.073684 7.986005 0.877860
v 2.071516 8.238654 0.786833
v 1.779385 8.082787 0.513208
v 1.714860 7.952290 0.800676
v 1.763934 8.258018 0.701336
v 1.724619 8.078109 0.862171
v 1.756747 7.975010 0.527501
v 1.778639 8.234262 0.575075
v 1.725056 7.924918 0.650494
v 1.741827 8.152943 0.850080
v 1.752322 8.227684 0.803339
v 1.779053 8.159482 0.527411
v 0.045635 5.693510 -0.453852
v 0.088399 7.213332 -0.552439
v 0.041032 8.468898 0.003738
v 0.032169 8.512638 0.545703
v 0.030891 5.582147 -0.397745
v 0.058647 6.057814 -0.562500
v 0.057987 5.801531 -0.500267
v 0.029037 6.645878 -0.496372
v 0.043743 8.125821 -0.292993
v 0.037048 8.455853 0.618238
v 0.043698 8.298159 -0.200242
v 0.037215 8.567199 0.458564
v 0.041587 6.779969 0.110259
v 0.038785 8.311826 0.722533
v 0.021205 5.473066 -0.336164
v 0.056915 7.118494 0.311019
v 0.065015 7.846079 0.614813
v 0.038519 6.506437 0.107059
v 0.032128 6.199188 0.392515
v 0.024209 5.779011 0.563987
v 0.026557 5.452359 0.499403
v 0.065141 7.447395 0.501617
v 0.006837 5.120933 0.096141
v 0.007085 5.297790 -0.123742
v 0.009320 5.164603 0.202183
v 0.031526 6.022808 0.509416
v 0.029772 6.312416 0.275013
v 0.030223 5.618994 0.556919
v 0.036829 6.644909 0.106861
v 0.055061 8.153574 0.679589
v 0.030787 7.489546 -0.519266
v 0.020037 7.663122 -0.476625
v 0.054656 7.335855 -0.544868
v 0.064213 7.594968 0.539988
v 0.017884 7.802602 -0.429455
v 0.041860 8.607770 -0.003727
v 0.035684 8.772757 0.362719
v 0.035670 8.679484 0.387497
v 0.041466 8.538442 0.003186
v 0.081972 8.908264 0.365029
v 0.035613 8.923054 0.368529
v 0.154033 8.844034 0.305622
v 0.195516 8.778549 0.225437
v -0.000000 8.919048 0.371339
v 0.201093 8.733201 0.149086
v -0.000000 8.630901 -0.022347
v 0.096226 8.649837 -0.005160
v 0.168938 8.690847 0.070237
v 0.046133 8.637922 -0.014084
vn 0.0000 -0.9795 -0.2013
vn 0.0000 -0.9216 -0.3882
vn 0.0802 -0.9213 -0.3805
vn 0.0417 -0.9794 -0.1973
vn 0.0000 0.0000 -1.0000
vn 0.0000 0.1939 -0.9810
vn 0.2018 0.1935 -0.9601
vn 0.2056 0.0000 -0.9786
vn 0.0000 0.9795 -0.2013
vn 0.0000 1.0000 0.0000
vn 0.0417 0.9794 -0.1973
vn 0.0000 -1.0000 0.0000
vn 0.0000 -0.1939 -0.9810
vn 0.2018 -0.1934 -0.9601
vn 0.0000 0.9216 -0.3882
vn 0.0802 0.9213 -0.3805
vn 0.0000 -0.3804 -0.9248
vn 0.1903 -0.3797 -0.9053
vn 0.0000 0.8285 -0.5600
vn 0.1155 0.8279 -0.5488
vn 0.0000 -0.5526 -0.8334
vn 0.1716 -0.5517 -0.8161
vn 0.0000 0.7039 -0.7103
vn 0.1464 0.7031 -0.6958
vn 0.0000 -0.7039 -0.7103
vn 0.1464 -0.7031 -0.6958
vn 0.0000 0.5526 -0.8334
vn 0.1716 0.5517 -0.8161
vn 0.0000 -0.8285 -0.5600
vn 0.1155 -0.8279 -0.5488
vn 0.0000 0.3804 -0.9248
vn 0.1903 0.3797 -0.9053
vn 0.2261 -0.8263 -0.5158
vn 0.1570 -0.9204 -0.3580
vn 0.3713 0.3777 -0.8482
vn 0.3934 0.1923 -0.8990
vn 0.0816 -0.9792 -0.1857
vn 0.4009 0.0000 -0.9161
vn 0.0816 0.9792 -0.1857
vn 0.3934 -0.1923 -0.8990
vn 0.1571 0.9204 -0.3580
vn 0.3713 -0.3777 -0.8482
vn 0.2261 0.8263 -0.5158
vn 0.3351 -0.5494 -0.7654
vn 0.2862 0.7009 -0.6533
vn 0.2862 -0.7009 -0.6533
vn 0.3351 0.5494 -0.7654
vn 0.2276 0.9192 -0.3215
vn 0.3272 0.8239 -0.4627
vn 0.5347 -0.3748 -0.7573
vn 0.4834 -0.5459 -0.6843
vn 0.4134 0.6977 -0.5850
vn 0.4134 -0.6977 -0.5850
vn 0.4834 0.5459 -0.6843
vn 0.3272 -0.8239 -0.4627
vn 0.5347 0.3748 -0.7573
vn 0.2275 -0.9192 -0.3215
vn 0.5661 0.1906 -0.8020
vn 0.1183 -0.9789 -0.1668
vn 0.5766 0.0000 -0.8169
vn 0.1183 0.9788 -0.1668
vn 0.5661 -0.1906 -0.8020
vn 0.6744 0.3714 -0.6382
vn 0.7132 0.1887 -0.6750
vn 0.2889 -0.9177 -0.2727
vn 0.1503 -0.9784 -0.1416
vn 0.7262 0.0000 -0.6874
vn 0.1503 0.9784 -0.1416
vn 0.7132 -0.1887 -0.6751
vn 0.2889 0.9177 -0.2727
vn 0.6744 -0.3714 -0.6382
vn 0.4148 0.8211 -0.3919
vn 0.6105 -0.5419 -0.5776
vn 0.5232 0.6939 -0.4947
vn 0.5232 -0.6939 -0.4947
vn 0.6105 0.5419 -0.5776
vn 0.4148 -0.8211 -0.3919
vn 0.7859 -0.3681 -0.4969
vn 0.7125 -0.5379 -0.4504
vn 0.4859 0.8184 -0.3068
vn 0.6117 0.6902 -0.3865
vn 0.6117 -0.6902 -0.3865
vn 0.7125 0.5379 -0.4504
vn 0.4859 -0.8184 -0.3068
vn 0.7859 0.3681 -0.4969
vn 0.3389 -0.9162 -0.2138
vn 0.8303 0.1868 -0.5251
vn 0.1764 -0.9780 -0.1111
vn 0.8451 0.0000 -0.5345
vn 0.1764 0.9780 -0.1111
vn 0.8303 -0.1868 -0.5251
vn 0.3389 0.9162 -0.2138
vn 0.3759 -0.9149 -0.1469
vn 0.1957 -0.9777 -0.0764
vn 0.9149 0.1853 -0.3587
vn 0.9310 0.0000 -0.3650
vn 0.1957 0.9777 -0.0764
vn 0.9149 -0.1853 -0.3587
vn 0.3759 0.9149 -0.1469
vn 0.8667 -0.3653 -0.3397
vn 0.5382 0.8161 -0.2106
vn 0.7868 -0.5347 -0.3083
vn 0.6765 0.6871 -0.2649
vn 0.6765 -0.6871 -0.2649
vn 0.7868 0.5347 -0.3083
vn 0.5382 -0.8161 -0.2106
vn 0.8667 0.3653 -0.3397
vn 0.8318 -0.5325 -0.1565
vn 0.7159 -0.6850 -0.1346
vn 0.7159 0.6850 -0.1346
vn 0.8318 0.5325 -0.1565
vn 0.5701 -0.8145 -0.1071
vn 0.9155 0.3635 -0.1723
vn 0.3985 -0.9141 -0.0748
vn 0.9659 0.1843 -0.1818
vn 0.2076 -0.9774 -0.0388
vn 0.9827 0.0000 -0.1850
vn 0.2076 0.9774 -0.0389
vn 0.9659 -0.1842 -0.1818
vn 0.3985 0.9141 -0.0748
vn 0.9155 -0.3635 -0.1723
vn 0.5701 0.8145 -0.1072
vn 0.2116 0.9774 0.0000
vn 0.2116 -0.9774 0.0000
vn 1.0000 0.0000 0.0000
vn 0.9829 -0.1839 0.0000
vn 0.4061 0.9138 0.0000
vn 0.9318 -0.3629 0.0000
vn 0.5808 0.8140 0.0000
vn 0.8469 -0.5317 0.0000
vn 0.7291 0.6843 0.0000
vn 0.7291 -0.6843 0.0000
vn 0.8469 0.5317 0.0000
vn 0.5808 -0.8140 0.0000
vn 0.9318 0.3629 0.0000
vn 0.4061 -0.9138 0.0000
vn 0.9829 0.1839 0.0000
vn 0.7159 0.6850 0.1346
vn 0.8318 0.5325 0.1565
vn 0.7159 -0.6850 0.1346
vn 0.5701 -0.8145 0.1071
vn 0.9155 0.3635 0.1723
vn 0.3985 -0.9141 0.0748
vn 0.9659 0.1843 0.1818
vn 0.2076 -0.9774 0.0388
vn 0.9827 0.0000 0.1850
vn 0.2076 0.9774 0.0389
vn 0.9659 -0.1842 0.1818
vn 0.3985 0.9141 0.0748
vn 0.9155 -0.3635 0.1723
vn 0.5701 0.8145 0.1072
vn 0.8318 -0.5325 0.1565
vn 0.9310 0.0000 0.3650
vn 0.9149 -0.1853 0.3587
vn 0.1957 0.9777 0.0764
vn 0.3759 0.9149 0.1469
vn 0.8667 -0.3653 0.3397
vn 0.5382 0.8161 0.2106
vn 0.7868 -0.5347 0.3083
vn 0.6765 0.6871 0.2650
vn 0.6765 -0.6871 0.2649
vn 0.7868 0.5347 0.3083
vn 0.5382 -0.8161 0.2106
vn 0.8667 0.3653 0.3397
vn 0.3759 -0.9149 0.1469
vn 0.9149 0.1853 0.3587
vn 0.1957 -0.9777 0.0764
vn 0.6117 -0.6902 0.3865
vn 0.4859 -0.8184 0.3068
vn 0.7125 0.5379 0.4504
vn 0.7859 0.3681 0.4969
vn 0.3389 -0.9162 0.2138
vn 0.8303 0.1868 0.5251
vn 0.1764 -0.9780 0.1110
vn 0.8451 0.0000 0.5345
vn 0.1764 0.9780 0.1111
vn 0.8303 -0.1868 0.5251
vn 0.3389 0.9162 0.2138
vn 0.7859 -0.3681 0.4969
vn 0.4859 0.8184 0.3068
vn 0.7125 -0.5379 0.4504
vn 0.6117 0.6902 0.3865
vn 0.1503 0.9784 0.1416
vn 0.2889 0.9177 0.2727
vn 0.7132 -0.1887 0.6751
vn 0.6744 -0.3714 0.6382
vn 0.4148 0.8211 0.3919
vn 0.6105 -0.5419 0.5776
vn 0.5232 0.6939 0.4947
vn 0.5232 -0.6939 0.4947
vn 0.6105 0.5419 0.5776
vn 0.4148 -0.8211 0.3919
vn 0.6744 0.3714 0.6382
vn 0.2889 -0.9177 0.2727
vn 0.7132 0.1887 0.6750
vn 0.1503 -0.9784 0.1416
vn 0.7262 0.0000 0.6874
vn 0.4834 0.5459 0.6843
vn 0.5347 0.3748 0.7573
vn 0.3272 -0.8239 0.4627
vn 0.2275 -0.9191 0.3215
vn 0.5661 0.1906 0.8020
vn 0.1183 -0.9788 0.1669
vn 0.5766 0.0000 0.8169
vn 0.1183 0.9788 0.1669
vn 0.5661 -0.1906 0.8020
vn 0.2275 0.9191 0.3215
vn 0.5347 -0.3748 0.7573
vn 0.3272 0.8239 0.4627
vn 0.4834 -0.5459 0.6843
vn 0.4134 0.6977 0.5850
vn 0.4134 -0.6977 0.5850
vn 0.3934 -0.1923 0.8990
vn 0.3713 -0.3777 0.8482
vn 0.1571 0.9204 0.3580
vn 0.2261 0.8263 0.5158
vn 0.3351 -0.5494 0.7654
vn 0.2862 0.7009 0.6533
vn 0.2862 -0.7009 0.6533
vn 0.3351 0.5494 0.7654
vn 0.2261 -0.8263 0.5158
vn 0.3713 0.3777 0.8482
vn 0.1570 -0.9204 0.3580
vn 0.3934 0.1923 0.8990
vn 0.0816 -0.9792 0.1857
vn 0.4009 0.0000 0.9161
vn 0.0816 0.9792 0.1857
vn 0.1155 -0.8279 0.5488
vn 0.0802 -0.9213 0.3805
vn 0.1903 0.3797 0.9053
vn 0.2018 0.1935 0.9601
vn 0.0417 -0.9794 0.1973
vn 0.2056 0.0000 0.9786
vn 0.0417 0.9794 0.1973
vn 0.2018 -0.1934 0.9601
vn 0.0802 0.9213 0.3805
vn 0.1903 -0.3797 0.9053
vn 0.1155 0.8279 0.5488
vn 0.1716 -0.5517 0.8161
vn 0.1464 0.7031 0.6958
vn 0.1464 -0.7031 0.6958
vn 0.1716 0.5517 0.8161
vn 0.0000 -0.3804 0.9248
vn 0.0000 -0.5526 0.8334
vn 0.0000 0.8285 0.5600
vn 0.0000 0.7039 0.7103
vn 0.0000 -0.7039 0.7103
vn 0.0000 0.5526 0.8334
vn 0.0000 -0.8285 0.5600
vn 0.0000 0.3804 0.9248
vn 0.0000 -0.9216 0.3882
vn 0.0000 0.1939 0.9810
vn 0.0000 -0.9795 0.2013
vn 0.0000 0.0000 1.0000
vn 0.0000 0.9795 0.2013
vn 0.0000 -0.1939 0.9810
vn 0.0000 0.9216 0.3882
vn -0.0802 -0.9213 0.3805
vn -0.0417 -0.9794 0.1973
vn -0.2018 0.1935 0.9601
vn -0.2056 0.0000 0.9786
vn -0.0417 0.9794 0.1973
vn -0.2018 -0.1934 0.9601
vn -0.0802 0.9213 0.3805
vn -0.1903 -0.3797 0.9053
vn -0.1155 0.8279 0.5488
vn -0.1716 -0.5517 0.8161
vn -0.1464 0.7031 0.6959
vn -0.1464 -0.7031 0.6958
vn -0.1716 0.5517 0.8161
vn -0.1155 -0.8279 0.5488
vn -0.1903 0.3797 0.9053
vn -0.2261 0.8263 0.5158
vn -0.2862 0.7009 0.6533
vn -0.3351 -0.5494 0.7654
vn -0.2862 -0.7009 0.6533
vn -0.3351 0.5494 0.7654
vn -0.2261 -0.8263 0.5158
vn -0.3713 0.3777 0.8482
vn -0.1570 -0.9204 0.3579
vn -0.3934 0.1923 0.8990
vn -0.0816 -0.9792 0.1857
vn -0.4009 0.0000 0.9161
vn -0.0816 0.9792 0.1857
vn -0.3934 -0.1923 0.8990
vn -0.1571 0.9204 0.3580
vn -0.3713 -0.3777 0.8482
vn -0.5661 0.1906 0.8020
vn -0.5766 0.0000 0.8169
vn -0.1183 0.9788 0.1669
vn -0.1183 -0.9789 0.1668
vn -0.5661 -0.1906 0.8020
vn -0.2275 0.9191 0.3215
vn -0.5347 -0.3748 0.7573
vn -0.3272 0.8239 0.4627
vn -0.4834 -0.5459 0.6843
vn -0.4134 0.6977 0.5850
vn -0.4134 -0.6977 0.5850
vn -0.4834 0.5459 0.6843
vn -0.3272 -0.8239 0.4627
vn -0.5347 0.3748 0.7573
vn -0.2275 -0.9192 0.3215
vn -0.6105 -0.5419 0.5776
vn -0.5232 -0.6939 0.4947
vn -0.5232 0.6939 0.4947
vn -0.6105 0.5419 0.5776
vn -0.4148 -0.8211 0.3919
vn -0.6744 0.3714 0.6382
vn -0.2889 -0.9177 0.2727
vn -0.7132 0.1887 0.6751
vn -0.1503 -0.9784 0.1416
vn -0.7262 0.0000 0.6874
vn -0.1503 0.9784 0.1416
vn -0.7132 -0.1887 0.6750
vn -0.2889 0.9177 0.2727
vn -0.6744 -0.3714 0.6382
vn -0.4148 0.8211 0.3919
vn -0.1764 0.9780 0.1110
vn -0.1764 -0.9780 0.1111
vn -0.8451 0.0000 0.5345
vn -0.8303 -0.1868 0.5251
vn -0.3389 0.9162 0.2138
vn -0.7859 -0.3681 0.4969
vn -0.4859 0.8184 0.3068
vn -0.7125 -0.5379 0.4504
vn -0.6117 0.6902 0.3865
vn -0.6117 -0.6902 0.3865
vn -0.7125 0.5379 0.4504
vn -0.4859 -0.8184 0.3068
vn -0.7859 0.3681 0.4969
vn -0.3389 -0.9162 0.2138
vn -0.8303 0.1868 0.5251
vn -0.6765 0.6871 0.2649
vn -0.7868 0.5347 0.3083
vn -0.6765 -0.6871 0.2649
vn -0.5382 -0.8161 0.2106
vn -0.8667 0.3653 0.3397
vn -0.3759 -0.9149 0.1469
vn -0.9149 0.1853 0.3587
vn -0.1957 -0.9777 0.0764
vn -0.9310 0.0000 0.3650
vn -0.1957 0.9777 0.0764
vn -0.9149 -0.1853 0.3587
vn -0.3759 0.9149 0.1469
vn -0.8667 -0.3653 0.3397
vn -0.5382 0.8161 0.2106
vn -0.7868 -0.5347 0.3083
vn -0.9827 0.0000 0.1850
vn -0.9659 -0.1842 0.1818
vn -0.2076 0.9774 0.0389
vn -0.3985 0.9141 0.0748
vn -0.9155 -0.3635 0.1723
vn -0.5701 0.8145 0.1072
vn -0.8318 -0.5325 0.1565
vn -0.7159 0.6850 0.1346
vn -0.7159 -0.6850 0.1346
vn -0.8318 0.5325 0.1565
vn -0.5701 -0.8145 0.1072
vn -0.9155 0.3635 0.1723
vn -0.3985 -0.9141 0.0748
vn -0.9659 0.1843 0.1818
vn -0.2076 -0.9774 0.0389
vn -0.7291 -0.6843 0.0000
vn -0.5808 -0.8140 0.0000
vn -0.8469 0.5317 0.0000
vn -0.9318 0.3629 0.0000
vn -0.4061 -0.9138 0.0000
vn -0.9829 0.1839 0.0000
vn -0.2116 -0.9774 0.0000
vn -1.0000 0.0000 0.0000
vn -0.2116 0.9774 0.0000
vn -0.9829 -0.1839 0.0000
vn -0.4061 0.9138 0.0000
vn -0.9318 -0.3629 0.0000
vn -0.5808 0.8140 0.0000
vn -0.8469 -0.5317 0.0000
vn -0.7291 0.6843 0.0000
vn -0.9659 -0.1842 -0.1818
vn -0.9155 -0.3635 -0.1723
vn -0.3985 0.9141 -0.0748
vn -0.5701 0.8145 -0.1071
vn -0.8318 -0.5325 -0.1565
vn -0.7159 0.6850 -0.1346
vn -0.7159 -0.6850 -0.1346
vn -0.8318 0.5325 -0.1565
vn -0.5701 -0.8145 -0.1072
vn -0.9155 0.3635 -0.1723
vn -0.3985 -0.9141 -0.0748
vn -0.9659 0.1843 -0.1818
vn -0.2076 -0.9774 -0.0389
vn -0.9827 0.0000 -0.1850
vn -0.2076 0.9774 -0.0389
vn -0.5382 -0.8161 -0.2106
vn -0.3759 -0.9149 -0.1470
vn -0.8667 0.3653 -0.3397
vn -0.9149 0.1853 -0.3587
vn -0.1957 -0.9777 -0.0764
vn -0.9310 0.0000 -0.3650
vn -0.1957 0.9777 -0.0764
vn -0.9149 -0.1853 -0.3587
vn -0.3759 0.9149 -0.1469
vn -0.8667 -0.3653 -0.3397
vn -0.5382 0.8161 -0.2106
vn -0.7868 -0.5347 -0.3083
vn -0.6765 0.6871 -0.2650
vn -0.6765 -0.6871 -0.2650
vn -0.7868 0.5347 -0.3083
vn -0.3389 0.9162 -0.2138
vn -0.4859 0.8184 -0.3068
vn -0.7859 -0.3681 -0.4969
vn -0.7125 -0.5379 -0.4504
vn -0.6117 0.6902 -0.3865
vn -0.6117 -0.6902 -0.3865
vn -0.7125 0.5379 -0.4504
vn -0.4859 -0.8184 -0.3068
vn -0.7859 0.3681 -0.4969
vn -0.3389 -0.9162 -0.2138
vn -0.8303 0.1868 -0.5251
vn -0.1764 -0.9780 -0.1110
vn -0.8451 0.0000 -0.5345
vn -0.1764 0.9780 -0.1110
vn -0.8303 -0.1868 -0.5251
vn -0.6744 0.3714 -0.6382
vn -0.7132 0.1887 -0.6750
vn -0.2889 -0.9177 -0.2727
vn -0.1503 -0.9784 -0.1416
vn -0.7262 0.0000 -0.6874
vn -0.1503 0.9784 -0.1416
vn -0.7132 -0.1887 -0.6751
vn -0.2889 0.9177 -0.2727
vn -0.6744 -0.3714 -0.6382
vn -0.4148 0.8211 -0.3919
vn -0.6105 -0.5419 -0.5775
vn -0.5232 0.6939 -0.4947
vn -0.5232 -0.6939 -0.4947
vn -0.6105 0.5419 -0.5776
vn -0.4148 -0.8211 -0.3919
vn -0.5347 -0.3747 -0.7573
vn -0.4834 -0.5459 -0.6843
vn -0.3272 0.8239 -0.4627
vn -0.4134 0.6977 -0.5850
vn -0.4134 -0.6977 -0.5850
vn -0.4834 0.5459 -0.6843
vn -0.3272 -0.8239 -0.4627
vn -0.5347 0.3748 -0.7573
vn -0.2275 -0.9192 -0.3215
vn -0.5661 0.1906 -0.8020
vn -0.1183 -0.9789 -0.1668
vn -0.5766 0.0000 -0.8169
vn -0.1183 0.9789 -0.1668
vn -0.5661 -0.1906 -0.8020
vn -0.2275 0.9191 -0.3215
vn -0.1570 -0.9204 -0.3579
vn -0.0816 -0.9792 -0.1857
vn -0.3934 0.1923 -0.8990
vn -0.4009 0.0000 -0.9161
vn -0.0816 0.9792 -0.1857
vn -0.3934 -0.1923 -0.8990
vn -0.1571 0.9204 -0.3580
vn -0.3713 -0.3777 -0.8482
vn -0.2261 0.8263 -0.5158
vn -0.3351 -0.5494 -0.7654
vn -0.2862 0.7009 -0.6533
vn -0.2862 -0.7009 -0.6533
vn -0.3351 0.5494 -0.7654
vn -0.2261 -0.8263 -0.5158
vn -0.3713 0.3777 -0.8482
vn -0.1155 0.8279 -0.5488
vn -0.1464 0.7031 -0.6959
vn -0.1716 -0.5517 -0.8161
vn -0.1464 -0.7031 -0.6958
vn -0.1716 0.5517 -0.8161
vn -0.1155 -0.8279 -0.5488
vn -0.1903 0.3797 -0.9053
vn -0.0802 -0.9213 -0.3805
vn -0.2018 0.1934 -0.9601
vn -0.0417 -0.9794 -0.1973
vn -0.2056 0.0000 -0.9786
vn -0.0417 0.9794 -0.1973
vn -0.2018 -0.1934 -0.9601
vn -0.0802 0.9213 -0.3805
vn -0.1903 -0.3797 -0.9053
vn -0.7803 0.1152 -0.6147
vn -0.6738 -0.1779 -0.7171
vn 0.0000 -0.2074 -0.9782
vn 0.0000 0.2335 -0.9724
vn -0.5810 -0.3431 -0.7380
vn -0.6614 0.2445 -0.7090
vn 0.0000 0.3182 -0.9480
vn 0.0000 -0.3233 -0.9463
vn -0.4851 -0.6642 -0.5688
vn 0.0000 -0.7207 -0.6932
vn -0.4476 -0.8795 -0.1616
vn -0.4183 -0.8615 -0.2876
vn 0.0000 -0.9745 -0.2241
vn 0.0000 -0.8548 -0.5189
vn -0.7568 0.3724 -0.5371
vn 0.0000 0.5361 -0.8441
vn -0.8508 0.2832 -0.4427
vn -0.8862 0.2831 -0.3668
vn -0.7110 -0.6192 -0.3332
vn -0.6372 -0.7679 -0.0658
vn -0.7552 -0.3436 -0.5582
vn -0.8314 -0.1545 -0.5336
vn -0.8697 0.0128 -0.4935
vn -0.7618 -0.2698 -0.5888
vn -0.9384 0.0325 0.3440
vn -0.9972 0.0285 -0.0690
vn -0.8838 0.3021 -0.3572
vn -0.9020 0.3021 0.3083
vn -0.7493 0.0518 -0.6602
vn -0.9128 0.1177 -0.3911
vn -0.8795 0.3181 -0.3540
vn -0.8078 0.2777 -0.5199
vn -0.3120 -0.8946 -0.3198
vn -0.6712 -0.2057 -0.7121
vn -0.7008 -0.4918 -0.5166
vn -0.1128 -0.9155 -0.3861
vn -0.2191 -0.9744 -0.0504
vn -0.8574 -0.4209 0.2959
vn -0.8494 -0.2762 -0.4496
vn -0.6507 -0.3803 -0.6572
vn -0.9507 -0.1008 -0.2931
vn -0.4727 -0.6987 -0.5369
vn 0.0000 -0.7493 -0.6622
vn -0.1120 -0.1459 -0.9829
vn -0.6616 -0.1197 -0.7402
vn 0.0000 -0.2379 -0.9713
vn 0.2686 0.1955 -0.9432
vn 0.2040 -0.1784 -0.9626
vn -0.3119 -0.0230 -0.9498
vn -0.3814 0.3350 -0.8615
vn 0.0000 0.1409 -0.9900
vn 0.0000 -0.2477 -0.9688
vn -0.7077 0.3484 -0.6146
vn -0.5055 -0.5006 -0.7027
vn -0.6256 -0.7115 -0.3198
vn 0.6948 -0.7182 -0.0378
vn 0.5348 -0.7402 -0.4075
vn -0.3754 -0.8704 0.3184
vn 0.3229 -0.8777 0.3541
vn -0.0931 -0.7029 -0.7052
vn -0.0153 -0.9848 -0.1730
vn -0.6892 0.7242 -0.0213
vn -0.6727 0.6818 -0.2873
vn -0.8096 0.4974 -0.3116
vn -0.8025 0.5242 -0.2850
vn -0.3754 -0.5644 -0.7352
vn 0.0000 -0.5971 -0.8022
vn 0.0000 -0.6464 -0.7630
vn -0.3611 -0.5892 -0.7228
vn -0.3543 0.3704 -0.8586
vn 0.0000 0.4206 -0.9072
vn 0.0000 0.0576 -0.9983
vn -0.3818 0.0193 -0.9240
vn -0.7610 -0.0351 -0.6478
vn -0.6431 -0.0086 -0.7657
vn -0.6257 -0.5132 -0.5875
vn -0.7524 -0.4365 -0.4933
vn -0.7059 0.1962 -0.6806
vn -0.5940 0.2926 -0.7494
vn -0.5725 -0.5035 -0.6471
vn -0.6636 -0.4283 -0.6133
vn -0.6821 -0.3335 -0.6507
vn -0.6041 -0.3291 -0.7258
vn -0.7049 0.0659 -0.7062
vn -0.7037 -0.1174 -0.7007
vn -0.1336 -0.9752 -0.1762
vn -0.0685 -0.8271 -0.5579
vn 0.0000 -0.7975 -0.6033
vn 0.0000 -0.9718 -0.2357
vn -0.3950 -0.8120 -0.4295
vn -0.7131 -0.0866 -0.6956
vn -0.2727 -0.8240 -0.4966
vn -0.0428 -0.9913 -0.1241
vn -0.0565 -0.9915 -0.1166
vn -0.4926 -0.8214 -0.2874
vn -0.7181 -0.4976 -0.4866
vn -0.5768 -0.7037 -0.4149
vn -0.2846 -0.9410 -0.1830
vn -0.7551 -0.0212 -0.6552
vn -0.7934 -0.0150 -0.6084
vn -0.7008 -0.4646 -0.5414
vn -0.6885 -0.1731 -0.7042
vn -0.6071 -0.6786 -0.4133
vn -0.7097 0.2507 -0.6583
vn -0.8143 0.1585 -0.5583
vn -0.5426 0.0304 -0.8394
vn -0.5138 -0.0133 -0.8578
vn -0.4833 -0.0703 -0.8726
vn -0.6331 0.0923 -0.7685
vn -0.3431 -0.6934 -0.6336
vn -0.3818 -0.6331 -0.6733
vn -0.6280 -0.4037 -0.6652
vn -0.5778 -0.4483 -0.6821
vn -0.2343 -0.7564 -0.6107
vn -0.2822 -0.6398 -0.7148
vn -0.3346 -0.7094 -0.6203
vn -0.5423 -0.4606 -0.7027
vn -0.4083 -0.5672 -0.7151
vn -0.2860 -0.7477 -0.5993
vn -0.3754 -0.3287 -0.8666
vn -0.5905 -0.2095 -0.7793
vn -0.3137 0.2475 -0.9167
vn -0.6251 0.0440 -0.7793
vn -0.3285 0.4763 -0.8156
vn -0.6686 0.0110 -0.7435
vn -0.3963 0.4355 -0.8082
vn -0.5956 -0.0677 -0.8004
vn -0.3047 0.4836 -0.8205
vn -0.3178 0.0722 -0.9454
vn -0.6233 0.1372 -0.7699
vn -0.5748 0.1307 -0.8077
vn -0.2536 0.3289 -0.9096
vn -0.2569 0.5679 -0.7819
vn -0.5186 -0.5728 -0.6348
vn -0.7325 -0.3536 -0.5817
vn -0.3522 -0.6260 -0.6957
vn -0.6302 -0.3928 -0.6697
vn -0.4805 -0.5190 -0.7069
vn -0.8219 -0.0911 -0.5623
vn -0.7454 0.0178 -0.6663
vn -0.6730 -0.0198 -0.7394
vn -0.6225 -0.0361 -0.7818
vn -0.3601 0.0453 -0.9318
vn -0.7786 -0.0007 -0.6275
vn -0.4070 0.2282 -0.8844
vn -0.3868 -0.0534 -0.9206
vn -0.4502 -0.1482 -0.8805
vn -0.3832 -0.1691 -0.9080
vn -0.5764 -0.0855 -0.8126
vn -0.5158 -0.3583 -0.7781
vn 0.0000 -0.3641 -0.9313
vn -0.6298 -0.4323 -0.6453
vn -0.5351 -0.2561 -0.8050
vn -0.6052 -0.3743 -0.7026
vn -0.6506 -0.1642 -0.7415
vn -0.5753 -0.2315 -0.7844
vn -0.6257 -0.3988 -0.6703
vn -0.5751 -0.6610 -0.4819
vn -0.4936 -0.1615 -0.8545
vn -0.5116 -0.1928 -0.8373
vn -0.5176 -0.2236 -0.8259
vn -0.5792 -0.0795 -0.8113
vn -0.5257 -0.2308 -0.8187
vn -0.4478 -0.1210 -0.8859
vn -0.4772 -0.1047 -0.8725
vn -0.4646 -0.1167 -0.8778
vn -0.4680 -0.1334 -0.8736
vn -0.5274 -0.1203 -0.8410
vn -0.4902 -0.1166 -0.8637
vn -0.4828 -0.1632 -0.8604
vn -0.3394 -0.2499 -0.9068
vn -0.3522 -0.1831 -0.9178
vn -0.4560 -0.1482 -0.8775
vn 0.0000 -0.2983 -0.9545
vn 0.0000 -0.1987 -0.9800
vn -0.4482 -0.1550 -0.8804
vn -0.4962 -0.1454 -0.8560
vn -0.4011 -0.5212 -0.7533
vn 0.0000 -0.5531 -0.8331
vn 0.0000 -0.9474 -0.3200
vn -0.3816 -0.8791 -0.2854
vn -0.6600 -0.2041 -0.7230
vn -0.6307 -0.2513 -0.7342
vn -0.7981 -0.4679 -0.3796
vn -0.8417 -0.2869 -0.4574
vn -0.6931 -0.0904 -0.7151
vn -0.8201 -0.1220 -0.5591
vn -0.6799 -0.2097 -0.7026
vn -0.8332 -0.2091 -0.5119
vn -0.5934 -0.3162 -0.7402
vn -0.7160 -0.6181 -0.3244
vn -0.5592 -0.3548 -0.7493
vn -0.6411 -0.7002 -0.3142
vn -0.5390 -0.3994 -0.7415
vn -0.5833 -0.7534 -0.3035
vn -0.5142 -0.4426 -0.7346
vn -0.5424 -0.7872 -0.2933
vn -0.3307 -0.2838 -0.9000
vn 0.0000 -0.2101 -0.9777
vn -0.6829 -0.7211 0.1170
vn -0.8158 -0.5738 0.0723
vn -0.9259 -0.3758 -0.0379
vn -0.9572 -0.2459 -0.1529
vn -0.2982 -0.9456 0.1301
vn -0.4542 -0.8809 0.1328
vn -0.5786 -0.8079 0.1118
vn -0.5031 -0.8556 0.1213
vn 0.0000 -0.9925 0.1220
vn -0.9543 -0.1493 -0.2587
vn -0.9373 -0.0934 -0.3357
vn -0.7943 -0.2131 -0.5688
vn -0.9156 -0.3660 0.1663
vn -0.9603 -0.2636 0.0911
vn -0.9823 -0.1758 -0.0641
vn -0.6809 -0.6751 0.2838
vn -0.8010 -0.5438 0.2503
vn -0.6224 -0.3386 -0.7056
vn -0.4762 -0.4193 -0.7729
vn -0.5635 -0.7753 0.2852
vn -0.4568 -0.8420 0.2868
vn -0.3676 -0.8777 0.3072
vn -0.2437 -0.9134 0.3260
vn 0.0000 -0.9437 0.3309
vn -0.4910 -0.4199 -0.7632
vn -0.4881 -0.3391 -0.8042
vn 0.0000 0.9941 0.1079
vn -0.0734 0.9882 0.1344
vn -0.1357 0.8422 0.5218
vn 0.0000 0.8610 0.5085
vn 0.0000 -0.0812 0.9967
vn -0.1288 -0.0505 0.9904
vn -0.1191 -0.2510 0.9606
vn 0.0000 -0.2613 0.9652
vn 0.0000 -0.9937 -0.1121
vn -0.3188 -0.9344 -0.1591
vn 0.0000 0.7646 -0.6444
vn 0.0306 0.7746 -0.6316
vn 0.0414 0.9382 -0.3435
vn 0.0000 0.9352 -0.3541
vn 0.0000 0.1028 -0.9947
vn -0.0987 0.0595 -0.9933
vn 0.0113 0.4791 -0.8777
vn 0.0000 0.4549 -0.8905
vn -0.2748 0.9501 -0.1473
vn -0.2762 0.9483 0.1563
vn -0.1946 0.9691 0.1516
vn -0.1190 0.9808 -0.1544
vn 0.0000 0.6205 0.7842
vn -0.1573 0.6044 0.7810
vn -0.1445 0.3000 0.9429
vn 0.0000 0.3049 0.9524
vn 0.0109 0.9846 -0.1745
vn 0.0000 0.9847 -0.1740
vn 0.1154 0.1691 -0.9788
vn 0.2835 0.2580 -0.9236
vn 0.2828 0.2584 -0.9237
vn 0.2127 0.1763 -0.9611
vn -0.9173 -0.3434 0.2015
vn -0.9499 -0.2764 0.1459
vn -0.4902 -0.0381 -0.8707
vn -0.3862 0.0153 -0.9223
vn -0.5870 -0.8058 -0.0774
vn -0.5968 -0.7736 0.2131
vn -0.7919 -0.0267 -0.6101
vn -0.6231 -0.0526 -0.7804
vn -0.7071 -0.6216 0.3369
vn -0.8299 -0.4846 0.2765
vn -0.9091 0.0079 -0.4165
vn -0.6385 -0.6993 0.3212
vn -0.9810 -0.1939 0.0100
vn -0.9762 -0.0452 -0.2122
vn -0.1827 0.0548 -0.9816
vn -0.0439 0.1131 -0.9926
vn 0.1002 0.0921 -0.9907
vn 0.0310 0.0332 -0.9990
vn -0.4857 0.3214 -0.8129
vn -0.3023 0.4107 -0.8602
vn -0.9801 -0.1924 0.0491
vn -0.9917 0.0049 -0.1282
vn -0.8732 0.1652 -0.4584
vn -0.7077 0.2289 -0.6684
vn -0.7452 -0.5571 0.3664
vn -0.7136 -0.5531 0.4299
vn -0.8380 -0.4306 0.3349
vn -0.9111 -0.3356 0.2394
vn -0.9514 0.1403 -0.2741
vn -0.8563 -0.5004 0.1275
vn -0.9410 -0.2917 0.1716
vn -0.8925 -0.4224 -0.1580
vn 0.0000 -0.3839 0.9233
vn 0.0000 -0.2746 0.9615
vn -0.1222 -0.2668 0.9560
vn -0.1099 -0.3783 0.9191
vn 0.3243 0.3193 -0.8904
vn 0.3004 0.3176 -0.8994
vn 0.0000 -0.0536 -0.9985
vn -0.1549 -0.0538 -0.9864
vn -0.1726 -0.2220 -0.9596
vn 0.0000 -0.2546 -0.9670
vn 0.0000 0.4017 0.9158
vn 0.0000 0.1091 0.9940
vn -0.0566 0.1100 0.9923
vn 0.0050 0.3998 0.9166
vn -0.9995 0.0131 -0.0273
vn -0.9752 -0.1977 0.0997
vn -0.9675 -0.1737 0.1834
vn -0.9901 -0.0288 0.1370
vn -0.9346 -0.1397 0.3272
vn -0.9193 -0.2651 0.2908
vn -0.8712 -0.3101 0.3806
vn -0.8658 -0.2444 0.4366
vn -0.7954 -0.3684 0.4812
vn -0.7825 -0.3241 0.5316
vn -0.7077 -0.4316 0.5593
vn -0.6832 -0.3806 0.6231
vn -0.7349 -0.4086 0.5412
vn -0.6356 -0.3783 0.6729
vn -0.8961 -0.2325 0.3779
vn -0.7011 -0.2748 0.6579
vn -0.9601 -0.0732 0.2700
vn -0.7674 -0.1249 0.6288
vn 0.0000 0.7087 0.7055
vn 0.0804 0.7081 0.7015
vn -0.9886 -0.1503 0.0114
vn -0.9492 -0.2685 0.1643
vn -0.7965 -0.4562 0.3968
vn -0.7179 -0.4902 0.4943
vn -0.8202 -0.3985 0.4103
vn -0.8932 -0.3339 0.3012
vn -0.9277 -0.3033 0.2175
vn -0.4555 0.6311 -0.6278
vn -0.2139 0.7262 -0.6533
vn -0.3666 0.8628 -0.3479
vn -0.1313 0.9266 -0.3524
vn -0.5059 0.8530 0.1284
vn -0.5378 0.8294 -0.1512
vn -0.8023 0.5766 -0.1541
vn -0.8084 0.5858 0.0574
vn -0.3249 0.7822 0.5316
vn -0.2653 0.8093 0.5240
vn -0.3788 0.5159 0.7683
vn -0.3194 0.5604 0.7641
vn -0.4281 0.2240 0.8755
vn -0.3690 0.2708 0.8891
vn -0.4787 -0.0763 0.8747
vn -0.3858 -0.0595 0.9207
vn -0.5574 -0.2706 0.7849
vn -0.4046 -0.2351 0.8838
vn -0.9193 0.3635 -0.1507
vn -0.9474 0.3200 0.0092
vn -0.9837 0.1182 0.1350
vn -0.9428 -0.0114 0.3332
vn -0.9044 0.1344 0.4048
vn -0.5622 0.1633 0.8107
vn -0.5625 0.4259 0.7087
vn -0.7771 0.2783 0.5644
vn -0.7255 0.1016 0.6807
vn -0.7195 0.4823 -0.4997
vn -0.8809 0.3346 -0.3346
vn -0.8367 0.4992 -0.2252
vn -0.6456 0.7062 -0.2907
vn -0.5361 0.6885 0.4884
vn -0.8043 0.4727 0.3601
vn -0.5742 -0.3088 0.7582
vn -0.5550 -0.1039 0.8253
vn -0.6647 -0.1187 0.7376
vn -0.6598 -0.3013 0.6883
vn -0.8756 -0.1371 0.4631
vn -0.9783 0.1742 -0.1118
vn -0.7778 -0.2517 0.5758
vn -0.8401 0.0101 0.5423
vn -0.7737 -0.1290 0.6202
vn -0.9306 0.2739 0.2427
vn -0.9192 0.3270 -0.2192
vn -0.9281 0.2631 -0.2633
vn 0.0000 0.4362 -0.8998
vn -0.1570 0.4256 -0.8912
vn 0.0000 -0.5844 -0.8114
vn -0.2528 -0.5122 -0.8208
vn 0.0000 -0.1440 0.9896
vn -0.0994 -0.1567 0.9826
vn -0.2603 -0.0176 -0.9654
vn 0.1847 -0.9006 0.3933
vn 0.0000 -0.9162 0.4006
vn 0.0000 -0.8421 0.5392
vn 0.5040 -0.6906 0.5186
vn -0.0489 0.6226 -0.7809
vn -0.1107 0.7627 -0.6371
vn 0.0000 0.7639 -0.6453
vn 0.0000 0.6034 -0.7974
vn -0.4405 -0.4607 0.7705
vn -0.6300 -0.2694 0.7284
vn -0.2429 -0.2664 0.9327
vn -0.1934 -0.2889 0.9376
vn -0.1462 0.6182 0.7722
vn -0.1394 0.5877 0.7970
vn -0.0956 0.1556 0.9832
vn -0.1548 0.1987 0.9677
vn 0.0089 0.0702 -0.9975
vn 0.0469 -0.0896 -0.9948
vn 0.0000 -0.0864 -0.9962
vn 0.0000 0.0709 -0.9975
vn -0.1422 -0.2079 0.9677
vn -0.0854 -0.2785 0.9566
vn -0.8627 0.0827 -0.4989
vn -0.8495 -0.2729 -0.4515
vn -0.5630 -0.1995 -0.8020
vn -0.5560 0.0780 -0.8275
vn -0.5376 0.4689 -0.7008
vn -0.3409 0.6660 -0.6635
vn -0.3416 0.6145 -0.7111
vn -0.3909 0.5512 -0.7371
vn -0.8842 -0.2092 -0.4177
vn -0.6399 -0.1209 -0.7589
vn -0.1560 0.0049 0.9877
vn -0.1841 -0.2824 0.9414
vn -0.6205 -0.3480 0.7027
vn -0.5748 0.0393 0.8174
vn 0.0436 -0.1344 -0.9899
vn 0.0000 -0.1624 -0.9867
vn -0.1270 0.8130 0.5682
vn -0.1737 0.8383 0.5167
vn -0.9844 0.1758 0.0043
vn -0.9676 -0.1566 0.1979
vn -0.9933 -0.0806 -0.0822
vn -0.9473 0.0719 -0.3121
vn 0.2300 0.4124 -0.8815
vn 0.0000 0.4331 -0.9014
vn 0.0000 0.3248 -0.9458
vn -0.7633 0.3929 -0.5128
vn -0.8006 0.3396 -0.4936
vn -0.5708 0.2336 -0.7871
vn -0.5733 0.2164 -0.7902
vn -0.2380 -0.3613 0.9015
vn -0.6235 -0.3254 0.7109
vn -0.1553 0.0733 -0.9851
vn -0.0450 0.1598 -0.9861
vn 0.0000 0.1646 -0.9863
vn 0.0000 0.0445 -0.9990
vn -0.1956 -0.1141 -0.9740
vn 0.0000 -0.1252 -0.9921
vn 0.1505 0.7244 0.6727
vn 0.0295 0.7301 0.6827
vn 0.0053 0.7505 0.6609
vn -0.0495 0.7449 0.6653
vn -0.7941 0.2360 -0.5600
vn -0.5772 0.1046 -0.8099
vn -0.7846 -0.0209 -0.6197
vn -0.8239 0.0601 -0.5635
vn -0.5474 -0.0522 -0.8352
vn -0.4652 -0.1429 -0.8736
vn 0.3218 0.4906 0.8098
vn -0.1139 0.5262 0.8426
vn -0.1723 -0.3821 -0.9079
vn -0.1827 -0.2445 -0.9523
vn 0.0000 -0.2754 -0.9613
vn 0.0000 -0.3959 -0.9183
vn -0.1103 -0.4790 -0.8708
vn -0.1509 -0.4314 -0.8894
vn 0.0000 -0.4481 -0.8940
vn 0.0000 -0.4895 -0.8720
vn 0.4923 -0.7081 0.5061
vn 0.7555 -0.3114 0.5764
vn 0.5631 -0.3805 0.7336
vn 0.5437 -0.6427 0.5397
vn -0.9857 -0.1591 -0.0556
vn -0.8120 -0.1404 -0.5664
vn -0.9131 0.0667 -0.4022
vn -0.9953 -0.0194 0.0951
vn 0.0000 -0.0137 -0.9999
vn 0.5146 -0.0829 0.8534
vn 0.4897 0.1321 0.8618
vn -0.0923 0.2021 0.9750
vn -0.0289 -0.1213 0.9922
vn -0.9514 -0.1515 -0.2678
vn -0.7331 -0.0493 -0.6782
vn -0.8821 -0.3960 0.2548
vn -0.9311 -0.2219 0.2894
vn -0.9878 -0.0955 -0.1227
vn -0.9477 -0.3025 -0.1017
vn 0.0689 -0.1751 -0.9821
vn 0.5503 -0.2174 -0.8061
vn 0.5997 0.0380 -0.7993
vn 0.0220 0.1081 -0.9939
vn -0.9301 0.0592 0.3623
vn -0.8971 0.2021 0.3929
vn -0.9867 0.1434 -0.0768
vn -0.9910 0.0795 -0.1078
vn -0.8268 0.4156 0.3790
vn -0.6868 0.6658 0.2916
vn -0.8250 0.5421 -0.1594
vn -0.9374 0.3368 -0.0880
vn -0.8169 0.5438 0.1919
vn -0.8586 0.4527 -0.2406
vn -0.9188 -0.3080 0.2469
vn -0.9476 -0.2897 -0.1344
vn -0.9600 0.0917 0.2645
vn -0.9737 0.1107 -0.1991
vn -0.1923 -0.4983 0.8454
vn -0.5802 -0.4826 0.6561
vn 0.0128 -0.7753 -0.6315
vn 0.0000 -0.7755 -0.6313
vn 0.0000 -0.9825 -0.1864
vn 0.0940 -0.9852 -0.1433
vn -0.4936 0.5039 -0.7088
vn -0.3584 0.7754 -0.5199
vn -0.6624 0.6153 -0.4272
vn -0.1054 -0.5056 0.8563
vn -0.1119 -0.3677 0.9232
vn 0.5412 -0.5688 -0.6193
vn -0.0099 -0.7749 -0.6319
vn 0.1792 -0.9722 -0.1505
vn 0.8207 -0.5521 -0.1467
vn -0.3902 0.0562 -0.9190
vn -0.2662 -0.0974 -0.9590
vn 0.1002 -0.4086 0.9072
vn 0.6137 -0.5214 0.5929
vn 0.0052 -0.2724 -0.9622
vn -0.3151 -0.1175 -0.9417
vn -0.1609 -0.3626 -0.9179
vn -0.1128 -0.4473 -0.8872
vn 0.7828 -0.1080 0.6128
vn 0.7321 0.0795 0.6765
vn 0.5321 0.4162 0.7374
vn 0.2207 0.6780 0.7011
vn -0.2994 -0.1593 -0.9407
vn -0.2434 -0.2629 -0.9336
vn -0.2773 0.0916 -0.9564
vn -0.3098 -0.0428 -0.9498
vn -0.0026 0.7085 0.7057
vn -0.9622 -0.1472 -0.2291
vn -0.9951 -0.0636 -0.0759
vn -0.9486 -0.1633 0.2711
vn -0.8860 -0.3972 0.2391
vn -0.6889 -0.6155 -0.3828
vn -0.3898 -0.4621 -0.7965
vn -0.1051 -0.2808 0.9540
vn -0.0975 -0.0120 0.9951
vn -0.1697 -0.1187 -0.9783
vn -0.0950 -0.2174 0.9714
vn -0.1182 0.1911 0.9744
vn -0.0657 0.6551 0.7526
vn -0.1433 0.0707 -0.9871
vn -0.3303 0.6812 -0.6533
vn -0.3932 0.5769 -0.7159
vn -0.2263 0.7394 -0.6340
vn -0.2899 0.4606 -0.8389
vn 0.8011 -0.4953 0.3359
vn 0.3690 -0.8501 0.3756
vn -0.0360 -0.6442 -0.7639
vn 0.0000 -0.6392 -0.7690
vn 0.2620 -0.3898 -0.8828
vn -0.0600 -0.6236 -0.7794
vn 0.8581 -0.1872 0.4781
vn 0.4749 -0.1590 0.8656
vn 0.5062 0.2309 0.8309
vn 0.9445 0.1366 0.2988
vn -0.1196 -0.2565 0.9591
vn -0.1093 -0.2528 0.9613
vn -0.6167 0.3099 -0.7236
vn -0.4722 0.5494 -0.6893
vn -0.5178 0.5652 -0.6421
vn 0.1416 -0.1320 0.9810
vn 0.1943 -0.1126 0.9745
vn 0.2001 -0.7919 0.5768
vn 0.1282 -0.7881 0.6020
vn -0.3856 0.7213 0.5753
vn -0.4215 0.5477 0.7227
vn -0.5144 0.4979 0.6981
vn -0.6094 -0.0562 0.7909
vn -0.5973 0.2062 0.7750
vn -0.3178 -0.1502 0.9362
vn -0.8190 -0.1617 0.5506
vn -0.8849 -0.0048 0.4657
vn -0.4330 0.1166 0.8938
vn -0.3873 -0.1516 -0.9094
vn -0.4867 0.1268 -0.8643
vn 0.9297 -0.2260 -0.2909
vn 0.9204 -0.0232 -0.3903
vn 0.9736 -0.2003 0.1091
vn 0.9947 0.0287 -0.0991
vn 0.0929 -0.1366 0.9862
vn 0.0701 0.2083 0.9755
vn 0.9297 -0.1709 -0.3261
vn 0.9783 -0.2070 0.0023
vn 0.9629 -0.2699 -0.0074
vn 0.8929 -0.2583 -0.3687
vn 0.1068 -0.0766 0.9913
vn -0.4485 0.0093 0.8937
vn -0.4512 -0.0897 0.8878
vn 0.0598 -0.1723 0.9832
vn 0.8956 -0.1936 0.4004
vn 0.8728 -0.2803 0.3995
vn 0.6035 -0.1050 -0.7904
vn 0.5337 -0.2047 -0.8205
vn -0.8115 0.0733 0.5796
vn -0.9936 0.1092 -0.0295
vn -0.9961 -0.0283 -0.0838
vn -0.8320 -0.0400 0.5532
vn -0.7715 0.1259 -0.6235
vn -0.3246 0.0692 -0.9433
vn -0.3347 -0.0552 -0.9407
vn -0.7711 -0.0182 -0.6364
vn 0.5918 -0.1437 0.7931
vn 0.5321 -0.2433 0.8110
vn 0.1374 -0.0090 -0.9904
vn 0.1204 -0.1225 -0.9851
vn -0.9674 0.2524 -0.0198
vn -0.7559 0.2013 -0.6229
vn 0.1826 -0.0074 -0.9832
vn 0.6577 -0.0374 -0.7523
vn 0.9211 -0.1549 0.3571
vn 0.6917 -0.1982 0.6944
vn -0.4821 -0.0673 0.8735
vn -0.8194 0.1259 0.5593
vn -0.2888 0.0507 -0.9560
vn 0.9595 -0.0988 -0.2638
vn 0.9897 -0.1416 0.0175
vn 0.1894 -0.2396 0.9522
vn -0.7047 0.7091 -0.0237
vn -0.3037 0.8849 -0.3530
vn -0.2186 0.9735 0.0666
vn -0.4164 0.7943 0.4424
vn -0.5703 -0.2132 0.7933
vn -0.8906 0.0603 0.4507
vn -0.9821 0.1730 -0.0739
vn -0.7663 0.0768 -0.6379
vn -0.0069 0.6876 0.7260
vn 0.0000 0.6808 0.7324
vn 0.0000 0.3435 0.9391
vn -0.0928 0.3480 0.9329
vn -0.0854 0.4099 0.9081
vn -0.0927 0.3565 0.9297
vn -0.1968 0.1522 -0.9685
vn 0.1191 -0.1790 -0.9766
vn -0.3243 -0.1128 -0.9392
vn 0.1100 0.0264 0.9936
vn 0.5734 -0.0606 0.8170
vn 0.9803 -0.1968 0.0108
vn 0.9032 -0.2344 -0.3595
vn -0.4075 0.1073 0.9069
vn 0.9064 -0.1497 0.3949
vn 0.5211 -0.2305 -0.8218
vn -0.9910 0.0838 -0.1040
vn -0.8233 0.1366 0.5510
vn -0.7751 -0.0097 -0.6317
vn -0.3172 -0.2639 -0.9109
vn 0.1371 -0.3616 -0.9222
vn 0.1559 -0.3816 -0.9111
vn -0.3218 -0.2774 -0.9052
vn 0.5159 0.0391 0.8558
vn 0.0902 0.2280 0.9695
vn 0.0834 0.4591 0.8845
vn 0.5371 0.2611 0.8021
vn 0.8763 -0.4070 -0.2578
vn 0.9339 -0.3425 0.1020
vn 0.9742 -0.2000 0.1045
vn 0.9191 -0.3151 -0.2363
vn -0.3942 0.3179 0.8623
vn -0.4097 0.5126 0.7545
vn 0.8427 -0.1996 0.5000
vn 0.8862 -0.0257 0.4626
vn 0.5240 -0.4327 -0.7336
vn 0.5646 -0.4062 -0.7184
vn -0.8155 0.2552 0.5193
vn -0.9928 0.0632 -0.1018
vn -0.9736 0.1666 -0.1557
vn -0.8270 0.4005 0.3944
vn -0.7889 -0.1043 -0.6055
vn -0.7878 -0.0732 -0.6116
vn -0.3135 -0.1690 -0.9344
vn 0.1787 -0.2731 -0.9452
vn 0.1419 -0.2459 -0.9589
vn -0.3764 -0.1574 -0.9130
vn 0.5213 0.3588 0.7742
vn 0.0664 0.5102 0.8574
vn 0.0457 0.2381 0.9702
vn 0.4589 0.1450 0.8765
vn 0.9610 -0.1604 -0.2251
vn 0.9921 -0.0504 0.1144
vn 0.9804 -0.1059 0.1658
vn 0.9614 -0.1856 -0.2028
vn -0.4232 0.5587 0.7132
vn -0.4272 0.2764 0.8608
vn 0.8854 0.1204 0.4489
vn 0.8460 -0.0049 0.5332
vn 0.6224 -0.2729 -0.7336
vn 0.6152 -0.2560 -0.7456
vn -0.8282 0.4588 0.3217
vn -0.9480 0.2539 -0.1921
vn -0.9912 0.0776 -0.1069
vn -0.8558 0.2003 0.4769
vn -0.7819 0.0412 -0.6221
vn -0.8025 -0.0301 -0.5959
vn -0.3781 -0.1631 -0.9113
vn 0.1097 -0.2036 -0.9729
vn 0.4388 -0.0943 0.8936
vn 0.0756 -0.0636 0.9951
vn 0.9498 -0.2312 -0.2106
vn 0.9642 -0.1942 0.1805
vn -0.3261 -0.0638 0.9432
vn 0.8260 -0.1492 0.5434
vn 0.6006 -0.2474 -0.7602
vn -0.8019 -0.0931 0.5901
vn -0.9928 -0.1123 -0.0409
vn -0.8067 -0.1125 -0.5802
vn -0.9786 0.1906 -0.0778
vn -0.7880 0.0385 -0.6144
vn 0.1404 -0.2028 -0.9691
vn 0.5505 -0.2622 -0.7925
vn 0.8923 -0.0922 0.4418
vn 0.5493 0.0803 0.8317
vn -0.3705 0.3065 0.8768
vn -0.7862 0.3104 0.5343
vn -0.3196 -0.1058 -0.9416
vn 0.9159 -0.2511 -0.3131
vn 0.9782 -0.2004 0.0537
vn 0.1094 0.2086 0.9719
vn -0.9109 0.3933 0.1245
vn -0.7513 0.6234 -0.2165
vn -0.6864 0.6836 -0.2483
vn -0.8787 0.4042 -0.2538
vn -0.1595 0.2662 -0.9506
vn -0.0856 0.6517 -0.7536
vn 0.4010 0.7076 -0.5817
vn 0.5228 0.3984 -0.7536
vn 0.9555 0.1610 -0.2469
vn 0.9125 0.3350 0.2346
vn 0.0437 0.3785 0.9245
vn -0.4574 0.3131 0.8323
vn 0.1205 -0.9658 0.2293
vn 0.6894 -0.7243 -0.0046
vn 0.7317 -0.6295 0.2612
vn 0.3511 -0.6463 0.6775
vn -0.4959 0.6643 -0.5592
vn -0.3955 0.7762 -0.4910
vn -0.0996 -0.8271 -0.5531
vn 0.4285 -0.7636 -0.4829
vn 0.6654 -0.7389 -0.1064
vn 0.0387 -0.9929 0.1121
vn 0.5322 0.6192 -0.5774
vn 0.8239 0.3802 -0.4202
vn -0.9577 0.2700 0.0997
vn -0.8702 0.3619 -0.3344
vn -0.9792 0.1601 0.1241
vn -0.5117 0.4176 -0.7508
vn 0.6769 -0.6448 0.3550
vn 0.1878 -0.8125 0.5519
vn 0.5152 0.3530 -0.7810
vn 0.8610 0.2555 -0.4397
vn -0.9611 0.0939 0.2597
vn 0.7519 -0.6029 0.2665
vn 0.1911 -0.8052 0.5614
vn 0.8585 0.1398 -0.4934
vn 0.9938 0.0317 -0.1067
vn 0.9483 -0.0097 -0.3173
vn -0.5564 -0.7221 0.4110
vn -0.9224 -0.0945 0.3746
vn -0.9242 -0.0087 0.3817
vn -0.4139 -0.5596 0.7180
vn 0.9406 0.0390 -0.3373
vn -0.8657 0.0202 0.5000
vn -0.3345 -0.6451 0.6870
vn -0.9590 0.0349 0.2810
vn -0.5914 -0.7462 0.3056
vn 0.5525 -0.0389 -0.8326
vn 0.0167 -0.6658 0.7459
vn 0.0433 0.0410 0.9982
vn -0.4688 0.0011 0.8833
vn -0.3890 -0.6292 0.6729
vn 0.9712 -0.0652 -0.2292
vn 0.9489 -0.0048 0.3155
vn -0.1947 -0.1283 -0.9724
vn -0.9789 0.0330 -0.2018
vn -0.6554 -0.7321 -0.1856
vn -0.3918 -0.8153 -0.4263
vn -0.6704 -0.0822 -0.7374
vn 0.4287 0.0284 0.9030
vn 0.1943 -0.8121 0.5502
vn 0.1848 -0.7982 0.5734
vn -0.0486 0.4256 -0.9036
vn 0.0407 -0.9928 0.1122
vn -0.0436 0.7862 -0.6164
vn -0.0198 -0.9632 0.2679
vn 0.4043 0.4153 0.8148
vn -0.6560 0.2412 -0.7151
vn -0.5014 -0.7481 0.4346
vn 0.0257 -0.9688 0.2463
vn 0.0790 -0.9756 0.2050
vn 0.9327 -0.0697 -0.3537
vn 0.6719 -0.7330 -0.1061
vn -0.8786 -0.1014 0.4666
vn -0.8933 0.1232 0.4322
vn 0.9120 0.1039 -0.3966
vn 0.0303 0.7952 0.6056
vn 0.0844 0.8026 0.5905
vn 0.1493 0.3621 0.9201
vn 0.0963 0.3626 0.9269
vn -0.7708 0.1355 -0.6225
vn -0.7329 0.2947 -0.6131
vn -0.2251 0.3706 -0.9011
vn -0.1384 0.3574 -0.9236
vn -0.0679 0.8333 -0.5486
vn -0.1371 0.8256 -0.5473
vn -0.8114 0.4198 -0.4067
vn 0.0848 0.4819 -0.8721
vn 0.0000 0.4620 -0.8869
vn -0.0752 -0.1068 0.9914
vn -0.0826 -0.4151 0.9060
vn 0.0570 -0.4066 0.9118
vn 0.0692 -0.0702 0.9951
vn 0.0886 -0.9916 -0.0938
vn -0.0046 -0.9961 -0.0876
vn 0.0099 0.9987 0.0496
vn -0.0399 0.9977 0.0552
vn -0.1926 -0.6435 -0.7407
vn -0.0673 -0.6070 -0.7918
vn -0.1469 0.0271 -0.9888
vn -0.2571 -0.0027 -0.9664
vn -0.0703 0.3328 0.9404
vn 0.0631 0.3368 0.9394
vn -0.0668 -0.9937 -0.0894
vn -0.0730 -0.8942 -0.4417
vn 0.0132 -0.8997 -0.4362
vn 0.0367 -0.9968 -0.0704
vn -0.0664 0.7876 0.6126
vn 0.0366 0.7801 0.6246
vn -0.0757 -0.7906 0.6075
vn 0.0583 -0.8002 0.5968
vn -0.0752 -0.5487 -0.8326
vn -0.0590 0.0532 -0.9968
vn -0.0530 0.0509 -0.9973
vn -0.0192 -0.5707 -0.8209
vn -0.0843 0.8377 -0.5395
vn -0.0707 0.9955 0.0626
vn -0.0053 0.9965 0.0834
vn -0.0456 0.8383 -0.5433
vn -0.0669 0.3507 -0.9341
vn -0.0764 0.5409 -0.8376
vn -0.0565 0.5255 -0.8489
vn -0.0573 0.3607 -0.9309
vn -0.0043 0.8276 -0.5612
vn 0.0582 0.9967 0.0555
vn 0.2369 -0.7986 0.5533
vn 0.1699 -0.9810 -0.0936
vn 0.0779 0.9537 0.2904
vn 0.0064 0.9508 0.3098
vn 0.1270 -0.8974 -0.4225
vn 0.2467 -0.4078 0.8791
vn -0.4286 -0.6836 -0.5907
vn -0.1813 -0.9833 -0.0164
vn -0.0360 -0.9988 -0.0318
vn -0.2461 -0.7310 -0.6364
vn -0.5114 -0.0687 -0.8566
vn -0.3720 -0.1139 -0.9212
vn -0.3075 0.9496 0.0598
vn -0.4007 0.8122 -0.4239
vn -0.5431 0.7386 -0.3993
vn -0.4397 0.8967 0.0497
vn 0.1423 -0.3448 0.9278
vn 0.0765 0.1897 0.9789
vn 0.1731 0.2730 0.9463
vn 0.2430 -0.2825 0.9279
vn 0.0323 -0.8326 0.5529
vn 0.1537 -0.8195 0.5520
vn -0.4826 0.1767 -0.8578
vn -0.4530 0.3185 -0.8326
vn -0.0412 0.6042 0.7957
vn -0.1507 0.8497 0.5051
vn -0.2327 0.8576 0.4587
vn -0.0635 0.7659 0.6398
vn -0.1688 -0.7065 0.6872
vn 0.0412 -0.3368 0.9407
vn -0.0567 0.5786 0.8136
vn -0.1190 0.8520 0.5098
vn -0.5309 0.2248 -0.8171
vn -0.6482 0.0128 -0.7614
vn -0.5601 -0.8185 0.1278
vn 0.0272 0.1418 0.9895
vn -0.1941 0.9791 0.0606
vn -0.3016 0.8355 -0.4592
vn -0.7693 -0.3817 -0.5123
vn -0.0591 0.9496 0.3079
vn -0.0480 0.6931 0.7192
vn 0.0694 0.8174 0.5718
vn 0.0135 0.8081 0.5888
vn -0.4272 0.4833 -0.7642
vn -0.4660 0.4443 -0.7652
vn -0.5255 0.4520 -0.7207
vn -0.0363 0.5214 -0.8525
vn -0.4616 0.5416 -0.7026
vn -0.2902 -0.0580 -0.9552
vn -0.2947 0.3793 -0.8771
vn -0.2462 -0.0173 -0.9691
vn -0.2237 0.3860 -0.8949
vn -0.3139 0.9491 0.0242
vn -0.1084 0.9936 0.0316
vn 0.0688 0.7918 0.6068
vn -0.0447 0.9972 0.0593
vn 0.0623 0.7848 0.6165
vn -0.0072 -0.9994 -0.0334
vn -0.1928 -0.7143 -0.6727
vn -0.0070 -0.9982 -0.0588
vn -0.1832 -0.6682 -0.7210
vn -0.4602 0.7230 -0.5153
vn -0.2465 0.7955 -0.5535
vn -0.1548 0.8210 -0.5495
vn 0.2011 0.3255 0.9239
vn 0.2421 -0.2007 0.9492
vn 0.1431 0.3489 0.9261
vn 0.1877 -0.1476 0.9710
vn 0.1615 -0.7877 0.5945
vn 0.1409 -0.7736 0.6178
vn 0.0026 -0.0847 -0.9964
vn -0.0188 0.3732 -0.9275
vn -0.0376 0.3505 -0.9358
vn -0.0230 -0.0236 -0.9995
vn -0.0815 0.9966 -0.0116
vn -0.0798 0.9623 0.2600
vn -0.0895 0.9589 0.2691
vn -0.0903 0.9959 -0.0064
vn -0.0515 0.7207 -0.6913
vn -0.0627 0.6596 -0.7490
vn -0.0721 0.9084 -0.4119
vn -0.0820 0.8930 -0.4425
vn -0.0160 -0.6612 -0.7500
vn -0.0459 -0.5806 -0.8129
vn -0.0557 -0.9301 0.3630
vn -0.0617 -0.9981 -0.0045
vn -0.0799 -0.9960 -0.0393
vn -0.0775 -0.8781 0.4722
vn -0.0618 0.8079 0.5860
vn -0.0273 0.3482 0.9370
vn -0.0574 0.3360 0.9401
vn -0.0801 0.7850 0.6142
vn -0.0453 -0.9603 -0.2753
vn -0.0675 -0.9251 -0.3737
vn -0.0152 -0.3131 0.9496
vn -0.0529 -0.2022 0.9779
vn -0.0305 -0.7544 0.6557
vn -0.0572 -0.5871 0.8074
vn -0.0621 0.3428 -0.9373
vn -0.0542 0.0324 -0.9980
vn -0.0793 0.9544 0.2879
vn -0.0848 0.9961 0.0237
vn -0.0763 0.5869 -0.8060
vn -0.0884 0.8596 -0.5032
vn -0.0753 -0.5415 -0.8373
vn -0.0831 -0.9933 -0.0806
vn -0.0878 -0.8133 0.5751
vn -0.0787 0.3340 0.9393
vn -0.0820 0.7823 0.6175
vn -0.0815 -0.8972 -0.4341
vn -0.0782 -0.1447 0.9864
vn -0.0829 -0.4628 0.8826
vn -0.9572 0.1279 -0.2596
vn -0.9640 0.1870 0.1888
vn -0.3558 0.6032 -0.7138
vn 0.0000 0.8281 0.5606
vn -0.0634 0.7575 0.6497
vn -0.2405 0.6162 -0.7500
vn -0.0880 0.5515 -0.8295
vn -0.1134 -0.2432 0.9633
vn -0.0941 -0.2261 0.9695
vn 0.0096 0.0681 -0.9976
vn -0.0476 0.1471 -0.9879
vn -0.0975 -0.0129 0.9951
vn -0.1689 -0.3638 -0.9160
vn -0.1483 -0.4178 -0.8963
vn 0.7570 -0.3049 0.5778
vn 0.7824 -0.1202 0.6110
vn -0.1919 -0.0954 -0.9767
vn -0.1769 -0.2163 -0.9601
vn 0.7326 0.0634 0.6777
vn 0.5387 0.3583 0.7625
vn -0.1075 -0.4618 -0.8804
vn -0.0360 -0.6388 -0.7685
vn 0.0917 -0.9850 -0.1464
vn 0.1826 -0.9040 0.3865
vn 0.0126 -0.7750 -0.6317
vn -0.1175 0.1826 0.9761
vn -0.1048 -0.2786 0.9546
vn -0.1043 -0.5059 0.8562
vn -0.2940 0.7318 -0.6147
vn -0.5502 0.6246 -0.5542
vn 0.2202 0.6275 0.7468
vn -0.0333 -0.0971 -0.9947
vn -0.1541 0.0727 -0.9854
vn 0.0171 -0.0974 -0.9951
vn 0.0000 0.1853 -0.9827
vn 0.0000 0.1078 -0.9941
vn 0.0000 -0.2394 0.9709
vn 0.0000 0.2712 -0.9625
vn -0.8685 -0.4906 0.0707
vn -0.1174 -0.3000 -0.9467
vn 0.4584 0.3156 -0.8308
vn 0.2601 0.4601 -0.8489
vn 0.1498 0.4362 -0.8873
vn -0.0967 0.6583 -0.7465
vn 0.1173 -0.1340 -0.9840
vn 0.3040 -0.0131 -0.9526
vn 0.4268 0.1989 -0.8822
vn -0.9619 -0.1344 0.2381
vn -0.9501 0.2922 0.1090
vn -0.9028 0.3572 -0.2394
vn -0.9800 0.0327 -0.1961
vn -0.7699 -0.6234 0.1363
vn -0.8173 -0.5024 -0.2819
vn -0.4480 -0.7768 -0.4427
vn -0.4425 -0.8828 -0.1575
vn -0.2930 0.7588 -0.5817
vn -0.3464 0.6319 -0.6933
vn -0.5553 0.5750 -0.6008
vn -0.5407 0.7090 -0.4527
vn -0.7169 -0.2262 -0.6594
vn -0.4900 -0.4370 -0.7542
vn -0.7681 0.5647 -0.3019
vn -0.6827 0.4738 -0.5563
vn -0.7603 0.3157 -0.5676
vn -0.7977 0.5882 -0.1327
vn -0.5563 0.7522 -0.3531
vn -0.7280 -0.1822 -0.6608
vn -0.7028 -0.1648 -0.6920
vn -0.5286 -0.3111 -0.7898
vn -0.5267 -0.3218 -0.7867
vn -0.6935 -0.1397 -0.7068
vn -0.5072 -0.2848 -0.8134
vn -0.8046 0.1062 -0.5842
vn -0.6746 0.3937 -0.6244
vn -0.7408 0.2698 -0.6151
vn -0.3644 0.5155 -0.7755
vn -0.5662 0.4699 -0.6772
vn -0.4536 0.1145 -0.8838
vn -0.8060 0.0808 -0.5863
vn -0.7792 0.0779 -0.6219
vn -0.7026 0.4139 -0.5788
vn -0.7830 0.2790 -0.5558
vn -0.3561 0.5483 -0.7566
vn -0.5871 0.5094 -0.6291
vn -0.8244 0.0681 -0.5618
vn -0.3875 0.5195 -0.7616
vn -0.6107 0.4511 -0.6507
vn -0.7021 0.3750 -0.6053
vn -0.7671 0.2579 -0.5875
vn 0.5989 0.0597 -0.7985
vn 0.4041 0.1061 -0.9085
vn 0.3416 0.3253 -0.8817
vn 0.5591 0.3168 -0.7662
vn 0.4107 -0.4978 -0.7638
vn 0.1182 -0.7475 -0.6536
vn -0.0124 -0.6756 -0.7371
vn 0.2414 -0.4134 -0.8779
vn -0.0582 0.7055 -0.7063
vn -0.1726 0.5674 -0.8051
vn -0.2548 -0.4067 -0.8773
vn -0.0644 -0.2178 -0.9738
vn 0.2239 0.5259 -0.8206
vn 0.0190 0.3044 -0.9524
vn -0.0659 0.4663 -0.8821
vn 0.5559 -0.2333 -0.7978
vn 0.3367 0.5367 -0.7736
vn 0.0040 0.7409 -0.6716
vn -0.1271 -0.1552 -0.9796
vn -0.3026 -0.3023 -0.9039
vn -0.3522 -0.2650 -0.8976
vn -0.1671 -0.1189 -0.9787
vn 0.3604 -0.1361 -0.9228
vn -0.3457 -0.2597 -0.9016
vn -0.1932 -0.1286 -0.9727
vn 0.0266 0.0043 -0.9996
vn -0.0844 0.2978 -0.9509
vn -0.1516 0.4149 -0.8972
vn -0.2174 0.4837 -0.8478
vn -0.0411 0.0426 -0.9982
vn -0.0876 0.0309 -0.9957
vn -0.0068 0.3233 -0.9462
vn -0.0832 0.4375 -0.8954
vn -0.1631 0.5316 -0.8311
vn 0.0002 0.0109 -0.9999
vn 0.0039 0.1719 -0.9851
vn -0.0165 0.1734 -0.9847
vn -0.1772 0.4671 -0.8662
vn -0.0933 0.3937 -0.9145
vn -0.0443 0.2977 -0.9536
vn -0.2730 0.7946 -0.5423
vn -0.0643 0.1715 -0.9831
vn 0.0641 0.1686 -0.9836
vn -0.2195 -0.7820 -0.5834
vn -0.1722 -0.8703 -0.4614
vn -0.3740 -0.4845 -0.7908
vn -0.4216 -0.3174 -0.8494
vn -0.4425 -0.3083 -0.8421
vn -0.4098 -0.3344 -0.8486
vn -0.7250 0.3442 0.5965
vn -0.2282 0.4217 0.8775
vn -0.3077 0.1176 0.9442
vn -0.7448 0.1234 0.6558
vn -0.3626 -0.0099 -0.9319
vn -0.4271 -0.1549 -0.8908
vn -0.9886 -0.1331 -0.0707
vn -0.9848 -0.0040 -0.1734
vn -0.9573 0.0739 0.2794
vn -0.9582 -0.0226 0.2851
vn -0.7261 0.0735 -0.6836
vn -0.7968 -0.0746 -0.5996
vn -0.7722 -0.0189 0.6351
vn -0.3934 -0.1089 0.9129
vn -0.5749 -0.4171 -0.7039
vn -0.8684 -0.2661 -0.4184
vn 0.0782 0.4618 0.8835
vn -0.0228 0.8971 0.4413
vn -0.0446 0.8848 0.4638
vn 0.1014 0.4308 0.8967
vn -0.3412 0.9080 0.2430
vn -0.1198 0.8307 -0.5437
vn -0.3110 0.8001 -0.5129
vn -0.4490 0.8578 0.2502
vn 0.5189 0.3229 -0.7914
vn 0.2194 0.8144 -0.5371
vn 0.2344 0.7813 -0.5785
vn 0.3901 0.4124 -0.8232
vn 0.0492 -0.9965 0.0673
vn 0.3371 -0.9098 -0.2418
vn 0.2417 -0.8093 -0.5354
vn 0.0707 -0.9914 -0.1098
vn 0.1227 0.9634 0.2382
vn 0.1888 0.8657 0.4635
vn 0.1488 0.8408 0.5204
vn 0.0866 0.9662 0.2429
vn 0.1443 0.9432 -0.2993
vn 0.1004 0.9948 -0.0125
vn 0.0699 0.9973 -0.0207
vn 0.1113 0.9315 -0.3462
vn 0.0221 -0.9997 0.0056
vn -0.0469 -0.9987 0.0168
vn 0.0444 -0.9989 0.0106
vn 0.0952 -0.9755 0.1984
vn 0.1158 -0.9484 -0.2951
vn 0.1273 -0.9473 0.2939
vn 0.0570 -0.9637 0.2607
vn 0.0405 -0.9752 -0.2176
vn -0.0114 -0.9827 -0.1846
vn 0.0106 -0.9997 -0.0232
vn -0.1017 -0.9948 0.0022
vn -0.0868 -0.9858 -0.1439
vn -0.1127 0.9714 -0.2088
vn -0.1110 0.9931 0.0362
vn 0.0263 0.9995 0.0195
vn -0.0128 0.9713 -0.2377
vn -0.0692 0.9709 0.2294
vn 0.0673 0.9037 0.4227
vn 0.0296 0.9724 0.2314
vn -0.0369 -0.9841 0.1734
vn -0.1440 -0.9702 -0.1949
vn -0.1594 -0.9800 0.1191
vn -0.0506 -0.9775 0.2046
vn -0.0456 0.1950 -0.9797
vn -0.0785 0.7590 -0.6463
vn -0.2035 0.8805 -0.4281
vn -0.7300 0.3656 -0.5773
vn 0.3075 0.4130 0.8572
vn 0.1493 0.4943 0.8563
vn 0.2718 0.4021 0.8743
vn 0.6552 -0.3071 -0.6902
vn 0.4072 -0.8552 -0.3206
vn 0.0916 -0.8181 -0.5677
vn -0.0215 -0.3284 -0.9443
vn 0.1522 0.2683 -0.9512
vn -0.0547 0.8213 -0.5679
vn -0.3132 -0.9488 0.0399
vn -0.1553 -0.9063 -0.3930
vn -0.3524 0.8953 0.2724
vn -0.3366 0.9222 -0.1902
vn -0.3549 0.9346 0.0223
vn -0.3590 -0.9329 -0.0294
vn -0.3504 -0.9354 -0.0474
vn 0.0418 -0.9551 0.2933
vn 0.0507 -0.9559 0.2892
vn 0.0233 -0.9394 0.3419
vn 0.1693 -0.9008 0.3998
vn 0.1217 0.3099 0.9429
vn -0.2006 0.9004 0.3858
vn -0.4394 0.7672 0.4671
vn -0.0935 0.1019 0.9904
vn 0.2018 -0.8621 0.4648
vn 0.1512 -0.9568 -0.2483
vn 0.1199 -0.8989 0.4214
vn 0.0420 -0.9213 0.3865
vn 0.0360 -0.9740 -0.2237
vn -0.9541 0.2014 -0.2214
vn -0.6930 0.7015 -0.1659
vn -0.1586 0.7602 -0.6301
vn -0.0407 0.2778 -0.9598
vn -0.8469 0.2358 0.4765
vn -0.6144 0.7663 0.1877
vn -0.2592 -0.9432 0.2078
vn -0.3999 -0.9108 -0.1025
vn 0.0786 0.8709 -0.4851
vn -0.5393 0.1301 0.8320
vn -0.9453 0.1998 0.2576
vn 0.2230 -0.9475 -0.2290
vn 0.0468 -0.9128 0.4057
vn -0.0357 -0.9403 0.3383
vn 0.1094 -0.9700 -0.2171
vn 0.2716 -0.5753 -0.7715
vn -0.0049 -0.7036 -0.7106
vn -0.3734 0.2956 0.8793
vn -0.4261 0.0922 0.9000
vn -0.5325 0.7823 0.3231
vn -0.9246 -0.0864 0.3711
vn -0.1837 0.9303 0.3175
vn -0.1446 0.8474 -0.5108
vn -0.6268 0.6431 -0.4400
vn -0.1084 0.2843 0.9526
vn 0.0678 -0.5133 -0.8555
vn -0.2468 -0.6727 -0.6975
vn -0.3432 0.0723 0.9365
vn -0.4797 0.7700 0.4207
vn -0.8905 -0.0311 0.4540
vn 0.0117 -0.5613 -0.8275
vn -0.2075 -0.6985 -0.6849
vn -0.0858 0.2913 0.9527
vn -0.2003 0.9134 0.3544
vn -0.2309 0.9031 -0.3621
vn -0.5763 0.7420 -0.3425
vn -0.7569 -0.0716 0.6495
vn -0.3930 0.8756 -0.2807
vn -0.6709 0.6948 -0.2591
vn -0.2109 -0.4160 -0.8845
vn 0.0130 -0.8991 -0.4375
vn -0.0147 -0.9291 -0.3695
vn -0.3134 -0.6031 -0.7335
vn 0.2259 -0.9250 0.3056
vn 0.1953 -0.9399 0.2800
vn -0.5355 0.8036 0.2597
vn 0.0977 0.8631 -0.4955
vn 0.1262 0.8325 -0.5394
vn -0.5311 0.8018 0.2739
vn 0.3787 -0.8614 -0.3385
vn -0.1660 -0.9441 0.2849
vn -0.1906 -0.9430 0.2728
vn 0.3519 -0.8744 -0.3338
vn -0.6754 0.2689 0.6866
vn -0.6874 0.2580 0.6789
vn 0.6452 -0.3340 -0.6871
vn 0.6110 -0.3459 -0.7121
vn -0.5232 0.8118 0.2593
vn 0.0682 0.8447 -0.5308
vn 0.3414 -0.8719 -0.3509
vn -0.1814 -0.9559 0.2308
vn -0.7020 0.2564 0.6644
vn 0.5777 -0.3456 -0.7394
vn 0.4767 -0.3963 -0.7846
vn 0.3148 -0.9021 -0.2949
vn 0.3395 -0.8796 -0.3332
vn 0.5379 -0.3569 -0.7637
vn -0.8598 0.2886 0.4211
vn -0.5370 0.8389 -0.0888
vn -0.5610 0.8098 0.1716
vn -0.7379 0.2752 0.6162
vn -0.3192 -0.9059 0.2781
vn -0.1912 -0.9437 0.2699
vn 0.0506 0.8206 -0.5692
vn 0.0019 0.8641 -0.5033
vn -0.7966 -0.2624 0.5445
vn -0.6689 -0.3149 0.6733
vn 0.3865 0.2886 -0.8759
vn 0.4531 0.2823 -0.8455
vn 0.4939 0.2425 -0.8350
vn 0.5656 0.2730 -0.7781
vn -0.6271 -0.3956 0.6710
vn -0.7695 -0.3840 0.5104
vn 0.5972 0.2416 -0.7648
vn 0.5558 0.2266 -0.7998
vn -0.5894 -0.3592 0.7236
vn -0.6089 -0.3755 0.6987
vn -0.4254 0.3274 -0.8437
vn -0.5388 0.1088 -0.8354
vn -0.3478 -0.8177 0.4586
vn -0.5716 -0.7902 -0.2210
vn 0.0963 -0.6843 0.7228
vn 0.0781 -0.5520 0.8302
vn -0.1437 -0.7249 0.6737
vn -0.1685 0.2887 -0.9425
vn -0.4248 0.0452 -0.9042
vn -0.5198 -0.7851 0.3365
vn -0.0695 0.2152 -0.9741
vn -0.4667 -0.0472 -0.8831
vn 0.0352 -0.4831 0.8748
vn -0.2107 -0.6742 0.7078
vn -0.5786 -0.7532 0.3130
vn -0.1588 -0.4836 0.8608
vn -0.3231 -0.6130 0.7210
vn 0.1197 0.1634 -0.9792
vn -0.1145 -0.0557 -0.9919
vn -0.6258 -0.7312 0.2716
vn -0.9123 -0.3554 -0.2033
vn 0.3142 -0.4642 0.8281
vn 0.1432 -0.3476 0.9266
vn 0.1353 -0.3516 0.9263
vn 0.0546 -0.3650 -0.9294
vn -0.1035 -0.3632 -0.9259
vn 0.2914 -0.3740 0.8804
vn 0.3012 -0.3364 0.8922
vn -0.8412 -0.4849 -0.2389
vn 0.5888 -0.3407 -0.7329
vn 0.4224 -0.1845 -0.8874
vn 0.1779 -0.3666 0.9132
vn 0.1307 0.4185 0.8987
vn 0.1727 -0.3641 0.9152
vn -0.0558 -0.9446 0.3235
vn -0.8244 0.4062 0.3941
vn -0.8797 -0.3864 0.2771
vn -0.7759 -0.3682 -0.5123
vn -0.7987 0.4160 -0.4346
vn -0.3618 0.9253 0.1134
vn -0.4074 -0.8769 -0.2548
vn -0.0395 0.8869 0.4602
vn -0.8658 0.4683 -0.1763
vn -0.8098 -0.4780 -0.3402
vn -0.3944 -0.4955 -0.7739
vn -0.4465 0.3858 -0.8073
vn -0.4098 0.9075 -0.0919
vn -0.4078 0.3756 0.8322
vn -0.4155 -0.4432 0.7943
vn -0.3851 -0.8704 0.3064
vn -0.3377 0.8668 0.3669
vn -0.3322 -0.9375 -0.1034
vn -0.5196 0.3817 0.7644
vn -0.6899 -0.5171 0.5065
vn -0.3890 -0.8949 0.2187
vn -0.8525 0.4807 -0.2053
vn -0.8317 -0.5343 -0.1505
vn -0.3462 -0.5246 -0.7778
vn -0.3402 0.3612 -0.8682
vn -0.3147 0.8830 -0.3481
vn -0.2888 -0.9459 -0.1476
vn -0.3815 0.9120 0.1507
vn 0.0811 -0.4711 -0.8784
vn 0.1711 0.2749 -0.9461
vn -0.0555 0.8536 -0.5179
vn -0.6636 0.3603 0.6556
vn -0.6038 -0.4816 0.6352
vn -0.4172 -0.8813 0.2217
vn -0.4351 0.8901 0.1357
vn -0.1757 -0.9750 -0.1362
vn 0.2816 0.2173 -0.9346
vn 0.2751 -0.5618 -0.7801
vn 0.2311 -0.5639 -0.7928
vn 0.2121 0.2035 -0.9558
vn 0.0921 0.8436 -0.5289
vn 0.0363 0.8228 -0.5671
vn -0.2212 -0.4557 0.8622
vn -0.2931 0.3421 0.8928
vn -0.3447 0.3477 0.8719
vn -0.2490 -0.4634 0.8504
vn -0.0323 -0.9528 0.3018
vn -0.0302 -0.9611 0.2744
vn -0.1838 0.9318 0.3128
vn -0.2373 0.9365 0.2583
vn 0.1248 -0.9636 -0.2362
vn 0.1245 -0.9568 -0.2625
vn 0.0327 -0.5249 0.8505
vn -0.0617 0.3713 0.9264
vn -0.1134 0.3668 0.9233
vn -0.0001 -0.5778 0.8161
vn 0.0647 -0.9557 0.2871
vn 0.0535 -0.9662 0.2519
vn 0.0052 0.3021 -0.9532
vn 0.0696 -0.5068 -0.8592
vn 0.0211 -0.5128 -0.8582
vn -0.0637 0.2954 -0.9532
vn -0.0737 0.8843 -0.4610
vn -0.1353 0.8810 -0.4533
vn 0.0699 -0.9686 -0.2385
vn 0.0621 -0.9714 -0.2292
vn -0.1079 0.9317 0.3467
vn -0.1499 0.9293 0.3374
vn -0.1225 0.3413 -0.9319
vn -0.0263 -0.4912 -0.8706
vn -0.0782 -0.5037 -0.8603
vn -0.1986 0.3471 -0.9165
vn -0.1724 0.9194 -0.3534
vn -0.2194 0.9148 -0.3392
vn 0.0430 -0.4671 0.8831
vn -0.0340 0.3883 0.9209
vn -0.0978 0.3816 0.9191
vn -0.0066 -0.4722 0.8815
vn 0.0660 -0.9492 0.3075
vn 0.0393 -0.9479 0.3160
vn -0.1225 0.9208 0.3703
vn -0.1784 0.9160 0.3593
vn 0.0374 -0.9443 -0.3270
vn 0.0122 -0.9499 -0.3122
vn 0.1940 -0.3509 0.9161
vn 0.1825 0.4214 0.8883
vn 0.1422 0.4180 0.8972
vn 0.1816 -0.3470 0.9201
vn -0.0263 -0.9397 0.3410
vn -0.0107 -0.9354 0.3534
vn -0.4320 0.3630 -0.8256
vn -0.4160 -0.3319 -0.8466
vn -0.3966 -0.3346 -0.8548
vn -0.4488 0.3777 -0.8098
vn -0.2503 0.9300 -0.2690
vn -0.2903 0.9208 -0.2604
vn -0.2991 -0.8235 -0.4821
vn -0.2803 -0.8336 -0.4760
vn 0.0018 0.9255 0.3786
vn -0.0656 0.9196 0.3873
vn 0.2677 -0.3813 0.8848
vn 0.2055 0.3918 0.8968
vn 0.1330 0.3964 0.9084
vn 0.2623 -0.3750 0.8891
vn 0.1282 -0.9283 0.3489
vn 0.1618 -0.9218 0.3522
vn -0.3433 0.4106 -0.8447
vn -0.2686 -0.4011 -0.8757
vn -0.2666 -0.3987 -0.8774
vn -0.4227 0.4417 -0.7913
vn -0.2262 0.9413 -0.2505
vn -0.3021 0.9332 -0.1945
vn -0.1209 -0.8877 -0.4442
vn -0.0763 -0.8975 -0.4344
vn -0.0223 0.9335 0.3578
vn -0.1257 0.9131 0.3877
vn -0.1213 0.3813 -0.9164
vn -0.0117 -0.5215 -0.8531
vn -0.0219 -0.5144 -0.8573
vn -0.1771 0.4011 -0.8987
vn -0.1535 0.9349 -0.3198
vn -0.1993 0.9328 -0.3002
vn 0.0568 -0.4833 0.8736
vn -0.0335 0.3985 0.9165
vn -0.0892 0.4098 0.9078
vn 0.0441 -0.4780 0.8773
vn 0.0875 -0.9479 0.3061
vn 0.0961 -0.9481 0.3031
vn -0.1182 0.9468 0.2992
vn -0.1723 0.9433 0.2837
vn 0.0625 -0.9410 -0.3326
vn 0.0760 -0.9380 -0.3381
vn -0.0136 -0.4889 0.8722
vn -0.0825 0.3544 0.9315
vn -0.1336 0.3604 0.9232
vn -0.0136 -0.4653 0.8850
vn 0.0479 -0.9203 0.3882
vn 0.0642 -0.9080 0.4140
vn -0.0514 0.2750 -0.9601
vn 0.0293 -0.5234 -0.8515
vn 0.0216 -0.5115 -0.8590
vn -0.0861 0.2727 -0.9582
vn -0.1132 0.8696 -0.4805
vn -0.1503 0.8639 -0.4806
vn 0.0741 -0.9687 -0.2367
vn 0.0913 -0.9662 -0.2408
vn -0.1274 0.9501 0.2846
vn -0.1623 0.9502 0.2662
vn 0.1942 0.2535 -0.9476
vn 0.2481 -0.5719 -0.7819
vn 0.2327 -0.5565 -0.7976
vn 0.1234 0.2749 -0.9535
vn -0.0010 0.8585 -0.5128
vn -0.0663 0.8485 -0.5250
vn -0.2152 -0.4342 0.8747
vn -0.3115 0.3825 0.8698
vn -0.3706 0.4073 0.8347
vn -0.2281 -0.4172 0.8797
vn -0.0049 -0.9343 0.3564
vn -0.0002 -0.9261 0.3774
vn -0.2031 0.9584 0.2004
vn -0.2721 0.9506 0.1492
vn 0.1644 -0.9504 -0.2639
vn 0.1794 -0.9484 -0.2614
vn -0.3009 0.8980 0.3209
vn -0.0320 0.8556 -0.5167
vn 0.0270 0.8513 -0.5240
vn -0.2419 0.9161 0.3197
vn 0.0061 -0.9876 -0.1569
vn -0.1722 -0.8976 0.4058
vn -0.0981 -0.9290 0.3568
vn 0.0725 -0.9760 -0.2051
vn 0.1646 -0.5253 -0.8348
vn 0.2221 -0.5464 -0.8076
vn -0.3965 0.3381 0.8535
vn -0.3369 0.3395 0.8781
vn -0.3246 -0.4319 0.8415
vn -0.2621 -0.4421 0.8578
vn 0.1605 0.2637 -0.9511
vn 0.2207 0.2422 -0.9448
vn -0.0142 -0.9709 -0.2388
vn -0.0427 -0.9113 0.4095
vn 0.0276 -0.9338 0.3566
vn 0.0424 -0.9665 -0.2532
vn -0.2134 0.9253 0.3136
vn -0.1664 0.8812 -0.4425
vn -0.1178 0.8821 -0.4560
vn -0.1693 0.9291 0.3287
vn -0.1811 0.3696 0.9113
vn -0.1044 0.3724 0.9221
vn -0.0255 -0.4960 -0.8679
vn 0.0357 -0.4946 -0.8684
vn -0.0875 0.3285 -0.9404
vn -0.0340 0.3164 -0.9480
vn -0.1092 -0.3868 0.9157
vn -0.0320 -0.4538 0.8905
vn -0.0632 -0.9582 -0.2790
vn -0.0576 -0.9506 0.3050
vn 0.0300 -0.9529 0.3016
vn 0.0096 -0.9452 -0.3261
vn -0.1320 -0.4685 -0.8736
vn -0.0628 -0.4745 -0.8780
vn -0.1392 0.3962 0.9075
vn -0.2012 0.8922 0.4042
vn -0.1523 0.9077 0.3910
vn -0.0719 0.3980 0.9145
vn -0.2694 0.9202 -0.2840
vn -0.2139 0.9184 -0.3328
vn -0.0782 -0.4747 0.8766
vn 0.0072 -0.4696 0.8828
vn -0.2233 0.3555 -0.9076
vn -0.1584 0.3449 -0.9252
vn 0.1111 0.4199 0.9008
vn -0.0381 0.8953 0.4438
vn -0.0145 0.9115 0.4110
vn 0.1427 0.4220 0.8953
vn -0.3003 0.9371 -0.1777
vn -0.2763 0.9340 -0.2263
vn -0.4689 -0.3128 -0.8260
vn -0.3525 -0.8089 -0.4705
vn -0.3176 -0.8087 -0.4951
vn -0.4297 -0.3182 -0.8450
vn -0.0861 -0.9405 0.3287
vn -0.0538 -0.9429 0.3287
vn -0.4906 0.3780 -0.7851
vn -0.4500 0.3666 -0.8143
vn 0.1276 -0.3454 0.9297
vn 0.1581 -0.3470 0.9244
vn 0.0964 0.3914 0.9151
vn -0.1184 0.9073 0.4034
vn -0.0677 0.9217 0.3818
vn 0.1472 0.3898 0.9090
vn -0.3387 0.9114 -0.2336
vn -0.2901 0.9261 -0.2412
vn -0.3740 -0.3468 -0.8601
vn -0.2459 -0.8422 -0.4797
vn -0.1896 -0.8642 -0.4660
vn -0.3190 -0.3728 -0.8713
vn 0.0088 -0.9359 0.3523
vn 0.0726 -0.9333 0.3515
vn -0.4533 0.3763 -0.8080
vn -0.3944 0.3900 -0.8321
vn 0.1713 -0.3590 0.9175
vn 0.2178 -0.3705 0.9029
vn 0.2603 -0.4160 0.8713
vn 0.0682 0.3395 0.9381
vn 0.1820 -0.9266 0.3289
vn -0.4815 0.3871 -0.7863
vn -0.2606 -0.4219 -0.8683
vn -0.4103 0.8961 -0.1690
vn -0.0367 -0.8988 -0.4367
vn -0.2326 0.8815 0.4108
vn -0.0107 -0.9518 -0.3066
vn 0.0078 -0.9504 0.3108
vn 0.0418 -0.9502 0.3088
vn 0.0264 -0.9473 -0.3193
vn -0.1172 -0.5171 -0.8478
vn -0.0598 -0.5237 -0.8498
vn -0.1592 0.3795 0.9114
vn -0.2372 0.9097 0.3408
vn -0.1813 0.9288 0.3230
vn -0.0974 0.3889 0.9161
vn -0.2824 0.9074 -0.3110
vn -0.2275 0.9218 -0.3139
vn -0.0485 -0.4836 0.8739
vn 0.0070 -0.4859 0.8740
vn -0.2565 0.3564 -0.8984
vn -0.1833 0.3656 -0.9125
vn -0.2170 0.3564 -0.9087
vn -0.0260 -0.5395 -0.8415
vn -0.2606 0.9170 -0.3021
vn 0.0373 -0.5108 0.8589
vn -0.1342 0.3606 0.9230
vn 0.1054 -0.9495 0.2955
vn -0.2334 0.9246 0.3011
vn 0.0887 -0.9419 -0.3240
vn 0.0512 -0.9731 -0.2244
vn 0.0357 -0.9629 0.2674
vn 0.0414 -0.9444 0.3261
vn 0.0631 -0.9713 -0.2294
vn -0.2098 0.9225 0.3239
vn -0.2022 0.8723 -0.4451
vn -0.1588 0.8722 -0.4627
vn -0.1766 0.9350 0.3074
vn -0.1494 0.3649 0.9189
vn -0.1099 0.3591 0.9268
vn -0.0212 -0.5249 -0.8509
vn 0.0063 -0.5280 -0.8492
vn -0.1289 0.2931 -0.9473
vn -0.0897 0.2846 -0.9544
vn -0.0475 -0.5666 0.8226
vn -0.0322 -0.5281 0.8486
vn -0.0114 -0.4922 0.8704
vn -0.1666 0.3250 0.9309
vn 0.0851 -0.9067 0.4130
vn -0.1196 0.2450 -0.9621
vn 0.0195 -0.5282 -0.8489
vn -0.1895 0.8548 -0.4831
vn 0.1063 -0.9650 -0.2398
vn -0.2182 0.9375 0.2710
vn -0.2889 0.9314 0.2213
vn -0.0479 0.8107 -0.5835
vn -0.0276 0.8340 -0.5510
vn -0.2464 0.9452 0.2138
vn 0.1160 -0.9560 -0.2694
vn -0.0395 -0.9597 0.2783
vn -0.0204 -0.9481 0.3172
vn 0.1370 -0.9528 -0.2708
vn 0.1881 -0.5757 -0.7957
vn 0.2188 -0.5760 -0.7876
vn -0.3905 0.3503 0.8513
vn -0.3508 0.3640 0.8628
vn -0.2741 -0.4676 0.8404
vn -0.2415 -0.4530 0.8581
vn 0.1386 0.2036 -0.9692
vn 0.1661 0.2256 -0.9599
vn 0.0674 0.2171 -0.9738
vn 0.2241 -0.5794 -0.7836
vn -0.1409 0.8223 -0.5513
vn -0.2253 -0.4477 0.8653
vn -0.4199 0.3435 0.8400
vn 0.0087 -0.9252 0.3792
vn -0.3515 0.9230 0.1566
vn 0.1925 -0.9487 -0.2506
vn -0.5237 -0.7975 -0.2993
vn -0.8102 0.1202 -0.5736
vn -0.6002 -0.7853 -0.1514
vn -0.9559 -0.1874 -0.2260
vn -0.5814 -0.7833 -0.2197
vn -0.9576 -0.0468 -0.2842
vn -0.9854 -0.0703 -0.1549
vn 0.0038 -0.9776 -0.2103
vn 0.0451 -0.7141 -0.6985
vn 0.0248 -0.8356 0.5488
vn -0.0093 -0.9556 0.2945
vn -0.0304 0.9665 0.2547
vn -0.0081 0.8326 0.5538
vn 0.0041 0.7520 -0.6591
vn -0.0197 0.9124 -0.4089
vn 0.0515 -0.3897 0.9195
vn 0.0453 0.3663 0.9294
vn -0.0142 -0.9998 0.0081
vn 0.0797 -0.0932 -0.9924
vn -0.0325 0.9994 -0.0141
vn 0.0479 0.4059 -0.9126
vn 0.0000 -0.4790 0.8778
vn 0.0000 -0.5077 0.8615
vn 0.0000 -0.2127 0.9771
vn 0.0000 0.0927 0.9957
vn 0.0000 0.4054 0.9141
vn 0.0000 0.6114 0.7913
vn 0.0000 -0.2875 0.9578
vn 0.0000 -0.0135 0.9999
vn 0.0000 -0.2335 0.9724
vn 0.0000 0.1792 0.9838
vn 0.0000 0.7099 0.7043
vn -0.2018 0.1935 -0.9601
vn -0.1464 0.7031 -0.6958
vn -0.1570 -0.9204 -0.3580
vn -0.2276 0.9191 -0.3215
vn -0.5347 -0.3748 -0.7573
vn -0.1183 0.9788 -0.1669
vn -0.7132 0.1887 -0.6751
vn -0.6106 -0.5419 -0.5775
vn -0.1764 -0.9780 -0.1111
vn -0.1764 0.9780 -0.1111
vn -0.3759 -0.9149 -0.1469
vn -0.6765 0.6871 -0.2649
vn -0.6765 -0.6871 -0.2649
vn -0.5701 -0.8145 -0.1071
vn -0.2076 -0.9774 -0.0388
vn -0.5701 0.8145 -0.1072
vn -0.5701 -0.8145 0.1071
vn -0.2076 -0.9774 0.0388
vn -0.1764 0.9780 0.1111
vn -0.7132 -0.1887 0.6751
vn -0.6106 -0.5419 0.5775
vn -0.7132 0.1887 0.6750
vn -0.2275 -0.9191 0.3215
vn -0.1183 -0.9788 0.1669
vn -0.1183 0.9788 0.1668
vn -0.2276 0.9191 0.3215
vn -0.1570 -0.9204 0.3580
vn -0.1464 0.7031 0.6958
vn 0.0816 0.9792 0.1856
vn 0.1183 0.9788 0.1668
vn 0.1183 -0.9789 0.1668
vn 0.2275 -0.9192 0.3215
vn 0.7132 0.1887 0.6751
vn 0.1503 0.9784 0.1417
vn 0.1764 0.9780 0.1110
vn 0.1764 -0.9780 0.1111
vn 0.6765 0.6871 0.2649
vn 0.5701 -0.8145 0.1072
vn 0.2076 -0.9774 0.0389
vn 0.5701 0.8145 -0.1071
vn 0.5701 -0.8145 -0.1072
vn 0.2076 -0.9774 -0.0389
vn 0.3759 0.9149 -0.1470
vn 0.6765 0.6871 -0.2650
vn 0.6765 -0.6871 -0.2650
vn 0.1764 0.9780 -0.1110
vn 0.5347 -0.3747 -0.7573
vn 0.1183 0.9789 -0.1668
vn 0.2275 0.9191 -0.3215
vn 0.1464 0.7031 -0.6959
vn 0.7803 0.1152 -0.6147
vn 0.6738 -0.1779 -0.7171
vn 0.5810 -0.3431 -0.7380
vn 0.6614 0.2445 -0.7090
vn 0.4851 -0.6642 -0.5688
vn 0.4476 -0.8795 -0.1616
vn 0.4183 -0.8615 -0.2876
vn 0.7568 0.3724 -0.5371
vn 0.8508 0.2832 -0.4427
vn 0.8862 0.2831 -0.3668
vn 0.7110 -0.6192 -0.3333
vn 0.6372 -0.7679 -0.0658
vn 0.7552 -0.3436 -0.5582
vn 0.8314 -0.1545 -0.5336
vn 0.8697 0.0128 -0.4935
vn 0.7618 -0.2698 -0.5888
vn 0.9384 0.0325 0.3440
vn 0.9020 0.3021 0.3083
vn 0.8838 0.3021 -0.3572
vn 0.9972 0.0285 -0.0690
vn 0.7493 0.0518 -0.6602
vn 0.8078 0.2777 -0.5199
vn 0.8795 0.3181 -0.3540
vn 0.9127 0.1177 -0.3911
vn 0.7008 -0.4918 -0.5166
vn 0.6712 -0.2057 -0.7121
vn 0.3120 -0.8946 -0.3198
vn 0.1128 -0.9155 -0.3861
vn 0.8494 -0.2762 -0.4496
vn 0.8574 -0.4209 0.2959
vn 0.2191 -0.9744 -0.0504
vn 0.9507 -0.1008 -0.2931
vn 0.6507 -0.3803 -0.6572
vn 0.4727 -0.6987 -0.5370
vn 0.6616 -0.1197 -0.7402
vn 0.1120 -0.1459 -0.9829
vn -0.2686 0.1955 -0.9432
vn 0.3814 0.3350 -0.8615
vn 0.3119 -0.0230 -0.9498
vn -0.2040 -0.1784 -0.9626
vn 0.7077 0.3484 -0.6146
vn 0.6256 -0.7115 -0.3198
vn 0.5055 -0.5006 -0.7027
vn -0.5348 -0.7402 -0.4075
vn -0.6948 -0.7182 -0.0378
vn -0.3229 -0.8777 0.3541
vn 0.3754 -0.8704 0.3184
vn 0.0931 -0.7028 -0.7052
vn 0.0153 -0.9848 -0.1730
vn 0.6727 0.6818 -0.2873
vn 0.6892 0.7242 -0.0213
vn 0.8096 0.4974 -0.3116
vn 0.8025 0.5242 -0.2850
vn 0.3754 -0.5644 -0.7352
vn 0.3611 -0.5892 -0.7228
vn 0.3543 0.3704 -0.8586
vn 0.3818 0.0193 -0.9240
vn 0.7610 -0.0351 -0.6478
vn 0.7524 -0.4365 -0.4933
vn 0.6257 -0.5132 -0.5875
vn 0.6431 -0.0086 -0.7657
vn 0.7059 0.1962 -0.6806
vn 0.5940 0.2926 -0.7494
vn 0.6636 -0.4283 -0.6133
vn 0.5725 -0.5035 -0.6471
vn 0.6821 -0.3335 -0.6507
vn 0.6041 -0.3291 -0.7258
vn 0.7049 0.0659 -0.7062
vn 0.7037 -0.1174 -0.7007
vn 0.1336 -0.9752 -0.1762
vn 0.0685 -0.8271 -0.5579
vn 0.3950 -0.8120 -0.4295
vn 0.2727 -0.8240 -0.4966
vn 0.7131 -0.0866 -0.6956
vn 0.0428 -0.9913 -0.1241
vn 0.0565 -0.9915 -0.1166
vn 0.4926 -0.8214 -0.2874
vn 0.2846 -0.9410 -0.1830
vn 0.5768 -0.7037 -0.4148
vn 0.7181 -0.4976 -0.4866
vn 0.7934 -0.0150 -0.6084
vn 0.7551 -0.0212 -0.6552
vn 0.7007 -0.4646 -0.5414
vn 0.6885 -0.1731 -0.7042
vn 0.6071 -0.6786 -0.4133
vn 0.7097 0.2507 -0.6583
vn 0.8143 0.1585 -0.5583
vn 0.5426 0.0304 -0.8394
vn 0.4833 -0.0703 -0.8726
vn 0.5138 -0.0133 -0.8578
vn 0.6331 0.0923 -0.7685
vn 0.3431 -0.6934 -0.6336
vn 0.5778 -0.4483 -0.6821
vn 0.6280 -0.4037 -0.6652
vn 0.3818 -0.6331 -0.6733
vn 0.2343 -0.7564 -0.6107
vn 0.2822 -0.6398 -0.7148
vn 0.3346 -0.7094 -0.6203
vn 0.2860 -0.7477 -0.5993
vn 0.4083 -0.5672 -0.7151
vn 0.5422 -0.4606 -0.7027
vn 0.3754 -0.3287 -0.8666
vn 0.5905 -0.2095 -0.7793
vn 0.3137 0.2475 -0.9167
vn 0.6251 0.0440 -0.7793
vn 0.3285 0.4763 -0.8156
vn 0.6686 0.0110 -0.7435
vn 0.3963 0.4355 -0.8082
vn 0.5956 -0.0677 -0.8004
vn 0.3047 0.4836 -0.8205
vn 0.3178 0.0722 -0.9454
vn 0.5748 0.1307 -0.8077
vn 0.6233 0.1372 -0.7699
vn 0.2569 0.5679 -0.7819
vn 0.2536 0.3289 -0.9096
vn 0.7325 -0.3536 -0.5817
vn 0.5186 -0.5728 -0.6348
vn 0.3522 -0.6260 -0.6957
vn 0.4805 -0.5190 -0.7069
vn 0.6302 -0.3928 -0.6697
vn 0.8219 -0.0911 -0.5623
vn 0.7454 0.0178 -0.6663
vn 0.6730 -0.0198 -0.7394
vn 0.6225 -0.0361 -0.7818
vn 0.3601 0.0453 -0.9318
vn 0.7786 -0.0007 -0.6275
vn 0.4070 0.2282 -0.8844
vn 0.3868 -0.0534 -0.9206
vn 0.3832 -0.1691 -0.9080
vn 0.4502 -0.1482 -0.8805
vn 0.5764 -0.0855 -0.8126
vn 0.5158 -0.3583 -0.7781
vn 0.6298 -0.4323 -0.6453
vn 0.6052 -0.3744 -0.7026
vn 0.5351 -0.2561 -0.8050
vn 0.6506 -0.1642 -0.7415
vn 0.6257 -0.3988 -0.6703
vn 0.5753 -0.2315 -0.7844
vn 0.5751 -0.6610 -0.4819
vn 0.5116 -0.1928 -0.8373
vn 0.4936 -0.1615 -0.8545
vn 0.5792 -0.0795 -0.8113
vn 0.5176 -0.2236 -0.8259
vn 0.5257 -0.2308 -0.8187
vn 0.4478 -0.1210 -0.8859
vn 0.4680 -0.1334 -0.8736
vn 0.4646 -0.1167 -0.8778
vn 0.4772 -0.1047 -0.8725
vn 0.4902 -0.1166 -0.8637
vn 0.5274 -0.1203 -0.8410
vn 0.4828 -0.1632 -0.8604
vn 0.4560 -0.1482 -0.8775
vn 0.3522 -0.1831 -0.9178
vn 0.3394 -0.2499 -0.9068
vn 0.4962 -0.1454 -0.8560
vn 0.4482 -0.1550 -0.8804
vn 0.4011 -0.5212 -0.7533
vn 0.3816 -0.8791 -0.2854
vn 0.6600 -0.2041 -0.7230
vn 0.8417 -0.2869 -0.4574
vn 0.7981 -0.4679 -0.3796
vn 0.6307 -0.2513 -0.7342
vn 0.8201 -0.1220 -0.5591
vn 0.6931 -0.0904 -0.7151
vn 0.6799 -0.2097 -0.7026
vn 0.8332 -0.2091 -0.5119
vn 0.7160 -0.6181 -0.3244
vn 0.5934 -0.3162 -0.7402
vn 0.6411 -0.7002 -0.3142
vn 0.5592 -0.3548 -0.7493
vn 0.5833 -0.7534 -0.3035
vn 0.5390 -0.3994 -0.7415
vn 0.5424 -0.7872 -0.2933
vn 0.5142 -0.4426 -0.7346
vn 0.3307 -0.2838 -0.9000
vn 0.8158 -0.5738 0.0723
vn 0.6829 -0.7211 0.1170
vn 0.9572 -0.2459 -0.1529
vn 0.9259 -0.3758 -0.0379
vn 0.4542 -0.8809 0.1328
vn 0.2982 -0.9456 0.1301
vn 0.5786 -0.8079 0.1118
vn 0.5031 -0.8556 0.1213
vn 0.9543 -0.1493 -0.2587
vn 0.7943 -0.2131 -0.5688
vn 0.9373 -0.0934 -0.3357
vn 0.9603 -0.2636 0.0911
vn 0.9156 -0.3660 0.1663
vn 0.9823 -0.1758 -0.0641
vn 0.8010 -0.5438 0.2503
vn 0.6809 -0.6751 0.2838
vn 0.4762 -0.4193 -0.7729
vn 0.6224 -0.3386 -0.7056
vn 0.5635 -0.7753 0.2852
vn 0.4568 -0.8420 0.2868
vn 0.3676 -0.8777 0.3072
vn 0.2437 -0.9134 0.3260
vn 0.4881 -0.3391 -0.8042
vn 0.4910 -0.4199 -0.7632
vn 0.1357 0.8422 0.5218
vn 0.0734 0.9882 0.1344
vn 0.1191 -0.2510 0.9606
vn 0.1288 -0.0505 0.9904
vn 0.3188 -0.9344 -0.1591
vn -0.0414 0.9382 -0.3435
vn -0.0306 0.7746 -0.6316
vn -0.0114 0.4791 -0.8777
vn 0.0987 0.0595 -0.9933
vn 0.2748 0.9501 -0.1473
vn 0.1190 0.9808 -0.1544
vn 0.1946 0.9691 0.1516
vn 0.2762 0.9483 0.1563
vn 0.1445 0.3000 0.9429
vn 0.1573 0.6044 0.7810
vn -0.0109 0.9846 -0.1745
vn -0.1154 0.1691 -0.9788
vn -0.2127 0.1763 -0.9611
vn -0.2828 0.2584 -0.9237
vn -0.2835 0.2580 -0.9236
vn 0.9499 -0.2764 0.1459
vn 0.9173 -0.3434 0.2015
vn 0.3862 0.0153 -0.9223
vn 0.4902 -0.0381 -0.8707
vn 0.5968 -0.7736 0.2131
vn 0.5870 -0.8058 -0.0774
vn 0.6231 -0.0526 -0.7804
vn 0.7919 -0.0267 -0.6101
vn 0.8299 -0.4846 0.2765
vn 0.7071 -0.6216 0.3369
vn 0.9091 0.0079 -0.4165
vn 0.6385 -0.6993 0.3212
vn 0.9762 -0.0452 -0.2122
vn 0.9810 -0.1939 0.0100
vn 0.1827 0.0548 -0.9816
vn -0.0310 0.0332 -0.9990
vn -0.1002 0.0921 -0.9907
vn 0.0439 0.1131 -0.9926
vn 0.3023 0.4107 -0.8602
vn 0.4857 0.3214 -0.8129
vn 0.9917 0.0049 -0.1282
vn 0.9801 -0.1924 0.0491
vn 0.7077 0.2289 -0.6684
vn 0.8732 0.1652 -0.4584
vn 0.7136 -0.5531 0.4299
vn 0.7452 -0.5571 0.3664
vn 0.9111 -0.3356 0.2394
vn 0.8380 -0.4306 0.3349
vn 0.9514 0.1403 -0.2741
vn 0.8563 -0.5004 0.1275
vn 0.9410 -0.2917 0.1716
vn 0.8925 -0.4224 -0.1580
vn 0.1099 -0.3783 0.9191
vn 0.1222 -0.2668 0.9560
vn -0.3004 0.3176 -0.8994
vn -0.3243 0.3193 -0.8904
vn 0.1726 -0.2220 -0.9596
vn 0.1549 -0.0538 -0.9864
vn -0.0050 0.3998 0.9166
vn 0.0566 0.1100 0.9923
vn 0.9995 0.0131 -0.0273
vn 0.9901 -0.0288 0.1370
vn 0.9675 -0.1737 0.1834
vn 0.9752 -0.1977 0.0997
vn 0.9346 -0.1397 0.3272
vn 0.8658 -0.2444 0.4366
vn 0.8712 -0.3101 0.3806
vn 0.9193 -0.2651 0.2908
vn 0.7825 -0.3241 0.5316
vn 0.7954 -0.3684 0.4812
vn 0.6832 -0.3806 0.6231
vn 0.7077 -0.4316 0.5593
vn 0.6356 -0.3783 0.6729
vn 0.7349 -0.4086 0.5412
vn 0.7011 -0.2748 0.6579
vn 0.8961 -0.2325 0.3779
vn 0.7674 -0.1249 0.6288
vn 0.9601 -0.0732 0.2700
vn -0.0804 0.7081 0.7015
vn 0.9886 -0.1503 0.0114
vn 0.9492 -0.2685 0.1643
vn 0.7965 -0.4562 0.3968
vn 0.7179 -0.4902 0.4943
vn 0.8202 -0.3985 0.4103
vn 0.8932 -0.3339 0.3012
vn 0.9277 -0.3033 0.2175
vn 0.2139 0.7262 -0.6533
vn 0.4555 0.6311 -0.6278
vn 0.1313 0.9266 -0.3524
vn 0.3666 0.8628 -0.3479
vn 0.5059 0.8530 0.1284
vn 0.8084 0.5858 0.0574
vn 0.8023 0.5766 -0.1541
vn 0.5378 0.8294 -0.1512
vn 0.2653 0.8093 0.5240
vn 0.3249 0.7822 0.5316
vn 0.3194 0.5604 0.7641
vn 0.3788 0.5159 0.7683
vn 0.3690 0.2708 0.8891
vn 0.4281 0.2240 0.8755
vn 0.3858 -0.0595 0.9207
vn 0.4787 -0.0763 0.8747
vn 0.4046 -0.2351 0.8838
vn 0.5574 -0.2706 0.7849
vn 0.9474 0.3200 0.0092
vn 0.9193 0.3635 -0.1507
vn 0.9837 0.1182 0.1350
vn 0.9044 0.1344 0.4048
vn 0.9428 -0.0114 0.3332
vn 0.5622 0.1633 0.8107
vn 0.7255 0.1016 0.6807
vn 0.7771 0.2783 0.5644
vn 0.5625 0.4259 0.7087
vn 0.7195 0.4823 -0.4997
vn 0.6456 0.7062 -0.2907
vn 0.8367 0.4992 -0.2252
vn 0.8809 0.3346 -0.3346
vn 0.8043 0.4727 0.3601
vn 0.5361 0.6885 0.4884
vn 0.5742 -0.3088 0.7582
vn 0.6598 -0.3013 0.6883
vn 0.6647 -0.1187 0.7376
vn 0.5550 -0.1039 0.8253
vn 0.8756 -0.1371 0.4631
vn 0.9783 0.1742 -0.1118
vn 0.7778 -0.2517 0.5758
vn 0.7737 -0.1290 0.6202
vn 0.8401 0.0101 0.5423
vn 0.9306 0.2739 0.2427
vn 0.9192 0.3270 -0.2192
vn 0.9281 0.2631 -0.2633
vn 0.1570 0.4256 -0.8912
vn 0.2528 -0.5122 -0.8208
vn 0.0994 -0.1567 0.9826
vn 0.2603 -0.0176 -0.9654
vn -0.1847 -0.9006 0.3933
vn -0.5040 -0.6906 0.5186
vn 0.0489 0.6226 -0.7809
vn 0.1107 0.7627 -0.6371
vn 0.4405 -0.4607 0.7705
vn 0.1934 -0.2889 0.9376
vn 0.2429 -0.2664 0.9327
vn 0.6300 -0.2694 0.7284
vn 0.1462 0.6182 0.7722
vn 0.1548 0.1987 0.9677
vn 0.0956 0.1556 0.9832
vn 0.1394 0.5877 0.7970
vn -0.0089 0.0702 -0.9975
vn -0.0469 -0.0896 -0.9948
vn 0.1422 -0.2079 0.9677
vn 0.0854 -0.2785 0.9566
vn 0.8627 0.0827 -0.4989
vn 0.5560 0.0780 -0.8275
vn 0.5630 -0.1995 -0.8020
vn 0.8495 -0.2729 -0.4515
vn 0.5376 0.4689 -0.7008
vn 0.3909 0.5512 -0.7371
vn 0.3416 0.6145 -0.7111
vn 0.3409 0.6660 -0.6635
vn 0.6399 -0.1209 -0.7589
vn 0.8842 -0.2092 -0.4177
vn 0.1560 0.0049 0.9877
vn 0.5747 0.0393 0.8174
vn 0.6205 -0.3480 0.7027
vn 0.1841 -0.2824 0.9414
vn -0.0436 -0.1344 -0.9899
vn 0.1270 0.8130 0.5682
vn 0.1737 0.8383 0.5167
vn 0.9844 0.1758 0.0043
vn 0.9473 0.0719 -0.3121
vn 0.9933 -0.0806 -0.0822
vn 0.9676 -0.1566 0.1979
vn -0.2300 0.4124 -0.8815
vn 0.7633 0.3929 -0.5128
vn 0.5733 0.2164 -0.7902
vn 0.5708 0.2336 -0.7871
vn 0.8006 0.3396 -0.4936
vn 0.2380 -0.3613 0.9015
vn 0.6235 -0.3254 0.7109
vn 0.1553 0.0733 -0.9851
vn 0.0450 0.1598 -0.9861
vn 0.1956 -0.1141 -0.9740
vn -0.1505 0.7244 0.6727
vn 0.0495 0.7449 0.6653
vn -0.0053 0.7505 0.6609
vn -0.0295 0.7301 0.6827
vn 0.7941 0.2360 -0.5600
vn 0.5772 0.1046 -0.8099
vn 0.7846 -0.0209 -0.6197
vn 0.4652 -0.1429 -0.8736
vn 0.5474 -0.0522 -0.8352
vn 0.8239 0.0601 -0.5635
vn -0.3218 0.4906 0.8098
vn 0.1139 0.5262 0.8426
vn 0.1723 -0.3821 -0.9079
vn 0.1827 -0.2445 -0.9523
vn 0.1103 -0.4790 -0.8708
vn 0.1509 -0.4314 -0.8894
vn -0.4923 -0.7081 0.5061
vn -0.5437 -0.6427 0.5397
vn -0.5631 -0.3805 0.7336
vn -0.7555 -0.3114 0.5764
vn 0.9857 -0.1591 -0.0556
vn 0.9953 -0.0194 0.0951
vn 0.9131 0.0667 -0.4022
vn 0.8120 -0.1404 -0.5664
vn -0.5146 -0.0829 0.8534
vn 0.0289 -0.1213 0.9922
vn 0.0923 0.2021 0.9750
vn -0.4897 0.1321 0.8618
vn 0.7331 -0.0493 -0.6782
vn 0.9514 -0.1515 -0.2678
vn 0.8821 -0.3960 0.2548
vn 0.9477 -0.3025 -0.1017
vn 0.9878 -0.0955 -0.1227
vn 0.9311 -0.2219 0.2894
vn -0.0689 -0.1751 -0.9821
vn -0.0220 0.1081 -0.9939
vn -0.5997 0.0380 -0.7993
vn -0.5503 -0.2174 -0.8061
vn 0.9301 0.0592 0.3623
vn 0.9910 0.0795 -0.1078
vn 0.9867 0.1434 -0.0768
vn 0.8971 0.2021 0.3929
vn 0.8268 0.4156 0.3790
vn 0.9374 0.3368 -0.0880
vn 0.8250 0.5421 -0.1594
vn 0.6868 0.6658 0.2916
vn 0.8586 0.4527 -0.2406
vn 0.8169 0.5438 0.1919
vn 0.9188 -0.3080 0.2469
vn 0.9476 -0.2897 -0.1344
vn 0.9600 0.0917 0.2645
vn 0.9737 0.1107 -0.1991
vn 0.1923 -0.4983 0.8454
vn 0.5802 -0.4826 0.6561
vn -0.0128 -0.7753 -0.6315
vn -0.0940 -0.9852 -0.1433
vn 0.4936 0.5039 -0.7088
vn 0.6624 0.6153 -0.4272
vn 0.3584 0.7754 -0.5199
vn 0.1054 -0.5056 0.8563
vn 0.1119 -0.3677 0.9232
vn -0.5412 -0.5688 -0.6193
vn -0.8207 -0.5521 -0.1467
vn -0.1792 -0.9722 -0.1505
vn 0.0099 -0.7749 -0.6319
vn 0.2662 -0.0974 -0.9590
vn 0.3902 0.0562 -0.9190
vn -0.6137 -0.5214 0.5929
vn -0.1002 -0.4086 0.9072
vn -0.0052 -0.2724 -0.9622
vn 0.1128 -0.4473 -0.8872
vn 0.1609 -0.3626 -0.9179
vn 0.3151 -0.1175 -0.9417
vn -0.7828 -0.1080 0.6128
vn -0.7321 0.0795 0.6765
vn -0.5321 0.4162 0.7374
vn -0.2207 0.6780 0.7011
vn 0.2434 -0.2629 -0.9336
vn 0.2994 -0.1593 -0.9407
vn 0.3098 -0.0428 -0.9498
vn 0.2773 0.0916 -0.9564
vn 0.0026 0.7085 0.7057
vn 0.9622 -0.1472 -0.2291
vn 0.8860 -0.3972 0.2391
vn 0.9486 -0.1633 0.2711
vn 0.9951 -0.0636 -0.0759
vn 0.3898 -0.4621 -0.7965
vn 0.6889 -0.6155 -0.3828
vn 0.1051 -0.2808 0.9540
vn 0.0975 -0.0120 0.9951
vn 0.1697 -0.1187 -0.9783
vn 0.0950 -0.2174 0.9714
vn 0.1182 0.1911 0.9744
vn 0.0657 0.6551 0.7526
vn 0.1433 0.0707 -0.9871
vn 0.3932 0.5769 -0.7159
vn 0.3303 0.6812 -0.6533
vn 0.2263 0.7394 -0.6340
vn 0.2899 0.4606 -0.8389
vn -0.8011 -0.4953 0.3359
vn -0.3690 -0.8501 0.3756
vn 0.0360 -0.6442 -0.7639
vn -0.2620 -0.3898 -0.8828
vn 0.0600 -0.6236 -0.7794
vn -0.8581 -0.1872 0.4781
vn -0.9445 0.1366 0.2988
vn -0.5062 0.2309 0.8309
vn -0.4749 -0.1590 0.8656
vn 0.1093 -0.2528 0.9613
vn 0.1196 -0.2565 0.9591
vn 0.6167 0.3099 -0.7236
vn 0.5178 0.5652 -0.6421
vn 0.4722 0.5494 -0.6893
vn -0.1416 -0.1320 0.9810
vn -0.1282 -0.7881 0.6020
vn -0.2001 -0.7919 0.5768
vn -0.1943 -0.1126 0.9745
vn 0.3856 0.7213 0.5753
vn 0.4215 0.5477 0.7227
vn 0.5144 0.4979 0.6981
vn 0.6094 -0.0562 0.7909
vn 0.5973 0.2062 0.7750
vn 0.3178 -0.1502 0.9362
vn 0.4330 0.1166 0.8938
vn 0.8849 -0.0048 0.4657
vn 0.8190 -0.1617 0.5506
vn 0.4867 0.1268 -0.8643
vn 0.3873 -0.1516 -0.9094
vn -0.9204 -0.0232 -0.3903
vn -0.9297 -0.2260 -0.2909
vn -0.9736 -0.2003 0.1091
vn -0.9947 0.0287 -0.0991
vn -0.0929 -0.1366 0.9862
vn -0.0701 0.2083 0.9755
vn -0.9297 -0.1709 -0.3261
vn -0.8929 -0.2583 -0.3687
vn -0.9629 -0.2699 -0.0074
vn -0.9783 -0.2070 0.0023
vn -0.1068 -0.0766 0.9913
vn -0.0598 -0.1723 0.9832
vn 0.4512 -0.0897 0.8878
vn 0.4485 0.0093 0.8937
vn -0.8728 -0.2803 0.3995
vn -0.8956 -0.1936 0.4004
vn -0.6035 -0.1050 -0.7904
vn -0.5337 -0.2047 -0.8205
vn 0.8115 0.0733 0.5796
vn 0.8320 -0.0400 0.5532
vn 0.9961 -0.0283 -0.0838
vn 0.9936 0.1092 -0.0295
vn 0.7715 0.1259 -0.6235
vn 0.7711 -0.0182 -0.6364
vn 0.3347 -0.0552 -0.9407
vn 0.3246 0.0692 -0.9433
vn -0.5321 -0.2433 0.8110
vn -0.5918 -0.1437 0.7931
vn -0.1374 -0.0090 -0.9904
vn -0.1204 -0.1225 -0.9851
vn 0.9674 0.2524 -0.0198
vn 0.7559 0.2013 -0.6229
vn -0.1826 -0.0074 -0.9832
vn -0.6577 -0.0374 -0.7523
vn -0.9211 -0.1549 0.3571
vn -0.6917 -0.1982 0.6944
vn 0.4821 -0.0673 0.8735
vn 0.8194 0.1259 0.5593
vn 0.2888 0.0507 -0.9560
vn -0.9595 -0.0988 -0.2638
vn -0.9897 -0.1416 0.0175
vn -0.1894 -0.2396 0.9522
vn 0.7047 0.7091 -0.0237
vn 0.4164 0.7943 0.4424
vn 0.2186 0.9735 0.0666
vn 0.3037 0.8849 -0.3530
vn 0.5703 -0.2132 0.7933
vn 0.8906 0.0603 0.4507
vn 0.9821 0.1730 -0.0739
vn 0.7663 0.0768 -0.6379
vn 0.0069 0.6876 0.7260
vn 0.0928 0.3480 0.9329
vn 0.0854 0.4099 0.9081
vn 0.0927 0.3565 0.9297
vn 0.1968 0.1522 -0.9685
vn 0.3243 -0.1128 -0.9392
vn -0.1191 -0.1790 -0.9766
vn -0.5734 -0.0606 0.8170
vn -0.1100 0.0264 0.9936
vn -0.9032 -0.2344 -0.3595
vn -0.9803 -0.1968 0.0108
vn 0.4075 0.1073 0.9069
vn -0.9064 -0.1497 0.3949
vn -0.5211 -0.2305 -0.8218
vn 0.8233 0.1366 0.5510
vn 0.9910 0.0838 -0.1040
vn 0.7751 -0.0097 -0.6317
vn 0.3172 -0.2639 -0.9109
vn 0.3218 -0.2774 -0.9052
vn -0.1559 -0.3816 -0.9111
vn -0.1371 -0.3616 -0.9222
vn -0.5159 0.0391 0.8558
vn -0.5371 0.2611 0.8021
vn -0.0834 0.4591 0.8845
vn -0.0902 0.2280 0.9695
vn -0.8763 -0.4070 -0.2578
vn -0.9191 -0.3151 -0.2363
vn -0.9742 -0.2000 0.1045
vn -0.9339 -0.3425 0.1020
vn 0.4097 0.5126 0.7545
vn 0.3942 0.3179 0.8623
vn -0.8862 -0.0257 0.4626
vn -0.8427 -0.1996 0.5000
vn -0.5240 -0.4327 -0.7336
vn -0.5646 -0.4062 -0.7184
vn 0.8155 0.2552 0.5193
vn 0.8270 0.4005 0.3944
vn 0.9736 0.1666 -0.1557
vn 0.9928 0.0632 -0.1018
vn 0.7889 -0.1043 -0.6055
vn 0.7878 -0.0732 -0.6116
vn 0.3135 -0.1690 -0.9344
vn 0.3764 -0.1574 -0.9130
vn -0.1419 -0.2459 -0.9589
vn -0.1787 -0.2731 -0.9452
vn -0.5213 0.3588 0.7742
vn -0.4589 0.1450 0.8765
vn -0.0457 0.2381 0.9702
vn -0.0664 0.5102 0.8574
vn -0.9610 -0.1604 -0.2251
vn -0.9614 -0.1856 -0.2028
vn -0.9804 -0.1059 0.1658
vn -0.9921 -0.0504 0.1144
vn 0.4272 0.2764 0.8608
vn 0.4232 0.5587 0.7132
vn -0.8460 -0.0049 0.5332
vn -0.8854 0.1204 0.4489
vn -0.6224 -0.2729 -0.7336
vn -0.6152 -0.2560 -0.7456
vn 0.8282 0.4588 0.3217
vn 0.8558 0.2003 0.4769
vn 0.9912 0.0776 -0.1069
vn 0.9480 0.2539 -0.1921
vn 0.7819 0.0412 -0.6221
vn 0.8025 -0.0301 -0.5959
vn 0.3781 -0.1631 -0.9113
vn -0.1097 -0.2036 -0.9729
vn -0.4388 -0.0943 0.8936
vn -0.0756 -0.0636 0.9951
vn -0.9498 -0.2312 -0.2106
vn -0.9642 -0.1942 0.1805
vn 0.3261 -0.0638 0.9432
vn -0.8260 -0.1492 0.5434
vn -0.6006 -0.2474 -0.7602
vn 0.8019 -0.0931 0.5901
vn 0.9928 -0.1123 -0.0409
vn 0.8067 -0.1125 -0.5802
vn 0.9786 0.1906 -0.0778
vn 0.7880 0.0385 -0.6144
vn -0.1404 -0.2028 -0.9691
vn -0.5505 -0.2622 -0.7925
vn -0.8923 -0.0922 0.4418
vn -0.5493 0.0803 0.8317
vn 0.3705 0.3065 0.8768
vn 0.7862 0.3104 0.5343
vn 0.3196 -0.1058 -0.9416
vn -0.9159 -0.2511 -0.3131
vn -0.9782 -0.2004 0.0537
vn -0.1094 0.2086 0.9719
vn 0.9109 0.3933 0.1245
vn 0.8787 0.4042 -0.2538
vn 0.6864 0.6836 -0.2483
vn 0.7513 0.6234 -0.2165
vn 0.1595 0.2662 -0.9506
vn -0.5228 0.3984 -0.7536
vn -0.4010 0.7076 -0.5817
vn 0.0856 0.6517 -0.7536
vn -0.9555 0.1610 -0.2469
vn -0.9125 0.3350 0.2346
vn -0.0437 0.3785 0.9245
vn 0.4574 0.3131 0.8323
vn -0.1205 -0.9658 0.2293
vn -0.3511 -0.6463 0.6775
vn -0.7317 -0.6295 0.2612
vn -0.6894 -0.7243 -0.0046
vn 0.4959 0.6643 -0.5592
vn 0.3955 0.7762 -0.4910
vn 0.0996 -0.8271 -0.5531
vn -0.0387 -0.9929 0.1121
vn -0.6654 -0.7389 -0.1064
vn -0.4285 -0.7636 -0.4829
vn -0.8239 0.3802 -0.4202
vn -0.5322 0.6192 -0.5774
vn 0.9577 0.2700 0.0997
vn 0.8702 0.3619 -0.3344
vn 0.9792 0.1601 0.1241
vn 0.5117 0.4176 -0.7508
vn -0.1878 -0.8125 0.5519
vn -0.6769 -0.6448 0.3550
vn -0.8610 0.2555 -0.4397
vn -0.5152 0.3530 -0.7810
vn 0.9611 0.0939 0.2597
vn -0.1911 -0.8052 0.5614
vn -0.7519 -0.6029 0.2665
vn -0.8585 0.1398 -0.4934
vn -0.9483 -0.0097 -0.3173
vn -0.9938 0.0317 -0.1067
vn 0.5564 -0.7221 0.4110
vn 0.4139 -0.5596 0.7180
vn 0.9242 -0.0087 0.3817
vn 0.9224 -0.0945 0.3746
vn -0.9406 0.0390 -0.3373
vn 0.3345 -0.6451 0.6870
vn 0.8657 0.0202 0.5000
vn 0.5914 -0.7462 0.3056
vn 0.9590 0.0349 0.2810
vn -0.5525 -0.0388 -0.8326
vn -0.0167 -0.6658 0.7459
vn 0.3890 -0.6292 0.6729
vn 0.4688 0.0011 0.8833
vn -0.0433 0.0410 0.9982
vn -0.9489 -0.0048 0.3155
vn -0.9712 -0.0652 -0.2292
vn 0.1947 -0.1283 -0.9724
vn 0.6554 -0.7321 -0.1856
vn 0.9789 0.0330 -0.2018
vn 0.3918 -0.8153 -0.4263
vn 0.6704 -0.0822 -0.7374
vn -0.4287 0.0284 0.9030
vn -0.1943 -0.8121 0.5502
vn -0.1848 -0.7982 0.5734
vn 0.0486 0.4256 -0.9036
vn -0.0407 -0.9928 0.1122
vn 0.0436 0.7862 -0.6164
vn 0.0198 -0.9632 0.2679
vn -0.4043 0.4153 0.8148
vn 0.6560 0.2412 -0.7151
vn 0.5014 -0.7481 0.4346
vn -0.0257 -0.9688 0.2463
vn -0.0790 -0.9756 0.2050
vn -0.6719 -0.7330 -0.1061
vn -0.9327 -0.0697 -0.3537
vn 0.8786 -0.1014 0.4666
vn 0.8933 0.1232 0.4322
vn -0.9120 0.1039 -0.3966
vn -0.0303 0.7952 0.6056
vn -0.0963 0.3626 0.9269
vn -0.1493 0.3621 0.9201
vn -0.0844 0.8026 0.5905
vn 0.7329 0.2947 -0.6131
vn 0.7708 0.1355 -0.6225
vn 0.2251 0.3706 -0.9011
vn 0.1371 0.8256 -0.5473
vn 0.0679 0.8333 -0.5486
vn 0.1384 0.3574 -0.9236
vn 0.8114 0.4198 -0.4067
vn -0.0848 0.4819 -0.8721
vn 0.0752 -0.1068 0.9914
vn -0.0692 -0.0702 0.9951
vn -0.0570 -0.4066 0.9118
vn 0.0826 -0.4151 0.9060
vn 0.0046 -0.9961 -0.0876
vn -0.0886 -0.9916 -0.0938
vn 0.0399 0.9977 0.0552
vn -0.0099 0.9987 0.0496
vn 0.1926 -0.6435 -0.7407
vn 0.2571 -0.0027 -0.9664
vn 0.1469 0.0271 -0.9888
vn 0.0673 -0.6070 -0.7918
vn 0.0703 0.3328 0.9404
vn -0.0631 0.3368 0.9394
vn 0.0668 -0.9937 -0.0894
vn -0.0367 -0.9968 -0.0704
vn -0.0132 -0.8997 -0.4362
vn 0.0730 -0.8942 -0.4417
vn 0.0664 0.7876 0.6126
vn -0.0366 0.7801 0.6246
vn 0.0757 -0.7906 0.6075
vn -0.0583 -0.8002 0.5968
vn 0.0752 -0.5487 -0.8326
vn 0.0192 -0.5707 -0.8209
vn 0.0530 0.0509 -0.9973
vn 0.0590 0.0532 -0.9968
vn 0.0843 0.8377 -0.5395
vn 0.0456 0.8383 -0.5433
vn 0.0053 0.9965 0.0834
vn 0.0707 0.9955 0.0626
vn 0.0669 0.3507 -0.9341
vn 0.0573 0.3607 -0.9309
vn 0.0565 0.5255 -0.8489
vn 0.0764 0.5409 -0.8376
vn -0.0582 0.9967 0.0555
vn 0.0043 0.8276 -0.5612
vn -0.1699 -0.9810 -0.0936
vn -0.2369 -0.7986 0.5533
vn -0.0064 0.9508 0.3098
vn -0.0779 0.9537 0.2904
vn -0.1270 -0.8974 -0.4225
vn -0.2467 -0.4078 0.8791
vn 0.4286 -0.6836 -0.5907
vn 0.2461 -0.7310 -0.6364
vn 0.0360 -0.9988 -0.0318
vn 0.1813 -0.9833 -0.0164
vn 0.5114 -0.0687 -0.8566
vn 0.3720 -0.1139 -0.9212
vn 0.3075 0.9496 0.0598
vn 0.4397 0.8967 0.0497
vn 0.5431 0.7386 -0.3993
vn 0.4007 0.8122 -0.4239
vn -0.1423 -0.3448 0.9278
vn -0.2430 -0.2825 0.9279
vn -0.1731 0.2730 0.9463
vn -0.0765 0.1897 0.9789
vn -0.1537 -0.8196 0.5520
vn -0.0323 -0.8326 0.5529
vn 0.4826 0.1767 -0.8578
vn 0.4530 0.3185 -0.8326
vn 0.0412 0.6042 0.7957
vn 0.0635 0.7659 0.6398
vn 0.2327 0.8576 0.4587
vn 0.1507 0.8497 0.5051
vn 0.1688 -0.7065 0.6872
vn -0.0412 -0.3368 0.9407
vn 0.0567 0.5786 0.8136
vn 0.1190 0.8520 0.5098
vn 0.5309 0.2248 -0.8171
vn 0.6482 0.0128 -0.7614
vn 0.5601 -0.8185 0.1278
vn -0.0272 0.1418 0.9895
vn 0.1941 0.9791 0.0606
vn 0.3016 0.8355 -0.4592
vn 0.7693 -0.3817 -0.5123
vn 0.0591 0.9496 0.3079
vn 0.0480 0.6931 0.7192
vn -0.0135 0.8081 0.5888
vn -0.0694 0.8174 0.5718
vn 0.4660 0.4443 -0.7652
vn 0.4272 0.4833 -0.7642
vn 0.5255 0.4520 -0.7207
vn 0.0363 0.5214 -0.8525
vn 0.4616 0.5416 -0.7026
vn 0.2947 0.3793 -0.8771
vn 0.2902 -0.0580 -0.9552
vn 0.2237 0.3860 -0.8949
vn 0.2462 -0.0173 -0.9691
vn 0.3139 0.9491 0.0242
vn -0.0688 0.7919 0.6068
vn 0.1084 0.9936 0.0316
vn -0.0623 0.7848 0.6165
vn 0.0447 0.9972 0.0593
vn 0.1928 -0.7143 -0.6727
vn 0.0072 -0.9994 -0.0334
vn 0.1832 -0.6682 -0.7210
vn 0.0070 -0.9982 -0.0588
vn 0.4602 0.7230 -0.5153
vn 0.2465 0.7955 -0.5535
vn 0.1548 0.8210 -0.5495
vn -0.2421 -0.2007 0.9492
vn -0.2011 0.3255 0.9239
vn -0.1877 -0.1476 0.9710
vn -0.1431 0.3489 0.9261
vn -0.1615 -0.7877 0.5945
vn -0.1409 -0.7736 0.6178
vn -0.0026 -0.0847 -0.9964
vn 0.0230 -0.0236 -0.9995
vn 0.0376 0.3505 -0.9358
vn 0.0188 0.3732 -0.9275
vn 0.0815 0.9966 -0.0116
vn 0.0903 0.9959 -0.0064
vn 0.0895 0.9589 0.2691
vn 0.0798 0.9623 0.2600
vn 0.0627 0.6596 -0.7490
vn 0.0515 0.7207 -0.6913
vn 0.0721 0.9084 -0.4119
vn 0.0820 0.8930 -0.4425
vn 0.0160 -0.6612 -0.7500
vn 0.0459 -0.5806 -0.8129
vn 0.0557 -0.9301 0.3630
vn 0.0775 -0.8781 0.4722
vn 0.0799 -0.9960 -0.0393
vn 0.0617 -0.9981 -0.0045
vn 0.0618 0.8079 0.5860
vn 0.0801 0.7850 0.6142
vn 0.0574 0.3360 0.9401
vn 0.0273 0.3482 0.9370
vn 0.0675 -0.9251 -0.3737
vn 0.0453 -0.9603 -0.2753
vn 0.0529 -0.2022 0.9779
vn 0.0152 -0.3131 0.9496
vn 0.0572 -0.5871 0.8074
vn 0.0305 -0.7544 0.6557
vn 0.0542 0.0324 -0.9980
vn 0.0621 0.3428 -0.9373
vn 0.0848 0.9961 0.0237
vn 0.0793 0.9544 0.2879
vn 0.0763 0.5869 -0.8060
vn 0.0884 0.8596 -0.5032
vn 0.0753 -0.5415 -0.8373
vn 0.0878 -0.8133 0.5751
vn 0.0831 -0.9933 -0.0806
vn 0.0820 0.7823 0.6175
vn 0.0787 0.3340 0.9393
vn 0.0815 -0.8972 -0.4340
vn 0.0782 -0.1447 0.9864
vn 0.0829 -0.4628 0.8826
vn 0.9572 0.1279 -0.2596
vn 0.9640 0.1870 0.1888
vn 0.3558 0.6032 -0.7138
vn 0.0634 0.7575 0.6497
vn 0.0880 0.5515 -0.8295
vn 0.2405 0.6162 -0.7500
vn 0.1134 -0.2432 0.9633
vn 0.0941 -0.2261 0.9695
vn 0.0476 0.1471 -0.9879
vn -0.0096 0.0681 -0.9976
vn 0.0975 -0.0129 0.9951
vn 0.1483 -0.4178 -0.8963
vn 0.1689 -0.3638 -0.9160
vn -0.7570 -0.3049 0.5778
vn -0.7824 -0.1202 0.6110
vn 0.1769 -0.2163 -0.9601
vn 0.1919 -0.0954 -0.9767
vn -0.7326 0.0634 0.6777
vn -0.5387 0.3583 0.7625
vn 0.0360 -0.6388 -0.7685
vn 0.1075 -0.4618 -0.8804
vn -0.1826 -0.9040 0.3864
vn -0.0917 -0.9850 -0.1464
vn -0.0126 -0.7750 -0.6318
vn 0.1175 0.1826 0.9761
vn 0.1048 -0.2786 0.9546
vn 0.1043 -0.5059 0.8562
vn 0.2940 0.7319 -0.6147
vn 0.5502 0.6246 -0.5542
vn -0.2202 0.6275 0.7468
vn 0.0333 -0.0971 -0.9947
vn 0.1541 0.0727 -0.9854
vn -0.0171 -0.0974 -0.9951
vn 0.8685 -0.4906 0.0707
vn 0.1174 -0.3000 -0.9467
vn -0.4584 0.3156 -0.8308
vn -0.1498 0.4362 -0.8873
vn -0.2601 0.4601 -0.8489
vn 0.0967 0.6583 -0.7465
vn -0.1173 -0.1340 -0.9840
vn -0.3040 -0.0131 -0.9526
vn -0.4268 0.1989 -0.8822
vn 0.9619 -0.1344 0.2381
vn 0.9800 0.0327 -0.1961
vn 0.9028 0.3572 -0.2394
vn 0.9501 0.2922 0.1090
vn 0.7699 -0.6234 0.1363
vn 0.4425 -0.8828 -0.1575
vn 0.4480 -0.7768 -0.4427
vn 0.8173 -0.5024 -0.2819
vn 0.2930 0.7588 -0.5817
vn 0.5407 0.7090 -0.4527
vn 0.5553 0.5750 -0.6008
vn 0.3464 0.6319 -0.6933
vn 0.4900 -0.4370 -0.7542
vn 0.7169 -0.2262 -0.6594
vn 0.7681 0.5647 -0.3019
vn 0.7603 0.3157 -0.5676
vn 0.6827 0.4738 -0.5563
vn 0.7977 0.5882 -0.1327
vn 0.5563 0.7522 -0.3531
vn 0.7280 -0.1822 -0.6608
vn 0.5267 -0.3218 -0.7867
vn 0.5286 -0.3111 -0.7898
vn 0.7028 -0.1648 -0.6920
vn 0.5072 -0.2848 -0.8134
vn 0.6935 -0.1397 -0.7068
vn 0.8046 0.1062 -0.5842
vn 0.7408 0.2698 -0.6151
vn 0.6746 0.3937 -0.6244
vn 0.5662 0.4699 -0.6772
vn 0.3644 0.5155 -0.7755
vn 0.4536 0.1145 -0.8838
vn 0.8060 0.0808 -0.5863
vn 0.7792 0.0779 -0.6219
vn 0.7830 0.2790 -0.5558
vn 0.7026 0.4139 -0.5788
vn 0.5871 0.5094 -0.6291
vn 0.3561 0.5483 -0.7566
vn 0.8244 0.0681 -0.5618
vn 0.6107 0.4511 -0.6507
vn 0.3875 0.5195 -0.7616
vn 0.7021 0.3750 -0.6053
vn 0.7671 0.2579 -0.5875
vn -0.5989 0.0597 -0.7985
vn -0.5591 0.3168 -0.7662
vn -0.3416 0.3253 -0.8817
vn -0.4041 0.1061 -0.9085
vn -0.4107 -0.4978 -0.7638
vn -0.2414 -0.4134 -0.8779
vn 0.0124 -0.6756 -0.7371
vn -0.1182 -0.7475 -0.6536
vn 0.1726 0.5674 -0.8051
vn 0.0582 0.7055 -0.7063
vn 0.0644 -0.2178 -0.9738
vn 0.2548 -0.4067 -0.8773
vn -0.2239 0.5259 -0.8206
vn 0.0659 0.4663 -0.8821
vn -0.0190 0.3044 -0.9524
vn -0.5559 -0.2333 -0.7978
vn -0.3367 0.5367 -0.7736
vn -0.0040 0.7409 -0.6716
vn 0.1271 -0.1552 -0.9796
vn 0.1671 -0.1189 -0.9787
vn 0.3522 -0.2650 -0.8976
vn 0.3026 -0.3023 -0.9039
vn -0.3604 -0.1361 -0.9228
vn 0.1932 -0.1286 -0.9727
vn 0.3457 -0.2597 -0.9016
vn -0.0266 0.0043 -0.9996
vn 0.1516 0.4149 -0.8972
vn 0.0844 0.2978 -0.9509
vn 0.2174 0.4837 -0.8478
vn 0.0411 0.0426 -0.9982
vn 0.0876 0.0309 -0.9957
vn 0.0832 0.4375 -0.8954
vn 0.0068 0.3233 -0.9462
vn 0.1631 0.5316 -0.8311
vn -0.0002 0.0109 -0.9999
vn -0.0039 0.1719 -0.9851
vn 0.0165 0.1734 -0.9847
vn 0.1772 0.4671 -0.8662
vn 0.0933 0.3937 -0.9145
vn 0.0443 0.2977 -0.9536
vn 0.2730 0.7946 -0.5423
vn 0.0643 0.1715 -0.9831
vn -0.0641 0.1686 -0.9836
vn 0.2195 -0.7820 -0.5834
vn 0.1722 -0.8703 -0.4614
vn 0.3740 -0.4845 -0.7908
vn 0.4216 -0.3174 -0.8494
vn 0.4425 -0.3083 -0.8421
vn 0.4098 -0.3344 -0.8486
vn 0.7250 0.3442 0.5965
vn 0.7448 0.1234 0.6558
vn 0.3077 0.1176 0.9442
vn 0.2282 0.4217 0.8775
vn 0.4271 -0.1549 -0.8908
vn 0.3626 -0.0099 -0.9319
vn 0.9886 -0.1331 -0.0707
vn 0.9582 -0.0226 0.2851
vn 0.9573 0.0739 0.2794
vn 0.9848 -0.0040 -0.1734
vn 0.7261 0.0735 -0.6836
vn 0.7968 -0.0746 -0.5996
vn 0.7722 -0.0189 0.6351
vn 0.3934 -0.1089 0.9129
vn 0.5749 -0.4171 -0.7039
vn 0.8684 -0.2661 -0.4184
vn -0.0782 0.4618 0.8835
vn -0.1014 0.4308 0.8967
vn 0.0446 0.8848 0.4638
vn 0.0228 0.8971 0.4413
vn 0.3412 0.9080 0.2430
vn 0.4490 0.8578 0.2502
vn 0.3110 0.8001 -0.5129
vn 0.1198 0.8307 -0.5437
vn -0.5189 0.3229 -0.7914
vn -0.3901 0.4124 -0.8232
vn -0.2344 0.7813 -0.5785
vn -0.2194 0.8144 -0.5371
vn -0.0492 -0.9965 0.0673
vn -0.0707 -0.9914 -0.1098
vn -0.2417 -0.8093 -0.5354
vn -0.3371 -0.9098 -0.2418
vn -0.1227 0.9634 0.2382
vn -0.0866 0.9662 0.2429
vn -0.1488 0.8408 0.5204
vn -0.1888 0.8657 0.4635
vn -0.1443 0.9432 -0.2993
vn -0.1113 0.9315 -0.3462
vn -0.0699 0.9973 -0.0207
vn -0.1004 0.9948 -0.0125
vn -0.0221 -0.9997 0.0056
vn -0.0952 -0.9755 0.1984
vn -0.0444 -0.9989 0.0106
vn 0.0469 -0.9987 0.0168
vn -0.1158 -0.9484 -0.2951
vn -0.0405 -0.9752 -0.2176
vn -0.0570 -0.9637 0.2607
vn -0.1273 -0.9473 0.2939
vn 0.0114 -0.9827 -0.1846
vn 0.0868 -0.9858 -0.1439
vn 0.1017 -0.9948 0.0022
vn -0.0106 -0.9997 -0.0232
vn 0.1127 0.9714 -0.2088
vn 0.0128 0.9713 -0.2377
vn -0.0263 0.9995 0.0195
vn 0.1110 0.9931 0.0362
vn 0.0692 0.9709 0.2294
vn -0.0296 0.9724 0.2314
vn -0.0673 0.9037 0.4227
vn 0.0369 -0.9841 0.1734
vn 0.0506 -0.9775 0.2046
vn 0.1594 -0.9800 0.1191
vn 0.1440 -0.9702 -0.1949
vn 0.0455 0.1950 -0.9797
vn 0.7300 0.3656 -0.5773
vn 0.2035 0.8805 -0.4281
vn 0.0785 0.7590 -0.6463
vn -0.3075 0.4130 0.8572
vn -0.1493 0.4943 0.8563
vn -0.2718 0.4021 0.8743
vn -0.6552 -0.3071 -0.6902
vn 0.0215 -0.3284 -0.9443
vn -0.0916 -0.8181 -0.5677
vn -0.4072 -0.8552 -0.3206
vn -0.1522 0.2683 -0.9512
vn 0.0547 0.8213 -0.5679
vn 0.3132 -0.9488 0.0399
vn 0.1553 -0.9063 -0.3930
vn 0.3524 0.8953 0.2724
vn 0.3366 0.9222 -0.1902
vn 0.3549 0.9346 0.0223
vn 0.3590 -0.9329 -0.0294
vn 0.3504 -0.9354 -0.0474
vn -0.0418 -0.9551 0.2933
vn -0.0507 -0.9559 0.2892
vn -0.0233 -0.9394 0.3419
vn -0.1693 -0.9008 0.3998
vn -0.1217 0.3099 0.9429
vn 0.0935 0.1019 0.9904
vn 0.4394 0.7672 0.4671
vn 0.2006 0.9004 0.3858
vn -0.2018 -0.8621 0.4648
vn -0.1512 -0.9568 -0.2483
vn -0.0360 -0.9740 -0.2237
vn -0.0420 -0.9213 0.3865
vn -0.1200 -0.8989 0.4214
vn 0.9541 0.2014 -0.2214
vn 0.0407 0.2778 -0.9598
vn 0.1586 0.7602 -0.6301
vn 0.6930 0.7015 -0.1659
vn 0.8469 0.2358 0.4765
vn 0.6144 0.7663 0.1877
vn 0.3999 -0.9108 -0.1025
vn 0.2592 -0.9432 0.2078
vn -0.0786 0.8709 -0.4851
vn 0.5393 0.1301 0.8320
vn 0.9453 0.1998 0.2576
vn -0.2230 -0.9475 -0.2290
vn -0.1094 -0.9700 -0.2171
vn 0.0357 -0.9403 0.3383
vn -0.0468 -0.9128 0.4057
vn -0.2716 -0.5753 -0.7715
vn 0.0049 -0.7036 -0.7106
vn 0.3734 0.2956 0.8793
vn 0.4261 0.0922 0.9000
vn 0.9246 -0.0864 0.3711
vn 0.5325 0.7823 0.3230
vn 0.1837 0.9303 0.3175
vn 0.6268 0.6431 -0.4400
vn 0.1446 0.8474 -0.5108
vn 0.1084 0.2843 0.9526
vn -0.0678 -0.5133 -0.8555
vn 0.2468 -0.6727 -0.6975
vn 0.3431 0.0723 0.9365
vn 0.8905 -0.0311 0.4540
vn 0.4797 0.7700 0.4207
vn -0.0117 -0.5613 -0.8275
vn 0.2075 -0.6985 -0.6849
vn 0.0858 0.2913 0.9527
vn 0.2003 0.9134 0.3544
vn 0.5763 0.7420 -0.3425
vn 0.2309 0.9031 -0.3621
vn 0.7569 -0.0716 0.6495
vn 0.6709 0.6948 -0.2591
vn 0.3931 0.8756 -0.2807
vn 0.2109 -0.4160 -0.8845
vn 0.3134 -0.6031 -0.7335
vn 0.0147 -0.9291 -0.3695
vn -0.0130 -0.8991 -0.4375
vn -0.1953 -0.9399 0.2800
vn -0.2259 -0.9250 0.3056
vn 0.5355 0.8036 0.2597
vn 0.5311 0.8018 0.2739
vn -0.1262 0.8325 -0.5394
vn -0.0977 0.8631 -0.4955
vn -0.3787 -0.8614 -0.3385
vn -0.3519 -0.8744 -0.3338
vn 0.1906 -0.9430 0.2728
vn 0.1660 -0.9441 0.2848
vn 0.6754 0.2689 0.6866
vn 0.6874 0.2580 0.6789
vn -0.6452 -0.3340 -0.6871
vn -0.6110 -0.3459 -0.7121
vn 0.5232 0.8117 0.2593
vn -0.0682 0.8447 -0.5308
vn -0.3414 -0.8719 -0.3509
vn 0.1814 -0.9559 0.2308
vn 0.7020 0.2564 0.6644
vn -0.5777 -0.3456 -0.7394
vn -0.4767 -0.3963 -0.7846
vn -0.5379 -0.3569 -0.7637
vn -0.3395 -0.8796 -0.3332
vn -0.3148 -0.9021 -0.2949
vn 0.8598 0.2886 0.4211
vn 0.7379 0.2752 0.6162
vn 0.5610 0.8098 0.1716
vn 0.5370 0.8389 -0.0888
vn 0.1912 -0.9437 0.2699
vn 0.3192 -0.9059 0.2781
vn -0.0019 0.8641 -0.5033
vn -0.0506 0.8206 -0.5692
vn 0.6689 -0.3149 0.6733
vn 0.7966 -0.2624 0.5445
vn -0.4531 0.2823 -0.8455
vn -0.3865 0.2886 -0.8759
vn -0.5656 0.2730 -0.7781
vn -0.4939 0.2425 -0.8350
vn 0.7695 -0.3840 0.5104
vn 0.6271 -0.3956 0.6710
vn -0.5558 0.2266 -0.7998
vn -0.5972 0.2416 -0.7648
vn 0.6089 -0.3755 0.6987
vn 0.5894 -0.3592 0.7236
vn 0.5388 0.1088 -0.8354
vn 0.4254 0.3274 -0.8437
vn 0.5716 -0.7902 -0.2210
vn 0.3478 -0.8177 0.4586
vn -0.0963 -0.6843 0.7227
vn 0.1437 -0.7249 0.6737
vn -0.0781 -0.5520 0.8302
vn 0.4247 0.0452 -0.9042
vn 0.1685 0.2887 -0.9425
vn 0.5198 -0.7851 0.3366
vn 0.4667 -0.0472 -0.8831
vn 0.0695 0.2152 -0.9741
vn 0.2107 -0.6742 0.7078
vn -0.0352 -0.4831 0.8748
vn 0.5786 -0.7532 0.3130
vn 0.3231 -0.6130 0.7210
vn 0.1588 -0.4836 0.8608
vn 0.1145 -0.0557 -0.9919
vn -0.1196 0.1634 -0.9792
vn 0.6258 -0.7312 0.2716
vn 0.9123 -0.3554 -0.2033
vn -0.3142 -0.4642 0.8281
vn -0.1353 -0.3516 0.9263
vn -0.1432 -0.3476 0.9266
vn 0.1035 -0.3632 -0.9259
vn -0.0546 -0.3650 -0.9294
vn -0.3012 -0.3364 0.8922
vn -0.2914 -0.3740 0.8804
vn 0.8412 -0.4849 -0.2389
vn -0.4224 -0.1845 -0.8874
vn -0.5888 -0.3407 -0.7329
vn -0.1779 -0.3666 0.9132
vn -0.1727 -0.3641 0.9152
vn -0.1307 0.4185 0.8987
vn 0.0558 -0.9446 0.3235
vn 0.8244 0.4062 0.3941
vn 0.7987 0.4160 -0.4346
vn 0.7759 -0.3682 -0.5123
vn 0.8797 -0.3864 0.2771
vn 0.3618 0.9253 0.1134
vn 0.4074 -0.8769 -0.2548
vn 0.0395 0.8869 0.4602
vn 0.8657 0.4683 -0.1763
vn 0.4465 0.3858 -0.8073
vn 0.3944 -0.4955 -0.7739
vn 0.8098 -0.4780 -0.3403
vn 0.4098 0.9075 -0.0919
vn 0.4155 -0.4432 0.7943
vn 0.4078 0.3756 0.8322
vn 0.3851 -0.8704 0.3064
vn 0.3377 0.8668 0.3669
vn 0.3322 -0.9375 -0.1034
vn 0.6899 -0.5171 0.5065
vn 0.5196 0.3817 0.7644
vn 0.3890 -0.8949 0.2187
vn 0.8525 0.4807 -0.2053
vn 0.3402 0.3612 -0.8682
vn 0.3462 -0.5246 -0.7778
vn 0.8317 -0.5343 -0.1505
vn 0.3147 0.8830 -0.3481
vn 0.2888 -0.9459 -0.1476
vn 0.3815 0.9120 0.1507
vn -0.1711 0.2749 -0.9461
vn -0.0811 -0.4711 -0.8784
vn 0.0555 0.8536 -0.5179
vn 0.6038 -0.4816 0.6352
vn 0.6636 0.3603 0.6556
vn 0.4172 -0.8813 0.2217
vn 0.4351 0.8901 0.1357
vn 0.1757 -0.9750 -0.1362
vn -0.2816 0.2173 -0.9346
vn -0.2121 0.2035 -0.9558
vn -0.2311 -0.5639 -0.7928
vn -0.2751 -0.5618 -0.7801
vn -0.0921 0.8436 -0.5289
vn -0.0363 0.8228 -0.5671
vn 0.2212 -0.4557 0.8622
vn 0.2490 -0.4634 0.8504
vn 0.3447 0.3477 0.8719
vn 0.2931 0.3421 0.8928
vn 0.0323 -0.9528 0.3019
vn 0.0302 -0.9611 0.2744
vn 0.2373 0.9365 0.2583
vn 0.1838 0.9318 0.3128
vn -0.1245 -0.9568 -0.2624
vn -0.1248 -0.9636 -0.2362
vn -0.0327 -0.5249 0.8505
vn 0.0001 -0.5778 0.8161
vn 0.1134 0.3668 0.9233
vn 0.0617 0.3713 0.9264
vn -0.0647 -0.9557 0.2871
vn -0.0535 -0.9662 0.2519
vn -0.0052 0.3021 -0.9532
vn 0.0637 0.2954 -0.9532
vn -0.0211 -0.5128 -0.8582
vn -0.0696 -0.5068 -0.8592
vn 0.0737 0.8843 -0.4610
vn 0.1353 0.8810 -0.4533
vn -0.0621 -0.9714 -0.2292
vn -0.0699 -0.9686 -0.2385
vn 0.1499 0.9293 0.3374
vn 0.1079 0.9317 0.3467
vn 0.1225 0.3413 -0.9319
vn 0.1986 0.3471 -0.9165
vn 0.0782 -0.5037 -0.8603
vn 0.0263 -0.4912 -0.8706
vn 0.1724 0.9194 -0.3534
vn 0.2194 0.9148 -0.3392
vn -0.0430 -0.4671 0.8831
vn 0.0066 -0.4722 0.8815
vn 0.0978 0.3816 0.9191
vn 0.0340 0.3883 0.9209
vn -0.0660 -0.9492 0.3075
vn -0.0393 -0.9479 0.3160
vn 0.1225 0.9208 0.3703
vn 0.1784 0.9160 0.3593
vn -0.0122 -0.9499 -0.3122
vn -0.0374 -0.9443 -0.3270
vn -0.1940 -0.3509 0.9161
vn -0.1816 -0.3470 0.9201
vn -0.1422 0.4180 0.8972
vn -0.1825 0.4214 0.8883
vn 0.0263 -0.9397 0.3410
vn 0.0107 -0.9354 0.3534
vn 0.4320 0.3630 -0.8256
vn 0.4488 0.3777 -0.8098
vn 0.3966 -0.3346 -0.8548
vn 0.4160 -0.3319 -0.8466
vn 0.2503 0.9300 -0.2690
vn 0.2903 0.9208 -0.2604
vn 0.2991 -0.8235 -0.4821
vn 0.2803 -0.8336 -0.4760
vn -0.0018 0.9255 0.3786
vn 0.0656 0.9196 0.3873
vn -0.2677 -0.3813 0.8848
vn -0.2623 -0.3750 0.8891
vn -0.1330 0.3964 0.9084
vn -0.2055 0.3918 0.8968
vn -0.1282 -0.9283 0.3489
vn -0.1618 -0.9218 0.3522
vn 0.3433 0.4106 -0.8447
vn 0.4227 0.4417 -0.7913
vn 0.2666 -0.3987 -0.8774
vn 0.2686 -0.4011 -0.8757
vn 0.2262 0.9413 -0.2505
vn 0.3021 0.9332 -0.1945
vn 0.1209 -0.8877 -0.4442
vn 0.0763 -0.8975 -0.4344
vn 0.0223 0.9335 0.3578
vn 0.1257 0.9131 0.3877
vn 0.1213 0.3813 -0.9164
vn 0.1771 0.4011 -0.8987
vn 0.0219 -0.5143 -0.8573
vn 0.0117 -0.5215 -0.8531
vn 0.1535 0.9349 -0.3198
vn 0.1993 0.9328 -0.3002
vn -0.0568 -0.4833 0.8736
vn -0.0441 -0.4780 0.8773
vn 0.0892 0.4098 0.9078
vn 0.0335 0.3985 0.9165
vn -0.0875 -0.9479 0.3061
vn -0.0961 -0.9481 0.3031
vn 0.1182 0.9468 0.2992
vn 0.1723 0.9433 0.2837
vn -0.0760 -0.9380 -0.3381
vn -0.0625 -0.9410 -0.3326
vn 0.0136 -0.4889 0.8722
vn 0.0136 -0.4653 0.8850
vn 0.1336 0.3604 0.9232
vn 0.0825 0.3544 0.9315
vn -0.0479 -0.9203 0.3882
vn -0.0642 -0.9080 0.4140
vn 0.0514 0.2750 -0.9601
vn 0.0861 0.2727 -0.9582
vn -0.0216 -0.5115 -0.8590
vn -0.0293 -0.5234 -0.8515
vn 0.1132 0.8696 -0.4805
vn 0.1503 0.8639 -0.4806
vn -0.0913 -0.9662 -0.2408
vn -0.0741 -0.9687 -0.2367
vn 0.1623 0.9502 0.2662
vn 0.1274 0.9501 0.2846
vn -0.1942 0.2535 -0.9476
vn -0.1234 0.2749 -0.9535
vn -0.2327 -0.5565 -0.7976
vn -0.2481 -0.5719 -0.7819
vn 0.0010 0.8585 -0.5128
vn 0.0663 0.8485 -0.5250
vn 0.2152 -0.4343 0.8747
vn 0.2281 -0.4172 0.8797
vn 0.3706 0.4073 0.8347
vn 0.3115 0.3825 0.8698
vn 0.0049 -0.9343 0.3564
vn 0.0002 -0.9261 0.3774
vn 0.2721 0.9506 0.1492
vn 0.2031 0.9584 0.2004
vn -0.1794 -0.9484 -0.2614
vn -0.1644 -0.9504 -0.2639
vn 0.3009 0.8980 0.3209
vn 0.2419 0.9161 0.3197
vn -0.0270 0.8513 -0.5240
vn 0.0320 0.8556 -0.5167
vn -0.0061 -0.9876 -0.1569
vn -0.0725 -0.9760 -0.2051
vn 0.0981 -0.9290 0.3568
vn 0.1722 -0.8976 0.4058
vn -0.1646 -0.5253 -0.8348
vn -0.2221 -0.5464 -0.8076
vn 0.3965 0.3381 0.8535
vn 0.3369 0.3395 0.8781
vn 0.2621 -0.4421 0.8578
vn 0.3246 -0.4319 0.8415
vn -0.2207 0.2422 -0.9448
vn -0.1605 0.2637 -0.9511
vn 0.0142 -0.9709 -0.2388
vn -0.0424 -0.9665 -0.2532
vn -0.0276 -0.9338 0.3566
vn 0.0427 -0.9113 0.4095
vn 0.2134 0.9253 0.3136
vn 0.1693 0.9291 0.3287
vn 0.1178 0.8821 -0.4560
vn 0.1664 0.8812 -0.4425
vn 0.1811 0.3696 0.9113
vn 0.1044 0.3724 0.9221
vn 0.0255 -0.4960 -0.8679
vn -0.0357 -0.4946 -0.8684
vn 0.0340 0.3164 -0.9480
vn 0.0875 0.3285 -0.9404
vn 0.0320 -0.4538 0.8905
vn 0.1092 -0.3868 0.9157
vn 0.0632 -0.9582 -0.2790
vn -0.0096 -0.9452 -0.3261
vn -0.0300 -0.9529 0.3016
vn 0.0576 -0.9506 0.3050
vn 0.1320 -0.4685 -0.8736
vn 0.0628 -0.4745 -0.8780
vn 0.1392 0.3962 0.9075
vn 0.0719 0.3980 0.9145
vn 0.1523 0.9077 0.3910
vn 0.2012 0.8922 0.4042
vn 0.2139 0.9184 -0.3328
vn 0.2694 0.9202 -0.2840
vn -0.0072 -0.4696 0.8828
vn 0.0782 -0.4747 0.8766
vn 0.1584 0.3449 -0.9252
vn 0.2233 0.3555 -0.9076
vn -0.1111 0.4199 0.9008
vn -0.1427 0.4220 0.8953
vn 0.0145 0.9115 0.4110
vn 0.0381 0.8953 0.4438
vn 0.2763 0.9340 -0.2263
vn 0.3003 0.9371 -0.1777
vn 0.4689 -0.3128 -0.8260
vn 0.4297 -0.3182 -0.8450
vn 0.3176 -0.8087 -0.4951
vn 0.3525 -0.8089 -0.4705
vn 0.0538 -0.9429 0.3287
vn 0.0861 -0.9405 0.3287
vn 0.4500 0.3666 -0.8143
vn 0.4906 0.3780 -0.7851
vn -0.1581 -0.3470 0.9244
vn -0.1276 -0.3454 0.9297
vn -0.0964 0.3914 0.9151
vn -0.1472 0.3898 0.9090
vn 0.0677 0.9217 0.3818
vn 0.1184 0.9073 0.4034
vn 0.2901 0.9261 -0.2412
vn 0.3387 0.9114 -0.2336
vn 0.3740 -0.3468 -0.8601
vn 0.3190 -0.3728 -0.8713
vn 0.1896 -0.8642 -0.4660
vn 0.2459 -0.8422 -0.4797
vn -0.0726 -0.9333 0.3515
vn -0.0088 -0.9359 0.3523
vn 0.3944 0.3900 -0.8321
vn 0.4533 0.3763 -0.8080
vn -0.2178 -0.3705 0.9029
vn -0.1713 -0.3590 0.9175
vn -0.2604 -0.4160 0.8713
vn -0.0682 0.3395 0.9381
vn -0.1820 -0.9266 0.3289
vn 0.4815 0.3871 -0.7863
vn 0.2606 -0.4219 -0.8683
vn 0.4103 0.8961 -0.1690
vn 0.0367 -0.8988 -0.4367
vn 0.2326 0.8815 0.4108
vn 0.0107 -0.9518 -0.3066
vn -0.0264 -0.9473 -0.3193
vn -0.0418 -0.9502 0.3088
vn -0.0078 -0.9504 0.3108
vn 0.1172 -0.5171 -0.8478
vn 0.0598 -0.5237 -0.8498
vn 0.1592 0.3795 0.9114
vn 0.0974 0.3889 0.9161
vn 0.1813 0.9288 0.3230
vn 0.2372 0.9097 0.3408
vn 0.2275 0.9218 -0.3139
vn 0.2824 0.9074 -0.3110
vn -0.0070 -0.4859 0.8740
vn 0.0485 -0.4836 0.8739
vn 0.1833 0.3656 -0.9125
vn 0.2565 0.3564 -0.8984
vn 0.2170 0.3564 -0.9087
vn 0.0260 -0.5395 -0.8415
vn 0.2606 0.9170 -0.3021
vn -0.0373 -0.5108 0.8589
vn 0.1342 0.3606 0.9230
vn -0.1054 -0.9495 0.2955
vn 0.2334 0.9246 0.3011
vn -0.0887 -0.9419 -0.3240
vn -0.0512 -0.9731 -0.2244
vn -0.0631 -0.9713 -0.2294
vn -0.0414 -0.9444 0.3261
vn -0.0357 -0.9629 0.2674
vn 0.2098 0.9225 0.3239
vn 0.1766 0.9350 0.3074
vn 0.1588 0.8722 -0.4627
vn 0.2022 0.8723 -0.4451
vn 0.1494 0.3649 0.9189
vn 0.1099 0.3591 0.9268
vn 0.0212 -0.5249 -0.8509
vn -0.0063 -0.5280 -0.8492
vn 0.0897 0.2846 -0.9544
vn 0.1289 0.2931 -0.9473
vn 0.0322 -0.5281 0.8486
vn 0.0475 -0.5666 0.8226
vn 0.0114 -0.4922 0.8704
vn 0.1666 0.3250 0.9309
vn -0.0851 -0.9067 0.4130
vn 0.1196 0.2450 -0.9621
vn -0.0195 -0.5282 -0.8489
vn 0.1895 0.8548 -0.4831
vn -0.1063 -0.9650 -0.2398
vn 0.2182 0.9375 0.2710
vn 0.2889 0.9314 0.2213
vn 0.2464 0.9452 0.2138
vn 0.0276 0.8340 -0.5510
vn 0.0479 0.8107 -0.5835
vn -0.1160 -0.9560 -0.2694
vn -0.1370 -0.9528 -0.2708
vn 0.0204 -0.9481 0.3172
vn 0.0395 -0.9597 0.2783
vn -0.1881 -0.5757 -0.7957
vn -0.2188 -0.5760 -0.7876
vn 0.3905 0.3503 0.8513
vn 0.3508 0.3640 0.8628
vn 0.2416 -0.4530 0.8581
vn 0.2741 -0.4676 0.8404
vn -0.1661 0.2256 -0.9599
vn -0.1386 0.2037 -0.9692
vn -0.0674 0.2171 -0.9738
vn -0.2241 -0.5794 -0.7836
vn 0.1409 0.8223 -0.5513
vn 0.2253 -0.4477 0.8653
vn 0.4199 0.3435 0.8400
vn -0.0087 -0.9252 0.3792
vn 0.3515 0.9230 0.1566
vn -0.1925 -0.9487 -0.2506
vn 0.5237 -0.7975 -0.2993
vn 0.8102 0.1203 -0.5736
vn 0.6002 -0.7853 -0.1514
vn 0.9559 -0.1874 -0.2260
vn 0.5814 -0.7833 -0.2197
vn 0.9576 -0.0468 -0.2842
vn 0.9854 -0.0703 -0.1549
vn -0.0038 -0.9776 -0.2103
vn -0.0451 -0.7141 -0.6985
vn -0.0248 -0.8356 0.5488
vn 0.0093 -0.9556 0.2945
vn 0.0304 0.9665 0.2547
vn 0.0081 0.8325 0.5538
vn -0.0041 0.7520 -0.6591
vn 0.0197 0.9124 -0.4089
vn -0.0515 -0.3897 0.9195
vn -0.0453 0.3663 0.9294
vn 0.0142 -0.9998 0.0081
vn -0.0797 -0.0932 -0.9924
vn 0.0325 0.9994 -0.0141
vn -0.0479 0.4059 -0.9126
usemtl None
s 1
f 482//1 481//2 15//3 16//4
f 475//5 474//6 8//7 9//8
f 468//9 257//10 2//11
f 1//12 482//1 16//4
f 476//13 475//5 9//8 10//14
f 469//15 468//9 2//11 3//16
f 477//17 476//13 10//14 11//18
f 470//19 469//15 3//16 4//20
f 478//21 477//17 11//18 12//22
f 471//23 470//19 4//20 5//24
f 479//25 478//21 12//22 13//26
f 472//27 471//23 5//24 6//28
f 480//29 479//25 13//26 14//30
f 473//31 472//27 6//28 7//32
f 481//2 480//29 14//30 15//3
f 474//6 473//31 7//32 8//7
f 15//3 14//30 29//33 30//34
f 8//7 7//32 22//35 23//36
f 16//4 15//3 30//34 31//37
f 9//8 8//7 23//36 24//38
f 2//11 257//10 17//39
f 1//12 16//4 31//37
f 10//14 9//8 24//38 25//40
f 3//16 2//11 17//39 18//41
f 11//18 10//14 25//40 26//42
f 4//20 3//16 18//41 19//43
f 12//22 11//18 26//42 27//44
f 5//24 4//20 19//43 20//45
f 13//26 12//22 27//44 28//46
f 6//28 5//24 20//45 21//47
f 14//30 13//26 28//46 29//33
f 7//32 6//28 21//47 22//35
f 19//43 18//41 33//48 34//49
f 27//44 26//42 41//50 42//51
f 20//45 19//43 34//49 35//52
f 28//46 27//44 42//51 43//53
f 21//47 20//45 35//52 36//54
f 29//33 28//46 43//53 44//55
f 22//35 21//47 36//54 37//56
f 30//34 29//33 44//55 45//57
f 23//36 22//35 37//56 38//58
f 31//37 30//34 45//57 46//59
f 24//38 23//36 38//58 39//60
f 17//39 257//10 32//61
f 1//12 31//37 46//59
f 25//40 24//38 39//60 40//62
f 18//41 17//39 32//61 33//48
f 26//42 25//40 40//62 41//50
f 38//58 37//56 52//63 53//64
f 46//59 45//57 60//65 61//66
f 39//60 38//58 53//64 54//67
f 32//61 257//10 47//68
f 1//12 46//59 61//66
f 40//62 39//60 54//67 55//69
f 33//48 32//61 47//68 48//70
f 41//50 40//62 55//69 56//71
f 34//49 33//48 48//70 49//72
f 42//51 41//50 56//71 57//73
f 35//52 34//49 49//72 50//74
f 43//53 42//51 57//73 58//75
f 36//54 35//52 50//74 51//76
f 44//55 43//53 58//75 59//77
f 37//56 36//54 51//76 52//63
f 45//57 44//55 59//77 60//65
f 57//73 56//71 71//78 72//79
f 50//74 49//72 64//80 65//81
f 58//75 57//73 72//79 73//82
f 51//76 50//74 65//81 66//83
f 59//77 58//75 73//82 74//84
f 52//63 51//76 66//83 67//85
f 60//65 59//77 74//84 75//86
f 53//64 52//63 67//85 68//87
f 61//66 60//65 75//86 76//88
f 54//67 53//64 68//87 69//89
f 47//68 257//10 62//90
f 1//12 61//66 76//88
f 55//69 54//67 69//89 70//91
f 48//70 47//68 62//90 63//92
f 56//71 55//69 70//91 71//78
f 49//72 48//70 63//92 64//80
f 76//88 75//86 90//93 91//94
f 69//89 68//87 83//95 84//96
f 62//90 257//10 77//97
f 1//12 76//88 91//94
f 70//91 69//89 84//96 85//98
f 63//92 62//90 77//97 78//99
f 71//78 70//91 85//98 86//100
f 64//80 63//92 78//99 79//101
f 72//79 71//78 86//100 87//102
f 65//81 64//80 79//101 80//103
f 73//82 72//79 87//102 88//104
f 66//83 65//81 80//103 81//105
f 74//84 73//82 88//104 89//106
f 67//85 66//83 81//105 82//107
f 75//86 74//84 89//106 90//93
f 68//87 67//85 82//107 83//95
f 88//104 87//102 102//108 103//109
f 81//105 80//103 95//110 96//111
f 89//106 88//104 103//109 104//112
f 82//107 81//105 96//111 97//113
f 90//93 89//106 104//112 105//114
f 83//95 82//107 97//113 98//115
f 91//94 90//93 105//114 106//116
f 84//96 83//95 98//115 99//117
f 77//97 257//10 92//118
f 1//12 91//94 106//116
f 85//98 84//96 99//117 100//119
f 78//99 77//97 92//118 93//120
f 86//100 85//98 100//119 101//121
f 79//101 78//99 93//120 94//122
f 87//102 86//100 101//121 102//108
f 80//103 79//101 94//122 95//110
f 92//118 257//10 107//123
f 1//12 106//116 121//124
f 100//119 99//117 114//125 115//126
f 93//120 92//118 107//123 108//127
f 101//121 100//119 115//126 116//128
f 94//122 93//120 108//127 109//129
f 102//108 101//121 116//128 117//130
f 95//110 94//122 109//129 110//131
f 103//109 102//108 117//130 118//132
f 96//111 95//110 110//131 111//133
f 104//112 103//109 118//132 119//134
f 97//113 96//111 111//133 112//135
f 105//114 104//112 119//134 120//136
f 98//115 97//113 112//135 113//137
f 106//116 105//114 120//136 121//124
f 99//117 98//115 113//137 114//125
f 111//133 110//131 125//138 126//139
f 119//134 118//132 133//140 134//141
f 112//135 111//133 126//139 127//142
f 120//136 119//134 134//141 135//143
f 113//137 112//135 127//142 128//144
f 121//124 120//136 135//143 136//145
f 114//125 113//137 128//144 129//146
f 107//123 257//10 122//147
f 1//12 121//124 136//145
f 115//126 114//125 129//146 130//148
f 108//127 107//123 122//147 123//149
f 116//128 115//126 130//148 131//150
f 109//129 108//127 123//149 124//151
f 117//130 116//128 131//150 132//152
f 110//131 109//129 124//151 125//138
f 118//132 117//130 132//152 133//140
f 130//148 129//146 144//153 145//154
f 123//149 122//147 137//155 138//156
f 131//150 130//148 145//154 146//157
f 124//151 123//149 138//156 139//158
f 132//152 131//150 146//157 147//159
f 125//138 124//151 139//158 140//160
f 133//140 132//152 147//159 148//161
f 126//139 125//138 140//160 141//162
f 134//141 133//140 148//161 149//163
f 127//142 126//139 141//162 142//164
f 135//143 134//141 149//163 150//165
f 128//144 127//142 142//164 143//166
f 136//145 135//143 150//165 151//167
f 129//146 128//144 143//166 144//153
f 122//147 257//10 137//155
f 1//12 136//145 151//167
f 149//163 148//161 163//168 164//169
f 142//164 141//162 156//170 157//171
f 150//165 149//163 164//169 165//172
f 143//166 142//164 157//171 158//173
f 151//167 150//165 165//172 166//174
f 144//153 143//166 158//173 159//175
f 137//155 257//10 152//176
f 1//12 151//167 166//174
f 145//154 144//153 159//175 160//177
f 138//156 137//155 152//176 153//178
f 146//157 145//154 160//177 161//179
f 139//158 138//156 153//178 154//180
f 147//159 146//157 161//179 162//181
f 140//160 139//158 154//180 155//182
f 148//161 147//159 162//181 163//168
f 141//162 140//160 155//182 156//170
f 153//178 152//176 167//183 168//184
f 161//179 160//177 175//185 176//186
f 154//180 153//178 168//184 169//187
f 162//181 161//179 176//186 177//188
f 155//182 154//180 169//187 170//189
f 163//168 162//181 177//188 178//190
f 156//170 155//182 170//189 171//191
f 164//169 163//168 178//190 179//192
f 157//171 156//170 171//191 172//193
f 165//172 164//169 179//192 180//194
f 158//173 157//171 172//193 173//195
f 166//174 165//172 180//194 181//196
f 159//175 158//173 173//195 174//197
f 152//176 257//10 167//183
f 1//12 166//174 181//196
f 160//177 159//175 174//197 175//185
f 172//193 171//191 186//198 187//199
f 180//194 179//192 194//200 195//201
f 173//195 172//193 187//199 188//202
f 181//196 180//194 195//201 196//203
f 174//197 173//195 188//202 189//204
f 167//183 257//10 182//205
f 1//12 181//196 196//203
f 175//185 174//197 189//204 190//206
f 168//184 167//183 182//205 183//207
f 176//186 175//185 190//206 191//208
f 169//187 168//184 183//207 184//209
f 177//188 176//186 191//208 192//210
f 170//189 169//187 184//209 185//211
f 178//190 177//188 192//210 193//212
f 171//191 170//189 185//211 186//198
f 179//192 178//190 193//212 194//200
f 191//208 190//206 205//213 206//214
f 184//209 183//207 198//215 199//216
f 192//210 191//208 206//214 207//217
f 185//211 184//209 199//216 200//218
f 193//212 192//210 207//217 208//219
f 186//198 185//211 200//218 201//220
f 194//200 193//212 208//219 209//221
f 187//199 186//198 201//220 202//222
f 195//201 194//200 209//221 210//223
f 188//202 187//199 202//222 203//224
f 196//203 195//201 210//223 211//225
f 189//204 188//202 203//224 204//226
f 182//205 257//10 197//227
f 1//12 196//203 211//225
f 190//206 189//204 204//226 205//213
f 183//207 182//205 197//227 198//215
f 210//223 209//221 224//228 225//229
f 203//224 202//222 217//230 218//231
f 211//225 210//223 225//229 226//232
f 204//226 203//224 218//231 219//233
f 197//227 257//10 212//234
f 1//12 211//225 226//232
f 205//213 204//226 219//233 220//235
f 198//215 197//227 212//234 213//236
f 206//214 205//213 220//235 221//237
f 199//216 198//215 213//236 214//238
f 207//217 206//214 221//237 222//239
f 200//218 199//216 214//238 215//240
f 208//219 207//217 222//239 223//241
f 201//220 200//218 215//240 216//242
f 209//221 208//219 223//241 224//228
f 202//222 201//220 216//242 217//230
f 222//239 221//237 236//243 237//244
f 215//240 214//238 229//245 230//246
f 223//241 222//239 237//244 238//247
f 216//242 215//240 230//246 231//248
f 224//228 223//241 238//247 239//249
f 217//230 216//242 231//248 232//250
f 225//229 224//228 239//249 240//251
f 218//231 217//230 232//250 233//252
f 226//232 225//229 240//251 241//253
f 219//233 218//231 233//252 234//254
f 212//234 257//10 227//255
f 1//12 226//232 241//253
f 220//235 219//233 234//254 235//256
f 213//236 212//234 227//255 228//257
f 221//237 220//235 235//256 236//243
f 214//238 213//236 228//257 229//245
f 241//253 240//251 255//258 256//259
f 234//254 233//252 248//260 249//261
f 227//255 257//10 242//262
f 1//12 241//253 256//259
f 235//256 234//254 249//261 250//263
f 228//257 227//255 242//262 243//264
f 236//243 235//256 250//263 251//265
f 229//245 228//257 243//264 244//266
f 237//244 236//243 251//265 252//267
f 230//246 229//245 244//266 245//268
f 238//247 237//244 252//267 253//269
f 231//248 230//246 245//268 246//270
f 239//249 238//247 253//269 254//271
f 232//250 231//248 246//270 247//272
f 240//251 239//249 254//271 255//258
f 233//252 232//250 247//272 248//260
f 245//268 244//266 260//273 261//274
f 253//269 252//267 268//275 269//276
f 246//270 245//268 261//274 262//277
f 254//271 253//269 269//276 270//278
f 247//272 246//270 262//277 263//279
f 255//258 254//271 270//278 271//280
f 248//260 247//272 263//279 264//281
f 256//259 255//258 271//280 272//282
f 249//261 248//260 264//281 265//283
f 242//262 257//10 258//284
f 1//12 256//259 272//282
f 250//263 249//261 265//283 266//285
f 243//264 242//262 258//284 259//286
f 251//265 250//263 266//285 267//287
f 244//266 243//264 259//286 260//273
f 252//267 251//265 267//287 268//275
f 265//283 264//281 279//288 280//289
f 258//284 257//10 273//290
f 1//12 272//282 287//291
f 266//285 265//283 280//289 281//292
f 259//286 258//284 273//290 274//293
f 267//287 266//285 281//292 282//294
f 260//273 259//286 274//293 275//295
f 268//275 267//287 282//294 283//296
f 261//274 260//273 275//295 276//297
f 269//276 268//275 283//296 284//298
f 262//277 261//274 276//297 277//299
f 270//278 269//276 284//298 285//300
f 263//279 262//277 277//299 278//301
f 271//280 270//278 285//300 286//302
f 264//281 263//279 278//301 279//288
f 272//282 271//280 286//302 287//291
f 284//298 283//296 298//303 299//304
f 277//299 276//297 291//305 292//306
f 285//300 284//298 299//304 300//307
f 278//301 277//299 292//306 293//308
f 286//302 285//300 300//307 301//309
f 279//288 278//301 293//308 294//310
f 287//291 286//302 301//309 302//311
f 280//289 279//288 294//310 295//312
f 273//290 257//10 288//313
f 1//12 287//291 302//311
f 281//292 280//289 295//312 296//314
f 274//293 273//290 288//313 289//315
f 282//294 281//292 296//314 297//316
f 275//295 274//293 289//315 290//317
f 283//296 282//294 297//316 298//303
f 276//297 275//295 290//317 291//305
f 288//313 257//10 303//318
f 1//12 302//311 317//319
f 296//314 295//312 310//320 311//321
f 289//315 288//313 303//318 304//322
f 297//316 296//314 311//321 312//323
f 290//317 289//315 304//322 305//324
f 298//303 297//316 312//323 313//325
f 291//305 290//317 305//324 306//326
f 299//304 298//303 313//325 314//327
f 292//306 291//305 306//326 307//328
f 300//307 299//304 314//327 315//329
f 293//308 292//306 307//328 308//330
f 301//309 300//307 315//329 316//331
f 294//310 293//308 308//330 309//332
f 302//311 301//309 316//331 317//319
f 295//312 294//310 309//332 310//320
f 307//328 306//326 321//333 322//334
f 315//329 314//327 329//335 330//336
f 308//330 307//328 322//334 323//337
f 316//331 315//329 330//336 331//338
f 309//332 308//330 323//337 324//339
f 317//319 316//331 331//338 332//340
f 310//320 309//332 324//339 325//341
f 303//318 257//10 318//342
f 1//12 317//319 332//340
f 311//321 310//320 325//341 326//343
f 304//322 303//318 318//342 319//344
f 312//323 311//321 326//343 327//345
f 305//324 304//322 319//344 320//346
f 313//325 312//323 327//345 328//347
f 306//326 305//324 320//346 321//333
f 314//327 313//325 328//347 329//335
f 326//343 325//341 340//348 341//349
f 319//344 318//342 333//350 334//351
f 327//345 326//343 341//349 342//352
f 320//346 319//344 334//351 335//353
f 328//347 327//345 342//352 343//354
f 321//333 320//346 335//353 336//355
f 329//335 328//347 343//354 344//356
f 322//334 321//333 336//355 337//357
f 330//336 329//335 344//356 345//358
f 323//337 322//334 337//357 338//359
f 331//338 330//336 345//358 346//360
f 324//339 323//337 338//359 339//361
f 332//340 331//338 346//360 347//362
f 325//341 324//339 339//361 340//348
f 318//342 257//10 333//350
f 1//12 332//340 347//362
f 345//358 344//356 359//363 360//364
f 338//359 337//357 352//365 353//366
f 346//360 345//358 360//364 361//367
f 339//361 338//359 353//366 354//368
f 347//362 346//360 361//367 362//369
f 340//348 339//361 354//368 355//370
f 333//350 257//10 348//371
f 1//12 347//362 362//369
f 341//349 340//348 355//370 356//372
f 334//351 333//350 348//371 349//373
f 342//352 341//349 356//372 357//374
f 335//353 334//351 349//373 350//375
f 343//354 342//352 357//374 358//376
f 336//355 335//353 350//375 351//377
f 344//356 343//354 358//376 359//363
f 337//357 336//355 351//377 352//365
f 357//374 356//372 371//378 372//379
f 350//375 349//373 364//380 365//381
f 358//376 357//374 372//379 373//382
f 351//377 350//375 365//381 366//383
f 359//363 358//376 373//382 374//384
f 352//365 351//377 366//383 367//385
f 360//364 359//363 374//384 375//386
f 353//366 352//365 367//385 368//387
f 361//367 360//364 375//386 376//388
f 354//368 353//366 368//387 369//389
f 362//369 361//367 376//388 377//390
f 355//370 354//368 369//389 370//391
f 348//371 257//10 363//392
f 1//12 362//369 377//390
f 356//372 355//370 370//391 371//378
f 349//373 348//371 363//392 364//380
f 376//388 375//386 390//393 391//394
f 369//389 368//387 383//395 384//396
f 377//390 376//388 391//394 392//397
f 370//391 369//389 384//396 385//398
f 363//392 257//10 378//399
f 1//12 377//390 392//397
f 371//378 370//391 385//398 386//400
f 364//380 363//392 378//399 379//401
f 372//379 371//378 386//400 387//402
f 365//381 364//380 379//401 380//403
f 373//382 372//379 387//402 388//404
f 366//383 365//381 380//403 381//405
f 374//384 373//382 388//404 389//406
f 367//385 366//383 381//405 382//407
f 375//386 374//384 389//406 390//393
f 368//387 367//385 382//407 383//395
f 380//403 379//401 394//408 395//409
f 388//404 387//402 402//410 403//411
f 381//405 380//403 395//409 396//412
f 389//406 388//404 403//411 404//413
f 382//407 381//405 396//412 397//414
f 390//393 389//406 404//413 405//415
f 383//395 382//407 397//414 398//416
f 391//394 390//393 405//415 406//417
f 384//396 383//395 398//416 399//418
f 392//397 391//394 406//417 407//419
f 385//398 384//396 399//418 400//420
f 378//399 257//10 393//421
f 1//12 392//397 407//419
f 386//400 385//398 400//420 401//422
f 379//401 378//399 393//421 394//408
f 387//402 386//400 401//422 402//410
f 399//418 398//416 413//423 414//424
f 407//419 406//417 421//425 422//426
f 400//420 399//418 414//424 415//427
f 393//421 257//10 408//428
f 1//12 407//419 422//426
f 401//422 400//420 415//427 416//429
f 394//408 393//421 408//428 409//430
f 402//410 401//422 416//429 417//431
f 395//409 394//408 409//430 410//432
f 403//411 402//410 417//431 418//433
f 396//412 395//409 410//432 411//434
f 404//413 403//411 418//433 419//435
f 397//414 396//412 411//434 412//436
f 405//415 404//413 419//435 420//437
f 398//416 397//414 412//436 413//423
f 406//417 405//415 420//437 421//425
f 418//433 417//431 432//438 433//439
f 411//434 410//432 425//440 426//441
f 419//435 418//433 433//439 434//442
f 412//436 411//434 426//441 427//443
f 420//437 419//435 434//442 435//444
f 413//423 412//436 427//443 428//445
f 421//425 420//437 435//444 436//446
f 414//424 413//423 428//445 429//447
f 422//426 421//425 436//446 437//448
f 415//427 414//424 429//447 430//449
f 408//428 257//10 423//450
f 1//12 422//426 437//448
f 416//429 415//427 430//449 431//451
f 409//430 408//428 423//450 424//452
f 417//431 416//429 431//451 432//438
f 410//432 409//430 424//452 425//440
f 437//448 436//446 451//453 452//454
f 430//449 429//447 444//455 445//456
f 423//450 257//10 438//457
f 1//12 437//448 452//454
f 431//451 430//449 445//456 446//458
f 424//452 423//450 438//457 439//459
f 432//438 431//451 446//458 447//460
f 425//440 424//452 439//459 440//461
f 433//439 432//438 447//460 448//462
f 426//441 425//440 440//461 441//463
f 434//442 433//439 448//462 449//464
f 427//443 426//441 441//463 442//465
f 435//444 434//442 449//464 450//466
f 428//445 427//443 442//465 443//467
f 436//446 435//444 450//466 451//453
f 429//447 428//445 443//467 444//455
f 441//463 440//461 455//468 456//469
f 449//464 448//462 463//470 464//471
f 442//465 441//463 456//469 457//472
f 450//466 449//464 464//471 465//473
f 443//467 442//465 457//472 458//474
f 451//453 450//466 465//473 466//475
f 444//455 443//467 458//474 459//476
f 452//454 451//453 466//475 467//477
f 445//456 444//455 459//476 460//478
f 438//457 257//10 453//479
f 1//12 452//454 467//477
f 446//458 445//456 460//478 461//480
f 439//459 438//457 453//479 454//481
f 447//460 446//458 461//480 462//482
f 440//461 439//459 454//481 455//468
f 448//462 447//460 462//482 463//470
f 460//478 459//476 474//6 475//5
f 453//479 257//10 468//9
f 1//12 467//477 482//1
f 461//480 460//478 475//5 476//13
f 454//481 453//479 468//9 469//15
f 462//482 461//480 476//13 477//17
f 455//468 454//481 469//15 470//19
f 463//470 462//482 477//17 478//21
f 456//469 455//468 470//19 471//23
f 464//471 463//470 478//21 479//25
f 457//472 456//469 471//23 472//27
f 465//473 464//471 479//25 480//29
f 458//474 457//472 472//27 473//31
f 466//475 465//473 480//29 481//2
f 459//476 458//474 473//31 474//6
f 467//477 466//475 481//2 482//1
f 570//483 489//484 2547//485 2645//486
f 492//487 491//488 2549//489 2551//490
f 772//491 492//487 2551//490 2868//492
f 490//493 493//494 2553//495 2546//496
f 491//488 494//497 2554//498 2549//489
f 485//499 488//500 494//497 491//488
f 483//501 487//502 493//494 490//493
f 773//503 486//504 492//487 772//491
f 486//504 485//499 491//488 492//487
f 569//505 484//506 489//484 570//483
f 776//507 774//508 495//509 499//510
f 777//511 775//512 498//513 502//514
f 775//512 776//507 499//510 498//513
f 773//503 777//511 502//514 486//504
f 487//502 501//515 508//516 503//517
f 497//518 500//519 507//520 506//521
f 501//515 497//518 506//521 508//516
f 500//519 496//522 505//523 507//520
f 487//502 503//517 504//524 493//494
f 493//494 504//524 2570//525 2553//495
f 490//493 510//526 509//527 483//501
f 2546//496 2578//528 510//526 490//493
f 792//529 512//530 511//531 791//532
f 2890//533 2581//534 512//530 792//529
f 791//532 793//535 496//522 509//527
f 509//527 520//536 514//537 483//501
f 497//518 517//538 518//539 500//519
f 487//502 515//540 519//541 501//515
f 483//501 514//537 515//540 487//502
f 496//522 516//542 520//536 509//527
f 501//515 519//541 517//538 497//518
f 500//519 518//539 516//542 496//522
f 514//537 521//543 515//540
f 520//536 521//543 514//537
f 518//539 521//543 516//542
f 515//540 521//543 519//541
f 516//542 521//543 520//536
f 519//541 521//543 517//538
f 517//538 521//543 518//539
f 486//504 502//514 485//499
f 499//510 522//544 524//545 498//513
f 498//513 524//545 525//546 502//514
f 495//509 523//547 522//544 499//510
f 502//514 525//546 488//500 485//499
f 524//545 522//544 523//547 525//546
f 549//548 2614//549 2611//550 547//551
f 546//552 2610//553 2613//554 548//555
f 548//555 2613//554 2614//549 549//548
f 551//556 544//557 545//558 552//559
f 553//560 543//561 544//557 551//556
f 552//559 545//558 542//562 550//563
f 544//557 548//555 549//548 545//558
f 543//561 546//552 548//555 544//557
f 545//558 549//548 547//551 542//562
f 541//564 552//559 550//563 539//565
f 538//566 553//560 551//556 540//567
f 540//567 551//556 552//559 541//564
f 562//568 563//569 2629//570 2632//571
f 563//569 512//530 2581//534 2629//570
f 565//572 513//573 511//531 557//574
f 564//575 565//572 557//574 558//576
f 568//577 566//578 559//579 561//580
f 566//578 567//581 560//582 559//579
f 557//574 511//531 512//530 563//569
f 558//576 557//574 563//569 562//568
f 561//580 559//579 565//572 564//575
f 559//579 560//582 513//573 565//572
f 556//583 555//584 567//581 566//578
f 554//585 556//583 566//578 568//577
f 793//535 513//573 560//582 794//586
f 488//500 569//505 570//483 494//497
f 494//497 570//483 2645//486 2554//498
f 525//546 523//547 571//587 488//500
f 523//547 495//509 572//588 571//587
f 774//508 505//523 573//589 778//590
f 794//586 560//582 567//581 795//591
f 529//592 577//593 585//594 537//595
f 535//596 583//597 577//593 529//592
f 532//598 580//599 579//600 531//601
f 528//602 576//603 580//599 532//598
f 536//604 584//605 576//603 528//602
f 526//606 574//607 584//605 536//604
f 533//608 581//609 574//607 526//606
f 530//610 578//611 581//609 533//608
f 537//595 585//594 575//612 527//613
f 527//613 575//612 582//614 534//615
f 534//615 582//614 578//611 530//610
f 531//601 579//600 583//597 535//596
f 577//593 589//616 597//617 585//594
f 583//597 595//618 589//616 577//593
f 580//599 592//619 591//620 579//600
f 576//603 588//621 592//619 580//599
f 584//605 596//622 588//621 576//603
f 574//607 586//623 596//622 584//605
f 581//609 593//624 586//623 574//607
f 578//611 590//625 593//624 581//609
f 585//594 597//617 587//626 575//612
f 575//612 587//626 594//627 582//614
f 582//614 594//627 590//625 578//611
f 579//600 591//620 595//618 583//597
f 571//587 587//626 569//505 488//500
f 587//626 597//617 484//506 569//505
f 571//587 572//588 594//627 587//626
f 572//588 598//628 590//625 594//627
f 778//590 573//589 599//629 779//630
f 795//591 567//581 555//584 796//631
f 489//484 601//632 2675//633 2547//485
f 484//506 600//634 601//632 489//484
f 484//506 597//617 589//616 600//634
f 540//567 541//564 604//635 603//636
f 538//566 540//567 603//636 602//637
f 603//636 604//635 607//638 606//639
f 602//637 603//636 606//639 605//640
f 606//639 607//638 555//584 556//583
f 605//640 606//639 556//583 554//585
f 796//631 797//641 608//642 599//629
f 779//630 780//643 609//644 598//628
f 598//628 609//644 593//624 590//625
f 604//635 541//564 539//565 610//645
f 799//646 798//647 611//648 615//649
f 798//647 800//650 614//651 611//648
f 802//652 801//653 613//654 612//655
f 800//650 802//652 612//655 614//651
f 801//653 2901//656 2690//657 613//654
f 797//641 803//658 616//659 608//642
f 803//658 799//646 615//649 616//659
f 628//660 2696//661 2697//662 627//663
f 619//664 618//665 617//666 622//667
f 586//623 620//668 621//669 596//622
f 781//670 619//664 622//667 782//671
f 618//665 632//672 623//673 617//666
f 632//672 631//674 624//675 623//673
f 631//674 630//676 625//677 624//675
f 630//676 629//678 626//679 625//677
f 629//678 628//660 627//663 626//679
f 593//624 609//644 620//668 586//623
f 780//643 608//642 619//664 781//670
f 608//642 616//659 618//665 619//664
f 616//659 615//649 632//672 618//665
f 615//649 611//648 631//674 632//672
f 611//648 614//651 630//676 631//674
f 614//651 612//655 629//678 630//676
f 612//655 613//654 628//660 629//678
f 613//654 2690//657 2696//661 628//660
f 2675//633 601//632 633//680 2714//681
f 617//666 623//673 637//682 634//683
f 782//671 622//667 636//684 783//685
f 626//679 627//663 641//686 640//687
f 623//673 624//675 638//688 637//682
f 622//667 617//666 634//683 636//684
f 624//675 625//677 639//689 638//688
f 627//663 2697//662 2716//690 641//686
f 596//622 621//669 635//691 588//621
f 625//677 626//679 640//687 639//689
f 592//619 588//621 642//692 645//693
f 783//685 636//684 650//694 784//695
f 588//621 635//691 649//696 642//692
f 634//683 637//682 651//697 648//698
f 595//618 591//620 644//699 646//700
f 637//682 638//688 652//701 651//697
f 591//620 592//619 645//693 644//699
f 638//688 639//689 653//702 652//701
f 639//689 640//687 654//703 653//702
f 640//687 641//686 655//704 654//703
f 641//686 2716//690 2731//705 655//704
f 600//634 589//616 643//706 647//707
f 589//616 595//618 646//700 643//706
f 636//684 634//683 648//698 650//694
f 601//632 600//634 647//707 633//680
f 2753//708 662//709 656//710 2740//711
f 2761//712 666//713 657//714 2742//715
f 2763//716 667//717 655//704 2731//705
f 2757//718 664//719 658//720 2745//721
f 2758//722 665//723 659//724 2746//725
f 718//726 720//727 721//728 719//729
f 2750//730 661//731 660//732 2749//733
f 2740//711 656//710 661//731 2750//730
f 2745//721 658//720 663//734 2754//735
f 2746//725 659//724 664//719 2757//718
f 2714//681 633//680 665//723 2758//722
f 2749//733 660//732 666//713 2761//712
f 1293//736 1294//737 2046//738 2045//739
f 784//695 650//694 676//740 785//741
f 647//707 643//706 669//742 673//743
f 653//702 654//703 680//744 679//745
f 646//700 644//699 670//746 672//747
f 648//698 651//697 677//748 674//749
f 644//699 645//693 671//750 670//746
f 651//697 652//701 678//751 677//748
f 650//694 648//698 674//749 676//740
f 642//692 649//696 675//752 668//753
f 643//706 646//700 672//747 669//742
f 652//701 653//702 679//745 678//751
f 645//693 642//692 668//753 671//750
f 633//680 647//707 673//743 665//723
f 667//717 680//744 654//703 655//704
f 1264//754 1300//755 2047//756 2016//757
f 673//743 669//742 684//758 688//759
f 668//753 675//752 690//760 683//761
f 672//747 670//746 685//762 687//763
f 677//748 678//751 693//764 692//765
f 676//740 674//749 689//766 691//767
f 670//746 671//750 686//768 685//762
f 678//751 679//745 694//769 693//764
f 785//741 676//740 691//767 786//770
f 669//742 672//747 687//763 684//758
f 679//745 680//744 695//771 694//769
f 671//750 668//753 683//761 686//768
f 674//749 677//748 692//765 689//766
f 2939//772 3434//773 2048//774 2036//775
f 665//723 673//743 688//759 659//724
f 1294//737 1408//776 2049//777 2046//738
f 3560//778 2053//779 2050//780 3555//781
f 3563//782 3553//783 2051//784 2052//785
f 763//786 764//787 701//788 700//789
f 787//790 788//791 708//792 707//793
f 707//793 708//792 709//794 706//795
f 706//795 709//794 710//796 705//797
f 705//797 710//796 711//798 704//799
f 704//799 711//798 712//800 703//801
f 703//801 712//800 713//802 702//803
f 2989//804 3563//782 2052//785 2026//805
f 765//806 713//802 712//800 766//807
f 766//807 712//800 711//798 767//808
f 767//808 711//798 710//796 768//809
f 768//809 710//796 709//794 769//810
f 769//810 709//794 708//792 770//811
f 790//812 788//791 701//788 764//787
f 688//759 684//758 714//813 715//814
f 715//814 714//813 716//815 717//816
f 717//816 716//815 718//726 719//729
f 742//817 737//818 736//819 743//820
f 721//728 720//727 722//821 723//822
f 723//822 722//821 724//823 725//824
f 725//824 724//823 726//825 727//826
f 727//826 726//825 728//827 729//828
f 729//828 728//827 730//829 731//830
f 702//803 731//830 730//829 703//801
f 736//819 755//831 758//832 743//820
f 750//833 789//834 753//835
f 746//836 732//837 733//838 747//839
f 738//840 739//841 735//842 734//843
f 734//843 735//842 736//819 737//818
f 687//763 685//762 739//841 738//840
f 732//837 740//844 741//845 733//838
f 740//844 742//817 743//820 741//845
f 749//846 745//847 744//848 748//849
f 745//847 746//836 747//839 744//848
f 704//799 749//846 748//849 705//797
f 787//790 707//793 752//850 789//834
f 763//786 700//789 750//833 771//851
f 707//793 706//795 751//852 752//850
f 706//795 705//797 748//849 751//852
f 744//848 747//839 760//853 759//854
f 758//832 750//833 757//855
f 733//838 741//845 757//855 753//835
f 750//833 753//835 757//855
f 736//819 735//842 754//856 755//831
f 735//842 739//841 756//857 754//856
f 741//845 743//820 758//832 757//855
f 747//839 733//838 753//835 760//853
f 748//849 744//848 759//854 751//852
f 751//852 759//854 760//853 752//850
f 686//768 756//857 739//841 685//762
f 683//761 763//786 771//851 686//768
f 786//770 790//812 764//787 690//760
f 689//766 769//810 770//811 691//767
f 692//765 768//809 769//810 689//766
f 693//764 767//808 768//809 692//765
f 694//769 766//807 767//808 693//764
f 695//771 765//806 766//807 694//769
f 2984//858 2017//859 2053//779 3560//778
f 683//761 690//760 764//787 763//786
f 4206//860 2061//861 667//717 2763//716
f 691//767 770//811 790//812 786//770
f 700//789 787//790 789//834 750//833
f 770//811 708//792 788//791 790//812
f 700//789 701//788 788//791 787//790
f 675//752 785//741 786//770 690//760
f 649//696 784//695 785//741 675//752
f 635//691 783//685 784//695 649//696
f 621//669 782//671 783//685 635//691
f 609//644 780//643 781//670 620//668
f 620//668 781//670 782//671 621//669
f 599//629 608//642 780//643 779//630
f 572//588 778//590 779//630 598//628
f 495//509 774//508 778//590 572//588
f 503//517 508//516 777//511 773//503
f 506//521 507//520 776//507 775//512
f 508//516 506//521 775//512 777//511
f 507//520 505//523 774//508 776//507
f 503//517 773//503 772//491 504//524
f 504//524 772//491 2868//492 2570//525
f 753//835 789//834 752//850 760//853
f 771//851 754//856 756//857 686//768
f 663//734 662//709 2753//708 2754//735
f 754//856 771//851 755//831
f 771//851 758//832 755//831
f 771//851 750//833 758//832
f 684//758 687//763 738//840 714//813
f 714//813 738//840 734//843 716//815
f 716//815 734//843 737//818 718//726
f 718//726 737//818 742//817 720//727
f 720//727 742//817 740//844 722//821
f 722//821 740//844 732//837 724//823
f 724//823 732//837 746//836 726//825
f 726//825 746//836 745//847 728//827
f 728//827 745//847 749//846 730//829
f 730//829 749//846 704//799 703//801
f 659//724 688//759 715//814 664//719
f 664//719 715//814 717//816 658//720
f 658//720 717//816 719//729 663//734
f 663//734 719//729 721//728 662//709
f 662//709 721//728 723//822 656//710
f 656//710 723//822 725//824 661//731
f 661//731 725//824 727//826 660//732
f 660//732 727//826 729//828 666//713
f 666//713 729//828 731//830 657//714
f 4204//862 2742//715 657//714 2055//863
f 604//635 610//645 799//646 803//658
f 607//638 604//635 803//658 797//641
f 547//551 2611//550 2901//656 801//653
f 550//563 542//562 802//652 800//650
f 542//562 547//551 801//653 802//652
f 539//565 550//563 800//650 798//647
f 610//645 539//565 798//647 799//646
f 555//584 607//638 797//641 796//631
f 573//589 795//591 796//631 599//629
f 505//523 794//586 795//591 573//589
f 496//522 793//535 794//586 505//523
f 511//531 513//573 793//535 791//532
f 2578//528 2890//533 792//529 510//526
f 510//526 792//529 791//532 509//527
f 526//606 536//604 804//864
f 533//608 526//606 804//864
f 530//610 533//608 804//864
f 537//595 527//613 804//864
f 527//613 534//615 804//864
f 534//615 530//610 804//864
f 531//601 535//596 804//864
f 529//592 537//595 804//864
f 535//596 529//592 804//864
f 532//598 531//601 804//864
f 528//602 532//598 804//864
f 536//604 528//602 804//864
f 2039//865 2990//866 2905//867 762//868
f 2025//869 761//870 2906//871 3318//872
f 813//873 1301//874 1296//875 842//876
f 1175//877 1176//878 809//879 838//880
f 2022//881 699//882 2910//883 3082//884
f 1132//885 838//880 809//879 1129//886
f 955//887 855//888 806//889 951//890
f 1185//891 856//892 807//893 1182//894
f 855//888 857//895 811//896 806//889
f 953//897 836//898 805//899 950//900
f 699//882 698//901 2918//902 2910//883
f 1240//903 1239//904 1176//878 1175//877
f 1307//905 1308//906 1297//907 858//908
f 2049//777 697//909 2922//910 3549//911
f 860//912 859//913 815//914 816//915
f 852//916 1296//875 1301//874 823//917
f 682//918 696//919 2924//920 2928//921
f 2020//922 682//918 2928//921 3047//923
f 846//924 929//925 930//926 928//927
f 923//928 860//912 816//915 919//929
f 935//930 861//931 818//932 931//933
f 921//934 846//924 928//927 925//935
f 2021//936 681//937 2932//938 3033//939
f 2019//940 2015//941 2936//942 3034//943
f 1255//944 1273//945 850//946 834//947
f 1003//948 996//949 884//950 888//951
f 698//901 2016//757 2941//952 2918//902
f 934//953 847//954 927//955 937//956
f 857//895 863//957 822//958 811//896
f 870//959 876//960 833//961 827//962
f 999//963 995//964 880//965 912//966
f 936//967 874//968 831//969 932//970
f 924//971 873//972 830//973 920//974
f 873//972 872//975 829//976 830//973
f 868//977 870//959 827//962 824//978
f 956//979 868//977 824//978 952//980
f 840//981 852//916 823//917 812//982
f 2038//983 2985//984 2944//985 2037//986
f 866//987 856//892 1236//988 1231//989
f 1268//990 1274//991 852//916 840//981
f 864//992 865//993 854//994 826//995
f 811//896 822//958 851//996 841//997
f 834//947 850//946 910//998 810//999
f 909//1000 820//1001 849//1002 911//1003
f 1283//1004 1272//1005 847//954 934//953
f 1280//1006 1271//1007 846//924 921//934
f 931//933 818//932 848//1008 933//1009
f 919//929 816//915 845//1010 922//1011
f 1271//1007 1282//1012 929//925 846//924
f 828//1013 1295//1014 1298//1015 871//1016
f 822//958 1309//1017 1310//1018 851//996
f 1265//1019 1268//990 840//981 836//898
f 1285//1020 1265//1019 836//898 953//897
f 806//889 811//896 841//997 837//1021
f 1287//1022 1266//1023 838//880 1132//885
f 1289//1024 1175//877 838//880 1266//1023
f 951//890 806//889 837//1021 954//1025
f 1182//894 807//893 835//1026 1184//1027
f 1256//1028 835//1026 866//987 1276//1029
f 867//1030 878//1031 834//947 810//999
f 2029//1032 2904//1033 2985//984 2038//983
f 808//1034 839//1035 865//993 864//992
f 827//962 833//961 863//957 857//895
f 1001//1036 993//1037 882//1038 881//1039
f 932//970 831//969 861//931 935//930
f 920//974 830//973 860//912 923//928
f 830//973 829//976 859//913 860//912
f 842//876 1296//875 1299//1040 1269//1041
f 824//978 827//962 857//895 855//888
f 1183//1042 1232//1043 1237//1044 1185//891
f 952//980 824//978 855//888 955//887
f 835//1026 807//893 856//892 866//987
f 950//900 805//899 868//977 956//979
f 2008//1045 1135//1046 1142//1047 2006//1048
f 805//899 812//982 870//959 868//977
f 858//908 1297//907 1295//1014 828//1013
f 817//1049 814//1050 872//975 873//972
f 918//1051 817//1049 873//972 924//971
f 926//1052 819//1053 874//968 936//967
f 1000//1054 994//1055 887//1056 883//1057
f 812//982 823//917 876//960 870//959
f 826//995 854//994 878//1031 867//1030
f 2037//986 2944//985 2990//866 2039//865
f 996//949 1002//1058 879//1059 884//950
f 994//1055 1003//948 888//951 887//1056
f 995//964 997//1060 885//1061 880//965
f 1004//1062 1001//1036 881//1039 886//1063
f 998//1064 1000//1054 883//1057 913//1065
f 997//1060 1004//1062 886//1063 885//1061
f 908//1066 903//1067 898//1068 897//1069
f 917//1070 899//1071 890//1072 914//1073
f 903//1067 900//1074 892//1075 898//1068
f 906//1076 908//1066 897//1069 893//1077
f 905//1078 902//1079 896//1080 891//1081
f 907//1082 901//1083 894//1084 895//1085
f 899//1071 905//1078 891//1081 890//1072
f 900//1074 904//1086 889//1087 892//1075
f 916//1088 906//1076 893//1077 915//1089
f 902//1079 907//1082 895//1085 896//1080
f 941//1090 946//1091 907//1082 902//1079
f 949//1092 945//1093 906//1076 916//1088
f 939//1094 943//1095 904//1086 900//1074
f 938//1096 944//1097 905//1078 899//1071
f 946//1091 940//1098 901//1083 907//1082
f 944//1097 941//1090 902//1079 905//1078
f 945//1093 947//1099 908//1066 906//1076
f 942//1100 939//1094 900//1074 903//1067
f 948//1101 938//1096 899//1071 917//1070
f 947//1099 942//1100 903//1067 908//1066
f 943//1095 948//1101 917//1070 904//1086
f 940//1098 949//1092 916//1088 901//1083
f 901//1083 916//1088 915//1089 894//1084
f 904//1086 917//1070 914//1073 889//1087
f 993//1037 998//1064 913//1065 882//1038
f 853//1102 825//1103 869//1104 877//1105
f 821//1106 926//1052 936//967 875//1107
f 1002//1058 999//963 912//966 879//1059
f 832//1108 932//970 935//930 862//1109
f 2029//1032 2019//940 3034//943 2904//1033
f 819//1053 918//1051 924//971 874//968
f 831//969 920//974 923//928 861//931
f 808//1034 909//1000 911//1003 839//1035
f 1272//1005 1280//1006 921//934 847//954
f 874//968 924//971 920//974 831//969
f 861//931 923//928 919//929 818//932
f 818//932 919//929 922//1011 848//1008
f 681//937 2020//922 3047//923 2932//938
f 937//956 927//955 819//1053 926//1052
f 925//935 928//927 817//1049 918//1051
f 928//927 930//926 814//1050 817//1049
f 927//955 925//935 918//1051 819//1053
f 2041//1110 3055//1111 2923//1112 2032//1113
f 847//954 921//934 925//935 927//955
f 910//998 937//956 926//1052 821//1106
f 1273//945 1283//1004 934//953 850//946
f 814//1050 930//926 929//925 843//1114
f 875//1107 936//967 932//970 832//1108
f 2015//941 2021//936 3033//939 2936//942
f 820//1001 931//933 933//1009 849//1002
f 862//1109 935//930 931//933 820//1001
f 820//1001 909//1000 949//1092 940//1098
f 810//999 910//998 948//1101 943//1095
f 864//992 826//995 942//1100 947//1099
f 910//998 821//1106 938//1096 948//1101
f 826//995 867//1030 939//1094 942//1100
f 808//1034 864//992 947//1099 945//1093
f 875//1107 832//1108 941//1090 944//1097
f 862//1109 820//1001 940//1098 946//1091
f 821//1106 875//1107 944//1097 938//1096
f 867//1030 810//999 943//1095 939//1094
f 909//1000 808//1034 945//1093 949//1092
f 832//1108 862//1109 946//1091 941//1090
f 814//1050 950//900 956//979 872//975
f 829//976 952//980 955//887 859//913
f 850//946 934//953 937//956 910//998
f 1270//1115 1285//1020 953//897 843//1114
f 872//975 956//979 952//980 829//976
f 859//913 955//887 951//890 815//914
f 815//914 951//890 954//1025 844//1116
f 696//919 2022//881 3082//884 2924//920
f 894//1084 915//1089 968//1117 964//1118
f 889//1087 914//1073 967//1119 957//1120
f 897//1069 898//1068 966//1121 961//1122
f 914//1073 890//1072 962//1123 967//1119
f 898//1068 892//1075 963//1124 966//1121
f 893//1077 897//1069 961//1122 959//1125
f 891//1081 896//1080 965//1126 958//1127
f 895//1085 894//1084 964//1118 960//1128
f 890//1072 891//1081 958//1127 962//1123
f 892//1075 889//1087 957//1120 963//1124
f 915//1089 893//1077 959//1125 968//1117
f 896//1080 895//1085 960//1128 965//1126
f 1031//1129 1040//1130 975//1131 978//1132
f 1034//1133 1039//1134 974//1135 969//1136
f 1038//1137 1033//1138 980//1139 973//1140
f 1039//1134 1029//1141 976//1142 974//1135
f 1033//1138 1030//1143 977//1144 980//1139
f 1036//1145 1038//1137 973//1140 971//1146
f 1035//1147 1032//1148 979//1149 970//1150
f 1037//1151 1031//1129 978//1132 972//1152
f 1029//1141 1035//1147 970//1150 976//1142
f 1030//1143 1034//1133 969//1136 977//1144
f 1040//1130 1036//1145 971//1146 975//1131
f 1032//1148 1037//1151 972//1152 979//1149
f 1007//1153 1016//1154 987//1155 990//1156
f 1010//1157 1015//1158 986//1159 981//1160
f 1014//1161 1009//1162 992//1163 985//1164
f 1015//1158 1005//1165 988//1166 986//1159
f 1009//1162 1006//1167 989//1168 992//1163
f 1012//1169 1014//1161 985//1164 983//1170
f 1011//1171 1008//1172 991//1173 982//1174
f 1013//1175 1007//1153 990//1156 984//1176
f 1005//1165 1011//1171 982//1174 988//1166
f 1006//1167 1010//1157 981//1160 989//1168
f 1016//1154 1012//1169 983//1170 987//1155
f 1008//1172 1013//1175 984//1176 991//1173
f 1019//1177 1028//1178 999//963 1002//1058
f 1022//1179 1027//1180 998//1064 993//1037
f 1026//1181 1021//1182 1004//1062 997//1060
f 1027//1180 1017//1183 1000//1054 998//1064
f 1021//1182 1018//1184 1001//1036 1004//1062
f 1024//1185 1026//1181 997//1060 995//964
f 1023//1186 1020//1187 1003//948 994//1055
f 1025//1188 1019//1177 1002//1058 996//949
f 1017//1183 1023//1186 994//1055 1000//1054
f 1018//1184 1022//1179 993//1037 1001//1036
f 1028//1178 1024//1185 995//964 999//963
f 1020//1187 1025//1188 996//949 1003//948
f 979//1149 972//1152 1013//1175 1008//1172
f 975//1131 971//1146 1012//1169 1016//1154
f 977//1144 969//1136 1010//1157 1006//1167
f 976//1142 970//1150 1011//1171 1005//1165
f 972//1152 978//1132 1007//1153 1013//1175
f 970//1150 979//1149 1008//1172 1011//1171
f 971//1146 973//1140 1014//1161 1012//1169
f 980//1139 977//1144 1006//1167 1009//1162
f 974//1135 976//1142 1005//1165 1015//1158
f 973//1140 980//1139 1009//1162 1014//1161
f 969//1136 974//1135 1015//1158 1010//1157
f 978//1132 975//1131 1016//1154 1007//1153
f 991//1173 984//1176 1025//1188 1020//1187
f 987//1155 983//1170 1024//1185 1028//1178
f 989//1168 981//1160 1022//1179 1018//1184
f 988//1166 982//1174 1023//1186 1017//1183
f 984//1176 990//1156 1019//1177 1025//1188
f 982//1174 991//1173 1020//1187 1023//1186
f 983//1170 985//1164 1026//1181 1024//1185
f 992//1163 989//1168 1018//1184 1021//1182
f 986//1159 988//1166 1017//1183 1027//1180
f 985//1164 992//1163 1021//1182 1026//1181
f 981//1160 986//1159 1027//1180 1022//1179
f 990//1156 987//1155 1028//1178 1019//1177
f 1044//1189 1049//1190 1037//1151 1032//1148
f 1052//1191 1048//1192 1036//1145 1040//1130
f 1042//1193 1046//1194 1034//1133 1030//1143
f 1041//1195 1047//1196 1035//1147 1029//1141
f 1049//1190 1043//1197 1031//1129 1037//1151
f 1047//1196 1044//1189 1032//1148 1035//1147
f 1048//1192 1050//1198 1038//1137 1036//1145
f 1045//1199 1042//1193 1030//1143 1033//1138
f 1051//1200 1041//1195 1029//1141 1039//1134
f 1050//1198 1045//1199 1033//1138 1038//1137
f 1046//1194 1051//1200 1039//1134 1034//1133
f 1043//1197 1052//1191 1040//1130 1031//1129
f 964//1118 968//1117 1052//1191 1043//1197
f 957//1120 967//1119 1051//1200 1046//1194
f 961//1122 966//1121 1045//1199 1050//1198
f 967//1119 962//1123 1041//1195 1051//1200
f 966//1121 963//1124 1042//1193 1045//1199
f 959//1125 961//1122 1050//1198 1048//1192
f 958//1127 965//1126 1044//1189 1047//1196
f 960//1128 964//1118 1043//1197 1049//1190
f 962//1123 958//1127 1047//1196 1041//1195
f 963//1124 957//1120 1046//1194 1042//1193
f 968//1117 959//1125 1048//1192 1052//1191
f 965//1126 960//1128 1049//1190 1044//1189
f 1116//1201 1060//1202 1055//1203 1112//1204
f 1122//1205 1080//1206 1058//1207 1113//1208
f 1128//1209 886//1063 881//1039 1114//1210
f 1124//1211 913//1065 883//1057 1111//1212
f 1108//1213 1101//1214 1056//1215 1081//1216
f 1094//1217 1055//1203 1060//1202 1096//1218
f 1079//1219 1057//1220 1061//1221 1083//1222
f 1113//1208 1058//1207 1062//1223 1115//1224
f 1117//1225 1065//1226 1060//1202 1116//1201
f 1119//1227 884//950 1065//1226 1117//1225
f 1096//1218 1060//1202 1065//1226 1097//1228
f 1083//1222 1061//1221 1066//1229 1085//1230
f 1115//1224 1062//1223 1064//1231 1118//1232
f 1126//1233 888//951 884//950 1119//1227
f 1097//1228 1065//1226 884//950 879//1059
f 1085//1230 1066//1229 1068//1234 1086//1235
f 1118//1232 1064//1231 880//965 1120//1236
f 1066//1229 1076//1237 1078//1238 1068//1234
f 1099//1239 1104//1240 1077//1241 1067//1242
f 1061//1221 1073//1243 1076//1237 1066//1229
f 1067//1242 1077//1241 1075//1244 1063//1245
f 1063//1245 1075//1244 1074//1246 1059//1247
f 1057//1220 1071//1248 1073//1243 1061//1221
f 1095//1249 1093//1250 1069//1251 1053//1252
f 1101//1214 1106//1253 1072//1254 1056//1215
f 1079//1219 1088//1255 1071//1248 1057//1220
f 1059//1247 1074//1246 1070//1256 1054//1257
f 1089//1258 1098//1259 1088//1255 1079//1219
f 1056//1215 1072//1254 1087//1260 1081//1216
f 1091//1261 1085//1230 1086//1235 1092//1262
f 1064//1231 1084//1263 912//966 880//965
f 1090//1264 1083//1222 1085//1230 1091//1261
f 1062//1223 1082//1265 1084//1263 1064//1231
f 1089//1258 1079//1219 1083//1222 1090//1264
f 1058//1207 1080//1206 1082//1265 1062//1223
f 1110//1266 1108//1213 1081//1216 1095//1249
f 1114//1210 881//1039 882//1038 1121//1267
f 1123//1268 1094//1217 1080//1206 1122//1205
f 1112//1204 1055//1203 1094//1217 1123//1268
f 1100//1269 1110//1266 1095//1249 1053//1252
f 1054//1257 1089//1258 1090//1264 1059//1247
f 1059//1247 1090//1264 1091//1261 1063//1245
f 1063//1245 1091//1261 1092//1262 1067//1242
f 1054//1257 1070//1256 1098//1259 1089//1258
f 1081//1216 1087//1260 1093//1250 1095//1249
f 1084//1263 1097//1228 879//1059 912//966
f 1082//1265 1096//1218 1097//1228 1084//1263
f 1080//1206 1094//1217 1096//1218 1082//1265
f 1121//1267 882//1038 913//1065 1124//1211
f 1067//1242 1092//1262 1109//1270 1099//1239
f 1099//1239 1109//1270 1110//1266 1100//1269
f 1092//1262 1086//1235 1107//1271 1109//1270
f 1109//1270 1107//1271 1108//1213 1110//1266
f 1068//1234 1078//1238 1105//1272 1102//1273
f 1102//1273 1105//1272 1106//1253 1101//1214
f 1053//1252 1069//1251 1103//1274 1100//1269
f 1100//1269 1103//1274 1104//1240 1099//1239
f 1111//1212 883//1057 887//1056 1125//1275
f 1125//1275 887//1056 888//951 1126//1233
f 1086//1235 1068//1234 1102//1273 1107//1271
f 1107//1271 1102//1273 1101//1214 1108//1213
f 1120//1236 880//965 885//1061 1127//1276
f 1127//1276 885//1061 886//1063 1128//1209
f 1105//1272 1127//1276 1128//1209 1106//1253
f 1078//1238 1120//1236 1127//1276 1105//1272
f 1103//1274 1125//1275 1126//1233 1104//1240
f 1069//1251 1111//1212 1125//1275 1103//1274
f 1087//1260 1121//1267 1124//1211 1093//1250
f 1070//1256 1112//1204 1123//1268 1098//1259
f 1098//1259 1123//1268 1122//1205 1088//1255
f 1072//1254 1114//1210 1121//1267 1087//1260
f 1076//1237 1118//1232 1120//1236 1078//1238
f 1104//1240 1126//1233 1119//1227 1077//1241
f 1073//1243 1115//1224 1118//1232 1076//1237
f 1077//1241 1119//1227 1117//1225 1075//1244
f 1075//1244 1117//1225 1116//1201 1074//1246
f 1071//1248 1113//1208 1115//1224 1073//1243
f 1093//1250 1124//1211 1111//1212 1069//1251
f 1106//1253 1128//1209 1114//1210 1072//1254
f 1088//1255 1122//1205 1113//1208 1071//1248
f 1074//1246 1116//1201 1112//1204 1070//1256
f 2013//1277 1177//1278 1136//1279 2012//1280
f 828//1013 1131//1281 1134//1282 858//908
f 1269//1041 1287//1022 1132//885 842//876
f 2014//1283 1186//1284 1138//1285 2010//1286
f 858//908 1134//1282 1315//1287 1307//905
f 843//1114 953//897 950//900 814//1050
f 697//909 2023//1288 3264//1289 2922//910
f 1994//1290 2003//1291 1951//1292 1153//1293
f 2006//1048 1142//1047 1139//1294 2011//1295
f 2012//1280 1136//1279 1135//1046 2008//1045
f 2010//1286 1138//1285 1137//1296 2007//1297
f 2009//1298 1140//1299 1141//1300 2005//1301
f 1993//1302 1994//1290 1153//1293 1152//1303
f 1999//1304 2002//1305 1956//1306 1156//1307
f 1997//1308 1993//1302 1152//1303 1179//1309
f 1995//1310 1999//1304 1156//1307 1154//1311
f 1992//1312 1996//1313 1155//1314 1151//1315
f 2001//1316 2000//1317 1157//1318 1158//1319
f 1998//1320 1991//1321 1506//1322 1188//1323
f 1186//1284 1141//1300 1155//1314 1188//1323
f 1137//1296 1138//1285 1422//1324 1960//1325
f 1141//1300 1140//1299 1151//1315 1155//1314
f 1139//1294 1142//1047 1949//1326 1950//1327
f 1177//1278 1962//1328 1505//1329 1179//1309
f 1140//1299 1959//1330 1956//1306 1151//1315
f 1135//1046 1136//1279 1152//1303 1153//1293
f 1142//1047 1135//1046 1958//1331 1949//1326
f 1174//1332 1168//1333 1161//1334 1166//1335
f 1170//1336 1174//1332 1166//1335 1160//1337
f 1172//1338 1167//1339 1233//1340 1235//1341
f 1173//1342 1169//1343 1164//1344 1165//1345
f 1168//1333 1171//1346 1162//1347 1161//1334
f 1190//1348 1170//1336 1160//1337 1189//1349
f 1181//1350 1241//1351 1242//1352 1180//1353
f 1171//1346 1173//1342 1165//1345 1162//1347
f 1247//1354 1249//1355 1173//1342 1171//1346
f 1251//1356 1254//1357 1241//1351 1181//1350
f 1252//1358 1246//1359 1170//1336 1190//1348
f 1244//1360 1247//1354 1171//1346 1168//1333
f 1249//1355 1245//1361 1169//1343 1173//1342
f 1248//1362 1243//1363 1167//1339 1172//1338
f 1246//1359 1250//1364 1174//1332 1170//1336
f 1250//1364 1244//1360 1168//1333 1174//1332
f 2011//1295 1139//1294 1140//1299 2009//1298
f 1245//1361 1251//1356 1181//1350 1169//1343
f 1169//1343 1181//1350 1180//1353 1164//1344
f 1136//1279 1177//1278 1179//1309 1152//1303
f 2000//1317 2004//1365 1505//1329 1157//1318
f 2007//1297 1137//1296 1177//1278 2013//1277
f 2024//1366 2018//1367 1292//1368 1289//1024
f 842//876 1132//885 1129//886 813//873
f 1243//1363 1253//1369 1234//1370 1167//1339
f 1167//1339 1234//1370 1238//1371 1233//1340
f 1138//1285 1186//1284 1961//1372 1422//1324
f 1996//1313 1998//1320 1188//1323 1155//1314
f 2005//1301 1141//1300 1186//1284 2014//1283
f 1131//1281 1183//1042 1185//891 1134//1282
f 877//1105 869//1104 1239//904 1240//903
f 1134//1282 1185//891 1182//894 1130//1373
f 2023//1288 2025//869 3318//872 3264//1289
f 1160//1337 1191//1374 1210//1375 1189//1349
f 1191//1374 1192//1376 1209//1377 1210//1375
f 1163//1378 1195//1379 1208//1380 1180//1353
f 1195//1379 1196//1381 1207//1382 1208//1380
f 1161//1334 1204//1383 1199//1384 1166//1335
f 1204//1383 1203//1385 1200//1386 1199//1384
f 1166//1335 1199//1384 1191//1374 1160//1337
f 1199//1384 1200//1386 1192//1376 1191//1374
f 1159//1387 1202//1388 1195//1379 1163//1378
f 1202//1388 1201//1389 1196//1381 1195//1379
f 1164//1344 1206//1390 1197//1391 1165//1345
f 1206//1390 1205//1392 1198//1393 1197//1391
f 1162//1347 1193//1394 1204//1383 1161//1334
f 1193//1394 1194//1395 1203//1385 1204//1383
f 1189//1349 1210//1375 1202//1388 1159//1387
f 1210//1375 1209//1377 1201//1389 1202//1388
f 1180//1353 1208//1380 1206//1390 1164//1344
f 1208//1380 1207//1382 1205//1392 1206//1390
f 1165//1345 1197//1391 1193//1394 1162//1347
f 1197//1391 1198//1393 1194//1395 1193//1394
f 1981//1396 1983//1397 1220//1398 1218//1399
f 1987//1400 1985//1401 1451//1402 1212//1403
f 1983//1397 1990//1404 1500//1405 1220//1398
f 1988//1406 1987//1400 1212//1403 1213//1407
f 1977//1408 1981//1396 1218//1399 1214//1409
f 1980//1410 1986//1411 1211//1412 1217//1413
f 1982//1414 1978//1415 1215//1416 1219//1417
f 1986//1411 1989//1418 1957//1419 1211//1412
f 1978//1415 1979//1420 1216//1421 1215//1416
f 1979//1420 1984//1422 1952//1423 1216//1421
f 1218//1399 1220//1398 1227//1424 1225//1425
f 1212//1403 1451//1402 1953//1426 1229//1427
f 1220//1398 1500//1405 1499//1428 1227//1424
f 1213//1407 1212//1403 1229//1427 1230//1429
f 1214//1409 1218//1399 1225//1425 1221//1430
f 1217//1413 1211//1412 1228//1431 1224//1432
f 1219//1417 1215//1416 1222//1433 1226//1434
f 1211//1412 1957//1419 1955//1435 1228//1431
f 1215//1416 1216//1421 1223//1436 1222//1433
f 1216//1421 1952//1423 1954//1437 1223//1436
f 1185//891 1237//1044 1236//988 856//892
f 1236//988 1237//1044 1232//1043 825//1103
f 1416//1438 1231//989 853//1102 1419//1439
f 1233//1340 1238//1371 1189//1349 1159//1387
f 1189//1349 1238//1371 1234//1370 1190//1348
f 1235//1341 1233//1340 1159//1387 1163//1378
f 1253//1369 1232//1043 1183//1042 1252//1358
f 1130//1373 1182//894 1184//1027 1133//1440
f 1289//1024 1292//1368 1240//903 1175//877
f 1254//1357 1239//904 869//1104 1248//1362
f 1180//1353 1242//1352 1235//1341 1163//1378
f 1235//1341 1242//1352 1241//1351 1172//1338
f 1231//989 1236//988 825//1103 853//1102
f 2018//1367 3377//1441 2989//804 2026//805
f 1241//1351 1254//1357 1248//1362 1172//1338
f 1234//1370 1253//1369 1252//1358 1190//1348
f 825//1103 1232//1043 1253//1369 1243//1363
f 809//879 1176//878 1251//1356 1245//1361
f 828//1013 871//1016 1244//1360 1250//1364
f 1131//1281 828//1013 1250//1364 1246//1359
f 869//1104 825//1103 1243//1363 1248//1362
f 1129//886 809//879 1245//1361 1249//1355
f 871//1016 813//873 1247//1354 1244//1360
f 1183//1042 1131//1281 1246//1359 1252//1358
f 1176//878 1239//904 1254//1357 1251//1356
f 813//873 1129//886 1249//1355 1247//1354
f 1301//874 813//873 871//1016 1298//1015
f 1240//903 1292//1368 1291//1442 877//1105
f 1133//1440 1184//1027 1290//1443 1288//1444
f 2031//1445 2044//1446 1287//1022 1269//1041
f 844//1116 954//1025 1286//1447 1260//1448
f 2032//1113 2043//1449 1285//1020 1270//1115
f 849//1002 933//1009 1284//1450 1263//1451
f 2035//1452 2042//1453 1283//1004 1273//945
f 929//925 1282//1012 1270//1115 843//1114
f 848//1008 922//1011 1281//1454 1262//1455
f 2034//1456 2040//1457 1280//1006 1272//1005
f 839//1035 911//1003 1279//1458 1267//1459
f 854//994 1275//1460 1278//1461 878//1031
f 839//1035 1267//1459 1277//1462 865//993
f 761//870 1256//1028 1276//1029 2017//859
f 2024//1366 1289//1024 1266//1023 2028//1463
f 2044//1446 2028//1463 1266//1023 1287//1022
f 2043//1449 2027//1464 1265//1019 1285//1020
f 2027//1464 2030//1465 1268//990 1265//1019
f 1311//1466 1302//1467 1130//1373 1133//1440
f 2033//1468 2041//1110 1282//1012 1271//1007
f 2040//1457 2033//1468 1271//1007 1280//1006
f 2042//1453 2034//1456 1272//1005 1283//1004
f 2030//1465 2036//775 1274//991 1268//990
f 865//993 1277//1462 1275//1460 854//994
f 841//997 851//996 1264//754 1258//1469
f 762//868 2035//1452 1273//945 1255//944
f 911//1003 849//1002 1263//1451 1279//1458
f 933//1009 848//1008 1262//1455 1284//1450
f 922//1011 845//1010 1261//1470 1281//1454
f 845//1010 844//1116 1260//1448 1261//1470
f 837//1021 841//997 1258//1469 1257//1471
f 954//1025 837//1021 1257//1471 1286//1447
f 1184//1027 835//1026 1256//1028 1290//1443
f 878//1031 1278//1461 1255//944 834//947
f 2047//756 2045//739 3430//1472 3435//1473
f 2031//1445 2048//774 3434//773 2921//1474
f 2045//739 2046//738 3432//1475 3430//1472
f 863//957 1297//907 1308//906 1312//1476
f 836//898 840//981 812//982 805//899
f 2016//757 2047//756 3435//1473 2941//952
f 876//960 1298//1015 1295//1014 833//961
f 816//915 815//914 844//1116 845//1010
f 1274//991 1299//1040 1296//875 852//916
f 833//961 1295//1014 1297//907 863//957
f 823//917 1301//874 1298//1015 876//960
f 2036//775 2048//774 1299//1040 1274//991
f 851//996 1310//1018 1313//1477 1264//754
f 1382//1478 1303//1479 1259//1480 1408//776
f 1303//1479 1314//1481 1288//1444 1259//1480
f 1288//1444 1314//1481 1311//1466 1133//1440
f 1304//1482 1305//1483 1293//736 1300//755
f 1305//1483 1306//1484 1294//737 1293//736
f 1264//754 1313//1477 1304//1482 1300//755
f 1312//1476 1309//1017 822//958 863//957
f 1315//1287 1134//1282 1130//1373 1302//1467
f 1319//1485 1365//1486 1369//1487 1316//1488
f 1321//1489 1318//1490 1337//1491 1339//1492
f 1334//1493 1346//1494 1403//1495 1402//1496
f 1318//1490 1322//1497 1344//1498 1337//1491
f 1317//1499 1323//1500 1368//1501 1369//1487
f 1321//1489 1312//1476 1308//906 1319//1485
f 1320//1502 1406//1503 1402//1496 1317//1499
f 1329//1504 1332//1505 1359//1506 1354//1507
f 1315//1287 1302//1467 1406//1503 1320//1502
f 1318//1490 1321//1489 1319//1485 1316//1488
f 1312//1476 1321//1489 1339//1492 1309//1017
f 1308//906 1307//905 1365//1486 1319//1485
f 1322//1497 1325//1508 1349//1509 1344//1498
f 1322//1497 1318//1490 1316//1488 1324//1510
f 1323//1500 1327//1511 1367//1512 1368//1501
f 1346//1494 1350//1513 1404//1514 1403//1495
f 1360//1515 1332//1505 1331//1516
f 1325//1508 1322//1497 1324//1510 1326//1517
f 1327//1511 1330//1518 1370//1519 1367//1512
f 1350//1513 1357//1520 1405//1521 1404//1514
f 1325//1508 1329//1504 1354//1507 1349//1509
f 1329//1504 1325//1508 1326//1517 1328//1522
f 1328//1522 1331//1516 1332//1505 1329//1504
f 1357//1520 1363//1523 1407//1524 1405//1521
f 1333//1525 1360//1515 1366//1526
f 1363//1523 1360//1515 1407//1524
f 1332//1505 1360//1515 1359//1506
f 1330//1518 1333//1525 1366//1526 1370//1519
f 1341//1527 1335//1528 1379//1529 1383//1530
f 1343//1531 1397//1532 1400//1533 1338//1534
f 1334//1493 1374//1535 1376//1536 1346//1494
f 1338//1534 1400//1533 1398//1537 1345//1538
f 1336//1539 1379//1529 1377//1540 1347//1541
f 1343//1531 1386//1542 1305//1483 1304//1482
f 1342//1543 1336//1539 1374//1535 1375//1544
f 1356//1545 1396//1546 1399//1547 1362//1548
f 1303//1479 1342//1543 1375//1544 1314//1481
f 1338//1534 1384//1549 1386//1542 1343//1531
f 1304//1482 1313//1477 1397//1532 1343//1531
f 1306//1484 1341//1527 1383//1530 1382//1478
f 1345//1538 1398//1537 1401//1550 1351//1551
f 1345//1538 1385//1552 1384//1549 1338//1534
f 1347//1541 1377//1540 1378//1553 1353//1554
f 1346//1494 1376//1536 1371//1555 1350//1513
f 1360//1515 1388//1556 1362//1548
f 1351//1551 1387//1557 1385//1552 1345//1538
f 1353//1554 1378//1553 1381//1558 1358//1559
f 1350//1513 1371//1555 1373//1560 1357//1520
f 1351//1551 1401//1550 1396//1546 1356//1545
f 1356//1545 1389//1561 1387//1557 1351//1551
f 1355//1562 1389//1561 1388//1556 1361//1563
f 1357//1520 1373//1560 1372//1564 1363//1523
f 1364//1565 1380//1566 1360//1515
f 1363//1523 1372//1564 1360//1515
f 1362//1548 1399//1547 1360//1515
f 1358//1559 1381//1558 1380//1566 1364//1565
f 1365//1486 1307//905 1315//1287 1320//1502
f 1367//1512 1370//1519 1328//1522 1326//1517
f 1370//1519 1366//1526 1331//1516 1328//1522
f 1369//1487 1365//1486 1320//1502 1317//1499
f 1366//1526 1360//1515 1331//1516
f 1368//1501 1367//1512 1326//1517 1324//1510
f 1369//1487 1368//1501 1324//1510 1316//1488
f 1314//1481 1375//1544 1340//1567 1311//1466
f 1371//1555 1376//1536 1347//1541 1353//1554
f 1360//1515 1372//1564 1364//1565
f 1373//1560 1371//1555 1353//1554 1358//1559
f 1372//1564 1373//1560 1358//1559 1364//1565
f 1375//1544 1374//1535 1334//1493 1340//1567
f 1376//1536 1374//1535 1336//1539 1347//1541
f 1382//1478 1383//1530 1342//1543 1303//1479
f 1381//1558 1378//1553 1352//1568 1355//1562
f 1380//1566 1381//1558 1355//1562 1361//1563
f 1383//1530 1379//1529 1336//1539 1342//1543
f 1360//1515 1380//1566 1361//1563
f 1378//1553 1377//1540 1348//1569 1352//1568
f 1377//1540 1379//1529 1335//1528 1348//1569
f 1388//1556 1389//1561 1356//1545 1362//1548
f 1386//1542 1384//1549 1335//1528 1341//1527
f 1388//1556 1360//1515 1361//1563
f 1384//1549 1385//1552 1348//1569 1335//1528
f 1385//1552 1387//1557 1352//1568 1348//1569
f 1305//1483 1386//1542 1341//1527 1306//1484
f 1387//1557 1389//1561 1355//1562 1352//1568
f 1390//1570 1391//1571 1339//1492 1337//1491
f 1392//1572 1390//1570 1337//1491 1344//1498
f 1393//1573 1392//1572 1344//1498 1349//1509
f 1360//1515 1394//1574 1359//1506
f 1395//1575 1393//1573 1349//1509 1354//1507
f 1391//1571 1310//1018 1309//1017 1339//1492
f 1394//1574 1395//1575 1354//1507 1359//1506
f 1400//1533 1397//1532 1391//1571 1390//1570
f 1398//1537 1400//1533 1390//1570 1392//1572
f 1401//1550 1398//1537 1392//1572 1393//1573
f 1360//1515 1399//1547 1394//1574
f 1396//1546 1401//1550 1393//1573 1395//1575
f 1397//1532 1313//1477 1310//1018 1391//1571
f 1399//1547 1396//1546 1395//1575 1394//1574
f 1402//1496 1406//1503 1340//1567 1334//1493
f 1404//1514 1405//1521 1330//1518 1327//1511
f 1407//1524 1360//1515 1333//1525
f 1403//1495 1404//1514 1327//1511 1323//1500
f 1406//1503 1302//1467 1311//1466 1340//1567
f 1402//1496 1403//1495 1323//1500 1317//1499
f 1405//1521 1407//1524 1333//1525 1330//1518
f 1306//1484 1382//1478 1408//776 1294//737
f 2046//738 2049//777 3549//911 3432//1475
f 1415//1576 1418//1577 1411//1578 1409//1579
f 2053//779 1420//1580 1414//1581 2050//780
f 2052//785 2051//784 1411//1578 1418//1577
f 2058//1582 1413//1583 1412//1584 2057//1585
f 1419//1439 1415//1576 1409//1579 1412//1584
f 1417//1586 1416//1438 1413//1583 1410//1587
f 1420//1580 1417//1586 1410//1587 1414//1581
f 1276//1029 866//987 1417//1586 1420//1580
f 866//987 1231//989 1416//1438 1417//1586
f 853//1102 877//1105 1415//1576 1419//1439
f 2026//805 2052//785 1418//1577 1291//1442
f 2017//859 1276//1029 1420//1580 2053//779
f 877//1105 1291//1442 1418//1577 1415//1576
f 1413//1583 1416//1438 1419//1439 1412//1584
f 2056//1588 2054//1589 731//830 702//803
f 2061//861 2059//1590 680//744 667//717
f 2055//863 657//714 731//830 2054//1589
f 2057//1585 2056//1588 702//803 713//802
f 2060//1591 2058//1582 765//806 695//771
f 2059//1590 2060//1591 695//771 680//744
f 1519//1592 1442//1593 1424//1594 1501//1595
f 1747//1596 1741//1597 1472//1598 1471//1599
f 1515//1600 1437//1601 1425//1602 1187//1603
f 1464//1604 1441//1605 1148//1606 1459//1607
f 1455//1608 1440//1609 1178//1610 1449//1611
f 1463//1612 1438//1613 1145//1614 1146//1615
f 1454//1616 1439//1617 1147//1618 1150//1619
f 1715//1620 1709//1621 1482//1622 1481//1623
f 1457//1624 1447//1625 1435//1626 1452//1627
f 1466//1628 1446//1629 1434//1630 1461//1631
f 1456//1632 1442//1593 1431//1633 1453//1634
f 1465//1635 1443//1636 1432//1637 1462//1638
f 1517//1639 1445//1640 1433//1641 1509//1642
f 1513//1643 1440//1609 1431//1633 1511//1644
f 1144//1645 1178//1610 1440//1609 1513//1643
f 1452//1627 1435//1626 1439//1617 1454//1616
f 1461//1631 1434//1630 1438//1613 1463//1612
f 1453//1634 1431//1633 1440//1609 1455//1608
f 1462//1638 1432//1637 1441//1605 1464//1604
f 1551//1646 1491//1647 1467//1648 1528//1649
f 1503//1650 1427//1651 1445//1640 1517//1639
f 1460//1652 1426//1653 1443//1636 1465//1635
f 1450//1654 1424//1594 1442//1593 1456//1632
f 1458//1655 1429//1656 1446//1629 1466//1628
f 1448//1657 1428//1658 1447//1625 1457//1624
f 1511//1644 1431//1633 1442//1593 1519//1592
f 1423//1659 1448//1657 1457//1624 1444//1660
f 1429//1656 1450//1654 1456//1632 1446//1629
f 1434//1630 1453//1634 1455//1608 1438//1613
f 1430//1661 1452//1627 1454//1616 1436//1662
f 1446//1629 1456//1632 1453//1634 1434//1630
f 1444//1660 1457//1624 1452//1627 1430//1661
f 1699//1663 1693//1664 1483//1665 1541//1666
f 1436//1662 1454//1616 1150//1619 1421//1667
f 1438//1613 1455//1608 1449//1611 1145//1614
f 1427//1651 1458//1655 1466//1628 1445//1640
f 1428//1658 1460//1652 1465//1635 1447//1625
f 1435//1626 1462//1638 1464//1604 1439//1617
f 1433//1641 1461//1631 1463//1612 1437//1601
f 1447//1625 1465//1635 1462//1638 1435//1626
f 1445//1640 1466//1628 1461//1631 1433//1641
f 1437//1601 1463//1612 1146//1615 1425//1602
f 1439//1617 1464//1604 1459//1607 1147//1618
f 1731//1668 1725//1669 1476//1670 1475//1671
f 1525//1672 1469//1673 1470//1674 1527//1675
f 1549//1676 1492//1677 1469//1673 1525//1672
f 1491//1647 1494//1678 1468//1679 1467//1648
f 1492//1677 1493//1680 1470//1674 1469//1673
f 1531//1681 1471//1599 1935//1682
f 1748//1683 1742//1684 1474//1685 1473//1686
f 1746//1687 1748//1683 1473//1686 1530//1688
f 1744//1689 1747//1596 1471//1599 1531//1681
f 1533//1690 1477//1691 1939//1692
f 1732//1693 1726//1694 1478//1695 1477//1691
f 1730//1696 1732//1693 1477//1691 1533//1690
f 1728//1697 1731//1668 1475//1671 1536//1698
f 1539//1699 1479//1700 1944//1701
f 1714//1702 1715//1620 1481//1623 1538//1703
f 1712//1704 1710//1705 1479//1700 1539//1699
f 1710//1705 1716//1706 1480//1707 1479//1700
f 1541//1666 1483//1665 1948//1708
f 1693//1664 1694//1709 1486//1710 1483//1665
f 1697//1711 1695//1712 1485//1713 1544//1714
f 1695//1712 1700//1715 1484//1716 1485//1713
f 1910//1717 1911//1718 1488//1719 1489//1720
f 1909//1721 1912//1722 1490//1723 1487//1724
f 1916//1725 1910//1717 1489//1720 1545//1726
f 1914//1727 1909//1721 1487//1724 1547//1728
f 1920//1729 1917//1730 1493//1680 1492//1677
f 1919//1731 1918//1732 1494//1678 1491//1647
f 1924//1733 1920//1729 1492//1677 1549//1676
f 1922//1734 1919//1731 1491//1647 1551//1646
f 1932//1735 1927//1736 1497//1737 1553//1738
f 1930//1739 1928//1740 1498//1741 1555//1742
f 1927//1736 1926//1743 1496//1744 1497//1737
f 1928//1740 1925//1745 1495//1746 1498//1741
f 1926//1743 1929//1747 1556//1748 1496//1744
f 1929//1747 1930//1739 1555//1742 1556//1748
f 1925//1745 1931//1749 1554//1750 1495//1746
f 1931//1749 1932//1735 1553//1738 1554//1750
f 1917//1730 1921//1751 1552//1752 1493//1680
f 1921//1751 1922//1734 1551//1646 1552//1752
f 1918//1732 1923//1753 1550//1754 1494//1678
f 1923//1753 1924//1733 1549//1676 1550//1754
f 1911//1718 1913//1755 1548//1756 1488//1719
f 1913//1755 1914//1727 1547//1728 1548//1756
f 1912//1722 1915//1757 1546//1758 1490//1723
f 1915//1757 1916//1725 1545//1726 1546//1758
f 1694//1709 1696//1759 1543//1760 1486//1710
f 1696//1759 1697//1711 1544//1714 1543//1760
f 1484//1716 1947//1761 1946//1762 1485//1713
f 1542//1763 1541//1666 1948//1708 1947//1761
f 1709//1621 1711//1764 1540//1765 1482//1622
f 1711//1764 1712//1704 1539//1699 1540//1765
f 1716//1706 1713//1766 1537//1767 1480//1707
f 1713//1766 1714//1702 1538//1703 1537//1767
f 1482//1622 1540//1765 1943//1768
f 1540//1765 1539//1699 1944//1701 1943//1768
f 1726//1694 1727//1769 1535//1770 1478//1695
f 1727//1769 1728//1697 1536//1698 1535//1770
f 1725//1669 1729//1771 1534//1772 1476//1670
f 1729//1771 1730//1696 1533//1690 1534//1772
f 1476//1670 1534//1772 1940//1773
f 1534//1772 1533//1690 1939//1692 1940//1773
f 1742//1684 1743//1774 1532//1775 1474//1685
f 1743//1774 1744//1689 1531//1681 1532//1775
f 1741//1597 1745//1776 1529//1777 1472//1598
f 1745//1776 1746//1687 1530//1688 1529//1777
f 1474//1685 1532//1775 1936//1778
f 1532//1775 1531//1681 1935//1682 1936//1778
f 1494//1678 1550//1754 1526//1779 1468//1679
f 1550//1754 1549//1676 1525//1672 1526//1779
f 1468//1679 1526//1779 1528//1649 1467//1648
f 1526//1779 1525//1672 1527//1675 1528//1649
f 1700//1715 1698//1780 1542//1763 1484//1716
f 1698//1780 1699//1663 1541//1666 1542//1763
f 1430//1661 1512//1781 1520//1782 1444//1660
f 1512//1781 1511//1644 1519//1592 1520//1782
f 1426//1653 1504//1783 1518//1784 1443//1636
f 1504//1783 1503//1650 1517//1639 1518//1784
f 1493//1680 1552//1752 1527//1675 1470//1674
f 1552//1752 1551//1646 1528//1649 1527//1675
f 1421//1667 1143//1785 1514//1786 1436//1662
f 1143//1785 1144//1645 1513//1643 1514//1786
f 1436//1662 1514//1786 1512//1781 1430//1661
f 1514//1786 1513//1643 1511//1644 1512//1781
f 1443//1636 1518//1784 1510//1787 1432//1637
f 1518//1784 1517//1639 1509//1642 1510//1787
f 1441//1605 1516//1788 1149//1789 1148//1606
f 1516//1788 1515//1600 1187//1603 1149//1789
f 1444//1660 1520//1782 1502//1790 1423//1659
f 1520//1782 1519//1592 1501//1595 1502//1790
f 1502//1790 1501//1595 1564//1791 1563//1792
f 1423//1659 1502//1790 1563//1792 1558//1793
f 1521//1794 1522//1795 1562//1796 1561//1797
f 1450//1654 1521//1794 1561//1797 1559//1798
f 1448//1657 1423//1659 1558//1793 1560//1799
f 1522//1795 1448//1657 1560//1799 1562//1796
f 1424//1594 1450//1654 1559//1798 1557//1800
f 1501//1595 1424//1594 1557//1800 1564//1791
f 1507//1801 1508//1802 1572//1803 1571//1804
f 1429//1656 1507//1801 1571//1804 1567//1805
f 1522//1795 1521//1794 1570//1806 1569//1807
f 1448//1657 1522//1795 1569//1807 1565//1808
f 1450//1654 1429//1656 1567//1805 1568//1809
f 1521//1794 1450//1654 1568//1809 1570//1806
f 1508//1802 1428//1658 1566//1810 1572//1803
f 1428//1658 1448//1657 1565//1808 1566//1810
f 1508//1802 1507//1801 1580//1811 1579//1812
f 1428//1658 1508//1802 1579//1812 1573//1813
f 1523//1814 1524//1815 1578//1816 1577//1817
f 1458//1655 1523//1814 1577//1817 1575//1818
f 1524//1815 1460//1652 1574//1819 1578//1816
f 1507//1801 1429//1656 1576//1820 1580//1811
f 1429//1656 1458//1655 1575//1818 1576//1820
f 1460//1652 1428//1658 1573//1813 1574//1819
f 1503//1650 1504//1783 1588//1821 1587//1822
f 1427//1651 1503//1650 1587//1822 1581//1823
f 1524//1815 1523//1814 1586//1824 1585//1825
f 1460//1652 1524//1815 1585//1825 1583//1826
f 1523//1814 1458//1655 1582//1827 1586//1824
f 1504//1783 1426//1653 1584//1828 1588//1821
f 1426//1653 1460//1652 1583//1826 1584//1828
f 1458//1655 1427//1651 1581//1823 1582//1827
f 1761//1829 1762//1830 1594//1831 1593//1832
f 1757//1833 1761//1829 1593//1832 1589//1834
f 1759//1835 1760//1836 1592//1837 1591//1838
f 1758//1839 1759//1835 1591//1838 1590//1840
f 1760//1836 1763//1841 1595//1842 1592//1837
f 1762//1830 1764//1843 1596//1844 1594//1831
f 1764//1843 1758//1839 1590//1840 1596//1844
f 1763//1841 1757//1833 1589//1834 1595//1842
f 1785//1845 1786//1846 1602//1847 1601//1848
f 1781//1849 1785//1845 1601//1848 1597//1850
f 1783//1851 1784//1852 1600//1853 1599//1854
f 1782//1855 1783//1851 1599//1854 1598//1856
f 1784//1852 1787//1857 1603//1858 1600//1853
f 1786//1846 1788//1859 1604//1860 1602//1847
f 1788//1859 1782//1855 1598//1856 1604//1860
f 1787//1857 1781//1849 1597//1850 1603//1858
f 1817//1861 1818//1862 1610//1863 1609//1864
f 1820//1865 1817//1861 1609//1864 1612//1866
f 1815//1867 1816//1868 1608//1869 1607//1870
f 1813//1871 1815//1867 1607//1870 1605//1872
f 1814//1873 1820//1865 1612//1866 1606//1874
f 1816//1868 1814//1873 1606//1874 1608//1869
f 1818//1862 1819//1875 1611//1876 1610//1863
f 1819//1875 1813//1871 1605//1872 1611//1876
f 1850//1877 1851//1878 1619//1879 1618//1880
f 1852//1881 1850//1877 1618//1880 1620//1882
f 1848//1883 1849//1884 1617//1885 1616//1886
f 1846//1887 1848//1883 1616//1886 1614//1888
f 1847//1889 1852//1881 1620//1882 1615//1890
f 1849//1884 1847//1889 1615//1890 1617//1885
f 1845//1891 1846//1887 1614//1888 1613//1892
f 1851//1878 1845//1891 1613//1892 1619//1879
f 1866//1893 1867//1894 1627//1895 1626//1896
f 1868//1897 1866//1893 1626//1896 1628//1898
f 1864//1899 1865//1900 1625//1901 1624//1902
f 1862//1903 1864//1899 1624//1902 1622//1904
f 1863//1905 1868//1897 1628//1898 1623//1906
f 1865//1900 1863//1905 1623//1906 1625//1901
f 1861//1907 1862//1903 1622//1904 1621//1908
f 1867//1894 1861//1907 1621//1908 1627//1895
f 1833//1909 1834//1910 1634//1911 1633//1912
f 1836//1913 1833//1909 1633//1912 1636//1914
f 1831//1915 1832//1916 1632//1917 1631//1918
f 1829//1919 1831//1915 1631//1918 1629//1920
f 1830//1921 1836//1913 1636//1914 1630//1922
f 1832//1916 1830//1921 1630//1922 1632//1917
f 1834//1910 1835//1923 1635//1924 1634//1911
f 1835//1923 1829//1919 1629//1920 1635//1924
f 1801//1925 1802//1926 1642//1927 1641//1928
f 1797//1929 1801//1925 1641//1928 1637//1930
f 1799//1931 1800//1932 1640//1933 1639//1934
f 1798//1935 1799//1931 1639//1934 1638//1936
f 1800//1932 1803//1937 1643//1938 1640//1933
f 1802//1926 1804//1939 1644//1940 1642//1927
f 1804//1939 1798//1935 1638//1936 1644//1940
f 1803//1937 1797//1929 1637//1930 1643//1938
f 1769//1941 1770//1942 1650//1943 1649//1944
f 1765//1945 1769//1941 1649//1944 1645//1946
f 1767//1947 1768//1948 1648//1949 1647//1950
f 1766//1951 1767//1947 1647//1950 1646//1952
f 1768//1948 1771//1953 1651//1954 1648//1949
f 1770//1942 1772//1955 1652//1956 1650//1943
f 1772//1955 1766//1951 1646//1952 1652//1956
f 1771//1953 1765//1945 1645//1946 1651//1954
f 1901//1957 1903//1958 1655//1959 1653//1960
f 1902//1961 1904//1962 1656//1963 1654//1964
f 1908//1965 1902//1961 1654//1964 1660//1966
f 1906//1967 1901//1957 1653//1960 1658//1968
f 1904//1962 1905//1969 1657//1970 1656//1963
f 1905//1969 1906//1967 1658//1968 1657//1970
f 1903//1958 1907//1971 1659//1972 1655//1959
f 1907//1971 1908//1965 1660//1966 1659//1972
f 1893//1973 1895//1974 1663//1975 1661//1976
f 1894//1977 1896//1978 1664//1979 1662//1980
f 1900//1981 1894//1977 1662//1980 1668//1982
f 1898//1983 1893//1973 1661//1976 1666//1984
f 1896//1978 1897//1985 1665//1986 1664//1979
f 1897//1985 1898//1983 1666//1984 1665//1986
f 1895//1974 1899//1987 1667//1988 1663//1975
f 1899//1987 1900//1981 1668//1982 1667//1988
f 1885//1989 1887//1990 1671//1991 1669//1992
f 1892//1993 1885//1989 1669//1992 1676//1994
f 1890//1995 1888//1996 1672//1997 1674//1998
f 1888//1996 1886//1999 1670//2000 1672//1997
f 1887//1990 1889//2001 1673//2002 1671//1991
f 1889//2001 1890//1995 1674//1998 1673//2002
f 1886//1999 1891//2003 1675//2004 1670//2000
f 1891//2003 1892//1993 1676//1994 1675//2004
f 1884//2005 1878//2006 1678//2007 1684//2008
f 1878//2006 1879//2009 1679//2010 1678//2007
f 1882//2011 1880//2012 1680//2013 1682//2014
f 1880//2012 1877//2015 1677//2016 1680//2013
f 1879//2009 1881//2017 1681//2018 1679//2010
f 1881//2017 1882//2011 1682//2014 1681//2018
f 1877//2015 1883//2019 1683//2020 1677//2016
f 1883//2019 1884//2005 1684//2008 1683//2020
f 1860//2021 1854//2022 1686//2023 1692//2024
f 1854//2022 1855//2025 1687//2026 1686//2023
f 1858//2027 1856//2028 1688//2029 1690//2030
f 1856//2028 1853//2031 1685//2032 1688//2029
f 1855//2025 1857//2033 1689//2034 1687//2026
f 1857//2033 1858//2027 1690//2030 1689//2034
f 1853//2031 1859//2035 1691//2036 1685//2032
f 1859//2035 1860//2021 1692//2024 1691//2036
f 1875//2037 1876//2038 1699//1663 1698//1780
f 1869//2039 1875//2037 1698//1780 1700//1715
f 1873//2040 1874//2041 1697//1711 1696//1759
f 1871//2042 1873//2040 1696//1759 1694//1709
f 1872//2043 1869//2039 1700//1715 1695//1712
f 1874//2041 1872//2043 1695//1712 1697//1711
f 1870//2044 1871//2042 1694//1709 1693//1664
f 1876//2038 1870//2044 1693//1664 1699//1663
f 1821//2045 1823//2046 1703//2047 1701//2048
f 1828//2049 1821//2045 1701//2048 1708//2050
f 1826//2051 1824//2052 1704//2053 1706//2054
f 1824//2052 1822//2055 1702//2056 1704//2053
f 1823//2046 1825//2057 1705//2058 1703//2047
f 1825//2057 1826//2051 1706//2054 1705//2058
f 1822//2055 1827//2059 1707//2060 1702//2056
f 1827//2059 1828//2049 1708//2050 1707//2060
f 1843//2061 1844//2062 1714//1702 1713//1766
f 1838//2063 1843//2061 1713//1766 1716//1706
f 1841//2064 1842//2065 1712//1704 1711//1764
f 1839//2066 1841//2064 1711//1764 1709//1621
f 1840//2067 1838//2063 1716//1706 1710//1705
f 1842//2065 1840//2067 1710//1705 1712//1704
f 1844//2062 1837//2068 1715//1620 1714//1702
f 1837//2068 1839//2066 1709//1621 1715//1620
f 1789//2069 1791//2070 1719//2071 1717//2072
f 1790//2073 1792//2074 1720//2075 1718//2076
f 1796//2077 1790//2073 1718//2076 1724//2078
f 1794//2079 1789//2069 1717//2072 1722//2080
f 1792//2074 1793//2081 1721//2082 1720//2075
f 1793//2081 1794//2079 1722//2080 1721//2082
f 1791//2070 1795//2083 1723//2084 1719//2071
f 1795//2083 1796//2077 1724//2078 1723//2084
f 1811//2085 1812//2086 1730//1696 1729//1771
f 1807//2087 1811//2085 1729//1771 1725//1669
f 1809//2088 1810//2089 1728//1697 1727//1769
f 1808//2090 1809//2088 1727//1769 1726//1694
f 1810//2089 1805//2091 1731//1668 1728//1697
f 1812//2086 1806//2092 1732//1693 1730//1696
f 1806//2092 1808//2090 1726//1694 1732//1693
f 1805//2091 1807//2087 1725//1669 1731//1668
f 1749//2093 1751//2094 1735//2095 1733//2096
f 1750//2097 1752//2098 1736//2099 1734//2100
f 1756//2101 1750//2097 1734//2100 1740//2102
f 1754//2103 1749//2093 1733//2096 1738//2104
f 1752//2098 1753//2105 1737//2106 1736//2099
f 1753//2105 1754//2103 1738//2104 1737//2106
f 1751//2094 1755//2107 1739//2108 1735//2095
f 1755//2107 1756//2101 1740//2102 1739//2108
f 1779//2109 1780//2110 1746//1687 1745//1776
f 1775//2111 1779//2109 1745//1776 1741//1597
f 1777//2112 1778//2113 1744//1689 1743//1774
f 1776//2114 1777//2112 1743//1774 1742//1684
f 1778//2113 1773//2115 1747//1596 1744//1689
f 1780//2110 1774//2116 1748//1683 1746//1687
f 1774//2116 1776//2114 1742//1684 1748//1683
f 1773//2115 1775//2111 1741//1597 1747//1596
f 1593//1832 1594//1831 1756//2101 1755//2107
f 1589//1834 1593//1832 1755//2107 1751//2094
f 1591//1838 1592//1837 1754//2103 1753//2105
f 1590//1840 1591//1838 1753//2105 1752//2098
f 1592//1837 1595//1842 1749//2093 1754//2103
f 1594//1831 1596//1844 1750//2097 1756//2101
f 1596//1844 1590//1840 1752//2098 1750//2097
f 1595//1842 1589//1834 1751//2094 1749//2093
f 1653//1960 1655//1959 1757//1833 1763//1841
f 1654//1964 1656//1963 1758//1839 1764//1843
f 1660//1966 1654//1964 1764//1843 1762//1830
f 1658//1968 1653//1960 1763//1841 1760//1836
f 1656//1963 1657//1970 1759//1835 1758//1839
f 1657//1970 1658//1968 1760//1836 1759//1835
f 1655//1959 1659//1972 1761//1829 1757//1833
f 1659//1972 1660//1966 1762//1830 1761//1829
f 1733//2096 1735//2095 1765//1945 1771//1953
f 1734//2100 1736//2099 1766//1951 1772//1955
f 1740//2102 1734//2100 1772//1955 1770//1942
f 1738//2104 1733//2096 1771//1953 1768//1948
f 1736//2099 1737//2106 1767//1947 1766//1951
f 1737//2106 1738//2104 1768//1948 1767//1947
f 1735//2095 1739//2108 1769//1941 1765//1945
f 1739//2108 1740//2102 1770//1942 1769//1941
f 1651//1954 1645//1946 1775//2111 1773//2115
f 1652//1956 1646//1952 1776//2114 1774//2116
f 1650//1943 1652//1956 1774//2116 1780//2110
f 1648//1949 1651//1954 1773//2115 1778//2113
f 1646//1952 1647//1950 1777//2112 1776//2114
f 1647//1950 1648//1949 1778//2113 1777//2112
f 1645//1946 1649//1944 1779//2109 1775//2111
f 1649//1944 1650//1943 1780//2110 1779//2109
f 1661//1976 1663//1975 1781//1849 1787//1857
f 1662//1980 1664//1979 1782//1855 1788//1859
f 1668//1982 1662//1980 1788//1859 1786//1846
f 1666//1984 1661//1976 1787//1857 1784//1852
f 1664//1979 1665//1986 1783//1851 1782//1855
f 1665//1986 1666//1984 1784//1852 1783//1851
f 1663//1975 1667//1988 1785//1845 1781//1849
f 1667//1988 1668//1982 1786//1846 1785//1845
f 1601//1848 1602//1847 1796//2077 1795//2083
f 1597//1850 1601//1848 1795//2083 1791//2070
f 1599//1854 1600//1853 1794//2079 1793//2081
f 1598//1856 1599//1854 1793//2081 1792//2074
f 1600//1853 1603//1858 1789//2069 1794//2079
f 1602//1847 1604//1860 1790//2073 1796//2077
f 1604//1860 1598//1856 1792//2074 1790//2073
f 1603//1858 1597//1850 1791//2070 1789//2069
f 1717//2072 1719//2071 1797//1929 1803//1937
f 1718//2076 1720//2075 1798//1935 1804//1939
f 1724//2078 1718//2076 1804//1939 1802//1926
f 1722//2080 1717//2072 1803//1937 1800//1932
f 1720//2075 1721//2082 1799//1931 1798//1935
f 1721//2082 1722//2080 1800//1932 1799//1931
f 1719//2071 1723//2084 1801//1925 1797//1929
f 1723//2084 1724//2078 1802//1926 1801//1925
f 1643//1938 1637//1930 1807//2087 1805//2091
f 1644//1940 1638//1936 1808//2090 1806//2092
f 1642//1927 1644//1940 1806//2092 1812//2086
f 1640//1933 1643//1938 1805//2091 1810//2089
f 1638//1936 1639//1934 1809//2088 1808//2090
f 1639//1934 1640//1933 1810//2089 1809//2088
f 1637//1930 1641//1928 1811//2085 1807//2087
f 1641//1928 1642//1927 1812//2086 1811//2085
f 1669//1992 1671//1991 1813//1871 1819//1875
f 1676//1994 1669//1992 1819//1875 1818//1862
f 1674//1998 1672//1997 1814//1873 1816//1868
f 1672//1997 1670//2000 1820//1865 1814//1873
f 1671//1991 1673//2002 1815//1867 1813//1871
f 1673//2002 1674//1998 1816//1868 1815//1867
f 1670//2000 1675//2004 1817//1861 1820//1865
f 1675//2004 1676//1994 1818//1862 1817//1861
f 1609//1864 1610//1863 1828//2049 1827//2059
f 1612//1866 1609//1864 1827//2059 1822//2055
f 1607//1870 1608//1869 1826//2051 1825//2057
f 1605//1872 1607//1870 1825//2057 1823//2046
f 1606//1874 1612//1866 1822//2055 1824//2052
f 1608//1869 1606//1874 1824//2052 1826//2051
f 1610//1863 1611//1876 1821//2045 1828//2049
f 1611//1876 1605//1872 1823//2046 1821//2045
f 1701//2048 1703//2047 1829//1919 1835//1923
f 1708//2050 1701//2048 1835//1923 1834//1910
f 1706//2054 1704//2053 1830//1921 1832//1916
f 1704//2053 1702//2056 1836//1913 1830//1921
f 1703//2047 1705//2058 1831//1915 1829//1919
f 1705//2058 1706//2054 1832//1916 1831//1915
f 1702//2056 1707//2060 1833//1909 1836//1913
f 1707//2060 1708//2050 1834//1910 1833//1909
f 1635//1924 1629//1920 1839//2066 1837//2068
f 1634//1911 1635//1924 1837//2068 1844//2062
f 1632//1917 1630//1922 1840//2067 1842//2065
f 1630//1922 1636//1914 1838//2063 1840//2067
f 1629//1920 1631//1918 1841//2064 1839//2066
f 1631//1918 1632//1917 1842//2065 1841//2064
f 1636//1914 1633//1912 1843//2061 1838//2063
f 1633//1912 1634//1911 1844//2062 1843//2061
f 1684//2008 1678//2007 1845//1891 1851//1878
f 1678//2007 1679//2010 1846//1887 1845//1891
f 1682//2014 1680//2013 1847//1889 1849//1884
f 1680//2013 1677//2016 1852//1881 1847//1889
f 1679//2010 1681//2018 1848//1883 1846//1887
f 1681//2018 1682//2014 1849//1884 1848//1883
f 1677//2016 1683//2020 1850//1877 1852//1881
f 1683//2020 1684//2008 1851//1878 1850//1877
f 1618//1880 1619//1879 1860//2021 1859//2035
f 1620//1882 1618//1880 1859//2035 1853//2031
f 1616//1886 1617//1885 1858//2027 1857//2033
f 1614//1888 1616//1886 1857//2033 1855//2025
f 1615//1890 1620//1882 1853//2031 1856//2028
f 1617//1885 1615//1890 1856//2028 1858//2027
f 1613//1892 1614//1888 1855//2025 1854//2022
f 1619//1879 1613//1892 1854//2022 1860//2021
f 1692//2024 1686//2023 1861//1907 1867//1894
f 1686//2023 1687//2026 1862//1903 1861//1907
f 1690//2030 1688//2029 1863//1905 1865//1900
f 1688//2029 1685//2032 1868//1897 1863//1905
f 1687//2026 1689//2034 1864//1899 1862//1903
f 1689//2034 1690//2030 1865//1900 1864//1899
f 1685//2032 1691//2036 1866//1893 1868//1897
f 1691//2036 1692//2024 1867//1894 1866//1893
f 1627//1895 1621//1908 1870//2044 1876//2038
f 1621//1908 1622//1904 1871//2042 1870//2044
f 1625//1901 1623//1906 1872//2043 1874//2041
f 1623//1906 1628//1898 1869//2039 1872//2043
f 1622//1904 1624//1902 1873//2040 1871//2042
f 1624//1902 1625//1901 1874//2041 1873//2040
f 1628//1898 1626//1896 1875//2037 1869//2039
f 1626//1896 1627//1895 1876//2038 1875//2037
f 1563//1792 1564//1791 1884//2005 1883//2019
f 1558//1793 1563//1792 1883//2019 1877//2015
f 1561//1797 1562//1796 1882//2011 1881//2017
f 1559//1798 1561//1797 1881//2017 1879//2009
f 1560//1799 1558//1793 1877//2015 1880//2012
f 1562//1796 1560//1799 1880//2012 1882//2011
f 1557//1800 1559//1798 1879//2009 1878//2006
f 1564//1791 1557//1800 1878//2006 1884//2005
f 1571//1804 1572//1803 1892//1993 1891//2003
f 1567//1805 1571//1804 1891//2003 1886//1999
f 1569//1807 1570//1806 1890//1995 1889//2001
f 1565//1808 1569//1807 1889//2001 1887//1990
f 1568//1809 1567//1805 1886//1999 1888//1996
f 1570//1806 1568//1809 1888//1996 1890//1995
f 1572//1803 1566//1810 1885//1989 1892//1993
f 1566//1810 1565//1808 1887//1990 1885//1989
f 1579//1812 1580//1811 1900//1981 1899//1987
f 1573//1813 1579//1812 1899//1987 1895//1974
f 1577//1817 1578//1816 1898//1983 1897//1985
f 1575//1818 1577//1817 1897//1985 1896//1978
f 1578//1816 1574//1819 1893//1973 1898//1983
f 1580//1811 1576//1820 1894//1977 1900//1981
f 1576//1820 1575//1818 1896//1978 1894//1977
f 1574//1819 1573//1813 1895//1974 1893//1973
f 1587//1822 1588//1821 1908//1965 1907//1971
f 1581//1823 1587//1822 1907//1971 1903//1958
f 1585//1825 1586//1824 1906//1967 1905//1969
f 1583//1826 1585//1825 1905//1969 1904//1962
f 1586//1824 1582//1827 1901//1957 1906//1967
f 1588//1821 1584//1828 1902//1961 1908//1965
f 1584//1828 1583//1826 1904//1962 1902//1961
f 1582//1827 1581//1823 1903//1958 1901//1957
f 1556//1748 1555//1742 1916//1725 1915//1757
f 1496//1744 1556//1748 1915//1757 1912//1722
f 1554//1750 1553//1738 1914//1727 1913//1755
f 1495//1746 1554//1750 1913//1755 1911//1718
f 1553//1738 1497//1737 1909//1721 1914//1727
f 1555//1742 1498//1741 1910//1717 1916//1725
f 1497//1737 1496//1744 1912//1722 1909//1721
f 1498//1741 1495//1746 1911//1718 1910//1717
f 1546//1758 1545//1726 1924//1733 1923//1753
f 1490//1723 1546//1758 1923//1753 1918//1732
f 1548//1756 1547//1728 1922//1734 1921//1751
f 1488//1719 1548//1756 1921//1751 1917//1730
f 1547//1728 1487//1724 1919//1731 1922//1734
f 1545//1726 1489//1720 1920//1729 1924//1733
f 1487//1724 1490//1723 1918//1732 1919//1731
f 1489//1720 1488//1719 1917//1730 1920//1729
f 1515//1600 1516//1788 1932//1735 1931//1749
f 1437//1601 1515//1600 1931//1749 1925//1745
f 1510//1787 1509//1642 1930//1739 1929//1747
f 1432//1637 1510//1787 1929//1747 1926//1743
f 1433//1641 1437//1601 1925//1745 1928//1740
f 1441//1605 1432//1637 1926//1743 1927//1736
f 1509//1642 1433//1641 1928//1740 1930//1739
f 1516//1788 1441//1605 1927//1736 1932//1735
f 1473//1686 1933//2117 1530//1688
f 1933//2117 1934//2118 1529//1777 1530//1688
f 1934//2118 1472//1598 1529//1777
f 1936//1778 1933//2117 1473//1686 1474//1685
f 1936//1778 1935//1682 1934//2118 1933//2117
f 1935//1682 1471//1599 1472//1598 1934//2118
f 1475//1671 1937//2119 1536//1698
f 1937//2119 1938//2120 1535//1770 1536//1698
f 1938//2120 1478//1695 1535//1770
f 1940//1773 1937//2119 1475//1671 1476//1670
f 1940//1773 1939//1692 1938//2120 1937//2119
f 1939//1692 1477//1691 1478//1695 1938//2120
f 1481//1623 1942//2121 1538//1703
f 1941//2122 1480//1707 1537//1767
f 1942//2121 1941//2122 1537//1767 1538//1703
f 1943//1768 1942//2121 1481//1623 1482//1622
f 1944//1701 1479//1700 1480//1707 1941//2122
f 1943//1768 1944//1701 1941//2122 1942//2121
f 1946//1762 1945//2123 1543//1760 1544//1714
f 1485//1713 1946//1762 1544//1714
f 1945//2123 1486//1710 1543//1760
f 1947//1761 1948//1708 1945//2123 1946//1762
f 1947//1761 1484//1716 1542//1763
f 1948//1708 1483//1665 1486//1710 1945//2123
f 1950//1327 1949//1326 1154//1311 1156//1307
f 1955//1435 1957//1419 1214//1409 1221//1430
f 1974//2124 1459//1607 1148//1606 1966//2125
f 1949//1326 1958//1331 1951//1292 1154//1311
f 2002//1305 1955//1435 1221//1430 1992//1312
f 2003//1291 1954//1437 1224//1432 1995//1310
f 1954//1437 1952//1423 1217//1413 1224//1432
f 1973//2126 1421//1667 1150//1619 1969//2127
f 1956//1306 1959//1330 1950//1327 1156//1307
f 1958//1331 1135//1046 1153//1293 1951//1292
f 1959//1330 1140//1299 1139//1294 1950//1327
f 1991//1321 1499//1428 1230//1429 2001//1316
f 1422//1324 1961//1372 1506//1322 1158//1319
f 1953//1426 1451//1402 1219//1417 1226//1434
f 1976//2128 1449//1611 1178//1610 1971//2129
f 1960//1325 1422//1324 1158//1319 1157//1318
f 1505//1329 1962//1328 1960//1325 1157//1318
f 2004//1365 1953//1426 1226//1434 1997//1308
f 1499//1428 1500//1405 1213//1407 1230//1429
f 1975//2130 1425//1602 1146//1615 1965//2131
f 1962//1328 1177//1278 1137//1296 1960//1325
f 1961//1372 1186//1284 1188//1323 1506//1322
f 1990//1404 1975//2130 1965//2131 1988//1406
f 1985//1401 1976//2128 1971//2129 1982//1414
f 1984//1422 1973//2126 1969//2127 1980//1410
f 1989//1418 1974//2124 1966//2125 1977//1408
f 1143//1785 1421//1667 1973//2126 1968//2132
f 1144//1645 1143//1785 1968//2132 1967//2133
f 1147//1618 1459//1607 1974//2124 1963//2134
f 1178//1610 1144//1645 1967//2133 1971//2129
f 1150//1619 1147//1618 1963//2134 1969//2127
f 1148//1606 1149//1789 1970//2135 1966//2125
f 1146//1615 1145//1614 1964//2136 1965//2131
f 1187//1603 1425//1602 1975//2130 1972//2137
f 1145//1614 1449//1611 1976//2128 1964//2136
f 1149//1789 1187//1603 1972//2137 1970//2135
f 1957//1419 1989//1418 1977//1408 1214//1409
f 1952//1423 1984//1422 1980//1410 1217//1413
f 1451//1402 1985//1401 1982//1414 1219//1417
f 1500//1405 1990//1404 1988//1406 1213//1407
f 1968//2132 1973//2126 1984//1422 1979//1420
f 1967//2133 1968//2132 1979//1420 1978//1415
f 1963//2134 1974//2124 1989//1418 1986//1411
f 1971//2129 1967//2133 1978//1415 1982//1414
f 1969//2127 1963//2134 1986//1411 1980//1410
f 1966//2125 1970//2135 1981//1396 1977//1408
f 1965//2131 1964//2136 1987//1400 1988//1406
f 1972//2137 1975//2130 1990//1404 1983//1397
f 1964//2136 1976//2128 1985//1401 1987//1400
f 1970//2135 1972//2137 1983//1397 1981//1396
f 1505//1329 2004//1365 1997//1308 1179//1309
f 1506//1322 1991//1321 2001//1316 1158//1319
f 1951//1292 2003//1291 1995//1310 1154//1311
f 1956//1306 2002//1305 1992//1312 1151//1315
f 1225//1425 1227//1424 1998//1320 1996//1313
f 1229//1427 1953//1426 2004//1365 2000//1317
f 1227//1424 1499//1428 1991//1321 1998//1320
f 1230//1429 1229//1427 2000//1317 2001//1316
f 1221//1430 1225//1425 1996//1313 1992//1312
f 1224//1432 1228//1431 1999//1304 1995//1310
f 1226//1434 1222//1433 1993//1302 1997//1308
f 1228//1431 1955//1435 2002//1305 1999//1304
f 1222//1433 1223//1436 1994//1290 1993//1302
f 1223//1436 1954//1437 2003//1291 1994//1290
f 1192//1376 2005//1301 2014//1283 1209//1377
f 1196//1381 2007//1297 2013//1277 1207//1382
f 1203//1385 2011//1295 2009//1298 1200//1386
f 1200//1386 2009//1298 2005//1301 1192//1376
f 1201//1389 2010//1286 2007//1297 1196//1381
f 1205//1392 2012//1280 2008//1045 1198//1393
f 1194//1395 2006//1048 2011//1295 1203//1385
f 1209//1377 2014//1283 2010//1286 1201//1389
f 1207//1382 2013//1277 2012//1280 1205//1392
f 1198//1393 2008//1045 2006//1048 1194//1395
f 1269//1041 1299//1040 2048//774 2031//1445
f 1300//755 1293//736 2045//739 2047//756
f 2905//867 2935//2138 2035//1452 762//868
f 2916//2139 2939//772 2036//775 2030//1465
f 3037//2140 2931//2141 2034//1456 2042//1453
f 3046//2142 2927//2143 2033//1468 2040//1457
f 2927//2143 3055//1111 2041//1110 2033//1468
f 2911//2144 2916//2139 2030//1465 2027//1464
f 3081//2145 2911//2144 2027//1464 2043//1449
f 3262//2146 2907//2147 2028//1463 2044//1446
f 3309//2148 2024//1366 2028//1463 2907//2147
f 2906//871 761//870 2017//859 2984//858
f 2931//2141 3046//2142 2040//1457 2034//1456
f 2935//2138 3037//2140 2042//1453 2035//1452
f 2923//1112 3081//2145 2043//1449 2032//1113
f 2921//1474 3262//2146 2044//1446 2031//1445
f 1292//1368 2018//1367 2026//805 1291//1442
f 1288//1444 1290//1443 2025//869 2023//1288
f 3309//2148 3377//1441 2018//1367 2024//1366
f 1259//1480 1288//1444 2023//1288 697//909
f 1260//1448 1286//1447 2022//881 696//919
f 1263//1451 1284//1450 2021//936 2015//941
f 1282//1012 2041//1110 2032//1113 1270//1115
f 1262//1455 1281//1454 2020//922 681//937
f 1267//1459 1279//1458 2019//940 2029//1032
f 1275//1460 2037//986 2039//865 1278//1461
f 1267//1459 2029//1032 2038//983 1277//1462
f 1277//1462 2038//983 2037//986 1275//1460
f 1258//1469 1264//754 2016//757 698//901
f 1279//1458 1263//1451 2015//941 2019//940
f 1284//1450 1262//1455 681//937 2021//936
f 1281//1454 1261//1470 682//918 2020//922
f 1261//1470 1260//1448 696//919 682//918
f 1408//776 1259//1480 697//909 2049//777
f 1257//1471 1258//1469 698//901 699//882
f 1286//1447 1257//1471 699//882 2022//881
f 1290//1443 1256//1028 761//870 2025//869
f 1278//1461 2039//865 762//868 1255//944
f 1414//1581 1410//1587 2060//1591 2059//1590
f 1410//1587 1413//1583 2058//1582 2060//1591
f 1412//1584 1409//1579 2056//1588 2057//1585
f 2051//784 2055//863 2054//1589 1411//1578
f 2050//780 1414//1581 2059//1590 2061//861
f 1409//1579 1411//1578 2054//1589 2056//1588
f 765//806 2058//1582 2057//1585 713//802
f 3553//783 4204//862 2055//863 2051//784
f 3555//781 2050//780 2061//861 4206//860
f 2543//1 2077//477 2076//475 2542//2
f 2536//5 2070//478 2069//2149 2535//6
f 2529//9 2063//479 2318//10
f 2062//12 2077//477 2543//1
f 2537//13 2071//480 2070//478 2536//5
f 2530//15 2064//481 2063//479 2529//9
f 2538//17 2072//482 2071//480 2537//13
f 2531//19 2065//468 2064//481 2530//15
f 2539//21 2073//470 2072//482 2538//17
f 2532//23 2066//2150 2065//468 2531//19
f 2540//25 2074//471 2073//470 2539//21
f 2533//27 2067//472 2066//2150 2532//23
f 2541//29 2075//473 2074//471 2540//25
f 2534//31 2068//474 2067//472 2533//27
f 2542//2 2076//475 2075//473 2541//29
f 2535//6 2069//2149 2068//474 2534//31
f 2076//475 2091//2151 2090//466 2075//473
f 2069//2149 2084//455 2083//467 2068//474
f 2077//477 2092//454 2091//2151 2076//475
f 2070//478 2085//456 2084//455 2069//2149
f 2063//479 2078//457 2318//10
f 2062//12 2092//454 2077//477
f 2071//480 2086//458 2085//456 2070//478
f 2064//481 2079//459 2078//457 2063//479
f 2072//482 2087//460 2086//458 2071//480
f 2065//468 2080//461 2079//459 2064//481
f 2073//470 2088//462 2087//460 2072//482
f 2066//2150 2081//463 2080//461 2065//468
f 2074//471 2089//464 2088//462 2073//470
f 2067//472 2082//465 2081//463 2066//2150
f 2075//473 2090//466 2089//464 2074//471
f 2068//474 2083//467 2082//465 2067//472
f 2080//461 2095//440 2094//2152 2079//459
f 2088//462 2103//439 2102//2153 2087//460
f 2081//463 2096//441 2095//440 2080//461
f 2089//464 2104//442 2103//439 2088//462
f 2082//465 2097//443 2096//441 2081//463
f 2090//466 2105//444 2104//442 2089//464
f 2083//467 2098//445 2097//443 2082//465
f 2091//2151 2106//446 2105//444 2090//466
f 2084//455 2099//447 2098//445 2083//467
f 2092//454 2107//448 2106//446 2091//2151
f 2085//456 2100//449 2099//447 2084//455
f 2078//457 2093//2154 2318//10
f 2062//12 2107//448 2092//454
f 2086//458 2101//451 2100//449 2085//456
f 2079//459 2094//2152 2093//2154 2078//457
f 2087//460 2102//2153 2101//451 2086//458
f 2099//447 2114//2155 2113//423 2098//445
f 2107//448 2122//426 2121//425 2106//446
f 2100//449 2115//427 2114//2155 2099//447
f 2093//2154 2108//428 2318//10
f 2062//12 2122//426 2107//448
f 2101//451 2116//429 2115//427 2100//449
f 2094//2152 2109//430 2108//428 2093//2154
f 2102//2153 2117//431 2116//429 2101//451
f 2095//440 2110//432 2109//430 2094//2152
f 2103//439 2118//2156 2117//431 2102//2153
f 2096//441 2111//434 2110//432 2095//440
f 2104//442 2119//435 2118//2156 2103//439
f 2097//443 2112//436 2111//434 2096//441
f 2105//444 2120//437 2119//435 2104//442
f 2098//445 2113//423 2112//436 2097//443
f 2106//446 2121//425 2120//437 2105//444
f 2118//2156 2133//411 2132//410 2117//431
f 2111//434 2126//412 2125//409 2110//432
f 2119//435 2134//413 2133//411 2118//2156
f 2112//436 2127//414 2126//412 2111//434
f 2120//437 2135//415 2134//413 2119//435
f 2113//423 2128//416 2127//414 2112//436
f 2121//425 2136//417 2135//415 2120//437
f 2114//2155 2129//418 2128//416 2113//423
f 2122//426 2137//2157 2136//417 2121//425
f 2115//427 2130//420 2129//418 2114//2155
f 2108//428 2123//2158 2318//10
f 2062//12 2137//2157 2122//426
f 2116//429 2131//422 2130//420 2115//427
f 2109//430 2124//408 2123//2158 2108//428
f 2117//431 2132//410 2131//422 2116//429
f 2110//432 2125//409 2124//408 2109//430
f 2137//2157 2152//397 2151//2159 2136//417
f 2130//420 2145//398 2144//396 2129//418
f 2123//2158 2138//399 2318//10
f 2062//12 2152//397 2137//2157
f 2131//422 2146//400 2145//398 2130//420
f 2124//408 2139//401 2138//399 2123//2158
f 2132//410 2147//402 2146//400 2131//422
f 2125//409 2140//403 2139//401 2124//408
f 2133//411 2148//404 2147//402 2132//410
f 2126//412 2141//2160 2140//403 2125//409
f 2134//413 2149//2161 2148//404 2133//411
f 2127//414 2142//407 2141//2160 2126//412
f 2135//415 2150//393 2149//2161 2134//413
f 2128//416 2143//395 2142//407 2127//414
f 2136//417 2151//2159 2150//393 2135//415
f 2129//418 2144//396 2143//395 2128//416
f 2149//2161 2164//384 2163//382 2148//404
f 2142//407 2157//385 2156//383 2141//2160
f 2150//393 2165//2162 2164//384 2149//2161
f 2143//395 2158//387 2157//385 2142//407
f 2151//2159 2166//388 2165//2162 2150//393
f 2144//396 2159//389 2158//387 2143//395
f 2152//397 2167//2163 2166//388 2151//2159
f 2145//398 2160//391 2159//389 2144//396
f 2138//399 2153//392 2318//10
f 2062//12 2167//2163 2152//397
f 2146//400 2161//378 2160//391 2145//398
f 2139//401 2154//380 2153//392 2138//399
f 2147//402 2162//379 2161//378 2146//400
f 2140//403 2155//2164 2154//380 2139//401
f 2148//404 2163//382 2162//379 2147//402
f 2141//2160 2156//383 2155//2164 2140//403
f 2153//392 2168//371 2318//10
f 2062//12 2182//369 2167//2163
f 2161//378 2176//372 2175//370 2160//391
f 2154//380 2169//373 2168//371 2153//392
f 2162//379 2177//374 2176//372 2161//378
f 2155//2164 2170//375 2169//373 2154//380
f 2163//382 2178//376 2177//374 2162//379
f 2156//383 2171//377 2170//375 2155//2164
f 2164//384 2179//363 2178//376 2163//382
f 2157//385 2172//365 2171//377 2156//383
f 2165//2162 2180//364 2179//363 2164//384
f 2158//387 2173//366 2172//365 2157//385
f 2166//388 2181//367 2180//364 2165//2162
f 2159//389 2174//368 2173//366 2158//387
f 2167//2163 2182//369 2181//367 2166//388
f 2160//391 2175//370 2174//368 2159//389
f 2172//365 2187//357 2186//355 2171//377
f 2180//364 2195//2165 2194//356 2179//363
f 2173//366 2188//359 2187//357 2172//365
f 2181//367 2196//360 2195//2165 2180//364
f 2174//368 2189//361 2188//359 2173//366
f 2182//369 2197//2166 2196//360 2181//367
f 2175//370 2190//348 2189//361 2174//368
f 2168//371 2183//350 2318//10
f 2062//12 2197//2166 2182//369
f 2176//372 2191//349 2190//348 2175//370
f 2169//373 2184//351 2183//350 2168//371
f 2177//374 2192//352 2191//349 2176//372
f 2170//375 2185//353 2184//351 2169//373
f 2178//376 2193//354 2192//352 2177//374
f 2171//377 2186//355 2185//353 2170//375
f 2179//363 2194//356 2193//354 2178//376
f 2191//349 2206//343 2205//341 2190//348
f 2184//351 2199//344 2198//342 2183//350
f 2192//352 2207//345 2206//343 2191//349
f 2185//353 2200//346 2199//344 2184//351
f 2193//354 2208//347 2207//345 2192//352
f 2186//355 2201//333 2200//346 2185//353
f 2194//356 2209//335 2208//347 2193//354
f 2187//357 2202//334 2201//333 2186//355
f 2195//2165 2210//336 2209//335 2194//356
f 2188//359 2203//337 2202//334 2187//357
f 2196//360 2211//338 2210//336 2195//2165
f 2189//361 2204//339 2203//337 2188//359
f 2197//2166 2212//340 2211//338 2196//360
f 2190//348 2205//341 2204//339 2189//361
f 2183//350 2198//342 2318//10
f 2062//12 2212//340 2197//2166
f 2210//336 2225//329 2224//327 2209//335
f 2203//337 2218//330 2217//328 2202//334
f 2211//338 2226//331 2225//329 2210//336
f 2204//339 2219//332 2218//330 2203//337
f 2212//340 2227//319 2226//331 2211//338
f 2205//341 2220//320 2219//332 2204//339
f 2198//342 2213//2167 2318//10
f 2062//12 2227//319 2212//340
f 2206//343 2221//321 2220//320 2205//341
f 2199//344 2214//322 2213//2167 2198//342
f 2207//345 2222//323 2221//321 2206//343
f 2200//346 2215//324 2214//322 2199//344
f 2208//347 2223//325 2222//323 2207//345
f 2201//333 2216//326 2215//324 2200//346
f 2209//335 2224//327 2223//325 2208//347
f 2202//334 2217//328 2216//326 2201//333
f 2214//322 2229//315 2228//313 2213//2167
f 2222//323 2237//316 2236//2168 2221//321
f 2215//324 2230//317 2229//315 2214//322
f 2223//325 2238//2169 2237//316 2222//323
f 2216//326 2231//305 2230//317 2215//324
f 2224//327 2239//304 2238//2169 2223//325
f 2217//328 2232//306 2231//305 2216//326
f 2225//329 2240//307 2239//304 2224//327
f 2218//330 2233//308 2232//306 2217//328
f 2226//331 2241//309 2240//307 2225//329
f 2219//332 2234//2170 2233//308 2218//330
f 2227//319 2242//311 2241//309 2226//331
f 2220//320 2235//312 2234//2170 2219//332
f 2213//2167 2228//313 2318//10
f 2062//12 2242//311 2227//319
f 2221//321 2236//2168 2235//312 2220//320
f 2233//308 2248//301 2247//299 2232//306
f 2241//309 2256//2171 2255//300 2240//307
f 2234//2170 2249//288 2248//301 2233//308
f 2242//311 2257//2172 2256//2171 2241//309
f 2235//312 2250//289 2249//288 2234//2170
f 2228//313 2243//2173 2318//10
f 2062//12 2257//2172 2242//311
f 2236//2168 2251//292 2250//289 2235//312
f 2229//315 2244//2174 2243//2173 2228//313
f 2237//316 2252//294 2251//292 2236//2168
f 2230//317 2245//295 2244//2174 2229//315
f 2238//2169 2253//296 2252//294 2237//316
f 2231//305 2246//297 2245//295 2230//317
f 2239//304 2254//298 2253//296 2238//2169
f 2232//306 2247//299 2246//297 2231//305
f 2240//307 2255//300 2254//298 2239//304
f 2252//294 2267//287 2266//285 2251//292
f 2245//295 2260//273 2259//286 2244//2174
f 2253//296 2268//275 2267//287 2252//294
f 2246//297 2261//274 2260//273 2245//295
f 2254//298 2269//276 2268//275 2253//296
f 2247//299 2262//277 2261//274 2246//297
f 2255//300 2270//278 2269//276 2254//298
f 2248//301 2263//279 2262//277 2247//299
f 2256//2171 2271//2175 2270//278 2255//300
f 2249//288 2264//281 2263//279 2248//301
f 2257//2172 2272//282 2271//2175 2256//2171
f 2250//289 2265//283 2264//281 2249//288
f 2243//2173 2258//284 2318//10
f 2062//12 2272//282 2257//2172
f 2251//292 2266//285 2265//283 2250//289
f 2244//2174 2259//286 2258//284 2243//2173
f 2271//2175 2286//258 2285//271 2270//278
f 2264//281 2279//260 2278//272 2263//279
f 2272//282 2287//259 2286//258 2271//2175
f 2265//283 2280//261 2279//260 2264//281
f 2258//284 2273//262 2318//10
f 2062//12 2287//259 2272//282
f 2266//285 2281//263 2280//261 2265//283
f 2259//286 2274//264 2273//262 2258//284
f 2267//287 2282//265 2281//263 2266//285
f 2260//273 2275//266 2274//264 2259//286
f 2268//275 2283//267 2282//265 2267//287
f 2261//274 2276//2176 2275//266 2260//273
f 2269//276 2284//269 2283//267 2268//275
f 2262//277 2277//270 2276//2176 2261//274
f 2270//278 2285//271 2284//269 2269//276
f 2263//279 2278//272 2277//270 2262//277
f 2283//267 2298//244 2297//243 2282//265
f 2276//2176 2291//246 2290//245 2275//266
f 2284//269 2299//247 2298//244 2283//267
f 2277//270 2292//248 2291//246 2276//2176
f 2285//271 2300//249 2299//247 2284//269
f 2278//272 2293//250 2292//248 2277//270
f 2286//258 2301//251 2300//249 2285//271
f 2279//260 2294//252 2293//250 2278//272
f 2287//259 2302//253 2301//251 2286//258
f 2280//261 2295//254 2294//252 2279//260
f 2273//262 2288//255 2318//10
f 2062//12 2302//253 2287//259
f 2281//263 2296//256 2295//254 2280//261
f 2274//264 2289//257 2288//255 2273//262
f 2282//265 2297//243 2296//256 2281//263
f 2275//266 2290//245 2289//257 2274//264
f 2302//253 2317//232 2316//229 2301//251
f 2295//254 2310//233 2309//231 2294//252
f 2288//255 2303//234 2318//10
f 2062//12 2317//232 2302//253
f 2296//256 2311//235 2310//233 2295//254
f 2289//257 2304//236 2303//234 2288//255
f 2297//243 2312//237 2311//235 2296//256
f 2290//245 2305//238 2304//236 2289//257
f 2298//244 2313//239 2312//237 2297//243
f 2291//246 2306//240 2305//238 2290//245
f 2299//247 2314//241 2313//239 2298//244
f 2292//248 2307//242 2306//240 2291//246
f 2300//249 2315//228 2314//241 2299//247
f 2293//250 2308//230 2307//242 2292//248
f 2301//251 2316//229 2315//228 2300//249
f 2294//252 2309//231 2308//230 2293//250
f 2306//240 2322//218 2321//216 2305//238
f 2314//241 2330//219 2329//217 2313//239
f 2307//242 2323//220 2322//218 2306//240
f 2315//228 2331//221 2330//219 2314//241
f 2308//230 2324//222 2323//220 2307//242
f 2316//229 2332//223 2331//221 2315//228
f 2309//231 2325//224 2324//222 2308//230
f 2317//232 2333//225 2332//223 2316//229
f 2310//233 2326//226 2325//224 2309//231
f 2303//234 2319//2177 2318//10
f 2062//12 2333//225 2317//232
f 2311//235 2327//213 2326//226 2310//233
f 2304//236 2320//215 2319//2177 2303//234
f 2312//237 2328//214 2327//213 2311//235
f 2305//238 2321//216 2320//215 2304//236
f 2313//239 2329//217 2328//214 2312//237
f 2326//226 2341//204 2340//202 2325//224
f 2319//2177 2334//2178 2318//10
f 2062//12 2348//2179 2333//225
f 2327//213 2342//206 2341//204 2326//226
f 2320//215 2335//207 2334//2178 2319//2177
f 2328//214 2343//208 2342//206 2327//213
f 2321//216 2336//209 2335//207 2320//215
f 2329//217 2344//210 2343//208 2328//214
f 2322//218 2337//211 2336//209 2321//216
f 2330//219 2345//212 2344//210 2329//217
f 2323//220 2338//198 2337//211 2322//218
f 2331//221 2346//200 2345//212 2330//219
f 2324//222 2339//199 2338//198 2323//220
f 2332//223 2347//2180 2346//200 2331//221
f 2325//224 2340//202 2339//199 2324//222
f 2333//225 2348//2179 2347//2180 2332//223
f 2345//212 2360//190 2359//188 2344//210
f 2338//198 2353//191 2352//189 2337//211
f 2346//200 2361//192 2360//190 2345//212
f 2339//199 2354//193 2353//191 2338//198
f 2347//2180 2362//194 2361//192 2346//200
f 2340//202 2355//2181 2354//193 2339//199
f 2348//2179 2363//196 2362//194 2347//2180
f 2341//204 2356//197 2355//2181 2340//202
f 2334//2178 2349//2182 2318//10
f 2062//12 2363//196 2348//2179
f 2342//206 2357//185 2356//197 2341//204
f 2335//207 2350//184 2349//2182 2334//2178
f 2343//208 2358//186 2357//185 2342//206
f 2336//209 2351//187 2350//184 2335//207
f 2344//210 2359//188 2358//186 2343//208
f 2337//211 2352//189 2351//187 2336//209
f 2349//2182 2364//2183 2318//10
f 2062//12 2378//2184 2363//196
f 2357//185 2372//177 2371//175 2356//197
f 2350//184 2365//178 2364//2183 2349//2182
f 2358//186 2373//179 2372//177 2357//185
f 2351//187 2366//180 2365//178 2350//184
f 2359//188 2374//181 2373//179 2358//186
f 2352//189 2367//182 2366//180 2351//187
f 2360//190 2375//168 2374//181 2359//188
f 2353//191 2368//170 2367//182 2352//189
f 2361//192 2376//169 2375//168 2360//190
f 2354//193 2369//171 2368//170 2353//191
f 2362//194 2377//172 2376//169 2361//192
f 2355//2181 2370//173 2369//171 2354//193
f 2363//196 2378//2184 2377//172 2362//194
f 2356//197 2371//175 2370//173 2355//2181
f 2368//170 2383//162 2382//2185 2367//182
f 2376//169 2391//163 2390//161 2375//168
f 2369//171 2384//164 2383//162 2368//170
f 2377//172 2392//165 2391//163 2376//169
f 2370//173 2385//166 2384//164 2369//171
f 2378//2184 2393//167 2392//165 2377//172
f 2371//175 2386//153 2385//166 2370//173
f 2364//2183 2379//155 2318//10
f 2062//12 2393//167 2378//2184
f 2372//177 2387//154 2386//153 2371//175
f 2365//178 2380//156 2379//155 2364//2183
f 2373//179 2388//157 2387//154 2372//177
f 2366//180 2381//158 2380//156 2365//178
f 2374//181 2389//159 2388//157 2373//179
f 2367//182 2382//2185 2381//158 2366//180
f 2375//168 2390//161 2389//159 2374//181
f 2387//154 2402//148 2401//146 2386//153
f 2380//156 2395//149 2394//147 2379//155
f 2388//157 2403//150 2402//148 2387//154
f 2381//158 2396//151 2395//149 2380//156
f 2389//159 2404//152 2403//150 2388//157
f 2382//2185 2397//138 2396//151 2381//158
f 2390//161 2405//140 2404//152 2389//159
f 2383//162 2398//139 2397//138 2382//2185
f 2391//163 2406//2186 2405//140 2390//161
f 2384//164 2399//142 2398//139 2383//162
f 2392//165 2407//143 2406//2186 2391//163
f 2385//166 2400//144 2399//142 2384//164
f 2393//167 2408//2187 2407//143 2392//165
f 2386//153 2401//146 2400//144 2385//166
f 2379//155 2394//147 2318//10
f 2062//12 2408//2187 2393//167
f 2406//2186 2421//134 2420//132 2405//140
f 2399//142 2414//135 2413//133 2398//139
f 2407//143 2422//136 2421//134 2406//2186
f 2400//144 2415//137 2414//135 2399//142
f 2408//2187 2423//124 2422//136 2407//143
f 2401//146 2416//125 2415//137 2400//144
f 2394//147 2409//123 2318//10
f 2062//12 2423//124 2408//2187
f 2402//148 2417//126 2416//125 2401//146
f 2395//149 2410//127 2409//123 2394//147
f 2403//150 2418//128 2417//126 2402//148
f 2396//151 2411//129 2410//127 2395//149
f 2404//152 2419//130 2418//128 2403//150
f 2397//138 2412//131 2411//129 2396//151
f 2405//140 2420//132 2419//130 2404//152
f 2398//139 2413//133 2412//131 2397//138
f 2418//128 2433//121 2432//119 2417//126
f 2411//129 2426//2188 2425//120 2410//127
f 2419//130 2434//108 2433//121 2418//128
f 2412//131 2427//110 2426//2188 2411//129
f 2420//132 2435//109 2434//108 2419//130
f 2413//133 2428//111 2427//110 2412//131
f 2421//134 2436//2189 2435//109 2420//132
f 2414//135 2429//113 2428//111 2413//133
f 2422//136 2437//114 2436//2189 2421//134
f 2415//137 2430//115 2429//113 2414//135
f 2423//124 2438//2190 2437//114 2422//136
f 2416//125 2431//117 2430//115 2415//137
f 2409//123 2424//118 2318//10
f 2062//12 2438//2190 2423//124
f 2417//126 2432//119 2431//117 2416//125
f 2410//127 2425//120 2424//118 2409//123
f 2437//114 2452//93 2451//106 2436//2189
f 2430//115 2445//95 2444//107 2429//113
f 2438//2190 2453//94 2452//93 2437//114
f 2431//117 2446//96 2445//95 2430//115
f 2424//118 2439//97 2318//10
f 2062//12 2453//94 2438//2190
f 2432//119 2447//98 2446//96 2431//117
f 2425//120 2440//2191 2439//97 2424//118
f 2433//121 2448//100 2447//98 2432//119
f 2426//2188 2441//101 2440//2191 2425//120
f 2434//108 2449//102 2448//100 2433//121
f 2427//110 2442//2192 2441//101 2426//2188
f 2435//109 2450//2193 2449//102 2434//108
f 2428//111 2443//105 2442//2192 2427//110
f 2436//2189 2451//106 2450//2193 2435//109
f 2429//113 2444//107 2443//105 2428//111
f 2441//101 2456//80 2455//92 2440//2191
f 2449//102 2464//79 2463//78 2448//100
f 2442//2192 2457//81 2456//80 2441//101
f 2450//2193 2465//82 2464//79 2449//102
f 2443//105 2458//83 2457//81 2442//2192
f 2451//106 2466//84 2465//82 2450//2193
f 2444//107 2459//85 2458//83 2443//105
f 2452//93 2467//86 2466//84 2451//106
f 2445//95 2460//87 2459//85 2444//107
f 2453//94 2468//88 2467//86 2452//93
f 2446//96 2461//89 2460//87 2445//95
f 2439//97 2454//2194 2318//10
f 2062//12 2468//88 2453//94
f 2447//98 2462//91 2461//89 2446//96
f 2440//2191 2455//92 2454//2194 2439//97
f 2448//100 2463//78 2462//91 2447//98
f 2460//87 2475//64 2474//63 2459//85
f 2468//88 2483//66 2482//65 2467//86
f 2461//89 2476//67 2475//64 2460//87
f 2454//2194 2469//68 2318//10
f 2062//12 2483//66 2468//88
f 2462//91 2477//69 2476//67 2461//89
f 2455//92 2470//70 2469//68 2454//2194
f 2463//78 2478//71 2477//69 2462//91
f 2456//80 2471//72 2470//70 2455//92
f 2464//79 2479//73 2478//71 2463//78
f 2457//81 2472//74 2471//72 2456//80
f 2465//82 2480//75 2479//73 2464//79
f 2458//83 2473//76 2472//74 2457//81
f 2466//84 2481//77 2480//75 2465//82
f 2459//85 2474//63 2473//76 2458//83
f 2467//86 2482//65 2481//77 2466//84
f 2479//73 2494//51 2493//2195 2478//71
f 2472//74 2487//52 2486//49 2471//72
f 2480//75 2495//53 2494//51 2479//73
f 2473//76 2488//54 2487//52 2472//74
f 2481//77 2496//55 2495//53 2480//75
f 2474//63 2489//56 2488//54 2473//76
f 2482//65 2497//57 2496//55 2481//77
f 2475//64 2490//58 2489//56 2474//63
f 2483//66 2498//59 2497//57 2482//65
f 2476//67 2491//60 2490//58 2475//64
f 2469//68 2484//2196 2318//10
f 2062//12 2498//59 2483//66
f 2477//69 2492//62 2491//60 2476//67
f 2470//70 2485//2197 2484//2196 2469//68
f 2478//71 2493//2195 2492//62 2477//69
f 2471//72 2486//49 2485//2197 2470//70
f 2498//59 2513//37 2512//34 2497//57
f 2491//60 2506//38 2505//36 2490//58
f 2484//2196 2499//39 2318//10
f 2062//12 2513//37 2498//59
f 2492//62 2507//40 2506//38 2491//60
f 2485//2197 2500//41 2499//39 2484//2196
f 2493//2195 2508//42 2507//40 2492//62
f 2486//49 2501//43 2500//41 2485//2197
f 2494//51 2509//44 2508//42 2493//2195
f 2487//52 2502//45 2501//43 2486//49
f 2495//53 2510//46 2509//44 2494//51
f 2488//54 2503//47 2502//45 2487//52
f 2496//55 2511//33 2510//46 2495//53
f 2489//56 2504//35 2503//47 2488//54
f 2497//57 2512//34 2511//33 2496//55
f 2490//58 2505//36 2504//35 2489//56
f 2502//45 2517//2198 2516//20 2501//43
f 2510//46 2525//26 2524//22 2509//44
f 2503//47 2518//28 2517//2198 2502//45
f 2511//33 2526//30 2525//26 2510//46
f 2504//35 2519//32 2518//28 2503//47
f 2512//34 2527//3 2526//30 2511//33
f 2505//36 2520//7 2519//32 2504//35
f 2513//37 2528//4 2527//3 2512//34
f 2506//38 2521//8 2520//7 2505//36
f 2499//39 2514//11 2318//10
f 2062//12 2528//4 2513//37
f 2507//40 2522//14 2521//8 2506//38
f 2500//41 2515//16 2514//11 2499//39
f 2508//42 2523//18 2522//14 2507//40
f 2501//43 2516//20 2515//16 2500//41
f 2509//44 2524//22 2523//18 2508//42
f 2521//8 2536//5 2535//6 2520//7
f 2514//11 2529//9 2318//10
f 2062//12 2543//1 2528//4
f 2522//14 2537//13 2536//5 2521//8
f 2515//16 2530//15 2529//9 2514//11
f 2523//18 2538//17 2537//13 2522//14
f 2516//20 2531//19 2530//15 2515//16
f 2524//22 2539//21 2538//17 2523//18
f 2517//2198 2532//23 2531//19 2516//20
f 2525//26 2540//25 2539//21 2524//22
f 2518//28 2533//27 2532//23 2517//2198
f 2526//30 2541//29 2540//25 2525//26
f 2519//32 2534//31 2533//27 2518//28
f 2527//3 2542//2 2541//29 2526//30
f 2520//7 2535//6 2534//31 2519//32
f 2528//4 2543//1 2542//2 2527//3
f 2647//2199 2645//486 2547//485 2556//2200
f 2559//2201 2551//490 2549//489 2558//2202
f 2869//2203 2868//492 2551//490 2559//2201
f 2557//2204 2546//496 2553//495 2560//2205
f 2558//2202 2549//489 2554//498 2561//2206
f 2548//2207 2558//2202 2561//2206 2555//2208
f 2544//2209 2557//2204 2560//2205 2552//2210
f 2870//2211 2869//2203 2559//2201 2550//2212
f 2550//2212 2559//2201 2558//2202 2548//2207
f 2646//2213 2647//2199 2556//2200 2545//2214
f 2873//2215 2566//2216 2562//2217 2871//2218
f 2874//2219 2569//2220 2565//2221 2872//2222
f 2872//2222 2565//2221 2566//2216 2873//2215
f 2870//2211 2550//2212 2569//2220 2874//2219
f 2552//2210 2571//2223 2576//2224 2568//2225
f 2564//2226 2574//2227 2575//2228 2567//2229
f 2568//2225 2576//2224 2574//2227 2564//2226
f 2567//2229 2575//2228 2573//2230 2563//2231
f 2552//2210 2560//2205 2572//2232 2571//2223
f 2560//2205 2553//495 2570//525 2572//2232
f 2557//2204 2544//2209 2577//2233 2579//2234
f 2546//496 2557//2204 2579//2234 2578//528
f 2889//2235 2888//2236 2580//2237 2582//2238
f 2890//533 2889//2235 2582//2238 2581//534
f 2888//2236 2577//2233 2563//2231 2891//2239
f 2577//2233 2544//2209 2584//2240 2590//2241
f 2564//2226 2567//2229 2588//2242 2587//2243
f 2552//2210 2568//2225 2589//2244 2585//2245
f 2544//2209 2552//2210 2585//2245 2584//2240
f 2563//2231 2577//2233 2590//2241 2586//2246
f 2568//2225 2564//2226 2587//2243 2589//2244
f 2567//2229 2563//2231 2586//2246 2588//2242
f 2584//2240 2585//2245 2591//2247
f 2590//2241 2584//2240 2591//2247
f 2588//2242 2586//2246 2591//2247
f 2585//2245 2589//2244 2591//2247
f 2586//2246 2590//2241 2591//2247
f 2589//2244 2587//2243 2591//2247
f 2587//2243 2588//2242 2591//2247
f 2550//2212 2548//2207 2569//2220
f 2566//2216 2565//2221 2594//2248 2592//2249
f 2565//2221 2569//2220 2595//2250 2594//2248
f 2562//2217 2566//2216 2592//2249 2593//2251
f 2569//2220 2548//2207 2555//2208 2595//2250
f 2594//2248 2595//2250 2593//2251 2592//2249
f 2623//2252 2621//2253 2611//550 2614//549
f 2620//2254 2622//2255 2613//554 2610//553
f 2622//2255 2623//2252 2614//549 2613//554
f 2625//2256 2626//2257 2619//2258 2618//2259
f 2627//2260 2625//2256 2618//2259 2617//2261
f 2626//2257 2624//2262 2616//2263 2619//2258
f 2618//2259 2619//2258 2623//2252 2622//2255
f 2617//2261 2618//2259 2622//2255 2620//2254
f 2619//2258 2616//2263 2621//2253 2623//2252
f 2615//2264 2609//2265 2624//2262 2626//2257
f 2608//2266 2612//2267 2625//2256 2627//2260
f 2612//2267 2615//2264 2626//2257 2625//2256
f 2638//2268 2632//571 2629//570 2639//2269
f 2639//2269 2629//570 2581//534 2582//2238
f 2641//2270 2633//2271 2580//2237 2583//2272
f 2640//2273 2634//2274 2633//2271 2641//2270
f 2644//2275 2637//2276 2635//2277 2642//2278
f 2642//2278 2635//2277 2636//2279 2643//2280
f 2633//2271 2639//2269 2582//2238 2580//2237
f 2634//2274 2638//2268 2639//2269 2633//2271
f 2637//2276 2640//2273 2641//2270 2635//2277
f 2635//2277 2641//2270 2583//2272 2636//2279
f 2631//2281 2642//2278 2643//2280 2630//2282
f 2628//2283 2644//2275 2642//2278 2631//2281
f 2891//2239 2892//2284 2636//2279 2583//2272
f 2555//2208 2561//2206 2647//2199 2646//2213
f 2561//2206 2554//498 2645//486 2647//2199
f 2595//2250 2555//2208 2648//2285 2593//2251
f 2593//2251 2648//2285 2649//2286 2562//2217
f 2871//2218 2875//2287 2650//2288 2573//2230
f 2892//2284 2893//2289 2643//2280 2636//2279
f 2599//2290 2607//2291 2662//2292 2654//2293
f 2605//2294 2599//2290 2654//2293 2660//2295
f 2602//2296 2601//2297 2656//2298 2657//2299
f 2598//2300 2602//2296 2657//2299 2653//2301
f 2606//2302 2598//2300 2653//2301 2661//2303
f 2596//2304 2606//2302 2661//2303 2651//2305
f 2603//2306 2596//2304 2651//2305 2658//2307
f 2600//2308 2603//2306 2658//2307 2655//2309
f 2607//2291 2597//2310 2652//2311 2662//2292
f 2597//2310 2604//2312 2659//2313 2652//2311
f 2604//2312 2600//2308 2655//2309 2659//2313
f 2601//2297 2605//2294 2660//2295 2656//2298
f 2654//2293 2662//2292 2674//2314 2666//2315
f 2660//2295 2654//2293 2666//2315 2672//2316
f 2657//2299 2656//2298 2668//2317 2669//2318
f 2653//2301 2657//2299 2669//2318 2665//2319
f 2661//2303 2653//2301 2665//2319 2673//2320
f 2651//2305 2661//2303 2673//2320 2663//2321
f 2658//2307 2651//2305 2663//2321 2670//2322
f 2655//2309 2658//2307 2670//2322 2667//2323
f 2662//2292 2652//2311 2664//2324 2674//2314
f 2652//2311 2659//2313 2671//2325 2664//2324
f 2659//2313 2655//2309 2667//2323 2671//2325
f 2656//2298 2660//2295 2672//2316 2668//2317
f 2648//2285 2555//2208 2646//2213 2664//2324
f 2664//2324 2646//2213 2545//2214 2674//2314
f 2648//2285 2664//2324 2671//2325 2649//2286
f 2649//2286 2671//2325 2667//2323 2676//2326
f 2875//2287 2876//2327 2677//2328 2650//2288
f 2893//2289 2894//2329 2630//2282 2643//2280
f 2556//2200 2547//485 2675//633 2679//2330
f 2545//2214 2556//2200 2679//2330 2678//2331
f 2545//2214 2678//2331 2666//2315 2674//2314
f 2612//2267 2681//2332 2682//2333 2615//2264
f 2608//2266 2680//2334 2681//2332 2612//2267
f 2681//2332 2684//2335 2685//2336 2682//2333
f 2680//2334 2683//2337 2684//2335 2681//2332
f 2684//2335 2631//2281 2630//2282 2685//2336
f 2683//2337 2628//2283 2631//2281 2684//2335
f 2894//2329 2677//2328 2686//2338 2895//2339
f 2876//2327 2676//2326 2687//2340 2877//2341
f 2676//2326 2667//2323 2670//2322 2687//2340
f 2682//2333 2688//2342 2609//2265 2615//2264
f 2897//2343 2694//2344 2689//2345 2896//2346
f 2896//2346 2689//2345 2693//2347 2898//2348
f 2900//2349 2691//2350 2692//2351 2899//2352
f 2898//2348 2693//2347 2691//2350 2900//2349
f 2899//2352 2692//2351 2690//657 2901//656
f 2895//2339 2686//2338 2695//2353 2902//2354
f 2902//2354 2695//2353 2694//2344 2897//2343
f 2709//2355 2708//2356 2697//662 2696//661
f 2700//2357 2703//2358 2698//2359 2699//2360
f 2663//2321 2673//2320 2702//2361 2701//2362
f 2878//2363 2879//2364 2703//2358 2700//2357
f 2699//2360 2698//2359 2704//2365 2713//2366
f 2713//2366 2704//2365 2705//2367 2712//2368
f 2712//2368 2705//2367 2706//2369 2711//2370
f 2711//2370 2706//2369 2707//2371 2710//2372
f 2710//2372 2707//2371 2708//2356 2709//2355
f 2670//2322 2663//2321 2701//2362 2687//2340
f 2877//2341 2878//2363 2700//2357 2686//2338
f 2686//2338 2700//2357 2699//2360 2695//2353
f 2695//2353 2699//2360 2713//2366 2694//2344
f 2694//2344 2713//2366 2712//2368 2689//2345
f 2689//2345 2712//2368 2711//2370 2693//2347
f 2693//2347 2711//2370 2710//2372 2691//2350
f 2691//2350 2710//2372 2709//2355 2692//2351
f 2692//2351 2709//2355 2696//661 2690//657
f 2675//633 2714//681 2715//2373 2679//2330
f 2698//2359 2717//2374 2720//2375 2704//2365
f 2879//2364 2880//2376 2719//2377 2703//2358
f 2707//2371 2723//2378 2724//2379 2708//2356
f 2704//2365 2720//2375 2721//2380 2705//2367
f 2703//2358 2719//2377 2717//2374 2698//2359
f 2705//2367 2721//2380 2722//2381 2706//2369
f 2708//2356 2724//2379 2716//690 2697//662
f 2673//2320 2665//2319 2718//2382 2702//2361
f 2706//2369 2722//2381 2723//2378 2707//2371
f 2669//2318 2728//2383 2725//2384 2665//2319
f 2880//2376 2881//2385 2734//2386 2719//2377
f 2665//2319 2725//2384 2733//2387 2718//2382
f 2717//2374 2732//2388 2735//2389 2720//2375
f 2672//2316 2729//2390 2727//2391 2668//2317
f 2720//2375 2735//2389 2736//2392 2721//2380
f 2668//2317 2727//2391 2728//2383 2669//2318
f 2721//2380 2736//2392 2737//2393 2722//2381
f 2722//2381 2737//2393 2738//2394 2723//2378
f 2723//2378 2738//2394 2739//2395 2724//2379
f 2724//2379 2739//2395 2731//705 2716//690
f 2678//2331 2730//2396 2726//2397 2666//2315
f 2666//2315 2726//2397 2729//2390 2672//2316
f 2719//2377 2734//2386 2732//2388 2717//2374
f 2679//2330 2715//2373 2730//2396 2678//2331
f 2753//708 2740//711 2741//2398 2752//2399
f 2761//712 2742//715 2743//2400 2760//2401
f 2763//716 2731//705 2739//2395 2762//2402
f 2757//718 2745//721 2744//2403 2756//2404
f 2758//722 2746//725 2747//2405 2759//2406
f 2814//2407 2815//2408 2817//2409 2816//2410
f 2750//730 2749//733 2748//2411 2751//2412
f 2740//711 2750//730 2751//2412 2741//2398
f 2745//721 2754//735 2755//2413 2744//2403
f 2746//725 2757//718 2756//2404 2747//2405
f 2714//681 2758//722 2759//2406 2715//2373
f 2749//733 2761//712 2760//2401 2748//2411
f 3431//2414 4191//2415 4192//2416 3433//2417
f 2881//2385 2882//2418 2772//2419 2734//2386
f 2730//2396 2769//2420 2765//2421 2726//2397
f 2737//2393 2775//2422 2776//2423 2738//2394
f 2729//2390 2768//2424 2766//2425 2727//2391
f 2732//2388 2770//2426 2773//2427 2735//2389
f 2727//2391 2766//2425 2767//2428 2728//2383
f 2735//2389 2773//2427 2774//2429 2736//2392
f 2734//2386 2772//2419 2770//2426 2732//2388
f 2725//2384 2764//2430 2771//2431 2733//2387
f 2726//2397 2765//2421 2768//2424 2729//2390
f 2736//2392 2774//2429 2775//2422 2737//2393
f 2728//2383 2767//2428 2764//2430 2725//2384
f 2715//2373 2759//2406 2769//2420 2730//2396
f 2762//2402 2739//2395 2738//2394 2776//2423
f 3401//2432 4162//2433 4193//2434 3441//2435
f 2769//2420 2784//2436 2780//2437 2765//2421
f 2764//2430 2779//2438 2786//2439 2771//2431
f 2768//2424 2783//2440 2781//2441 2766//2425
f 2773//2427 2788//2442 2789//2443 2774//2429
f 2772//2419 2787//2444 2785//2445 2770//2426
f 2766//2425 2781//2441 2782//2446 2767//2428
f 2774//2429 2789//2443 2790//2447 2775//2422
f 2882//2418 2883//2448 2787//2444 2772//2419
f 2765//2421 2780//2437 2783//2440 2768//2424
f 2775//2422 2790//2447 2791//2449 2776//2423
f 2767//2428 2782//2446 2779//2438 2764//2430
f 2770//2426 2785//2445 2788//2442 2773//2427
f 2939//772 4182//2450 4194//2451 3434//773
f 2759//2406 2747//2405 2784//2436 2769//2420
f 3433//2417 4192//2416 4195//2452 3550//2453
f 3560//778 3555//781 4196//2454 4199//2455
f 3563//782 4198//2456 4197//2457 3553//783
f 2859//2458 2796//2459 2797//2460 2860//2461
f 2884//2462 2803//2463 2804//2464 2885//2465
f 2803//2463 2802//2466 2805//2467 2804//2464
f 2802//2466 2801//2468 2806//2469 2805//2467
f 2801//2468 2800//2470 2807//2471 2806//2469
f 2800//2470 2799//2472 2808//2473 2807//2471
f 2799//2472 2798//2474 2809//2475 2808//2473
f 2989//804 4172//2476 4198//2456 3563//782
f 2861//2477 2862//2478 2808//2473 2809//2475
f 2862//2478 2863//2479 2807//2471 2808//2473
f 2863//2479 2864//2480 2806//2469 2807//2471
f 2864//2480 2865//2481 2805//2467 2806//2469
f 2865//2481 2866//2482 2804//2464 2805//2467
f 2887//2483 2860//2461 2797//2460 2885//2465
f 2784//2436 2811//2484 2810//2485 2780//2437
f 2811//2484 2813//2486 2812//2487 2810//2485
f 2813//2486 2815//2408 2814//2407 2812//2487
f 2838//2488 2839//2489 2832//2490 2833//2491
f 2817//2409 2819//2492 2818//2493 2816//2410
f 2819//2492 2821//2494 2820//2495 2818//2493
f 2821//2494 2823//2496 2822//2497 2820//2495
f 2823//2496 2825//2498 2824//2499 2822//2497
f 2825//2498 2827//2500 2826//2501 2824//2499
f 2798//2474 2799//2472 2826//2501 2827//2500
f 2832//2490 2839//2489 2854//2502 2851//2503
f 2846//2504 2849//2505 2886//2506
f 2842//2507 2843//2508 2829//2509 2828//2510
f 2834//2511 2830//2512 2831//2513 2835//2514
f 2830//2512 2833//2491 2832//2490 2831//2513
f 2783//2440 2834//2511 2835//2514 2781//2441
f 2828//2510 2829//2509 2837//2515 2836//2516
f 2836//2516 2837//2515 2839//2489 2838//2488
f 2845//2517 2844//2518 2840//2519 2841//2520
f 2841//2520 2840//2519 2843//2508 2842//2507
f 2800//2470 2801//2468 2844//2518 2845//2517
f 2884//2462 2886//2506 2848//2521 2803//2463
f 2859//2458 2867//2522 2846//2504 2796//2459
f 2803//2463 2848//2521 2847//2523 2802//2466
f 2802//2466 2847//2523 2844//2518 2801//2468
f 2840//2519 2855//2524 2856//2525 2843//2508
f 2854//2502 2853//2526 2846//2504
f 2829//2509 2849//2505 2853//2526 2837//2515
f 2846//2504 2853//2526 2849//2505
f 2832//2490 2851//2503 2850//2527 2831//2513
f 2831//2513 2850//2527 2852//2528 2835//2514
f 2837//2515 2853//2526 2854//2502 2839//2489
f 2843//2508 2856//2525 2849//2505 2829//2509
f 2844//2518 2847//2523 2855//2524 2840//2519
f 2847//2523 2848//2521 2856//2525 2855//2524
f 2782//2446 2781//2441 2835//2514 2852//2528
f 2779//2438 2782//2446 2867//2522 2859//2458
f 2883//2448 2786//2439 2860//2461 2887//2483
f 2785//2445 2787//2444 2866//2482 2865//2481
f 2788//2442 2785//2445 2865//2481 2864//2480
f 2789//2443 2788//2442 2864//2480 2863//2479
f 2790//2447 2789//2443 2863//2479 2862//2478
f 2791//2449 2790//2447 2862//2478 2861//2477
f 2984//858 3560//778 4199//2455 4163//2529
f 2779//2438 2859//2458 2860//2461 2786//2439
f 4206//860 2763//716 2762//2402 4209//2530
f 2787//2444 2883//2448 2887//2483 2866//2482
f 2796//2459 2846//2504 2886//2506 2884//2462
f 2866//2482 2887//2483 2885//2465 2804//2464
f 2796//2459 2884//2462 2885//2465 2797//2460
f 2771//2431 2786//2439 2883//2448 2882//2418
f 2733//2387 2771//2431 2882//2418 2881//2385
f 2718//2382 2733//2387 2881//2385 2880//2376
f 2702//2361 2718//2382 2880//2376 2879//2364
f 2687//2340 2701//2362 2878//2363 2877//2341
f 2701//2362 2702//2361 2879//2364 2878//2363
f 2677//2328 2876//2327 2877//2341 2686//2338
f 2649//2286 2676//2326 2876//2327 2875//2287
f 2562//2217 2649//2286 2875//2287 2871//2218
f 2571//2223 2870//2211 2874//2219 2576//2224
f 2574//2227 2872//2222 2873//2215 2575//2228
f 2576//2224 2874//2219 2872//2222 2574//2227
f 2575//2228 2873//2215 2871//2218 2573//2230
f 2571//2223 2572//2232 2869//2203 2870//2211
f 2572//2232 2570//525 2868//492 2869//2203
f 2849//2505 2856//2525 2848//2521 2886//2506
f 2867//2522 2782//2446 2852//2528 2850//2527
f 2755//2413 2754//735 2753//708 2752//2399
f 2850//2527 2851//2503 2867//2522
f 2867//2522 2851//2503 2854//2502
f 2867//2522 2854//2502 2846//2504
f 2780//2437 2810//2485 2834//2511 2783//2440
f 2810//2485 2812//2487 2830//2512 2834//2511
f 2812//2487 2814//2407 2833//2491 2830//2512
f 2814//2407 2816//2410 2838//2488 2833//2491
f 2816//2410 2818//2493 2836//2516 2838//2488
f 2818//2493 2820//2495 2828//2510 2836//2516
f 2820//2495 2822//2497 2842//2507 2828//2510
f 2822//2497 2824//2499 2841//2520 2842//2507
f 2824//2499 2826//2501 2845//2517 2841//2520
f 2826//2501 2799//2472 2800//2470 2845//2517
f 2747//2405 2756//2404 2811//2484 2784//2436
f 2756//2404 2744//2403 2813//2486 2811//2484
f 2744//2403 2755//2413 2815//2408 2813//2486
f 2755//2413 2752//2399 2817//2409 2815//2408
f 2752//2399 2741//2398 2819//2492 2817//2409
f 2741//2398 2751//2412 2821//2494 2819//2492
f 2751//2412 2748//2411 2823//2496 2821//2494
f 2748//2411 2760//2401 2825//2498 2823//2496
f 2760//2401 2743//2400 2827//2500 2825//2498
f 4204//862 4201//2531 2743//2400 2742//715
f 2682//2333 2902//2354 2897//2343 2688//2342
f 2685//2336 2895//2339 2902//2354 2682//2333
f 2621//2253 2899//2352 2901//656 2611//550
f 2624//2262 2898//2348 2900//2349 2616//2263
f 2616//2263 2900//2349 2899//2352 2621//2253
f 2609//2265 2896//2346 2898//2348 2624//2262
f 2688//2342 2897//2343 2896//2346 2609//2265
f 2630//2282 2894//2329 2895//2339 2685//2336
f 2650//2288 2677//2328 2894//2329 2893//2289
f 2573//2230 2650//2288 2893//2289 2892//2284
f 2563//2231 2573//2230 2892//2284 2891//2239
f 2580//2237 2888//2236 2891//2239 2583//2272
f 2578//528 2579//2234 2889//2235 2890//533
f 2579//2234 2577//2233 2888//2236 2889//2235
f 2596//2304 2903//2532 2606//2302
f 2603//2306 2903//2532 2596//2304
f 2600//2308 2903//2532 2603//2306
f 2607//2291 2903//2532 2597//2310
f 2597//2310 2903//2532 2604//2312
f 2604//2312 2903//2532 2600//2308
f 2601//2297 2903//2532 2605//2294
f 2599//2290 2903//2532 2607//2291
f 2605//2294 2903//2532 2599//2290
f 2602//2296 2903//2532 2601//2297
f 2598//2300 2903//2532 2602//2296
f 2606//2302 2903//2532 2598//2300
f 4185//2533 2858//2534 2905//867 2990//866
f 4171//2535 3318//872 2906//871 2857//2536
f 2920//2537 2962//2538 3437//2539 3442//2540
f 3310//2541 2958//2542 2914//2543 3311//2544
f 4168//2545 3082//884 2910//883 2795//2546
f 3266//2547 3261//2548 2914//2543 2958//2542
f 3087//2549 3083//2550 2909//2551 2975//2552
f 3321//2553 3317//2554 2912//2555 2976//2556
f 2975//2552 2909//2551 2917//2557 2977//2558
f 3085//2559 3080//2560 2908//2561 2956//2562
f 2795//2546 2910//883 2918//902 2794//2563
f 3376//2564 3310//2541 3311//2544 3375//2565
f 3448//2566 2978//2567 3438//2568 3449//2569
f 4195//2452 3549//911 2922//910 2793//2570
f 2980//2571 2929//2572 2926//2573 2979//2574
f 2972//2575 2942//2576 3442//2540 3437//2539
f 2778//2577 2928//921 2924//920 2792//2578
f 4166//2579 3047//923 2928//921 2778//2577
f 2966//2580 3058//2581 3060//2582 3059//2583
f 3052//2584 3048//2585 2929//2572 2980//2571
f 3065//2586 3061//2587 2933//2588 2981//2589
f 3050//2590 3054//2591 3058//2581 2966//2580
f 4167//2592 3033//939 2932//938 2777//2593
f 4165//2594 3034//943 2936//942 4161//2595
f 3392//2596 2954//2597 2970//2598 3410//2599
f 3135//2600 3012//2601 3008//2602 3128//2603
f 2794//2563 2918//902 2941//952 4162//2433
f 3064//2604 3067//2605 3057//2606 2967//2607
f 2977//2558 2917//2557 2940//2608 2983//2609
f 2994//2610 2947//2611 2953//2612 3000//2613
f 3131//2614 3039//2615 3004//2616 3127//2617
f 3066//2618 3062//2619 2951//2620 2998//2621
f 3053//2622 3049//2623 2950//2624 2997//2625
f 2997//2625 2950//2624 2949//2626 2996//2627
f 2992//2628 2943//2629 2947//2611 2994//2610
f 3088//2630 3084//2631 2943//2629 2992//2628
f 2960//2632 2919//2633 2942//2576 2972//2575
f 4184//2634 4183//2635 2944//985 2985//984
f 2988//2636 3367//2637 3372//2638 2976//2556
f 3405//2639 2960//2632 2972//2575 3411//2640
f 2986//2641 2946//2642 2974//2643 2987//2644
f 2917//2557 2961//2645 2971//2646 2940//2608
f 2954//2597 2915//2647 3036//2648 2970//2598
f 3035//2649 3038//2650 2969//2651 2937//2652
f 3420//2653 3064//2604 2967//2607 3409//2654
f 3417//2655 3050//2590 2966//2580 3408//2656
f 3061//2587 3063//2657 2968//2658 2933//2588
f 3048//2585 3051//2659 2965//2660 2929//2572
f 3408//2656 2966//2580 3059//2583 3419//2661
f 2948//2662 2995//2663 3439//2664 3436//2665
f 2940//2608 2971//2646 3451//2666 3450//2667
f 3402//2668 2956//2562 2960//2632 3405//2639
f 3422//2669 3085//2559 2956//2562 3402//2668
f 2909//2551 2957//2670 2961//2645 2917//2557
f 3424//2671 3266//2547 2958//2542 3403//2672
f 3426//2673 3403//2672 2958//2542 3310//2541
f 3083//2550 3086//2674 2957//2670 2909//2551
f 3317//2554 3320//2675 2955//2676 2912//2555
f 3393//2677 3413//2678 2988//2636 2955//2676
f 2991//2679 2915//2647 2954//2597 3002//2680
f 4175//2681 4184//2634 2985//984 2904//1033
f 2913//2682 2986//2641 2987//2644 2959//2683
f 2947//2611 2977//2558 2983//2609 2953//2612
f 3133//2684 3005//2685 3006//2686 3125//2687
f 3062//2619 3065//2586 2981//2589 2951//2620
f 3049//2623 3052//2584 2980//2571 2950//2624
f 2950//2624 2980//2571 2979//2574 2949//2626
f 2962//2538 3406//2688 3440//2689 3437//2539
f 2943//2629 2975//2552 2977//2558 2947//2611
f 3319//2690 3321//2553 3373//2691 3368//2692
f 3084//2631 3087//2549 2975//2552 2943//2629
f 2955//2676 2988//2636 2976//2556 2912//2555
f 3080//2560 3088//2630 2992//2628 2908//2561
f 4154//2693 4152//2694 3276//2695 3269//2696
f 2908//2561 2992//2628 2994//2610 2919//2633
f 2978//2567 2948//2662 3436//2665 3438//2568
f 2930//2697 2997//2625 2996//2627 2925//2698
f 3045//2699 3053//2622 2997//2625 2930//2697
f 3056//2700 3066//2618 2998//2621 2934//2701
f 3132//2702 3007//2703 3011//2704 3126//2705
f 2919//2633 2994//2610 3000//2613 2942//2576
f 2946//2642 2991//2679 3002//2680 2974//2643
f 4183//2635 4185//2533 2990//866 2944//985
f 3128//2603 3008//2602 3003//2706 3134//2707
f 3126//2705 3011//2704 3012//2601 3135//2600
f 3127//2617 3004//2616 3009//2708 3129//2709
f 3136//2710 3010//2711 3005//2685 3133//2684
f 3130//2712 3040//2713 3007//2703 3132//2702
f 3129//2709 3009//2708 3010//2711 3136//2710
f 3032//2714 3021//2715 3022//2716 3027//2717
f 3044//2718 3041//2719 3014//2720 3023//2721
f 3027//2717 3022//2716 3016//2722 3024//2723
f 3030//2724 3017//2725 3021//2715 3032//2714
f 3029//2726 3015//2727 3020//2728 3026//2729
f 3031//2730 3019//2731 3018//2732 3025//2733
f 3023//2721 3014//2720 3015//2727 3029//2726
f 3024//2723 3016//2722 3013//2734 3028//2735
f 3043//2736 3042//2737 3017//2725 3030//2724
f 3026//2729 3020//2728 3019//2731 3031//2730
f 3071//2738 3026//2729 3031//2730 3076//2739
f 3079//2740 3043//2736 3030//2724 3075//2741
f 3069//2742 3024//2723 3028//2735 3073//2743
f 3068//2744 3023//2721 3029//2726 3074//2745
f 3076//2739 3031//2730 3025//2733 3070//2746
f 3074//2745 3029//2726 3026//2729 3071//2738
f 3075//2741 3030//2724 3032//2714 3077//2747
f 3072//2748 3027//2717 3024//2723 3069//2742
f 3078//2749 3044//2718 3023//2721 3068//2744
f 3077//2747 3032//2714 3027//2717 3072//2748
f 3073//2743 3028//2735 3044//2718 3078//2749
f 3070//2746 3025//2733 3043//2736 3079//2740
f 3025//2733 3018//2732 3042//2737 3043//2736
f 3028//2735 3013//2734 3041//2719 3044//2718
f 3125//2687 3006//2686 3040//2713 3130//2712
f 2973//2750 3001//2751 2993//2752 2945//2753
f 2938//2754 2999//2755 3066//2618 3056//2700
f 3134//2707 3003//2706 3039//2615 3131//2614
f 2952//2756 2982//2757 3065//2586 3062//2619
f 4175//2681 2904//1033 3034//943 4165//2594
f 2934//2701 2998//2621 3053//2622 3045//2699
f 2951//2620 2981//2589 3052//2584 3049//2623
f 2913//2682 2959//2683 3038//2650 3035//2649
f 3409//2654 2967//2607 3050//2590 3417//2655
f 2998//2621 2951//2620 3049//2623 3053//2622
f 2981//2589 2933//2588 3048//2585 3052//2584
f 2933//2588 2968//2658 3051//2659 3048//2585
f 2777//2593 2932//938 3047//923 4166//2579
f 3067//2605 3056//2700 2934//2701 3057//2606
f 3054//2591 3045//2699 2930//2697 3058//2581
f 3058//2581 2930//2697 2925//2698 3060//2582
f 3057//2606 2934//2701 3045//2699 3054//2591
f 4187//2758 4178//2759 2923//1112 3055//1111
f 2967//2607 3057//2606 3054//2591 3050//2590
f 3036//2648 2938//2754 3056//2700 3067//2605
f 3410//2599 2970//2598 3064//2604 3420//2653
f 2925//2698 2963//2760 3059//2583 3060//2582
f 2999//2755 2952//2756 3062//2619 3066//2618
f 4161//2595 2936//942 3033//939 4167//2592
f 2937//2652 2969//2651 3063//2657 3061//2587
f 2982//2757 2937//2652 3061//2587 3065//2586
f 2937//2652 3070//2746 3079//2740 3035//2649
f 2915//2647 3073//2743 3078//2749 3036//2648
f 2986//2641 3077//2747 3072//2748 2946//2642
f 3036//2648 3078//2749 3068//2744 2938//2754
f 2946//2642 3072//2748 3069//2742 2991//2679
f 2913//2682 3075//2741 3077//2747 2986//2641
f 2999//2755 3074//2745 3071//2738 2952//2756
f 2982//2757 3076//2739 3070//2746 2937//2652
f 2938//2754 3068//2744 3074//2745 2999//2755
f 2991//2679 3069//2742 3073//2743 2915//2647
f 3035//2649 3079//2740 3075//2741 2913//2682
f 2952//2756 3071//2738 3076//2739 2982//2757
f 2925//2698 2996//2627 3088//2630 3080//2560
f 2949//2626 2979//2574 3087//2549 3084//2631
f 2970//2598 3036//2648 3067//2605 3064//2604
f 3407//2761 2963//2760 3085//2559 3422//2669
f 2996//2627 2949//2626 3084//2631 3088//2630
f 2979//2574 2926//2573 3083//2550 3087//2549
f 2926//2573 2964//2762 3086//2674 3083//2550
f 2792//2578 2924//920 3082//884 4168//2545
f 3018//2732 3096//2763 3100//2764 3042//2737
f 3013//2734 3089//2765 3099//2766 3041//2719
f 3021//2715 3093//2767 3098//2768 3022//2716
f 3041//2719 3099//2766 3094//2769 3014//2720
f 3022//2716 3098//2768 3095//2770 3016//2722
f 3017//2725 3091//2771 3093//2767 3021//2715
f 3015//2727 3090//2772 3097//2773 3020//2728
f 3019//2731 3092//2774 3096//2763 3018//2732
f 3014//2720 3094//2769 3090//2772 3015//2727
f 3016//2722 3095//2770 3089//2765 3013//2734
f 3042//2737 3100//2764 3091//2771 3017//2725
f 3020//2728 3097//2773 3092//2774 3019//2731
f 3163//2775 3110//2776 3107//2777 3172//2778
f 3166//2779 3101//2780 3106//2781 3171//2782
f 3170//2783 3105//2784 3112//2785 3165//2786
f 3171//2782 3106//2781 3108//2787 3161//2788
f 3165//2786 3112//2785 3109//2789 3162//2790
f 3168//2791 3103//2792 3105//2784 3170//2783
f 3167//2793 3102//2794 3111//2795 3164//2796
f 3169//2797 3104//2798 3110//2776 3163//2775
f 3161//2788 3108//2787 3102//2794 3167//2793
f 3162//2790 3109//2789 3101//2780 3166//2779
f 3172//2778 3107//2777 3103//2792 3168//2791
f 3164//2796 3111//2795 3104//2798 3169//2797
f 3139//2799 3122//2800 3119//2801 3148//2802
f 3142//2803 3113//2804 3118//2805 3147//2806
f 3146//2807 3117//2808 3124//2809 3141//2810
f 3147//2806 3118//2805 3120//2811 3137//2812
f 3141//2810 3124//2809 3121//2813 3138//2814
f 3144//2815 3115//2816 3117//2808 3146//2807
f 3143//2817 3114//2818 3123//2819 3140//2820
f 3145//2821 3116//2822 3122//2800 3139//2799
f 3137//2812 3120//2811 3114//2818 3143//2817
f 3138//2814 3121//2813 3113//2804 3142//2803
f 3148//2802 3119//2801 3115//2816 3144//2815
f 3140//2820 3123//2819 3116//2822 3145//2821
f 3151//2823 3134//2707 3131//2614 3160//2824
f 3154//2825 3125//2687 3130//2712 3159//2826
f 3158//2827 3129//2709 3136//2710 3153//2828
f 3159//2826 3130//2712 3132//2702 3149//2829
f 3153//2828 3136//2710 3133//2684 3150//2830
f 3156//2831 3127//2617 3129//2709 3158//2827
f 3155//2832 3126//2705 3135//2600 3152//2833
f 3157//2834 3128//2603 3134//2707 3151//2823
f 3149//2829 3132//2702 3126//2705 3155//2832
f 3150//2830 3133//2684 3125//2687 3154//2825
f 3160//2824 3131//2614 3127//2617 3156//2831
f 3152//2833 3135//2600 3128//2603 3157//2834
f 3111//2795 3140//2820 3145//2821 3104//2798
f 3107//2777 3148//2802 3144//2815 3103//2792
f 3109//2789 3138//2814 3142//2803 3101//2780
f 3108//2787 3137//2812 3143//2817 3102//2794
f 3104//2798 3145//2821 3139//2799 3110//2776
f 3102//2794 3143//2817 3140//2820 3111//2795
f 3103//2792 3144//2815 3146//2807 3105//2784
f 3112//2785 3141//2810 3138//2814 3109//2789
f 3106//2781 3147//2806 3137//2812 3108//2787
f 3105//2784 3146//2807 3141//2810 3112//2785
f 3101//2780 3142//2803 3147//2806 3106//2781
f 3110//2776 3139//2799 3148//2802 3107//2777
f 3123//2819 3152//2833 3157//2834 3116//2822
f 3119//2801 3160//2824 3156//2831 3115//2816
f 3121//2813 3150//2830 3154//2825 3113//2804
f 3120//2811 3149//2829 3155//2832 3114//2818
f 3116//2822 3157//2834 3151//2823 3122//2800
f 3114//2818 3155//2832 3152//2833 3123//2819
f 3115//2816 3156//2831 3158//2827 3117//2808
f 3124//2809 3153//2828 3150//2830 3121//2813
f 3118//2805 3159//2826 3149//2829 3120//2811
f 3117//2808 3158//2827 3153//2828 3124//2809
f 3113//2804 3154//2825 3159//2826 3118//2805
f 3122//2800 3151//2823 3160//2824 3119//2801
f 3176//2835 3164//2796 3169//2797 3181//2836
f 3184//2837 3172//2778 3168//2791 3180//2838
f 3174//2839 3162//2790 3166//2779 3178//2840
f 3173//2841 3161//2788 3167//2793 3179//2842
f 3181//2836 3169//2797 3163//2775 3175//2843
f 3179//2842 3167//2793 3164//2796 3176//2835
f 3180//2838 3168//2791 3170//2783 3182//2844
f 3177//2845 3165//2786 3162//2790 3174//2839
f 3183//2846 3171//2782 3161//2788 3173//2841
f 3182//2844 3170//2783 3165//2786 3177//2845
f 3178//2840 3166//2779 3171//2782 3183//2846
f 3175//2843 3163//2775 3172//2778 3184//2837
f 3096//2763 3175//2843 3184//2837 3100//2764
f 3089//2765 3178//2840 3183//2846 3099//2766
f 3093//2767 3182//2844 3177//2845 3098//2768
f 3099//2766 3183//2846 3173//2841 3094//2769
f 3098//2768 3177//2845 3174//2839 3095//2770
f 3091//2771 3180//2838 3182//2844 3093//2767
f 3090//2772 3179//2842 3176//2835 3097//2773
f 3092//2774 3181//2836 3175//2843 3096//2763
f 3094//2769 3173//2841 3179//2842 3090//2772
f 3095//2770 3174//2839 3178//2840 3089//2765
f 3100//2764 3184//2837 3180//2838 3091//2771
f 3097//2773 3176//2835 3181//2836 3092//2774
f 3248//2847 3244//2848 3187//2849 3192//2850
f 3254//2851 3245//2852 3190//2853 3212//2854
f 3260//2855 3246//2856 3005//2685 3010//2711
f 3256//2857 3243//2858 3007//2703 3040//2713
f 3240//2859 3213//2860 3188//2861 3233//2862
f 3226//2863 3228//2864 3192//2850 3187//2849
f 3211//2865 3215//2866 3193//2867 3189//2868
f 3245//2852 3247//2869 3194//2870 3190//2853
f 3249//2871 3248//2847 3192//2850 3197//2872
f 3251//2873 3249//2871 3197//2872 3008//2602
f 3228//2864 3229//2874 3197//2872 3192//2850
f 3215//2866 3217//2875 3198//2876 3193//2867
f 3247//2869 3250//2877 3196//2878 3194//2870
f 3258//2879 3251//2873 3008//2602 3012//2601
f 3229//2874 3003//2706 3008//2602 3197//2872
f 3217//2875 3218//2880 3200//2881 3198//2876
f 3250//2877 3252//2882 3004//2616 3196//2878
f 3198//2876 3200//2881 3210//2883 3208//2884
f 3231//2885 3199//2886 3209//2887 3236//2888
f 3193//2867 3198//2876 3208//2884 3205//2889
f 3199//2886 3195//2890 3207//2891 3209//2887
f 3195//2890 3191//2892 3206//2893 3207//2891
f 3189//2868 3193//2867 3205//2889 3203//2894
f 3227//2895 3185//2896 3201//2897 3225//2898
f 3233//2862 3188//2861 3204//2899 3238//2900
f 3211//2865 3189//2868 3203//2894 3220//2901
f 3191//2892 3186//2902 3202//2903 3206//2893
f 3221//2904 3211//2865 3220//2901 3230//2905
f 3188//2861 3213//2860 3219//2906 3204//2899
f 3223//2907 3224//2908 3218//2880 3217//2875
f 3196//2878 3004//2616 3039//2615 3216//2909
f 3222//2910 3223//2907 3217//2875 3215//2866
f 3194//2870 3196//2878 3216//2909 3214//2911
f 3221//2904 3222//2910 3215//2866 3211//2865
f 3190//2853 3194//2870 3214//2911 3212//2854
f 3242//2912 3227//2895 3213//2860 3240//2859
f 3246//2856 3253//2913 3006//2686 3005//2685
f 3255//2914 3254//2851 3212//2854 3226//2863
f 3244//2848 3255//2914 3226//2863 3187//2849
f 3232//2915 3185//2896 3227//2895 3242//2912
f 3186//2902 3191//2892 3222//2910 3221//2904
f 3191//2892 3195//2890 3223//2907 3222//2910
f 3195//2890 3199//2886 3224//2908 3223//2907
f 3186//2902 3221//2904 3230//2905 3202//2903
f 3213//2860 3227//2895 3225//2898 3219//2906
f 3216//2909 3039//2615 3003//2706 3229//2874
f 3214//2911 3216//2909 3229//2874 3228//2864
f 3212//2854 3214//2911 3228//2864 3226//2863
f 3253//2913 3256//2857 3040//2713 3006//2686
f 3199//2886 3231//2885 3241//2916 3224//2908
f 3231//2885 3232//2915 3242//2912 3241//2916
f 3224//2908 3241//2916 3239//2917 3218//2880
f 3241//2916 3242//2912 3240//2859 3239//2917
f 3200//2881 3234//2918 3237//2919 3210//2883
f 3234//2918 3233//2862 3238//2900 3237//2919
f 3185//2896 3232//2915 3235//2920 3201//2897
f 3232//2915 3231//2885 3236//2888 3235//2920
f 3243//2858 3257//2921 3011//2704 3007//2703
f 3257//2921 3258//2879 3012//2601 3011//2704
f 3218//2880 3239//2917 3234//2918 3200//2881
f 3239//2917 3240//2859 3233//2862 3234//2918
f 3252//2882 3259//2922 3009//2708 3004//2616
f 3259//2922 3260//2855 3010//2711 3009//2708
f 3237//2919 3238//2900 3260//2855 3259//2922
f 3210//2883 3237//2919 3259//2922 3252//2882
f 3235//2920 3236//2888 3258//2879 3257//2921
f 3201//2897 3235//2920 3257//2921 3243//2858
f 3219//2906 3225//2898 3256//2857 3253//2913
f 3202//2903 3230//2905 3255//2914 3244//2848
f 3230//2905 3220//2901 3254//2851 3255//2914
f 3204//2899 3219//2906 3253//2913 3246//2856
f 3208//2884 3210//2883 3252//2882 3250//2877
f 3236//2888 3209//2887 3251//2873 3258//2879
f 3205//2889 3208//2884 3250//2877 3247//2869
f 3209//2887 3207//2891 3249//2871 3251//2873
f 3207//2891 3206//2893 3248//2847 3249//2871
f 3203//2894 3205//2889 3247//2869 3245//2852
f 3225//2898 3201//2897 3243//2858 3256//2857
f 3238//2900 3204//2899 3246//2856 3260//2855
f 3220//2901 3203//2894 3245//2852 3254//2851
f 3206//2893 3202//2903 3244//2848 3248//2847
f 4159//2923 4158//2924 3270//2925 3312//2926
f 2948//2662 2978//2567 3268//2927 3265//2928
f 3406//2688 2962//2538 3266//2547 3424//2671
f 4160//2929 4156//2930 3272//2931 3322//2932
f 2978//2567 3448//2566 3456//2933 3268//2927
f 2963//2760 2925//2698 3080//2560 3085//2559
f 2793//2570 2922//910 3264//1289 4169//2934
f 4140//2935 3287//2936 4097//2937 4149//2938
f 4152//2694 4157//2939 3273//2940 3276//2695
f 4158//2924 4154//2693 3269//2696 3270//2925
f 4156//2930 4153//2941 3271//2942 3272//2931
f 4155//2943 4151//2944 3275//2945 3274//2946
f 4139//2947 3286//2948 3287//2936 4140//2935
f 4145//2949 3290//2950 4102//2951 4148//2952
f 4143//2953 3314//2954 3286//2948 4139//2947
f 4141//2955 3288//2956 3290//2950 4145//2949
f 4138//2957 3285//2958 3289//2959 4142//2960
f 4147//2961 3292//2962 3291//2963 4146//2964
f 4144//2965 3324//2966 3652//2967 4137//2968
f 3322//2932 3324//2966 3289//2959 3275//2945
f 3271//2942 4106//2969 3568//2970 3272//2931
f 3275//2945 3289//2959 3285//2958 3274//2946
f 3273//2940 4096//2971 4095//2972 3276//2695
f 3312//2926 3314//2954 3651//2973 4108//2974
f 3274//2946 3285//2958 4102//2951 4105//2975
f 3269//2696 3287//2936 3286//2948 3270//2925
f 3276//2695 4095//2972 4104//2976 3269//2696
f 3308//2977 3300//2978 3295//2979 3302//2980
f 3304//2981 3294//2982 3300//2978 3308//2977
f 3306//2983 3371//2984 3369//2985 3301//2986
f 3307//2987 3299//2988 3298//2989 3303//2990
f 3302//2980 3295//2979 3296//2991 3305//2992
f 3326//2993 3325//2994 3294//2982 3304//2981
f 3316//2995 3315//2996 3379//2997 3378//2998
f 3305//2992 3296//2991 3299//2988 3307//2987
f 3384//2999 3305//2992 3307//2987 3386//3000
f 3388//3001 3316//2995 3378//2998 3391//3002
f 3389//3003 3326//2993 3304//2981 3383//3004
f 3381//3005 3302//2980 3305//2992 3384//2999
f 3386//3000 3307//2987 3303//2990 3382//3006
f 3385//3007 3306//2983 3301//2986 3380//3008
f 3383//3004 3304//2981 3308//2977 3387//3009
f 3387//3009 3308//2977 3302//2980 3381//3005
f 4157//2939 4155//2943 3274//2946 3273//2940
f 3382//3006 3303//2990 3316//2995 3388//3001
f 3303//2990 3298//2989 3315//2996 3316//2995
f 3270//2925 3286//2948 3314//2954 3312//2926
f 4146//2964 3291//2963 3651//2973 4150//3010
f 4153//2941 4159//2923 3312//2926 3271//2942
f 4170//3011 3426//2673 3429//3012 4164//3013
f 2962//2538 2920//2537 3261//2548 3266//2547
f 3380//3008 3301//2986 3370//3014 3390//3015
f 3301//2986 3369//2985 3374//3016 3370//3014
f 3272//2931 3568//2970 4107//3017 3322//2932
f 4142//2960 3289//2959 3324//2966 4144//2965
f 4151//2944 4160//2929 3322//2932 3275//2945
f 3265//2928 3268//2927 3321//2553 3319//2690
f 3001//2751 3376//2564 3375//2565 2993//2752
f 3268//2927 3263//3018 3317//2554 3321//2553
f 4169//2934 3264//1289 3318//872 4171//2535
f 3294//2982 3325//2994 3346//3019 3327//3020
f 3327//3020 3346//3019 3345//3021 3328//3022
f 3297//3023 3315//2996 3344//3024 3331//3025
f 3331//3025 3344//3024 3343//3026 3332//3027
f 3295//2979 3300//2978 3335//3028 3340//3029
f 3340//3029 3335//3028 3336//3030 3339//3031
f 3300//2978 3294//2982 3327//3020 3335//3028
f 3335//3028 3327//3020 3328//3022 3336//3030
f 3293//3032 3297//3023 3331//3025 3338//3033
f 3338//3033 3331//3025 3332//3027 3337//3034
f 3298//2989 3299//2988 3333//3035 3342//3036
f 3342//3036 3333//3035 3334//3037 3341//3038
f 3296//2991 3295//2979 3340//3029 3329//3039
f 3329//3039 3340//3029 3339//3031 3330//3040
f 3325//2994 3293//3032 3338//3033 3346//3019
f 3346//3019 3338//3033 3337//3034 3345//3021
f 3315//2996 3298//2989 3342//3036 3344//3024
f 3344//3024 3342//3036 3341//3038 3343//3026
f 3299//2988 3296//2991 3329//3039 3333//3035
f 3333//3035 3329//3039 3330//3040 3334//3037
f 4127//3041 3354//3042 3356//3043 4129//3044
f 4133//3045 3348//3046 3597//3047 4131//3048
f 4129//3044 3356//3043 3646//3049 4136//3050
f 4134//3051 3349//3052 3348//3046 4133//3045
f 4123//3053 3350//3054 3354//3042 4127//3041
f 4126//3055 3353//3056 3347//3057 4132//3058
f 4128//3059 3355//3060 3351//3061 4124//3062
f 4132//3058 3347//3057 4103//3063 4135//3064
f 4124//3062 3351//3061 3352//3065 4125//3066
f 4125//3066 3352//3065 4098//3067 4130//3068
f 3354//3042 3361//3069 3363//3070 3356//3043
f 3348//3046 3365//3071 4099//3072 3597//3047
f 3356//3043 3363//3070 3645//3073 3646//3049
f 3349//3052 3366//3074 3365//3071 3348//3046
f 3350//3054 3357//3075 3361//3069 3354//3042
f 3353//3056 3360//3076 3364//3077 3347//3057
f 3355//3060 3362//3078 3358//3079 3351//3061
f 3347//3057 3364//3077 4101//3080 4103//3063
f 3351//3061 3358//3079 3359//3081 3352//3065
f 3352//3065 3359//3081 4100//3082 4098//3067
f 3321//2553 2976//2556 3372//2638 3373//2691
f 3372//2638 2945//2753 3368//2692 3373//2691
f 3561//3083 3565//3084 2973//2750 3367//2637
f 3369//2985 3293//3032 3325//2994 3374//3016
f 3325//2994 3326//2993 3370//3014 3374//3016
f 3371//2984 3297//3023 3293//3032 3369//2985
f 3390//3015 3389//3003 3319//2690 3368//2692
f 3263//3018 3267//3085 3320//2675 3317//2554
f 3426//2673 3310//2541 3376//2564 3429//3012
f 3391//3002 3385//3007 2993//2752 3375//2565
f 3315//2996 3297//3023 3371//2984 3379//2997
f 3371//2984 3306//2983 3378//2998 3379//2997
f 3367//2637 2973//2750 2945//2753 3372//2638
f 4164//3013 4172//2476 2989//804 3377//1441
f 3378//2998 3306//2983 3385//3007 3391//3002
f 3370//3014 3326//2993 3389//3003 3390//3015
f 2945//2753 3380//3008 3390//3015 3368//2692
f 2914//2543 3382//3006 3388//3001 3311//2544
f 2948//2662 3387//3009 3381//3005 2995//2663
f 3265//2928 3383//3004 3387//3009 2948//2662
f 2993//2752 3385//3007 3380//3008 2945//2753
f 3261//2548 3386//3000 3382//3006 2914//2543
f 2995//2663 3381//3005 3384//2999 2920//2537
f 3319//2690 3389//3003 3383//3004 3265//2928
f 3311//2544 3388//3001 3391//3002 3375//2565
f 2920//2537 3384//2999 3386//3000 3261//2548
f 3442//2540 3439//2664 2995//2663 2920//2537
f 3376//2564 3001//2751 3428//3086 3429//3012
f 3267//3085 3425//3087 3427//3088 3320//2675
f 4177//3089 3406//2688 3424//2671 4190//3090
f 2964//2762 3397//3091 3423//3092 3086//2674
f 4178//2759 3407//2761 3422//2669 4189//3093
f 2969//2651 3400//3094 3421//3095 3063//2657
f 4181//3096 3410//2599 3420//2653 4188//3097
f 3059//2583 2963//2760 3407//2761 3419//2661
f 2968//2658 3399//3098 3418//3099 3051//2659
f 4180//3100 3409//2654 3417//2655 4186//3101
f 2959//2683 3404//3102 3416//3103 3038//2650
f 2974//2643 3002//2680 3415//3104 3412//3105
f 2959//2683 2987//2644 3414//3106 3404//3102
f 2857//2536 4163//2529 3413//2678 3393//2677
f 4170//3011 4174//3107 3403//2672 3426//2673
f 4190//3090 3424//2671 3403//2672 4174//3107
f 4189//3093 3422//2669 3402//2668 4173//3108
f 4173//3108 3402//2668 3405//2639 4176//3109
f 3452//3110 3267//3085 3263//3018 3443//3111
f 4179//3112 3408//2656 3419//2661 4187//2758
f 4186//3101 3417//2655 3408//2656 4179//3112
f 4188//3097 3420//2653 3409//2654 4180//3100
f 4176//3109 3405//2639 3411//2640 4182//2450
f 2987//2644 2974//2643 3412//3105 3414//3106
f 2961//2645 3395//3113 3401//2432 2971//2646
f 2858//2534 3392//2596 3410//2599 4181//3096
f 3038//2650 3416//3103 3400//3094 2969//2651
f 3063//2657 3421//3095 3399//3098 2968//2658
f 3051//2659 3418//3099 3398//3114 2965//2660
f 2965//2660 3398//3114 3397//3091 2964//2762
f 2957//2670 3394//3115 3395//3113 2961//2645
f 3086//2674 3423//3092 3394//3115 2957//2670
f 3320//2675 3427//3088 3393//2677 2955//2676
f 3002//2680 2954//2597 3392//2596 3415//3104
f 4193//2434 3435//1473 3430//1472 4191//2415
f 4177//3089 2921//1474 3434//773 4194//2451
f 4191//2415 3430//1472 3432//1475 4192//2416
f 2983//2609 3453//3116 3449//2569 3438//2568
f 2956//2562 2908//2561 2919//2633 2960//2632
f 4162//2433 2941//952 3435//1473 4193//2434
f 3000//2613 2953//2612 3436//2665 3439//2664
f 2929//2572 2965//2660 2964//2762 2926//2573
f 3411//2640 2972//2575 3437//2539 3440//2689
f 2953//2612 2983//2609 3438//2568 3436//2665
f 2942//2576 3000//2613 3439//2664 3442//2540
f 4182//2450 3411//2640 3440//2689 4194//2451
f 2971//2646 3401//2432 3454//3117 3451//2666
f 3523//3118 3550//2453 3396//3119 3444//3120
f 3444//3120 3396//3119 3425//3087 3455//3121
f 3425//3087 3267//3085 3452//3110 3455//3121
f 3445//3122 3441//2435 3431//2414 3446//3123
f 3446//3123 3431//2414 3433//2417 3447//3124
f 3401//2432 3441//2435 3445//3122 3454//3117
f 3453//3116 2983//2609 2940//2608 3450//2667
f 3456//2933 3443//3111 3263//3018 3268//2927
f 3460//3125 3457//3126 3510//3127 3506//3128
f 3462//3129 3480//3130 3478//3131 3459//3132
f 3475//3133 3543//3134 3544//3135 3487//3136
f 3459//3132 3478//3131 3485//3137 3463//3138
f 3458//3139 3510//3127 3509//3140 3464//3141
f 3462//3129 3460//3125 3449//2569 3453//3116
f 3461//3142 3458//3139 3543//3134 3547//3143
f 3470//3144 3495//3145 3500//3146 3473//3147
f 3456//2933 3461//3142 3547//3143 3443//3111
f 3459//3132 3457//3126 3460//3125 3462//3129
f 3453//3116 3450//2667 3480//3130 3462//3129
f 3449//2569 3460//3125 3506//3128 3448//2566
f 3463//3138 3485//3137 3490//3148 3466//3149
f 3463//3138 3465//3150 3457//3126 3459//3132
f 3464//3141 3509//3140 3508//3151 3468//3152
f 3487//3136 3544//3135 3545//3153 3491//3154
f 3501//3155 3472//3156 3473//3147
f 3466//3149 3467//3157 3465//3150 3463//3138
f 3468//3152 3508//3151 3511//3158 3471//3159
f 3491//3154 3545//3153 3546//3160 3498//3161
f 3466//3149 3490//3148 3495//3145 3470//3144
f 3470//3144 3469//3162 3467//3157 3466//3149
f 3469//3162 3470//3144 3473//3147 3472//3156
f 3498//3161 3546//3160 3548//3163 3504//3164
f 3474//3165 3507//3166 3501//3155
f 3504//3164 3548//3163 3501//3155
f 3473//3147 3500//3146 3501//3155
f 3471//3159 3511//3158 3507//3166 3474//3165
f 3482//3167 3524//3168 3520//3169 3476//3170
f 3484//3171 3479//3172 3541//3173 3538//3174
f 3475//3133 3487//3136 3517//3175 3515//3176
f 3479//3172 3486//3177 3539//3178 3541//3173
f 3477//3179 3488//3180 3518//3181 3520//3169
f 3484//3171 3445//3122 3446//3123 3527//3182
f 3483//3183 3516//3184 3515//3176 3477//3179
f 3497//3185 3503//3186 3540//3187 3537//3188
f 3444//3120 3455//3121 3516//3184 3483//3183
f 3479//3172 3484//3171 3527//3182 3525//3189
f 3445//3122 3484//3171 3538//3174 3454//3117
f 3447//3124 3523//3118 3524//3168 3482//3167
f 3486//3177 3492//3190 3542//3191 3539//3178
f 3486//3177 3479//3172 3525//3189 3526//3192
f 3488//3180 3494//3193 3519//3194 3518//3181
f 3487//3136 3491//3154 3512//3195 3517//3175
f 3501//3155 3503//3186 3529//3196
f 3492//3190 3486//3177 3526//3192 3528//3197
f 3494//3193 3499//3198 3522//3199 3519//3194
f 3491//3154 3498//3161 3514//3200 3512//3195
f 3492//3190 3497//3185 3537//3188 3542//3191
f 3497//3185 3492//3190 3528//3197 3530//3201
f 3496//3202 3502//3203 3529//3196 3530//3201
f 3498//3161 3504//3164 3513//3204 3514//3200
f 3505//3205 3501//3155 3521//3206
f 3504//3164 3501//3155 3513//3204
f 3503//3186 3501//3155 3540//3187
f 3499//3198 3505//3205 3521//3206 3522//3199
f 3506//3128 3461//3142 3456//2933 3448//2566
f 3508//3151 3467//3157 3469//3162 3511//3158
f 3511//3158 3469//3162 3472//3156 3507//3166
f 3510//3127 3458//3139 3461//3142 3506//3128
f 3507//3166 3472//3156 3501//3155
f 3509//3140 3465//3150 3467//3157 3508//3151
f 3510//3127 3457//3126 3465//3150 3509//3140
f 3455//3121 3452//3110 3481//3207 3516//3184
f 3512//3195 3494//3193 3488//3180 3517//3175
f 3501//3155 3505//3205 3513//3204
f 3514//3200 3499//3198 3494//3193 3512//3195
f 3513//3204 3505//3205 3499//3198 3514//3200
f 3516//3184 3481//3207 3475//3133 3515//3176
f 3517//3175 3488//3180 3477//3179 3515//3176
f 3523//3118 3444//3120 3483//3183 3524//3168
f 3522//3199 3496//3202 3493//3208 3519//3194
f 3521//3206 3502//3203 3496//3202 3522//3199
f 3524//3168 3483//3183 3477//3179 3520//3169
f 3501//3155 3502//3203 3521//3206
f 3519//3194 3493//3208 3489//3209 3518//3181
f 3518//3181 3489//3209 3476//3170 3520//3169
f 3529//3196 3503//3186 3497//3185 3530//3201
f 3527//3182 3482//3167 3476//3170 3525//3189
f 3529//3196 3502//3203 3501//3155
f 3525//3189 3476//3170 3489//3209 3526//3192
f 3526//3192 3489//3209 3493//3208 3528//3197
f 3446//3123 3447//3124 3482//3167 3527//3182
f 3528//3197 3493//3208 3496//3202 3530//3201
f 3531//3210 3478//3131 3480//3130 3532//3211
f 3533//3212 3485//3137 3478//3131 3531//3210
f 3534//3213 3490//3148 3485//3137 3533//3212
f 3501//3155 3500//3146 3535//3214
f 3536//3215 3495//3145 3490//3148 3534//3213
f 3532//3211 3480//3130 3450//2667 3451//2666
f 3535//3214 3500//3146 3495//3145 3536//3215
f 3541//3173 3531//3210 3532//3211 3538//3174
f 3539//3178 3533//3212 3531//3210 3541//3173
f 3542//3191 3534//3213 3533//3212 3539//3178
f 3501//3155 3535//3214 3540//3187
f 3537//3188 3536//3215 3534//3213 3542//3191
f 3538//3174 3532//3211 3451//2666 3454//3117
f 3540//3187 3535//3214 3536//3215 3537//3188
f 3543//3134 3475//3133 3481//3207 3547//3143
f 3545//3153 3468//3152 3471//3159 3546//3160
f 3548//3163 3474//3165 3501//3155
f 3544//3135 3464//3141 3468//3152 3545//3153
f 3547//3143 3481//3207 3452//3110 3443//3111
f 3543//3134 3458//3139 3464//3141 3544//3135
f 3546//3160 3471//3159 3474//3165 3548//3163
f 3447//3124 3433//2417 3550//2453 3523//3118
f 4192//2416 3432//1475 3549//911 4195//2452
f 3559//3216 3551//3217 3554//3218 3564//3219
f 4199//2455 4196//2454 3558//3220 3566//3221
f 4198//2456 3564//3219 3554//3218 4197//2457
f 4205//3222 4203//3223 3556//3224 3557//3225
f 3565//3084 3556//3224 3551//3217 3559//3216
f 3562//3226 3552//3227 3557//3225 3561//3083
f 3566//3221 3558//3220 3552//3227 3562//3226
f 3413//2678 3566//3221 3562//3226 2988//2636
f 2988//2636 3562//3226 3561//3083 3367//2637
f 2973//2750 3565//3084 3559//3216 3001//2751
f 4172//2476 3428//3086 3564//3219 4198//2456
f 4163//2529 4199//2455 3566//3221 3413//2678
f 3001//2751 3559//3216 3564//3219 3428//3086
f 3557//3225 3556//3224 3565//3084 3561//3083
f 4202//3228 2798//2474 2827//2500 4200//3229
f 4209//2530 2762//2402 2776//2423 4207//3230
f 4201//2531 4200//3229 2827//2500 2743//2400
f 4203//3223 2809//2475 2798//2474 4202//3228
f 4208//3231 2791//2449 2861//2477 4205//3222
f 4207//3230 2776//2423 2791//2449 4208//3231
f 3665//3232 3647//3233 3570//3234 3588//3235
f 3893//3236 3617//3237 3618//3238 3887//3239
f 3661//3240 3323//3241 3571//3242 3583//3243
f 3610//3244 3605//3245 3282//3246 3587//3247
f 3601//3248 3595//3249 3313//3250 3586//3251
f 3609//3252 3280//3253 3279//3254 3584//3255
f 3600//3256 3284//3257 3281//3258 3585//3259
f 3861//3260 3627//3261 3628//3262 3855//3263
f 3603//3264 3598//3265 3581//3266 3593//3267
f 3612//3268 3607//3269 3580//3270 3592//3271
f 3602//3272 3599//3273 3577//3274 3588//3235
f 3611//3275 3608//3276 3578//3277 3589//3278
f 3663//3279 3655//3280 3579//3281 3591//3282
f 3659//3283 3657//3284 3577//3274 3586//3251
f 3278//3285 3659//3283 3586//3251 3313//3250
f 3598//3265 3600//3256 3585//3259 3581//3266
f 3607//3269 3609//3252 3584//3255 3580//3270
f 3599//3273 3601//3248 3586//3251 3577//3274
f 3608//3276 3610//3244 3587//3247 3578//3277
f 3697//3286 3674//3287 3613//3288 3637//3289
f 3649//3290 3663//3279 3591//3282 3573//3291
f 3606//3292 3611//3275 3589//3278 3572//3293
f 3596//3294 3602//3272 3588//3235 3570//3234
f 3604//3295 3612//3268 3592//3271 3575//3296
f 3594//3297 3603//3264 3593//3267 3574//3298
f 3657//3284 3665//3232 3588//3235 3577//3274
f 3569//3299 3590//3300 3603//3264 3594//3297
f 3575//3296 3592//3271 3602//3272 3596//3294
f 3580//3270 3584//3255 3601//3248 3599//3273
f 3576//3301 3582//3302 3600//3256 3598//3265
f 3592//3271 3580//3270 3599//3273 3602//3272
f 3590//3300 3576//3301 3598//3265 3603//3264
f 3845//3303 3687//3304 3629//3305 3839//3306
f 3582//3302 3567//3307 3284//3257 3600//3256
f 3584//3255 3279//3254 3595//3249 3601//3248
f 3573//3291 3591//3282 3612//3268 3604//3295
f 3574//3298 3593//3267 3611//3275 3606//3292
f 3581//3266 3585//3259 3610//3244 3608//3276
f 3579//3281 3583//3243 3609//3252 3607//3269
f 3593//3267 3581//3266 3608//3276 3611//3275
f 3591//3282 3579//3281 3607//3269 3612//3268
f 3583//3243 3571//3242 3280//3253 3609//3252
f 3585//3259 3281//3258 3605//3245 3610//3244
f 3877//3308 3621//3309 3622//3310 3871//3311
f 3671//3312 3673//3313 3616//3314 3615//3315
f 3695//3316 3671//3312 3615//3315 3638//3317
f 3637//3289 3613//3288 3614//3318 3640//3319
f 3638//3317 3615//3315 3616//3314 3639//3320
f 3677//3321 4081//3322 3617//3237
f 3894//3323 3619//3324 3620//3325 3888//3326
f 3892//3327 3676//3328 3619//3324 3894//3323
f 3890//3329 3677//3321 3617//3237 3893//3236
f 3679//3330 4085//3331 3623//3332
f 3878//3333 3623//3332 3624//3334 3872//3335
f 3876//3336 3679//3330 3623//3332 3878//3333
f 3874//3337 3682//3338 3621//3309 3877//3308
f 3685//3339 4090//3340 3625//3341
f 3860//3342 3684//3343 3627//3261 3861//3260
f 3858//3344 3685//3339 3625//3341 3856//3345
f 3856//3345 3625//3341 3626//3346 3862//3347
f 3687//3304 4094//3348 3629//3305
f 3839//3306 3629//3305 3632//3349 3840//3350
f 3843//3351 3690//3352 3631//3353 3841//3354
f 3841//3354 3631//3353 3630//3355 3846//3356
f 4056//3357 3635//3358 3634//3359 4057//3360
f 4055//3361 3633//3362 3636//3363 4058//3364
f 4062//3365 3691//3366 3635//3358 4056//3357
f 4060//3367 3693//3368 3633//3362 4055//3361
f 4066//3369 3638//3317 3639//3320 4063//3370
f 4065//3371 3637//3289 3640//3319 4064//3372
f 4070//3373 3695//3316 3638//3317 4066//3369
f 4068//3374 3697//3286 3637//3289 4065//3371
f 4078//3375 3699//3376 3643//3377 4073//3378
f 4076//3379 3701//3380 3644//3381 4074//3382
f 4073//3378 3643//3377 3642//3383 4072//3384
f 4074//3382 3644//3381 3641//3385 4071//3386
f 4072//3384 3642//3383 3702//3387 4075//3388
f 4075//3388 3702//3387 3701//3380 4076//3379
f 4071//3386 3641//3385 3700//3389 4077//3390
f 4077//3390 3700//3389 3699//3376 4078//3375
f 4063//3370 3639//3320 3698//3391 4067//3392
f 4067//3392 3698//3391 3697//3286 4068//3374
f 4064//3372 3640//3319 3696//3393 4069//3394
f 4069//3394 3696//3393 3695//3316 4070//3373
f 4057//3360 3634//3359 3694//3395 4059//3396
f 4059//3396 3694//3395 3693//3368 4060//3367
f 4058//3364 3636//3363 3692//3397 4061//3398
f 4061//3398 3692//3397 3691//3366 4062//3365
f 3840//3350 3632//3349 3689//3399 3842//3400
f 3842//3400 3689//3399 3690//3352 3843//3351
f 3630//3355 3631//3353 4092//3401 4093//3402
f 3688//3403 4093//3402 4094//3348 3687//3304
f 3855//3263 3628//3262 3686//3404 3857//3405
f 3857//3405 3686//3404 3685//3339 3858//3344
f 3862//3347 3626//3346 3683//3406 3859//3407
f 3859//3407 3683//3406 3684//3343 3860//3342
f 3628//3262 4089//3408 3686//3404
f 3686//3404 4089//3408 4090//3340 3685//3339
f 3872//3335 3624//3334 3681//3409 3873//3410
f 3873//3410 3681//3409 3682//3338 3874//3337
f 3871//3311 3622//3310 3680//3411 3875//3412
f 3875//3412 3680//3411 3679//3330 3876//3336
f 3622//3310 4086//3413 3680//3411
f 3680//3411 4086//3413 4085//3331 3679//3330
f 3888//3326 3620//3325 3678//3414 3889//3415
f 3889//3415 3678//3414 3677//3321 3890//3329
f 3887//3239 3618//3238 3675//3416 3891//3417
f 3891//3417 3675//3416 3676//3328 3892//3327
f 3620//3325 4082//3418 3678//3414
f 3678//3414 4082//3418 4081//3322 3677//3321
f 3640//3319 3614//3318 3672//3419 3696//3393
f 3696//3393 3672//3419 3671//3312 3695//3316
f 3614//3318 3613//3288 3674//3287 3672//3419
f 3672//3419 3674//3287 3673//3313 3671//3312
f 3846//3356 3630//3355 3688//3403 3844//3420
f 3844//3420 3688//3403 3687//3304 3845//3303
f 3576//3301 3590//3300 3666//3421 3658//3422
f 3658//3422 3666//3421 3665//3232 3657//3284
f 3572//3293 3589//3278 3664//3423 3650//3424
f 3650//3424 3664//3423 3663//3279 3649//3290
f 3639//3320 3616//3314 3673//3313 3698//3391
f 3698//3391 3673//3313 3674//3287 3697//3286
f 3567//3307 3582//3302 3660//3425 3277//3426
f 3277//3426 3660//3425 3659//3283 3278//3285
f 3582//3302 3576//3301 3658//3422 3660//3425
f 3660//3425 3658//3422 3657//3284 3659//3283
f 3589//3278 3578//3277 3656//3427 3664//3423
f 3664//3423 3656//3427 3655//3280 3663//3279
f 3587//3247 3282//3246 3283//3428 3662//3429
f 3662//3429 3283//3428 3323//3241 3661//3240
f 3590//3300 3569//3299 3648//3430 3666//3421
f 3666//3421 3648//3430 3647//3233 3665//3232
f 3648//3430 3709//3431 3710//3432 3647//3233
f 3569//3299 3704//3433 3709//3431 3648//3430
f 3667//3434 3707//3435 3708//3436 3668//3437
f 3596//3294 3705//3438 3707//3435 3667//3434
f 3594//3297 3706//3439 3704//3433 3569//3299
f 3668//3437 3708//3436 3706//3439 3594//3297
f 3570//3234 3703//3440 3705//3438 3596//3294
f 3647//3233 3710//3432 3703//3440 3570//3234
f 3653//3441 3717//3442 3718//3443 3654//3444
f 3575//3296 3713//3445 3717//3442 3653//3441
f 3668//3437 3715//3446 3716//3447 3667//3434
f 3594//3297 3711//3448 3715//3446 3668//3437
f 3596//3294 3714//3449 3713//3445 3575//3296
f 3667//3434 3716//3447 3714//3449 3596//3294
f 3654//3444 3718//3443 3712//3450 3574//3298
f 3574//3298 3712//3450 3711//3448 3594//3297
f 3654//3444 3725//3451 3726//3452 3653//3441
f 3574//3298 3719//3453 3725//3451 3654//3444
f 3669//3454 3723//3455 3724//3456 3670//3457
f 3604//3295 3721//3458 3723//3455 3669//3454
f 3670//3457 3724//3456 3720//3459 3606//3292
f 3653//3441 3726//3452 3722//3460 3575//3296
f 3575//3296 3722//3460 3721//3458 3604//3295
f 3606//3292 3720//3459 3719//3453 3574//3298
f 3649//3290 3733//3461 3734//3462 3650//3424
f 3573//3291 3727//3463 3733//3461 3649//3290
f 3670//3457 3731//3464 3732//3465 3669//3454
f 3606//3292 3729//3466 3731//3464 3670//3457
f 3669//3454 3732//3465 3728//3467 3604//3295
f 3650//3424 3734//3462 3730//3468 3572//3293
f 3572//3293 3730//3468 3729//3466 3606//3292
f 3604//3295 3728//3467 3727//3463 3573//3291
f 3907//3469 3739//3470 3740//3471 3908//3472
f 3903//3473 3735//3474 3739//3470 3907//3469
f 3905//3475 3737//3476 3738//3477 3906//3478
f 3904//3479 3736//3480 3737//3476 3905//3475
f 3906//3478 3738//3477 3741//3481 3909//3482
f 3908//3472 3740//3471 3742//3483 3910//3484
f 3910//3484 3742//3483 3736//3480 3904//3479
f 3909//3482 3741//3481 3735//3474 3903//3473
f 3931//3485 3747//3486 3748//3487 3932//3488
f 3927//3489 3743//3490 3747//3486 3931//3485
f 3929//3491 3745//3492 3746//3493 3930//3494
f 3928//3495 3744//3496 3745//3492 3929//3491
f 3930//3494 3746//3493 3749//3497 3933//3498
f 3932//3488 3748//3487 3750//3499 3934//3500
f 3934//3500 3750//3499 3744//3496 3928//3495
f 3933//3498 3749//3497 3743//3490 3927//3489
f 3963//3501 3755//3502 3756//3503 3964//3504
f 3966//3505 3758//3506 3755//3502 3963//3501
f 3961//3507 3753//3508 3754//3509 3962//3510
f 3959//3511 3751//3512 3753//3508 3961//3507
f 3960//3513 3752//3514 3758//3506 3966//3505
f 3962//3510 3754//3509 3752//3514 3960//3513
f 3964//3504 3756//3503 3757//3515 3965//3516
f 3965//3516 3757//3515 3751//3512 3959//3511
f 3996//3517 3764//3518 3765//3519 3997//3520
f 3998//3521 3766//3522 3764//3518 3996//3517
f 3994//3523 3762//3524 3763//3525 3995//3526
f 3992//3527 3760//3528 3762//3524 3994//3523
f 3993//3529 3761//3530 3766//3522 3998//3521
f 3995//3526 3763//3525 3761//3530 3993//3529
f 3991//3531 3759//3532 3760//3528 3992//3527
f 3997//3520 3765//3519 3759//3532 3991//3531
f 4012//3533 3772//3534 3773//3535 4013//3536
f 4014//3537 3774//3538 3772//3534 4012//3533
f 4010//3539 3770//3540 3771//3541 4011//3542
f 4008//3543 3768//3544 3770//3540 4010//3539
f 4009//3545 3769//3546 3774//3538 4014//3537
f 4011//3542 3771//3541 3769//3546 4009//3545
f 4007//3547 3767//3548 3768//3544 4008//3543
f 4013//3536 3773//3535 3767//3548 4007//3547
f 3979//3549 3779//3550 3780//3551 3980//3552
f 3982//3553 3782//3554 3779//3550 3979//3549
f 3977//3555 3777//3556 3778//3557 3978//3558
f 3975//3559 3775//3560 3777//3556 3977//3555
f 3976//3561 3776//3562 3782//3554 3982//3553
f 3978//3558 3778//3557 3776//3562 3976//3561
f 3980//3552 3780//3551 3781//3563 3981//3564
f 3981//3564 3781//3563 3775//3560 3975//3559
f 3947//3565 3787//3566 3788//3567 3948//3568
f 3943//3569 3783//3570 3787//3566 3947//3565
f 3945//3571 3785//3572 3786//3573 3946//3574
f 3944//3575 3784//3576 3785//3572 3945//3571
f 3946//3574 3786//3573 3789//3577 3949//3578
f 3948//3568 3788//3567 3790//3579 3950//3580
f 3950//3580 3790//3579 3784//3576 3944//3575
f 3949//3578 3789//3577 3783//3570 3943//3569
f 3915//3581 3795//3582 3796//3583 3916//3584
f 3911//3585 3791//3586 3795//3582 3915//3581
f 3913//3587 3793//3588 3794//3589 3914//3590
f 3912//3591 3792//3592 3793//3588 3913//3587
f 3914//3590 3794//3589 3797//3593 3917//3594
f 3916//3584 3796//3583 3798//3595 3918//3596
f 3918//3596 3798//3595 3792//3592 3912//3591
f 3917//3594 3797//3593 3791//3586 3911//3585
f 4047//3597 3799//3598 3801//3599 4049//3600
f 4048//3601 3800//3602 3802//3603 4050//3604
f 4054//3605 3806//3606 3800//3602 4048//3601
f 4052//3607 3804//3608 3799//3598 4047//3597
f 4050//3604 3802//3603 3803//3609 4051//3610
f 4051//3610 3803//3609 3804//3608 4052//3607
f 4049//3600 3801//3599 3805//3611 4053//3612
f 4053//3612 3805//3611 3806//3606 4054//3605
f 4039//3613 3807//3614 3809//3615 4041//3616
f 4040//3617 3808//3618 3810//3619 4042//3620
f 4046//3621 3814//3622 3808//3618 4040//3617
f 4044//3623 3812//3624 3807//3614 4039//3613
f 4042//3620 3810//3619 3811//3625 4043//3626
f 4043//3626 3811//3625 3812//3624 4044//3623
f 4041//3616 3809//3615 3813//3627 4045//3628
f 4045//3628 3813//3627 3814//3622 4046//3621
f 4031//3629 3815//3630 3817//3631 4033//3632
f 4038//3633 3822//3634 3815//3630 4031//3629
f 4036//3635 3820//3636 3818//3637 4034//3638
f 4034//3638 3818//3637 3816//3639 4032//3640
f 4033//3632 3817//3631 3819//3641 4035//3642
f 4035//3642 3819//3641 3820//3636 4036//3635
f 4032//3640 3816//3639 3821//3643 4037//3644
f 4037//3644 3821//3643 3822//3634 4038//3633
f 4030//3645 3830//3646 3824//3647 4024//3648
f 4024//3648 3824//3647 3825//3649 4025//3650
f 4028//3651 3828//3652 3826//3653 4026//3654
f 4026//3654 3826//3653 3823//3655 4023//3656
f 4025//3650 3825//3649 3827//3657 4027//3658
f 4027//3658 3827//3657 3828//3652 4028//3651
f 4023//3656 3823//3655 3829//3659 4029//3660
f 4029//3660 3829//3659 3830//3646 4030//3645
f 4006//3661 3838//3662 3832//3663 4000//3664
f 4000//3664 3832//3663 3833//3665 4001//3666
f 4004//3667 3836//3668 3834//3669 4002//3670
f 4002//3670 3834//3669 3831//3671 3999//3672
f 4001//3666 3833//3665 3835//3673 4003//3674
f 4003//3674 3835//3673 3836//3668 4004//3667
f 3999//3672 3831//3671 3837//3675 4005//3676
f 4005//3676 3837//3675 3838//3662 4006//3661
f 4021//3677 3844//3420 3845//3303 4022//3678
f 4015//3679 3846//3356 3844//3420 4021//3677
f 4019//3680 3842//3400 3843//3351 4020//3681
f 4017//3682 3840//3350 3842//3400 4019//3680
f 4018//3683 3841//3354 3846//3356 4015//3679
f 4020//3681 3843//3351 3841//3354 4018//3683
f 4016//3684 3839//3306 3840//3350 4017//3682
f 4022//3678 3845//3303 3839//3306 4016//3684
f 3967//3685 3847//3686 3849//3687 3969//3688
f 3974//3689 3854//3690 3847//3686 3967//3685
f 3972//3691 3852//3692 3850//3693 3970//3694
f 3970//3694 3850//3693 3848//3695 3968//3696
f 3969//3688 3849//3687 3851//3697 3971//3698
f 3971//3698 3851//3697 3852//3692 3972//3691
f 3968//3696 3848//3695 3853//3699 3973//3700
f 3973//3700 3853//3699 3854//3690 3974//3689
f 3989//3701 3859//3407 3860//3342 3990//3702
f 3984//3703 3862//3347 3859//3407 3989//3701
f 3987//3704 3857//3405 3858//3344 3988//3705
f 3985//3706 3855//3263 3857//3405 3987//3704
f 3986//3707 3856//3345 3862//3347 3984//3703
f 3988//3705 3858//3344 3856//3345 3986//3707
f 3990//3702 3860//3342 3861//3260 3983//3708
f 3983//3708 3861//3260 3855//3263 3985//3706
f 3935//3709 3863//3710 3865//3711 3937//3712
f 3936//3713 3864//3714 3866//3715 3938//3716
f 3942//3717 3870//3718 3864//3714 3936//3713
f 3940//3719 3868//3720 3863//3710 3935//3709
f 3938//3716 3866//3715 3867//3721 3939//3722
f 3939//3722 3867//3721 3868//3720 3940//3719
f 3937//3712 3865//3711 3869//3723 3941//3724
f 3941//3724 3869//3723 3870//3718 3942//3717
f 3957//3725 3875//3412 3876//3336 3958//3726
f 3953//3727 3871//3311 3875//3412 3957//3725
f 3955//3728 3873//3410 3874//3337 3956//3729
f 3954//3730 3872//3335 3873//3410 3955//3728
f 3956//3729 3874//3337 3877//3308 3951//3731
f 3958//3726 3876//3336 3878//3333 3952//3732
f 3952//3732 3878//3333 3872//3335 3954//3730
f 3951//3731 3877//3308 3871//3311 3953//3727
f 3895//3733 3879//3734 3881//3735 3897//3736
f 3896//3737 3880//3738 3882//3739 3898//3740
f 3902//3741 3886//3742 3880//3738 3896//3737
f 3900//3743 3884//3744 3879//3734 3895//3733
f 3898//3740 3882//3739 3883//3745 3899//3746
f 3899//3746 3883//3745 3884//3744 3900//3743
f 3897//3736 3881//3735 3885//3747 3901//3748
f 3901//3748 3885//3747 3886//3742 3902//3741
f 3925//3749 3891//3417 3892//3327 3926//3750
f 3921//3751 3887//3239 3891//3417 3925//3749
f 3923//3752 3889//3415 3890//3329 3924//3753
f 3922//3754 3888//3326 3889//3415 3923//3752
f 3924//3753 3890//3329 3893//3236 3919//3755
f 3926//3750 3892//3327 3894//3323 3920//3756
f 3920//3756 3894//3323 3888//3326 3922//3754
f 3919//3755 3893//3236 3887//3239 3921//3751
f 3739//3470 3901//3748 3902//3741 3740//3471
f 3735//3474 3897//3736 3901//3748 3739//3470
f 3737//3476 3899//3746 3900//3743 3738//3477
f 3736//3480 3898//3740 3899//3746 3737//3476
f 3738//3477 3900//3743 3895//3733 3741//3481
f 3740//3471 3902//3741 3896//3737 3742//3483
f 3742//3483 3896//3737 3898//3740 3736//3480
f 3741//3481 3895//3733 3897//3736 3735//3474
f 3799//3598 3909//3482 3903//3473 3801//3599
f 3800//3602 3910//3484 3904//3479 3802//3603
f 3806//3606 3908//3472 3910//3484 3800//3602
f 3804//3608 3906//3478 3909//3482 3799//3598
f 3802//3603 3904//3479 3905//3475 3803//3609
f 3803//3609 3905//3475 3906//3478 3804//3608
f 3801//3599 3903//3473 3907//3469 3805//3611
f 3805//3611 3907//3469 3908//3472 3806//3606
f 3879//3734 3917//3594 3911//3585 3881//3735
f 3880//3738 3918//3596 3912//3591 3882//3739
f 3886//3742 3916//3584 3918//3596 3880//3738
f 3884//3744 3914//3590 3917//3594 3879//3734
f 3882//3739 3912//3591 3913//3587 3883//3745
f 3883//3745 3913//3587 3914//3590 3884//3744
f 3881//3735 3911//3585 3915//3581 3885//3747
f 3885//3747 3915//3581 3916//3584 3886//3742
f 3797//3593 3919//3755 3921//3751 3791//3586
f 3798//3595 3920//3756 3922//3754 3792//3592
f 3796//3583 3926//3750 3920//3756 3798//3595
f 3794//3589 3924//3753 3919//3755 3797//3593
f 3792//3592 3922//3754 3923//3752 3793//3588
f 3793//3588 3923//3752 3924//3753 3794//3589
f 3791//3586 3921//3751 3925//3749 3795//3582
f 3795//3582 3925//3749 3926//3750 3796//3583
f 3807//3614 3933//3498 3927//3489 3809//3615
f 3808//3618 3934//3500 3928//3495 3810//3619
f 3814//3622 3932//3488 3934//3500 3808//3618
f 3812//3624 3930//3494 3933//3498 3807//3614
f 3810//3619 3928//3495 3929//3491 3811//3625
f 3811//3625 3929//3491 3930//3494 3812//3624
f 3809//3615 3927//3489 3931//3485 3813//3627
f 3813//3627 3931//3485 3932//3488 3814//3622
f 3747//3486 3941//3724 3942//3717 3748//3487
f 3743//3490 3937//3712 3941//3724 3747//3486
f 3745//3492 3939//3722 3940//3719 3746//3493
f 3744//3496 3938//3716 3939//3722 3745//3492
f 3746//3493 3940//3719 3935//3709 3749//3497
f 3748//3487 3942//3717 3936//3713 3750//3499
f 3750//3499 3936//3713 3938//3716 3744//3496
f 3749//3497 3935//3709 3937//3712 3743//3490
f 3863//3710 3949//3578 3943//3569 3865//3711
f 3864//3714 3950//3580 3944//3575 3866//3715
f 3870//3718 3948//3568 3950//3580 3864//3714
f 3868//3720 3946//3574 3949//3578 3863//3710
f 3866//3715 3944//3575 3945//3571 3867//3721
f 3867//3721 3945//3571 3946//3574 3868//3720
f 3865//3711 3943//3569 3947//3565 3869//3723
f 3869//3723 3947//3565 3948//3568 3870//3718
f 3789//3577 3951//3731 3953//3727 3783//3570
f 3790//3579 3952//3732 3954//3730 3784//3576
f 3788//3567 3958//3726 3952//3732 3790//3579
f 3786//3573 3956//3729 3951//3731 3789//3577
f 3784//3576 3954//3730 3955//3728 3785//3572
f 3785//3572 3955//3728 3956//3729 3786//3573
f 3783//3570 3953//3727 3957//3725 3787//3566
f 3787//3566 3957//3725 3958//3726 3788//3567
f 3815//3630 3965//3516 3959//3511 3817//3631
f 3822//3634 3964//3504 3965//3516 3815//3630
f 3820//3636 3962//3510 3960//3513 3818//3637
f 3818//3637 3960//3513 3966//3505 3816//3639
f 3817//3631 3959//3511 3961//3507 3819//3641
f 3819//3641 3961//3507 3962//3510 3820//3636
f 3816//3639 3966//3505 3963//3501 3821//3643
f 3821//3643 3963//3501 3964//3504 3822//3634
f 3755//3502 3973//3700 3974//3689 3756//3503
f 3758//3506 3968//3696 3973//3700 3755//3502
f 3753//3508 3971//3698 3972//3691 3754//3509
f 3751//3512 3969//3688 3971//3698 3753//3508
f 3752//3514 3970//3694 3968//3696 3758//3506
f 3754//3509 3972//3691 3970//3694 3752//3514
f 3756//3503 3974//3689 3967//3685 3757//3515
f 3757//3515 3967//3685 3969//3688 3751//3512
f 3847//3686 3981//3564 3975//3559 3849//3687
f 3854//3690 3980//3552 3981//3564 3847//3686
f 3852//3692 3978//3558 3976//3561 3850//3693
f 3850//3693 3976//3561 3982//3553 3848//3695
f 3849//3687 3975//3559 3977//3555 3851//3697
f 3851//3697 3977//3555 3978//3558 3852//3692
f 3848//3695 3982//3553 3979//3549 3853//3699
f 3853//3699 3979//3549 3980//3552 3854//3690
f 3781//3563 3983//3708 3985//3706 3775//3560
f 3780//3551 3990//3702 3983//3708 3781//3563
f 3778//3557 3988//3705 3986//3707 3776//3562
f 3776//3562 3986//3707 3984//3703 3782//3554
f 3775//3560 3985//3706 3987//3704 3777//3556
f 3777//3556 3987//3704 3988//3705 3778//3557
f 3782//3554 3984//3703 3989//3701 3779//3550
f 3779//3550 3989//3701 3990//3702 3780//3551
f 3830//3646 3997//3520 3991//3531 3824//3647
f 3824//3647 3991//3531 3992//3527 3825//3649
f 3828//3652 3995//3526 3993//3529 3826//3653
f 3826//3653 3993//3529 3998//3521 3823//3655
f 3825//3649 3992//3527 3994//3523 3827//3657
f 3827//3657 3994//3523 3995//3526 3828//3652
f 3823//3655 3998//3521 3996//3517 3829//3659
f 3829//3659 3996//3517 3997//3520 3830//3646
f 3764//3518 4005//3676 4006//3661 3765//3519
f 3766//3522 3999//3672 4005//3676 3764//3518
f 3762//3524 4003//3674 4004//3667 3763//3525
f 3760//3528 4001//3666 4003//3674 3762//3524
f 3761//3530 4002//3670 3999//3672 3766//3522
f 3763//3525 4004//3667 4002//3670 3761//3530
f 3759//3532 4000//3664 4001//3666 3760//3528
f 3765//3519 4006//3661 4000//3664 3759//3532
f 3838//3662 4013//3536 4007//3547 3832//3663
f 3832//3663 4007//3547 4008//3543 3833//3665
f 3836//3668 4011//3542 4009//3545 3834//3669
f 3834//3669 4009//3545 4014//3537 3831//3671
f 3833//3665 4008//3543 4010//3539 3835//3673
f 3835//3673 4010//3539 4011//3542 3836//3668
f 3831//3671 4014//3537 4012//3533 3837//3675
f 3837//3675 4012//3533 4013//3536 3838//3662
f 3773//3535 4022//3678 4016//3684 3767//3548
f 3767//3548 4016//3684 4017//3682 3768//3544
f 3771//3541 4020//3681 4018//3683 3769//3546
f 3769//3546 4018//3683 4015//3679 3774//3538
f 3768//3544 4017//3682 4019//3680 3770//3540
f 3770//3540 4019//3680 4020//3681 3771//3541
f 3774//3538 4015//3679 4021//3677 3772//3534
f 3772//3534 4021//3677 4022//3678 3773//3535
f 3709//3431 4029//3660 4030//3645 3710//3432
f 3704//3433 4023//3656 4029//3660 3709//3431
f 3707//3435 4027//3658 4028//3651 3708//3436
f 3705//3438 4025//3650 4027//3658 3707//3435
f 3706//3439 4026//3654 4023//3656 3704//3433
f 3708//3436 4028//3651 4026//3654 3706//3439
f 3703//3440 4024//3648 4025//3650 3705//3438
f 3710//3432 4030//3645 4024//3648 3703//3440
f 3717//3442 4037//3644 4038//3633 3718//3443
f 3713//3445 4032//3640 4037//3644 3717//3442
f 3715//3446 4035//3642 4036//3635 3716//3447
f 3711//3448 4033//3632 4035//3642 3715//3446
f 3714//3449 4034//3638 4032//3640 3713//3445
f 3716//3447 4036//3635 4034//3638 3714//3449
f 3718//3443 4038//3633 4031//3629 3712//3450
f 3712//3450 4031//3629 4033//3632 3711//3448
f 3725//3451 4045//3628 4046//3621 3726//3452
f 3719//3453 4041//3616 4045//3628 3725//3451
f 3723//3455 4043//3626 4044//3623 3724//3456
f 3721//3458 4042//3620 4043//3626 3723//3455
f 3724//3456 4044//3623 4039//3613 3720//3459
f 3726//3452 4046//3621 4040//3617 3722//3460
f 3722//3460 4040//3617 4042//3620 3721//3458
f 3720//3459 4039//3613 4041//3616 3719//3453
f 3733//3461 4053//3612 4054//3605 3734//3462
f 3727//3463 4049//3600 4053//3612 3733//3461
f 3731//3464 4051//3610 4052//3607 3732//3465
f 3729//3466 4050//3604 4051//3610 3731//3464
f 3732//3465 4052//3607 4047//3597 3728//3467
f 3734//3462 4054//3605 4048//3601 3730//3468
f 3730//3468 4048//3601 4050//3604 3729//3466
f 3728//3467 4047//3597 4049//3600 3727//3463
f 3702//3387 4061//3398 4062//3365 3701//3380
f 3642//3383 4058//3364 4061//3398 3702//3387
f 3700//3389 4059//3396 4060//3367 3699//3376
f 3641//3385 4057//3360 4059//3396 3700//3389
f 3699//3376 4060//3367 4055//3361 3643//3377
f 3701//3380 4062//3365 4056//3357 3644//3381
f 3643//3377 4055//3361 4058//3364 3642//3383
f 3644//3381 4056//3357 4057//3360 3641//3385
f 3692//3397 4069//3394 4070//3373 3691//3366
f 3636//3363 4064//3372 4069//3394 3692//3397
f 3694//3395 4067//3392 4068//3374 3693//3368
f 3634//3359 4063//3370 4067//3392 3694//3395
f 3693//3368 4068//3374 4065//3371 3633//3362
f 3691//3366 4070//3373 4066//3369 3635//3358
f 3633//3362 4065//3371 4064//3372 3636//3363
f 3635//3358 4066//3369 4063//3370 3634//3359
f 3661//3240 4077//3390 4078//3375 3662//3429
f 3583//3243 4071//3386 4077//3390 3661//3240
f 3656//3427 4075//3388 4076//3379 3655//3280
f 3578//3277 4072//3384 4075//3388 3656//3427
f 3579//3281 4074//3382 4071//3386 3583//3243
f 3587//3247 4073//3378 4072//3384 3578//3277
f 3655//3280 4076//3379 4074//3382 3579//3281
f 3662//3429 4078//3375 4073//3378 3587//3247
f 3619//3324 3676//3328 4079//3757
f 4079//3757 3676//3328 3675//3416 4080//3758
f 4080//3758 3675//3416 3618//3238
f 4082//3418 3620//3325 3619//3324 4079//3757
f 4082//3418 4079//3757 4080//3758 4081//3322
f 4081//3322 4080//3758 3618//3238 3617//3237
f 3621//3309 3682//3338 4083//3759
f 4083//3759 3682//3338 3681//3409 4084//3760
f 4084//3760 3681//3409 3624//3334
f 4086//3413 3622//3310 3621//3309 4083//3759
f 4086//3413 4083//3759 4084//3760 4085//3331
f 4085//3331 4084//3760 3624//3334 3623//3332
f 3627//3261 3684//3343 4088//3761
f 4087//3762 3683//3406 3626//3346
f 4088//3761 3684//3343 3683//3406 4087//3762
f 4089//3408 3628//3262 3627//3261 4088//3761
f 4090//3340 4087//3762 3626//3346 3625//3341
f 4089//3408 4088//3761 4087//3762 4090//3340
f 4092//3401 3690//3352 3689//3399 4091//3763
f 3631//3353 3690//3352 4092//3401
f 4091//3763 3689//3399 3632//3349
f 4093//3402 4092//3401 4091//3763 4094//3348
f 4093//3402 3688//3403 3630//3355
f 4094//3348 4091//3763 3632//3349 3629//3305
f 4096//2971 3290//2950 3288//2956 4095//2972
f 4101//3080 3357//3075 3350//3054 4103//3063
f 4120//3764 4112//3765 3282//3246 3605//3245
f 4095//2972 3288//2956 4097//2937 4104//2976
f 4148//2952 4138//2957 3357//3075 4101//3080
f 4149//2938 4141//2955 3360//3076 4100//3082
f 4100//3082 3360//3076 3353//3056 4098//3067
f 4119//3766 4115//3767 3284//3257 3567//3307
f 4102//2951 3290//2950 4096//2971 4105//2975
f 4104//2976 4097//2937 3287//2936 3269//2696
f 4105//2975 4096//2971 3273//2940 3274//2946
f 4137//2968 4147//2961 3366//3074 3645//3073
f 3568//2970 3292//2962 3652//2967 4107//3017
f 4099//3072 3362//3078 3355//3060 3597//3047
f 4122//3768 4117//3769 3313//3250 3595//3249
f 4106//2969 3291//2963 3292//2962 3568//2970
f 3651//2973 3291//2963 4106//2969 4108//2974
f 4150//3010 4143//2953 3362//3078 4099//3072
f 3645//3073 3366//3074 3349//3052 3646//3049
f 4121//3770 4111//3771 3280//3253 3571//3242
f 4108//2974 4106//2969 3271//2942 3312//2926
f 4107//3017 3652//2967 3324//2966 3322//2932
f 4136//3050 4134//3051 4111//3771 4121//3770
f 4131//3048 4128//3059 4117//3769 4122//3768
f 4130//3068 4126//3055 4115//3767 4119//3766
f 4135//3064 4123//3053 4112//3765 4120//3764
f 3277//3426 4114//3772 4119//3766 3567//3307
f 3278//3285 4113//3773 4114//3772 3277//3426
f 3281//3258 4109//3774 4120//3764 3605//3245
f 3313//3250 4117//3769 4113//3773 3278//3285
f 3284//3257 4115//3767 4109//3774 3281//3258
f 3282//3246 4112//3765 4116//3775 3283//3428
f 3280//3253 4111//3771 4110//3776 3279//3254
f 3323//3241 4118//3777 4121//3770 3571//3242
f 3279//3254 4110//3776 4122//3768 3595//3249
f 3283//3428 4116//3775 4118//3777 3323//3241
f 4103//3063 3350//3054 4123//3053 4135//3064
f 4098//3067 3353//3056 4126//3055 4130//3068
f 3597//3047 3355//3060 4128//3059 4131//3048
f 3646//3049 3349//3052 4134//3051 4136//3050
f 4114//3772 4125//3066 4130//3068 4119//3766
f 4113//3773 4124//3062 4125//3066 4114//3772
f 4109//3774 4132//3058 4135//3064 4120//3764
f 4117//3769 4128//3059 4124//3062 4113//3773
f 4115//3767 4126//3055 4132//3058 4109//3774
f 4112//3765 4123//3053 4127//3041 4116//3775
f 4111//3771 4134//3051 4133//3045 4110//3776
f 4118//3777 4129//3044 4136//3050 4121//3770
f 4110//3776 4133//3045 4131//3048 4122//3768
f 4116//3775 4127//3041 4129//3044 4118//3777
f 3651//2973 3314//2954 4143//2953 4150//3010
f 3652//2967 3292//2962 4147//2961 4137//2968
f 4097//2937 3288//2956 4141//2955 4149//2938
f 4102//2951 3285//2958 4138//2957 4148//2952
f 3361//3069 4142//2960 4144//2965 3363//3070
f 3365//3071 4146//2964 4150//3010 4099//3072
f 3363//3070 4144//2965 4137//2968 3645//3073
f 3366//3074 4147//2961 4146//2964 3365//3071
f 3357//3075 4138//2957 4142//2960 3361//3069
f 3360//3076 4141//2955 4145//2949 3364//3077
f 3362//3078 4143//2953 4139//2947 3358//3079
f 3364//3077 4145//2949 4148//2952 4101//3080
f 3358//3079 4139//2947 4140//2935 3359//3081
f 3359//3081 4140//2935 4149//2938 4100//3082
f 3328//3022 3345//3021 4160//2929 4151//2944
f 3332//3027 3343//3026 4159//2923 4153//2941
f 3339//3031 3336//3030 4155//2943 4157//2939
f 3336//3030 3328//3022 4151//2944 4155//2943
f 3337//3034 3332//3027 4153//2941 4156//2930
f 3341//3038 3334//3037 4154//2693 4158//2924
f 3330//3040 3339//3031 4157//2939 4152//2694
f 3345//3021 3337//3034 4156//2930 4160//2929
f 3343//3026 3341//3038 4158//2924 4159//2923
f 3334//3037 3330//3040 4152//2694 4154//2693
f 3406//2688 4177//3089 4194//2451 3440//2689
f 3441//2435 4193//2434 4191//2415 3431//2414
f 2905//867 2858//2534 4181//3096 2935//2138
f 2916//2139 4176//3109 4182//2450 2939//772
f 3037//2140 4188//3097 4180//3100 2931//2141
f 3046//2142 4186//3101 4179//3112 2927//2143
f 2927//2143 4179//3112 4187//2758 3055//1111
f 2911//2144 4173//3108 4176//3109 2916//2139
f 3081//2145 4189//3093 4173//3108 2911//2144
f 3262//2146 4190//3090 4174//3107 2907//2147
f 3309//2148 2907//2147 4174//3107 4170//3011
f 2906//871 2984//858 4163//2529 2857//2536
f 2931//2141 4180//3100 4186//3101 3046//2142
f 2935//2138 4181//3096 4188//3097 3037//2140
f 2923//1112 4178//2759 4189//3093 3081//2145
f 2921//1474 4177//3089 4190//3090 3262//2146
f 3429//3012 3428//3086 4172//2476 4164//3013
f 3425//3087 4169//2934 4171//2535 3427//3088
f 3309//2148 4170//3011 4164//3013 3377//1441
f 3396//3119 2793//2570 4169//2934 3425//3087
f 3397//3091 2792//2578 4168//2545 3423//3092
f 3400//3094 4161//2595 4167//2592 3421//3095
f 3419//2661 3407//2761 4178//2759 4187//2758
f 3399//3098 2777//2593 4166//2579 3418//3099
f 3404//3102 4175//2681 4165//2594 3416//3103
f 3412//3105 3415//3104 4185//2533 4183//2635
f 3404//3102 3414//3106 4184//2634 4175//2681
f 3414//3106 3412//3105 4183//2635 4184//2634
f 3395//3113 2794//2563 4162//2433 3401//2432
f 3416//3103 4165//2594 4161//2595 3400//3094
f 3421//3095 4167//2592 2777//2593 3399//3098
f 3418//3099 4166//2579 2778//2577 3398//3114
f 3398//3114 2778//2577 2792//2578 3397//3091
f 3550//2453 4195//2452 2793//2570 3396//3119
f 3394//3115 2795//2546 2794//2563 3395//3113
f 3423//3092 4168//2545 2795//2546 3394//3115
f 3427//3088 4171//2535 2857//2536 3393//2677
f 3415//3104 3392//2596 2858//2534 4185//2533
f 3558//3220 4207//3230 4208//3231 3552//3227
f 3552//3227 4208//3231 4205//3222 3557//3225
f 3556//3224 4203//3223 4202//3228 3551//3217
f 4197//2457 3554//3218 4200//3229 4201//2531
f 4196//2454 4209//2530 4207//3230 3558//3220
f 3551//3217 4202//3228 4200//3229 3554//3218
f 2861//2477 2809//2475 4203//3223 4205//3222
f 3553//783 4197//2457 4201//2531 4204//862
f 3555//781 4206//860 4209//2530 4196//2454
