# File produced by Open Asset Import Library (http://www.assimp.sf.net)
# (assimp v5.3.0)

mtllib lowpoly_kid.mtl

# 679 vertex positions
v 0.229394495 -0.0283284914 1.64837289
v 0.207691461 0.0555288196 1.69227755
v 0.221321046 0.0636356771 1.6938349
v 0.243716404 -0.0291053522 1.65096939
v 0.190625235 -0.0459249392 1.75613952
v 0.203463331 -0.0486089811 1.76190877
v 0.121913873 0.0922531635 1.5588547
v 0.0591411367 0.0803567544 1.53466463
v 0.0603965148 0.0872615278 1.52402496
v 0.124148645 0.101575583 1.55307615
v 0 -0.136085168 1.80672181
v 0.0841348171 -0.0641668141 1.8624115
v 0.080005832 -0.070906885 1.88459623
v 0 -0.149537072 1.81127667
v 0.107559502 -0.088791877 1.81427169
v 0.174120471 -0.0886092037 1.77188802
v 0.185599104 -0.093198441 1.77999675
v 0.114682205 -0.0921993032 1.8270824
v 0 0.0955361202 1.53252077
v 0 0.107602738 1.52061296
v 0.142682925 0.120431714 1.60834169
v 0.16013509 0.11610505 1.59803617
v 0.187088981 0.041894123 1.60471046
v 0.1990394 0.0481152236 1.60301101
v 0.0425626785 0.269731849 1.77750003
v 0.0513247252 0.222412452 1.69514322
v 0 0.225963116 1.69470978
v 0 0.226910725 1.77697718
v 0 0.204935953 1.84703529
v 0.0504216962 0.205651328 1.83694136
v 0.0954699069 0.19414404 1.82017195
v 0.102535322 0.20658353 1.77018166
v 0.109182753 0.201760933 1.69451475
v 0.0485631116 0.204733074 1.61583245
v 0 0.208172232 1.61169982
v 0.0881131962 0.173808709 1.61100519
v 0.0891299695 0.162681863 1.56760371
v 0.0488191694 0.169470176 1.54986167
v 0.0292655136 0.213833913 1.58001816
v 0.180678651 0.182330742 1.67263997
v 0.221425518 0.157670066 1.78637207
v 0.219148949 0.0813014582 1.78558636
v 0.13349402 0.158515573 1.8445251
v 0.173556358 0.0916806906 1.86126101
v 0.224872619 -0.0058956109 1.79840291
v 0.177752778 0.0154052339 1.86932588
v 0.197326854 -0.030162761 1.87481916
v 0 0.170762852 1.54371405
v 0.0874660239 0.177073926 1.87655175
v 0 0.20988448 1.89894378
v 0 0.0880025923 1.90334988
v 0.0932052806 0.091680564 1.89397418
v 0.100544721 0.0562186018 1.89720094
v 0 0.0216775723 1.9427079
v 0 -0.066449143 1.91000295
v 0.186946064 0.00162655301 0.0354445055
v 0.046238292 0.00162627839 0.0354427472
v 0.0453569032 0.0175005663 0.0318543166
v 0.187787905 0.0174984541 0.0318544805
v 0.194960684 -0.169042557 -0.000909805298
v 0.038245298 -0.169044107 -0.000909354771
v 0.0370129868 -0.0598552302 0.00450469507
v 0.196180314 -0.0598577708 0.00450497866
v 0.185457587 0.0175138209 0.0014752642
v 0.0477454402 0.0175134465 0.00147593406
v 0.0532077067 0.112125635 0.00719918869
v 0.179847866 0.112125352 0.00719910301
v 0.172112137 -0.0182456169 0.107530951
v 0.0616915599 -0.0247869734 0.107709035
v 0.0366354138 -0.0963333249 0.0812826529
v 0.196540326 -0.0963335782 0.081282638
v 0.0382630825 -0.17741783 0.0583586097
v 0.194939479 -0.177417263 0.0583588853
v 0.0523334593 0.104238689 0.0679858774
v 0.177066743 0.104238726 0.0679862648
v 0.0725412741 0.083984293 0.106486648
v 0.165070653 0.0741019398 0.106325127
v 0.174855307 0.0284209996 0.105841532
v 0.0602610186 0.0279817246 0.105863683
v 0.0737969056 0.0285223946 0.122413941
v 0.088894859 0.0644576624 0.122908786
v 0.0841510594 -0.00309502147 0.123648971
v 0.150322765 0.0602252409 0.122791499
v 0.162148342 0.0311974548 0.122545652
v 0.152562633 -0.000925427303 0.123575971
v 0.146184444 0.00934119243 0.123726629
v 0.0957228467 0.0054252902 0.123472989
v 0.0872511044 0.0287085939 0.122551978
v 0.0990595445 0.0553838462 0.122927234
v 0.144829422 0.0524176583 0.122839019
v 0.154401332 0.0314544998 0.12261235
v 0.0962446779 0.00219220296 0.168719709
v 0.0839931443 0.0296962354 0.168081746
v 0.0817441195 0.0302598812 0.168087617
v 0.0944080129 -0.00104349479 0.16828227
v 0.0976952687 0.0584011003 0.168830231
v 0.147258461 0.0514214933 0.170788884
v 0.149976119 0.054069832 0.170797825
v 0.0954171643 0.0616914183 0.168730587
v 0.156294659 0.0301935859 0.171235949
v 0.146588236 0.00797082298 0.170732513
v 0.149221927 0.00525535271 0.170659751
v 0.160193205 0.0301888157 0.171236441
v 0.171834812 -0.0208243262 0.48592782
v 0.199399933 0.0186491981 0.486599654
v 0.223413542 0.0187525786 0.486680448
v 0.185093284 -0.0385687277 0.483715177
v 0.0904283524 0.0770403668 0.486063242
v 0.057009466 0.0186501257 0.486598283
v 0.0308445022 0.0187526029 0.486676246
v 0.0771331191 0.098947823 0.484920025
v 0.171831384 0.0572037771 0.48592037
v 0.185092688 0.0750583485 0.483714581
v 0.0904814303 -0.0413002521 0.486215144
v 0.0771339461 -0.0630948618 0.484920502
v 0.230166793 0.0253770202 0.679282606
v 0.187466666 -0.0382637382 0.675232291
v 0.185503274 -0.0429649726 0.535032928
v 0.227873981 0.0156635828 0.534499645
v 0.0795455053 0.117509142 0.655119002
v 0.19070819 0.0877745003 0.673832834
v 0.188389748 0.074265711 0.533542216
v 0.0847971216 0.100969486 0.533274472
v 0.0731764287 -0.0691447631 0.657038927
v 0.079713434 -0.0709306821 0.535240531
v 0.0217896439 0.0252155121 0.648137033
v 0.0278432779 0.0157089792 0.534094095
v 0.0100357272 0.0386323929 0.708698332
v 0.0765301287 0.138297096 0.723411441
v 0.181234613 -0.0390122235 0.762880862
v 0.0693002045 -0.0663131997 0.727846265
v 0.184883282 0.0977491438 0.762592196
v 0.220270619 0.0277757235 0.771619916
v 0 0.037118718 0.700351775
v 0 -0.0748557374 0.733192444
v 0 0.153563663 0.724987149
v 0.194075987 -0.054854922 0.76902771
v 0.0730244517 -0.0852187723 0.728810549
v 0 0.11511039 1.46384859
v 0.0474408939 0.100141779 1.46570003
v 0.0819715858 0.136159837 1.45184016
v 0 0.134982824 1.45291662
v 0.0624120198 0.0390161723 1.46391356
v 0.0628989264 -0.0199602004 1.46634221
v 0.0816401392 -0.0470730513 1.45162678
v 0.101509102 0.038975738 1.46331096
v 0 -0.035690926 1.46372831
v 0 -0.0579670966 1.45291567
v 0.0795793831 0.157015547 0.727298379
v 0.197668761 0.112726852 0.769686103
v 0 -0.0950104743 0.734741926
v 0.240139037 0.0273078568 0.781073511
v 0 0.173322007 0.730694592
v 0.218845591 0.0332121775 1.16280341
v 0.165512338 0.12737833 1.17953527
v 0.167485461 0.143414617 1.28910983
v 0.221594676 0.0421099514 1.21922565
v 0 0.165835649 0.883597195
v 0.0825416967 0.175238207 0.884256423
v 0.219722778 0.0270993803 1.02395427
v 0.219017893 0.0296530239 1.11733234
v 0.166582853 -0.0697767213 1.09902024
v 0.166402966 -0.072897397 1.00231814
v 0.0824243799 0.175248995 0.986289799
v 0.0825390145 0.175205439 1.08601487
v 0.166560531 0.114230067 1.09472013
v 0.167218506 0.114468135 1.00305688
v 0.082472682 0.17922464 1.19040561
v 0 0.16957128 1.19045317
v 0 0.178665861 1.31607413
v 0.0815176591 0.179266468 1.30520487
v 0.0815397128 -0.096013777 1.30638528
v 0.167487621 -0.0408584028 1.28910923
v 0.168380752 -0.022051109 1.4331615
v 0.0818607509 -0.116709724 0.983414352
v 0.082016468 -0.117178172 1.08511305
v 0 -0.118146151 1.08496165
v 0 -0.117627218 0.9833799
v 0.230242044 -0.0271137394 1.29999328
v 0.219996244 -0.0195967592 1.42016339
v 0.0823269784 -0.111511201 1.18992233
v 0.165868476 -0.0610609353 1.17861545
v 0 -0.112584785 1.1895566
v 0 -0.101034544 1.31460106
v 0.168381765 0.10881453 1.43316138
v 0 0.165701389 0.982947409
v 0 0.165657774 1.08551061
v 0.18433544 0.0403492264 1.44258451
v 0.219697759 0.0271623749 0.930321991
v 0.165681362 -0.0732435882 0.91002506
v 0.165888876 0.115155712 0.910622954
v 0.081339322 -0.114356846 0.881982207
v 0 -0.115101591 0.881843865
v 0.236537367 0.0392446145 1.43820858
v 0.219997093 0.10512694 1.42016125
v 0.230242163 0.140846774 1.29999483
v 0.25697124 0.0542678088 1.24963486
v 0.148244873 0.127115414 1.620332
v 0.187338755 0.0581906736 1.61596656
v 0.136886209 0.042080421 1.55451083
v 0.110859759 0.117204726 1.56212807
v 0.189855888 -0.0276983883 1.61961567
v 0.213476166 0.0640981197 1.69860208
v 0.218390703 -0.0245829318 1.71047699
v 0.18066442 -0.100609332 1.72513366
v 0.156202838 -0.101594888 1.62654424
v 0.123587489 -0.0789856836 1.56888723
v 0.137027338 -0.0250703711 1.54920888
v 0.0867862478 -0.134541929 1.63201678
v 0.10045927 -0.136490285 1.73480499
v 0 -0.152298599 1.74198341
v 0 -0.14701426 1.63676119
v 0 -0.107381642 1.54945505
v 0.07192678 -0.0987869054 1.54826975
v 0.0971283987 -0.105160005 1.81572473
v 0 -0.1211835 1.82261264
v 0.174691662 -0.0717896298 1.80749357
v 0.0899424031 -0.0503654256 1.86865067
v 0.0617213994 0.0393925682 1.53118062
v 0.0585264787 0.0393156484 1.5052036
v 0.0434264094 0.0846505091 1.5033201
v 0.0619428456 -0.000599386171 1.52698791
v 0.0566483811 0.00316409953 1.50359297
v 0 -0.0192032848 1.52413666
v 0.860672474 0.0495435297 1.36560237
v 0.860672057 0.0307846293 1.37784743
v 0.996547282 0.0397983566 1.37647831
v 0.985680759 0.0651300773 1.3665117
v 0.978568375 0.0817100182 1.35998833
v 0.976901472 -0.0169687103 1.35386527
v 0.985551655 -0.0134307723 1.37609696
v 0.965672314 -0.0122033935 1.37157667
v 0.96082288 -0.0143566821 1.36052191
v 0.978280365 0.00753632095 1.34420657
v 0.991073787 0.0133016855 1.37628865
v 1.01825762 0.0053544417 1.36412096
v 1.00729227 0.000412959605 1.33662355
v 0.969896615 0.0809975639 1.33791637
v 0.973814666 0.0627498925 1.33615923
v 0.972166359 0.0635480657 1.33587813
v 0.860672295 -0.00384732708 1.34147716
v 0.860672057 0.0165160298 1.32895374
v 0.976973593 0.0367037281 1.33987749
v 0.978609145 0.00700820424 1.34311008
v 0.905575573 -0.0160312634 1.34352994
v 0.860671699 0.0485891066 1.32453382
v 0.860672176 0.0106055448 1.37818444
v 0.917945087 -0.00758118555 1.38143229
v 0 -0.0144882333 1.5024184
v 0 0.102772102 1.50241935
v 1.010988 0.00344671682 1.33323741
v 1.02278495 0.00876302831 1.36282063
v 0.981600344 0.0351937599 1.33817744
v 1.01042342 0.0361041278 1.33189189
v 1.0222218 0.0428730845 1.36528468
v 1.00653529 0.0838662609 1.35265028
v 0.998784006 0.08322943 1.33292091
v 1.01352453 -0.0175578687 1.36395681
v 1.03716302 -0.0211783219 1.35387993
v 1.04129887 -0.00115654431 1.35402334
v 1.00611067 -0.0205902364 1.34490192
v 1.03068423 -0.0238281395 1.33722901
v 1.03171706 -0.00547460839 1.32999492
v 1.06149316 -0.0126373749 1.32188082
v 1.0606401 -0.0278009828 1.32785749
v 1.06599259 -0.0256117489 1.34161448
v 1.06940961 -0.00906976499 1.3417331
v 1.01404953 0.0289499816 1.32767797
v 1.04055214 0.0237035323 1.31909704
v 1.0376904 -0.000134471804 1.32429373
v 1.02783227 0.0331959724 1.36299574
v 1.0487175 0.00483475067 1.35194528
v 1.0698173 -0.00392808951 1.31520641
v 1.0789516 0.000188244507 1.33811212
v 1.05343485 0.0276722945 1.35210884
v 1.0721879 0.0158185661 1.31090164
v 1.08285928 0.0191061459 1.33824766
v 1.00643015 0.0602883026 1.32688129
v 1.03315926 0.0593518987 1.3185277
v 1.03710675 0.0354433209 1.32348132
v 1.01567578 0.0645594969 1.35347688
v 1.0487709 0.0421351567 1.35649347
v 1.06685138 0.0350710303 1.31700015
v 1.07578635 0.040197134 1.34228837
v 1.04229951 0.0635744408 1.34482038
v 1.06382751 0.0533856377 1.3132056
v 1.07082915 0.0566201955 1.33334637
v 1.0022862 0.0669183359 1.33134997
v 1.01354527 0.0837886781 1.32805896
v 1.01707387 0.0673545152 1.32647622
v 1.01289296 0.0690459162 1.35848117
v 1.02135515 0.0844302922 1.34793711
v 1.04306483 0.081579864 1.33803594
v 1.03723741 0.0811011344 1.3232038
v 1.02776074 0.0694981813 1.35381222
v 1.03987026 0.0688387528 1.3220228
v 1.04784417 0.0704382434 1.34241962
v 0.933314502 -0.0113825966 1.37080133
v 0.926163971 -0.0160693545 1.35202432
v 0.948237479 -0.0328142196 1.35193801
v 0.951947868 -0.0304309521 1.36845374
v 0.971643984 -0.0184442345 1.36202657
v 0.999638855 -0.0397929028 1.37351751
v 0.977667272 -0.0459771156 1.36172247
v 0.974590957 -0.0170643274 1.37156618
v 0.982475817 -0.0522601902 1.37427437
v 1.00963974 -0.0547053888 1.37273633
v 1.01190209 -0.05757121 1.37866735
v 1.0030756 -0.0435324982 1.38072634
v 1.01997614 -0.0517513752 1.37820256
v 1.02159214 -0.053459838 1.38160896
v 0.0905673504 -0.0406518616 0.476269752
v 0.0574117415 0.0188148022 0.476637661
v 0.171465054 0.0571175739 0.476010233
v 0.198757321 0.0188213028 0.47668606
v 0.171458438 -0.0203950442 0.47601673
v 0.0905366912 0.07676249 0.476121753
v 0.230514288 0.10512694 1.42015064
v 0.245967254 0.0392446145 1.43819058
v 0.379998982 0.0419543423 1.41430807
v 0.379999965 0.0891457349 1.40146172
v 0.240085796 0.140846774 1.29999483
v 0.379998356 0.114731759 1.31550181
v 0.230513424 -0.0195967592 1.42015278
v 0.37999928 -0.000193614513 1.4014622
v 0.265057981 0.0542678088 1.2496587
v 0.379998982 0.0527154282 1.27968907
v 0.240085781 -0.0271137394 1.2999934
v 0.379999459 -0.00557800755 1.31550133
v 0.594729424 0.045894783 1.40110242
v 0.594729662 0.0130749643 1.39109957
v 0.602755547 0.0136604793 1.39062881
v 0.602755368 0.0460563637 1.40050244
v 0.596214473 0.0949852243 1.33024263
v 0.596215546 0.084326148 1.38500178
v 0.602781475 0.0840700194 1.38461649
v 0.602780402 0.0945531651 1.33056474
v 0.5947299 0.00888223574 1.32416368
v 0.602755845 0.00952190533 1.32455742
v 0.594729424 0.0542742312 1.30348945
v 0.602755368 0.0543275774 1.30384266
v 0.379998982 0.0428031795 1.40690672
v 0.379999906 0.084139511 1.39565408
v 0.379998416 0.106551096 1.32035947
v 0.37999925 0.00588453189 1.39565468
v 0.379998982 0.0522291362 1.28899002
v 0.379999429 0.00116817653 1.32035911
v 0.609690309 0.0831325948 1.38433874
v 0.609689236 0.0924066454 1.33071506
v 0.611200392 0.0534035079 1.3042444
v 0.611200869 0.00895275921 1.32474113
v 0.611200631 0.0130585432 1.39028931
v 0.611200392 0.0451978073 1.40008473
v 0.857591927 0.0492088348 1.32460964
v 0.857592702 0.0499556959 1.36583233
v 0.857610822 0.0169686694 1.32805407
v 0.85761106 -0.00369025953 1.34127176
v 0.857610941 0.0106356451 1.37833297
v 0.857610822 0.0309614912 1.3781203
v -0.229394495 -0.0283284914 1.64837289
v -0.243716404 -0.0291053522 1.65096939
v -0.221321046 0.0636356771 1.6938349
v -0.207691461 0.0555288196 1.69227755
v -0.190625235 -0.0459249392 1.75613952
v -0.203463331 -0.0486089811 1.76190877
v -0.121913873 0.0922531635 1.5588547
v -0.124148645 0.101575583 1.55307615
v -0.0603965148 0.0872615278 1.52402496
v -0.0591411367 0.0803567544 1.53466463
v -0.080005832 -0.070906885 1.88459623
v -0.0841348171 -0.0641668141 1.8624115
v -0.107559502 -0.088791877 1.81427169
v -0.114682205 -0.0921993032 1.8270824
v -0.185599104 -0.093198441 1.77999675
v -0.174120471 -0.0886092037 1.77188802
v -0.142682925 0.120431714 1.60834169
v -0.16013509 0.11610505 1.59803617
v -0.1990394 0.0481152236 1.60301101
v -0.187088981 0.041894123 1.60471046
v -0.0425626785 0.269731849 1.77750003
v -0.0513247252 0.222412452 1.69514322
v -0.0504216962 0.205651328 1.83694136
v -0.102535322 0.20658353 1.77018166
v -0.0954699069 0.19414404 1.82017195
v -0.109182753 0.201760933 1.69451475
v -0.0485631116 0.204733074 1.61583245
v -0.0881131962 0.173808709 1.61100519
v -0.0488191694 0.169470176 1.54986167
v -0.0891299695 0.162681863 1.56760371
v -0.0292655136 0.213833913 1.58001816
v -0.180678651 0.182330742 1.67263997
v -0.221425518 0.157670066 1.78637207
v -0.219148949 0.0813014582 1.78558636
v -0.13349402 0.158515573 1.8445251
v -0.173556358 0.0916806906 1.86126101
v -0.224872619 -0.0058956109 1.79840291
v -0.177752778 0.0154052339 1.86932588
v -0.197326854 -0.030162761 1.87481916
v -0.0874660239 0.177073926 1.87655175
v -0.0932052806 0.091680564 1.89397418
v -0.100544721 0.0562186018 1.89720094
v -0.186946064 0.00162655301 0.0354445055
v -0.187787905 0.0174984541 0.0318544805
v -0.0453569032 0.0175005663 0.0318543166
v -0.046238292 0.00162627839 0.0354427472
v -0.194960684 -0.169042557 -0.000909805298
v -0.196180314 -0.0598577708 0.00450497866
v -0.0370129868 -0.0598552302 0.00450469507
v -0.038245298 -0.169044107 -0.000909354771
v -0.185457587 0.0175138209 0.0014752642
v -0.179847866 0.112125352 0.00719910301
v -0.0532077067 0.112125635 0.00719918869
v -0.0477454402 0.0175134465 0.00147593406
v -0.172112137 -0.0182456169 0.107530951
v -0.196540326 -0.0963335782 0.081282638
v -0.0366354138 -0.0963333249 0.0812826529
v -0.0616915599 -0.0247869734 0.107709035
v -0.194939479 -0.177417263 0.0583588853
v -0.0382630825 -0.17741783 0.0583586097
v -0.177066743 0.104238726 0.0679862648
v -0.0523334593 0.104238689 0.0679858774
v -0.165070653 0.0741019398 0.106325127
v -0.0725412741 0.083984293 0.106486648
v -0.174855307 0.0284209996 0.105841532
v -0.0602610186 0.0279817246 0.105863683
v -0.088894859 0.0644576624 0.122908786
v -0.0737969056 0.0285223946 0.122413941
v -0.0841510594 -0.00309502147 0.123648971
v -0.150322765 0.0602252409 0.122791499
v -0.152562633 -0.000925427303 0.123575971
v -0.162148342 0.0311974548 0.122545652
v -0.0957228467 0.0054252902 0.123472989
v -0.146184444 0.00934119243 0.123726629
v -0.0990595445 0.0553838462 0.122927234
v -0.0872511044 0.0287085939 0.122551978
v -0.144829422 0.0524176583 0.122839019
v -0.154401332 0.0314544998 0.12261235
v -0.0962446779 0.00219220296 0.168719709
v -0.0944080129 -0.00104349479 0.16828227
v -0.0817441195 0.0302598812 0.168087617
v -0.0839931443 0.0296962354 0.168081746
v -0.0976952687 0.0584011003 0.168830231
v -0.0954171643 0.0616914183 0.168730587
v -0.149976119 0.054069832 0.170797825
v -0.147258461 0.0514214933 0.170788884
v -0.156294659 0.0301935859 0.171235949
v -0.160193205 0.0301888157 0.171236441
v -0.149221927 0.00525535271 0.170659751
v -0.146588236 0.00797082298 0.170732513
v -0.171834812 -0.0208243262 0.48592782
v -0.185093284 -0.0385687277 0.483715177
v -0.223413542 0.0187525786 0.486680448
v -0.199399933 0.0186491981 0.486599654
v -0.0904283524 0.0770403668 0.486063242
v -0.0771331191 0.098947823 0.484920025
v -0.0308445022 0.0187526029 0.486676246
v -0.057009466 0.0186501257 0.486598283
v -0.185092688 0.0750583485 0.483714581
v -0.171831384 0.0572037771 0.48592037
v -0.0904814303 -0.0413002521 0.486215144
v -0.0771339461 -0.0630948618 0.484920502
v -0.230166793 0.0253770202 0.679282606
v -0.227873981 0.0156635828 0.534499645
v -0.185503274 -0.0429649726 0.535032928
v -0.187466666 -0.0382637382 0.675232291
v -0.0795455053 0.117509142 0.655119002
v -0.0847971216 0.100969486 0.533274472
v -0.188389748 0.074265711 0.533542216
v -0.19070819 0.0877745003 0.673832834
v -0.079713434 -0.0709306821 0.535240531
v -0.0731764287 -0.0691447631 0.657038927
v -0.0217896439 0.0252155121 0.648137033
v -0.0278432779 0.0157089792 0.534094095
v -0.0100357272 0.0386323929 0.708698332
v -0.0765301287 0.138297096 0.723411441
v -0.181234613 -0.0390122235 0.762880862
v -0.0693002045 -0.0663131997 0.727846265
v -0.184883282 0.0977491438 0.762592196
v -0.220270619 0.0277757235 0.771619916
v -0.0730244517 -0.0852187723 0.728810549
v -0.194075987 -0.054854922 0.76902771
v -0.0819715858 0.136159837 1.45184016
v -0.0474408939 0.100141779 1.46570003
v -0.0624120198 0.0390161723 1.46391356
v -0.101509102 0.038975738 1.46331096
v -0.0816401392 -0.0470730513 1.45162678
v -0.0628989264 -0.0199602004 1.46634221
v -0.197668761 0.112726852 0.769686103
v -0.0795793831 0.157015547 0.727298379
v -0.240139037 0.0273078568 0.781073511
v -0.218845591 0.0332121775 1.16280341
v -0.221594676 0.0421099514 1.21922565
v -0.167485461 0.143414617 1.28910983
v -0.165512338 0.12737833 1.17953527
v -0.0825416967 0.175238207 0.884256423
v -0.219722778 0.0270993803 1.02395427
v -0.166402966 -0.072897397 1.00231814
v -0.166582853 -0.0697767213 1.09902024
v -0.219017893 0.0296530239 1.11733234
v -0.0824243799 0.175248995 0.986289799
v -0.167218506 0.114468135 1.00305688
v -0.166560531 0.114230067 1.09472013
v -0.0825390145 0.175205439 1.08601487
v -0.082472682 0.17922464 1.19040561
v -0.0815176591 0.179266468 1.30520487
v -0.0815397128 -0.096013777 1.30638528
v -0.168380752 -0.022051109 1.4331615
v -0.167487621 -0.0408584028 1.28910923
v -0.0818607509 -0.116709724 0.983414352
v -0.082016468 -0.117178172 1.08511305
v -0.219996244 -0.0195967592 1.42016339
v -0.230242044 -0.0271137394 1.29999328
v -0.0823269784 -0.111511201 1.18992233
v -0.165868476 -0.0610609353 1.17861545
v -0.168381765 0.10881453 1.43316138
v -0.18433544 0.0403492264 1.44258451
v -0.219697759 0.0271623749 0.930321991
v -0.165681362 -0.0732435882 0.91002506
v -0.165888876 0.115155712 0.910622954
v -0.081339322 -0.114356846 0.881982207
v -0.219997093 0.10512694 1.42016125
v -0.236537367 0.0392446145 1.43820858
v -0.25697124 0.0542678088 1.24963486
v -0.230242163 0.140846774 1.29999483
v -0.148244873 0.127115414 1.620332
v -0.110859759 0.117204726 1.56212807
v -0.136886209 0.042080421 1.55451083
v -0.187338755 0.0581906736 1.61596656
v -0.189855888 -0.0276983883 1.61961567
v -0.218390703 -0.0245829318 1.71047699
v -0.213476166 0.0640981197 1.69860208
v -0.156202838 -0.101594888 1.62654424
v -0.18066442 -0.100609332 1.72513366
v -0.137027338 -0.0250703711 1.54920888
v -0.123587489 -0.0789856836 1.56888723
v -0.0867862478 -0.134541929 1.63201678
v -0.10045927 -0.136490285 1.73480499
v -0.07192678 -0.0987869054 1.54826975
v -0.0971283987 -0.105160005 1.81572473
v -0.174691662 -0.0717896298 1.80749357
v -0.0899424031 -0.0503654256 1.86865067
v -0.0617213994 0.0393925682 1.53118062
v -0.0434264094 0.0846505091 1.5033201
v -0.0585264787 0.0393156484 1.5052036
v -0.0619428456 -0.000599386171 1.52698791
v -0.0566483811 0.00316409953 1.50359297
v -0.860672474 0.0495435297 1.36560237
v -0.978568375 0.0817100182 1.35998833
v -0.985680759 0.0651300773 1.3665117
v -0.996547282 0.0397983566 1.37647831
v -0.860672057 0.0307846293 1.37784743
v -0.976901472 -0.0169687103 1.35386527
v -0.96082288 -0.0143566821 1.36052191
v -0.965672314 -0.0122033935 1.37157667
v -0.985551655 -0.0134307723 1.37609696
v -0.978280365 0.00753632095 1.34420657
v -1.00729227 0.000412959605 1.33662355
v -1.01825762 0.0053544417 1.36412096
v -0.991073787 0.0133016855 1.37628865
v -0.969896615 0.0809975639 1.33791637
v -0.972166359 0.0635480657 1.33587813
v -0.973814666 0.0627498925 1.33615923
v -0.860672295 -0.00384732708 1.34147716
v -0.905575573 -0.0160312634 1.34352994
v -0.978609145 0.00700820424 1.34311008
v -0.976973593 0.0367037281 1.33987749
v -0.860672057 0.0165160298 1.32895374
v -0.860671699 0.0485891066 1.32453382
v -0.917945087 -0.00758118555 1.38143229
v -0.860672176 0.0106055448 1.37818444
v -1.02278495 0.00876302831 1.36282063
v -1.010988 0.00344671682 1.33323741
v -0.981600344 0.0351937599 1.33817744
v -1.0222218 0.0428730845 1.36528468
v -1.01042342 0.0361041278 1.33189189
v -0.998784006 0.08322943 1.33292091
v -1.00653529 0.0838662609 1.35265028
v -1.04129887 -0.00115654431 1.35402334
v -1.03716302 -0.0211783219 1.35387993
v -1.01352453 -0.0175578687 1.36395681
v -1.00611067 -0.0205902364 1.34490192
v -1.03068423 -0.0238281395 1.33722901
v -1.0606401 -0.0278009828 1.32785749
v -1.06149316 -0.0126373749 1.32188082
v -1.03171706 -0.00547460839 1.32999492
v -1.06599259 -0.0256117489 1.34161448
v -1.06940961 -0.00906976499 1.3417331
v -1.0376904 -0.000134471804 1.32429373
v -1.04055214 0.0237035323 1.31909704
v -1.01404953 0.0289499816 1.32767797
v -1.02783227 0.0331959724 1.36299574
v -1.0487175 0.00483475067 1.35194528
v -1.0789516 0.000188244507 1.33811212
v -1.0698173 -0.00392808951 1.31520641
v -1.05343485 0.0276722945 1.35210884
v -1.08285928 0.0191061459 1.33824766
v -1.0721879 0.0158185661 1.31090164
v -1.03710675 0.0354433209 1.32348132
v -1.03315926 0.0593518987 1.3185277
v -1.00643015 0.0602883026 1.32688129
v -1.01567578 0.0645594969 1.35347688
v -1.0487709 0.0421351567 1.35649347
v -1.07578635 0.040197134 1.34228837
v -1.06685138 0.0350710303 1.31700015
v -1.04229951 0.0635744408 1.34482038
v -1.07082915 0.0566201955 1.33334637
v -1.06382751 0.0533856377 1.3132056
v -1.0022862 0.0669183359 1.33134997
v -1.01707387 0.0673545152 1.32647622
v -1.01354527 0.0837886781 1.32805896
v -1.01289296 0.0690459162 1.35848117
v -1.03723741 0.0811011344 1.3232038
v -1.04306483 0.081579864 1.33803594
v -1.02135515 0.0844302922 1.34793711
v -1.02776074 0.0694981813 1.35381222
v -1.03987026 0.0688387528 1.3220228
v -1.04784417 0.0704382434 1.34241962
v -0.933314502 -0.0113825966 1.37080133
v -0.951947868 -0.0304309521 1.36845374
v -0.948237479 -0.0328142196 1.35193801
v -0.926163971 -0.0160693545 1.35202432
v -0.977667272 -0.0459771156 1.36172247
v -0.999638855 -0.0397929028 1.37351751
v -0.971643984 -0.0184442345 1.36202657
v -0.974590957 -0.0170643274 1.37156618
v -0.982475817 -0.0522601902 1.37427437
v -1.01190209 -0.05757121 1.37866735
v -1.00963974 -0.0547053888 1.37273633
v -1.0030756 -0.0435324982 1.38072634
v -1.02159214 -0.053459838 1.38160896
v -1.01997614 -0.0517513752 1.37820256
v -0.0905673504 -0.0406518616 0.476269752
v -0.0574117415 0.0188148022 0.476637661
v -0.171465054 0.0571175739 0.476010233
v -0.198757321 0.0188213028 0.47668606
v -0.171458438 -0.0203950442 0.47601673
v -0.0905366912 0.07676249 0.476121753
v -0.230514288 0.10512694 1.42015064
v -0.379999965 0.0891457349 1.40146172
v -0.379998982 0.0419543423 1.41430807
v -0.245967254 0.0392446145 1.43819058
v -0.240085796 0.140846774 1.29999483
v -0.379998356 0.114731759 1.31550181
v -0.37999928 -0.000193614513 1.4014622
v -0.230513424 -0.0195967592 1.42015278
v -0.265057981 0.0542678088 1.2496587
v -0.379998982 0.0527154282 1.27968907
v -0.240085781 -0.0271137394 1.2999934
v -0.379999459 -0.00557800755 1.31550133
v -0.594729424 0.045894783 1.40110242
v -0.602755368 0.0460563637 1.40050244
v -0.602755547 0.0136604793 1.39062881
v -0.594729662 0.0130749643 1.39109957
v -0.596214473 0.0949852243 1.33024263
v -0.602780402 0.0945531651 1.33056474
v -0.602781475 0.0840700194 1.38461649
v -0.596215546 0.084326148 1.38500178
v -0.602755845 0.00952190533 1.32455742
v -0.5947299 0.00888223574 1.32416368
v -0.602755368 0.0543275774 1.30384266
v -0.594729424 0.0542742312 1.30348945
v -0.379999906 0.084139511 1.39565408
v -0.379998982 0.0428031795 1.40690672
v -0.379998416 0.106551096 1.32035947
v -0.37999925 0.00588453189 1.39565468
v -0.379998982 0.0522291362 1.28899002
v -0.379999429 0.00116817653 1.32035911
v -0.609689236 0.0924066454 1.33071506
v -0.609690309 0.0831325948 1.38433874
v -0.611200392 0.0534035079 1.3042444
v -0.611200869 0.00895275921 1.32474113
v -0.611200631 0.0130585432 1.39028931
v -0.611200392 0.0451978073 1.40008473
v -0.857591927 0.0492088348 1.32460964
v -0.857592702 0.0499556959 1.36583233
v -0.857610822 0.0169686694 1.32805407
v -0.85761106 -0.00369025953 1.34127176
v -0.857610941 0.0106356451 1.37833297
v -0.857610822 0.0309614912 1.3781203

# 959 UV coordinates
vt 0.58127737 0.667737842 0
vt 0.565557659 0.715351462 0
vt 0.554109931 0.714146674 0
vt 0.574375033 0.668758154 0
vt 0.547959268 0.628336966 0
vt 0.542309463 0.632058978 0
vt 0.489157647 0.841535151 0
vt 0.455527037 0.858231902 0
vt 0.45325312 0.851390421 0
vt 0.486361355 0.836134315 0
vt 0.420531243 0.564347625 0
vt 0.469051123 0.58705467 0
vt 0.463152707 0.596328974 0
vt 0.420531243 0.570060372 0
vt 0.501630843 0.581679225 0
vt 0.535392165 0.607857168 0
vt 0.530733824 0.613000214 0
vt 0.498131514 0.589023471 0
vt 0.420531362 0.858120203 0
vt 0.420531362 0.84805882 0
vt 0.531491995 0.825546741 0
vt 0.525659323 0.809877694 0
vt 0.576376259 0.768015563 0
vt 0.56837368 0.765043736 0
vt 0.434502214 0.725495994 0
vt 0.438740581 0.751555264 0
vt 0.420531303 0.752298474 0
vt 0.420531303 0.725111663 0
vt 0.420531303 0.704138219 0
vt 0.434349298 0.705731809 0
vt 0.449234933 0.707053602 0
vt 0.454773217 0.722484052 0
vt 0.462721169 0.749053299 0
vt 0.441096812 0.783881545 0
vt 0.420531303 0.785156965 0
vt 0.462859958 0.78879118 0
vt 0.461573631 0.809202552 0
vt 0.442112178 0.813748181 0
vt 0.431608528 0.795937896 0
vt 0.492892414 0.750031352 0
vt 0.490079433 0.70588088 0
vt 0.507943332 0.686654806 0
vt 0.460953683 0.693207085 0
vt 0.478070647 0.673346043 0
vt 0.521760821 0.654046655 0
vt 0.487297386 0.648102403 0
vt 0.497686684 0.634129763 0
vt 0.420531362 0.815528035 0
vt 0.443372786 0.690707505 0
vt 0.420531303 0.692925513 0
vt 0.420531303 0.660511971 0
vt 0.450419486 0.665280461 0
vt 0.454960406 0.6537112 0
vt 0.420531273 0.637009561 0
vt 0.420531273 0.605383575 0
vt 0.874748528 0.0379827507 0
vt 0.87474823 0.100819543 0
vt 0.867480278 0.101213112 0
vt 0.86748147 0.0376067832 0
vt 0.954305768 0.0344044492 0
vt 0.954305768 0.104389846 0
vt 0.905484676 0.104939707 0
vt 0.905486465 0.0338593014 0
vt 0.853914857 0.0386471972 0
vt 0.853914022 0.100146197 0
vt 0.811585248 0.0977062061 0
vt 0.811586261 0.041151695 0
vt 0.730337679 0.0493619703 0
vt 0.728982985 0.0900590494 0
vt 0.701642692 0.0986894295 0
vt 0.698023915 0.0404745936 0
vt 0.676848233 0.0932158083 0
vt 0.6607126 0.0431989953 0
vt 0.660234571 0.112581305 0
vt 0.637519479 0.0518667027 0
vt 0.784211814 0.0980961397 0
vt 0.784212649 0.0423931926 0
vt 0.768435538 0.0840809122 0
vt 0.764964759 0.053708069 0
vt 0.656168759 0.0146648567 0
vt 0.708066046 0.00435046153 0
vt 0.739446104 0.0159650743 0
vt 0.74685955 0.0148104839 0
vt 0.749065161 0.0474679843 0
vt 0.750546753 0.000312860997 0
vt 0.795024872 0.0142744454 0
vt 0.707325399 0.132490143 0
vt 0.739290059 0.123049378 0
vt 0.749131262 0.0915526301 0
vt 0.746619463 0.124298081 0
vt 0.794291914 0.126153633 0
vt 0.749871671 0.138756365 0
vt 0.74868989 0.0836422816 0
vt 0.759991586 0.0783747062 0
vt 0.73795265 0.0808319896 0
vt 0.758274019 0.0592023134 0
vt 0.749307096 0.0552961119 0
vt 0.738750041 0.0578805506 0
vt 0.742153525 0.0601381473 0
vt 0.740881622 0.0767861083 0
vt 0.748587966 0.0792750195 0
vt 0.756995857 0.0752296895 0
vt 0.755835176 0.0609170273 0
vt 0.749311924 0.0577306487 0
vt 0.238197535 0.837732136 0
vt 0.246014699 0.829782188 0
vt 0.246867657 0.829878628 0
vt 0.238726974 0.838665485 0
vt 0.186495274 0.838480651 0
vt 0.203330651 0.842412293 0
vt 0.203453973 0.843550324 0
vt 0.185702235 0.839569509 0
vt 0.212137744 0.841693819 0
vt 0.221780404 0.841336906 0
vt 0.221749634 0.842632711 0
vt 0.212216571 0.843320727 0
vt 0.177055269 0.829782188 0
vt 0.176297516 0.830330729 0
vt 0.176528558 0.854775608 0
vt 0.165443689 0.847821474 0
vt 0.248902127 0.852704346 0
vt 0.225066006 0.864239633 0
vt 0.198423848 0.86425525 0
vt 0.211509183 0.865575314 0
vt 0.257687569 0.846539736 0
vt 0.75996989 0.172111571 0
vt 0.778888583 0.175808862 0
vt 0.778586864 0.184351072 0
vt 0.758297443 0.178893819 0
vt 0.8290627 0.164462969 0
vt 0.847495079 0.141522333 0
vt 0.860693693 0.144653529 0
vt 0.83465302 0.171119273 0
vt 0.797829032 0.173301205 0
vt 0.799145758 0.180532008 0
vt 0.731098175 0.162887678 0
vt 0.725445926 0.168745011 0
vt 0.715601444 0.139382079 0
vt 0.703216672 0.14102836 0
vt 0.774247229 0.252996594 0
vt 0.743336976 0.246831402 0
vt 0.752369344 0.195399299 0
vt 0.775950253 0.199649036 0
vt 0.857242525 0.240919694 0
vt 0.804951072 0.253417164 0
vt 0.800759315 0.19850859 0
vt 0.84024471 0.189386651 0
vt 0.69741106 0.225586206 0
vt 0.718331575 0.183399335 0
vt 0.904543459 0.214729741 0
vt 0.878996253 0.162949175 0
vt 0.915394306 0.243923113 0
vt 0.863866031 0.275011361 0
vt 0.734219849 0.285276055 0
vt 0.684810996 0.255182683 0
vt 0.807397068 0.293789923 0
vt 0.770512044 0.293789923 0
vt 0.637519479 0.224394605 0
vt 0.656328022 0.202067211 0
vt 0.686118782 0.157795891 0
vt 0.129735261 0.404127061 0
vt 0.134813145 0.403679878 0
vt 0.15718767 0.447749197 0
vt 0.129734948 0.448995501 0
vt 0.129735485 0.357544184 0
vt 0.160771728 0.360288978 0
vt 0.201673999 0.458908856 0
vt 0.202034757 0.466848224 0
vt 0.156659007 0.454893231 0
vt 0.1297369 0.0319486 0
vt 0.151550621 0.0262012426 0
vt 0.164430976 0.0442977101 0
vt 0.129736841 0.0419783369 0
vt 0.163740486 0.78003186 0
vt 0.156698331 0.755365968 0
vt 0.162785381 0.741574287 0
vt 0.180038795 0.775225818 0
vt 0.129727781 0.750620186 0
vt 0.129728302 0.740630865 0
vt 0.208633304 0.349710673 0
vt 0.159723416 0.352876216 0
vt 0.208689898 0.341427237 0
vt 0.129734874 0.457099408 0
vt 0.233689412 0.453414738 0
vt 0.239702344 0.461346895 0
vt 0.129735529 0.349297881 0
vt 0.16451171 0.000313178607 0
vt 0.182049081 0.00428320654 0
vt 0.242814407 0.355312973 0
vt 0.248988196 0.346851707 0
vt 0.258944184 0.173560515 0
vt 0.210143819 0.163198322 0
vt 0.206500933 0.112806074 0
vt 0.257490873 0.147444218 0
vt 0.129735768 0.290560722 0
vt 0.163617566 0.290973485 0
vt 0.247168437 0.565137446 0
vt 0.24773486 0.605547667 0
vt 0.200991422 0.596639454 0
vt 0.199761972 0.557520926 0
vt 0.165422454 0.248212159 0
vt 0.166495398 0.204559535 0
vt 0.213243723 0.202041253 0
vt 0.211459562 0.24316223 0
vt 0.166409031 0.158254609 0
vt 0.129736334 0.158522338 0
vt 0.129736587 0.103775285 0
vt 0.165066287 0.108458415 0
vt 0.162701011 0.679757416 0
vt 0.20576033 0.676631331 0
vt 0.201756284 0.739157915 0
vt 0.161625668 0.551169395 0
vt 0.162128285 0.591069639 0
vt 0.129732639 0.591158152 0
vt 0.129733413 0.551451564 0
vt 0.259785235 0.386558592 0
vt 0.276457429 0.319141269 0
vt 0.304970473 0.331834912 0
vt 0.285360307 0.386804134 0
vt 0.162722573 0.632733047 0
vt 0.20230116 0.629327893 0
vt 0.129731715 0.63272953 0
vt 0.129730344 0.682798505 0
vt 0.205192849 0.0454968736 0
vt 0.129735932 0.249034777 0
vt 0.129736125 0.204572693 0
vt 0.216029152 0.764081061 0
vt 0.244953856 0.524789751 0
vt 0.197842717 0.520670235 0
vt 0.208173767 0.283518344 0
vt 0.160272598 0.512313664 0
vt 0.129734084 0.512484431 0
vt 0.254125684 0.279632688 0
vt 0.220148355 0.0159671195 0
vt 0.259785205 0.450047523 0
vt 0.266928494 0.416856259 0
vt 0.29136917 0.416421354 0
vt 0.285386771 0.449064374 0
vt 0.259159476 0.194345206 0
vt 0.257753491 0.237013221 0
vt 0.248106465 0.625053704 0
vt 0.250608504 0.649479747 0
vt 0.326615274 0.563721836 0
vt 0.277808726 0.518822849 0
vt 0.304962516 0.505013824 0
vt 0.338366002 0.543520629 0
vt 0.321033835 0.282330245 0
vt 0.338439584 0.29645136 0
vt 0.845191836 0.584570587 0
vt 0.830262601 0.621825755 0
vt 0.796817005 0.603096485 0
vt 0.813673258 0.568944216 0
vt 0.803286552 0.649202168 0
vt 0.858848512 0.653815866 0
vt 0.826526046 0.68451196 0
vt 0.792031109 0.69864583 0
vt 0.776288211 0.665217817 0
vt 0.766266704 0.642950356 0
vt 0.778113782 0.62466836 0
vt 0.750481546 0.670578897 0
vt 0.758988559 0.707295477 0
vt 0.720375836 0.712616444 0
vt 0.720375836 0.674213052 0
vt 0.720375836 0.640393674 0
vt 0.745946586 0.639123976 0
vt 0.764652073 0.742400408 0
vt 0.720375836 0.749319971 0
vt 0.803742111 0.735846102 0
vt 0.772120714 0.777006507 0
vt 0.692643046 0.505412877 0
vt 0.697315395 0.495390415 0
vt 0.712872922 0.50975287 0
vt 0.70154047 0.510380745 0
vt 0.778709054 0.564347625 0
vt 0.766186535 0.580906808 0
vt 0.682990313 0.501008153 0
vt 0.680670857 0.491816759 0
vt 0.753471136 0.596825004 0
vt 0.720375836 0.599490047 0
vt 0.556793749 0.427018106 0
vt 0.556670427 0.418202937 0
vt 0.60671854 0.419504344 0
vt 0.603405952 0.428916961 0
vt 0.601478279 0.435007811 0
vt 0.602729261 0.397105306 0
vt 0.602523863 0.400645822 0
vt 0.595943451 0.398872197 0
vt 0.600288153 0.395998627 0
vt 0.209651813 0.785962522 0
vt 0.20654887 0.800363123 0
vt 0.194072559 0.796623409 0
vt 0.196797997 0.784241259 0
vt 0.597708464 0.441978037 0
vt 0.597456813 0.447987616 0
vt 0.596992373 0.447616458 0
vt 0.556342006 0.395178527 0
vt 0.555353284 0.386770189 0
vt 0.589591324 0.370684326 0
vt 0.592716992 0.379704416 0
vt 0.594977796 0.388042331 0
vt 0.57211858 0.394087791 0
vt 0.557705879 0.455100209 0
vt 0.556934476 0.443279743 0
vt 0.597742796 0.441873759 0
vt 0.596684098 0.456455648 0
vt 0.556731522 0.41042015 0
vt 0.5776878 0.403572977 0
vt 0.604572356 0.410521865 0
vt 0.668126047 0.471436799 0
vt 0.707735062 0.474247605 0
vt 0.736205876 0.507420719 0
vt 0.643149436 0.498856455 0
vt 0.66348803 0.508559883 0
vt 0.730930626 0.539747179 0
vt 0.71059525 0.529916763 0
vt 0.699986756 0.524718404 0
vt 0.670220017 0.51182121 0
vt 0.223816678 0.789554715 0
vt 0.220930099 0.802791059 0
vt 0.598176122 0.457170874 0
vt 0.595767915 0.465996802 0
vt 0.594668329 0.474391788 0
vt 0.595364332 0.465967268 0
vt 0.205273688 0.811672091 0
vt 0.204569399 0.829156399 0
vt 0.192334756 0.826675892 0
vt 0.193234056 0.811297238 0
vt 0.206740797 0.817419708 0
vt 0.206453428 0.807498157 0
vt 0.218216136 0.805929899 0
vt 0.218706623 0.814570963 0
vt 0.190553382 0.805884242 0
vt 0.180488303 0.801516175 0
vt 0.183552966 0.793446183 0
vt 0.20244351 0.8110919 0
vt 0.605452836 0.468017876 0
vt 0.604510427 0.47521317 0
vt 0.197865859 0.820140183 0
vt 0.186645836 0.81368506 0
vt 0.612806916 0.475948125 0
vt 0.613630474 0.469660521 0
vt 0.623602927 0.47165516 0
vt 0.622922599 0.476849943 0
vt 0.185966089 0.782645404 0
vt 0.177103087 0.808343947 0
vt 0.627478898 0.478328496 0
vt 0.630259216 0.473673284 0
vt 0.170758843 0.789568782 0
vt 0.172760621 0.780657589 0
vt 0.165443689 0.801864922 0
vt 0.168231517 0.796224713 0
vt 0.606687605 0.46825704 0
vt 0.608908296 0.460118413 0
vt 0.617670596 0.462571949 0
vt 0.615594864 0.47017926 0
vt 0.219744518 0.813130021 0
vt 0.219222531 0.829156458 0
vt 0.232537627 0.804784358 0
vt 0.235366955 0.792561114 0
vt 0.24878034 0.796993971 0
vt 0.246282846 0.807200253 0
vt 0.23134166 0.814266026 0
vt 0.231244266 0.828974307 0
vt 0.633910239 0.474445939 0
vt 0.62615025 0.472399324 0
vt 0.627869725 0.466097713 0
vt 0.636893332 0.469009519 0
vt 0.245198816 0.815241218 0
vt 0.245284572 0.827633381 0
vt 0.607543468 0.458566427 0
vt 0.608060122 0.450554967 0
vt 0.616890192 0.452249289 0
vt 0.61637938 0.460169435 0
vt 0.207156897 0.799407065 0
vt 0.193372667 0.800282419 0
vt 0.205722407 0.785751343 0
vt 0.191705003 0.788511097 0
vt 0.181509703 0.811481237 0
vt 0.180815235 0.825848103 0
vt 0.168388054 0.82340467 0
vt 0.169223428 0.812076151 0
vt 0.182173654 0.801733017 0
vt 0.180251941 0.790471196 0
vt 0.625973225 0.462013006 0
vt 0.626364529 0.455945939 0
vt 0.63319844 0.457037687 0
vt 0.634671569 0.463068128 0
vt 0.169555679 0.803892374 0
vt 0.16750446 0.794918597 0
vt 0.606747627 0.449129552 0
vt 0.606972694 0.443757713 0
vt 0.611824453 0.444923282 0
vt 0.611597657 0.450335652 0
vt 0.217909366 0.787080467 0
vt 0.218967006 0.799044967 0
vt 0.225196615 0.813712299 0
vt 0.224237621 0.805131376 0
vt 0.233817071 0.803577363 0
vt 0.235104606 0.810312152 0
vt 0.224398732 0.786910295 0
vt 0.225106969 0.798688769 0
vt 0.618912041 0.451842219 0
vt 0.619081259 0.447803825 0
vt 0.624196649 0.447813034 0
vt 0.625951946 0.45155859 0
vt 0.234248757 0.798049212 0
vt 0.234405786 0.78859514 0
vt 0.581657171 0.400140971 0
vt 0.578146338 0.395271182 0
vt 0.582926691 0.39128682 0
vt 0.586856723 0.393806309 0
vt 0.596614301 0.387987524 0
vt 0.597755551 0.391182154 0
vt 0.596715927 0.395272166 0
vt 0.600405991 0.397771448 0
vt 0.599573851 0.403350621 0
vt 0.597008169 0.400395602 0
vt 0.596635163 0.394136101 0
vt 0.599146724 0.394619733 0
vt 0.592595458 0.384919673 0
vt 0.588957191 0.385062903 0
vt 0.594741285 0.378750592 0
vt 0.596576393 0.378817081 0
vt 0.597688675 0.383043379 0
vt 0.599102914 0.38493982 0
vt 0.597768188 0.406641632 0
vt 0.598035514 0.405615002 0
vt 0.599243045 0.40699935 0
vt 0.5991171 0.407617152 0
vt 0.599291265 0.377753079 0
vt 0.599969268 0.378613055 0
vt 0.0288018174 0.911751866 0
vt 0.00143212359 0.904478908 0
vt 0.0397365801 0.780657589 0
vt 0.0516999327 0.784599304 0
vt 0.102123097 0.915259242 0
vt 0.0827902034 0.917361975 0
vt 0.0829380527 0.78899622 0
vt 0.0925418362 0.787946999 0
vt 0.0630476102 0.91619873 0
vt 0.0727674216 0.788539588 0
vt 0.136486068 0.91030854 0
vt 0.113218725 0.78395474 0
vt 0.163816482 0.904763877 0
vt 0.126177266 0.780657649 0
vt 0.290263832 0.448338479 0
vt 0.295854956 0.416437 0
vt 0.356480062 0.416749656 0
vt 0.355766058 0.437599897 0
vt 0.309426814 0.503291786 0
vt 0.365119874 0.479489595 0
vt 0.290231526 0.387539029 0
vt 0.354888499 0.397735149 0
vt 0.342090309 0.541692138 0
vt 0.386980951 0.502908349 0
vt 0.309520721 0.333655447 0
vt 0.342024535 0.298350751 0
vt 0.385294527 0.335398972 0
vt 0.367477477 0.359010786 0
vt 0.456513554 0.418322235 0
vt 0.457177848 0.405534804 0
vt 0.460176319 0.405813664 0
vt 0.459443361 0.418446958 0
vt 0.459318489 0.452871025 0
vt 0.457198024 0.433357954 0
vt 0.459573597 0.433259398 0
vt 0.46157065 0.452370286 0
vt 0.460148633 0.381335288 0
vt 0.463000625 0.381756961 0
vt 0.463124931 0.364050478 0
vt 0.465810061 0.364519566 0
vt 0.463692755 0.469286114 0
vt 0.466352969 0.468413979 0
vt 0.359271199 0.417054474 0
vt 0.358907133 0.437634736 0
vt 0.368257016 0.476741165 0
vt 0.358805001 0.397683322 0
vt 0.388244063 0.499524951 0
vt 0.386726737 0.339822054 0
vt 0.369874537 0.361022741 0
vt 0.462005049 0.433004409 0
vt 0.464080155 0.452078402 0
vt 0.469184726 0.467780858 0
vt 0.468591154 0.365294933 0
vt 0.466023386 0.382308394 0
vt 0.463277906 0.405900478 0
vt 0.462514609 0.418239266 0
vt 0.555771291 0.443191439 0
vt 0.555565178 0.427029282 0
vt 0.556615055 0.454978943 0
vt 0.555225492 0.395191282 0
vt 0.554252326 0.386585265 0
vt 0.55556035 0.410461783 0
vt 0.555506051 0.418236941 0
vt 0.164817959 0.90881592 0
vt 0.137213156 0.91441077 0
vt 0.0627090931 0.920372546 0
vt 0.0280426368 0.915824771 0
vt 0.102510951 0.919399559 0
vt 0.0828332677 0.921487033 0
vt 0.000312860997 0.908539295 0
vt 0.259785205 0.667737842 0
vt 0.266687542 0.668758154 0
vt 0.286952674 0.714146793 0
vt 0.275504977 0.715351582 0
vt 0.293103367 0.628336966 0
vt 0.298753142 0.632058978 0
vt 0.351905018 0.841535151 0
vt 0.354701281 0.836134315 0
vt 0.387809575 0.851390421 0
vt 0.385535687 0.858231962 0
vt 0.377909869 0.596329033 0
vt 0.372011453 0.58705467 0
vt 0.339431733 0.581679285 0
vt 0.342931062 0.589023471 0
vt 0.310328782 0.613000274 0
vt 0.30567047 0.607857168 0
vt 0.3095707 0.825546741 0
vt 0.315403312 0.809877694 0
vt 0.272689015 0.765043676 0
vt 0.264686406 0.768015563 0
vt 0.406560391 0.725495994 0
vt 0.402322054 0.751555264 0
vt 0.406713367 0.705731869 0
vt 0.386289388 0.722484112 0
vt 0.391827673 0.707053661 0
vt 0.378341436 0.749053299 0
vt 0.399965882 0.783881545 0
vt 0.378202647 0.78879118 0
vt 0.398950517 0.813748181 0
vt 0.379489034 0.809202552 0
vt 0.409454137 0.795937836 0
vt 0.348170221 0.750031352 0
vt 0.350983173 0.70588088 0
vt 0.333119303 0.686654806 0
vt 0.380108923 0.693207085 0
vt 0.362991989 0.673346043 0
vt 0.319301724 0.654046655 0
vt 0.353765249 0.648102462 0
vt 0.343375921 0.634129763 0
vt 0.397689819 0.690707505 0
vt 0.39064306 0.665280521 0
vt 0.38610214 0.6537112 0
vt 0.813588798 0.898472011 0
vt 0.806359291 0.897643685 0
vt 0.816854358 0.834909081 0
vt 0.823957682 0.836496651 0
vt 0.891464829 0.915129662 0
vt 0.843224883 0.907611251 0
vt 0.854952633 0.837504983 0
vt 0.903013706 0.846103668 0
vt 0.793150306 0.894378781 0
vt 0.751815379 0.884923518 0
vt 0.761146963 0.82914418 0
vt 0.803298056 0.833722711 0
vt 0.673035443 0.863418221 0
vt 0.639698207 0.86685133 0
vt 0.652873874 0.810031831 0
vt 0.67841512 0.823055506 0
vt 0.603347838 0.858007193 0
vt 0.627516091 0.811338782 0
vt 0.5819031 0.845631003 0
vt 0.614325881 0.789497256 0
vt 0.725021839 0.879181862 0
vt 0.734213054 0.824242413 0
vt 0.707904994 0.864845812 0
vt 0.716340363 0.835462153 0
vt 0.643641412 0.904137313 0
vt 0.594157696 0.885400295 0
vt 0.67650789 0.897860289 0
vt 0.69119364 0.868376613 0
vt 0.683629215 0.900222361 0
vt 0.684873402 0.915129721 0
vt 0.731045663 0.908699393 0
vt 0.66405642 0.777632236 0
vt 0.69402498 0.792218387 0
vt 0.698533654 0.824907303 0
vt 0.701459944 0.792196274 0
vt 0.707053483 0.7784729 0
vt 0.748785079 0.798233032 0
vt 0.70707047 0.839696705 0
vt 0.69679296 0.832636356 0
vt 0.68573916 0.833636284 0
vt 0.702212632 0.858322799 0
vt 0.682738185 0.856404603 0
vt 0.692724049 0.86069572 0
vt 0.687960327 0.83810997 0
vt 0.686467588 0.854739606 0
vt 0.703596771 0.84230423 0
vt 0.695971847 0.836926937 0
vt 0.70009023 0.856229126 0
vt 0.693130612 0.858295381 0
vt 0.756321728 0.532161236 0
vt 0.75579226 0.533094585 0
vt 0.747651577 0.524307728 0
vt 0.748504519 0.524211228 0
vt 0.80802387 0.532909811 0
vt 0.80881691 0.533998668 0
vt 0.791065276 0.537979603 0
vt 0.791188598 0.536841452 0
vt 0.782381535 0.536122978 0
vt 0.782302737 0.537749887 0
vt 0.772769749 0.53706181 0
vt 0.772738934 0.535766184 0
vt 0.817463875 0.524211287 0
vt 0.818221688 0.524759829 0
vt 0.829075515 0.542250633 0
vt 0.817990601 0.549204767 0
vt 0.769453287 0.558668792 0
vt 0.745617032 0.547133505 0
vt 0.796095431 0.558684349 0
vt 0.783010125 0.560004413 0
vt 0.736831546 0.540968835 0
vt 0.794088602 0.326421082 0
vt 0.79565078 0.333229572 0
vt 0.775275528 0.338356882 0
vt 0.77511245 0.329810947 0
vt 0.725129008 0.317652345 0
vt 0.71943146 0.324217111 0
vt 0.693823576 0.297332257 0
vt 0.707071185 0.294415653 0
vt 0.754781306 0.334204733 0
vt 0.756215215 0.326996237 0
vt 0.82310611 0.317666858 0
vt 0.828662634 0.323615164 0
vt 0.838982224 0.294415772 0
vt 0.851338685 0.296262801 0
vt 0.778500736 0.407063752 0
vt 0.777663529 0.353695631 0
vt 0.801310301 0.349829048 0
vt 0.809506893 0.401400924 0
vt 0.695712388 0.393641829 0
vt 0.713544071 0.342391312 0
vt 0.752876222 0.352152765 0
vt 0.747794032 0.406986117 0
vt 0.835538208 0.33838293 0
vt 0.855771482 0.380903691 0
vt 0.648842514 0.366687804 0
vt 0.675226569 0.315328538 0
vt 0.637519479 0.395701289 0
vt 0.688536584 0.427621514 0
vt 0.817999065 0.439988434 0
vt 0.867889583 0.410700738 0
vt 0.744693398 0.447313845 0
vt 0.781573474 0.447912395 0
vt 0.897230625 0.358054489 0
vt 0.915674448 0.380684078 0
vt 0.868162215 0.313305557 0
vt 0.102282338 0.447748661 0
vt 0.124657393 0.403679848 0
vt 0.0986991748 0.360288709 0
vt 0.102810852 0.454892665 0
vt 0.0574351177 0.466846228 0
vt 0.0577961169 0.458906978 0
vt 0.0950426981 0.0442974195 0
vt 0.107923217 0.0262010321 0
vt 0.0957142413 0.780027747 0
vt 0.0794165954 0.775220931 0
vt 0.0966716483 0.741571307 0
vt 0.102757514 0.755362749 0
vt 0.0508376174 0.349709958 0
vt 0.0507810824 0.341426522 0
vt 0.0997475535 0.352875948 0
vt 0.0197680555 0.461343735 0
vt 0.0257811621 0.453411818 0
vt 0.0774249583 0.00428270362 0
vt 0.0949623659 0.000312860997 0
vt 0.0166565068 0.3553119 0
vt 0.0104828002 0.346850574 0
vt 0.000528390636 0.173559383 0
vt 0.00198188564 0.147443086 0
vt 0.0529721305 0.112805381 0
vt 0.0493287966 0.163197622 0
vt 0.0958539173 0.290973216 0
vt 0.0122986957 0.565133035 0
vt 0.0597049408 0.557518363 0
vt 0.0584739782 0.596636415 0
vt 0.0117307175 0.605542719 0
vt 0.0940494016 0.248211831 0
vt 0.0480123535 0.243161485 0
vt 0.0462285504 0.202040523 0
vt 0.0929768533 0.204559207 0
vt 0.0930636376 0.15825431 0
vt 0.0944068134 0.108458124 0
vt 0.096760042 0.679755509 0
vt 0.0577017702 0.73915267 0
vt 0.0537015162 0.67662698 0
vt 0.0978412479 0.551168144 0
vt 0.0973370671 0.591068268 0
vt 0.636893392 0.104540706 0
vt 0.61131835 0.104786366 0
vt 0.591707945 0.0498173125 0
vt 0.6202209 0.0371235609 0
vt 0.0967409387 0.632731438 0
vt 0.0571628734 0.629324377 0
vt 0.0542808101 0.0454961844 0
vt 0.0434277989 0.764074266 0
vt 0.0145146037 0.524785817 0
vt 0.0616254546 0.52066803 0
vt 0.0512977988 0.283517659 0
vt 0.0991956219 0.51231271 0
vt 0.00534590008 0.279631615 0
vt 0.0393255763 0.0159662999 0
vt 0.636893749 0.168029711 0
vt 0.611292124 0.167046696 0
vt 0.605309546 0.134403586 0
vt 0.629750311 0.134838447 0
vt 0.00171847525 0.237012058 0
vt 0.000312860997 0.194344074 0
vt 0.00885530375 0.649473786 0
vt 0.0113583375 0.625048399 0
vt 0.570064008 0.281704515 0
vt 0.558313131 0.261503249 0
vt 0.591716528 0.222996354 0
vt 0.618870318 0.236805305 0
vt 0.558238804 0.0144340089 0
vt 0.575644433 0.000312860997 0
vt 0.595559776 0.584570587 0
vt 0.627078354 0.568944216 0
vt 0.643934667 0.603096545 0
vt 0.610489011 0.621825755 0
vt 0.637465119 0.649202168 0
vt 0.614225626 0.68451196 0
vt 0.5819031 0.653815866 0
vt 0.664463401 0.665217817 0
vt 0.648720562 0.69864583 0
vt 0.662637889 0.62466836 0
vt 0.674484909 0.642950356 0
vt 0.690270126 0.670578897 0
vt 0.681763053 0.707295477 0
vt 0.694805026 0.639123976 0
vt 0.676099598 0.742400408 0
vt 0.637009501 0.735846102 0
vt 0.668630898 0.777006507 0
vt 0.679074049 0.531783104 0
vt 0.688936114 0.534653664 0
vt 0.69588691 0.544175148 0
vt 0.674853623 0.542011082 0
vt 0.662042558 0.564347684 0
vt 0.674565136 0.580906868 0
vt 0.669379413 0.528084576 0
vt 0.661057234 0.532146096 0
vt 0.687280476 0.596825004 0
vt 0.339884967 0.145000905 0
vt 0.295200646 0.152990639 0
vt 0.293272942 0.146899804 0
vt 0.289960444 0.137487233 0
vt 0.340008229 0.136185825 0
vt 0.293949604 0.115088291 0
vt 0.296390712 0.113981649 0
vt 0.300735295 0.116855159 0
vt 0.294154972 0.118628785 0
vt 0.782844841 0.47595343 0
vt 0.795657277 0.477959216 0
vt 0.794748485 0.490605086 0
vt 0.781723797 0.490641892 0
vt 0.298970401 0.159960926 0
vt 0.299686581 0.165599242 0
vt 0.299222171 0.16597037 0
vt 0.340336591 0.113161445 0
vt 0.324560136 0.112070762 0
vt 0.30170095 0.10602539 0
vt 0.303961694 0.0976874828 0
vt 0.307087332 0.0886673778 0
vt 0.341325313 0.104753122 0
vt 0.338972867 0.173082978 0
vt 0.299994826 0.174438387 0
vt 0.298936158 0.159856528 0
vt 0.33974421 0.161262482 0
vt 0.292106539 0.128504768 0
vt 0.318990976 0.121555917 0
vt 0.339947194 0.128403053 0
vt 0.637519002 0.535554707 0
vt 0.66570133 0.563721895 0
vt 0.708887398 0.563721895 0
vt 0.767246008 0.488879174 0
vt 0.768243253 0.47536853 0
vt 0.298502833 0.175153583 0
vt 0.30091098 0.18397966 0
vt 0.301314563 0.183950096 0
vt 0.302010506 0.192374825 0
vt 0.779729843 0.501846433 0
vt 0.791378796 0.504911423 0
vt 0.78786695 0.519910634 0
vt 0.77543211 0.518808961 0
vt 0.776688516 0.506939352 0
vt 0.766027153 0.50080502 0
vt 0.768955052 0.492660284 0
vt 0.779785931 0.497509331 0
vt 0.805737257 0.490551144 0
vt 0.806380093 0.499159485 0
vt 0.795488358 0.500484407 0
vt 0.782608092 0.502095163 0
vt 0.29216817 0.193196163 0
vt 0.291225851 0.186000675 0
vt 0.797015727 0.50907445 0
vt 0.784423172 0.512071729 0
vt 0.283871591 0.193931058 0
vt 0.273755699 0.194832832 0
vt 0.273075372 0.189637929 0
vt 0.283048034 0.187643334 0
vt 0.806495845 0.479510099 0
vt 0.807683527 0.506668031 0
vt 0.269199193 0.196311399 0
vt 0.266418934 0.191656068 0
vt 0.819721222 0.481360257 0
vt 0.819105804 0.490472794 0
vt 0.81963563 0.49757266 0
vt 0.820704162 0.503772855 0
vt 0.28999114 0.186239824 0
vt 0.281083763 0.188161954 0
vt 0.27900809 0.180554599 0
vt 0.28777042 0.178101093 0
vt 0.765441895 0.499128282 0
vt 0.76138407 0.514641345 0
vt 0.755550921 0.487488687 0
vt 0.741686225 0.485895425 0
vt 0.742194772 0.475400299 0
vt 0.756314993 0.474965572 0
vt 0.749910653 0.511047482 0
vt 0.754000664 0.496918947 0
vt 0.262768209 0.192428499 0
vt 0.259785205 0.186992019 0
vt 0.268808901 0.184080243 0
vt 0.270528287 0.190381974 0
vt 0.736831546 0.505768597 0
vt 0.740438461 0.493912548 0
vt 0.289135456 0.176549152 0
vt 0.280299544 0.178152129 0
vt 0.279788792 0.170231968 0
vt 0.288618833 0.168537691 0
vt 0.78141284 0.489552349 0
vt 0.794378817 0.494312048 0
vt 0.786671996 0.476868629 0
vt 0.799325645 0.483501256 0
vt 0.802566588 0.508422494 0
vt 0.814176202 0.512487292 0
vt 0.811755061 0.523585558 0
vt 0.799146175 0.522393465 0
vt 0.809748113 0.488637924 0
vt 0.80470264 0.498888016 0
vt 0.27070573 0.179995656 0
vt 0.262007445 0.181050733 0
vt 0.263480574 0.175020337 0
vt 0.270314455 0.173928618 0
vt 0.816185355 0.50454706 0
vt 0.820704222 0.496527284 0
vt 0.289931506 0.167112306 0
vt 0.285081536 0.168318391 0
vt 0.2848548 0.162906185 0
vt 0.289706469 0.161740631 0
vt 0.770193458 0.485846132 0
vt 0.774610341 0.474676609 0
vt 0.760049403 0.498135895 0
vt 0.751517773 0.492058069 0
vt 0.75466758 0.485967666 0
vt 0.763409376 0.490182132 0
vt 0.76440841 0.48375833 0
vt 0.768437445 0.472667783 0
vt 0.27776739 0.169824988 0
vt 0.270727634 0.169541359 0
vt 0.272482842 0.165795892 0
vt 0.277598172 0.165786654 0
vt 0.755826056 0.480545044 0
vt 0.758364379 0.471436799 0
vt 0.315021604 0.118123949 0
vt 0.309822112 0.111789301 0
vt 0.313752085 0.109269813 0
vt 0.318532437 0.113254152 0
vt 0.300064445 0.105970599 0
vt 0.298923194 0.109165207 0
vt 0.299962848 0.113255195 0
vt 0.299670607 0.118378542 0
vt 0.297105014 0.121333562 0
vt 0.296272874 0.115754455 0
vt 0.300043672 0.112119131 0
vt 0.297532082 0.112602733 0
vt 0.304083288 0.102902696 0
vt 0.300102413 0.0968001112 0
vt 0.301937461 0.0967336074 0
vt 0.307721555 0.103045933 0
vt 0.297575951 0.102922872 0
vt 0.298990101 0.101026401 0
vt 0.298910707 0.124624498 0
vt 0.297561765 0.12560001 0
vt 0.29743585 0.124982238 0
vt 0.298643321 0.123597905 0
vt 0.29738757 0.0957361236 0
vt 0.296709508 0.0965961143 0
vt 0.395801425 0.989951968 0
vt 0.372903287 0.862799466 0
vt 0.384866625 0.858857751 0
vt 0.423171073 0.98267895 0
vt 0.322480083 0.993459284 0
vt 0.33206135 0.866147161 0
vt 0.341665119 0.867196441 0
vt 0.341812968 0.995562136 0
vt 0.351835847 0.86673975 0
vt 0.361555606 0.994398832 0
vt 0.288117141 0.988508701 0
vt 0.311384499 0.862154901 0
vt 0.260786682 0.982964039 0
vt 0.298425883 0.858857751 0
vt 0.606415093 0.166320786 0
vt 0.540912747 0.155582383 0
vt 0.540198743 0.134732187 0
vt 0.60082382 0.134419277 0
vt 0.5872522 0.221274331 0
vt 0.53155899 0.19747217 0
vt 0.541790187 0.11571759 0
vt 0.606447041 0.105521277 0
vt 0.554588795 0.259674758 0
vt 0.509697974 0.220890984 0
vt 0.587157786 0.0516378805 0
vt 0.52920115 0.0769933239 0
vt 0.51138413 0.0533815846 0
vt 0.554653943 0.0163334105 0
vt 0.440165222 0.136304915 0
vt 0.437235475 0.136429653 0
vt 0.436502427 0.123796374 0
vt 0.439500928 0.123517491 0
vt 0.437360346 0.170853734 0
vt 0.435108185 0.17035304 0
vt 0.437105209 0.151242107 0
vt 0.439480752 0.151340663 0
vt 0.43367812 0.0997396559 0
vt 0.436530113 0.099317953 0
vt 0.430868566 0.0825022683 0
vt 0.433553755 0.0820331573 0
vt 0.432986081 0.187268883 0
vt 0.430325836 0.186396778 0
vt 0.537771702 0.155617222 0
vt 0.537407577 0.135036975 0
vt 0.528421879 0.19472371 0
vt 0.537873626 0.115665786 0
vt 0.508434892 0.217507571 0
vt 0.52680409 0.0790052488 0
vt 0.509951949 0.0578046665 0
vt 0.43259865 0.170061141 0
vt 0.434673786 0.150987104 0
vt 0.427494109 0.185763642 0
vt 0.43065536 0.100291096 0
vt 0.428087533 0.0832776353 0
vt 0.433400899 0.12388318 0
vt 0.434164166 0.13622196 0
vt 0.340907514 0.161174178 0
vt 0.341113538 0.145012096 0
vt 0.340063751 0.172961682 0
vt 0.341453195 0.11317423 0
vt 0.34242633 0.104568221 0
vt 0.341118276 0.128444657 0
vt 0.341172665 0.136219844 0
vt 0.259785205 0.987016022 0
vt 0.287390023 0.992610812 0
vt 0.361894101 0.998572588 0
vt 0.396560609 0.994024873 0
vt 0.322092205 0.997599781 0
vt 0.341769904 0.999687135 0
vt 0.424290359 0.986739337 0

# 679 vertex normals
vn -0.0403759889 -0.431440175 -0.90121156
vn 0.470290244 -0.414929658 -0.778862894
vn 0.946470559 0.0987884179 -0.307199329
vn 0.596942067 -0.409436315 -0.689901412
vn 0.145268112 -0.814569533 -0.561540604
vn 0.540604889 -0.781914711 -0.310312212
vn 0.424939722 -0.869167149 -0.252876371
vn 0.555986226 -0.115604118 -0.823084176
vn 0.200842306 -0.306894124 -0.930295706
vn 0.70436722 -0.239570305 -0.668141723
vn 0 -0.877285063 -0.479964584
vn -0.172795802 -0.935697496 -0.307535022
vn 0.366649359 -0.665364563 0.650227368
vn 0 -0.999176025 0.04031495
vn -0.422833949 -0.884304345 -0.197882012
vn 0.0885952339 -0.810693681 -0.578691959
vn 0.504623532 -0.851344347 -0.14322336
vn -0.174596399 -0.974394977 0.141544849
vn 0 0.253242582 -0.967375696
vn 0 -0.141544849 -0.989928901
vn 0.122287668 -0.919248044 -0.374126405
vn 0.583300292 0.143955812 -0.799371302
vn 0.0558488742 -0.740897834 -0.669240415
vn 0.579973757 -0.455732912 -0.675191522
vn 0.101626635 0.985442698 0.136173591
vn 0.214148387 0.939481795 -0.267372668
vn 0 0.966551721 -0.256447047
vn 0 0.983550549 0.180516988
vn 0 0.940916181 0.338541836
vn 0.245460376 0.88976717 0.384685814
vn 0.46241647 0.794152677 0.394238114
vn 0.486159861 0.857905805 0.166142762
vn 0.412244022 0.879268765 -0.238563195
vn 0.353343308 0.909665227 -0.218146309
vn 0 0.98706013 -0.160191655
vn 0.440565199 0.797235012 -0.412671298
vn 0.499069184 0.639942646 -0.584246337
vn 0.335398406 0.551683068 -0.763603628
vn 0.145176545 0.917508483 -0.370189518
vn 0.634968102 0.70827359 -0.308389544
vn 0.794824064 0.550645471 0.254951626
vn 0.94582963 0.183965579 0.267433703
vn 0.50904876 0.593371391 0.623462617
vn 0.629047513 0.209387496 0.748588502
vn 0.960966825 -0.100466937 0.257698298
vn 0.610553324 0.00842310861 0.791894257
vn 0.637897909 -0.370097965 0.675313592
vn 0 0.522721052 -0.852473497
vn 0.391644031 0.593737602 0.702902317
vn 0 0.704641879 0.70952481
vn 0 0.262337118 0.964964747
vn 0.305276662 0.249580368 0.918942809
vn 0.300180048 0.105838194 0.94796592
vn 0 0.0166325886 0.999847412
vn 0 -0.501022398 0.865413368
vn 0.831018984 0.138462484 -0.538682222
vn -0.835078001 0.149235517 -0.529465616
vn -0.917813659 -0.346171439 -0.194341868
vn 0.918698668 -0.341319025 -0.198614463
vn 0.577013433 -0.520798385 -0.629108548
vn -0.57692188 -0.520828903 -0.629169583
vn -0.695974588 0.25440231 -0.67143774
vn 0.694601297 0.251014739 -0.674123347
vn 0.590777278 -0.557359517 -0.58333081
vn -0.579851687 -0.554307699 -0.59703362
vn -0.544084013 0.648213148 -0.532670081
vn 0.555833638 0.645771682 -0.523453474
vn 0.670094907 -0.210425124 0.711813688
vn -0.641224384 -0.198278755 0.741264105
vn -0.728232682 -0.138431966 0.671163082
vn 0.727133989 -0.143650621 0.671254635
vn -0.58018738 -0.684408069 0.441511273
vn 0.580248415 -0.684316516 0.441541791
vn -0.67683953 0.667622924 0.310007006
vn 0.636738181 0.709219635 0.302560508
vn -0.500442505 0.565050185 0.655934334
vn 0.610339642 0.524857342 0.593249321
vn 0.885280907 0.0375682861 0.463484615
vn -0.858638287 0.0397656187 0.511001945
vn -0.4272286 0.048890654 0.902798533
vn -0.220496237 0.355601668 0.908230841
vn -0.220313117 -0.280281991 0.93426311
vn 0.278725535 0.350321978 0.89416182
vn 0.462050229 0.0513931699 0.885341942
vn 0.260322899 -0.286019474 0.922147274
vn 0.369762272 -0.45262 0.811395586
vn -0.303598136 -0.441358685 0.844386101
vn -0.639057577 0.0213629566 0.768822312
vn -0.281899482 0.478926957 0.83132422
vn 0.338999599 0.474715412 0.81221962
vn 0.640583515 0.0252082888 0.767448962
vn -0.293710142 -0.511520743 0.807489216
vn -0.62758261 -0.00402844325 0.7785272
vn -0.825800359 0.0143742179 0.563737929
vn -0.437818527 -0.73592335 0.516373158
vn -0.253700376 0.465071559 0.848109365
vn 0.313821822 0.509567559 0.801141381
vn 0.490585029 0.657399237 0.571916878
vn -0.427503288 0.729056656 0.534501195
vn 0.61186558 0.00698873866 0.790887177
vn 0.330454409 -0.549241602 0.767540514
vn 0.48353526 -0.676290154 0.55568105
vn 0.807641864 0.00360118411 0.58961761
vn 0.322946876 -0.440015882 -0.837885678
vn 0.462385923 -0.000640888698 -0.886654258
vn 0.779168069 0.0131534776 -0.626636565
vn 0.416241944 -0.578691959 -0.701284826
vn -0.202856526 0.403851449 -0.89202553
vn -0.523392439 3.05185094e-05 -0.852076769
vn -0.790704072 0.0294503625 -0.611438334
vn -0.354167312 0.71355325 -0.60444957
vn 0.328470707 0.45262 -0.828974247
vn 0.415601075 0.606311202 -0.677938163
vn -0.193945125 -0.388042837 -0.900967419
vn -0.334513396 -0.683858752 -0.648365736
vn 0.999603271 -0.0122989593 0.024506364
vn 0.586687803 -0.808740497 0.0408948027
vn 0.563066483 -0.82528156 -0.0427564308
vn 0.998138368 -0.0346079916 -0.0499282815
vn -0.331736207 0.923123896 -0.194250315
vn 0.625385284 0.776635051 -0.0755027905
vn 0.588427365 0.805841267 -0.0660420582
vn -0.340708643 0.937925339 -0.0645161271
vn -0.388500631 -0.921414852 -0.00283822138
vn -0.359630108 -0.931485951 -0.0544450209
vn -0.993560612 0.00961333048 -0.112826928
vn -0.999145508 -0.00253303628 -0.0405896194
vn -0.455244601 0.0312204361 -0.889797688
vn 0.0679342002 0.535508275 -0.841792047
vn 0.585650206 -0.463911861 -0.664632082
vn -0.0712302029 -0.559678972 -0.825617254
vn 0.603289902 0.43791008 -0.666493714
vn 0.764519155 -0.00906399731 -0.644489884
vn 0 -0.0462965779 -0.998901308
vn 0 -0.137791067 -0.9904477
vn 0 0.200811788 -0.979613662
vn 0.650990307 -0.57252723 -0.49836725
vn 0.206915498 -0.629688382 -0.74874109
vn 0 0.671956539 0.740562141
vn 0.359050274 0.474257648 0.803827047
vn 0.200933874 0.678548515 0.706534028
vn 0 0.738120675 0.674611628
vn 0.689230025 0.0796227902 0.720114768
vn 0.348612934 -0.405560464 0.844965994
vn 0.259407341 -0.669789732 0.695730448
vn 0.222083196 -0.00701925717 0.974974811
vn 0 -0.644856095 0.764275014
vn 0 -0.766350269 0.642384112
vn 0.270210892 0.706228852 -0.65434736
vn 0.691885114 0.569689035 -0.443494976
vn 0 -0.716666162 -0.697378457
vn 0.922299862 0.00189214759 -0.386394858
vn 0 0.813074112 -0.582110047
vn 0.999938965 0.00177007355 -0.00848414563
vn 0.703543186 0.70625937 -0.0785241276
vn 0.420484036 0.904568613 -0.0701010153
vn 0.909237981 -0.0347605832 -0.414746553
vn 0 0.999847412 -0.0173345134
vn 0.24930571 0.9683218 -0.0139774773
vn 0.999694824 0.0233161412 0.0035401471
vn 0.99987793 0.0141300699 0.00363170262
vn 0.709738433 -0.703360081 0.039124731
vn 0.703054905 -0.711111784 0.00338755455
vn 0.25150305 0.967833519 0.000701925717
vn 0.245521411 0.968993187 -0.0275276955
vn 0.735557139 0.676717401 -0.0310983621
vn 0.734977245 0.678090751 -0.000610370189
vn 0.215308085 0.974913776 -0.0559099093
vn 0 0.999267578 -0.0380565822
vn 0 0.989684761 0.14310129
vn 0.192938015 0.975005329 0.109927669
vn 0.286507756 -0.938840926 0.190954313
vn 0.51622057 -0.856349349 0.0104068117
vn 0.312356949 -0.660115361 0.683095813
vn 0.242591634 -0.970061362 -0.00842310861
vn 0.255470455 -0.966277063 0.0315256193
vn 0 -0.999694824 0.0242927335
vn 0 -0.99987793 -0.014435255
vn 0.186925873 -0.917508483 -0.350962847
vn 0.105319373 -0.786492527 0.608508587
vn 0.283150733 -0.95437485 0.0944547877
vn 0.715994775 -0.693319499 0.0811792389
vn 0 -0.996581912 0.0823999792
vn 0 -0.976317644 0.21625416
vn 0.264656514 0.63649404 0.724448383
vn 0 0.999969482 0.000518814661
vn 0 0.999816895 -0.0185857732
vn 0.20789209 -0.00897244178 0.978087723
vn 0.997619569 0.0169682913 0.0667439774
vn 0.660939336 -0.750358582 -0.00668355357
vn 0.705099642 0.708243072 0.0343638435
vn 0.222296819 -0.971098959 -0.0868556798
vn 0 -0.995574832 -0.0939359739
vn 0.0746177584 -0.0155034028 0.997070193
vn 0.0743430927 0.713064969 0.697134316
vn 0.108066045 0.946440041 -0.304147452
vn 0.203405872 0.0189214759 -0.97888118
vn 0.708578765 0.37028107 -0.600634813
vn 0.845606863 0.137424842 -0.515793324
vn 0.576586187 0.161381885 -0.800897241
vn 0.558549762 0.292153686 -0.776299298
vn 0.874172211 -0.208624527 -0.438489944
vn 0.953459263 0.0137943663 -0.30115664
vn 0.946104288 -0.275337994 -0.170415357
vn 0.701742589 -0.709585845 0.063203834
vn 0.642048419 -0.687124252 -0.340006709
vn 0.51118505 -0.520706832 -0.683736682
vn 0.561906815 -0.150547802 -0.81334877
vn 0.271279037 -0.929197073 -0.250892669
vn 0.296029538 -0.943906963 0.146092102
vn 0 -0.985656321 0.168645278
vn 0 -0.975005329 -0.222144231
vn 0 -0.661214054 -0.750144958
vn 0.223151341 -0.60444957 -0.76470232
vn 0.279488504 -0.795281827 0.537919223
vn 0 -0.875301361 0.483565778
vn 0.55128634 -0.722922444 0.416425049
vn 0.253608823 -0.654591501 0.712149441
vn 0.721854329 0.129825741 -0.679708242
vn 0.991943121 0.114963226 -0.05301065
vn 0.710013151 0.695913553 0.107455671
vn 0.498184144 -0.302987754 -0.812372208
vn 0.840174556 -0.537217319 0.0739463493
vn 0 -0.667409301 -0.744651616
vn -0.00521866512 0.844996512 0.534714818
vn 0.0445570238 0.256874293 0.965391994
vn 0.270699173 0.224890903 0.936002672
vn 0.151310772 0.434308916 0.887936056
vn -0.0549943559 0.834681213 0.547929347
vn -0.11114841 -0.894863725 -0.432203144
vn 0.0907925665 -0.610187054 0.787011325
vn 0.0587786511 -0.777672648 0.625873566
vn 0.269569993 -0.695944071 -0.665547669
vn 0.0837122723 -0.239234596 -0.967314661
vn 0.231635481 -0.0301217698 0.972319722
vn 0.446882546 0.704794466 0.550920129
vn -0.114230782 0.481063277 -0.869167149
vn -0.167302474 0.749351501 -0.64064455
vn -0.131443217 -0.0431226529 -0.990356147
vn 0.0953093022 -0.0114749596 -0.995361209
vn -0.045594655 -0.913876772 -0.403393656
vn 0.102237009 -0.276314586 -0.955595553
vn -0.0761131644 -0.170781583 -0.982360303
vn 0.397289962 -0.229377121 -0.888546407
vn -0.0912503451 -0.881313503 -0.463606685
vn 0.0578020588 0.581804872 -0.811242998
vn -0.0624103509 -0.520828903 0.851344347
vn -0.0950956792 -0.593157768 0.799432337
vn 0 -0.983855724 0.178807944
vn 0 0.969939291 0.243263036
vn -0.278420359 -0.808526874 -0.518387377
vn 0.201269567 -0.673177302 0.71153903
vn -0.194280833 -0.150730923 -0.969267845
vn -0.135044411 -0.833552063 -0.535630345
vn 0.335520506 -0.39982298 0.852961838
vn 0.0983306393 0.851313829 0.51533556
vn -0.200598165 0.733420849 -0.649464428
vn 0.200598165 -0.681112111 0.70412308
vn 0.196264535 -0.680410147 0.706045687
vn 0.441450238 0.706289887 0.553392112
vn -0.250679046 -0.85280925 -0.458052307
vn -0.255348355 -0.852168322 -0.456678987
vn -0.119785152 0.482314527 -0.867732763
vn 0.39429915 0.289376497 -0.872188509
vn 0.313303024 -0.777581096 -0.545152128
vn 0.671163082 -0.642078936 0.370433658
vn 0.840449214 0.470625937 0.268501848
vn -0.142307803 0.589526057 -0.795068204
vn -0.1060213 0.581865907 -0.806329548
vn -0.265144825 -0.807458699 -0.526932597
vn 0.401776165 0.700918615 0.589281917
vn 0.208685562 -0.671681881 0.710806608
vn 0.299813837 -0.747856081 -0.592242181
vn 0.680013418 -0.63737905 0.362285227
vn 0.431653798 0.695059061 0.57490766
vn 0.436323136 0.359508038 -0.824823737
vn 0.850154102 0.45161289 0.270638138
vn -0.201818898 0.572038949 -0.794976652
vn -0.140934482 0.559648454 -0.81661427
vn -0.154118478 -0.833002687 -0.531327248
vn 0.176610619 0.905026376 0.386913657
vn 0.350077808 -0.379070401 0.856563032
vn 0.458326966 -0.669850767 -0.58409375
vn 0.816553235 -0.354380935 0.455610842
vn 0.245735034 0.902554393 0.353526413
vn 0.38688314 0.416272461 -0.822779
vn 0.721274436 0.687917709 0.0806604177
vn -0.108798489 -0.716757715 -0.688741744
vn -0.165013582 0.71065402 -0.68388927
vn -0.143040255 -0.705679476 -0.693899333
vn 0.295052946 -0.474166095 0.829493105
vn 0.208258316 0.860621989 0.46467483
vn 0.669484556 0.728598893 0.144535661
vn 0.345439017 0.609485149 -0.71355325
vn 0.376110107 -0.462782681 0.802697837
vn 0.46668905 -0.516434193 -0.71794796
vn 0.859218121 -0.350871295 0.37229529
vn -0.214392528 -0.905026376 0.367320776
vn -0.161503956 -0.975951433 0.146275222
vn -0.302377403 -0.573992133 -0.760948539
vn -0.440198988 -0.578600407 0.686574936
vn 0.4908292 0.563371658 -0.664571047
vn 0.589861751 0.593066216 -0.548020899
vn -0.0265511032 -0.622852266 -0.781853676
vn 0.389873952 0.695913553 0.603045762
vn -0.358012646 -0.78267771 0.509109795
vn 0.275734723 -0.448042244 -0.850398242
vn 0.106784262 -0.945127726 0.30869472
vn 0.19721061 0.453688174 0.869045079
vn 0.842860222 0.247291476 -0.477919847
vn 0.846919179 -0.214545116 0.486434519
vn -0.408948034 -0.907712042 -0.0938444138
vn -0.998260438 0.0038758507 -0.0585650206
vn 0.570299387 0.8197577 -0.0520035401
vn 0.99572742 0.00238044374 -0.0921964198
vn 0.570238352 -0.815698743 -0.0971709341
vn -0.4082461 0.911770999 -0.0446180627
vn 0.0745872408 0.698263526 0.711905241
vn 0.0958281234 -0.0176091809 0.995239139
vn 0.712576687 -0.00943021942 0.701498449
vn 0.673085749 0.52275157 0.523117781
vn 0.0976897478 0.92559588 -0.365581214
vn 0.669087827 0.69972837 -0.250312805
vn 0.0798364207 -0.782860816 0.61702323
vn 0.664235353 -0.59401226 0.45374921
vn 0.130741298 -0.0108951079 -0.991332769
vn 0.697683632 -0.0139164403 -0.716238916
vn 0.0865810141 -0.886349082 -0.454817355
vn 0.676625848 -0.663197756 -0.319803447
vn 0.0539262071 0.0316171758 0.998016298
vn 0.0656758323 -0.782311499 0.619373143
vn 0.0329599902 -0.775627911 0.630298793
vn 0.0665608719 0.0626545027 0.995788455
vn 0.057985168 0.922849178 -0.380748928
vn 0.0500503555 0.756370723 0.65221107
vn 0.118717 0.776940227 0.618213475
vn 0.134464547 0.9205603 -0.366679877
vn 0.0653706491 -0.86437577 -0.498519838
vn 0.0199591052 -0.853328049 -0.520950973
vn 0.0634784997 0.0516678356 -0.996642947
vn 0.0733054578 0.094607383 -0.992797613
vn 0.787774265 0.00869777519 0.615863502
vn 0.841151178 0.393566698 0.370799899
vn 0.882320642 0.434400469 -0.181035802
vn 0.868373692 -0.389507741 0.306863606
vn 0.854792953 0.0122989593 -0.518784165
vn 0.857692182 -0.449629188 -0.249275193
vn 0.162907809 0.786095738 0.596240103
vn 0.185460985 0.870265841 -0.456282228
vn 0.0671102032 -0.00344859157 -0.997711122
vn -0.0237128828 -0.875087738 -0.483321637
vn -0.00674459059 -0.751243651 0.659962773
vn 0.0737327188 0.0883816034 0.993346989
vn 0.174626917 0.754844785 -0.632190943
vn 0.158604696 0.842860222 0.51420635
vn 0.0832544938 -0.215521708 -0.972930074
vn 0.0211188085 -0.924893975 -0.379558712
vn 0.0205389578 -0.637592673 0.770073533
vn 0.0960417464 0.212683499 0.972380757
vn 0.0403759889 -0.431440175 -0.90121156
vn -0.596942067 -0.409436315 -0.689901412
vn -0.946470559 0.0987884179 -0.307199329
vn -0.470290244 -0.414929658 -0.778862894
vn -0.145268112 -0.814569533 -0.561540604
vn -0.540604889 -0.781914711 -0.310312212
vn -0.424939722 -0.869167149 -0.252876371
vn -0.70436722 -0.239570305 -0.668141723
vn -0.200842306 -0.306894124 -0.930295706
vn -0.555986226 -0.115604118 -0.823084176
vn -0.366649359 -0.665364563 0.650227368
vn 0.172795802 -0.935697496 -0.307535022
vn 0.422833949 -0.884304345 -0.197882012
vn 0.174596399 -0.974394977 0.141544849
vn -0.504623532 -0.851344347 -0.14322336
vn -0.0885952339 -0.810693681 -0.578691959
vn -0.122287668 -0.919248044 -0.374126405
vn -0.583300292 0.143955812 -0.799371302
vn -0.579973757 -0.455732912 -0.675191522
vn -0.0558488742 -0.740897834 -0.669240415
vn -0.101626635 0.985442698 0.136173591
vn -0.214148387 0.939481795 -0.267372668
vn -0.245460376 0.88976717 0.384685814
vn -0.486159861 0.857905805 0.166142762
vn -0.46241647 0.794152677 0.394238114
vn -0.412244022 0.879268765 -0.238563195
vn -0.353343308 0.909665227 -0.218146309
vn -0.440565199 0.797235012 -0.412671298
vn -0.335398406 0.551683068 -0.763603628
vn -0.499069184 0.639942646 -0.584246337
vn -0.145176545 0.917508483 -0.370189518
vn -0.634968102 0.70827359 -0.308389544
vn -0.794824064 0.550645471 0.254951626
vn -0.94582963 0.183965579 0.267433703
vn -0.50904876 0.593371391 0.623462617
vn -0.629047513 0.209387496 0.748588502
vn -0.960966825 -0.100466937 0.257698298
vn -0.610553324 0.00842310861 0.791894257
vn -0.637897909 -0.370097965 0.675313592
vn -0.391644031 0.593737602 0.702902317
vn -0.305276662 0.249580368 0.918942809
vn -0.300180048 0.105838194 0.94796592
vn -0.831018984 0.138462484 -0.538682222
vn -0.918698668 -0.341319025 -0.198614463
vn 0.917813659 -0.346171439 -0.194341868
vn 0.835078001 0.149235517 -0.529465616
vn -0.577013433 -0.520798385 -0.629108548
vn -0.694601297 0.251014739 -0.674123347
vn 0.695974588 0.25440231 -0.67143774
vn 0.57692188 -0.520828903 -0.629169583
vn -0.590777278 -0.557359517 -0.58333081
vn -0.555833638 0.645771682 -0.523453474
vn 0.544084013 0.648213148 -0.532670081
vn 0.579851687 -0.554307699 -0.59703362
vn -0.670094907 -0.210425124 0.711813688
vn -0.727133989 -0.143650621 0.671254635
vn 0.728232682 -0.138431966 0.671163082
vn 0.641224384 -0.198278755 0.741264105
vn -0.580248415 -0.684316516 0.441541791
vn 0.58018738 -0.684408069 0.441511273
vn -0.636738181 0.709219635 0.302560508
vn 0.67683953 0.667622924 0.310007006
vn -0.610339642 0.524857342 0.593249321
vn 0.500442505 0.565050185 0.655934334
vn -0.885280907 0.0375682861 0.463484615
vn 0.858638287 0.0397656187 0.511001945
vn 0.220496237 0.355601668 0.908230841
vn 0.4272286 0.048890654 0.902798533
vn 0.220313117 -0.280281991 0.93426311
vn -0.278725535 0.350321978 0.89416182
vn -0.260322899 -0.286019474 0.922147274
vn -0.462050229 0.0513931699 0.885341942
vn 0.303598136 -0.441358685 0.844386101
vn -0.369762272 -0.45262 0.811395586
vn 0.281899482 0.478926957 0.83132422
vn 0.639057577 0.0213629566 0.768822312
vn -0.338999599 0.474715412 0.81221962
vn -0.640583515 0.0252082888 0.767448962
vn 0.293710142 -0.511520743 0.807489216
vn 0.437818527 -0.73592335 0.516373158
vn 0.825800359 0.0143742179 0.563737929
vn 0.62758261 -0.00402844325 0.7785272
vn 0.253700376 0.465071559 0.848109365
vn 0.427503288 0.729056656 0.534501195
vn -0.490585029 0.657399237 0.571916878
vn -0.313821822 0.509567559 0.801141381
vn -0.61186558 0.00698873866 0.790887177
vn -0.807641864 0.00360118411 0.58961761
vn -0.48353526 -0.676290154 0.55568105
vn -0.330454409 -0.549241602 0.767540514
vn -0.322946876 -0.440015882 -0.837885678
vn -0.416241944 -0.578691959 -0.701284826
vn -0.779168069 0.0131534776 -0.626636565
vn -0.462385923 -0.000640888698 -0.886654258
vn 0.202856526 0.403851449 -0.89202553
vn 0.354167312 0.71355325 -0.60444957
vn 0.790704072 0.0294503625 -0.611438334
vn 0.523392439 3.05185094e-05 -0.852076769
vn -0.415601075 0.606311202 -0.677938163
vn -0.328470707 0.45262 -0.828974247
vn 0.193945125 -0.388042837 -0.900967419
vn 0.334513396 -0.683858752 -0.648365736
vn -0.999603271 -0.0122989593 0.024506364
vn -0.998138368 -0.0346079916 -0.0499282815
vn -0.563066483 -0.82528156 -0.0427564308
vn -0.586687803 -0.808740497 0.0408948027
vn 0.331736207 0.923123896 -0.194250315
vn 0.340708643 0.937925339 -0.0645161271
vn -0.588427365 0.805841267 -0.0660420582
vn -0.625385284 0.776635051 -0.0755027905
vn 0.359630108 -0.931485951 -0.0544450209
vn 0.388500631 -0.921414852 -0.00283822138
vn 0.993560612 0.00961333048 -0.112826928
vn 0.999145508 -0.00253303628 -0.0405896194
vn 0.455244601 0.0312204361 -0.889797688
vn -0.0679342002 0.535508275 -0.841792047
vn -0.585650206 -0.463911861 -0.664632082
vn 0.0712302029 -0.559678972 -0.825617254
vn -0.603289902 0.43791008 -0.666493714
vn -0.764519155 -0.00906399731 -0.644489884
vn -0.206915498 -0.629688382 -0.74874109
vn -0.650990307 -0.57252723 -0.49836725
vn -0.200933874 0.678548515 0.706534028
vn -0.359050274 0.474257648 0.803827047
vn -0.689230025 0.0796227902 0.720114768
vn -0.222083196 -0.00701925717 0.974974811
vn -0.259407341 -0.669789732 0.695730448
vn -0.348612934 -0.405560464 0.844965994
vn -0.691885114 0.569689035 -0.443494976
vn -0.270210892 0.706228852 -0.65434736
vn -0.922299862 0.00189214759 -0.386394858
vn -0.999938965 0.00177007355 -0.00848414563
vn -0.909237981 -0.0347605832 -0.414746553
vn -0.420484036 0.904568613 -0.0701010153
vn -0.703543186 0.70625937 -0.0785241276
vn -0.24930571 0.9683218 -0.0139774773
vn -0.999694824 0.0233161412 0.0035401471
vn -0.703054905 -0.711111784 0.00338755455
vn -0.709738433 -0.703360081 0.039124731
vn -0.99987793 0.0141300699 0.00363170262
vn -0.25150305 0.967833519 0.000701925717
vn -0.734977245 0.678090751 -0.000610370189
vn -0.735557139 0.676717401 -0.0310983621
vn -0.245521411 0.968993187 -0.0275276955
vn -0.215308085 0.974913776 -0.0559099093
vn -0.192938015 0.975005329 0.109927669
vn -0.286507756 -0.938840926 0.190954313
vn -0.312356949 -0.660115361 0.683095813
vn -0.51622057 -0.856349349 0.0104068117
vn -0.242591634 -0.970061362 -0.00842310861
vn -0.255470455 -0.966277063 0.0315256193
vn -0.105319373 -0.786492527 0.608508587
vn -0.186925873 -0.917508483 -0.350962847
vn -0.283150733 -0.95437485 0.0944547877
vn -0.715994775 -0.693319499 0.0811792389
vn -0.264656514 0.63649404 0.724448383
vn -0.20789209 -0.00897244178 0.978087723
vn -0.997619569 0.0169682913 0.0667439774
vn -0.660939336 -0.750358582 -0.00668355357
vn -0.705099642 0.708243072 0.0343638435
vn -0.222296819 -0.971098959 -0.0868556798
vn -0.0743430927 0.713064969 0.697134316
vn -0.0746177584 -0.0155034028 0.997070193
vn -0.203405872 0.0189214759 -0.97888118
vn -0.108066045 0.946440041 -0.304147452
vn -0.708578765 0.37028107 -0.600634813
vn -0.558549762 0.292153686 -0.776299298
vn -0.576586187 0.161381885 -0.800897241
vn -0.845606863 0.137424842 -0.515793324
vn -0.874172211 -0.208624527 -0.438489944
vn -0.946104288 -0.275337994 -0.170415357
vn -0.953459263 0.0137943663 -0.30115664
vn -0.642048419 -0.687124252 -0.340006709
vn -0.701742589 -0.709585845 0.063203834
vn -0.561906815 -0.150547802 -0.81334877
vn -0.51118505 -0.520706832 -0.683736682
vn -0.271279037 -0.929197073 -0.250892669
vn -0.296029538 -0.943906963 0.146092102
vn -0.223151341 -0.60444957 -0.76470232
vn -0.279488504 -0.795281827 0.537919223
vn -0.55128634 -0.722922444 0.416425049
vn -0.253608823 -0.654591501 0.712149441
vn -0.721854329 0.129825741 -0.679708242
vn -0.710013151 0.695913553 0.107455671
vn -0.991943121 0.114963226 -0.05301065
vn -0.498184144 -0.302987754 -0.812372208
vn -0.840174556 -0.537217319 0.0739463493
vn 0.00521866512 0.844996512 0.534714818
vn 0.0549943559 0.834681213 0.547929347
vn -0.151310772 0.434308916 0.887936056
vn -0.270699173 0.224890903 0.936002672
vn -0.0445570238 0.256874293 0.965391994
vn 0.11114841 -0.894863725 -0.432203144
vn -0.269569993 -0.695944071 -0.665547669
vn -0.0587786511 -0.777672648 0.625873566
vn -0.0907925665 -0.610187054 0.787011325
vn -0.0837122723 -0.239234596 -0.967314661
vn 0.114230782 0.481063277 -0.869167149
vn -0.446882546 0.704794466 0.550920129
vn -0.231635481 -0.0301217698 0.972319722
vn 0.167302474 0.749351501 -0.64064455
vn -0.0953093022 -0.0114749596 -0.995361209
vn 0.131443217 -0.0431226529 -0.990356147
vn 0.045594655 -0.913876772 -0.403393656
vn 0.0912503451 -0.881313503 -0.463606685
vn -0.397289962 -0.229377121 -0.888546407
vn 0.0761131644 -0.170781583 -0.982360303
vn -0.102237009 -0.276314586 -0.955595553
vn -0.0578020588 0.581804872 -0.811242998
vn 0.0950956792 -0.593157768 0.799432337
vn 0.0624103509 -0.520828903 0.851344347
vn -0.201269567 -0.673177302 0.71153903
vn 0.278420359 -0.808526874 -0.518387377
vn 0.194280833 -0.150730923 -0.969267845
vn -0.335520506 -0.39982298 0.852961838
vn 0.135044411 -0.833552063 -0.535630345
vn 0.200598165 0.733420849 -0.649464428
vn -0.0983306393 0.851313829 0.51533556
vn -0.441450238 0.706289887 0.553392112
vn -0.196264535 -0.680410147 0.706045687
vn -0.200598165 -0.681112111 0.70412308
vn 0.250679046 -0.85280925 -0.458052307
vn 0.255348355 -0.852168322 -0.456678987
vn -0.313303024 -0.777581096 -0.545152128
vn -0.39429915 0.289376497 -0.872188509
vn 0.119785152 0.482314527 -0.867732763
vn -0.671163082 -0.642078936 0.370433658
vn -0.840449214 0.470625937 0.268501848
vn 0.265144825 -0.807458699 -0.526932597
vn 0.1060213 0.581865907 -0.806329548
vn 0.142307803 0.589526057 -0.795068204
vn -0.401776165 0.700918615 0.589281917
vn -0.208685562 -0.671681881 0.710806608
vn -0.680013418 -0.63737905 0.362285227
vn -0.299813837 -0.747856081 -0.592242181
vn -0.431653798 0.695059061 0.57490766
vn -0.850154102 0.45161289 0.270638138
vn -0.436323136 0.359508038 -0.824823737
vn 0.154118478 -0.833002687 -0.531327248
vn 0.140934482 0.559648454 -0.81661427
vn 0.201818898 0.572038949 -0.794976652
vn -0.176610619 0.905026376 0.386913657
vn -0.350077808 -0.379070401 0.856563032
vn -0.816553235 -0.354380935 0.455610842
vn -0.458326966 -0.669850767 -0.58409375
vn -0.245735034 0.902554393 0.353526413
vn -0.721274436 0.687917709 0.0806604177
vn -0.38688314 0.416272461 -0.822779
vn 0.108798489 -0.716757715 -0.688741744
vn 0.143040255 -0.705679476 -0.693899333
vn 0.165013582 0.71065402 -0.68388927
vn -0.295052946 -0.474166095 0.829493105
vn -0.345439017 0.609485149 -0.71355325
vn -0.669484556 0.728598893 0.144535661
vn -0.208258316 0.860621989 0.46467483
vn -0.376110107 -0.462782681 0.802697837
vn -0.46668905 -0.516434193 -0.71794796
vn -0.859218121 -0.350871295 0.37229529
vn 0.214392528 -0.905026376 0.367320776
vn 0.440198988 -0.578600407 0.686574936
vn 0.302377403 -0.573992133 -0.760948539
vn 0.161503956 -0.975951433 0.146275222
vn 0.0265511032 -0.622852266 -0.781853676
vn -0.589861751 0.593066216 -0.548020899
vn -0.4908292 0.563371658 -0.664571047
vn -0.389873952 0.695913553 0.603045762
vn 0.358012646 -0.78267771 0.509109795
vn -0.106784262 -0.945127726 0.30869472
vn -0.275734723 -0.448042244 -0.850398242
vn -0.19721061 0.453688174 0.869045079
vn -0.846919179 -0.214545116 0.486434519
vn -0.842860222 0.247291476 -0.477919847
vn 0.408948034 -0.907712042 -0.0938444138
vn 0.998260438 0.0038758507 -0.0585650206
vn -0.570299387 0.8197577 -0.0520035401
vn -0.99572742 0.00238044374 -0.0921964198
vn -0.570238352 -0.815698743 -0.0971709341
vn 0.4082461 0.911770999 -0.0446180627
vn -0.0745872408 0.698263526 0.711905241
vn -0.673085749 0.52275157 0.523117781
vn -0.712576687 -0.00943021942 0.701498449
vn -0.0958281234 -0.0176091809 0.995239139
vn -0.0976897478 0.92559588 -0.365581214
vn -0.669087827 0.69972837 -0.250312805
vn -0.664235353 -0.59401226 0.45374921
vn -0.0798364207 -0.782860816 0.61702323
vn -0.130741298 -0.0108951079 -0.991332769
vn -0.697683632 -0.0139164403 -0.716238916
vn -0.0865810141 -0.886349082 -0.454817355
vn -0.676625848 -0.663197756 -0.319803447
vn -0.0539262071 0.0316171758 0.998016298
vn -0.0665608719 0.0626545027 0.995788455
vn -0.0329599902 -0.775627911 0.630298793
vn -0.0656758323 -0.782311499 0.619373143
vn -0.057985168 0.922849178 -0.380748928
vn -0.134464547 0.9205603 -0.366679877
vn -0.118717 0.776940227 0.618213475
vn -0.0500503555 0.756370723 0.65221107
vn -0.0199591052 -0.853328049 -0.520950973
vn -0.0653706491 -0.86437577 -0.498519838
vn -0.0733054578 0.094607383 -0.992797613
vn -0.0634784997 0.0516678356 -0.996642947
vn -0.841151178 0.393566698 0.370799899
vn -0.787774265 0.00869777519 0.615863502
vn -0.882320642 0.434400469 -0.181035802
vn -0.868373692 -0.389507741 0.306863606
vn -0.854792953 0.0122989593 -0.518784165
vn -0.857692182 -0.449629188 -0.249275193
vn -0.185460985 0.870265841 -0.456282228
vn -0.162907809 0.786095738 0.596240103
vn -0.0671102032 -0.00344859157 -0.997711122
vn 0.0237128828 -0.875087738 -0.483321637
vn 0.00674459059 -0.751243651 0.659962773
vn -0.0737327188 0.0883816034 0.993346989
vn -0.174626917 0.754844785 -0.632190943
vn -0.158604696 0.842860222 0.51420635
vn -0.0832544938 -0.215521708 -0.972930074
vn -0.0211188085 -0.924893975 -0.379558712
vn -0.0205389578 -0.637592673 0.770073533
vn -0.0960417464 0.212683499 0.972380757

# Mesh 'Cube.001' with 664 faces
g Cube.001
usemtl Material
f  1/1/1 2/2/2 3/3/3 4/4/4
f  5/5/5 1/1/1 4/4/4 6/6/6
f  7/7/7 8/8/8 9/9/9 10/10/10
f  11/11/11 12/12/12 13/13/13 14/14/14
f  15/15/15 16/16/16 17/17/17 18/18/18
f  8/8/8 19/19/19 20/20/20 9/9/9
f  21/21/21 7/7/7 10/10/10 22/22/22
f  2/2/2 23/23/23 24/24/24 3/3/3
f  23/23/23 21/21/21 22/22/22 24/24/24
f  25/25/25 26/26/26 27/27/27 28/28/28
f  25/25/25 28/28/28 29/29/29 30/30/30
f  25/25/25 30/30/30 31/31/31 32/32/32
f  25/25/25 32/32/32 33/33/33 26/26/26
f  34/34/34 35/35/35 27/27/27 26/26/26
f  34/34/34 26/26/26 33/33/33 36/36/36
f  34/34/34 36/36/36 37/37/37 38/38/38
f  35/35/35 34/34/34 39/39/39
f  22/22/22 40/40/40 3/3/3 24/24/24
f  22/22/22 10/10/10 37/37/37 36/36/36
f  22/22/22 36/36/36 33/33/33 40/40/40
f  41/41/41 42/42/42 3/3/3 40/40/40
f  41/41/41 40/40/40 33/33/33 32/32/32
f  41/41/41 32/32/32 31/31/31 43/43/43
f  41/41/41 43/43/43 44/44/44 42/42/42
f  45/45/45 4/4/4 3/3/3 42/42/42
f  45/45/45 42/42/42 44/44/44 46/46/46
f  45/45/45 46/46/46 47/47/47 17/17/17
f  45/45/45 17/17/17 6/6/6 4/4/4
f  9/9/9 20/20/20 48/48/48 38/38/38
f  9/9/9 38/38/38 37/37/37 10/10/10
f  49/49/49 50/50/50 51/51/51 52/52/52
f  49/49/49 52/52/52 44/44/44 43/43/43
f  49/49/49 43/43/43 31/31/31 30/30/30
f  49/49/49 30/30/30 29/29/29 50/50/50
f  53/53/53 54/54/54 55/55/55 13/13/13
f  53/53/53 13/13/13 47/47/47 46/46/46
f  53/53/53 46/46/46 44/44/44 52/52/52
f  13/13/13 18/18/18 17/17/17 47/47/47
f  14/14/14 13/13/13 55/55/55
f  12/12/12 15/15/15 18/18/18 13/13/13
f  16/16/16 5/5/5 6/6/6 17/17/17
f  34/34/34 38/38/38 39/39/39
f  48/48/48 35/35/35 39/39/39
f  38/38/38 48/48/48 39/39/39
f  53/53/53 52/52/52 51/51/51 54/54/54
f  56/56/56 57/57/57 58/58/58 59/59/59
f  60/60/60 61/61/61 62/62/62 63/63/63
f  63/63/63 62/62/62 57/57/57 56/56/56
f  64/64/64 65/65/65 66/66/66 67/67/67
f  68/68/68 69/69/69 70/70/70 71/71/71
f  71/71/71 70/70/70 72/72/72 73/73/73
f  73/73/73 72/72/72 61/74/61 60/75/60
f  59/59/59 58/58/58 65/65/65 64/64/64
f  67/67/67 66/66/66 74/76/74 75/77/75
f  75/77/75 74/76/74 76/78/76 77/79/77
f  73/73/73 60/80/60 63/81/63 71/71/71
f  71/71/71 63/81/63 56/82/56 68/68/68
f  68/68/68 56/82/56 59/83/59 78/84/78
f  75/77/75 77/79/77 78/84/78 59/83/59
f  64/85/64 67/86/67 75/77/75 59/83/59
f  70/70/70 62/87/62 61/74/61 72/72/72
f  69/69/69 57/88/57 62/87/62 70/70/70
f  79/89/79 58/90/58 57/88/57 69/69/69
f  74/76/74 58/90/58 79/89/79 76/78/76
f  58/90/58 74/76/74 66/91/66 65/92/65
f  76/78/76 79/89/79 80/93/80 81/94/81
f  79/89/79 69/69/69 82/95/82 80/93/80
f  77/79/77 76/78/76 81/94/81 83/96/83
f  68/68/68 78/84/78 84/97/84 85/98/85
f  78/84/78 77/79/77 83/96/83 84/97/84
f  69/69/69 68/68/68 85/98/85 82/95/82
f  82/95/82 85/98/85 86/99/86 87/100/87
f  81/94/81 80/93/80 88/101/88 89/102/89
f  83/96/83 81/94/81 89/102/89 90/103/90
f  80/93/80 82/95/82 87/100/87 88/101/88
f  84/97/84 83/96/83 90/103/90 91/104/91
f  85/98/85 84/97/84 91/104/91 86/99/86
f  92/105/92 93/106/93 94/107/94 95/108/95
f  96/109/96 97/110/97 98/111/98 99/112/99
f  100/113/100 101/114/101 102/115/102 103/116/103
f  93/117/93 96/109/96 99/112/99 94/118/94
f  94/118/94 99/112/99 89/119/89 88/120/88
f  102/115/102 95/108/95 87/121/87 86/122/86
f  99/112/99 98/111/98 90/123/90 89/119/89
f  103/116/103 102/115/102 86/122/86 91/124/91
f  98/111/98 103/116/103 91/124/91 90/123/90
f  95/108/95 94/107/94 88/125/88 87/121/87
f  101/114/101 92/105/92 95/108/95 102/115/102
f  97/110/97 100/113/100 103/116/103 98/111/98
f  104/126/104 105/127/105 106/128/106 107/129/107
f  108/130/108 109/131/109 110/132/110 111/133/111
f  105/127/105 112/134/112 113/135/113 106/128/106
f  114/136/114 104/126/104 107/129/107 115/137/115
f  109/138/109 114/136/114 115/137/115 110/139/110
f  112/134/112 108/130/108 111/133/111 113/135/113
f  116/140/116 117/141/117 118/142/118 119/143/119
f  120/144/120 121/145/121 122/146/122 123/147/123
f  117/141/117 124/148/124 125/149/125 118/142/118
f  126/150/126 120/144/120 123/147/123 127/151/127
f  128/152/128 129/153/129 120/144/120 126/150/126
f  130/154/130 131/155/131 124/148/124 117/141/117
f  129/153/129 132/156/132 121/145/121 120/144/120
f  133/157/133 130/154/130 117/141/117 116/140/116
f  132/156/132 133/157/133 116/140/116 121/145/121
f  131/155/131 128/158/128 126/159/126 124/148/124
f  124/148/124 126/159/126 127/160/127 125/149/125
f  121/145/121 116/140/116 119/143/119 122/146/122
f  125/149/125 127/160/127 110/139/110 115/137/115
f  122/146/122 119/143/119 106/128/106 113/135/113
f  119/143/119 118/142/118 107/129/107 106/128/106
f  123/147/123 122/146/122 113/135/113 111/133/111
f  118/142/118 125/149/125 115/137/115 107/129/107
f  127/151/127 123/147/123 111/133/111 110/132/110
f  134/161/134 128/162/128 131/163/131 135/164/135
f  136/165/136 129/166/129 128/162/128 134/161/134
f  131/163/131 130/167/130 137/168/137 138/169/138
f  139/170/139 140/171/140 141/172/141 142/173/142
f  143/174/143 144/175/144 145/176/145 146/177/146
f  144/175/144 147/178/147 148/179/148 145/176/145
f  132/180/132 129/166/129 149/181/149 150/182/150
f  135/164/135 131/163/131 138/169/138 151/183/151
f  130/167/130 133/184/133 152/185/152 137/168/137
f  129/166/129 136/165/136 153/186/153 149/181/149
f  140/171/140 143/187/143 146/188/146 141/172/141
f  133/189/133 132/180/132 150/182/150 152/190/152
f  154/191/154 155/192/155 156/193/156 157/194/157
f  158/195/158 159/196/159 149/181/149 153/186/153
f  160/197/160 161/198/161 162/199/162 163/200/163
f  164/201/164 165/202/165 166/203/166 167/204/167
f  168/205/168 169/206/169 170/207/170 171/208/171
f  172/209/172 173/210/173 174/211/174 145/176/145
f  175/212/175 176/213/176 177/214/177 178/215/178
f  174/216/174 173/217/173 179/218/179 180/219/180
f  171/208/171 170/207/170 142/173/142 141/172/141
f  181/220/181 182/221/182 173/210/173 172/209/172
f  183/222/183 181/220/181 172/209/172 184/223/184
f  156/193/156 171/208/171 141/172/141 185/224/185
f  163/200/163 162/199/162 176/213/176 175/212/175
f  184/223/184 172/209/172 145/176/145 148/179/148
f  155/192/155 168/205/168 171/208/171 156/193/156
f  186/225/186 187/226/187 165/202/165 164/201/164
f  188/227/188 146/177/146 145/176/145 174/211/174
f  189/228/189 190/229/190 137/168/137 152/185/152
f  159/196/159 191/230/191 150/182/150 149/181/149
f  192/231/192 193/232/193 151/183/151 138/169/138
f  190/229/190 192/231/192 138/169/138 137/168/137
f  191/230/191 189/233/189 152/190/152 150/182/150
f  185/224/185 141/172/141 146/188/146 188/234/188
f  185/235/185 188/236/188 194/237/194 195/238/195
f  167/204/167 166/203/166 161/239/161 160/240/160
f  182/221/182 154/241/154 157/242/157 173/210/173
f  157/243/157 156/244/156 196/245/196 197/246/197
f  188/236/188 174/216/174 180/219/180 194/237/194
f  173/217/173 157/247/157 197/248/197 179/218/179
f  156/244/156 185/235/185 195/238/195 196/245/196
f  191/230/191 167/204/167 160/240/160 189/233/189
f  158/195/158 186/225/186 164/201/164 159/196/159
f  190/229/190 163/200/163 175/212/175 192/231/192
f  192/231/192 175/212/175 178/215/178 193/232/193
f  159/196/159 164/201/164 167/204/167 191/230/191
f  189/228/189 160/197/160 163/200/163 190/229/190
f  162/199/162 161/198/161 154/241/154 182/221/182
f  166/203/166 165/202/165 168/205/168 155/192/155
f  177/214/177 176/213/176 181/220/181 183/222/183
f  176/213/176 162/199/162 182/221/182 181/220/181
f  165/202/165 187/226/187 169/206/169 168/205/168
f  161/239/161 166/203/166 155/192/155 154/191/154
f  198/249/198 199/250/199 200/251/200 201/252/201
f  202/253/202 199/250/199 203/254/203 204/255/204
f  202/253/202 204/255/204 205/256/205 206/257/206
f  202/253/202 206/257/206 207/258/207 208/259/208
f  202/253/202 208/259/208 200/251/200 199/250/199
f  209/260/209 210/261/210 211/262/211 212/263/212
f  209/260/209 212/263/212 213/264/213 214/265/214
f  209/260/209 214/265/214 207/258/207 206/257/206
f  209/260/209 206/257/206 205/256/205 210/261/210
f  215/266/215 216/267/216 211/262/211 210/261/210
f  215/266/215 210/261/210 205/256/205 217/268/217
f  215/266/215 217/268/217 218/269/218
f  215/266/215 218/269/218 216/267/216
f  219/270/219 220/271/220 221/272/221 8/273/8
f  8/274/8 201/252/201 200/251/200 219/275/219
f  222/276/222 223/277/223 220/271/220 219/270/219
f  222/278/222 219/275/219 200/251/200 208/259/208
f  222/278/222 208/259/208 207/258/207 214/265/214
f  222/278/222 214/265/214 213/264/213 224/279/224
f  225/280/225 226/281/226 227/282/227 228/283/228 229/284/229
f  230/285/230 231/286/231 232/287/232 233/288/233
f  234/289/234 235/290/235 236/291/236 237/292/237
f  238/293/238 239/294/239 240/295/240
f  241/296/241 242/297/242 243/298/243 244/299/244 230/300/230 245/301/245
f  242/302/242 246/303/246 238/304/238 240/295/240 243/305/243
f  226/281/226 247/306/247 248/307/248 231/286/231 235/308/235 227/282/227
f  246/303/246 225/280/225 229/284/229 238/304/238
f  144/309/144 143/310/143 220/271/220 223/277/223
f  140/311/140 221/272/221 220/271/220 143/310/143
f  147/312/147 144/309/144 223/277/223 249/313/249
f  139/314/139 250/315/250 221/272/221 140/311/140
f  8/273/8 221/272/221 250/315/250 19/316/19
f  224/317/224 249/313/249 223/277/223 222/276/222
f  235/290/235 234/289/234 251/318/251 252/319/252
f  240/295/240 239/294/239 253/320/253 243/305/243
f  234/321/234 230/322/230 244/323/244
f  253/320/253 234/321/234 244/323/244 243/305/243
f  227/324/227 253/325/253 254/326/254 255/327/255
f  238/328/238 229/329/229 256/330/256 257/331/257
f  236/291/236 258/332/258 259/333/259 260/334/260
f  235/290/235 231/335/231 258/332/258 236/291/236
f  230/322/230 234/321/234 237/336/237 261/337/261
f  231/335/231 230/338/230 261/339/261 258/332/258
f  262/340/262 263/341/263 264/342/264 265/343/265
f  261/337/261 237/336/237 263/341/263 262/340/262
f  237/292/237 236/291/236 260/334/260 263/344/263
f  258/332/258 261/339/261 262/345/262 259/333/259
f  266/346/266 265/343/265 264/342/264 267/347/267
f  263/344/263 260/334/260 267/348/267 264/349/264
f  259/333/259 262/345/262 265/350/265 266/351/266
f  260/334/260 259/333/259 266/351/266 267/348/267
f  251/352/251 268/353/268 269/354/269 270/355/270
f  227/324/227 235/290/235 252/319/252 271/356/271
f  253/325/253 227/324/227 271/356/271 268/357/268
f  234/321/234 253/320/253 268/353/268 251/352/251
f  272/358/272 270/359/270 273/360/273 274/361/274
f  252/319/252 251/318/251 270/359/270 272/358/272
f  268/357/268 271/356/271 275/362/275 269/363/269
f  271/356/271 252/319/252 272/358/272 275/362/275
f  274/364/274 273/365/273 276/366/276 277/367/277
f  269/363/269 275/362/275 277/368/277 276/369/276
f  275/362/275 272/358/272 274/361/274 277/368/277
f  270/355/270 269/354/269 276/366/276 273/365/273
f  254/370/254 278/371/278 279/372/279 280/373/280
f  228/374/228 227/324/227 255/327/255 281/375/281
f  239/376/239 228/374/228 281/375/281 278/377/278
f  253/320/253 239/294/239 278/371/278 254/370/254
f  282/378/282 280/379/280 283/380/283 284/381/284
f  278/377/278 281/375/281 285/382/285 279/383/279
f  255/327/255 254/326/254 280/379/280 282/378/282
f  281/375/281 255/327/255 282/378/282 285/382/285
f  283/384/283 286/385/286 287/386/287 284/387/284
f  285/382/285 282/378/282 284/381/284 287/388/287
f  280/373/280 279/372/279 286/385/286 283/384/283
f  279/383/279 285/382/285 287/388/287 286/389/286
f  288/390/288 257/391/257 289/392/289 290/393/290
f  228/374/228 239/376/239 288/394/288 291/395/291
f  229/329/229 228/374/228 291/395/291 256/330/256
f  239/294/239 238/293/238 257/391/257 288/390/288
f  289/396/289 292/397/292 293/398/293 294/399/294
f  291/395/291 288/394/288 290/400/290 295/401/295
f  257/331/257 256/330/256 292/397/292 289/396/289
f  256/330/256 291/395/291 295/401/295 292/397/292
f  296/402/296 294/403/294 293/404/293 297/405/297
f  292/397/292 295/401/295 297/406/297 293/398/293
f  290/393/290 289/392/289 294/403/294 296/402/296
f  295/401/295 290/400/290 296/407/296 297/406/297
f  247/306/247 241/296/241 245/301/245 248/307/248
f  298/408/298 299/409/299 300/410/300 301/411/301
f  248/307/248 245/301/245 299/409/299 298/408/298
f  231/286/231 248/307/248 298/408/298 232/287/232
f  245/412/245 230/285/230 233/288/233 299/413/299
f  300/414/300 302/415/302 303/416/303 304/417/304
f  232/287/232 298/408/298 301/411/301 305/418/305
f  299/413/299 233/288/233 302/415/302 300/414/300
f  233/288/233 232/287/232 305/418/305 302/419/302
f  306/420/306 304/421/304 307/422/307 308/423/308
f  302/419/302 305/418/305 309/424/309 303/425/303
f  301/411/301 300/410/300 304/421/304 306/420/306
f  305/418/305 301/411/301 306/420/306 309/424/309
f  308/426/308 307/427/307 310/428/310 311/429/311
f  309/424/309 306/420/306 308/423/308 311/430/311
f  304/417/304 303/416/303 310/428/310 307/427/307
f  303/425/303 309/424/309 311/430/311 310/431/310
f  312/432/312 313/433/313 93/434/93 92/435/92
f  314/436/314 315/437/315 100/438/100 97/439/97
f  315/437/315 316/440/316 101/441/101 100/438/100
f  317/442/317 314/436/314 97/439/97 96/443/96
f  316/440/316 312/432/312 92/435/92 101/441/101
f  313/444/313 317/442/317 96/443/96 93/445/93
f  204/255/204 217/268/217 205/256/205
f  318/446/318 319/447/319 320/448/320 321/449/321
f  322/450/322 318/446/318 321/449/321 323/451/323
f  319/447/319 324/452/324 325/453/325 320/448/320
f  326/454/326 322/450/322 323/451/323 327/455/327
f  328/456/328 326/457/326 327/458/327 329/459/329
f  324/452/324 328/456/328 329/459/329 325/453/325
f  330/460/330 331/461/331 332/462/332 333/463/333
f  334/464/334 335/465/335 336/466/336 337/467/337
f  335/465/335 330/460/330 333/463/333 336/466/336
f  331/461/331 338/468/338 339/469/339 332/462/332
f  338/468/338 340/470/340 341/471/341 339/469/339
f  340/472/340 334/464/334 337/467/337 341/473/341
f  321/449/321 320/448/320 342/474/342 343/475/343
f  323/451/323 321/449/321 343/475/343 344/476/344
f  320/448/320 325/453/325 345/477/345 342/474/342
f  327/455/327 323/451/323 344/476/344 346/478/346
f  329/459/329 327/458/327 346/479/346 347/480/347
f  325/453/325 329/459/329 347/480/347 345/477/345
f  337/467/337 336/466/336 348/481/348 349/482/349
f  341/473/341 337/467/337 349/482/349 350/483/350
f  339/469/339 341/471/341 350/484/350 351/485/351
f  332/462/332 339/469/339 351/485/351 352/486/352
f  336/466/336 333/463/333 353/487/353 348/481/348
f  333/463/333 332/462/332 352/486/352 353/487/353
f  346/478/346 344/476/344 334/464/334 340/472/340
f  347/480/347 346/479/346 340/470/340 338/468/338
f  345/477/345 347/480/347 338/468/338 331/461/331
f  343/475/343 342/474/342 330/460/330 335/465/335
f  344/476/344 343/475/343 335/465/335 334/464/334
f  342/474/342 345/477/345 331/461/331 330/460/330
f  354/488/354 355/489/355 225/280/225 246/303/246
f  356/490/356 354/488/354 246/303/246 242/302/242
f  357/491/357 356/492/356 242/297/242 241/296/241
f  358/493/358 357/491/357 241/296/241 247/306/247
f  355/489/355 359/494/359 226/281/226 225/280/225
f  359/494/359 358/493/358 247/306/247 226/281/226
f  180/219/180 179/218/179 328/456/328 324/452/324
f  179/218/179 197/248/197 326/457/326 328/456/328
f  197/246/197 196/245/196 322/450/322 326/454/326
f  194/237/194 180/219/180 324/452/324 319/447/319
f  196/245/196 195/238/195 318/446/318 322/450/322
f  195/238/195 194/237/194 319/447/319 318/446/318
f  109/495/109 108/496/108 317/442/317 313/444/313
f  104/497/104 114/498/114 312/432/312 316/440/316
f  108/496/108 112/499/112 314/436/314 317/442/317
f  105/500/105 104/497/104 316/440/316 315/437/315
f  112/499/112 105/500/105 315/437/315 314/436/314
f  114/498/114 109/501/109 313/433/313 312/432/312
f  353/487/353 352/486/352 358/493/358 359/494/359
f  348/481/348 353/487/353 359/494/359 355/489/355
f  352/486/352 351/485/351 357/491/357 358/493/358
f  351/485/351 350/484/350 356/492/356 357/491/357
f  350/483/350 349/482/349 354/488/354 356/490/356
f  349/482/349 348/481/348 355/489/355 354/488/354
f  360/502/360 361/503/361 362/504/362 363/505/363
f  364/506/364 365/507/365 361/503/361 360/502/360
f  366/508/366 367/509/367 368/510/368 369/511/369
f  11/11/11 14/14/14 370/512/370 371/513/371
f  372/514/372 373/515/373 374/516/374 375/517/375
f  369/511/369 368/510/368 20/20/20 19/19/19
f  376/518/376 377/519/377 367/509/367 366/508/366
f  363/505/363 362/504/362 378/520/378 379/521/379
f  379/521/379 378/520/378 377/519/377 376/518/376
f  380/522/380 28/28/28 27/27/27 381/523/381
f  380/522/380 382/524/382 29/29/29 28/28/28
f  380/522/380 383/525/383 384/526/384 382/524/382
f  380/522/380 381/523/381 385/527/385 383/525/383
f  386/528/386 381/523/381 27/27/27 35/35/35
f  386/528/386 387/529/387 385/527/385 381/523/381
f  386/528/386 388/530/388 389/531/389 387/529/387
f  35/35/35 390/532/390 386/528/386
f  377/519/377 378/520/378 362/504/362 391/533/391
f  377/519/377 387/529/387 389/531/389 367/509/367
f  377/519/377 391/533/391 385/527/385 387/529/387
f  392/534/392 391/533/391 362/504/362 393/535/393
f  392/534/392 383/525/383 385/527/385 391/533/391
f  392/534/392 394/536/394 384/526/384 383/525/383
f  392/534/392 393/535/393 395/537/395 394/536/394
f  396/538/396 393/535/393 362/504/362 361/503/361
f  396/538/396 397/539/397 395/537/395 393/535/393
f  396/538/396 374/516/374 398/540/398 397/539/397
f  396/538/396 361/503/361 365/507/365 374/516/374
f  368/510/368 388/530/388 48/48/48 20/20/20
f  368/510/368 367/509/367 389/531/389 388/530/388
f  399/541/399 400/542/400 51/51/51 50/50/50
f  399/541/399 394/536/394 395/537/395 400/542/400
f  399/541/399 382/524/382 384/526/384 394/536/394
f  399/541/399 50/50/50 29/29/29 382/524/382
f  401/543/401 370/512/370 55/55/55 54/54/54
f  401/543/401 397/539/397 398/540/398 370/512/370
f  401/543/401 400/542/400 395/537/395 397/539/397
f  370/512/370 398/540/398 374/516/374 373/515/373
f  14/14/14 55/55/55 370/512/370
f  371/513/371 370/512/370 373/515/373 372/514/372
f  375/517/375 374/516/374 365/507/365 364/506/364
f  386/528/386 390/532/390 388/530/388
f  48/48/48 390/532/390 35/35/35
f  388/530/388 390/532/390 48/48/48
f  401/543/401 54/54/54 51/51/51 400/542/400
f  402/544/402 403/545/403 404/546/404 405/547/405
f  406/548/406 407/549/407 408/550/408 409/551/409
f  407/549/407 402/544/402 405/547/405 408/550/408
f  410/552/410 411/553/411 412/554/412 413/555/413
f  414/556/414 415/557/415 416/558/416 417/559/417
f  415/557/415 418/560/418 419/561/419 416/558/416
f  418/560/418 406/562/406 409/563/409 419/561/419
f  403/545/403 410/552/410 413/555/413 404/546/404
f  411/553/411 420/564/420 421/565/421 412/554/412
f  420/564/420 422/566/422 423/567/423 421/565/421
f  418/560/418 415/557/415 407/568/407 406/569/406
f  415/557/415 414/556/414 402/570/402 407/568/407
f  414/556/414 424/571/424 403/572/403 402/570/402
f  420/564/420 403/572/403 424/571/424 422/566/422
f  410/573/410 403/572/403 420/564/420 411/574/411
f  416/558/416 419/561/419 409/563/409 408/575/408
f  417/559/417 416/558/416 408/575/408 405/576/405
f  425/577/425 417/559/417 405/576/405 404/578/404
f  421/565/421 423/567/423 425/577/425 404/578/404
f  404/578/404 413/579/413 412/580/412 421/565/421
f  423/567/423 426/581/426 427/582/427 425/577/425
f  425/577/425 427/582/427 428/583/428 417/559/417
f  422/566/422 429/584/429 426/581/426 423/567/423
f  414/556/414 430/585/430 431/586/431 424/571/424
f  424/571/424 431/586/431 429/584/429 422/566/422
f  417/559/417 428/583/428 430/585/430 414/556/414
f  428/583/428 432/587/432 433/588/433 430/585/430
f  426/581/426 434/589/434 435/590/435 427/582/427
f  429/584/429 436/591/436 434/589/434 426/581/426
f  427/582/427 435/590/435 432/587/432 428/583/428
f  431/586/431 437/592/437 436/591/436 429/584/429
f  430/585/430 433/588/433 437/592/437 431/586/431
f  438/593/438 439/594/439 440/595/440 441/596/441
f  442/597/442 443/598/443 444/599/444 445/600/445
f  446/601/446 447/602/447 448/603/448 449/604/449
f  441/605/441 440/606/440 443/598/443 442/597/442
f  440/606/440 435/607/435 434/608/434 443/598/443
f  448/603/448 433/609/433 432/610/432 439/594/439
f  443/598/443 434/608/434 436/611/436 444/599/444
f  447/602/447 437/612/437 433/609/433 448/603/448
f  444/599/444 436/611/436 437/612/437 447/602/447
f  439/594/439 432/610/432 435/613/435 440/595/440
f  449/604/449 448/603/448 439/594/439 438/593/438
f  445/600/445 444/599/444 447/602/447 446/601/446
f  450/614/450 451/615/451 452/616/452 453/617/453
f  454/618/454 455/619/455 456/620/456 457/621/457
f  453/617/453 452/616/452 458/622/458 459/623/459
f  460/624/460 461/625/461 451/615/451 450/614/450
f  457/626/457 456/627/456 461/625/461 460/624/460
f  459/623/459 458/622/458 455/619/455 454/618/454
f  462/628/462 463/629/463 464/630/464 465/631/465
f  466/632/466 467/633/467 468/634/468 469/635/469
f  465/631/465 464/630/464 470/636/470 471/637/471
f  472/638/472 473/639/473 467/633/467 466/632/466
f  474/640/474 472/638/472 466/632/466 475/641/475
f  476/642/476 465/631/465 471/637/471 477/643/477
f  475/641/475 466/632/466 469/635/469 478/644/478
f  479/645/479 462/628/462 465/631/465 476/642/476
f  478/644/478 469/635/469 462/628/462 479/645/479
f  477/643/477 471/637/471 472/646/472 474/647/474
f  471/637/471 470/636/470 473/648/473 472/646/472
f  469/635/469 468/634/468 463/629/463 462/628/462
f  470/636/470 461/625/461 456/627/456 473/648/473
f  468/634/468 458/622/458 452/616/452 463/629/463
f  463/629/463 452/616/452 451/615/451 464/630/464
f  467/633/467 455/619/455 458/622/458 468/634/468
f  464/630/464 451/615/451 461/625/461 470/636/470
f  473/639/473 456/620/456 455/619/455 467/633/467
f  134/161/134 135/164/135 477/649/477 474/650/474
f  136/165/136 134/161/134 474/650/474 475/651/475
f  477/649/477 480/652/480 481/653/481 476/654/476
f  139/170/139 142/173/142 482/655/482 483/656/483
f  484/657/484 485/658/485 486/659/486 487/660/487
f  487/660/487 486/659/486 148/179/148 147/178/147
f  478/661/478 488/662/488 489/663/489 475/651/475
f  135/164/135 151/183/151 480/652/480 477/649/477
f  476/654/476 481/653/481 490/664/490 479/665/479
f  475/651/475 489/663/489 153/186/153 136/165/136
f  483/656/483 482/655/482 485/666/485 484/667/484
f  479/668/479 490/669/490 488/662/488 478/661/478
f  491/670/491 492/671/492 493/672/493 494/673/494
f  158/195/158 153/186/153 489/663/489 495/674/495
f  496/675/496 497/676/497 498/677/498 499/678/499
f  500/679/500 501/680/501 502/681/502 503/682/503
f  504/683/504 505/684/505 170/207/170 169/206/169
f  506/685/506 486/659/486 507/686/507 508/687/508
f  509/688/509 178/215/178 177/214/177 510/689/510
f  507/690/507 511/691/511 512/692/512 508/693/508
f  505/684/505 482/655/482 142/173/142 170/207/170
f  513/694/513 506/685/506 508/687/508 514/695/514
f  183/222/183 184/223/184 506/685/506 513/694/513
f  493/672/493 515/696/515 482/655/482 505/684/505
f  497/676/497 509/688/509 510/689/510 498/677/498
f  184/223/184 148/179/148 486/659/486 506/685/506
f  494/673/494 493/672/493 505/684/505 504/683/504
f  186/225/186 500/679/500 503/682/503 187/226/187
f  516/697/516 507/686/507 486/659/486 485/658/485
f  517/698/517 490/664/490 481/653/481 518/699/518
f  495/674/495 489/663/489 488/662/488 519/700/519
f  520/701/520 480/652/480 151/183/151 193/232/193
f  518/699/518 481/653/481 480/652/480 520/701/520
f  519/700/519 488/662/488 490/669/490 517/702/517
f  515/696/515 516/703/516 485/666/485 482/655/482
f  515/704/515 521/705/521 522/706/522 516/707/516
f  501/680/501 496/708/496 499/709/499 502/681/502
f  514/695/514 508/687/508 492/710/492 491/711/491
f  492/712/492 523/713/523 524/714/524 493/715/493
f  516/707/516 522/706/522 511/691/511 507/690/507
f  508/693/508 512/692/512 523/716/523 492/717/492
f  493/715/493 524/714/524 521/705/521 515/704/515
f  519/700/519 517/702/517 496/708/496 501/680/501
f  158/195/158 495/674/495 500/679/500 186/225/186
f  518/699/518 520/701/520 509/688/509 497/676/497
f  520/701/520 193/232/193 178/215/178 509/688/509
f  495/674/495 519/700/519 501/680/501 500/679/500
f  517/698/517 518/699/518 497/676/497 496/675/496
f  498/677/498 514/695/514 491/711/491 499/678/499
f  502/681/502 494/673/494 504/683/504 503/682/503
f  177/214/177 183/222/183 513/694/513 510/689/510
f  510/689/510 513/694/513 514/695/514 498/677/498
f  503/682/503 504/683/504 169/206/169 187/226/187
f  499/709/499 491/670/491 494/673/494 502/681/502
f  525/718/525 526/719/526 527/720/527 528/721/528
f  529/722/529 530/723/530 531/724/531 528/721/528
f  529/722/529 532/725/532 533/726/533 530/723/530
f  529/722/529 534/727/534 535/728/535 532/725/532
f  529/722/529 528/721/528 527/720/527 534/727/534
f  536/729/536 212/263/212 211/262/211 537/730/537
f  536/729/536 538/731/538 213/264/213 212/263/212
f  536/729/536 532/725/532 535/728/535 538/731/538
f  536/729/536 537/730/537 533/726/533 532/725/532
f  539/732/539 537/730/537 211/262/211 216/267/216
f  539/732/539 540/733/540 533/726/533 537/730/537
f  539/732/539 541/734/541 540/733/540
f  539/732/539 216/267/216 541/734/541
f  542/735/542 369/736/369 543/737/543 544/738/544
f  369/739/369 542/740/542 527/720/527 526/719/526
f  545/741/545 542/735/542 544/738/544 546/742/546
f  545/743/545 534/727/534 527/720/527 542/740/542
f  545/743/545 538/731/538 535/728/535 534/727/534
f  545/743/545 224/279/224 213/264/213 538/731/538
f  547/744/547 548/745/548 549/746/549 550/747/550 551/748/551
f  552/749/552 553/750/553 554/751/554 555/752/555
f  556/753/556 557/754/557 558/755/558 559/756/559
f  560/757/560 561/758/561 562/759/562
f  563/760/563 564/761/564 552/762/552 565/763/565 566/764/566 567/765/567
f  567/766/567 566/767/566 561/758/561 560/768/560 568/769/568
f  551/748/551 550/747/550 559/770/559 555/752/555 569/771/569 570/772/570
f  568/769/568 560/768/560 548/745/548 547/744/547
f  487/773/487 546/742/546 544/738/544 484/774/484
f  483/775/483 484/774/484 544/738/544 543/737/543
f  147/312/147 249/313/249 546/742/546 487/773/487
f  139/314/139 483/775/483 543/737/543 250/315/250
f  369/736/369 19/316/19 250/315/250 543/737/543
f  224/317/224 545/741/545 546/742/546 249/313/249
f  559/756/559 571/776/571 572/777/572 556/753/556
f  561/758/561 566/767/566 573/778/573 562/759/562
f  556/779/556 565/780/565 552/781/552
f  573/778/573 566/767/566 565/780/565 556/779/556
f  550/782/550 574/783/574 575/784/575 573/785/573
f  560/786/560 576/787/576 577/788/577 548/789/548
f  558/755/558 578/790/578 579/791/579 580/792/580
f  559/756/559 558/755/558 580/792/580 555/793/555
f  552/781/552 581/794/581 557/795/557 556/779/556
f  555/793/555 580/792/580 581/796/581 552/797/552
f  582/798/582 583/799/583 584/800/584 585/801/585
f  581/794/581 582/798/582 585/801/585 557/795/557
f  557/754/557 585/802/585 578/790/578 558/755/558
f  580/792/580 579/791/579 582/803/582 581/796/581
f  586/804/586 587/805/587 584/800/584 583/799/583
f  585/802/585 584/806/584 587/807/587 578/790/578
f  579/791/579 586/808/586 583/809/583 582/803/582
f  578/790/578 587/807/587 586/808/586 579/791/579
f  572/810/572 588/811/588 589/812/589 590/813/590
f  550/782/550 591/814/591 571/776/571 559/756/559
f  573/785/573 590/815/590 591/814/591 550/782/550
f  556/779/556 572/810/572 590/813/590 573/778/573
f  592/816/592 593/817/593 594/818/594 588/819/588
f  571/776/571 592/816/592 588/819/588 572/777/572
f  590/815/590 589/820/589 595/821/595 591/814/591
f  591/814/591 595/821/595 592/816/592 571/776/571
f  593/822/593 596/823/596 597/824/597 594/825/594
f  589/820/589 597/826/597 596/827/596 595/821/595
f  595/821/595 596/827/596 593/817/593 592/816/592
f  588/811/588 594/825/594 597/824/597 589/812/589
f  575/828/575 598/829/598 599/830/599 600/831/600
f  549/832/549 601/833/601 574/783/574 550/782/550
f  562/834/562 600/835/600 601/833/601 549/832/549
f  573/778/573 575/828/575 600/831/600 562/759/562
f  602/836/602 603/837/603 604/838/604 598/839/598
f  600/835/600 599/840/599 605/841/605 601/833/601
f  574/783/574 602/836/602 598/839/598 575/784/575
f  601/833/601 605/841/605 602/836/602 574/783/574
f  604/842/604 603/843/603 606/844/606 607/845/607
f  605/841/605 606/846/606 603/837/603 602/836/602
f  598/829/598 604/842/604 607/845/607 599/830/599
f  599/840/599 607/847/607 606/846/606 605/841/605
f  608/848/608 609/849/609 610/850/610 576/851/576
f  549/832/549 611/852/611 608/853/608 562/834/562
f  548/789/548 577/788/577 611/852/611 549/832/549
f  562/759/562 608/848/608 576/851/576 560/757/560
f  610/854/610 612/855/612 613/856/613 614/857/614
f  611/852/611 615/858/615 609/859/609 608/853/608
f  576/787/576 610/854/610 614/857/614 577/788/577
f  577/788/577 614/857/614 615/858/615 611/852/611
f  616/860/616 617/861/617 613/862/613 612/863/612
f  614/857/614 613/856/613 617/864/617 615/858/615
f  609/849/609 616/860/616 612/863/612 610/850/610
f  615/858/615 617/864/617 616/865/616 609/859/609
f  570/772/570 569/771/569 564/761/564 563/760/563
f  618/866/618 619/867/619 620/868/620 621/869/621
f  569/771/569 618/866/618 621/869/621 564/761/564
f  555/752/555 554/751/554 618/866/618 569/771/569
f  564/870/564 621/871/621 553/750/553 552/749/552
f  620/872/620 622/873/622 623/874/623 624/875/624
f  554/751/554 625/876/625 619/867/619 618/866/618
f  621/871/621 620/872/620 624/875/624 553/750/553
f  553/750/553 624/877/624 625/876/625 554/751/554
f  626/878/626 627/879/627 628/880/628 622/881/622
f  624/877/624 623/882/623 629/883/629 625/876/625
f  619/867/619 626/878/626 622/881/622 620/868/620
f  625/876/625 629/883/629 626/878/626 619/867/619
f  627/884/627 630/885/630 631/886/631 628/887/628
f  629/883/629 630/888/630 627/879/627 626/878/626
f  622/873/622 628/887/628 631/886/631 623/874/623
f  623/882/623 631/889/631 630/888/630 629/883/629
f  632/890/632 438/891/438 441/892/441 633/893/633
f  634/894/634 445/895/445 446/896/446 635/897/635
f  635/897/635 446/896/446 449/898/449 636/899/636
f  637/900/637 442/901/442 445/895/445 634/894/634
f  636/899/636 449/898/449 438/891/438 632/890/632
f  633/902/633 441/903/441 442/901/442 637/900/637
f  530/723/530 533/726/533 540/733/540
f  638/904/638 639/905/639 640/906/640 641/907/641
f  642/908/642 643/909/643 639/905/639 638/904/638
f  641/907/641 640/906/640 644/910/644 645/911/645
f  646/912/646 647/913/647 643/909/643 642/908/642
f  648/914/648 649/915/649 647/916/647 646/917/646
f  645/911/645 644/910/644 649/915/649 648/914/648
f  650/918/650 651/919/651 652/920/652 653/921/653
f  654/922/654 655/923/655 656/924/656 657/925/657
f  657/925/657 656/924/656 651/919/651 650/918/650
f  653/921/653 652/920/652 658/926/658 659/927/659
f  659/927/659 658/926/658 660/928/660 661/929/661
f  661/930/661 660/931/660 655/923/655 654/922/654
f  639/905/639 662/932/662 663/933/663 640/906/640
f  643/909/643 664/934/664 662/932/662 639/905/639
f  640/906/640 663/933/663 665/935/665 644/910/644
f  647/913/647 666/936/666 664/934/664 643/909/643
f  649/915/649 667/937/667 666/938/666 647/916/647
f  644/910/644 665/935/665 667/937/667 649/915/649
f  655/923/655 668/939/668 669/940/669 656/924/656
f  660/931/660 670/941/670 668/939/668 655/923/655
f  658/926/658 671/942/671 670/943/670 660/928/660
f  652/920/652 672/944/672 671/942/671 658/926/658
f  656/924/656 669/940/669 673/945/673 651/919/651
f  651/919/651 673/945/673 672/944/672 652/920/652
f  666/936/666 661/930/661 654/922/654 664/934/664
f  667/937/667 659/927/659 661/929/661 666/938/666
f  665/935/665 653/921/653 659/927/659 667/937/667
f  662/932/662 657/925/657 650/918/650 663/933/663
f  664/934/664 654/922/654 657/925/657 662/932/662
f  663/933/663 650/918/650 653/921/653 665/935/665
f  674/946/674 568/769/568 547/744/547 675/947/675
f  676/948/676 567/766/567 568/769/568 674/946/674
f  677/949/677 563/760/563 567/765/567 676/950/676
f  678/951/678 570/772/570 563/760/563 677/949/677
f  675/947/675 547/744/547 551/748/551 679/952/679
f  679/952/679 551/748/551 570/772/570 678/951/678
f  511/691/511 645/911/645 648/914/648 512/692/512
f  512/692/512 648/914/648 646/917/646 523/716/523
f  523/713/523 646/912/646 642/908/642 524/714/524
f  522/706/522 641/907/641 645/911/645 511/691/511
f  524/714/524 642/908/642 638/904/638 521/705/521
f  521/705/521 638/904/638 641/907/641 522/706/522
f  457/953/457 633/902/633 637/900/637 454/954/454
f  450/955/450 636/899/636 632/890/632 460/956/460
f  454/954/454 637/900/637 634/894/634 459/957/459
f  453/958/453 635/897/635 636/899/636 450/955/450
f  459/957/459 634/894/634 635/897/635 453/958/453
f  460/956/460 632/890/632 633/893/633 457/959/457
f  673/945/673 679/952/679 678/951/678 672/944/672
f  669/940/669 675/947/675 679/952/679 673/945/673
f  672/944/672 678/951/678 677/949/677 671/942/671
f  671/942/671 677/949/677 676/950/676 670/943/670
f  670/941/670 676/948/676 674/946/674 668/939/668
f  668/939/668 674/946/674 675/947/675 669/940/669

